/* Generated by tools/imggen.py from MaterialIcons-Regular.ttf, WeatherIcons-Regular.ttf. Do not edit; run tools/gen_icons.sh. */
/* Icon licence: assets/icons/LICENSE-MaterialIcons.txt; assets/icons/LICENSE-WeatherIcons.txt (it also covers these bitmaps). */
#include "gfx_icons.h"

static const uint8_t s_thermometer_16[] = {
    0x00, 0x00, 0x03, 0x80, 0x03, 0xC0, 0x02, 0xC0, 0x02, 0x40, 0x02, 0xC0, 0x02, 0x40, 0x02, 0x40,
    0x03, 0xC0, 0x07, 0xC0, 0x0F, 0xE0, 0x0F, 0xE0, 0x0F, 0xE0, 0x0F, 0xC0, 0x03, 0x80, 0x00, 0x00,
};
const gfx_bitmap_t gfx_icon_thermometer_16 = { s_thermometer_16, 16, 16, 1 };

static const uint8_t s_thermometer_24[] = {
    0x00, 0x00, 0x00, 0x00, 0x00, 0x00, 0x00, 0x3C, 0x00, 0x00, 0x7E, 0x00, 0x00, 0x66, 0x00, 0x00,
    0x6E, 0x00, 0x00, 0x66, 0x00, 0x00, 0x66, 0x00, 0x00, 0x6E, 0x00, 0x00, 0x66, 0x00, 0x00, 0x66,
    0x00, 0x00, 0x7E, 0x00, 0x00, 0x7E, 0x00, 0x00, 0xFF, 0x00, 0x00, 0xFF, 0x00, 0x01, 0xFF, 0x80,
    0x01, 0xFF, 0x80, 0x01, 0xFF, 0x80, 0x01, 0xFF, 0x80, 0x00, 0xFF, 0x00, 0x00, 0xFF, 0x00, 0x00,
    0x3C, 0x00, 0x00, 0x00, 0x00, 0x00, 0x00, 0x00,
};
const gfx_bitmap_t gfx_icon_thermometer_24 = { s_thermometer_24, 24, 24, 1 };

static const uint8_t s_thermometer_48[] = {
    0x00, 0x00, 0x00, 0x00, 0x00, 0x00, 0x00, 0x00, 0x00, 0x00, 0x00, 0x00, 0x00, 0x00, 0x00, 0x00,
    0x00, 0x00, 0x00, 0x00, 0x00, 0x00, 0x00, 0x00, 0x00, 0x00, 0x03, 0xC0, 0x00, 0x00, 0x00, 0x00,
    0x0F, 0xF0, 0x00, 0x00, 0x00, 0x00, 0x1F, 0xF8, 0x00, 0x00, 0x00, 0x00, 0x1F, 0xF8, 0x00, 0x00,
    0x00, 0x00, 0x3E, 0x7C, 0x00, 0x00, 0x00, 0x00, 0x3C, 0x3C, 0x00, 0x00, 0x00, 0x00, 0x3C, 0xFC,
    0x00, 0x00, 0x00, 0x00, 0x3C, 0xFC, 0x00, 0x00, 0x00, 0x00, 0x3C, 0x3C, 0x00, 0x00, 0x00, 0x00,
    0x3C, 0x3C, 0x00, 0x00, 0x00, 0x00, 0x3C, 0x3C, 0x00, 0x00, 0x00, 0x00, 0x3C, 0x3C, 0x00, 0x00,
    0x00, 0x00, 0x3C, 0xFC, 0x00, 0x00, 0x00, 0x00, 0x3C, 0xFC, 0x00, 0x00, 0x00, 0x00, 0x3C, 0x3C,
    0x00, 0x00, 0x00, 0x00, 0x3C, 0x3C, 0x00, 0x00, 0x00, 0x00, 0x3C, 0x3C, 0x00, 0x00, 0x00, 0x00,
    0x3C, 0x3C, 0x00, 0x00, 0x00, 0x00, 0x3F, 0xFC, 0x00, 0x00, 0x00, 0x00, 0x3F, 0xFC, 0x00, 0x00,
    0x00, 0x00, 0x3F, 0xFC, 0x00, 0x00, 0x00, 0x00, 0x3F, 0xFC, 0x00, 0x00, 0x00, 0x00, 0x7F, 0xFE,
    0x00, 0x00, 0x00, 0x00, 0xFF, 0xFF, 0x00, 0x00, 0x00, 0x00, 0xFF, 0xFF, 0x00, 0x00, 0x00, 0x01,
    0xFF, 0xFF, 0x80, 0x00, 0x00, 0x01, 0xFF, 0xFF, 0x80, 0x00, 0x00, 0x03, 0xFF, 0xFF, 0xC0, 0x00,
    0x00, 0x03, 0xFF, 0xFF, 0xC0, 0x00, 0x00, 0x03, 0xFF, 0xFF, 0xC0, 0x00, 0x00, 0x03, 0xFF, 0xFF,
    0xC0, 0x00, 0x00, 0x03, 0xFF, 0xFF, 0xC0, 0x00, 0x00, 0x03, 0xFF, 0xFF, 0xC0, 0x00, 0x00, 0x01,
    0xFF, 0xFF, 0x80, 0x00, 0x00, 0x01, 0xFF, 0xFF, 0x80, 0x00, 0x00, 0x00, 0xFF, 0xFF, 0x00, 0x00,
    0x00, 0x00, 0xFF, 0xFF, 0x00, 0x00, 0x00, 0x00, 0x7F, 0xFE, 0x00, 0x00, 0x00, 0x00, 0x1F, 0xF8,
    0x00, 0x00, 0x00, 0x00, 0x07, 0xE0, 0x00, 0x00, 0x00, 0x00, 0x00, 0x00, 0x00, 0x00, 0x00, 0x00,
    0x00, 0x00, 0x00, 0x00, 0x00, 0x00, 0x00, 0x00, 0x00, 0x00, 0x00, 0x00, 0x00, 0x00, 0x00, 0x00,
};
const gfx_bitmap_t gfx_icon_thermometer_48 = { s_thermometer_48, 48, 48, 1 };

static const uint8_t s_drop_16[] = {
    0x00, 0x00, 0x01, 0x00, 0x07, 0xC0, 0x0F, 0xC0, 0x0F, 0xE0, 0x1F, 0xF0, 0x3F, 0xF8, 0x3F, 0xF8,
    0x3F, 0xF8, 0x37, 0xF8, 0x3B, 0xF8, 0x1C, 0xF0, 0x0F, 0xE0, 0x07, 0xC0, 0x00, 0x00, 0x00, 0x00,
};
const gfx_bitmap_t gfx_icon_drop_16 = { s_drop_16, 16, 16, 1 };

static const uint8_t s_drop_24[] = {
    0x00, 0x00, 0x00, 0x00, 0x00, 0x00, 0x00, 0x18, 0x00, 0x00, 0x3C, 0x00, 0x00, 0x7E, 0x00, 0x00,
    0xFF, 0x00, 0x01, 0xFF, 0x80, 0x01, 0xFF, 0x80, 0x03, 0xFF, 0xC0, 0x07, 0xFF, 0xE0, 0x07, 0xFF,
    0xE0, 0x0F, 0xFF, 0xF0, 0x0F, 0xFF, 0xF0, 0x0F, 0xFF, 0xF0, 0x0E, 0xFF, 0xF0, 0x0E, 0x7F, 0xF0,
    0x0F, 0x7F, 0xF0, 0x07, 0x0F, 0xE0, 0x07, 0xC7, 0xE0, 0x03, 0xFF, 0xC0, 0x01, 0xFF, 0x80, 0x00,
    0x7E, 0x00, 0x00, 0x00, 0x00, 0x00, 0x00, 0x00,
};
const gfx_bitmap_t gfx_icon_drop_24 = { s_drop_24, 24, 24, 1 };

static const uint8_t s_drop_48[] = {
    0x00, 0x00, 0x00, 0x00, 0x00, 0x00, 0x00, 0x00, 0x00, 0x00, 0x00, 0x00, 0x00, 0x00, 0x00, 0x00,
    0x00, 0x00, 0x00, 0x00, 0x00, 0x00, 0x00, 0x00, 0x00, 0x00, 0x01, 0x80, 0x00, 0x00, 0x00, 0x00,
    0x03, 0xC0, 0x00, 0x00, 0x00, 0x00, 0x07, 0xE0, 0x00, 0x00, 0x00, 0x00, 0x0F, 0xF0, 0x00, 0x00,
    0x00, 0x00, 0x1F, 0xF8, 0x00, 0x00, 0x00, 0x00, 0x3F, 0xFC, 0x00, 0x00, 0x00, 0x00, 0x7F, 0xFE,
    0x00, 0x00, 0x00, 0x00, 0xFF, 0xFF, 0x00, 0x00, 0x00, 0x01, 0xFF, 0xFF, 0x80, 0x00, 0x00, 0x03,
    0xFF, 0xFF, 0xC0, 0x00, 0x00, 0x03, 0xFF, 0xFF, 0xC0, 0x00, 0x00, 0x07, 0xFF, 0xFF, 0xE0, 0x00,
    0x00, 0x0F, 0xFF, 0xFF, 0xF0, 0x00, 0x00, 0x1F, 0xFF, 0xFF, 0xF8, 0x00, 0x00, 0x1F, 0xFF, 0xFF,
    0xF8, 0x00, 0x00, 0x3F, 0xFF, 0xFF, 0xFC, 0x00, 0x00, 0x3F, 0xFF, 0xFF, 0xFC, 0x00, 0x00, 0x7F,
    0xFF, 0xFF, 0xFE, 0x00, 0x00, 0x7F, 0xFF, 0xFF, 0xFE, 0x00, 0x00, 0x7F, 0xFF, 0xFF, 0xFE, 0x00,
    0x00, 0xFF, 0xFF, 0xFF, 0xFF, 0x00, 0x00, 0xFF, 0xFF, 0xFF, 0xFF, 0x00, 0x00, 0xFF, 0xFF, 0xFF,
    0xFF, 0x00, 0x00, 0xFF, 0xFF, 0xFF, 0xFF, 0x00, 0x00, 0xFE, 0x7F, 0xFF, 0xFF, 0x00, 0x00, 0xFC,
    0x7F, 0xFF, 0xFF, 0x00, 0x00, 0xFC, 0x7F, 0xFF, 0xFF, 0x00, 0x00, 0xFE, 0x3F, 0xFF, 0xFF, 0x00,
    0x00, 0x7E, 0x3F, 0xFF, 0xFE, 0x00, 0x00, 0x7F, 0x1F, 0xFF, 0xFE, 0x00, 0x00, 0x7F, 0x07, 0xFF,
    0xFE, 0x00, 0x00, 0x3F, 0x80, 0x3F, 0xFC, 0x00, 0x00, 0x3F, 0xE0, 0x3F, 0xFC, 0x00, 0x00, 0x1F,
    0xF8, 0x3F, 0xF8, 0x00, 0x00, 0x0F, 0xFF, 0xFF, 0xF0, 0x00, 0x00, 0x07, 0xFF, 0xFF, 0xE0, 0x00,
    0x00, 0x03, 0xFF, 0xFF, 0xC0, 0x00, 0x00, 0x01, 0xFF, 0xFF, 0x80, 0x00, 0x00, 0x00, 0x7F, 0xFE,
    0x00, 0x00, 0x00, 0x00, 0x0F, 0xF0, 0x00, 0x00, 0x00, 0x00, 0x00, 0x00, 0x00, 0x00, 0x00, 0x00,
    0x00, 0x00, 0x00, 0x00, 0x00, 0x00, 0x00, 0x00, 0x00, 0x00, 0x00, 0x00, 0x00, 0x00, 0x00, 0x00,
};
const gfx_bitmap_t gfx_icon_drop_48 = { s_drop_48, 48, 48, 1 };

static const uint8_t s_dew_16[] = {
    0x00, 0x00, 0x0E, 0x00, 0x0B, 0x00, 0x09, 0x18, 0x0B, 0x18, 0x09, 0x00, 0x0B, 0x40, 0x09, 0x40,
    0x0F, 0x18, 0x1F, 0x18, 0x3F, 0x80, 0x3F, 0x80, 0x3F, 0x80, 0x1F, 0x00, 0x0E, 0x00, 0x00, 0x00,
};
const gfx_bitmap_t gfx_icon_dew_16 = { s_dew_16, 16, 16, 1 };

static const uint8_t s_dew_24[] = {
    0x00, 0x00, 0x00, 0x00, 0x00, 0x00, 0x01, 0xE0, 0x00, 0x03, 0xF0, 0x00, 0x03, 0x30, 0x10, 0x03,
    0x30, 0x38, 0x03, 0x70, 0x38, 0x03, 0x31, 0x38, 0x03, 0x33, 0x80, 0x03, 0x73, 0x80, 0x03, 0x33,
    0x90, 0x03, 0xF0, 0x38, 0x03, 0xF0, 0x38, 0x07, 0xF8, 0x38, 0x07, 0xF8, 0x00, 0x0F, 0xFC, 0x00,
    0x0F, 0xFC, 0x00, 0x0F, 0xFC, 0x00, 0x0F, 0xFC, 0x00, 0x07, 0xF8, 0x00, 0x07, 0xF8, 0x00, 0x01,
    0xE0, 0x00, 0x00, 0x00, 0x00, 0x00, 0x00, 0x00,
};
const gfx_bitmap_t gfx_icon_dew_24 = { s_dew_24, 24, 24, 1 };

static const uint8_t s_dew_48[] = {
    0x00, 0x00, 0x00, 0x00, 0x00, 0x00, 0x00, 0x00, 0x00, 0x00, 0x00, 0x00, 0x00, 0x00, 0x00, 0x00,
    0x00, 0x00, 0x00, 0x00, 0x00, 0x00, 0x00, 0x00, 0x00, 0x01, 0xF0, 0x00, 0x00, 0x00, 0x00, 0x03,
    0xFC, 0x00, 0x00, 0x00, 0x00, 0x07, 0xFE, 0x00, 0x00, 0x00, 0x00, 0x0F, 0xFE, 0x00, 0x00, 0x00,
    0x00, 0x0F, 0x9F, 0x00, 0x02, 0x00, 0x00, 0x0F, 0x0F, 0x00, 0x03, 0x00, 0x00, 0x0F, 0x0F, 0x00,
    0x07, 0x80, 0x00, 0x0F, 0x0F, 0x00, 0x0F, 0xC0, 0x00, 0x0F, 0x3F, 0x00, 0x0F, 0xC0, 0x00, 0x0F,
    0x3F, 0x00, 0x0F, 0xC0, 0x00, 0x0F, 0x0F, 0x02, 0x0F, 0xC0, 0x00, 0x0F, 0x0F, 0x03, 0x07, 0x80,
    0x00, 0x0F, 0x0F, 0x07, 0x80, 0x00, 0x00, 0x0F, 0x0F, 0x0F, 0xC0, 0x00, 0x00, 0x0F, 0x3F, 0x0F,
    0xC0, 0x00, 0x00, 0x0F, 0x3F, 0x0F, 0xC0, 0x00, 0x00, 0x0F, 0x0F, 0x0F, 0xC2, 0x00, 0x00, 0x0F,
    0x0F, 0x07, 0x83, 0x00, 0x00, 0x0F, 0xFF, 0x00, 0x07, 0x80, 0x00, 0x0F, 0xFF, 0x00, 0x0F, 0xC0,
    0x00, 0x0F, 0xFF, 0x00, 0x0F, 0xC0, 0x00, 0x0F, 0xFF, 0x00, 0x0F, 0xC0, 0x00, 0x1F, 0xFF, 0x80,
    0x0F, 0xC0, 0x00, 0x3F, 0xFF, 0xC0, 0x07, 0x80, 0x00, 0x3F, 0xFF, 0xC0, 0x00, 0x00, 0x00, 0x7F,
    0xFF, 0xE0, 0x00, 0x00, 0x00, 0x7F, 0xFF, 0xE0, 0x00, 0x00, 0x00, 0xFF, 0xFF, 0xF0, 0x00, 0x00,
    0x00, 0xFF, 0xFF, 0xF0, 0x00, 0x00, 0x00, 0xFF, 0xFF, 0xF0, 0x00, 0x00, 0x00, 0xFF, 0xFF, 0xF0,
    0x00, 0x00, 0x00, 0xFF, 0xFF, 0xF0, 0x00, 0x00, 0x00, 0xFF, 0xFF, 0xF0, 0x00, 0x00, 0x00, 0x7F,
    0xFF, 0xE0, 0x00, 0x00, 0x00, 0x7F, 0xFF, 0xE0, 0x00, 0x00, 0x00, 0x3F, 0xFF, 0xC0, 0x00, 0x00,
    0x00, 0x3F, 0xFF, 0xC0, 0x00, 0x00, 0x00, 0x1F, 0xFF, 0x80, 0x00, 0x00, 0x00, 0x07, 0xFE, 0x00,
    0x00, 0x00, 0x00, 0x01, 0xF8, 0x00, 0x00, 0x00, 0x00, 0x00, 0x00, 0x00, 0x00, 0x00, 0x00, 0x00,
    0x00, 0x00, 0x00, 0x00, 0x00, 0x00, 0x00, 0x00, 0x00, 0x00, 0x00, 0x00, 0x00, 0x00, 0x00, 0x00,
};
const gfx_bitmap_t gfx_icon_dew_48 = { s_dew_48, 48, 48, 1 };

static const uint8_t s_bolt_16[] = {
    0x00, 0x00, 0x00, 0x00, 0x00, 0x80, 0x00, 0x80, 0x01, 0x80, 0x01, 0x80, 0x03, 0x80, 0x03, 0xE0,
    0x07, 0xC0, 0x01, 0xC0, 0x01, 0x80, 0x01, 0x80, 0x01, 0x00, 0x01, 0x00, 0x00, 0x00, 0x00, 0x00,
};
const gfx_bitmap_t gfx_icon_bolt_16 = { s_bolt_16, 16, 16, 1 };

static const uint8_t s_bolt_24[] = {
    0x00, 0x00, 0x00, 0x00, 0x00, 0x00, 0x00, 0x00, 0x00, 0x00, 0x04, 0x00, 0x00, 0x0C, 0x00, 0x00,
    0x0C, 0x00, 0x00, 0x1C, 0x00, 0x00, 0x38, 0x00, 0x00, 0x38, 0x00, 0x00, 0x78, 0x00, 0x00, 0x7F,
    0x80, 0x00, 0xFF, 0x00, 0x00, 0xFF, 0x00, 0x01, 0xFE, 0x00, 0x00, 0x1E, 0x00, 0x00, 0x1C, 0x00,
    0x00, 0x1C, 0x00, 0x00, 0x38, 0x00, 0x00, 0x30, 0x00, 0x00, 0x30, 0x00, 0x00, 0x20, 0x00, 0x00,
    0x00, 0x00, 0x00, 0x00, 0x00, 0x00, 0x00, 0x00,
};
const gfx_bitmap_t gfx_icon_bolt_24 = { s_bolt_24, 24, 24, 1 };

static const uint8_t s_stale_16[] = {
    0x00, 0x00, 0x00, 0x00, 0x00, 0x00, 0x04, 0x3C, 0x1C, 0x38, 0x11, 0x38, 0x21, 0x24, 0x21, 0x04,
    0x21, 0x04, 0x20, 0x04, 0x1D, 0x08, 0x1C, 0x38, 0x3C, 0x20, 0x00, 0x00, 0x00, 0x00, 0x00, 0x00,
};
const gfx_bitmap_t gfx_icon_stale_16 = { s_stale_16, 16, 16, 1 };

static const uint8_t s_stale_24[] = {
    0x00, 0x00, 0x00, 0x00, 0x00, 0x00, 0x00, 0x00, 0x00, 0x00, 0x00, 0x00, 0x00, 0x81, 0xF8, 0x03,
    0x81, 0xF0, 0x07, 0x81, 0xE0, 0x0E, 0x19, 0xF0, 0x0C, 0x19, 0xB0, 0x1C, 0x19, 0x38, 0x18, 0x18,
    0x18, 0x18, 0x18, 0x18, 0x18, 0x18, 0x18, 0x18, 0x00, 0x18, 0x1C, 0x80, 0x38, 0x0D, 0x98, 0x30,
    0x0F, 0x98, 0x70, 0x07, 0x81, 0xE0, 0x0F, 0x81, 0xC0, 0x1F, 0x81, 0x00, 0x00, 0x00, 0x00, 0x00,
    0x00, 0x00, 0x00, 0x00, 0x00, 0x00, 0x00, 0x00,
};
const gfx_bitmap_t gfx_icon_stale_24 = { s_stale_24, 24, 24, 1 };

static const uint8_t s_clock_16[] = {
    0x00, 0x00, 0x03, 0xE0, 0x0C, 0x18, 0x18, 0x0C, 0x10, 0x84, 0x20, 0x82, 0x20, 0x82, 0x20, 0x82,
    0x20, 0xC2, 0x20, 0x32, 0x10, 0x04, 0x18, 0x0C, 0x0C, 0x18, 0x03, 0xE0, 0x00, 0x00, 0x00, 0x00,
};
const gfx_bitmap_t gfx_icon_clock_16 = { s_clock_16, 16, 16, 1 };

static const uint8_t s_clock_24[] = {
    0x00, 0x00, 0x00, 0x00, 0x00, 0x00, 0x00, 0x7E, 0x00, 0x01, 0xFF, 0x80, 0x07, 0x81, 0xE0, 0x0E,
    0x00, 0x70, 0x0C, 0x00, 0x30, 0x18, 0x18, 0x18, 0x18, 0x18, 0x18, 0x30, 0x18, 0x0C, 0x30, 0x18,
    0x0C, 0x30, 0x18, 0x0C, 0x30, 0x18, 0x0C, 0x30, 0x0E, 0x0C, 0x30, 0x03, 0x8C, 0x18, 0x01, 0x98,
    0x18, 0x00, 0x18, 0x0C, 0x00, 0x30, 0x0E, 0x00, 0x70, 0x07, 0x81, 0xE0, 0x01, 0xFF, 0x80, 0x00,
    0x7E, 0x00, 0x00, 0x00, 0x00, 0x00, 0x00, 0x00,
};
const gfx_bitmap_t gfx_icon_clock_24 = { s_clock_24, 24, 24, 1 };

static const uint8_t s_clock_48[] = {
    0x00, 0x00, 0x00, 0x00, 0x00, 0x00, 0x00, 0x00, 0x00, 0x00, 0x00, 0x00, 0x00, 0x00, 0x00, 0x00,
    0x00, 0x00, 0x00, 0x00, 0x00, 0x00, 0x00, 0x00, 0x00, 0x00, 0x1F, 0xF8, 0x00, 0x00, 0x00, 0x00,
    0xFF, 0xFF, 0x00, 0x00, 0x00, 0x03, 0xFF, 0xFF, 0xC0, 0x00, 0x00, 0x07, 0xFF, 0xFF, 0xE0, 0x00,
    0x00, 0x1F, 0xF0, 0x0F, 0xF8, 0x00, 0x00, 0x3F, 0x80, 0x01, 0xFC, 0x00, 0x00, 0x7F, 0x00, 0x00,
    0xFE, 0x00, 0x00, 0xFC, 0x00, 0x00, 0x3F, 0x00, 0x00, 0xF8, 0x00, 0x00, 0x1F, 0x00, 0x01, 0xF0,
    0x00, 0x00, 0x0F, 0x80, 0x03, 0xE0, 0x03, 0x80, 0x07, 0xC0, 0x03, 0xC0, 0x03, 0x80, 0x07, 0xC0,
    0x07, 0xC0, 0x03, 0x80, 0x03, 0xE0, 0x07, 0x80, 0x03, 0x80, 0x01, 0xE0, 0x07, 0x80, 0x03, 0x80,
    0x01, 0xE0, 0x0F, 0x80, 0x03, 0x80, 0x01, 0xF0, 0x0F, 0x00, 0x03, 0x80, 0x00, 0xF0, 0x0F, 0x00,
    0x03, 0x80, 0x00, 0xF0, 0x0F, 0x00, 0x03, 0x80, 0x00, 0xF0, 0x0F, 0x00, 0x03, 0x80, 0x00, 0xF0,
    0x0F, 0x00, 0x03, 0x80, 0x00, 0xF0, 0x0F, 0x00, 0x03, 0xE0, 0x00, 0xF0, 0x0F, 0x00, 0x01, 0xF0,
    0x00, 0xF0, 0x0F, 0x00, 0x00, 0x7C, 0x00, 0xF0, 0x0F, 0x80, 0x00, 0x3F, 0x01, 0xF0, 0x07, 0x80,
    0x00, 0x0F, 0xC1, 0xE0, 0x07, 0x80, 0x00, 0x07, 0xC1, 0xE0, 0x07, 0xC0, 0x00, 0x01, 0x83, 0xE0,
    0x03, 0xC0, 0x00, 0x00, 0x03, 0xC0, 0x03, 0xE0, 0x00, 0x00, 0x07, 0xC0, 0x01, 0xF0, 0x00, 0x00,
    0x0F, 0x80, 0x00, 0xF8, 0x00, 0x00, 0x1F, 0x00, 0x00, 0xFC, 0x00, 0x00, 0x3F, 0x00, 0x00, 0x7E,
    0x00, 0x00, 0x7E, 0x00, 0x00, 0x3F, 0x80, 0x01, 0xFC, 0x00, 0x00, 0x1F, 0xF0, 0x0F, 0xF8, 0x00,
    0x00, 0x07, 0xFF, 0xFF, 0xE0, 0x00, 0x00, 0x03, 0xFF, 0xFF, 0xC0, 0x00, 0x00, 0x00, 0xFF, 0xFF,
    0x00, 0x00, 0x00, 0x00, 0x1F, 0xF8, 0x00, 0x00, 0x00, 0x00, 0x00, 0x00, 0x00, 0x00, 0x00, 0x00,
    0x00, 0x00, 0x00, 0x00, 0x00, 0x00, 0x00, 0x00, 0x00, 0x00, 0x00, 0x00, 0x00, 0x00, 0x00, 0x00,
};
const gfx_bitmap_t gfx_icon_clock_48 = { s_clock_48, 48, 48, 1 };

static const uint8_t s_calendar_16[] = {
    0x08, 0x08, 0x3F, 0xFE, 0x3F, 0xFE, 0x3F, 0xFE, 0x20, 0x02, 0x20, 0x02, 0x20, 0x02, 0x20, 0x02,
    0x20, 0x02, 0x20, 0x02, 0x20, 0x02, 0x20, 0x02, 0x20, 0x02, 0x3F, 0xFE, 0x00, 0x00, 0x00, 0x00,
};
const gfx_bitmap_t gfx_icon_calendar_16 = { s_calendar_16, 16, 16, 1 };

static const uint8_t s_calendar_24[] = {
    0x06, 0x00, 0x60, 0x06, 0x00, 0x60, 0x1F, 0xFF, 0xF8, 0x3F, 0xFF, 0xFC, 0x3F, 0xFF, 0xFC, 0x3F,
    0xFF, 0xFC, 0x3F, 0xFF, 0xFC, 0x30, 0x00, 0x0C, 0x30, 0x00, 0x0C, 0x30, 0x00, 0x0C, 0x30, 0x00,
    0x0C, 0x30, 0x00, 0x0C, 0x30, 0x00, 0x0C, 0x30, 0x00, 0x0C, 0x30, 0x00, 0x0C, 0x30, 0x00, 0x0C,
    0x30, 0x00, 0x0C, 0x30, 0x00, 0x0C, 0x30, 0x00, 0x0C, 0x30, 0x00, 0x0C, 0x3F, 0xFF, 0xFC, 0x1F,
    0xFF, 0xF8, 0x00, 0x00, 0x00, 0x00, 0x00, 0x00,
};
const gfx_bitmap_t gfx_icon_calendar_24 = { s_calendar_24, 24, 24, 1 };

static const uint8_t s_calendar_48[] = {
    0x00, 0x00, 0x00, 0x00, 0x00, 0x00, 0x00, 0x3C, 0x00, 0x00, 0x3C, 0x00, 0x00, 0x3C, 0x00, 0x00,
    0x3C, 0x00, 0x00, 0x3C, 0x00, 0x00, 0x3C, 0x00, 0x00, 0x3C, 0x00, 0x00, 0x3C, 0x00, 0x03, 0xFF,
    0xFF, 0xFF, 0xFF, 0xC0, 0x07, 0xFF, 0xFF, 0xFF, 0xFF, 0xE0, 0x0F, 0xFF, 0xFF, 0xFF, 0xFF, 0xF0,
    0x0F, 0xFF, 0xFF, 0xFF, 0xFF, 0xF0, 0x0F, 0xFF, 0xFF, 0xFF, 0xFF, 0xF0, 0x0F, 0xFF, 0xFF, 0xFF,
    0xFF, 0xF0, 0x0F, 0xFF, 0xFF, 0xFF, 0xFF, 0xF0, 0x0F, 0xFF, 0xFF, 0xFF, 0xFF, 0xF0, 0x0F, 0xFF,
    0xFF, 0xFF, 0xFF, 0xF0, 0x0F, 0xFF, 0xFF, 0xFF, 0xFF, 0xF0, 0x0F, 0x00, 0x00, 0x00, 0x00, 0xF0,
    0x0F, 0x00, 0x00, 0x00, 0x00, 0xF0, 0x0F, 0x00, 0x00, 0x00, 0x00, 0xF0, 0x0F, 0x00, 0x00, 0x00,
    0x00, 0xF0, 0x0F, 0x00, 0x00, 0x00, 0x00, 0xF0, 0x0F, 0x00, 0x00, 0x00, 0x00, 0xF0, 0x0F, 0x00,
    0x00, 0x00, 0x00, 0xF0, 0x0F, 0x00, 0x00, 0x00, 0x00, 0xF0, 0x0F, 0x00, 0x00, 0x00, 0x00, 0xF0,
    0x0F, 0x00, 0x00, 0x00, 0x00, 0xF0, 0x0F, 0x00, 0x00, 0x00, 0x00, 0xF0, 0x0F, 0x00, 0x00, 0x00,
    0x00, 0xF0, 0x0F, 0x00, 0x00, 0x00, 0x00, 0xF0, 0x0F, 0x00, 0x00, 0x00, 0x00, 0xF0, 0x0F, 0x00,
    0x00, 0x00, 0x00, 0xF0, 0x0F, 0x00, 0x00, 0x00, 0x00, 0xF0, 0x0F, 0x00, 0x00, 0x00, 0x00, 0xF0,
    0x0F, 0x00, 0x00, 0x00, 0x00, 0xF0, 0x0F, 0x00, 0x00, 0x00, 0x00, 0xF0, 0x0F, 0x00, 0x00, 0x00,
    0x00, 0xF0, 0x0F, 0x00, 0x00, 0x00, 0x00, 0xF0, 0x0F, 0x00, 0x00, 0x00, 0x00, 0xF0, 0x0F, 0x00,
    0x00, 0x00, 0x00, 0xF0, 0x0F, 0x00, 0x00, 0x00, 0x00, 0xF0, 0x0F, 0x00, 0x00, 0x00, 0x00, 0xF0,
    0x0F, 0x00, 0x00, 0x00, 0x00, 0xF0, 0x0F, 0xFF, 0xFF, 0xFF, 0xFF, 0xF0, 0x0F, 0xFF, 0xFF, 0xFF,
    0xFF, 0xF0, 0x07, 0xFF, 0xFF, 0xFF, 0xFF, 0xE0, 0x03, 0xFF, 0xFF, 0xFF, 0xFF, 0xC0, 0x00, 0x00,
    0x00, 0x00, 0x00, 0x00, 0x00, 0x00, 0x00, 0x00, 0x00, 0x00, 0x00, 0x00, 0x00, 0x00, 0x00, 0x00,
};
const gfx_bitmap_t gfx_icon_calendar_48 = { s_calendar_48, 48, 48, 1 };

static const uint8_t s_person_16[] = {
    0x00, 0x00, 0x00, 0x00, 0x00, 0x00, 0x03, 0x80, 0x07, 0xC0, 0x07, 0xC0, 0x07, 0xC0, 0x03, 0x80,
    0x00, 0x00, 0x07, 0xC0, 0x1F, 0xF0, 0x3F, 0xF8, 0x3F, 0xF8, 0x00, 0x00, 0x00, 0x00, 0x00, 0x00,
};
const gfx_bitmap_t gfx_icon_person_16 = { s_person_16, 16, 16, 1 };

static const uint8_t s_person_24[] = {
    0x00, 0x00, 0x00, 0x00, 0x00, 0x00, 0x00, 0x00, 0x00, 0x00, 0x00, 0x00, 0x00, 0x3C, 0x00, 0x00,
    0x7E, 0x00, 0x00, 0xFF, 0x00, 0x00, 0xFF, 0x00, 0x00, 0xFF, 0x00, 0x00, 0xFF, 0x00, 0x00, 0x7E,
    0x00, 0x00, 0x3C, 0x00, 0x00, 0x00, 0x00, 0x00, 0x00, 0x00, 0x00, 0x7F, 0x00, 0x03, 0xFF, 0xC0,
    0x07, 0xFF, 0xE0, 0x0F, 0xFF, 0xF0, 0x0F, 0xFF, 0xF0, 0x0F, 0xFF, 0xF0, 0x00, 0x00, 0x00, 0x00,
    0x00, 0x00, 0x00, 0x00, 0x00, 0x00, 0x00, 0x00,
};
const gfx_bitmap_t gfx_icon_person_24 = { s_person_24, 24, 24, 1 };

static const uint8_t s_person_48[] = {
    0x00, 0x00, 0x00, 0x00, 0x00, 0x00, 0x00, 0x00, 0x00, 0x00, 0x00, 0x00, 0x00, 0x00, 0x00, 0x00,
    0x00, 0x00, 0x00, 0x00, 0x00, 0x00, 0x00, 0x00, 0x00, 0x00, 0x00, 0x00, 0x00, 0x00, 0x00, 0x00,
    0x00, 0x00, 0x00, 0x00, 0x00, 0x00, 0x00, 0x00, 0x00, 0x00, 0x00, 0x00, 0x00, 0x00, 0x00, 0x00,
    0x00, 0x00, 0x07, 0xE0, 0x00, 0x00, 0x00, 0x00, 0x1F, 0xF8, 0x00, 0x00, 0x00, 0x00, 0x3F, 0xFC,
    0x00, 0x00, 0x00, 0x00, 0x7F, 0xFE, 0x00, 0x00, 0x00, 0x00, 0x7F, 0xFE, 0x00, 0x00, 0x00, 0x00,
    0xFF, 0xFF, 0x00, 0x00, 0x00, 0x00, 0xFF, 0xFF, 0x00, 0x00, 0x00, 0x00, 0xFF, 0xFF, 0x00, 0x00,
    0x00, 0x00, 0xFF, 0xFF, 0x00, 0x00, 0x00, 0x00, 0xFF, 0xFF, 0x00, 0x00, 0x00, 0x00, 0xFF, 0xFF,
    0x00, 0x00, 0x00, 0x00, 0x7F, 0xFE, 0x00, 0x00, 0x00, 0x00, 0x7F, 0xFE, 0x00, 0x00, 0x00, 0x00,
    0x3F, 0xFC, 0x00, 0x00, 0x00, 0x00, 0x1F, 0xF8, 0x00, 0x00, 0x00, 0x00, 0x07, 0xE0, 0x00, 0x00,
    0x00, 0x00, 0x00, 0x00, 0x00, 0x00, 0x00, 0x00, 0x00, 0x00, 0x00, 0x00, 0x00, 0x00, 0x00, 0x00,
    0x00, 0x00, 0x00, 0x00, 0x00, 0x00, 0x00, 0x00, 0x00, 0x00, 0x1F, 0xF8, 0x00, 0x00, 0x00, 0x01,
    0xFF, 0xFF, 0x80, 0x00, 0x00, 0x07, 0xFF, 0xFF, 0xE0, 0x00, 0x00, 0x1F, 0xFF, 0xFF, 0xF8, 0x00,
    0x00, 0x3F, 0xFF, 0xFF, 0xFC, 0x00, 0x00, 0x7F, 0xFF, 0xFF, 0xFE, 0x00, 0x00, 0xFF, 0xFF, 0xFF,
    0xFF, 0x00, 0x00, 0xFF, 0xFF, 0xFF, 0xFF, 0x00, 0x00, 0xFF, 0xFF, 0xFF, 0xFF, 0x00, 0x00, 0xFF,
    0xFF, 0xFF, 0xFF, 0x00, 0x00, 0xFF, 0xFF, 0xFF, 0xFF, 0x00, 0x00, 0xFF, 0xFF, 0xFF, 0xFF, 0x00,
    0x00, 0x00, 0x00, 0x00, 0x00, 0x00, 0x00, 0x00, 0x00, 0x00, 0x00, 0x00, 0x00, 0x00, 0x00, 0x00,
    0x00, 0x00, 0x00, 0x00, 0x00, 0x00, 0x00, 0x00, 0x00, 0x00, 0x00, 0x00, 0x00, 0x00, 0x00, 0x00,
    0x00, 0x00, 0x00, 0x00, 0x00, 0x00, 0x00, 0x00, 0x00, 0x00, 0x00, 0x00, 0x00, 0x00, 0x00, 0x00,
};
const gfx_bitmap_t gfx_icon_person_48 = { s_person_48, 48, 48, 1 };

static const uint8_t s_celebration_16[] = {
    0x00, 0x40, 0x01, 0x20, 0x01, 0x26, 0x03, 0x48, 0x08, 0x90, 0x0C, 0xA0, 0x0E, 0x5C, 0x1F, 0x36,
    0x1F, 0x80, 0x1F, 0xC0, 0x3F, 0x80, 0x3C, 0x00, 0x30, 0x00, 0x00, 0x00, 0x00, 0x00, 0x00, 0x00,
};
const gfx_bitmap_t gfx_icon_celebration_16 = { s_celebration_16, 16, 16, 1 };

static const uint8_t s_celebration_24[] = {
    0x00, 0x00, 0x00, 0x00, 0x00, 0x00, 0x00, 0x07, 0x00, 0x00, 0x03, 0x80, 0x00, 0x71, 0x80, 0x00,
    0x31, 0x9E, 0x00, 0x33, 0x32, 0x00, 0x27, 0x60, 0x03, 0x0E, 0xC0, 0x03, 0x89, 0x80, 0x03, 0xC3,
    0x00, 0x07, 0xE2, 0x78, 0x07, 0xF0, 0xCC, 0x0F, 0xF8, 0x84, 0x0F, 0xFC, 0x00, 0x0F, 0xFE, 0x00,
    0x1F, 0xFF, 0x00, 0x1F, 0xF8, 0x00, 0x1F, 0xC0, 0x00, 0x3E, 0x00, 0x00, 0x30, 0x00, 0x00, 0x00,
    0x00, 0x00, 0x00, 0x00, 0x00, 0x00, 0x00, 0x00,
};
const gfx_bitmap_t gfx_icon_celebration_24 = { s_celebration_24, 24, 24, 1 };

static const uint8_t s_celebration_48[] = {
    0x00, 0x00, 0x00, 0x00, 0x00, 0x00, 0x00, 0x00, 0x00, 0x00, 0x00, 0x00, 0x00, 0x00, 0x00, 0x04,
    0x00, 0x00, 0x00, 0x00, 0x00, 0x0E, 0x00, 0x00, 0x00, 0x00, 0x00, 0x0F, 0x00, 0x00, 0x00, 0x00,
    0x00, 0x07, 0x80, 0x00, 0x00, 0x00, 0x04, 0x03, 0x80, 0x00, 0x00, 0x00, 0x0E, 0x01, 0xC0, 0x00,
    0x00, 0x00, 0x0E, 0x01, 0xC0, 0x00, 0x00, 0x00, 0x07, 0x01, 0xC0, 0xF0, 0x00, 0x00, 0x07, 0x03,
    0xC3, 0xFC, 0x00, 0x00, 0x07, 0x07, 0x87, 0xFE, 0x00, 0x00, 0x0F, 0x0F, 0x8F, 0x8E, 0x00, 0x00,
    0x1E, 0x1F, 0x1F, 0x04, 0x00, 0x00, 0x0E, 0x3E, 0x3E, 0x00, 0x00, 0x02, 0x04, 0x7C, 0x7C, 0x00,
    0x00, 0x03, 0x00, 0xF8, 0xF8, 0x00, 0x00, 0x07, 0x81, 0xF1, 0xF0, 0x00, 0x00, 0x07, 0xC0, 0xE3,
    0xE0, 0x00, 0x00, 0x07, 0xE0, 0x47, 0xC0, 0x00, 0x00, 0x0F, 0xF0, 0x0F, 0x80, 0x00, 0x00, 0x0F,
    0xF8, 0x1F, 0x0F, 0x00, 0x00, 0x1F, 0xFC, 0x0E, 0x3F, 0xC0, 0x00, 0x1F, 0xFE, 0x04, 0x7F, 0xE0,
    0x00, 0x1F, 0xFF, 0x00, 0xF8, 0xF0, 0x00, 0x3F, 0xFF, 0x81, 0xF0, 0x78, 0x00, 0x3F, 0xFF, 0xC0,
    0xE0, 0x38, 0x00, 0x3F, 0xFF, 0xE0, 0x40, 0x10, 0x00, 0x7F, 0xFF, 0xF0, 0x00, 0x00, 0x00, 0x7F,
    0xFF, 0xF8, 0x00, 0x00, 0x00, 0x7F, 0xFF, 0xFC, 0x00, 0x00, 0x00, 0xFF, 0xFF, 0xFE, 0x00, 0x00,
    0x00, 0xFF, 0xFF, 0xFF, 0x00, 0x00, 0x00, 0xFF, 0xFF, 0xFE, 0x00, 0x00, 0x01, 0xFF, 0xFF, 0xF0,
    0x00, 0x00, 0x01, 0xFF, 0xFF, 0x80, 0x00, 0x00, 0x03, 0xFF, 0xFC, 0x00, 0x00, 0x00, 0x03, 0xFF,
    0xE0, 0x00, 0x00, 0x00, 0x03, 0xFF, 0x00, 0x00, 0x00, 0x00, 0x07, 0xFC, 0x00, 0x00, 0x00, 0x00,
    0x07, 0xE0, 0x00, 0x00, 0x00, 0x00, 0x07, 0x00, 0x00, 0x00, 0x00, 0x00, 0x08, 0x00, 0x00, 0x00,
    0x00, 0x00, 0x00, 0x00, 0x00, 0x00, 0x00, 0x00, 0x00, 0x00, 0x00, 0x00, 0x00, 0x00, 0x00, 0x00,
    0x00, 0x00, 0x00, 0x00, 0x00, 0x00, 0x00, 0x00, 0x00, 0x00, 0x00, 0x00, 0x00, 0x00, 0x00, 0x00,
};
const gfx_bitmap_t gfx_icon_celebration_48 = { s_celebration_48, 48, 48, 1 };

static const uint8_t s_cloud_16[] = {
    0x00, 0x00, 0x00, 0x00, 0x00, 0x00, 0x03, 0xC0, 0x0F, 0xF0, 0x0F, 0xF0, 0x7F, 0xF8, 0xFF, 0xFE,
    0xFF, 0xFF, 0xFF, 0xFF, 0xFF, 0xFF, 0x7F, 0xFE, 0x3F, 0xFC, 0x00, 0x00, 0x00, 0x00, 0x00, 0x00,
};
const gfx_bitmap_t gfx_icon_cloud_16 = { s_cloud_16, 16, 16, 1 };

static const uint8_t s_cloud_24[] = {
    0x00, 0x00, 0x00, 0x00, 0x00, 0x00, 0x00, 0x00, 0x00, 0x00, 0x00, 0x00, 0x00, 0x7E, 0x00, 0x00,
    0xFF, 0x00, 0x03, 0xFF, 0xC0, 0x03, 0xFF, 0xC0, 0x0F, 0xFF, 0xE0, 0x3F, 0xFF, 0xE0, 0x7F, 0xFF,
    0xF8, 0x7F, 0xFF, 0xFE, 0xFF, 0xFF, 0xFE, 0xFF, 0xFF, 0xFF, 0xFF, 0xFF, 0xFF, 0xFF, 0xFF, 0xFF,
    0xFF, 0xFF, 0xFF, 0x7F, 0xFF, 0xFE, 0x3F, 0xFF, 0xFE, 0x0F, 0xFF, 0xF8, 0x00, 0x00, 0x00, 0x00,
    0x00, 0x00, 0x00, 0x00, 0x00, 0x00, 0x00, 0x00,
};
const gfx_bitmap_t gfx_icon_cloud_24 = { s_cloud_24, 24, 24, 1 };

static const uint8_t s_cloud_48[] = {
    0x00, 0x00, 0x00, 0x00, 0x00, 0x00, 0x00, 0x00, 0x00, 0x00, 0x00, 0x00, 0x00, 0x00, 0x00, 0x00,
    0x00, 0x00, 0x00, 0x00, 0x00, 0x00, 0x00, 0x00, 0x00, 0x00, 0x00, 0x00, 0x00, 0x00, 0x00, 0x00,
    0x00, 0x00, 0x00, 0x00, 0x00, 0x00, 0x00, 0x00, 0x00, 0x00, 0x00, 0x00, 0x00, 0x00, 0x00, 0x00,
    0x00, 0x00, 0x0F, 0xF0, 0x00, 0x00, 0x00, 0x00, 0x3F, 0xFC, 0x00, 0x00, 0x00, 0x00, 0xFF, 0xFF,
    0x00, 0x00, 0x00, 0x03, 0xFF, 0xFF, 0x80, 0x00, 0x00, 0x07, 0xFF, 0xFF, 0xE0, 0x00, 0x00, 0x0F,
    0xFF, 0xFF, 0xE0, 0x00, 0x00, 0x0F, 0xFF, 0xFF, 0xF0, 0x00, 0x00, 0x1F, 0xFF, 0xFF, 0xF8, 0x00,
    0x00, 0x7F, 0xFF, 0xFF, 0xFC, 0x00, 0x03, 0xFF, 0xFF, 0xFF, 0xFC, 0x00, 0x07, 0xFF, 0xFF, 0xFF,
    0xFC, 0x00, 0x0F, 0xFF, 0xFF, 0xFF, 0xFE, 0x00, 0x1F, 0xFF, 0xFF, 0xFF, 0xFF, 0x80, 0x3F, 0xFF,
    0xFF, 0xFF, 0xFF, 0xE0, 0x7F, 0xFF, 0xFF, 0xFF, 0xFF, 0xF8, 0x7F, 0xFF, 0xFF, 0xFF, 0xFF, 0xFC,
    0x7F, 0xFF, 0xFF, 0xFF, 0xFF, 0xFC, 0xFF, 0xFF, 0xFF, 0xFF, 0xFF, 0xFE, 0xFF, 0xFF, 0xFF, 0xFF,
    0xFF, 0xFE, 0xFF, 0xFF, 0xFF, 0xFF, 0xFF, 0xFF, 0xFF, 0xFF, 0xFF, 0xFF, 0xFF, 0xFF, 0xFF, 0xFF,
    0xFF, 0xFF, 0xFF, 0xFF, 0xFF, 0xFF, 0xFF, 0xFF, 0xFF, 0xFF, 0xFF, 0xFF, 0xFF, 0xFF, 0xFF, 0xFF,
    0x7F, 0xFF, 0xFF, 0xFF, 0xFF, 0xFF, 0x7F, 0xFF, 0xFF, 0xFF, 0xFF, 0xFE, 0x3F, 0xFF, 0xFF, 0xFF,
    0xFF, 0xFE, 0x1F, 0xFF, 0xFF, 0xFF, 0xFF, 0xFC, 0x0F, 0xFF, 0xFF, 0xFF, 0xFF, 0xFC, 0x07, 0xFF,
    0xFF, 0xFF, 0xFF, 0xF8, 0x03, 0xFF, 0xFF, 0xFF, 0xFF, 0xE0, 0x00, 0xFF, 0xFF, 0xFF, 0xFF, 0x80,
    0x00, 0x00, 0x00, 0x00, 0x00, 0x00, 0x00, 0x00, 0x00, 0x00, 0x00, 0x00, 0x00, 0x00, 0x00, 0x00,
    0x00, 0x00, 0x00, 0x00, 0x00, 0x00, 0x00, 0x00, 0x00, 0x00, 0x00, 0x00, 0x00, 0x00, 0x00, 0x00,
    0x00, 0x00, 0x00, 0x00, 0x00, 0x00, 0x00, 0x00, 0x00, 0x00, 0x00, 0x00, 0x00, 0x00, 0x00, 0x00,
};
const gfx_bitmap_t gfx_icon_cloud_48 = { s_cloud_48, 48, 48, 1 };

static const uint8_t s_web_16[] = {
    0x00, 0x00, 0x03, 0xE0, 0x0F, 0x78, 0x19, 0x4C, 0x12, 0x64, 0x3F, 0xFE, 0x22, 0x22, 0x22, 0x22,
    0x22, 0x22, 0x3F, 0xFE, 0x12, 0x64, 0x19, 0x5C, 0x0F, 0x78, 0x03, 0xE0, 0x00, 0x00, 0x00, 0x00,
};
const gfx_bitmap_t gfx_icon_web_16 = { s_web_16, 16, 16, 1 };

static const uint8_t s_sync_16[] = {
    0x00, 0x00, 0x01, 0x00, 0x03, 0x00, 0x07, 0xC0, 0x03, 0x30, 0x11, 0x10, 0x10, 0x08, 0x10, 0x08,
    0x10, 0x08, 0x10, 0x08, 0x08, 0x88, 0x0C, 0xC0, 0x03, 0xE0, 0x00, 0xC0, 0x00, 0x80, 0x00, 0x00,
};
const gfx_bitmap_t gfx_icon_sync_16 = { s_sync_16, 16, 16, 1 };

static const uint8_t s_sync_failed_16[] = {
    0x00, 0x00, 0x00, 0x00, 0x00, 0x00, 0x27, 0xC0, 0x30, 0x30, 0x18, 0x10, 0x3C, 0x08, 0x42, 0x0E,
    0x81, 0x83, 0x80, 0xC1, 0x80, 0x61, 0x40, 0x33, 0x3F, 0xF8, 0x00, 0x04, 0x00, 0x00, 0x00, 0x00,
};
const gfx_bitmap_t gfx_icon_sync_failed_16 = { s_sync_failed_16, 16, 16, 1 };

static const uint8_t s_wifi_16[] = {
    0x00, 0x00, 0x00, 0x00, 0x00, 0x00, 0x07, 0xE0, 0x1F, 0xF8, 0x78, 0x1E, 0x60, 0x06, 0x07, 0xE0,
    0x0F, 0xF0, 0x0C, 0x30, 0x00, 0x00, 0x03, 0xC0, 0x01, 0x80, 0x00, 0x00, 0x00, 0x00, 0x00, 0x00,
};
const gfx_bitmap_t gfx_icon_wifi_16 = { s_wifi_16, 16, 16, 1 };

static const uint8_t s_wifi_off_16[] = {
    0x00, 0x00, 0x20, 0x00, 0x30, 0x00, 0x1B, 0xE0, 0x1D, 0xF8, 0x7E, 0x1E, 0x63, 0x06, 0x07, 0xA0,
    0x1F, 0xD0, 0x08, 0x60, 0x00, 0x30, 0x03, 0xD8, 0x01, 0x8C, 0x00, 0x00, 0x00, 0x00, 0x00, 0x00,
};
const gfx_bitmap_t gfx_icon_wifi_off_16 = { s_wifi_off_16, 16, 16, 1 };

static const uint8_t s_air_16[] = {
    0x00, 0x00, 0x00, 0x00, 0x00, 0xE0, 0x00, 0x90, 0x00, 0x10, 0x7F, 0xF0, 0x00, 0x00, 0x7F, 0xF8,
    0x00, 0x04, 0x7F, 0x84, 0x00, 0x8C, 0x02, 0x88, 0x03, 0x80, 0x00, 0x00, 0x00, 0x00, 0x00, 0x00,
};
const gfx_bitmap_t gfx_icon_air_16 = { s_air_16, 16, 16, 1 };

static const uint8_t s_air_24[] = {
    0x00, 0x00, 0x00, 0x00, 0x00, 0x00, 0x00, 0x00, 0x00, 0x00, 0x07, 0x00, 0x00, 0x0F, 0x80, 0x00,
    0x0C, 0xC0, 0x00, 0x18, 0xC0, 0x00, 0x00, 0xC0, 0x3F, 0xFF, 0x80, 0x3F, 0xFF, 0x00, 0x00, 0x00,
    0x00, 0x3F, 0xFF, 0xE0, 0x3F, 0xFF, 0xF0, 0x00, 0x00, 0x18, 0x3F, 0xF0, 0x18, 0x3F, 0xF8, 0x18,
    0x00, 0x0C, 0x30, 0x00, 0xCC, 0x20, 0x00, 0xF8, 0x00, 0x00, 0x70, 0x00, 0x00, 0x00, 0x00, 0x00,
    0x00, 0x00, 0x00, 0x00, 0x00, 0x00, 0x00, 0x00,
};
const gfx_bitmap_t gfx_icon_air_24 = { s_air_24, 24, 24, 1 };

static const uint8_t s_air_48[] = {
    0x00, 0x00, 0x00, 0x00, 0x00, 0x00, 0x00, 0x00, 0x00, 0x00, 0x00, 0x00, 0x00, 0x00, 0x00, 0x00,
    0x00, 0x00, 0x00, 0x00, 0x00, 0x00, 0x00, 0x00, 0x00, 0x00, 0x00, 0x00, 0x00, 0x00, 0x00, 0x00,
    0x00, 0x00, 0x00, 0x00, 0x00, 0x00, 0x00, 0x0F, 0xC0, 0x00, 0x00, 0x00, 0x00, 0x1F, 0xE0, 0x00,
    0x00, 0x00, 0x00, 0x3F, 0xF0, 0x00, 0x00, 0x00, 0x00, 0x7F, 0xF8, 0x00, 0x00, 0x00, 0x00, 0xF8,
    0x7C, 0x00, 0x00, 0x00, 0x00, 0xF0, 0x3C, 0x00, 0x00, 0x00, 0x00, 0xF0, 0x3C, 0x00, 0x00, 0x00,
    0x00, 0x00, 0x3C, 0x00, 0x00, 0x00, 0x00, 0x00, 0x3C, 0x00, 0x00, 0x00, 0x00, 0x00, 0x7C, 0x00,
    0x0F, 0xFF, 0xFF, 0xFF, 0xF8, 0x00, 0x0F, 0xFF, 0xFF, 0xFF, 0xF0, 0x00, 0x0F, 0xFF, 0xFF, 0xFF,
    0xE0, 0x00, 0x0F, 0xFF, 0xFF, 0xFF, 0xC0, 0x00, 0x00, 0x00, 0x00, 0x00, 0x00, 0x00, 0x00, 0x00,
    0x00, 0x00, 0x00, 0x00, 0x0F, 0xFF, 0xFF, 0xFF, 0xFF, 0x00, 0x0F, 0xFF, 0xFF, 0xFF, 0xFF, 0x80,
    0x0F, 0xFF, 0xFF, 0xFF, 0xFF, 0xC0, 0x0F, 0xFF, 0xFF, 0xFF, 0xFF, 0xE0, 0x00, 0x00, 0x00, 0x00,
    0x01, 0xF0, 0x00, 0x00, 0x00, 0x00, 0x00, 0xF0, 0x0F, 0xFF, 0xFF, 0x80, 0x00, 0xF0, 0x0F, 0xFF,
    0xFF, 0xE0, 0x00, 0xF0, 0x0F, 0xFF, 0xFF, 0xF0, 0x00, 0xF0, 0x0F, 0xFF, 0xFF, 0xF0, 0x01, 0xF0,
    0x00, 0x00, 0x00, 0xF8, 0x07, 0xE0, 0x00, 0x00, 0x00, 0x78, 0x07, 0xC0, 0x00, 0x00, 0x78, 0x78,
    0x07, 0x80, 0x00, 0x00, 0x7C, 0xF8, 0x07, 0x00, 0x00, 0x00, 0x3F, 0xF0, 0x00, 0x00, 0x00, 0x00,
    0x3F, 0xF0, 0x00, 0x00, 0x00, 0x00, 0x1F, 0xE0, 0x00, 0x00, 0x00, 0x00, 0x07, 0x80, 0x00, 0x00,
    0x00, 0x00, 0x00, 0x00, 0x00, 0x00, 0x00, 0x00, 0x00, 0x00, 0x00, 0x00, 0x00, 0x00, 0x00, 0x00,
    0x00, 0x00, 0x00, 0x00, 0x00, 0x00, 0x00, 0x00, 0x00, 0x00, 0x00, 0x00, 0x00, 0x00, 0x00, 0x00,
    0x00, 0x00, 0x00, 0x00, 0x00, 0x00, 0x00, 0x00, 0x00, 0x00, 0x00, 0x00, 0x00, 0x00, 0x00, 0x00,
};
const gfx_bitmap_t gfx_icon_air_48 = { s_air_48, 48, 48, 1 };

static const uint8_t s_particles_16[] = {
    0x00, 0x00, 0x00, 0x00, 0x00, 0x00, 0x0B, 0x68, 0x00, 0x00, 0x0B, 0x68, 0x2B, 0x68, 0x00, 0x00,
    0x0B, 0x68, 0x2B, 0x68, 0x00, 0x00, 0x0B, 0x68, 0x00, 0x00, 0x02, 0x40, 0x00, 0x00, 0x00, 0x00,
};
const gfx_bitmap_t gfx_icon_particles_16 = { s_particles_16, 16, 16, 1 };

static const uint8_t s_particles_24[] = {
    0x00, 0x00, 0x00, 0x00, 0x00, 0x00, 0x00, 0x22, 0x00, 0x00, 0x00, 0x00, 0x00, 0x00, 0x00, 0x06,
    0x26, 0x60, 0x06, 0x26, 0x60, 0x00, 0x00, 0x00, 0x00, 0x76, 0x00, 0x16, 0x77, 0x64, 0x00, 0x76,
    0x00, 0x00, 0x00, 0x00, 0x00, 0x00, 0x00, 0x00, 0x76, 0x00, 0x16, 0x77, 0x64, 0x00, 0x76, 0x00,
    0x00, 0x00, 0x00, 0x06, 0x26, 0x60, 0x06, 0x26, 0x60, 0x00, 0x00, 0x00, 0x00, 0x22, 0x00, 0x00,
    0x00, 0x00, 0x00, 0x00, 0x00, 0x00, 0x00, 0x00,
};
const gfx_bitmap_t gfx_icon_particles_24 = { s_particles_24, 24, 24, 1 };

static const uint8_t s_particles_48[] = {
    0x00, 0x00, 0x00, 0x00, 0x00, 0x00, 0x00, 0x00, 0x00, 0x00, 0x00, 0x00, 0x00, 0x00, 0x00, 0x00,
    0x00, 0x00, 0x00, 0x00, 0x00, 0x00, 0x00, 0x00, 0x00, 0x00, 0x00, 0x00, 0x00, 0x00, 0x00, 0x00,
    0x18, 0x18, 0x00, 0x00, 0x00, 0x00, 0x18, 0x18, 0x00, 0x00, 0x00, 0x00, 0x00, 0x00, 0x00, 0x00,
    0x00, 0x00, 0x00, 0x00, 0x00, 0x00, 0x00, 0x00, 0x00, 0x00, 0x00, 0x00, 0x00, 0x18, 0x18, 0x18,
    0x18, 0x00, 0x00, 0x3C, 0x3C, 0x3C, 0x3C, 0x00, 0x00, 0x3C, 0x3C, 0x3C, 0x3C, 0x00, 0x00, 0x18,
    0x18, 0x18, 0x18, 0x00, 0x00, 0x00, 0x00, 0x00, 0x00, 0x00, 0x00, 0x00, 0x00, 0x00, 0x00, 0x00,
    0x00, 0x00, 0x00, 0x00, 0x00, 0x00, 0x00, 0x00, 0x3C, 0x3C, 0x00, 0x00, 0x00, 0x18, 0x7E, 0x7E,
    0x18, 0x00, 0x06, 0x3C, 0x7E, 0x7E, 0x3C, 0x60, 0x06, 0x3C, 0x7E, 0x7E, 0x3C, 0x60, 0x00, 0x18,
    0x7E, 0x7E, 0x18, 0x00, 0x00, 0x00, 0x3C, 0x3C, 0x00, 0x00, 0x00, 0x00, 0x00, 0x00, 0x00, 0x00,
    0x00, 0x00, 0x00, 0x00, 0x00, 0x00, 0x00, 0x00, 0x3C, 0x3C, 0x00, 0x00, 0x00, 0x18, 0x7E, 0x7E,
    0x18, 0x00, 0x06, 0x3C, 0x7E, 0x7E, 0x3C, 0x60, 0x06, 0x3C, 0x7E, 0x7E, 0x3C, 0x60, 0x00, 0x18,
    0x7E, 0x7E, 0x18, 0x00, 0x00, 0x00, 0x3C, 0x3C, 0x00, 0x00, 0x00, 0x00, 0x00, 0x00, 0x00, 0x00,
    0x00, 0x00, 0x00, 0x00, 0x00, 0x00, 0x00, 0x00, 0x00, 0x00, 0x00, 0x00, 0x00, 0x18, 0x18, 0x18,
    0x18, 0x00, 0x00, 0x3C, 0x3C, 0x3C, 0x3C, 0x00, 0x00, 0x3C, 0x3C, 0x3C, 0x3C, 0x00, 0x00, 0x18,
    0x18, 0x18, 0x18, 0x00, 0x00, 0x00, 0x00, 0x00, 0x00, 0x00, 0x00, 0x00, 0x00, 0x00, 0x00, 0x00,
    0x00, 0x00, 0x00, 0x00, 0x00, 0x00, 0x00, 0x00, 0x18, 0x18, 0x00, 0x00, 0x00, 0x00, 0x18, 0x18,
    0x00, 0x00, 0x00, 0x00, 0x00, 0x00, 0x00, 0x00, 0x00, 0x00, 0x00, 0x00, 0x00, 0x00, 0x00, 0x00,
    0x00, 0x00, 0x00, 0x00, 0x00, 0x00, 0x00, 0x00, 0x00, 0x00, 0x00, 0x00, 0x00, 0x00, 0x00, 0x00,
};
const gfx_bitmap_t gfx_icon_particles_48 = { s_particles_48, 48, 48, 1 };

static const uint8_t s_uv_16[] = {
    0x00, 0x00, 0x01, 0x00, 0x01, 0x00, 0x30, 0x18, 0x10, 0x10, 0x03, 0x80, 0x0F, 0xE0, 0xEF, 0xEE,
    0xEF, 0xEE, 0x0F, 0xE0, 0x03, 0x80, 0x10, 0x10, 0x30, 0x18, 0x01, 0x00, 0x01, 0x00, 0x00, 0x00,
};
const gfx_bitmap_t gfx_icon_uv_16 = { s_uv_16, 16, 16, 1 };

static const uint8_t s_uv_24[] = {
    0x00, 0x00, 0x00, 0x00, 0x18, 0x00, 0x00, 0x18, 0x00, 0x00, 0x18, 0x00, 0x04, 0x18, 0x20, 0x0E,
    0x00, 0x70, 0x06, 0x00, 0x60, 0x00, 0x3C, 0x00, 0x00, 0xFF, 0x00, 0x00, 0xFF, 0x00, 0x01, 0xFF,
    0x80, 0x79, 0xFF, 0x9E, 0x79, 0xFF, 0x9E, 0x01, 0xFF, 0x80, 0x00, 0xFF, 0x00, 0x00, 0xFF, 0x00,
    0x00, 0x3C, 0x00, 0x06, 0x00, 0x60, 0x0E, 0x00, 0x70, 0x04, 0x18, 0x20, 0x00, 0x18, 0x00, 0x00,
    0x18, 0x00, 0x00, 0x18, 0x00, 0x00, 0x00, 0x00,
};
const gfx_bitmap_t gfx_icon_uv_24 = { s_uv_24, 24, 24, 1 };

static const uint8_t s_uv_48[] = {
    0x00, 0x00, 0x00, 0x00, 0x00, 0x00, 0x00, 0x00, 0x00, 0x00, 0x00, 0x00, 0x00, 0x00, 0x01, 0x80,
    0x00, 0x00, 0x00, 0x00, 0x03, 0xC0, 0x00, 0x00, 0x00, 0x00, 0x03, 0xC0, 0x00, 0x00, 0x00, 0x00,
    0x03, 0xC0, 0x00, 0x00, 0x00, 0x00, 0x03, 0xC0, 0x00, 0x00, 0x00, 0x00, 0x03, 0xC0, 0x00, 0x00,
    0x00, 0x00, 0x03, 0xC0, 0x00, 0x00, 0x00, 0x70, 0x01, 0x80, 0x0E, 0x00, 0x00, 0x78, 0x00, 0x00,
    0x1E, 0x00, 0x00, 0x7C, 0x00, 0x00, 0x3E, 0x00, 0x00, 0x3E, 0x00, 0x00, 0x7C, 0x00, 0x00, 0x1E,
    0x00, 0x00, 0x78, 0x00, 0x00, 0x0C, 0x07, 0xE0, 0x30, 0x00, 0x00, 0x00, 0x1F, 0xF8, 0x00, 0x00,
    0x00, 0x00, 0x7F, 0xFE, 0x00, 0x00, 0x00, 0x00, 0xFF, 0xFF, 0x00, 0x00, 0x00, 0x00, 0xFF, 0xFF,
    0x00, 0x00, 0x00, 0x01, 0xFF, 0xFF, 0x80, 0x00, 0x00, 0x01, 0xFF, 0xFF, 0x80, 0x00, 0x00, 0x03,
    0xFF, 0xFF, 0xC0, 0x00, 0x1F, 0x83, 0xFF, 0xFF, 0xC1, 0xF8, 0x3F, 0xC3, 0xFF, 0xFF, 0xC3, 0xFC,
    0x3F, 0xC3, 0xFF, 0xFF, 0xC3, 0xFC, 0x1F, 0x83, 0xFF, 0xFF, 0xC1, 0xF8, 0x00, 0x03, 0xFF, 0xFF,
    0xC0, 0x00, 0x00, 0x01, 0xFF, 0xFF, 0x80, 0x00, 0x00, 0x01, 0xFF, 0xFF, 0x80, 0x00, 0x00, 0x00,
    0xFF, 0xFF, 0x00, 0x00, 0x00, 0x00, 0xFF, 0xFF, 0x00, 0x00, 0x00, 0x00, 0x7F, 0xFE, 0x00, 0x00,
    0x00, 0x00, 0x1F, 0xF8, 0x00, 0x00, 0x00, 0x0C, 0x07, 0xE0, 0x30, 0x00, 0x00, 0x1C, 0x00, 0x00,
    0x78, 0x00, 0x00, 0x3E, 0x00, 0x00, 0x7C, 0x00, 0x00, 0x7C, 0x00, 0x00, 0x3E, 0x00, 0x00, 0x78,
    0x00, 0x00, 0x1E, 0x00, 0x00, 0x70, 0x01, 0x80, 0x0E, 0x00, 0x00, 0x00, 0x03, 0xC0, 0x00, 0x00,
    0x00, 0x00, 0x03, 0xC0, 0x00, 0x00, 0x00, 0x00, 0x03, 0xC0, 0x00, 0x00, 0x00, 0x00, 0x03, 0xC0,
    0x00, 0x00, 0x00, 0x00, 0x03, 0xC0, 0x00, 0x00, 0x00, 0x00, 0x03, 0xC0, 0x00, 0x00, 0x00, 0x00,
    0x01, 0x80, 0x00, 0x00, 0x00, 0x00, 0x00, 0x00, 0x00, 0x00, 0x00, 0x00, 0x00, 0x00, 0x00, 0x00,
};
const gfx_bitmap_t gfx_icon_uv_48 = { s_uv_48, 48, 48, 1 };

static const uint8_t s_pollen_16[] = {
    0x00, 0x00, 0x01, 0xC0, 0x01, 0xC0, 0x0F, 0xF8, 0x0E, 0x38, 0x06, 0x30, 0x0E, 0x38, 0x0F, 0xF8,
    0x01, 0xC0, 0x3D, 0xDC, 0x3E, 0x3C, 0x1F, 0x78, 0x0F, 0xF8, 0x07, 0xF0, 0x01, 0xC0, 0x00, 0x00,
};
const gfx_bitmap_t gfx_icon_pollen_16 = { s_pollen_16, 16, 16, 1 };

static const uint8_t s_pollen_24[] = {
    0x00, 0x00, 0x00, 0x00, 0x1C, 0x00, 0x00, 0x3E, 0x00, 0x01, 0xFF, 0xC0, 0x03, 0xFF, 0xE0, 0x03,
    0xE3, 0xE0, 0x03, 0xC1, 0xE0, 0x01, 0xC1, 0xC0, 0x01, 0xC1, 0xC0, 0x03, 0xC1, 0xE0, 0x03, 0xE3,
    0xE0, 0x03, 0xFF, 0xE0, 0x01, 0xFF, 0xC0, 0x1C, 0x3E, 0x18, 0x1F, 0x1C, 0xF8, 0x1F, 0xC1, 0xF8,
    0x0F, 0xE3, 0xF0, 0x0F, 0xF7, 0xF0, 0x07, 0xF7, 0xE0, 0x03, 0xFF, 0xC0, 0x01, 0xFF, 0x80, 0x00,
    0x3E, 0x00, 0x00, 0x00, 0x00, 0x00, 0x00, 0x00,
};
const gfx_bitmap_t gfx_icon_pollen_24 = { s_pollen_24, 24, 24, 1 };

static const uint8_t s_pollen_48[] = {
    0x00, 0x00, 0x00, 0x00, 0x00, 0x00, 0x00, 0x00, 0x00, 0x00, 0x00, 0x00, 0x00, 0x00, 0x03, 0xC0,
    0x00, 0x00, 0x00, 0x00, 0x0F, 0xF0, 0x00, 0x00, 0x00, 0x00, 0x0F, 0xF0, 0x00, 0x00, 0x00, 0x00,
    0x1F, 0xF8, 0x00, 0x00, 0x00, 0x00, 0x1F, 0xF8, 0x00, 0x00, 0x00, 0x07, 0xFF, 0xFF, 0xE0, 0x00,
    0x00, 0x0F, 0xFF, 0xFF, 0xF0, 0x00, 0x00, 0x1F, 0xFF, 0xFF, 0xF8, 0x00, 0x00, 0x1F, 0xFF, 0xFF,
    0xF8, 0x00, 0x00, 0x1F, 0xFC, 0x3F, 0xF8, 0x00, 0x00, 0x1F, 0xF0, 0x0F, 0xF8, 0x00, 0x00, 0x1F,
    0xF0, 0x0F, 0xF8, 0x00, 0x00, 0x0F, 0xE0, 0x07, 0xF0, 0x00, 0x00, 0x07, 0xE0, 0x07, 0xE0, 0x00,
    0x00, 0x07, 0xE0, 0x07, 0xE0, 0x00, 0x00, 0x0F, 0xE0, 0x07, 0xF0, 0x00, 0x00, 0x1F, 0xF0, 0x0F,
    0xF8, 0x00, 0x00, 0x1F, 0xF0, 0x0F, 0xF8, 0x00, 0x00, 0x1F, 0xFC, 0x3F, 0xF8, 0x00, 0x00, 0x1F,
    0xFF, 0xFF, 0xF8, 0x00, 0x00, 0x1F, 0xFF, 0xFF, 0xF8, 0x00, 0x00, 0x0F, 0xFF, 0xFF, 0xF0, 0x00,
    0x00, 0x07, 0xFF, 0xFF, 0xE0, 0x00, 0x00, 0x00, 0x9F, 0xF9, 0x00, 0x00, 0x03, 0xE0, 0x1F, 0xF8,
    0x07, 0xC0, 0x03, 0xF8, 0x0F, 0xF0, 0x3F, 0xC0, 0x03, 0xFE, 0x0F, 0xF0, 0xFF, 0xC0, 0x03, 0xFF,
    0x83, 0xC1, 0xFF, 0xC0, 0x01, 0xFF, 0xC0, 0x07, 0xFF, 0x80, 0x01, 0xFF, 0xE0, 0x0F, 0xFF, 0x80,
    0x01, 0xFF, 0xF0, 0x1F, 0xFF, 0x80, 0x00, 0xFF, 0xF8, 0x1F, 0xFF, 0x00, 0x00, 0xFF, 0xF8, 0x3F,
    0xFF, 0x00, 0x00, 0x7F, 0xFC, 0x7F, 0xFE, 0x00, 0x00, 0x7F, 0xFC, 0x7F, 0xFC, 0x00, 0x00, 0x3F,
    0xFE, 0xFF, 0xFC, 0x00, 0x00, 0x1F, 0xFE, 0xFF, 0xF8, 0x00, 0x00, 0x0F, 0xFE, 0xFF, 0xE0, 0x00,
    0x00, 0x07, 0xFF, 0xFF, 0xC0, 0x00, 0x00, 0x01, 0xFF, 0xFF, 0x80, 0x00, 0x00, 0x00, 0x7F, 0xFE,
    0x00, 0x00, 0x00, 0x00, 0x0F, 0xE0, 0x00, 0x00, 0x00, 0x00, 0x00, 0x00, 0x00, 0x00, 0x00, 0x00,
    0x00, 0x00, 0x00, 0x00, 0x00, 0x00, 0x00, 0x00, 0x00, 0x00, 0x00, 0x00, 0x00, 0x00, 0x00, 0x00,
};
const gfx_bitmap_t gfx_icon_pollen_48 = { s_pollen_48, 48, 48, 1 };

static const uint8_t s_forecast_16[] = {
    0x01, 0x80, 0x01, 0x80, 0x10, 0x0C, 0x10, 0x08, 0x03, 0xC0, 0x07, 0xE0, 0x0F, 0xF0, 0x6F, 0xF3,
    0x6F, 0xF3, 0x0F, 0xF0, 0x07, 0xE0, 0x03, 0xC0, 0x10, 0x0C, 0x01, 0x80, 0x01, 0x80, 0x00, 0x00,
};
const gfx_bitmap_t gfx_icon_forecast_16 = { s_forecast_16, 16, 16, 1 };

static const uint8_t s_forecast_24[] = {
    0x00, 0x00, 0x00, 0x00, 0x18, 0x00, 0x00, 0x18, 0x00, 0x00, 0x18, 0x00, 0x0C, 0x00, 0x30, 0x04,
    0x3C, 0x20, 0x00, 0xFF, 0x00, 0x01, 0xFF, 0x80, 0x01, 0xFF, 0x80, 0x03, 0xFF, 0xC0, 0x73, 0xFF,
    0xCE, 0x73, 0xFF, 0xCE, 0x03, 0xFF, 0xC0, 0x03, 0xFF, 0x80, 0x01, 0xFF, 0x80, 0x00, 0xFF, 0x00,
    0x04, 0x3E, 0x20, 0x0E, 0x00, 0x70, 0x0C, 0x00, 0x30, 0x00, 0x18, 0x00, 0x00, 0x18, 0x00, 0x00,
    0x18, 0x00, 0x00, 0x00, 0x00, 0x00, 0x00, 0x00,
};
const gfx_bitmap_t gfx_icon_forecast_24 = { s_forecast_24, 24, 24, 1 };

static const uint8_t s_forecast_48[] = {
    0x00, 0x00, 0x00, 0x00, 0x00, 0x00, 0x00, 0x00, 0x03, 0xC0, 0x00, 0x00, 0x00, 0x00, 0x03, 0xC0,
    0x00, 0x00, 0x00, 0x00, 0x03, 0xC0, 0x00, 0x00, 0x00, 0x00, 0x03, 0xC0, 0x00, 0x00, 0x00, 0x00,
    0x03, 0xC0, 0x00, 0x00, 0x00, 0x40, 0x03, 0xC0, 0x02, 0x00, 0x00, 0x60, 0x00, 0x00, 0x06, 0x00,
    0x00, 0xF0, 0x00, 0x00, 0x0F, 0x00, 0x00, 0xF8, 0x00, 0x00, 0x1F, 0x00, 0x00, 0x78, 0x00, 0x00,
    0x1E, 0x00, 0x00, 0x30, 0x0F, 0xF0, 0x0C, 0x00, 0x00, 0x00, 0x3F, 0xFC, 0x00, 0x00, 0x00, 0x00,
    0x7F, 0xFE, 0x00, 0x00, 0x00, 0x00, 0xFF, 0xFF, 0x00, 0x00, 0x00, 0x01, 0xFF, 0xFF, 0x80, 0x00,
    0x00, 0x03, 0xFF, 0xFF, 0xC0, 0x00, 0x00, 0x07, 0xFF, 0xFF, 0xE0, 0x00, 0x00, 0x07, 0xFF, 0xFF,
    0xE0, 0x00, 0x00, 0x0F, 0xFF, 0xFF, 0xF0, 0x00, 0x00, 0x0F, 0xFF, 0xFF, 0xF0, 0x00, 0x3F, 0x0F,
    0xFF, 0xFF, 0xF0, 0xFC, 0x3F, 0x0F, 0xFF, 0xFF, 0xF0, 0xFC, 0x3F, 0x0F, 0xFF, 0xFF, 0xF0, 0xFC,
    0x3F, 0x0F, 0xFF, 0xFF, 0xF0, 0xFC, 0x00, 0x0F, 0xFF, 0xFF, 0xF0, 0x00, 0x00, 0x0F, 0xFF, 0xFF,
    0xE0, 0x00, 0x00, 0x07, 0xFF, 0xFF, 0xE0, 0x00, 0x00, 0x07, 0xFF, 0xFF, 0xE0, 0x00, 0x00, 0x03,
    0xFF, 0xFF, 0xC0, 0x00, 0x00, 0x01, 0xFF, 0xFF, 0x80, 0x00, 0x00, 0x00, 0xFF, 0xFF, 0x00, 0x00,
    0x00, 0x00, 0x7F, 0xFE, 0x00, 0x00, 0x00, 0x00, 0x3F, 0xFC, 0x00, 0x00, 0x00, 0x30, 0x0F, 0xE0,
    0x0C, 0x00, 0x00, 0x78, 0x00, 0x00, 0x1E, 0x00, 0x00, 0xF8, 0x00, 0x00, 0x1F, 0x00, 0x01, 0xF0,
    0x00, 0x00, 0x0F, 0x80, 0x00, 0xE0, 0x00, 0x00, 0x07, 0x00, 0x00, 0x40, 0x03, 0xC0, 0x02, 0x00,
    0x00, 0x00, 0x03, 0xC0, 0x00, 0x00, 0x00, 0x00, 0x03, 0xC0, 0x00, 0x00, 0x00, 0x00, 0x03, 0xC0,
    0x00, 0x00, 0x00, 0x00, 0x03, 0xC0, 0x00, 0x00, 0x00, 0x00, 0x03, 0xC0, 0x00, 0x00, 0x00, 0x00,
    0x00, 0x00, 0x00, 0x00, 0x00, 0x00, 0x00, 0x00, 0x00, 0x00, 0x00, 0x00, 0x00, 0x00, 0x00, 0x00,
};
const gfx_bitmap_t gfx_icon_forecast_48 = { s_forecast_48, 48, 48, 1 };

static const uint8_t s_solar_16[] = {
    0x00, 0x00, 0x00, 0x00, 0x37, 0xEC, 0x07, 0xE0, 0x0B, 0xD0, 0x18, 0x18, 0x01, 0x80, 0x01, 0x80,
    0x00, 0x00, 0x1E, 0x78, 0x3E, 0x7C, 0x00, 0x00, 0x3E, 0x7C, 0x7E, 0x7E, 0x00, 0x00, 0x00, 0x00,
};
const gfx_bitmap_t gfx_icon_solar_16 = { s_solar_16, 16, 16, 1 };

static const uint8_t s_solar_24[] = {
    0x00, 0x00, 0x00, 0x00, 0x00, 0x00, 0x1D, 0xFF, 0xB8, 0x1D, 0xFF, 0xB8, 0x00, 0xFF, 0x00, 0x00,
    0xFF, 0x00, 0x03, 0x3C, 0xC0, 0x07, 0x00, 0xE0, 0x06, 0x18, 0x60, 0x00, 0x18, 0x00, 0x00, 0x18,
    0x00, 0x00, 0x00, 0x00, 0x00, 0x00, 0x00, 0x0F, 0xE7, 0xF0, 0x0F, 0xE7, 0xF0, 0x1F, 0xE7, 0xF8,
    0x00, 0x00, 0x00, 0x00, 0x00, 0x00, 0x1F, 0xE7, 0xF8, 0x1F, 0xE7, 0xF8, 0x3F, 0xE7, 0xFC, 0x3F,
    0xE7, 0xFC, 0x00, 0x00, 0x00, 0x00, 0x00, 0x00,
};
const gfx_bitmap_t gfx_icon_solar_24 = { s_solar_24, 24, 24, 1 };

static const uint8_t s_solar_48[] = {
    0x00, 0x00, 0x00, 0x00, 0x00, 0x00, 0x00, 0x00, 0x00, 0x00, 0x00, 0x00, 0x00, 0x00, 0x00, 0x00,
    0x00, 0x00, 0x00, 0x00, 0x00, 0x00, 0x00, 0x00, 0x03, 0xF3, 0xFF, 0xFF, 0xCF, 0xC0, 0x03, 0xF3,
    0xFF, 0xFF, 0xCF, 0xC0, 0x03, 0xF3, 0xFF, 0xFF, 0xCF, 0xC0, 0x03, 0xF1, 0xFF, 0xFF, 0x8F, 0xC0,
    0x00, 0x01, 0xFF, 0xFF, 0x80, 0x00, 0x00, 0x00, 0xFF, 0xFF, 0x00, 0x00, 0x00, 0x00, 0xFF, 0xFF,
    0x00, 0x00, 0x00, 0x00, 0x7F, 0xFE, 0x00, 0x00, 0x00, 0x06, 0x1F, 0xF8, 0x60, 0x00, 0x00, 0x0F,
    0x07, 0xE0, 0xF0, 0x00, 0x00, 0x1F, 0x00, 0x00, 0xF8, 0x00, 0x00, 0x3E, 0x00, 0x00, 0x7C, 0x00,
    0x00, 0x3C, 0x03, 0xC0, 0x3C, 0x00, 0x00, 0x18, 0x03, 0xC0, 0x18, 0x00, 0x00, 0x00, 0x03, 0xC0,
    0x00, 0x00, 0x00, 0x00, 0x03, 0xC0, 0x00, 0x00, 0x00, 0x00, 0x03, 0xC0, 0x00, 0x00, 0x00, 0x00,
    0x03, 0xC0, 0x00, 0x00, 0x00, 0x00, 0x00, 0x00, 0x00, 0x00, 0x00, 0x00, 0x00, 0x00, 0x00, 0x00,
    0x00, 0x00, 0x00, 0x00, 0x00, 0x00, 0x00, 0x00, 0x00, 0x00, 0x00, 0x00, 0x00, 0xFF, 0xFC, 0x3F,
    0xFF, 0x00, 0x00, 0xFF, 0xFC, 0x3F, 0xFF, 0x00, 0x01, 0xFF, 0xFC, 0x3F, 0xFF, 0x80, 0x01, 0xFF,
    0xFC, 0x3F, 0xFF, 0x80, 0x01, 0xFF, 0xFC, 0x3F, 0xFF, 0x80, 0x01, 0xFF, 0xFC, 0x3F, 0xFF, 0x80,
    0x00, 0x00, 0x00, 0x00, 0x00, 0x00, 0x00, 0x00, 0x00, 0x00, 0x00, 0x00, 0x00, 0x00, 0x00, 0x00,
    0x00, 0x00, 0x00, 0x00, 0x00, 0x00, 0x00, 0x00, 0x03, 0xFF, 0xFC, 0x3F, 0xFF, 0xC0, 0x07, 0xFF,
    0xFC, 0x3F, 0xFF, 0xE0, 0x07, 0xFF, 0xFC, 0x3F, 0xFF, 0xE0, 0x07, 0xFF, 0xFC, 0x3F, 0xFF, 0xE0,
    0x07, 0xFF, 0xFC, 0x3F, 0xFF, 0xE0, 0x07, 0xFF, 0xFC, 0x3F, 0xFF, 0xE0, 0x0F, 0xFF, 0xFC, 0x3F,
    0xFF, 0xF0, 0x0F, 0xFF, 0xFC, 0x3F, 0xFF, 0xF0, 0x00, 0x00, 0x00, 0x00, 0x00, 0x00, 0x00, 0x00,
    0x00, 0x00, 0x00, 0x00, 0x00, 0x00, 0x00, 0x00, 0x00, 0x00, 0x00, 0x00, 0x00, 0x00, 0x00, 0x00,
};
const gfx_bitmap_t gfx_icon_solar_48 = { s_solar_48, 48, 48, 1 };

static const uint8_t s_house_16[] = {
    0x00, 0x00, 0x00, 0x00, 0x01, 0x00, 0x03, 0xB0, 0x07, 0xF0, 0x0F, 0xF0, 0x1C, 0x70, 0x3F, 0xF8,
    0x1F, 0xF0, 0x1C, 0x70, 0x1C, 0x70, 0x1C, 0x70, 0x1C, 0x70, 0x00, 0x00, 0x00, 0x00, 0x00, 0x00,
};
const gfx_bitmap_t gfx_icon_house_16 = { s_house_16, 16, 16, 1 };

static const uint8_t s_house_24[] = {
    0x00, 0x00, 0x00, 0x00, 0x00, 0x00, 0x00, 0x00, 0x00, 0x00, 0x18, 0x00, 0x00, 0x3C, 0xE0, 0x00,
    0x7E, 0xE0, 0x00, 0xFF, 0xE0, 0x01, 0xFF, 0xE0, 0x03, 0xE7, 0xE0, 0x07, 0xC3, 0xE0, 0x0F, 0xFF,
    0xF0, 0x1F, 0xFF, 0xF8, 0x07, 0xFF, 0xE0, 0x07, 0xFF, 0xE0, 0x07, 0xC3, 0xE0, 0x07, 0xC3, 0xE0,
    0x07, 0xC3, 0xE0, 0x07, 0xC3, 0xE0, 0x07, 0xC3, 0xE0, 0x07, 0xC3, 0xE0, 0x00, 0x00, 0x00, 0x00,
    0x00, 0x00, 0x00, 0x00, 0x00, 0x00, 0x00, 0x00,
};
const gfx_bitmap_t gfx_icon_house_24 = { s_house_24, 24, 24, 1 };

static const uint8_t s_house_48[] = {
    0x00, 0x00, 0x00, 0x00, 0x00, 0x00, 0x00, 0x00, 0x00, 0x00, 0x00, 0x00, 0x00, 0x00, 0x00, 0x00,
    0x00, 0x00, 0x00, 0x00, 0x00, 0x00, 0x00, 0x00, 0x00, 0x00, 0x00, 0x00, 0x00, 0x00, 0x00, 0x00,
    0x00, 0x00, 0x00, 0x00, 0x00, 0x00, 0x01, 0x80, 0x00, 0x00, 0x00, 0x00, 0x03, 0xC0, 0x00, 0x00,
    0x00, 0x00, 0x07, 0xE0, 0xFC, 0x00, 0x00, 0x00, 0x0F, 0xF0, 0xFC, 0x00, 0x00, 0x00, 0x1F, 0xF8,
    0xFC, 0x00, 0x00, 0x00, 0x3F, 0xFC, 0xFC, 0x00, 0x00, 0x00, 0x7F, 0xFE, 0xFC, 0x00, 0x00, 0x00,
    0xFF, 0xFF, 0xFC, 0x00, 0x00, 0x01, 0xFF, 0xFF, 0xFC, 0x00, 0x00, 0x07, 0xFF, 0xFF, 0xFC, 0x00,
    0x00, 0x0F, 0xFC, 0x3F, 0xFC, 0x00, 0x00, 0x1F, 0xF8, 0x1F, 0xFC, 0x00, 0x00, 0x3F, 0xF0, 0x0F,
    0xFC, 0x00, 0x00, 0x7F, 0xF0, 0x0F, 0xFE, 0x00, 0x00, 0xFF, 0xFF, 0xFF, 0xFF, 0x00, 0x01, 0xFF,
    0xFF, 0xFF, 0xFF, 0x80, 0x03, 0xFF, 0xFF, 0xFF, 0xFF, 0xC0, 0x07, 0xFF, 0xFF, 0xFF, 0xFF, 0xE0,
    0x00, 0x3F, 0xFF, 0xFF, 0xFC, 0x00, 0x00, 0x3F, 0xFF, 0xFF, 0xFC, 0x00, 0x00, 0x3F, 0xFF, 0xFF,
    0xFC, 0x00, 0x00, 0x3F, 0xFF, 0xFF, 0xFC, 0x00, 0x00, 0x3F, 0xF0, 0x0F, 0xFC, 0x00, 0x00, 0x3F,
    0xF0, 0x0F, 0xFC, 0x00, 0x00, 0x3F, 0xF0, 0x0F, 0xFC, 0x00, 0x00, 0x3F, 0xF0, 0x0F, 0xFC, 0x00,
    0x00, 0x3F, 0xF0, 0x0F, 0xFC, 0x00, 0x00, 0x3F, 0xF0, 0x0F, 0xFC, 0x00, 0x00, 0x3F, 0xF0, 0x0F,
    0xFC, 0x00, 0x00, 0x3F, 0xF0, 0x0F, 0xFC, 0x00, 0x00, 0x3F, 0xF0, 0x0F, 0xFC, 0x00, 0x00, 0x3F,
    0xF0, 0x0F, 0xFC, 0x00, 0x00, 0x3F, 0xF0, 0x0F, 0xFC, 0x00, 0x00, 0x3F, 0xF0, 0x0F, 0xFC, 0x00,
    0x00, 0x00, 0x00, 0x00, 0x00, 0x00, 0x00, 0x00, 0x00, 0x00, 0x00, 0x00, 0x00, 0x00, 0x00, 0x00,
    0x00, 0x00, 0x00, 0x00, 0x00, 0x00, 0x00, 0x00, 0x00, 0x00, 0x00, 0x00, 0x00, 0x00, 0x00, 0x00,
    0x00, 0x00, 0x00, 0x00, 0x00, 0x00, 0x00, 0x00, 0x00, 0x00, 0x00, 0x00, 0x00, 0x00, 0x00, 0x00,
};
const gfx_bitmap_t gfx_icon_house_48 = { s_house_48, 48, 48, 1 };

static const uint8_t s_grid_16[] = {
    0x00, 0x00, 0x00, 0x00, 0x07, 0xE0, 0x0F, 0xF0, 0x1F, 0xF8, 0x38, 0x1C, 0x3F, 0xFC, 0x3F, 0x7C,
    0x3E, 0x7C, 0x3E, 0x7C, 0x1E, 0xF8, 0x0F, 0xF0, 0x03, 0xC0, 0x02, 0x40, 0x00, 0x00, 0x00, 0x00,
};
const gfx_bitmap_t gfx_icon_grid_16 = { s_grid_16, 16, 16, 1 };

static const uint8_t s_grid_24[] = {
    0x00, 0x00, 0x00, 0x00, 0x00, 0x00, 0x00, 0x7E, 0x00, 0x01, 0xFF, 0x80, 0x03, 0xFF, 0xC0, 0x07,
    0xFF, 0xE0, 0x0F, 0xFF, 0xF0, 0x0F, 0x00, 0xF0, 0x1F, 0x00, 0xF8, 0x1F, 0xFF, 0xF8, 0x1F, 0xF7,
    0xF8, 0x1F, 0xE3, 0xF8, 0x1F, 0xC7, 0xF8, 0x1F, 0xC3, 0xF8, 0x0F, 0xE3, 0xF0, 0x0F, 0xC7, 0xF0,
    0x07, 0xEF, 0xE0, 0x03, 0xFF, 0xC0, 0x01, 0xFF, 0x80, 0x00, 0x7E, 0x00, 0x00, 0x66, 0x00, 0x00,
    0x66, 0x00, 0x00, 0x00, 0x00, 0x00, 0x00, 0x00,
};
const gfx_bitmap_t gfx_icon_grid_24 = { s_grid_24, 24, 24, 1 };

static const uint8_t s_grid_48[] = {
    0x00, 0x00, 0x00, 0x00, 0x00, 0x00, 0x00, 0x00, 0x00, 0x00, 0x00, 0x00, 0x00, 0x00, 0x00, 0x00,
    0x00, 0x00, 0x00, 0x00, 0x00, 0x00, 0x00, 0x00, 0x00, 0x00, 0x0F, 0xF0, 0x00, 0x00, 0x00, 0x00,
    0x7F, 0xFE, 0x00, 0x00, 0x00, 0x01, 0xFF, 0xFF, 0x80, 0x00, 0x00, 0x07, 0xFF, 0xFF, 0xE0, 0x00,
    0x00, 0x0F, 0xFF, 0xFF, 0xF0, 0x00, 0x00, 0x1F, 0xFF, 0xFF, 0xF8, 0x00, 0x00, 0x3F, 0xFF, 0xFF,
    0xFC, 0x00, 0x00, 0x7F, 0xFF, 0xFF, 0xFE, 0x00, 0x00, 0x7F, 0xFF, 0xFF, 0xFE, 0x00, 0x00, 0xFF,
    0xFF, 0xFF, 0xFF, 0x00, 0x00, 0xFF, 0x00, 0x00, 0xFF, 0x00, 0x01, 0xFF, 0x00, 0x00, 0xFF, 0x80,
    0x01, 0xFF, 0x00, 0x00, 0xFF, 0x80, 0x01, 0xFF, 0x00, 0x00, 0xFF, 0x80, 0x03, 0xFF, 0xFF, 0xFF,
    0xFF, 0xC0, 0x03, 0xFF, 0xFF, 0xFF, 0xFF, 0xC0, 0x03, 0xFF, 0xFF, 0xBF, 0xFF, 0xC0, 0x03, 0xFF,
    0xFF, 0x1F, 0xFF, 0xC0, 0x03, 0xFF, 0xFE, 0x0F, 0xFF, 0xC0, 0x03, 0xFF, 0xFC, 0x0F, 0xFF, 0xC0,
    0x03, 0xFF, 0xF8, 0x1F, 0xFF, 0xC0, 0x03, 0xFF, 0xF0, 0x3F, 0xFF, 0xC0, 0x01, 0xFF, 0xF0, 0x1F,
    0xFF, 0x80, 0x01, 0xFF, 0xF8, 0x0F, 0xFF, 0x80, 0x01, 0xFF, 0xFC, 0x0F, 0xFF, 0x80, 0x00, 0xFF,
    0xF8, 0x1F, 0xFF, 0x00, 0x00, 0xFF, 0xF0, 0x3F, 0xFF, 0x00, 0x00, 0x7F, 0xF0, 0x7F, 0xFE, 0x00,
    0x00, 0x7F, 0xF8, 0xFF, 0xFE, 0x00, 0x00, 0x3F, 0xFD, 0xFF, 0xFC, 0x00, 0x00, 0x1F, 0xFF, 0xFF,
    0xF8, 0x00, 0x00, 0x0F, 0xFF, 0xFF, 0xF0, 0x00, 0x00, 0x07, 0xFF, 0xFF, 0xE0, 0x00, 0x00, 0x01,
    0xFF, 0xFF, 0x80, 0x00, 0x00, 0x00, 0x7F, 0xFE, 0x00, 0x00, 0x00, 0x00, 0x3F, 0xFC, 0x00, 0x00,
    0x00, 0x00, 0x3C, 0x3C, 0x00, 0x00, 0x00, 0x00, 0x3C, 0x3C, 0x00, 0x00, 0x00, 0x00, 0x3C, 0x3C,
    0x00, 0x00, 0x00, 0x00, 0x3C, 0x3C, 0x00, 0x00, 0x00, 0x00, 0x00, 0x00, 0x00, 0x00, 0x00, 0x00,
    0x00, 0x00, 0x00, 0x00, 0x00, 0x00, 0x00, 0x00, 0x00, 0x00, 0x00, 0x00, 0x00, 0x00, 0x00, 0x00,
};
const gfx_bitmap_t gfx_icon_grid_48 = { s_grid_48, 48, 48, 1 };

static const uint8_t s_self_use_16[] = {
    0x00, 0x00, 0x00, 0x00, 0x07, 0xFC, 0x0F, 0xFC, 0x1F, 0xFC, 0x3E, 0x7C, 0x3C, 0xFC, 0x38, 0x1C,
    0x3F, 0x3C, 0x3E, 0xFC, 0x1F, 0xF8, 0x1F, 0xF8, 0x37, 0xE0, 0x00, 0x00, 0x00, 0x00, 0x00, 0x00,
};
const gfx_bitmap_t gfx_icon_self_use_16 = { s_self_use_16, 16, 16, 1 };

static const uint8_t s_self_use_24[] = {
    0x00, 0x00, 0x00, 0x00, 0x00, 0x00, 0x00, 0x00, 0x00, 0x00, 0x7F, 0xF8, 0x01, 0xFF, 0xF8, 0x03,
    0xFF, 0xF8, 0x07, 0xFF, 0xF8, 0x0F, 0xF3, 0xF8, 0x0F, 0xE7, 0xF8, 0x1F, 0xCF, 0xF8, 0x1F, 0x8F,
    0xF8, 0x1F, 0x00, 0xF8, 0x1F, 0xE1, 0xF8, 0x1F, 0xF3, 0xF8, 0x1F, 0xE7, 0xF8, 0x0F, 0xCF, 0xF0,
    0x0F, 0xDF, 0xF0, 0x07, 0xFF, 0xE0, 0x0F, 0xFF, 0xC0, 0x1C, 0xFF, 0x00, 0x08, 0x38, 0x00, 0x00,
    0x00, 0x00, 0x00, 0x00, 0x00, 0x00, 0x00, 0x00,
};
const gfx_bitmap_t gfx_icon_self_use_24 = { s_self_use_24, 24, 24, 1 };

static const uint8_t s_self_use_48[] = {
    0x00, 0x00, 0x00, 0x00, 0x00, 0x00, 0x00, 0x00, 0x00, 0x00, 0x00, 0x00, 0x00, 0x00, 0x00, 0x00,
    0x00, 0x00, 0x00, 0x00, 0x00, 0x00, 0x00, 0x00, 0x00, 0x00, 0x00, 0x00, 0x00, 0x00, 0x00, 0x00,
    0x00, 0x00, 0x00, 0x00, 0x00, 0x00, 0x0F, 0xFF, 0xFF, 0xC0, 0x00, 0x00, 0x7F, 0xFF, 0xFF, 0xC0,
    0x00, 0x01, 0xFF, 0xFF, 0xFF, 0xC0, 0x00, 0x07, 0xFF, 0xFF, 0xFF, 0xC0, 0x00, 0x0F, 0xFF, 0xFF,
    0xFF, 0xC0, 0x00, 0x1F, 0xFF, 0xFF, 0xFF, 0xC0, 0x00, 0x3F, 0xFF, 0xFF, 0xFF, 0xC0, 0x00, 0x7F,
    0xFF, 0xFF, 0xFF, 0xC0, 0x00, 0x7F, 0xFF, 0xEF, 0xFF, 0xC0, 0x00, 0xFF, 0xFF, 0x8F, 0xFF, 0xC0,
    0x00, 0xFF, 0xFF, 0x1F, 0xFF, 0xC0, 0x01, 0xFF, 0xFE, 0x3F, 0xFF, 0xC0, 0x01, 0xFF, 0xFC, 0x3F,
    0xFF, 0xC0, 0x01, 0xFF, 0xF8, 0x7F, 0xFF, 0xC0, 0x03, 0xFF, 0xF0, 0xFF, 0xFF, 0xC0, 0x03, 0xFF,
    0xE1, 0xFF, 0xFF, 0xC0, 0x03, 0xFF, 0xC0, 0x3F, 0xFF, 0xC0, 0x03, 0xFF, 0x00, 0x00, 0xFF, 0xC0,
    0x03, 0xFF, 0x00, 0x00, 0xFF, 0xC0, 0x03, 0xFF, 0x80, 0x01, 0xFF, 0xC0, 0x03, 0xFF, 0xFF, 0x83,
    0xFF, 0xC0, 0x03, 0xFF, 0xFF, 0x07, 0xFF, 0xC0, 0x01, 0xFF, 0xFE, 0x1F, 0xFF, 0x80, 0x01, 0xFF,
    0xFE, 0x3F, 0xFF, 0x80, 0x01, 0xFF, 0xFC, 0x7F, 0xFF, 0x80, 0x00, 0xFF, 0xF8, 0xFF, 0xFF, 0x00,
    0x00, 0xFF, 0xF1, 0xFF, 0xFF, 0x00, 0x00, 0x7F, 0xF3, 0xFF, 0xFE, 0x00, 0x00, 0x7F, 0xFF, 0xFF,
    0xFE, 0x00, 0x00, 0x3F, 0xFF, 0xFF, 0xFC, 0x00, 0x00, 0x7F, 0xFF, 0xFF, 0xF8, 0x00, 0x00, 0xFF,
    0xFF, 0xFF, 0xF0, 0x00, 0x01, 0xFF, 0xFF, 0xFF, 0xE0, 0x00, 0x03, 0xF3, 0xFF, 0xFF, 0xC0, 0x00,
    0x01, 0xE0, 0xFF, 0xFF, 0x00, 0x00, 0x00, 0xC0, 0x1F, 0xF8, 0x00, 0x00, 0x00, 0x00, 0x00, 0x00,
    0x00, 0x00, 0x00, 0x00, 0x00, 0x00, 0x00, 0x00, 0x00, 0x00, 0x00, 0x00, 0x00, 0x00, 0x00, 0x00,
    0x00, 0x00, 0x00, 0x00, 0x00, 0x00, 0x00, 0x00, 0x00, 0x00, 0x00, 0x00, 0x00, 0x00, 0x00, 0x00,
};
const gfx_bitmap_t gfx_icon_self_use_48 = { s_self_use_48, 48, 48, 1 };

static const uint8_t s_wx_clear_day_16[] = {
    0x00, 0x00, 0x01, 0x00, 0x01, 0x00, 0x10, 0x18, 0x03, 0x80, 0x04, 0x40, 0x08, 0x20, 0x68, 0x2C,
    0x08, 0x20, 0x04, 0x40, 0x03, 0x80, 0x10, 0x18, 0x01, 0x00, 0x01, 0x00, 0x00, 0x00, 0x00, 0x00,
};
const gfx_bitmap_t gfx_icon_wx_clear_day_16 = { s_wx_clear_day_16, 16, 16, 1 };

static const uint8_t s_wx_clear_day_24[] = {
    0x00, 0x00, 0x00, 0x00, 0x00, 0x00, 0x00, 0x18, 0x00, 0x00, 0x18, 0x00, 0x04, 0x18, 0x20, 0x0E,
    0x00, 0x60, 0x07, 0x00, 0xC0, 0x02, 0x3C, 0x80, 0x00, 0xFE, 0x00, 0x01, 0xC3, 0x00, 0x39, 0x81,
    0x38, 0x39, 0x81, 0x38, 0x01, 0x81, 0x00, 0x00, 0xC3, 0x00, 0x00, 0xC2, 0x00, 0x00, 0x3C, 0x00,
    0x07, 0x00, 0xC0, 0x0E, 0x00, 0x60, 0x04, 0x18, 0x20, 0x00, 0x18, 0x00, 0x00, 0x18, 0x00, 0x00,
    0x00, 0x00, 0x00, 0x00, 0x00, 0x00, 0x00, 0x00,
};
const gfx_bitmap_t gfx_icon_wx_clear_day_24 = { s_wx_clear_day_24, 24, 24, 1 };

static const uint8_t s_wx_clear_day_48[] = {
    0x00, 0x00, 0x00, 0x00, 0x00, 0x00, 0x00, 0x00, 0x00, 0x00, 0x00, 0x00, 0x00, 0x00, 0x00, 0x00,
    0x00, 0x00, 0x00, 0x00, 0x00, 0x00, 0x00, 0x00, 0x00, 0x00, 0x03, 0x80, 0x00, 0x00, 0x00, 0x00,
    0x03, 0x80, 0x00, 0x00, 0x00, 0x00, 0x03, 0x80, 0x00, 0x00, 0x00, 0x00, 0x03, 0x80, 0x00, 0x00,
    0x00, 0x00, 0x03, 0x80, 0x00, 0x00, 0x00, 0x30, 0x03, 0x80, 0x0C, 0x00, 0x00, 0x78, 0x03, 0x80,
    0x1E, 0x00, 0x00, 0x78, 0x00, 0x00, 0x1E, 0x00, 0x00, 0x3C, 0x00, 0x00, 0x3C, 0x00, 0x00, 0x1E,
    0x00, 0x00, 0x78, 0x00, 0x00, 0x0E, 0x00, 0x00, 0x78, 0x00, 0x00, 0x06, 0x0F, 0xE0, 0x70, 0x00,
    0x00, 0x00, 0x3F, 0xF8, 0x00, 0x00, 0x00, 0x00, 0x7F, 0xFE, 0x00, 0x00, 0x00, 0x00, 0xF8, 0x3F,
    0x00, 0x00, 0x00, 0x01, 0xE0, 0x0F, 0x00, 0x00, 0x00, 0x01, 0xC0, 0x07, 0x80, 0x00, 0x00, 0x03,
    0xC0, 0x03, 0x80, 0x00, 0x00, 0x03, 0x80, 0x01, 0xC0, 0x00, 0x0F, 0xE3, 0x80, 0x01, 0xC7, 0xF0,
    0x0F, 0xE3, 0x80, 0x01, 0xC7, 0xF0, 0x0F, 0xE3, 0x80, 0x01, 0xC7, 0xF0, 0x00, 0x03, 0x80, 0x01,
    0xC0, 0x00, 0x00, 0x03, 0xC0, 0x03, 0x80, 0x00, 0x00, 0x01, 0xC0, 0x07, 0x80, 0x00, 0x00, 0x01,
    0xE0, 0x0F, 0x00, 0x00, 0x00, 0x00, 0xF8, 0x3F, 0x00, 0x00, 0x00, 0x00, 0x7F, 0xFE, 0x00, 0x00,
    0x00, 0x00, 0x3F, 0xF8, 0x00, 0x00, 0x00, 0x0E, 0x0F, 0xE0, 0x70, 0x00, 0x00, 0x1E, 0x00, 0x00,
    0x78, 0x00, 0x00, 0x3E, 0x00, 0x00, 0x7C, 0x00, 0x00, 0x7C, 0x00, 0x00, 0x3E, 0x00, 0x00, 0x78,
    0x03, 0x80, 0x1E, 0x00, 0x00, 0x20, 0x03, 0x80, 0x04, 0x00, 0x00, 0x00, 0x03, 0x80, 0x00, 0x00,
    0x00, 0x00, 0x03, 0x80, 0x00, 0x00, 0x00, 0x00, 0x03, 0x80, 0x00, 0x00, 0x00, 0x00, 0x03, 0x80,
    0x00, 0x00, 0x00, 0x00, 0x03, 0x80, 0x00, 0x00, 0x00, 0x00, 0x00, 0x00, 0x00, 0x00, 0x00, 0x00,
    0x00, 0x00, 0x00, 0x00, 0x00, 0x00, 0x00, 0x00, 0x00, 0x00, 0x00, 0x00, 0x00, 0x00, 0x00, 0x00,
};
const gfx_bitmap_t gfx_icon_wx_clear_day_48 = { s_wx_clear_day_48, 48, 48, 1 };

static const uint8_t s_wx_clear_night_16[] = {
    0x00, 0x00, 0x07, 0x80, 0x0E, 0x80, 0x18, 0xC0, 0x30, 0x40, 0x60, 0x60, 0x60, 0x38, 0x60, 0x0E,
    0x60, 0x02, 0x60, 0x06, 0x70, 0x06, 0x38, 0x0C, 0x1C, 0x38, 0x0F, 0xF0, 0x07, 0xE0, 0x00, 0x00,
};
const gfx_bitmap_t gfx_icon_wx_clear_night_16 = { s_wx_clear_night_16, 16, 16, 1 };

static const uint8_t s_wx_clear_night_24[] = {
    0x00, 0x00, 0x00, 0x00, 0x00, 0x00, 0x00, 0x7C, 0x00, 0x01, 0xFC, 0x00, 0x07, 0xFC, 0x00, 0x0F,
    0xCC, 0x00, 0x0F, 0x0E, 0x00, 0x1E, 0x06, 0x00, 0x1C, 0x07, 0x00, 0x3C, 0x03, 0xC0, 0x38, 0x01,
    0xFC, 0x38, 0x00, 0xFC, 0x38, 0x00, 0x3C, 0x38, 0x00, 0x0C, 0x38, 0x00, 0x0C, 0x1C, 0x00, 0x18,
    0x1C, 0x00, 0x18, 0x0E, 0x00, 0x30, 0x0F, 0x00, 0x70, 0x07, 0xC1, 0xE0, 0x01, 0xFF, 0x80, 0x00,
    0x7E, 0x00, 0x00, 0x00, 0x00, 0x00, 0x00, 0x00,
};
const gfx_bitmap_t gfx_icon_wx_clear_night_24 = { s_wx_clear_night_24, 24, 24, 1 };

static const uint8_t s_wx_clear_night_48[] = {
    0x00, 0x00, 0x00, 0x00, 0x00, 0x00, 0x00, 0x00, 0x00, 0x00, 0x00, 0x00, 0x00, 0x00, 0x00, 0x00,
    0x00, 0x00, 0x00, 0x00, 0x00, 0x00, 0x00, 0x00, 0x00, 0x00, 0x0F, 0xF0, 0x00, 0x00, 0x00, 0x00,
    0x7F, 0xF0, 0x00, 0x00, 0x00, 0x03, 0xFF, 0xF0, 0x00, 0x00, 0x00, 0x07, 0xFF, 0xF0, 0x00, 0x00,
    0x00, 0x1F, 0xFF, 0xF0, 0x00, 0x00, 0x00, 0x3F, 0xE1, 0xF0, 0x00, 0x00, 0x00, 0x7F, 0x81, 0xF0,
    0x00, 0x00, 0x00, 0xFE, 0x00, 0xF8, 0x00, 0x00, 0x00, 0xFC, 0x00, 0xF8, 0x00, 0x00, 0x01, 0xF8,
    0x00, 0xFC, 0x00, 0x00, 0x03, 0xF0, 0x00, 0x7C, 0x00, 0x00, 0x03, 0xF0, 0x00, 0x7E, 0x00, 0x00,
    0x07, 0xE0, 0x00, 0x3F, 0x00, 0x00, 0x07, 0xC0, 0x00, 0x1F, 0x80, 0x00, 0x07, 0xC0, 0x00, 0x1F,
    0xC0, 0x00, 0x07, 0xC0, 0x00, 0x0F, 0xF0, 0x00, 0x0F, 0x80, 0x00, 0x07, 0xFF, 0xC0, 0x0F, 0x80,
    0x00, 0x01, 0xFF, 0xF0, 0x0F, 0x80, 0x00, 0x00, 0xFF, 0xF0, 0x0F, 0x80, 0x00, 0x00, 0x3F, 0xF0,
    0x0F, 0x80, 0x00, 0x00, 0x07, 0xF0, 0x0F, 0x80, 0x00, 0x00, 0x01, 0xF0, 0x0F, 0x80, 0x00, 0x00,
    0x01, 0xF0, 0x0F, 0x80, 0x00, 0x00, 0x01, 0xE0, 0x0F, 0xC0, 0x00, 0x00, 0x03, 0xE0, 0x07, 0xC0,
    0x00, 0x00, 0x03, 0xE0, 0x07, 0xC0, 0x00, 0x00, 0x07, 0xE0, 0x07, 0xE0, 0x00, 0x00, 0x07, 0xC0,
    0x03, 0xF0, 0x00, 0x00, 0x0F, 0xC0, 0x03, 0xF0, 0x00, 0x00, 0x1F, 0x80, 0x01, 0xF8, 0x00, 0x00,
    0x3F, 0x80, 0x00, 0xFC, 0x00, 0x00, 0x7F, 0x00, 0x00, 0xFF, 0x00, 0x00, 0xFE, 0x00, 0x00, 0x7F,
    0xC0, 0x03, 0xFE, 0x00, 0x00, 0x3F, 0xF0, 0x1F, 0xFC, 0x00, 0x00, 0x1F, 0xFF, 0xFF, 0xF8, 0x00,
    0x00, 0x07, 0xFF, 0xFF, 0xE0, 0x00, 0x00, 0x03, 0xFF, 0xFF, 0xC0, 0x00, 0x00, 0x00, 0xFF, 0xFF,
    0x00, 0x00, 0x00, 0x00, 0x1F, 0xF0, 0x00, 0x00, 0x00, 0x00, 0x00, 0x00, 0x00, 0x00, 0x00, 0x00,
    0x00, 0x00, 0x00, 0x00, 0x00, 0x00, 0x00, 0x00, 0x00, 0x00, 0x00, 0x00, 0x00, 0x00, 0x00, 0x00,
};
const gfx_bitmap_t gfx_icon_wx_clear_night_48 = { s_wx_clear_night_48, 48, 48, 1 };

static const uint8_t s_wx_mainly_day_16[] = {
    0x00, 0x00, 0x00, 0x00, 0x01, 0x00, 0x01, 0x00, 0x18, 0x18, 0x03, 0x80, 0x04, 0x40, 0x08, 0x20,
    0x6E, 0x26, 0x1A, 0x20, 0x11, 0xC0, 0x20, 0x50, 0x20, 0x58, 0x1F, 0x88, 0x00, 0x00, 0x00, 0x00,
};
const gfx_bitmap_t gfx_icon_wx_mainly_day_16 = { s_wx_mainly_day_16, 16, 16, 1 };

static const uint8_t s_wx_mainly_day_24[] = {
    0x00, 0x00, 0x00, 0x00, 0x00, 0x00, 0x00, 0x18, 0x00, 0x00, 0x18, 0x00, 0x00, 0x18, 0x00, 0x04,
    0x18, 0x30, 0x06, 0x00, 0x30, 0x07, 0x00, 0x60, 0x02, 0x3E, 0x60, 0x00, 0xFF, 0x00, 0x00, 0xC3,
    0x80, 0x01, 0x81, 0xC0, 0x39, 0x80, 0xDC, 0x39, 0xE0, 0xDC, 0x03, 0xF1, 0xC0, 0x06, 0x3B, 0x80,
    0x1E, 0x3F, 0x00, 0x18, 0x06, 0x00, 0x18, 0x06, 0x70, 0x1F, 0xFE, 0x30, 0x0F, 0xFC, 0x00, 0x00,
    0x00, 0x00, 0x00, 0x00, 0x00, 0x00, 0x00, 0x00,
};
const gfx_bitmap_t gfx_icon_wx_mainly_day_24 = { s_wx_mainly_day_24, 24, 24, 1 };

static const uint8_t s_wx_mainly_day_48[] = {
    0x00, 0x00, 0x00, 0x00, 0x00, 0x00, 0x00, 0x00, 0x00, 0x00, 0x00, 0x00, 0x00, 0x00, 0x00, 0x00,
    0x00, 0x00, 0x00, 0x00, 0x00, 0x00, 0x00, 0x00, 0x00, 0x00, 0x00, 0x00, 0x00, 0x00, 0x00, 0x00,
    0x00, 0x00, 0x00, 0x00, 0x00, 0x00, 0x01, 0xC0, 0x00, 0x00, 0x00, 0x00, 0x01, 0xC0, 0x00, 0x00,
    0x00, 0x00, 0x01, 0xC0, 0x00, 0x00, 0x00, 0x00, 0x01, 0xC0, 0x00, 0x00, 0x00, 0x00, 0x01, 0xC0,
    0x00, 0x00, 0x00, 0x30, 0x01, 0xC0, 0x04, 0x00, 0x00, 0x78, 0x01, 0xC0, 0x0E, 0x00, 0x00, 0x7C,
    0x00, 0x00, 0x1E, 0x00, 0x00, 0x3E, 0x00, 0x00, 0x7C, 0x00, 0x00, 0x1E, 0x00, 0x00, 0x78, 0x00,
    0x00, 0x0E, 0x07, 0xF0, 0x70, 0x00, 0x00, 0x00, 0x1F, 0xFC, 0x00, 0x00, 0x00, 0x00, 0x3F, 0xFE,
    0x00, 0x00, 0x00, 0x00, 0x7C, 0x1F, 0x00, 0x00, 0x00, 0x00, 0xF0, 0x07, 0x80, 0x00, 0x00, 0x01,
    0xE0, 0x03, 0x80, 0x00, 0x00, 0x01, 0xC0, 0x03, 0xC0, 0x00, 0x00, 0x03, 0xC0, 0x01, 0xC0, 0x00,
    0x0F, 0xC3, 0xC0, 0x01, 0xC3, 0xF0, 0x0F, 0xC3, 0xF0, 0x01, 0xC3, 0xF0, 0x0F, 0x83, 0xFC, 0x01,
    0xC3, 0xF0, 0x00, 0x07, 0xFE, 0x01, 0xC0, 0x00, 0x00, 0x0F, 0x0F, 0x03, 0xC0, 0x00, 0x00, 0x1E,
    0x07, 0x03, 0x80, 0x00, 0x00, 0x1E, 0x07, 0x07, 0x80, 0x00, 0x00, 0x3C, 0x03, 0xE7, 0x00, 0x00,
    0x00, 0x7C, 0x03, 0xFF, 0x00, 0x00, 0x00, 0xFC, 0x03, 0xFE, 0x00, 0x00, 0x01, 0xE0, 0x00, 0x3C,
    0x00, 0x00, 0x01, 0xC0, 0x00, 0x1C, 0x70, 0x00, 0x01, 0xC0, 0x00, 0x1C, 0x78, 0x00, 0x01, 0xC0,
    0x00, 0x1C, 0x7C, 0x00, 0x01, 0xE0, 0x00, 0x3C, 0x3E, 0x00, 0x00, 0xFF, 0xFF, 0xF8, 0x1E, 0x00,
    0x00, 0x7F, 0xFF, 0xF0, 0x04, 0x00, 0x00, 0x3F, 0xFF, 0xE0, 0x00, 0x00, 0x00, 0x00, 0x00, 0x00,
    0x00, 0x00, 0x00, 0x00, 0x00, 0x00, 0x00, 0x00, 0x00, 0x00, 0x00, 0x00, 0x00, 0x00, 0x00, 0x00,
    0x00, 0x00, 0x00, 0x00, 0x00, 0x00, 0x00, 0x00, 0x00, 0x00, 0x00, 0x00, 0x00, 0x00, 0x00, 0x00,
};
const gfx_bitmap_t gfx_icon_wx_mainly_day_48 = { s_wx_mainly_day_48, 48, 48, 1 };

static const uint8_t s_wx_mainly_night_16[] = {
    0x00, 0x00, 0x00, 0xF0, 0x03, 0xF0, 0x07, 0x30, 0x06, 0x30, 0x07, 0x1C, 0x0F, 0x8C, 0x0C, 0xC4,
    0x18, 0xEC, 0x78, 0xF8, 0x60, 0x18, 0x60, 0x18, 0x7F, 0xF8, 0x3F, 0xF0, 0x00, 0x00, 0x00, 0x00,
};
const gfx_bitmap_t gfx_icon_wx_mainly_night_16 = { s_wx_mainly_night_16, 16, 16, 1 };

static const uint8_t s_wx_mainly_night_24[] = {
    0x00, 0x00, 0x00, 0x00, 0x00, 0x00, 0x00, 0x0F, 0x80, 0x00, 0x3F, 0x80, 0x00, 0x71, 0x80, 0x00,
    0xE1, 0x80, 0x00, 0xC1, 0x80, 0x01, 0xC0, 0xC0, 0x01, 0xC0, 0xE0, 0x01, 0xF0, 0x78, 0x03, 0xFC,
    0x38, 0x07, 0x1C, 0x30, 0x0E, 0x0F, 0x70, 0x1E, 0x07, 0xE0, 0x38, 0x01, 0xC0, 0x30, 0x00, 0xC0,
    0x30, 0x00, 0xC0, 0x30, 0x00, 0xC0, 0x38, 0x01, 0xC0, 0x1F, 0xFF, 0x80, 0x0F, 0xFF, 0x00, 0x00,
    0x00, 0x00, 0x00, 0x00, 0x00, 0x00, 0x00, 0x00,
};
const gfx_bitmap_t gfx_icon_wx_mainly_night_24 = { s_wx_mainly_night_24, 24, 24, 1 };

static const uint8_t s_wx_mainly_night_48[] = {
    0x00, 0x00, 0x00, 0x00, 0x00, 0x00, 0x00, 0x00, 0x00, 0x00, 0x00, 0x00, 0x00, 0x00, 0x00, 0x00,
    0x00, 0x00, 0x00, 0x00, 0x00, 0x00, 0x00, 0x00, 0x00, 0x00, 0x00, 0x00, 0x00, 0x00, 0x00, 0x00,
    0x00, 0x3F, 0x80, 0x00, 0x00, 0x00, 0x01, 0xFF, 0xF0, 0x00, 0x00, 0x00, 0x07, 0xFF, 0xE0, 0x00,
    0x00, 0x00, 0x0F, 0xFF, 0xE0, 0x00, 0x00, 0x00, 0x1F, 0xFF, 0xE0, 0x00, 0x00, 0x00, 0x3F, 0xC3,
    0xE0, 0x00, 0x00, 0x00, 0x7F, 0x03, 0xE0, 0x00, 0x00, 0x00, 0x7E, 0x03, 0xE0, 0x00, 0x00, 0x00,
    0xFC, 0x03, 0xE0, 0x00, 0x00, 0x00, 0xF8, 0x03, 0xF0, 0x00, 0x00, 0x01, 0xF0, 0x01, 0xF0, 0x00,
    0x00, 0x01, 0xF0, 0x01, 0xF8, 0x00, 0x00, 0x01, 0xF0, 0x00, 0xF8, 0x00, 0x00, 0x01, 0xF0, 0x00,
    0xFE, 0x00, 0x00, 0x01, 0xFE, 0x00, 0x7F, 0x00, 0x00, 0x01, 0xFF, 0x80, 0x3F, 0xE0, 0x00, 0x07,
    0xFF, 0xC0, 0x1F, 0xE0, 0x00, 0x0F, 0xFF, 0xE0, 0x0F, 0xE0, 0x00, 0x0F, 0xFF, 0xF0, 0x03, 0xC0,
    0x00, 0x1F, 0xC3, 0xF8, 0x03, 0xC0, 0x00, 0x1F, 0x01, 0xF8, 0x07, 0xC0, 0x00, 0x3E, 0x00, 0xFF,
    0x0F, 0xC0, 0x00, 0xFE, 0x00, 0x7F, 0xDF, 0x80, 0x01, 0xFE, 0x00, 0x7F, 0xFF, 0x00, 0x03, 0xFC,
    0x00, 0x7F, 0xFF, 0x00, 0x07, 0xFC, 0x00, 0x7F, 0xFE, 0x00, 0x07, 0xE0, 0x00, 0x01, 0xFC, 0x00,
    0x0F, 0xC0, 0x00, 0x00, 0xFC, 0x00, 0x0F, 0x80, 0x00, 0x00, 0x7C, 0x00, 0x0F, 0x80, 0x00, 0x00,
    0x7C, 0x00, 0x0F, 0x80, 0x00, 0x00, 0x7C, 0x00, 0x0F, 0xC0, 0x00, 0x00, 0xFC, 0x00, 0x07, 0xE0,
    0x00, 0x01, 0xF8, 0x00, 0x07, 0xFF, 0xFF, 0xFF, 0xF8, 0x00, 0x03, 0xFF, 0xFF, 0xFF, 0xF0, 0x00,
    0x01, 0xFF, 0xFF, 0xFF, 0xE0, 0x00, 0x00, 0xFF, 0xFF, 0xFF, 0xC0, 0x00, 0x00, 0x3F, 0xFF, 0xFF,
    0x00, 0x00, 0x00, 0x00, 0x00, 0x00, 0x00, 0x00, 0x00, 0x00, 0x00, 0x00, 0x00, 0x00, 0x00, 0x00,
    0x00, 0x00, 0x00, 0x00, 0x00, 0x00, 0x00, 0x00, 0x00, 0x00, 0x00, 0x00, 0x00, 0x00, 0x00, 0x00,
};
const gfx_bitmap_t gfx_icon_wx_mainly_night_48 = { s_wx_mainly_night_48, 48, 48, 1 };

static const uint8_t s_wx_partly_day_16[] = {
    0x00, 0x00, 0x00, 0x00, 0x00, 0x40, 0x00, 0x40, 0x00, 0xE8, 0x0F, 0x30, 0x11, 0x10, 0x10, 0x96,
    0x30, 0xF0, 0x40, 0x10, 0x40, 0x10, 0x40, 0x18, 0x3F, 0xE0, 0x00, 0x00, 0x00, 0x00, 0x00, 0x00,
};
const gfx_bitmap_t gfx_icon_wx_partly_day_16 = { s_wx_partly_day_16, 16, 16, 1 };

static const uint8_t s_wx_partly_day_24[] = {
    0x00, 0x00, 0x00, 0x00, 0x00, 0x00, 0x00, 0x00, 0x00, 0x00, 0x00, 0x00, 0x00, 0x04, 0x00, 0x00,
    0x04, 0x00, 0x00, 0x84, 0x10, 0x00, 0xC0, 0x70, 0x00, 0x40, 0xE0, 0x00, 0x0E, 0x00, 0x01, 0xF1,
    0x00, 0x06, 0x10, 0x80, 0x04, 0x08, 0x9C, 0x1C, 0x0E, 0x80, 0x10, 0x03, 0x00, 0x20, 0x01, 0x00,
    0x20, 0x01, 0x00, 0x20, 0x01, 0x30, 0x10, 0x02, 0x00, 0x0F, 0xFC, 0x00, 0x00, 0x00, 0x00, 0x00,
    0x00, 0x00, 0x00, 0x00, 0x00, 0x00, 0x00, 0x00,
};
const gfx_bitmap_t gfx_icon_wx_partly_day_24 = { s_wx_partly_day_24, 24, 24, 1 };

static const uint8_t s_wx_partly_day_48[] = {
    0x00, 0x00, 0x00, 0x00, 0x00, 0x00, 0x00, 0x00, 0x00, 0x00, 0x00, 0x00, 0x00, 0x00, 0x00, 0x00,
    0x00, 0x00, 0x00, 0x00, 0x00, 0x00, 0x00, 0x00, 0x00, 0x00, 0x00, 0x00, 0x00, 0x00, 0x00, 0x00,
    0x00, 0x00, 0x00, 0x00, 0x00, 0x00, 0x00, 0x00, 0x00, 0x00, 0x00, 0x00, 0x00, 0x00, 0x00, 0x00,
    0x00, 0x00, 0x00, 0x00, 0x00, 0x00, 0x00, 0x00, 0x00, 0x30, 0x00, 0x00, 0x00, 0x00, 0x00, 0x30,
    0x00, 0x00, 0x00, 0x00, 0x00, 0x30, 0x00, 0x00, 0x00, 0x00, 0x00, 0x30, 0x00, 0x00, 0x00, 0x00,
    0xC0, 0x30, 0x06, 0x00, 0x00, 0x00, 0xE0, 0x00, 0x0E, 0x00, 0x00, 0x00, 0x60, 0x00, 0x1C, 0x00,
    0x00, 0x00, 0x40, 0x00, 0x38, 0x00, 0x00, 0x00, 0x00, 0xFC, 0x00, 0x00, 0x00, 0x01, 0xF3, 0xFF,
    0x00, 0x00, 0x00, 0x07, 0xFF, 0x07, 0x80, 0x00, 0x00, 0x0E, 0x0F, 0x01, 0xC0, 0x00, 0x00, 0x1C,
    0x07, 0x80, 0xC0, 0x00, 0x00, 0x38, 0x03, 0x80, 0x60, 0x00, 0x00, 0x30, 0x01, 0xC0, 0x63, 0xE0,
    0x00, 0x70, 0x01, 0xC0, 0x63, 0xE0, 0x00, 0xF0, 0x00, 0xFC, 0x60, 0x00, 0x03, 0xE0, 0x00, 0xFE,
    0xE0, 0x00, 0x07, 0x80, 0x00, 0x0F, 0xC0, 0x00, 0x06, 0x00, 0x00, 0x03, 0xC0, 0x00, 0x0E, 0x00,
    0x00, 0x03, 0xC0, 0x00, 0x0C, 0x00, 0x00, 0x01, 0xC0, 0x00, 0x0C, 0x00, 0x00, 0x01, 0xC0, 0x00,
    0x0C, 0x00, 0x00, 0x01, 0xCC, 0x00, 0x0C, 0x00, 0x00, 0x01, 0xCE, 0x00, 0x0E, 0x00, 0x00, 0x03,
    0xCE, 0x00, 0x06, 0x00, 0x00, 0x03, 0x86, 0x00, 0x03, 0x80, 0x00, 0x0F, 0x00, 0x00, 0x01, 0xFF,
    0xFF, 0xFE, 0x00, 0x00, 0x00, 0xFF, 0xFF, 0xFC, 0x00, 0x00, 0x00, 0x00, 0x00, 0x00, 0x00, 0x00,
    0x00, 0x00, 0x00, 0x00, 0x00, 0x00, 0x00, 0x00, 0x00, 0x00, 0x00, 0x00, 0x00, 0x00, 0x00, 0x00,
    0x00, 0x00, 0x00, 0x00, 0x00, 0x00, 0x00, 0x00, 0x00, 0x00, 0x00, 0x00, 0x00, 0x00, 0x00, 0x00,
    0x00, 0x00, 0x00, 0x00, 0x00, 0x00, 0x00, 0x00, 0x00, 0x00, 0x00, 0x00, 0x00, 0x00, 0x00, 0x00,
};
const gfx_bitmap_t gfx_icon_wx_partly_day_48 = { s_wx_partly_day_48, 48, 48, 1 };

static const uint8_t s_wx_partly_night_16[] = {
    0x00, 0x00, 0x00, 0x00, 0x00, 0x00, 0x00, 0x70, 0x07, 0x90, 0x08, 0xD8, 0x10, 0x4E, 0x30, 0x7E,
    0x60, 0x0C, 0x40, 0x04, 0x40, 0x04, 0x60, 0x0C, 0x3F, 0xF8, 0x00, 0x00, 0x00, 0x00, 0x00, 0x00,
};
const gfx_bitmap_t gfx_icon_wx_partly_night_16 = { s_wx_partly_night_16, 16, 16, 1 };

static const uint8_t s_wx_partly_night_24[] = {
    0x00, 0x00, 0x00, 0x00, 0x00, 0x00, 0x00, 0x00, 0x00, 0x00, 0x00, 0x00, 0x00, 0x01, 0xE0, 0x00,
    0x03, 0xE0, 0x00, 0x7E, 0x60, 0x01, 0xFC, 0x60, 0x03, 0x86, 0x30, 0x03, 0x03, 0x1C, 0x06, 0x03,
    0xCC, 0x1E, 0x01, 0xF8, 0x18, 0x00, 0x30, 0x30, 0x00, 0x18, 0x30, 0x00, 0x18, 0x30, 0x00, 0x18,
    0x30, 0x00, 0x18, 0x18, 0x00, 0x30, 0x0F, 0xFF, 0xE0, 0x00, 0x00, 0x00, 0x00, 0x00, 0x00, 0x00,
    0x00, 0x00, 0x00, 0x00, 0x00, 0x00, 0x00, 0x00,
};
const gfx_bitmap_t gfx_icon_wx_partly_night_24 = { s_wx_partly_night_24, 24, 24, 1 };

static const uint8_t s_wx_partly_night_48[] = {
    0x00, 0x00, 0x00, 0x00, 0x00, 0x00, 0x00, 0x00, 0x00, 0x00, 0x00, 0x00, 0x00, 0x00, 0x00, 0x00,
    0x00, 0x00, 0x00, 0x00, 0x00, 0x00, 0x00, 0x00, 0x00, 0x00, 0x00, 0x00, 0x00, 0x00, 0x00, 0x00,
    0x00, 0x00, 0x00, 0x00, 0x00, 0x00, 0x00, 0x00, 0x00, 0x00, 0x00, 0x00, 0x00, 0x00, 0x00, 0x00,
    0x00, 0x00, 0x00, 0x00, 0x00, 0x00, 0x00, 0x00, 0x00, 0x01, 0xF8, 0x00, 0x00, 0x00, 0x00, 0x07,
    0xFC, 0x00, 0x00, 0x00, 0x00, 0x1F, 0xF8, 0x00, 0x00, 0x00, 0x00, 0x3E, 0x38, 0x00, 0x00, 0x00,
    0x3F, 0xBC, 0x38, 0x00, 0x00, 0x00, 0xFF, 0xF8, 0x38, 0x00, 0x00, 0x03, 0xFF, 0xF0, 0x1C, 0x00,
    0x00, 0x07, 0xE0, 0xF8, 0x1C, 0x00, 0x00, 0x0F, 0x80, 0x3C, 0x0E, 0x00, 0x00, 0x0F, 0x00, 0x1E,
    0x0F, 0x80, 0x00, 0x1E, 0x00, 0x0E, 0x07, 0xF0, 0x00, 0x1C, 0x00, 0x0F, 0x01, 0xF0, 0x00, 0x3C,
    0x00, 0x07, 0xF0, 0xE0, 0x00, 0xFC, 0x00, 0x07, 0xFD, 0xE0, 0x01, 0xFC, 0x00, 0x07, 0xFF, 0xC0,
    0x03, 0xC0, 0x00, 0x00, 0x1F, 0xC0, 0x07, 0x80, 0x00, 0x00, 0x07, 0x80, 0x07, 0x00, 0x00, 0x00,
    0x03, 0x80, 0x0E, 0x00, 0x00, 0x00, 0x03, 0xC0, 0x0E, 0x00, 0x00, 0x00, 0x01, 0xC0, 0x0E, 0x00,
    0x00, 0x00, 0x01, 0xC0, 0x0E, 0x00, 0x00, 0x00, 0x01, 0xC0, 0x0E, 0x00, 0x00, 0x00, 0x01, 0xC0,
    0x0F, 0x00, 0x00, 0x00, 0x03, 0xC0, 0x07, 0x00, 0x00, 0x00, 0x03, 0x80, 0x07, 0x80, 0x00, 0x00,
    0x07, 0x80, 0x03, 0xE0, 0x00, 0x00, 0x1F, 0x00, 0x01, 0xFF, 0xFF, 0xFF, 0xFE, 0x00, 0x00, 0xFF,
    0xFF, 0xFF, 0xFC, 0x00, 0x00, 0x3F, 0xFF, 0xFF, 0xF0, 0x00, 0x00, 0x00, 0x00, 0x00, 0x00, 0x00,
    0x00, 0x00, 0x00, 0x00, 0x00, 0x00, 0x00, 0x00, 0x00, 0x00, 0x00, 0x00, 0x00, 0x00, 0x00, 0x00,
    0x00, 0x00, 0x00, 0x00, 0x00, 0x00, 0x00, 0x00, 0x00, 0x00, 0x00, 0x00, 0x00, 0x00, 0x00, 0x00,
    0x00, 0x00, 0x00, 0x00, 0x00, 0x00, 0x00, 0x00, 0x00, 0x00, 0x00, 0x00, 0x00, 0x00, 0x00, 0x00,
};
const gfx_bitmap_t gfx_icon_wx_partly_night_48 = { s_wx_partly_night_48, 48, 48, 1 };

static const uint8_t s_wx_overcast_16[] = {
    0x00, 0x00, 0x00, 0x00, 0x00, 0x00, 0x00, 0xE0, 0x07, 0x10, 0x09, 0x9C, 0x10, 0x86, 0x30, 0xE2,
    0x40, 0x12, 0x40, 0x1C, 0x40, 0x10, 0x3F, 0xE0, 0x00, 0x00, 0x00, 0x00, 0x00, 0x00, 0x00, 0x00,
};
const gfx_bitmap_t gfx_icon_wx_overcast_16 = { s_wx_overcast_16, 16, 16, 1 };

static const uint8_t s_wx_overcast_24[] = {
    0x00, 0x00, 0x00, 0x00, 0x00, 0x00, 0x00, 0x00, 0x00, 0x00, 0x00, 0x00, 0x00, 0x00, 0x00, 0x00,
    0x0F, 0x00, 0x00, 0x11, 0x80, 0x01, 0xE0, 0x80, 0x02, 0x10, 0xE0, 0x04, 0x08, 0x10, 0x04, 0x08,
    0x08, 0x0C, 0x0E, 0x08, 0x10, 0x01, 0x08, 0x20, 0x00, 0x98, 0x20, 0x00, 0xA0, 0x20, 0x00, 0x80,
    0x10, 0x01, 0x00, 0x0F, 0xFE, 0x00, 0x00, 0x00, 0x00, 0x00, 0x00, 0x00, 0x00, 0x00, 0x00, 0x00,
    0x00, 0x00, 0x00, 0x00, 0x00, 0x00, 0x00, 0x00,
};
const gfx_bitmap_t gfx_icon_wx_overcast_24 = { s_wx_overcast_24, 24, 24, 1 };

static const uint8_t s_wx_overcast_48[] = {
    0x00, 0x00, 0x00, 0x00, 0x00, 0x00, 0x00, 0x00, 0x00, 0x00, 0x00, 0x00, 0x00, 0x00, 0x00, 0x00,
    0x00, 0x00, 0x00, 0x00, 0x00, 0x00, 0x00, 0x00, 0x00, 0x00, 0x00, 0x00, 0x00, 0x00, 0x00, 0x00,
    0x00, 0x00, 0x00, 0x00, 0x00, 0x00, 0x00, 0x00, 0x00, 0x00, 0x00, 0x00, 0x00, 0x00, 0x00, 0x00,
    0x00, 0x00, 0x00, 0x00, 0x00, 0x00, 0x00, 0x00, 0x00, 0x00, 0x00, 0x00, 0x00, 0x00, 0x00, 0x00,
    0x00, 0x00, 0x00, 0x00, 0x00, 0x3E, 0x00, 0x00, 0x00, 0x00, 0x00, 0xFF, 0x80, 0x00, 0x00, 0x00,
    0x01, 0xFF, 0xC0, 0x00, 0x00, 0x00, 0x01, 0xC1, 0xE0, 0x00, 0x00, 0x00, 0xFC, 0x00, 0xF0, 0x00,
    0x00, 0x03, 0xFF, 0x00, 0x70, 0x00, 0x00, 0x07, 0xFF, 0x80, 0x38, 0x00, 0x00, 0x0F, 0x87, 0xC0,
    0x3F, 0x00, 0x00, 0x1E, 0x01, 0xE0, 0x3F, 0x80, 0x00, 0x1C, 0x00, 0xE0, 0x3F, 0xE0, 0x00, 0x38,
    0x00, 0x60, 0x01, 0xE0, 0x00, 0x78, 0x00, 0x7E, 0x00, 0xF0, 0x01, 0xF8, 0x00, 0x7F, 0x80, 0x70,
    0x03, 0xF8, 0x00, 0x7F, 0xC0, 0x70, 0x07, 0xC0, 0x00, 0x03, 0xE0, 0x70, 0x07, 0x00, 0x00, 0x00,
    0xE0, 0xF0, 0x0F, 0x00, 0x00, 0x00, 0x71, 0xE0, 0x0E, 0x00, 0x00, 0x00, 0x77, 0xE0, 0x0E, 0x00,
    0x00, 0x00, 0x77, 0x80, 0x0E, 0x00, 0x00, 0x00, 0x77, 0x00, 0x0F, 0x00, 0x00, 0x00, 0x70, 0x00,
    0x07, 0x00, 0x00, 0x00, 0xE0, 0x00, 0x07, 0xC0, 0x00, 0x03, 0xE0, 0x00, 0x03, 0xFF, 0xFF, 0xFF,
    0xC0, 0x00, 0x01, 0xFF, 0xFF, 0xFF, 0x80, 0x00, 0x00, 0x7F, 0xFF, 0xFE, 0x00, 0x00, 0x00, 0x00,
    0x00, 0x00, 0x00, 0x00, 0x00, 0x00, 0x00, 0x00, 0x00, 0x00, 0x00, 0x00, 0x00, 0x00, 0x00, 0x00,
    0x00, 0x00, 0x00, 0x00, 0x00, 0x00, 0x00, 0x00, 0x00, 0x00, 0x00, 0x00, 0x00, 0x00, 0x00, 0x00,
    0x00, 0x00, 0x00, 0x00, 0x00, 0x00, 0x00, 0x00, 0x00, 0x00, 0x00, 0x00, 0x00, 0x00, 0x00, 0x00,
    0x00, 0x00, 0x00, 0x00, 0x00, 0x00, 0x00, 0x00, 0x00, 0x00, 0x00, 0x00, 0x00, 0x00, 0x00, 0x00,
};
const gfx_bitmap_t gfx_icon_wx_overcast_48 = { s_wx_overcast_48, 48, 48, 1 };

static const uint8_t s_wx_fog_16[] = {
    0x00, 0x00, 0x00, 0x00, 0x00, 0x00, 0x03, 0x80, 0x06, 0x40, 0x04, 0x20, 0x0C, 0x38, 0x10, 0x04,
    0x3F, 0xF8, 0x00, 0x00, 0x7F, 0xF0, 0x00, 0x00, 0x1F, 0xFC, 0x00, 0x00, 0x00, 0x00, 0x00, 0x00,
};
const gfx_bitmap_t gfx_icon_wx_fog_16 = { s_wx_fog_16, 16, 16, 1 };

static const uint8_t s_wx_fog_24[] = {
    0x00, 0x00, 0x00, 0x00, 0x00, 0x00, 0x00, 0x00, 0x00, 0x00, 0x00, 0x00, 0x00, 0x00, 0x00, 0x00,
    0x3C, 0x00, 0x00, 0x63, 0x00, 0x00, 0xC1, 0x00, 0x00, 0x81, 0x80, 0x01, 0x80, 0xE0, 0x02, 0x00,
    0x10, 0x04, 0x00, 0x18, 0x00, 0x00, 0x00, 0x0F, 0xFF, 0xF0, 0x00, 0x00, 0x00, 0x3F, 0xFF, 0xC0,
    0x00, 0x00, 0x00, 0x07, 0xFF, 0xF8, 0x00, 0x00, 0x00, 0x00, 0x00, 0x00, 0x00, 0x00, 0x00, 0x00,
    0x00, 0x00, 0x00, 0x00, 0x00, 0x00, 0x00, 0x00,
};
const gfx_bitmap_t gfx_icon_wx_fog_24 = { s_wx_fog_24, 24, 24, 1 };

static const uint8_t s_wx_fog_48[] = {
    0x00, 0x00, 0x00, 0x00, 0x00, 0x00, 0x00, 0x00, 0x00, 0x00, 0x00, 0x00, 0x00, 0x00, 0x00, 0x00,
    0x00, 0x00, 0x00, 0x00, 0x00, 0x00, 0x00, 0x00, 0x00, 0x00, 0x00, 0x00, 0x00, 0x00, 0x00, 0x00,
    0x00, 0x00, 0x00, 0x00, 0x00, 0x00, 0x00, 0x00, 0x00, 0x00, 0x00, 0x00, 0x00, 0x00, 0x00, 0x00,
    0x00, 0x00, 0x00, 0x00, 0x00, 0x00, 0x00, 0x00, 0x00, 0x00, 0x00, 0x00, 0x00, 0x00, 0x07, 0xE0,
    0x00, 0x00, 0x00, 0x00, 0x1F, 0xF8, 0x00, 0x00, 0x00, 0x00, 0x7F, 0xFC, 0x00, 0x00, 0x00, 0x00,
    0xF8, 0x3E, 0x00, 0x00, 0x00, 0x00, 0xE0, 0x0F, 0x00, 0x00, 0x00, 0x01, 0xC0, 0x07, 0x00, 0x00,
    0x00, 0x01, 0xC0, 0x03, 0x00, 0x00, 0x00, 0x03, 0x80, 0x03, 0xF0, 0x00, 0x00, 0x0F, 0x80, 0x03,
    0xFC, 0x00, 0x00, 0x1F, 0x80, 0x03, 0xFE, 0x00, 0x00, 0x3C, 0x00, 0x00, 0x1F, 0x00, 0x00, 0x78,
    0x00, 0x00, 0x07, 0x00, 0x00, 0x70, 0x00, 0x00, 0x03, 0x00, 0x00, 0x00, 0x00, 0x00, 0x00, 0x00,
    0x00, 0x00, 0x00, 0x00, 0x00, 0x00, 0x00, 0xFF, 0xFF, 0xFF, 0xFF, 0x00, 0x00, 0xFF, 0xFF, 0xFF,
    0xFF, 0x00, 0x00, 0xFF, 0xFF, 0xFF, 0xFF, 0x00, 0x00, 0x00, 0x00, 0x00, 0x00, 0x00, 0x00, 0x00,
    0x00, 0x00, 0x00, 0x00, 0x0F, 0xFF, 0xFF, 0xFF, 0xF0, 0x00, 0x0F, 0xFF, 0xFF, 0xFF, 0xF0, 0x00,
    0x0F, 0xFF, 0xFF, 0xFF, 0xF0, 0x00, 0x00, 0x00, 0x00, 0x00, 0x00, 0x00, 0x00, 0x00, 0x00, 0x00,
    0x00, 0x00, 0x00, 0x1F, 0xFF, 0xFF, 0xFF, 0xC0, 0x00, 0x1F, 0xFF, 0xFF, 0xFF, 0xE0, 0x00, 0x1F,
    0xFF, 0xFF, 0xFF, 0xC0, 0x00, 0x00, 0x00, 0x00, 0x00, 0x00, 0x00, 0x00, 0x00, 0x00, 0x00, 0x00,
    0x00, 0x00, 0x00, 0x00, 0x00, 0x00, 0x00, 0x00, 0x00, 0x00, 0x00, 0x00, 0x00, 0x00, 0x00, 0x00,
    0x00, 0x00, 0x00, 0x00, 0x00, 0x00, 0x00, 0x00, 0x00, 0x00, 0x00, 0x00, 0x00, 0x00, 0x00, 0x00,
    0x00, 0x00, 0x00, 0x00, 0x00, 0x00, 0x00, 0x00, 0x00, 0x00, 0x00, 0x00, 0x00, 0x00, 0x00, 0x00,
};
const gfx_bitmap_t gfx_icon_wx_fog_48 = { s_wx_fog_48, 48, 48, 1 };

static const uint8_t s_wx_drizzle_16[] = {
    0x00, 0x00, 0x00, 0x00, 0x00, 0x00, 0x07, 0x80, 0x0C, 0x40, 0x08, 0x20, 0x38, 0x38, 0x60, 0x8C,
    0x40, 0x04, 0x46, 0x04, 0x60, 0x8C, 0x31, 0xD8, 0x01, 0xC0, 0x00, 0x00, 0x00, 0x00, 0x00, 0x00,
};
const gfx_bitmap_t gfx_icon_wx_drizzle_16 = { s_wx_drizzle_16, 16, 16, 1 };

static const uint8_t s_wx_drizzle_24[] = {
    0x00, 0x00, 0x00, 0x00, 0x00, 0x00, 0x00, 0x00, 0x00, 0x00, 0x00, 0x00, 0x00, 0x7C, 0x00, 0x00,
    0xFE, 0x00, 0x01, 0x83, 0x00, 0x03, 0x01, 0x80, 0x07, 0x01, 0xE0, 0x1F, 0x01, 0xF8, 0x18, 0x0C,
    0x18, 0x30, 0x0C, 0x0C, 0x30, 0x40, 0x0C, 0x30, 0xE0, 0x0C, 0x30, 0xE8, 0x0C, 0x18, 0x0C, 0x18,
    0x1C, 0x1E, 0x38, 0x0C, 0x1E, 0x30, 0x00, 0x1E, 0x00, 0x00, 0x0C, 0x00, 0x00, 0x00, 0x00, 0x00,
    0x00, 0x00, 0x00, 0x00, 0x00, 0x00, 0x00, 0x00,
};
const gfx_bitmap_t gfx_icon_wx_drizzle_24 = { s_wx_drizzle_24, 24, 24, 1 };

static const uint8_t s_wx_drizzle_48[] = {
    0x00, 0x00, 0x00, 0x00, 0x00, 0x00, 0x00, 0x00, 0x00, 0x00, 0x00, 0x00, 0x00, 0x00, 0x00, 0x00,
    0x00, 0x00, 0x00, 0x00, 0x00, 0x00, 0x00, 0x00, 0x00, 0x00, 0x00, 0x00, 0x00, 0x00, 0x00, 0x00,
    0x00, 0x00, 0x00, 0x00, 0x00, 0x00, 0x00, 0x00, 0x00, 0x00, 0x00, 0x00, 0x00, 0x00, 0x00, 0x00,
    0x00, 0x00, 0x1F, 0xC0, 0x00, 0x00, 0x00, 0x00, 0x7F, 0xF0, 0x00, 0x00, 0x00, 0x01, 0xFF, 0xFC,
    0x00, 0x00, 0x00, 0x03, 0xF0, 0x7E, 0x00, 0x00, 0x00, 0x07, 0xC0, 0x1F, 0x00, 0x00, 0x00, 0x0F,
    0x00, 0x0F, 0x00, 0x00, 0x00, 0x0F, 0x00, 0x07, 0x80, 0x00, 0x00, 0x1E, 0x00, 0x03, 0x80, 0x00,
    0x00, 0x1E, 0x00, 0x03, 0xC0, 0x00, 0x00, 0x3C, 0x00, 0x03, 0xFC, 0x00, 0x00, 0xFC, 0x00, 0x01,
    0xFF, 0x00, 0x01, 0xFC, 0x00, 0x01, 0xFF, 0x80, 0x03, 0xE0, 0x00, 0x60, 0x07, 0xC0, 0x07, 0x80,
    0x00, 0xF0, 0x01, 0xE0, 0x07, 0x00, 0x00, 0xF0, 0x00, 0xE0, 0x0F, 0x00, 0x40, 0xF0, 0x00, 0xF0,
    0x0E, 0x00, 0x40, 0x60, 0x00, 0x70, 0x0E, 0x00, 0xE0, 0x00, 0x00, 0x70, 0x0E, 0x01, 0xF0, 0x00,
    0x00, 0x70, 0x0E, 0x01, 0xF0, 0x00, 0x00, 0x70, 0x0E, 0x01, 0xF0, 0x00, 0x00, 0x70, 0x0F, 0x01,
    0xF0, 0x60, 0x00, 0xF0, 0x07, 0x00, 0xE0, 0xE0, 0x00, 0xE0, 0x07, 0x80, 0x01, 0xF0, 0x01, 0xE0,
    0x03, 0xE0, 0x03, 0xF8, 0x07, 0xC0, 0x01, 0xF8, 0x03, 0xF8, 0x1F, 0x80, 0x00, 0xF8, 0x07, 0xFC,
    0x1F, 0x00, 0x00, 0x38, 0x07, 0xFC, 0x1C, 0x00, 0x00, 0x00, 0x07, 0xFC, 0x00, 0x00, 0x00, 0x00,
    0x07, 0xFC, 0x00, 0x00, 0x00, 0x00, 0x03, 0xF8, 0x00, 0x00, 0x00, 0x00, 0x01, 0xF0, 0x00, 0x00,
    0x00, 0x00, 0x00, 0x00, 0x00, 0x00, 0x00, 0x00, 0x00, 0x00, 0x00, 0x00, 0x00, 0x00, 0x00, 0x00,
    0x00, 0x00, 0x00, 0x00, 0x00, 0x00, 0x00, 0x00, 0x00, 0x00, 0x00, 0x00, 0x00, 0x00, 0x00, 0x00,
    0x00, 0x00, 0x00, 0x00, 0x00, 0x00, 0x00, 0x00, 0x00, 0x00, 0x00, 0x00, 0x00, 0x00, 0x00, 0x00,
};
const gfx_bitmap_t gfx_icon_wx_drizzle_48 = { s_wx_drizzle_48, 48, 48, 1 };

static const uint8_t s_wx_rain_16[] = {
    0x00, 0x00, 0x07, 0x80, 0x0C, 0x40, 0x18, 0x60, 0x30, 0x38, 0x60, 0x0C, 0x40, 0x04, 0x45, 0xA4,
    0x65, 0x4C, 0x35, 0x58, 0x05, 0x40, 0x02, 0x00, 0x02, 0x00, 0x02, 0x00, 0x00, 0x00, 0x00, 0x00,
};
const gfx_bitmap_t gfx_icon_wx_rain_16 = { s_wx_rain_16, 16, 16, 1 };

static const uint8_t s_wx_rain_24[] = {
    0x00, 0x00, 0x00, 0x00, 0x00, 0x00, 0x00, 0x7C, 0x00, 0x01, 0xFE, 0x00, 0x01, 0x83, 0x00, 0x03,
    0x01, 0x80, 0x07, 0x01, 0xE0, 0x1E, 0x01, 0xF8, 0x18, 0x00, 0x18, 0x30, 0x00, 0x0C, 0x30, 0x00,
    0x0C, 0x30, 0x49, 0x0C, 0x30, 0xC9, 0x0C, 0x18, 0xDB, 0x18, 0x1C, 0xDB, 0x38, 0x0C, 0x93, 0x30,
    0x01, 0x92, 0x00, 0x01, 0xB6, 0x00, 0x00, 0x30, 0x00, 0x00, 0x20, 0x00, 0x00, 0x60, 0x00, 0x00,
    0x00, 0x00, 0x00, 0x00, 0x00, 0x00, 0x00, 0x00,
};
const gfx_bitmap_t gfx_icon_wx_rain_24 = { s_wx_rain_24, 24, 24, 1 };

static const uint8_t s_wx_rain_48[] = {
    0x00, 0x00, 0x00, 0x00, 0x00, 0x00, 0x00, 0x00, 0x00, 0x00, 0x00, 0x00, 0x00, 0x00, 0x00, 0x00,
    0x00, 0x00, 0x00, 0x00, 0x00, 0x00, 0x00, 0x00, 0x00, 0x00, 0x00, 0x00, 0x00, 0x00, 0x00, 0x00,
    0x1F, 0xC0, 0x00, 0x00, 0x00, 0x00, 0x7F, 0xF0, 0x00, 0x00, 0x00, 0x01, 0xFF, 0xF8, 0x00, 0x00,
    0x00, 0x03, 0xE0, 0x7C, 0x00, 0x00, 0x00, 0x07, 0xC0, 0x1E, 0x00, 0x00, 0x00, 0x0F, 0x00, 0x0F,
    0x00, 0x00, 0x00, 0x0F, 0x00, 0x07, 0x00, 0x00, 0x00, 0x1E, 0x00, 0x07, 0x80, 0x00, 0x00, 0x1E,
    0x00, 0x03, 0x80, 0x00, 0x00, 0x3C, 0x00, 0x03, 0xF8, 0x00, 0x00, 0xFC, 0x00, 0x03, 0xFE, 0x00,
    0x01, 0xFC, 0x00, 0x03, 0xFF, 0x00, 0x03, 0xE0, 0x00, 0x00, 0x0F, 0x80, 0x07, 0x80, 0x00, 0x00,
    0x03, 0xC0, 0x07, 0x00, 0x00, 0x00, 0x01, 0xC0, 0x0F, 0x00, 0x00, 0x00, 0x01, 0xE0, 0x0E, 0x00,
    0x00, 0x00, 0x00, 0xE0, 0x0E, 0x00, 0x00, 0x00, 0x00, 0xE0, 0x0E, 0x00, 0x30, 0xC3, 0x00, 0xE0,
    0x0E, 0x00, 0x71, 0xE3, 0x80, 0xE0, 0x0F, 0x00, 0x71, 0xC7, 0x81, 0xE0, 0x07, 0x00, 0xF1, 0xC7,
    0x01, 0xC0, 0x07, 0x80, 0xF1, 0xC7, 0x03, 0xC0, 0x03, 0xE0, 0xE3, 0xC7, 0x0F, 0x80, 0x01, 0xF8,
    0xE3, 0x8F, 0x3F, 0x00, 0x00, 0xF9, 0xE3, 0x8E, 0x3E, 0x00, 0x00, 0x39, 0xC7, 0x8E, 0x38, 0x00,
    0x00, 0x01, 0xC7, 0x1E, 0x00, 0x00, 0x00, 0x03, 0xC7, 0x1C, 0x00, 0x00, 0x00, 0x03, 0xC7, 0x1C,
    0x00, 0x00, 0x00, 0x03, 0x8F, 0x1C, 0x00, 0x00, 0x00, 0x01, 0x8E, 0x18, 0x00, 0x00, 0x00, 0x00,
    0x0E, 0x00, 0x00, 0x00, 0x00, 0x00, 0x0E, 0x00, 0x00, 0x00, 0x00, 0x00, 0x1E, 0x00, 0x00, 0x00,
    0x00, 0x00, 0x1C, 0x00, 0x00, 0x00, 0x00, 0x00, 0x1C, 0x00, 0x00, 0x00, 0x00, 0x00, 0x08, 0x00,
    0x00, 0x00, 0x00, 0x00, 0x00, 0x00, 0x00, 0x00, 0x00, 0x00, 0x00, 0x00, 0x00, 0x00, 0x00, 0x00,
    0x00, 0x00, 0x00, 0x00, 0x00, 0x00, 0x00, 0x00, 0x00, 0x00, 0x00, 0x00, 0x00, 0x00, 0x00, 0x00,
};
const gfx_bitmap_t gfx_icon_wx_rain_48 = { s_wx_rain_48, 48, 48, 1 };

static const uint8_t s_wx_freezing_16[] = {
    0x00, 0x00, 0x07, 0x80, 0x0C, 0x40, 0x08, 0x60, 0x30, 0x38, 0x60, 0x0C, 0x40, 0x04, 0x40, 0x04,
    0x60, 0x0C, 0x35, 0x58, 0x01, 0x00, 0x0A, 0x40, 0x02, 0x00, 0x02, 0x00, 0x00, 0x00, 0x00, 0x00,
};
const gfx_bitmap_t gfx_icon_wx_freezing_16 = { s_wx_freezing_16, 16, 16, 1 };

static const uint8_t s_wx_freezing_24[] = {
    0x00, 0x00, 0x00, 0x00, 0x00, 0x00, 0x00, 0x30, 0x00, 0x00, 0xFC, 0x00, 0x01, 0x86, 0x00, 0x03,
    0x03, 0x00, 0x02, 0x01, 0x00, 0x0E, 0x01, 0xE0, 0x1C, 0x00, 0x38, 0x30, 0x00, 0x18, 0x30, 0x00,
    0x08, 0x30, 0x00, 0x0C, 0x30, 0x00, 0x08, 0x30, 0x00, 0x18, 0x1E, 0x10, 0x70, 0x0E, 0x93, 0x60,
    0x00, 0x10, 0x00, 0x01, 0x86, 0x00, 0x01, 0xB6, 0x00, 0x00, 0x00, 0x00, 0x00, 0x60, 0x00, 0x00,
    0x20, 0x00, 0x00, 0x00, 0x00, 0x00, 0x00, 0x00,
};
const gfx_bitmap_t gfx_icon_wx_freezing_24 = { s_wx_freezing_24, 24, 24, 1 };

static const uint8_t s_wx_freezing_48[] = {
    0x00, 0x00, 0x00, 0x00, 0x00, 0x00, 0x00, 0x00, 0x00, 0x00, 0x00, 0x00, 0x00, 0x00, 0x00, 0x00,
    0x00, 0x00, 0x00, 0x00, 0x00, 0x00, 0x00, 0x00, 0x00, 0x00, 0x1F, 0xC0, 0x00, 0x00, 0x00, 0x00,
    0xFF, 0xF0, 0x00, 0x00, 0x00, 0x01, 0xFF, 0xF8, 0x00, 0x00, 0x00, 0x03, 0xF0, 0x7C, 0x00, 0x00,
    0x00, 0x07, 0xC0, 0x1E, 0x00, 0x00, 0x00, 0x0F, 0x00, 0x0F, 0x00, 0x00, 0x00, 0x0F, 0x00, 0x07,
    0x00, 0x00, 0x00, 0x1E, 0x00, 0x07, 0x80, 0x00, 0x00, 0x1E, 0x00, 0x03, 0x80, 0x00, 0x00, 0x7C,
    0x00, 0x03, 0xFC, 0x00, 0x00, 0xFC, 0x00, 0x03, 0xFF, 0x00, 0x03, 0xFC, 0x00, 0x03, 0xFF, 0x80,
    0x03, 0xC0, 0x00, 0x00, 0x07, 0x80, 0x07, 0x80, 0x00, 0x00, 0x03, 0xC0, 0x07, 0x00, 0x00, 0x00,
    0x01, 0xC0, 0x0F, 0x00, 0x00, 0x00, 0x01, 0xE0, 0x0E, 0x00, 0x00, 0x00, 0x00, 0xE0, 0x0E, 0x00,
    0x00, 0x00, 0x00, 0xE0, 0x0E, 0x00, 0x00, 0x00, 0x00, 0xE0, 0x0E, 0x00, 0x00, 0x00, 0x00, 0xE0,
    0x0F, 0x00, 0x00, 0x00, 0x01, 0xE0, 0x07, 0x00, 0x00, 0x00, 0x01, 0xC0, 0x07, 0x80, 0x00, 0x00,
    0x03, 0xC0, 0x03, 0xE0, 0x00, 0x00, 0x0F, 0x80, 0x01, 0xF8, 0xC3, 0x84, 0x3F, 0x00, 0x00, 0xF8,
    0xE3, 0x8E, 0x3E, 0x00, 0x00, 0x38, 0xE3, 0x8E, 0x38, 0x00, 0x00, 0x00, 0x07, 0x80, 0x00, 0x00,
    0x00, 0x00, 0x03, 0x00, 0x00, 0x00, 0x00, 0x01, 0xC0, 0x1C, 0x00, 0x00, 0x00, 0x03, 0xC6, 0x1C,
    0x00, 0x00, 0x00, 0x03, 0x8E, 0x1C, 0x00, 0x00, 0x00, 0x01, 0x86, 0x18, 0x00, 0x00, 0x00, 0x00,
    0x00, 0x00, 0x00, 0x00, 0x00, 0x00, 0x08, 0x00, 0x00, 0x00, 0x00, 0x00, 0x1C, 0x00, 0x00, 0x00,
    0x00, 0x00, 0x1C, 0x00, 0x00, 0x00, 0x00, 0x00, 0x1C, 0x00, 0x00, 0x00, 0x00, 0x00, 0x08, 0x00,
    0x00, 0x00, 0x00, 0x00, 0x00, 0x00, 0x00, 0x00, 0x00, 0x00, 0x00, 0x00, 0x00, 0x00, 0x00, 0x00,
    0x00, 0x00, 0x00, 0x00, 0x00, 0x00, 0x00, 0x00, 0x00, 0x00, 0x00, 0x00, 0x00, 0x00, 0x00, 0x00,
};
const gfx_bitmap_t gfx_icon_wx_freezing_48 = { s_wx_freezing_48, 48, 48, 1 };

static const uint8_t s_wx_snow_16[] = {
    0x00, 0x00, 0x00, 0x00, 0x07, 0x80, 0x0C, 0x40, 0x08, 0x60, 0x30, 0x38, 0x60, 0x0C, 0x40, 0x04,
    0x40, 0x04, 0x61, 0x0C, 0x34, 0x58, 0x01, 0x00, 0x04, 0x40, 0x01, 0x00, 0x00, 0x00, 0x00, 0x00,
};
const gfx_bitmap_t gfx_icon_wx_snow_16 = { s_wx_snow_16, 16, 16, 1 };

static const uint8_t s_wx_snow_24[] = {
    0x00, 0x00, 0x00, 0x00, 0x00, 0x00, 0x00, 0x7C, 0x00, 0x01, 0xFE, 0x00, 0x03, 0x87, 0x00, 0x03,
    0x01, 0x80, 0x06, 0x01, 0xE0, 0x1E, 0x01, 0xF8, 0x18, 0x00, 0x18, 0x30, 0x00, 0x0C, 0x30, 0x00,
    0x0C, 0x30, 0x00, 0x0C, 0x30, 0x18, 0x0C, 0x18, 0x18, 0x18, 0x1C, 0xC3, 0x38, 0x0C, 0xC3, 0x30,
    0x00, 0x18, 0x00, 0x00, 0xDB, 0x00, 0x00, 0xC3, 0x00, 0x00, 0x18, 0x00, 0x00, 0x18, 0x00, 0x00,
    0x00, 0x00, 0x00, 0x00, 0x00, 0x00, 0x00, 0x00,
};
const gfx_bitmap_t gfx_icon_wx_snow_24 = { s_wx_snow_24, 24, 24, 1 };

static const uint8_t s_wx_snow_48[] = {
    0x00, 0x00, 0x00, 0x00, 0x00, 0x00, 0x00, 0x00, 0x00, 0x00, 0x00, 0x00, 0x00, 0x00, 0x00, 0x00,
    0x00, 0x00, 0x00, 0x00, 0x00, 0x00, 0x00, 0x00, 0x00, 0x00, 0x1F, 0xC0, 0x00, 0x00, 0x00, 0x00,
    0x7F, 0xF0, 0x00, 0x00, 0x00, 0x01, 0xFF, 0xFC, 0x00, 0x00, 0x00, 0x03, 0xF0, 0x7E, 0x00, 0x00,
    0x00, 0x07, 0xC0, 0x1F, 0x00, 0x00, 0x00, 0x07, 0x00, 0x0F, 0x00, 0x00, 0x00, 0x0F, 0x00, 0x07,
    0x80, 0x00, 0x00, 0x0E, 0x00, 0x03, 0x80, 0x00, 0x00, 0x1E, 0x00, 0x03, 0xC0, 0x00, 0x00, 0x3C,
    0x00, 0x01, 0xFC, 0x00, 0x00, 0xFC, 0x00, 0x01, 0xFF, 0x00, 0x01, 0xFC, 0x00, 0x01, 0xFF, 0x80,
    0x03, 0xE0, 0x00, 0x00, 0x07, 0xC0, 0x07, 0x80, 0x00, 0x00, 0x01, 0xE0, 0x07, 0x00, 0x00, 0x00,
    0x00, 0xE0, 0x07, 0x00, 0x00, 0x00, 0x00, 0xE0, 0x0E, 0x00, 0x00, 0x00, 0x00, 0x70, 0x0E, 0x00,
    0x00, 0x00, 0x00, 0x70, 0x0E, 0x00, 0x00, 0x00, 0x00, 0x70, 0x0E, 0x00, 0x00, 0x00, 0x00, 0x70,
    0x0E, 0x00, 0x00, 0x00, 0x00, 0x70, 0x0F, 0x00, 0x00, 0x00, 0x00, 0xF0, 0x07, 0x00, 0x03, 0x80,
    0x00, 0xE0, 0x07, 0x80, 0x03, 0x80, 0x01, 0xE0, 0x03, 0xE0, 0x03, 0x80, 0x07, 0xC0, 0x01, 0xF8,
    0xE0, 0x07, 0x1F, 0x80, 0x00, 0xF8, 0xE0, 0x07, 0x1F, 0x00, 0x00, 0x38, 0xE0, 0x07, 0x1C, 0x00,
    0x00, 0x00, 0x03, 0x80, 0x00, 0x00, 0x00, 0x00, 0x03, 0x80, 0x00, 0x00, 0x00, 0x00, 0x03, 0x80,
    0x00, 0x00, 0x00, 0x00, 0x00, 0x00, 0x00, 0x00, 0x00, 0x00, 0xE0, 0x07, 0x00, 0x00, 0x00, 0x00,
    0xE0, 0x07, 0x00, 0x00, 0x00, 0x00, 0xE0, 0x07, 0x00, 0x00, 0x00, 0x00, 0x00, 0x00, 0x00, 0x00,
    0x00, 0x00, 0x03, 0x80, 0x00, 0x00, 0x00, 0x00, 0x03, 0x80, 0x00, 0x00, 0x00, 0x00, 0x03, 0x80,
    0x00, 0x00, 0x00, 0x00, 0x00, 0x00, 0x00, 0x00, 0x00, 0x00, 0x00, 0x00, 0x00, 0x00, 0x00, 0x00,
    0x00, 0x00, 0x00, 0x00, 0x00, 0x00, 0x00, 0x00, 0x00, 0x00, 0x00, 0x00, 0x00, 0x00, 0x00, 0x00,
};
const gfx_bitmap_t gfx_icon_wx_snow_48 = { s_wx_snow_48, 48, 48, 1 };

static const uint8_t s_wx_showers_day_16[] = {
    0x00, 0x00, 0x00, 0x00, 0x00, 0x40, 0x00, 0x40, 0x02, 0x08, 0x07, 0xE0, 0x08, 0x90, 0x08, 0xD4,
    0x30, 0x30, 0x20, 0x10, 0x24, 0x98, 0x12, 0x60, 0x08, 0x80, 0x00, 0x00, 0x00, 0x00, 0x00, 0x00,
};
const gfx_bitmap_t gfx_icon_wx_showers_day_16 = { s_wx_showers_day_16, 16, 16, 1 };

static const uint8_t s_wx_showers_day_24[] = {
    0x00, 0x00, 0x00, 0x00, 0x00, 0x00, 0x00, 0x04, 0x00, 0x00, 0x04, 0x00, 0x00, 0xC0, 0x20, 0x00,
    0x00, 0x60, 0x00, 0x0F, 0x00, 0x03, 0xF1, 0x80, 0x06, 0x18, 0x80, 0x04, 0x08, 0xDC, 0x1C, 0x0F,
    0xC0, 0x10, 0x01, 0x80, 0x20, 0x00, 0x80, 0x21, 0x08, 0x80, 0x31, 0x08, 0xB0, 0x18, 0x01, 0x00,
    0x0C, 0x42, 0x00, 0x02, 0x50, 0x00, 0x02, 0x10, 0x00, 0x00, 0x80, 0x00, 0x00, 0x80, 0x00, 0x00,
    0x00, 0x00, 0x00, 0x00, 0x00, 0x00, 0x00, 0x00,
};
const gfx_bitmap_t gfx_icon_wx_showers_day_24 = { s_wx_showers_day_24, 24, 24, 1 };

static const uint8_t s_wx_showers_day_48[] = {
    0x00, 0x00, 0x00, 0x00, 0x00, 0x00, 0x00, 0x00, 0x00, 0x00, 0x00, 0x00, 0x00, 0x00, 0x00, 0x00,
    0x00, 0x00, 0x00, 0x00, 0x00, 0x00, 0x00, 0x00, 0x00, 0x00, 0x00, 0x00, 0x00, 0x00, 0x00, 0x00,
    0x00, 0x38, 0x00, 0x00, 0x00, 0x00, 0x00, 0x38, 0x00, 0x00, 0x00, 0x00, 0x00, 0x38, 0x00, 0x00,
    0x00, 0x00, 0x00, 0x38, 0x00, 0x00, 0x00, 0x00, 0xE0, 0x18, 0x0E, 0x00, 0x00, 0x00, 0xF0, 0x00,
    0x1E, 0x00, 0x00, 0x00, 0x60, 0x00, 0x1C, 0x00, 0x00, 0x00, 0x00, 0x10, 0x18, 0x00, 0x00, 0x00,
    0x00, 0xFE, 0x00, 0x00, 0x00, 0x01, 0xFB, 0xFF, 0x80, 0x00, 0x00, 0x07, 0xFF, 0x83, 0xC0, 0x00,
    0x00, 0x0F, 0x9F, 0x01, 0xC0, 0x00, 0x00, 0x1E, 0x03, 0x80, 0xE0, 0x00, 0x00, 0x38, 0x01, 0xC0,
    0x60, 0x00, 0x00, 0x38, 0x01, 0xC0, 0x63, 0xE0, 0x00, 0x30, 0x00, 0xE0, 0x63, 0xE0, 0x00, 0xF0,
    0x00, 0xFE, 0x60, 0x00, 0x03, 0xF0, 0x00, 0xFF, 0xE0, 0x00, 0x07, 0x80, 0x00, 0x07, 0xE0, 0x00,
    0x07, 0x00, 0x00, 0x03, 0xC0, 0x00, 0x0E, 0x00, 0x00, 0x01, 0xC0, 0x00, 0x0E, 0x00, 0x00, 0x00,
    0xC0, 0x00, 0x0E, 0x00, 0x00, 0x00, 0xC0, 0x00, 0x0E, 0x03, 0x80, 0xC0, 0xCC, 0x00, 0x0E, 0x03,
    0x80, 0xC1, 0xCE, 0x00, 0x06, 0x03, 0x00, 0xC1, 0xCE, 0x00, 0x07, 0x03, 0x00, 0xC3, 0x84, 0x00,
    0x03, 0xE0, 0x10, 0x0F, 0x80, 0x00, 0x01, 0xE0, 0x30, 0x1E, 0x00, 0x00, 0x00, 0x60, 0x30, 0x1C,
    0x00, 0x00, 0x00, 0x0E, 0x33, 0x00, 0x00, 0x00, 0x00, 0x0E, 0x03, 0x00, 0x00, 0x00, 0x00, 0x0C,
    0x03, 0x00, 0x00, 0x00, 0x00, 0x0C, 0x03, 0x00, 0x00, 0x00, 0x00, 0x00, 0x40, 0x00, 0x00, 0x00,
    0x00, 0x00, 0xC0, 0x00, 0x00, 0x00, 0x00, 0x00, 0xC0, 0x00, 0x00, 0x00, 0x00, 0x00, 0xC0, 0x00,
    0x00, 0x00, 0x00, 0x00, 0x00, 0x00, 0x00, 0x00, 0x00, 0x00, 0x00, 0x00, 0x00, 0x00, 0x00, 0x00,
    0x00, 0x00, 0x00, 0x00, 0x00, 0x00, 0x00, 0x00, 0x00, 0x00, 0x00, 0x00, 0x00, 0x00, 0x00, 0x00,
};
const gfx_bitmap_t gfx_icon_wx_showers_day_48 = { s_wx_showers_day_48, 48, 48, 1 };

static const uint8_t s_wx_showers_night_16[] = {
    0x00, 0x00, 0x00, 0x38, 0x03, 0xC8, 0x0C, 0x48, 0x08, 0x26, 0x18, 0x3C, 0x60, 0x0C, 0x40, 0x04,
    0x42, 0x24, 0x62, 0x2C, 0x19, 0x18, 0x05, 0x40, 0x04, 0x40, 0x02, 0x00, 0x02, 0x00, 0x00, 0x00,
};
const gfx_bitmap_t gfx_icon_wx_showers_night_16 = { s_wx_showers_night_16, 16, 16, 1 };

static const uint8_t s_wx_showers_night_24[] = {
    0x00, 0x00, 0x00, 0x00, 0x00, 0x00, 0x00, 0x01, 0xC0, 0x00, 0x07, 0x40, 0x00, 0xFE, 0x40, 0x01,
    0x06, 0x60, 0x02, 0x03, 0x38, 0x06, 0x01, 0xD8, 0x1E, 0x01, 0xF0, 0x18, 0x00, 0x30, 0x30, 0x00,
    0x10, 0x30, 0x00, 0x10, 0x30, 0x81, 0x10, 0x38, 0x81, 0x30, 0x1E, 0x10, 0xE0, 0x06, 0x30, 0xC0,
    0x01, 0x02, 0x00, 0x01, 0x02, 0x00, 0x00, 0x00, 0x00, 0x00, 0x60, 0x00, 0x00, 0x60, 0x00, 0x00,
    0x00, 0x00, 0x00, 0x00, 0x00, 0x00, 0x00, 0x00,
};
const gfx_bitmap_t gfx_icon_wx_showers_night_24 = { s_wx_showers_night_24, 24, 24, 1 };

static const uint8_t s_wx_showers_night_48[] = {
    0x00, 0x00, 0x00, 0x00, 0x00, 0x00, 0x00, 0x00, 0x00, 0x00, 0x00, 0x00, 0x00, 0x00, 0x00, 0x00,
    0x00, 0x00, 0x00, 0x00, 0x00, 0x00, 0x00, 0x00, 0x00, 0x00, 0x00, 0x03, 0xF8, 0x00, 0x00, 0x00,
    0x00, 0x0F, 0xF8, 0x00, 0x00, 0x00, 0x00, 0x3F, 0xF8, 0x00, 0x00, 0x00, 0x3F, 0x7E, 0x38, 0x00,
    0x00, 0x00, 0xFF, 0xF8, 0x38, 0x00, 0x00, 0x03, 0xFF, 0xF0, 0x38, 0x00, 0x00, 0x07, 0xC1, 0xF0,
    0x1C, 0x00, 0x00, 0x0F, 0x80, 0x78, 0x1E, 0x00, 0x00, 0x0F, 0x00, 0x3C, 0x1F, 0x00, 0x00, 0x1E,
    0x00, 0x1C, 0x0F, 0xC0, 0x00, 0x1C, 0x00, 0x1E, 0x07, 0xE0, 0x00, 0x1C, 0x00, 0x0E, 0x03, 0xE0,
    0x00, 0x38, 0x00, 0x0F, 0xE1, 0xC0, 0x00, 0xF8, 0x00, 0x0F, 0xFB, 0xC0, 0x03, 0xF8, 0x00, 0x0F,
    0xFF, 0x80, 0x03, 0xC0, 0x00, 0x00, 0x1F, 0x80, 0x07, 0x80, 0x00, 0x00, 0x0F, 0x00, 0x0F, 0x00,
    0x00, 0x00, 0x07, 0x00, 0x0E, 0x00, 0x00, 0x00, 0x03, 0x80, 0x0E, 0x00, 0x00, 0x00, 0x03, 0x80,
    0x0E, 0x00, 0x00, 0x00, 0x03, 0x80, 0x0E, 0x00, 0xE0, 0x0E, 0x03, 0x80, 0x0E, 0x00, 0xE0, 0x0E,
    0x03, 0x80, 0x0F, 0x00, 0xE0, 0x1E, 0x07, 0x00, 0x07, 0x80, 0xE0, 0x0C, 0x0F, 0x00, 0x03, 0xC0,
    0x00, 0x00, 0x3E, 0x00, 0x03, 0xF0, 0x07, 0x00, 0xFC, 0x00, 0x00, 0xF0, 0x07, 0x00, 0xF8, 0x00,
    0x00, 0x30, 0x07, 0x00, 0xE0, 0x00, 0x00, 0x03, 0x8E, 0x30, 0x00, 0x00, 0x00, 0x03, 0x86, 0x78,
    0x00, 0x00, 0x00, 0x07, 0x80, 0x70, 0x00, 0x00, 0x00, 0x07, 0x00, 0x70, 0x00, 0x00, 0x00, 0x07,
    0x00, 0x70, 0x00, 0x00, 0x00, 0x00, 0x18, 0x00, 0x00, 0x00, 0x00, 0x00, 0x1C, 0x00, 0x00, 0x00,
    0x00, 0x00, 0x38, 0x00, 0x00, 0x00, 0x00, 0x00, 0x38, 0x00, 0x00, 0x00, 0x00, 0x00, 0x38, 0x00,
    0x00, 0x00, 0x00, 0x00, 0x00, 0x00, 0x00, 0x00, 0x00, 0x00, 0x00, 0x00, 0x00, 0x00, 0x00, 0x00,
    0x00, 0x00, 0x00, 0x00, 0x00, 0x00, 0x00, 0x00, 0x00, 0x00, 0x00, 0x00, 0x00, 0x00, 0x00, 0x00,
};
const gfx_bitmap_t gfx_icon_wx_showers_night_48 = { s_wx_showers_night_48, 48, 48, 1 };

static const uint8_t s_wx_snow_showers_day_16[] = {
    0x00, 0x00, 0x00, 0x40, 0x00, 0x40, 0x02, 0x08, 0x00, 0xE0, 0x0F, 0x10, 0x10, 0x96, 0x30, 0xF0,
    0x40, 0x10, 0x40, 0x10, 0x42, 0x30, 0x38, 0x60, 0x02, 0x00, 0x08, 0x00, 0x02, 0x00, 0x00, 0x00,
};
const gfx_bitmap_t gfx_icon_wx_snow_showers_day_16 = { s_wx_snow_showers_day_16, 16, 16, 1 };

static const uint8_t s_wx_snow_showers_day_24[] = {
    0x00, 0x00, 0x00, 0x00, 0x00, 0x00, 0x00, 0x04, 0x00, 0x00, 0x04, 0x00, 0x00, 0xC0, 0x20, 0x00,
    0x00, 0x60, 0x00, 0x1F, 0x00, 0x03, 0xF1, 0x80, 0x06, 0x18, 0x80, 0x04, 0x08, 0xDC, 0x1C, 0x0F,
    0xC0, 0x10, 0x01, 0x80, 0x20, 0x00, 0x80, 0x20, 0x00, 0x80, 0x30, 0x00, 0xA0, 0x18, 0x41, 0x00,
    0x0D, 0x16, 0x00, 0x00, 0x40, 0x00, 0x01, 0x00, 0x00, 0x01, 0x00, 0x00, 0x00, 0x40, 0x00, 0x00,
    0x00, 0x00, 0x00, 0x00, 0x00, 0x00, 0x00, 0x00,
};
const gfx_bitmap_t gfx_icon_wx_snow_showers_day_24 = { s_wx_snow_showers_day_24, 24, 24, 1 };

static const uint8_t s_wx_snow_showers_day_48[] = {
    0x00, 0x00, 0x00, 0x00, 0x00, 0x00, 0x00, 0x00, 0x00, 0x00, 0x00, 0x00, 0x00, 0x00, 0x00, 0x00,
    0x00, 0x00, 0x00, 0x00, 0x00, 0x00, 0x00, 0x00, 0x00, 0x00, 0x00, 0x00, 0x00, 0x00, 0x00, 0x00,
    0x00, 0x38, 0x00, 0x00, 0x00, 0x00, 0x00, 0x38, 0x00, 0x00, 0x00, 0x00, 0x00, 0x38, 0x00, 0x00,
    0x00, 0x00, 0x00, 0x38, 0x00, 0x00, 0x00, 0x00, 0xE0, 0x18, 0x0E, 0x00, 0x00, 0x00, 0xF0, 0x00,
    0x1E, 0x00, 0x00, 0x00, 0x60, 0x00, 0x1C, 0x00, 0x00, 0x00, 0x00, 0x38, 0x38, 0x00, 0x00, 0x00,
    0x00, 0xFF, 0x00, 0x00, 0x00, 0x01, 0xFB, 0xFF, 0x80, 0x00, 0x00, 0x07, 0xFF, 0x83, 0xC0, 0x00,
    0x00, 0x0F, 0x9F, 0x01, 0xC0, 0x00, 0x00, 0x1E, 0x07, 0x80, 0xE0, 0x00, 0x00, 0x38, 0x01, 0xC0,
    0xE0, 0x00, 0x00, 0x38, 0x01, 0xC0, 0x63, 0xE0, 0x00, 0x30, 0x00, 0xC0, 0x63, 0xE0, 0x00, 0xF0,
    0x00, 0xFC, 0xE0, 0x00, 0x03, 0xF0, 0x00, 0xFF, 0xE0, 0x00, 0x07, 0x80, 0x00, 0x07, 0xC0, 0x00,
    0x07, 0x00, 0x00, 0x03, 0xC0, 0x00, 0x0E, 0x00, 0x00, 0x01, 0xC0, 0x00, 0x0E, 0x00, 0x00, 0x01,
    0xC0, 0x00, 0x0C, 0x00, 0x00, 0x00, 0xC0, 0x00, 0x0E, 0x00, 0x00, 0x00, 0xCC, 0x00, 0x0E, 0x00,
    0x00, 0x01, 0xCE, 0x00, 0x0E, 0x00, 0x30, 0x01, 0xCE, 0x00, 0x07, 0x00, 0x30, 0x03, 0x80, 0x00,
    0x03, 0xE0, 0x00, 0x1F, 0x00, 0x00, 0x01, 0xE7, 0x01, 0x9E, 0x00, 0x00, 0x00, 0x62, 0x01, 0x9C,
    0x00, 0x00, 0x00, 0x00, 0x30, 0x00, 0x00, 0x00, 0x00, 0x00, 0x30, 0x00, 0x00, 0x00, 0x00, 0x00,
    0x30, 0x00, 0x00, 0x00, 0x00, 0x07, 0x01, 0x80, 0x00, 0x00, 0x00, 0x07, 0x01, 0x80, 0x00, 0x00,
    0x00, 0x00, 0x00, 0x00, 0x00, 0x00, 0x00, 0x00, 0x30, 0x00, 0x00, 0x00, 0x00, 0x00, 0x30, 0x00,
    0x00, 0x00, 0x00, 0x00, 0x00, 0x00, 0x00, 0x00, 0x00, 0x00, 0x00, 0x00, 0x00, 0x00, 0x00, 0x00,
    0x00, 0x00, 0x00, 0x00, 0x00, 0x00, 0x00, 0x00, 0x00, 0x00, 0x00, 0x00, 0x00, 0x00, 0x00, 0x00,
};
const gfx_bitmap_t gfx_icon_wx_snow_showers_day_48 = { s_wx_snow_showers_day_48, 48, 48, 1 };

static const uint8_t s_wx_snow_showers_night_16[] = {
    0x00, 0x00, 0x00, 0x38, 0x07, 0xC8, 0x0C, 0x48, 0x08, 0x66, 0x30, 0x3C, 0x60, 0x0C, 0x40, 0x04,
    0x40, 0x04, 0x61, 0x0C, 0x34, 0x58, 0x01, 0x00, 0x04, 0x40, 0x00, 0x00, 0x01, 0x00, 0x00, 0x00,
};
const gfx_bitmap_t gfx_icon_wx_snow_showers_night_16 = { s_wx_snow_showers_night_16, 16, 16, 1 };

static const uint8_t s_wx_snow_showers_night_24[] = {
    0x00, 0x00, 0x00, 0x00, 0x00, 0x00, 0x00, 0x01, 0xC0, 0x00, 0x07, 0xC0, 0x00, 0xF6, 0x40, 0x01,
    0xFC, 0x40, 0x03, 0x8C, 0x20, 0x03, 0x06, 0x38, 0x06, 0x03, 0xD8, 0x1E, 0x03, 0xF0, 0x18, 0x00,
    0x30, 0x30, 0x00, 0x10, 0x30, 0x00, 0x10, 0x30, 0x00, 0x10, 0x38, 0x30, 0x30, 0x1C, 0x00, 0x60,
    0x06, 0x84, 0xC0, 0x00, 0x30, 0x00, 0x00, 0x30, 0x00, 0x00, 0x84, 0x00, 0x00, 0x30, 0x00, 0x00,
    0x30, 0x00, 0x00, 0x00, 0x00, 0x00, 0x00, 0x00,
};
const gfx_bitmap_t gfx_icon_wx_snow_showers_night_24 = { s_wx_snow_showers_night_24, 24, 24, 1 };

static const uint8_t s_wx_snow_showers_night_48[] = {
    0x00, 0x00, 0x00, 0x00, 0x00, 0x00, 0x00, 0x00, 0x00, 0x00, 0x00, 0x00, 0x00, 0x00, 0x00, 0x00,
    0x00, 0x00, 0x00, 0x00, 0x00, 0x00, 0x00, 0x00, 0x00, 0x00, 0x00, 0x03, 0xF0, 0x00, 0x00, 0x00,
    0x00, 0x0F, 0xF8, 0x00, 0x00, 0x00, 0x00, 0x1F, 0xF8, 0x00, 0x00, 0x00, 0x3F, 0x3E, 0x38, 0x00,
    0x00, 0x00, 0xFF, 0xF8, 0x38, 0x00, 0x00, 0x03, 0xFF, 0xF0, 0x3C, 0x00, 0x00, 0x07, 0xC0, 0xF8,
    0x1C, 0x00, 0x00, 0x0F, 0x00, 0x3C, 0x1E, 0x00, 0x00, 0x0E, 0x00, 0x1E, 0x0F, 0x80, 0x00, 0x1E,
    0x00, 0x0E, 0x07, 0xE0, 0x00, 0x1C, 0x00, 0x0F, 0x03, 0xE0, 0x00, 0x3C, 0x00, 0x07, 0xE1, 0xC0,
    0x00, 0xF8, 0x00, 0x07, 0xFB, 0xC0, 0x01, 0xF8, 0x00, 0x07, 0xFF, 0x80, 0x03, 0xC0, 0x00, 0x00,
    0x1F, 0x80, 0x07, 0x80, 0x00, 0x00, 0x0F, 0x00, 0x07, 0x00, 0x00, 0x00, 0x07, 0x00, 0x0F, 0x00,
    0x00, 0x00, 0x07, 0x80, 0x0E, 0x00, 0x00, 0x00, 0x03, 0x80, 0x0E, 0x00, 0x00, 0x00, 0x03, 0x80,
    0x0E, 0x00, 0x00, 0x00, 0x03, 0x80, 0x0E, 0x00, 0x00, 0x00, 0x03, 0x80, 0x0E, 0x00, 0x00, 0x00,
    0x07, 0x80, 0x07, 0x00, 0x07, 0x00, 0x07, 0x00, 0x07, 0x80, 0x07, 0x00, 0x0F, 0x00, 0x03, 0xC0,
    0x07, 0x00, 0x1E, 0x00, 0x01, 0xF9, 0xC0, 0x1C, 0xFC, 0x00, 0x00, 0xF9, 0xC0, 0x1C, 0xF8, 0x00,
    0x00, 0x39, 0xC0, 0x1C, 0xE0, 0x00, 0x00, 0x00, 0x07, 0x00, 0x00, 0x00, 0x00, 0x00, 0x07, 0x00,
    0x00, 0x00, 0x00, 0x00, 0x07, 0x00, 0x00, 0x00, 0x00, 0x01, 0xC0, 0x1C, 0x00, 0x00, 0x00, 0x01,
    0xC0, 0x1C, 0x00, 0x00, 0x00, 0x01, 0xC0, 0x1C, 0x00, 0x00, 0x00, 0x00, 0x00, 0x00, 0x00, 0x00,
    0x00, 0x00, 0x07, 0x00, 0x00, 0x00, 0x00, 0x00, 0x07, 0x00, 0x00, 0x00, 0x00, 0x00, 0x07, 0x00,
    0x00, 0x00, 0x00, 0x00, 0x00, 0x00, 0x00, 0x00, 0x00, 0x00, 0x00, 0x00, 0x00, 0x00, 0x00, 0x00,
    0x00, 0x00, 0x00, 0x00, 0x00, 0x00, 0x00, 0x00, 0x00, 0x00, 0x00, 0x00, 0x00, 0x00, 0x00, 0x00,
};
const gfx_bitmap_t gfx_icon_wx_snow_showers_night_48 = { s_wx_snow_showers_night_48, 48, 48, 1 };

static const uint8_t s_wx_thunder_16[] = {
    0x00, 0x00, 0x00, 0x00, 0x07, 0x80, 0x0C, 0x40, 0x08, 0x60, 0x30, 0x38, 0x60, 0x0C, 0x40, 0x04,
    0x4D, 0xA4, 0x6D, 0x4C, 0x39, 0x58, 0x1D, 0x40, 0x0B, 0x40, 0x0A, 0x00, 0x00, 0x00, 0x00, 0x00,
};
const gfx_bitmap_t gfx_icon_wx_thunder_16 = { s_wx_thunder_16, 16, 16, 1 };

static const uint8_t s_wx_thunder_24[] = {
    0x00, 0x00, 0x00, 0x00, 0x00, 0x00, 0x00, 0x7C, 0x00, 0x01, 0xFE, 0x00, 0x01, 0x87, 0x00, 0x03,
    0x01, 0x80, 0x07, 0x01, 0xE0, 0x1E, 0x01, 0xF8, 0x18, 0x00, 0x18, 0x30, 0x00, 0x0C, 0x30, 0x00,
    0x0C, 0x31, 0xC9, 0x0C, 0x31, 0xC9, 0x0C, 0x1B, 0x99, 0x18, 0x0F, 0x9B, 0x78, 0x07, 0x1B, 0x60,
    0x07, 0xD2, 0x00, 0x07, 0xB2, 0x00, 0x01, 0xB0, 0x00, 0x01, 0x20, 0x00, 0x02, 0x20, 0x00, 0x02,
    0x00, 0x00, 0x00, 0x00, 0x00, 0x00, 0x00, 0x00,
};
const gfx_bitmap_t gfx_icon_wx_thunder_24 = { s_wx_thunder_24, 24, 24, 1 };

static const uint8_t s_wx_thunder_48[] = {
    0x00, 0x00, 0x00, 0x00, 0x00, 0x00, 0x00, 0x00, 0x00, 0x00, 0x00, 0x00, 0x00, 0x00, 0x00, 0x00,
    0x00, 0x00, 0x00, 0x00, 0x00, 0x00, 0x00, 0x00, 0x00, 0x00, 0x00, 0x00, 0x00, 0x00, 0x00, 0x00,
    0x1F, 0x80, 0x00, 0x00, 0x00, 0x00, 0x7F, 0xF0, 0x00, 0x00, 0x00, 0x01, 0xFF, 0xF8, 0x00, 0x00,
    0x00, 0x03, 0xE0, 0x7C, 0x00, 0x00, 0x00, 0x07, 0xC0, 0x1E, 0x00, 0x00, 0x00, 0x0F, 0x80, 0x0F,
    0x00, 0x00, 0x00, 0x0F, 0x00, 0x07, 0x00, 0x00, 0x00, 0x1E, 0x00, 0x07, 0x80, 0x00, 0x00, 0x1E,
    0x00, 0x03, 0x80, 0x00, 0x00, 0x3C, 0x00, 0x03, 0xF8, 0x00, 0x00, 0xFC, 0x00, 0x03, 0xFE, 0x00,
    0x01, 0xFC, 0x00, 0x03, 0xFF, 0x00, 0x03, 0xE0, 0x00, 0x00, 0x0F, 0x80, 0x07, 0x80, 0x00, 0x00,
    0x03, 0xC0, 0x07, 0x00, 0x00, 0x00, 0x01, 0xC0, 0x0F, 0x00, 0x00, 0x00, 0x01, 0xE0, 0x0E, 0x00,
    0x00, 0x00, 0x00, 0xE0, 0x0E, 0x00, 0x00, 0x00, 0x00, 0xE0, 0x0E, 0x03, 0xF0, 0xC3, 0x00, 0xE0,
    0x0E, 0x07, 0xF1, 0xE3, 0x80, 0xE0, 0x0F, 0x07, 0xE1, 0xC7, 0x81, 0xE0, 0x07, 0x07, 0xC1, 0xC7,
    0x01, 0xC0, 0x07, 0x8F, 0xC1, 0xC7, 0x03, 0xC0, 0x03, 0xEF, 0x83, 0xC7, 0x0F, 0x80, 0x01, 0xFF,
    0x83, 0x8F, 0x3F, 0x00, 0x00, 0xFF, 0x03, 0x8E, 0x3E, 0x00, 0x00, 0x3F, 0x03, 0x8E, 0x38, 0x00,
    0x00, 0x3F, 0xF7, 0x8E, 0x00, 0x00, 0x00, 0x3F, 0xE7, 0x1E, 0x00, 0x00, 0x00, 0x7F, 0xC7, 0x1C,
    0x00, 0x00, 0x00, 0x03, 0xC7, 0x1C, 0x00, 0x00, 0x00, 0x07, 0x8F, 0x0C, 0x00, 0x00, 0x00, 0x07,
    0x0E, 0x00, 0x00, 0x00, 0x00, 0x07, 0x0E, 0x00, 0x00, 0x00, 0x00, 0x06, 0x0E, 0x00, 0x00, 0x00,
    0x00, 0x0C, 0x1E, 0x00, 0x00, 0x00, 0x00, 0x0C, 0x1C, 0x00, 0x00, 0x00, 0x00, 0x08, 0x00, 0x00,
    0x00, 0x00, 0x00, 0x00, 0x00, 0x00, 0x00, 0x00, 0x00, 0x00, 0x00, 0x00, 0x00, 0x00, 0x00, 0x00,
    0x00, 0x00, 0x00, 0x00, 0x00, 0x00, 0x00, 0x00, 0x00, 0x00, 0x00, 0x00, 0x00, 0x00, 0x00, 0x00,
};
const gfx_bitmap_t gfx_icon_wx_thunder_48 = { s_wx_thunder_48, 48, 48, 1 };

static const uint8_t s_wx_unknown_16[] = {
    0x00, 0x00, 0x00, 0x00, 0x00, 0x00, 0x00, 0x00, 0x00, 0x00, 0x6C, 0x58, 0x6C, 0xB8, 0x7C, 0xB8,
    0x7D, 0xAC, 0x6D, 0x7C, 0x6D, 0x64, 0x00, 0x00, 0x00, 0x00, 0x00, 0x00, 0x00, 0x00, 0x00, 0x00,
};
const gfx_bitmap_t gfx_icon_wx_unknown_16 = { s_wx_unknown_16, 16, 16, 1 };

static const uint8_t s_wx_unknown_24[] = {
    0x00, 0x00, 0x00, 0x00, 0x00, 0x00, 0x00, 0x00, 0x00, 0x00, 0x00, 0x00, 0x00, 0x00, 0x00, 0x00,
    0x00, 0x00, 0x00, 0x00, 0x00, 0x00, 0x06, 0x00, 0x39, 0x84, 0xE0, 0x3D, 0x8C, 0xE0, 0x3D, 0x8D,
    0xF0, 0x3F, 0x99, 0xB0, 0x37, 0x9B, 0xB0, 0x33, 0x93, 0xF8, 0x33, 0xB3, 0xF8, 0x31, 0xB7, 0x18,
    0x00, 0x00, 0x00, 0x00, 0x00, 0x00, 0x00, 0x00, 0x00, 0x00, 0x00, 0x00, 0x00, 0x00, 0x00, 0x00,
    0x00, 0x00, 0x00, 0x00, 0x00, 0x00, 0x00, 0x00,
};
const gfx_bitmap_t gfx_icon_wx_unknown_24 = { s_wx_unknown_24, 24, 24, 1 };

static const uint8_t s_wx_unknown_48[] = {
    0x00, 0x00, 0x00, 0x00, 0x00, 0x00, 0x00, 0x00, 0x00, 0x00, 0x00, 0x00, 0x00, 0x00, 0x00, 0x00,
    0x00, 0x00, 0x00, 0x00, 0x00, 0x00, 0x00, 0x00, 0x00, 0x00, 0x00, 0x00, 0x00, 0x00, 0x00, 0x00,
    0x00, 0x00, 0x00, 0x00, 0x00, 0x00, 0x00, 0x00, 0x00, 0x00, 0x00, 0x00, 0x00, 0x00, 0x00, 0x00,
    0x00, 0x00, 0x00, 0x00, 0x00, 0x00, 0x00, 0x00, 0x00, 0x00, 0x00, 0x00, 0x00, 0x00, 0x00, 0x00,
    0x00, 0x00, 0x00, 0x00, 0x00, 0x00, 0x00, 0x00, 0x00, 0x00, 0x00, 0x00, 0x00, 0x00, 0x00, 0x00,
    0x00, 0x00, 0x00, 0x00, 0x00, 0x00, 0x00, 0x00, 0x00, 0x00, 0x00, 0x00, 0x00, 0x3C, 0x00, 0x00,
    0x0F, 0xC3, 0xE0, 0x38, 0x7C, 0x00, 0x0F, 0xC3, 0xE0, 0x38, 0xFE, 0x00, 0x0F, 0xE3, 0xE0, 0x78,
    0xFE, 0x00, 0x0F, 0xE3, 0xE0, 0x70, 0xFE, 0x00, 0x0F, 0xF3, 0xE0, 0x71, 0xFF, 0x00, 0x0F, 0xF3,
    0xE0, 0xF1, 0xEF, 0x00, 0x0F, 0xFB, 0xE0, 0xE1, 0xEF, 0x00, 0x0F, 0xFB, 0xE1, 0xE3, 0xEF, 0x80,
    0x0F, 0xBF, 0xE1, 0xC3, 0xCF, 0x80, 0x0F, 0xBF, 0xE1, 0xC7, 0xC7, 0x80, 0x0F, 0x9F, 0xE3, 0xC7,
    0xFF, 0xC0, 0x0F, 0x9F, 0xE3, 0x87, 0xFF, 0xC0, 0x0F, 0x8F, 0xE3, 0x8F, 0xFF, 0xE0, 0x0F, 0x8F,
    0xE7, 0x8F, 0xFF, 0xE0, 0x0F, 0x87, 0xE7, 0x0F, 0x83, 0xE0, 0x0F, 0x87, 0xEF, 0x1F, 0x03, 0xF0,
    0x00, 0x00, 0x0E, 0x00, 0x00, 0x00, 0x00, 0x00, 0x00, 0x00, 0x00, 0x00, 0x00, 0x00, 0x00, 0x00,
    0x00, 0x00, 0x00, 0x00, 0x00, 0x00, 0x00, 0x00, 0x00, 0x00, 0x00, 0x00, 0x00, 0x00, 0x00, 0x00,
    0x00, 0x00, 0x00, 0x00, 0x00, 0x00, 0x00, 0x00, 0x00, 0x00, 0x00, 0x00, 0x00, 0x00, 0x00, 0x00,
    0x00, 0x00, 0x00, 0x00, 0x00, 0x00, 0x00, 0x00, 0x00, 0x00, 0x00, 0x00, 0x00, 0x00, 0x00, 0x00,
    0x00, 0x00, 0x00, 0x00, 0x00, 0x00, 0x00, 0x00, 0x00, 0x00, 0x00, 0x00, 0x00, 0x00, 0x00, 0x00,
    0x00, 0x00, 0x00, 0x00, 0x00, 0x00, 0x00, 0x00, 0x00, 0x00, 0x00, 0x00, 0x00, 0x00, 0x00, 0x00,
};
const gfx_bitmap_t gfx_icon_wx_unknown_48 = { s_wx_unknown_48, 48, 48, 1 };

static const uint8_t s_sunrise_16[] = {
    0x00, 0x00, 0x00, 0x00, 0x00, 0x00, 0x01, 0x00, 0x01, 0x00, 0x18, 0x18, 0x03, 0x80, 0x06, 0x40,
    0x04, 0x20, 0x64, 0x26, 0x04, 0x20, 0x01, 0x80, 0x0E, 0xF0, 0x00, 0x00, 0x00, 0x00, 0x00, 0x00,
};
const gfx_bitmap_t gfx_icon_sunrise_16 = { s_sunrise_16, 16, 16, 1 };

static const uint8_t s_sunrise_24[] = {
    0x00, 0x00, 0x00, 0x00, 0x00, 0x00, 0x00, 0x00, 0x00, 0x00, 0x00, 0x00, 0x00, 0x00, 0x00, 0x00,
    0x18, 0x00, 0x00, 0x18, 0x00, 0x04, 0x18, 0x00, 0x06, 0x00, 0xC0, 0x02, 0x3C, 0x40, 0x00, 0xFF,
    0x00, 0x00, 0xC3, 0x00, 0x01, 0x81, 0x80, 0x39, 0x81, 0xB8, 0x39, 0x81, 0xB8, 0x01, 0x81, 0x80,
    0x00, 0x3C, 0x00, 0x03, 0xE7, 0x80, 0x03, 0xC3, 0x80, 0x00, 0x00, 0x00, 0x00, 0x00, 0x00, 0x00,
    0x00, 0x00, 0x00, 0x00, 0x00, 0x00, 0x00, 0x00,
};
const gfx_bitmap_t gfx_icon_sunrise_24 = { s_sunrise_24, 24, 24, 1 };

static const uint8_t s_sunrise_48[] = {
    0x00, 0x00, 0x00, 0x00, 0x00, 0x00, 0x00, 0x00, 0x00, 0x00, 0x00, 0x00, 0x00, 0x00, 0x00, 0x00,
    0x00, 0x00, 0x00, 0x00, 0x00, 0x00, 0x00, 0x00, 0x00, 0x00, 0x00, 0x00, 0x00, 0x00, 0x00, 0x00,
    0x00, 0x00, 0x00, 0x00, 0x00, 0x00, 0x00, 0x00, 0x00, 0x00, 0x00, 0x00, 0x00, 0x00, 0x00, 0x00,
    0x00, 0x00, 0x00, 0x00, 0x00, 0x00, 0x00, 0x00, 0x03, 0x80, 0x00, 0x00, 0x00, 0x00, 0x03, 0x80,
    0x00, 0x00, 0x00, 0x00, 0x03, 0x80, 0x00, 0x00, 0x00, 0x00, 0x03, 0x80, 0x00, 0x00, 0x00, 0x00,
    0x03, 0x80, 0x00, 0x00, 0x00, 0x30, 0x03, 0x80, 0x0C, 0x00, 0x00, 0x38, 0x03, 0x80, 0x1C, 0x00,
    0x00, 0x3C, 0x00, 0x00, 0x3C, 0x00, 0x00, 0x3E, 0x00, 0x00, 0xFC, 0x00, 0x00, 0x1E, 0x00, 0x00,
    0xF0, 0x00, 0x00, 0x0E, 0x0F, 0xE0, 0xE0, 0x00, 0x00, 0x00, 0x3F, 0xF8, 0x00, 0x00, 0x00, 0x00,
    0x7F, 0xFC, 0x00, 0x00, 0x00, 0x00, 0xF8, 0x3E, 0x00, 0x00, 0x00, 0x01, 0xE0, 0x0F, 0x00, 0x00,
    0x00, 0x01, 0xC0, 0x07, 0x00, 0x00, 0x00, 0x03, 0xC0, 0x07, 0x00, 0x00, 0x00, 0x03, 0x80, 0x03,
    0x80, 0x00, 0x0F, 0xE3, 0x80, 0x03, 0x87, 0xF0, 0x0F, 0xE3, 0x80, 0x03, 0x87, 0xF0, 0x0F, 0xE3,
    0x80, 0x03, 0x87, 0xF0, 0x00, 0x03, 0x80, 0x03, 0x80, 0x00, 0x00, 0x03, 0xC1, 0x07, 0x80, 0x00,
    0x00, 0x01, 0xC3, 0x87, 0x00, 0x00, 0x00, 0x00, 0x07, 0xC0, 0x00, 0x00, 0x00, 0x00, 0x0F, 0xE0,
    0x00, 0x00, 0x00, 0x00, 0x1E, 0xF0, 0x00, 0x00, 0x00, 0x07, 0xFC, 0x7F, 0xE0, 0x00, 0x00, 0x07,
    0xF8, 0x3F, 0xE0, 0x00, 0x00, 0x07, 0xF0, 0x1F, 0xE0, 0x00, 0x00, 0x00, 0x00, 0x00, 0x00, 0x00,
    0x00, 0x00, 0x00, 0x00, 0x00, 0x00, 0x00, 0x00, 0x00, 0x00, 0x00, 0x00, 0x00, 0x00, 0x00, 0x00,
    0x00, 0x00, 0x00, 0x00, 0x00, 0x00, 0x00, 0x00, 0x00, 0x00, 0x00, 0x00, 0x00, 0x00, 0x00, 0x00,
    0x00, 0x00, 0x00, 0x00, 0x00, 0x00, 0x00, 0x00, 0x00, 0x00, 0x00, 0x00, 0x00, 0x00, 0x00, 0x00,
};
const gfx_bitmap_t gfx_icon_sunrise_48 = { s_sunrise_48, 48, 48, 1 };

static const uint8_t s_sunset_16[] = {
    0x00, 0x00, 0x00, 0x00, 0x01, 0x00, 0x01, 0x00, 0x18, 0x18, 0x03, 0x80, 0x06, 0x40, 0x04, 0x20,
    0x64, 0x2C, 0x04, 0x20, 0x00, 0x00, 0x0E, 0xF0, 0x01, 0x80, 0x00, 0x00, 0x00, 0x00, 0x00, 0x00,
};
const gfx_bitmap_t gfx_icon_sunset_16 = { s_sunset_16, 16, 16, 1 };

static const uint8_t s_sunset_24[] = {
    0x00, 0x00, 0x00, 0x00, 0x00, 0x00, 0x00, 0x00, 0x00, 0x00, 0x00, 0x00, 0x00, 0x18, 0x00, 0x00,
    0x18, 0x00, 0x04, 0x18, 0x60, 0x06, 0x00, 0xE0, 0x02, 0x3C, 0xC0, 0x00, 0xFF, 0x00, 0x00, 0xC3,
    0x00, 0x01, 0x81, 0x80, 0x39, 0x01, 0xB8, 0x39, 0x01, 0xB8, 0x01, 0x81, 0x80, 0x00, 0x00, 0x00,
    0x03, 0xC7, 0x80, 0x03, 0xEF, 0x80, 0x00, 0x7C, 0x00, 0x00, 0x18, 0x00, 0x00, 0x00, 0x00, 0x00,
    0x00, 0x00, 0x00, 0x00, 0x00, 0x00, 0x00, 0x00,
};
const gfx_bitmap_t gfx_icon_sunset_24 = { s_sunset_24, 24, 24, 1 };

static const uint8_t s_sunset_48[] = {
    0x00, 0x00, 0x00, 0x00, 0x00, 0x00, 0x00, 0x00, 0x00, 0x00, 0x00, 0x00, 0x00, 0x00, 0x00, 0x00,
    0x00, 0x00, 0x00, 0x00, 0x00, 0x00, 0x00, 0x00, 0x00, 0x00, 0x00, 0x00, 0x00, 0x00, 0x00, 0x00,
    0x00, 0x00, 0x00, 0x00, 0x00, 0x00, 0x03, 0x80, 0x00, 0x00, 0x00, 0x00, 0x03, 0x80, 0x00, 0x00,
    0x00, 0x00, 0x03, 0x80, 0x00, 0x00, 0x00, 0x00, 0x03, 0x80, 0x00, 0x00, 0x00, 0x00, 0x03, 0x80,
    0x00, 0x00, 0x00, 0x30, 0x03, 0x80, 0x18, 0x00, 0x00, 0x38, 0x03, 0x80, 0x3C, 0x00, 0x00, 0x3C,
    0x00, 0x00, 0x7C, 0x00, 0x00, 0x3E, 0x00, 0x00, 0xF8, 0x00, 0x00, 0x1E, 0x00, 0x00, 0xF0, 0x00,
    0x00, 0x0E, 0x07, 0xC0, 0xE0, 0x00, 0x00, 0x00, 0x3F, 0xF8, 0x00, 0x00, 0x00, 0x00, 0x7F, 0xFC,
    0x00, 0x00, 0x00, 0x00, 0xF8, 0x3E, 0x00, 0x00, 0x00, 0x01, 0xE0, 0x0F, 0x00, 0x00, 0x00, 0x01,
    0xC0, 0x07, 0x00, 0x00, 0x00, 0x03, 0xC0, 0x07, 0x00, 0x00, 0x00, 0x03, 0x80, 0x03, 0x80, 0x00,
    0x0F, 0xE3, 0x80, 0x03, 0x8F, 0xE0, 0x0F, 0xE3, 0x80, 0x03, 0x8F, 0xE0, 0x0F, 0xE3, 0x80, 0x03,
    0x8F, 0xE0, 0x00, 0x03, 0x80, 0x03, 0x80, 0x00, 0x00, 0x03, 0xC0, 0x07, 0x80, 0x00, 0x00, 0x01,
    0xC0, 0x07, 0x00, 0x00, 0x00, 0x00, 0x00, 0x00, 0x00, 0x00, 0x00, 0x00, 0x00, 0x00, 0x00, 0x00,
    0x00, 0x00, 0x00, 0x00, 0x00, 0x00, 0x00, 0x07, 0xF0, 0x1F, 0xC0, 0x00, 0x00, 0x07, 0xFC, 0x7F,
    0xE0, 0x00, 0x00, 0x07, 0xFE, 0xFF, 0xC0, 0x00, 0x00, 0x00, 0x1F, 0xF0, 0x00, 0x00, 0x00, 0x00,
    0x0F, 0xE0, 0x00, 0x00, 0x00, 0x00, 0x07, 0xC0, 0x00, 0x00, 0x00, 0x00, 0x03, 0x80, 0x00, 0x00,
    0x00, 0x00, 0x01, 0x00, 0x00, 0x00, 0x00, 0x00, 0x00, 0x00, 0x00, 0x00, 0x00, 0x00, 0x00, 0x00,
    0x00, 0x00, 0x00, 0x00, 0x00, 0x00, 0x00, 0x00, 0x00, 0x00, 0x00, 0x00, 0x00, 0x00, 0x00, 0x00,
    0x00, 0x00, 0x00, 0x00, 0x00, 0x00, 0x00, 0x00, 0x00, 0x00, 0x00, 0x00, 0x00, 0x00, 0x00, 0x00,
};
const gfx_bitmap_t gfx_icon_sunset_48 = { s_sunset_48, 48, 48, 1 };
