/* Generated by tools/fontgen.py from DejaVuSans-Bold.ttf at 28 px. Do not edit; run tools/gen_fonts.sh. */
/* Font licence: assets/fonts/LICENSE-DejaVu.txt (it also covers these bitmaps). */
#include "gfx_font.h"

static const uint8_t s_bitmap[] = {
    0xF8, 0xF8, 0xF8, 0xF8, 0xF8, 0xF8, 0xF8, 0xF8, 0xF8, 0xF8, 0xF8, 0x78, 0x70, 0x00, 0x00, 0xF8,
    0xF8, 0xF8, 0xF8, 0xF8, 0xE3, 0x80, 0xE3, 0x80, 0xE3, 0x80, 0xE3, 0x80, 0xE3, 0x80, 0xE3, 0x80,
    0xE3, 0x80, 0xE3, 0x80, 0x01, 0xE3, 0x80, 0x01, 0xC3, 0x80, 0x01, 0xC3, 0x80, 0x01, 0xC7, 0x80,
    0x03, 0xC7, 0x00, 0x3F, 0xFF, 0xF0, 0x3F, 0xFF, 0xF0, 0x3F, 0xFF, 0xF0, 0x07, 0x8E, 0x00, 0x07,
    0x0E, 0x00, 0x07, 0x0E, 0x00, 0x07, 0x1E, 0x00, 0xFF, 0xFF, 0xC0, 0xFF, 0xFF, 0xC0, 0xFF, 0xFF,
    0xC0, 0x0E, 0x1C, 0x00, 0x1E, 0x38, 0x00, 0x1C, 0x38, 0x00, 0x1C, 0x38, 0x00, 0x1C, 0x78, 0x00,
    0x03, 0x00, 0x03, 0x00, 0x03, 0x00, 0x1F, 0xF8, 0x3F, 0xF8, 0x7F, 0xF8, 0xFB, 0x18, 0xF3, 0x00,
    0xF3, 0x00, 0xFB, 0x00, 0xFF, 0xC0, 0x7F, 0xF0, 0x3F, 0xF8, 0x1F, 0xFC, 0x03, 0xFC, 0x03, 0x3C,
    0x03, 0x3C, 0xC3, 0x3C, 0xFF, 0xF8, 0xFF, 0xF0, 0xFF, 0xE0, 0x03, 0x00, 0x03, 0x00, 0x03, 0x00,
    0x03, 0x00, 0x1F, 0x00, 0x78, 0x00, 0x7F, 0xC0, 0x70, 0x00, 0x71, 0xC0, 0xF0, 0x00, 0xE0, 0xE0,
    0xE0, 0x00, 0xE0, 0xE1, 0xC0, 0x00, 0xE0, 0xE3, 0xC0, 0x00, 0xE0, 0xE3, 0x80, 0x00, 0xE0, 0xE7,
    0x00, 0x00, 0x71, 0xCF, 0x00, 0x00, 0x7F, 0xCE, 0x3E, 0x00, 0x1F, 0x1C, 0xFF, 0x80, 0x00, 0x3C,
    0xE3, 0x80, 0x00, 0x39, 0xC1, 0xC0, 0x00, 0x79, 0xC1, 0xC0, 0x00, 0xF1, 0xC1, 0xC0, 0x00, 0xE1,
    0xC1, 0xC0, 0x01, 0xE1, 0xC1, 0xC0, 0x03, 0xC0, 0xE3, 0x80, 0x03, 0x80, 0xFF, 0x80, 0x07, 0x80,
    0x3E, 0x00, 0x03, 0xF8, 0x00, 0x0F, 0xFE, 0x00, 0x0F, 0xFE, 0x00, 0x1F, 0x86, 0x00, 0x1F, 0x02,
    0x00, 0x1F, 0x00, 0x00, 0x0F, 0x80, 0x00, 0x0F, 0xC0, 0x00, 0x1F, 0xE0, 0x78, 0x3F, 0xF0, 0x78,
    0x7D, 0xF8, 0xF8, 0xF8, 0xFC, 0xF0, 0xF8, 0x7F, 0xF0, 0xF8, 0x3F, 0xF0, 0xF8, 0x1F, 0xE0, 0xFC,
    0x0F, 0xC0, 0x7E, 0x1F, 0xE0, 0x7F, 0xFF, 0xF0, 0x1F, 0xFF, 0xF8, 0x07, 0xF0, 0xFC, 0xE0, 0xE0,
    0xE0, 0xE0, 0xE0, 0xE0, 0xE0, 0xE0, 0x0F, 0x80, 0x1F, 0x00, 0x1F, 0x00, 0x3E, 0x00, 0x3E, 0x00,
    0x7C, 0x00, 0x7C, 0x00, 0x7C, 0x00, 0xF8, 0x00, 0xF8, 0x00, 0xF8, 0x00, 0xF8, 0x00, 0xF8, 0x00,
    0xF8, 0x00, 0xF8, 0x00, 0xF8, 0x00, 0xF8, 0x00, 0x7C, 0x00, 0x7C, 0x00, 0x7C, 0x00, 0x3E, 0x00,
    0x3E, 0x00, 0x1F, 0x00, 0x1F, 0x00, 0x0F, 0x80, 0xF8, 0x00, 0x7C, 0x00, 0x7C, 0x00, 0x3E, 0x00,
    0x3E, 0x00, 0x1F, 0x00, 0x1F, 0x00, 0x1F, 0x00, 0x0F, 0x80, 0x0F, 0x80, 0x0F, 0x80, 0x0F, 0x80,
    0x0F, 0x80, 0x0F, 0x80, 0x0F, 0x80, 0x0F, 0x80, 0x0F, 0x80, 0x1F, 0x00, 0x1F, 0x00, 0x1F, 0x00,
    0x3E, 0x00, 0x3E, 0x00, 0x7C, 0x00, 0x7C, 0x00, 0xF8, 0x00, 0x03, 0x00, 0x03, 0x00, 0x43, 0x08,
    0xF3, 0x3C, 0x7F, 0xF8, 0x1F, 0xE0, 0x07, 0x80, 0x1F, 0xE0, 0x7F, 0xF8, 0xF3, 0x3C, 0x43, 0x08,
    0x03, 0x00, 0x03, 0x00, 0x01, 0xC0, 0x00, 0x01, 0xC0, 0x00, 0x01, 0xC0, 0x00, 0x01, 0xC0, 0x00,
    0x01, 0xC0, 0x00, 0x01, 0xC0, 0x00, 0x01, 0xC0, 0x00, 0xFF, 0xFF, 0x80, 0xFF, 0xFF, 0x80, 0xFF,
    0xFF, 0x80, 0x01, 0xC0, 0x00, 0x01, 0xC0, 0x00, 0x01, 0xC0, 0x00, 0x01, 0xC0, 0x00, 0x01, 0xC0,
    0x00, 0x01, 0xC0, 0x00, 0x01, 0xC0, 0x00, 0x7C, 0x7C, 0x7C, 0x7C, 0x7C, 0x78, 0xF8, 0xF0, 0xE0,
    0xFF, 0x80, 0xFF, 0x80, 0xFF, 0x80, 0xFF, 0x80, 0xF8, 0xF8, 0xF8, 0xF8, 0xF8, 0x01, 0xC0, 0x01,
    0xC0, 0x03, 0x80, 0x03, 0x80, 0x03, 0x80, 0x07, 0x00, 0x07, 0x00, 0x07, 0x00, 0x0E, 0x00, 0x0E,
    0x00, 0x0E, 0x00, 0x0C, 0x00, 0x1C, 0x00, 0x1C, 0x00, 0x1C, 0x00, 0x38, 0x00, 0x38, 0x00, 0x38,
    0x00, 0x70, 0x00, 0x70, 0x00, 0x70, 0x00, 0xE0, 0x00, 0xE0, 0x00, 0x07, 0xF0, 0x00, 0x1F, 0xFC,
    0x00, 0x3F, 0xFE, 0x00, 0x3F, 0xFE, 0x00, 0x7E, 0x3F, 0x00, 0x7C, 0x1F, 0x00, 0xF8, 0x0F, 0x80,
    0xF8, 0x0F, 0x80, 0xF8, 0x0F, 0x80, 0xF8, 0x0F, 0x80, 0xF8, 0x0F, 0x80, 0xF8, 0x0F, 0x80, 0xF8,
    0x0F, 0x80, 0xF8, 0x0F, 0x80, 0x7C, 0x1F, 0x00, 0x7E, 0x3F, 0x00, 0x3F, 0xFE, 0x00, 0x3F, 0xFE,
    0x00, 0x1F, 0xFC, 0x00, 0x07, 0xF0, 0x00, 0x3F, 0xC0, 0xFF, 0xC0, 0xFF, 0xC0, 0xFF, 0xC0, 0xE7,
    0xC0, 0x07, 0xC0, 0x07, 0xC0, 0x07, 0xC0, 0x07, 0xC0, 0x07, 0xC0, 0x07, 0xC0, 0x07, 0xC0, 0x07,
    0xC0, 0x07, 0xC0, 0x07, 0xC0, 0x07, 0xC0, 0xFF, 0xFE, 0xFF, 0xFE, 0xFF, 0xFE, 0xFF, 0xFE, 0x3F,
    0xE0, 0xFF, 0xF8, 0xFF, 0xFC, 0xFF, 0xFE, 0xC0, 0x7E, 0x00, 0x3E, 0x00, 0x3E, 0x00, 0x3E, 0x00,
    0x7E, 0x00, 0xFC, 0x01, 0xFC, 0x03, 0xF8, 0x0F, 0xF0, 0x1F, 0xE0, 0x3F, 0xC0, 0x7F, 0x80, 0xFF,
    0xFE, 0xFF, 0xFE, 0xFF, 0xFE, 0xFF, 0xFE, 0x1F, 0xE0, 0x7F, 0xF8, 0x7F, 0xFC, 0x7F, 0xFE, 0x60,
    0x7E, 0x00, 0x3E, 0x00, 0x3E, 0x00, 0x7C, 0x0F, 0xF8, 0x0F, 0xE0, 0x0F, 0xF8, 0x0F, 0xFC, 0x00,
    0x7E, 0x00, 0x3E, 0x00, 0x3E, 0xC0, 0x7E, 0xFF, 0xFE, 0xFF, 0xFC, 0xFF, 0xF8, 0x3F, 0xC0, 0x00,
    0xFC, 0x00, 0x01, 0xFC, 0x00, 0x03, 0xFC, 0x00, 0x03, 0xFC, 0x00, 0x07, 0xFC, 0x00, 0x0F, 0x7C,
    0x00, 0x0E, 0x7C, 0x00, 0x1E, 0x7C, 0x00, 0x3C, 0x7C, 0x00, 0x38, 0x7C, 0x00, 0x78, 0x7C, 0x00,
    0xF0, 0x7C, 0x00, 0xFF, 0xFF, 0x80, 0xFF, 0xFF, 0x80, 0xFF, 0xFF, 0x80, 0xFF, 0xFF, 0x80, 0x00,
    0x7C, 0x00, 0x00, 0x7C, 0x00, 0x00, 0x7C, 0x00, 0x00, 0x7C, 0x00, 0x7F, 0xFC, 0x7F, 0xFC, 0x7F,
    0xFC, 0x7F, 0xFC, 0x78, 0x00, 0x78, 0x00, 0x7F, 0xE0, 0x7F, 0xF8, 0x7F, 0xFC, 0x7F, 0xFC, 0x60,
    0xFE, 0x00, 0x3E, 0x00, 0x3E, 0x00, 0x3E, 0x00, 0x3E, 0xC0, 0xFE, 0xFF, 0xFC, 0xFF, 0xF8, 0xFF,
    0xF0, 0x3F, 0xC0, 0x03, 0xF8, 0x0F, 0xFE, 0x1F, 0xFE, 0x3F, 0xFE, 0x7E, 0x06, 0x7C, 0x00, 0xF9,
    0xF0, 0xFF, 0xFC, 0xFF, 0xFE, 0xFF, 0xFE, 0xFC, 0x3F, 0xF8, 0x1F, 0xF8, 0x1F, 0xF8, 0x1F, 0x78,
    0x1F, 0x7C, 0x3F, 0x7F, 0xFE, 0x3F, 0xFC, 0x1F, 0xF8, 0x07, 0xE0, 0xFF, 0xFE, 0xFF, 0xFE, 0xFF,
    0xFE, 0xFF, 0xFE, 0x00, 0x7C, 0x00, 0xFC, 0x00, 0xF8, 0x01, 0xF8, 0x01, 0xF0, 0x03, 0xF0, 0x03,
    0xF0, 0x03, 0xE0, 0x07, 0xE0, 0x07, 0xC0, 0x0F, 0xC0, 0x0F, 0x80, 0x1F, 0x80, 0x1F, 0x00, 0x3F,
    0x00, 0x3E, 0x00, 0x0F, 0xF0, 0x1F, 0xF8, 0x3F, 0xFC, 0x7F, 0xFE, 0x7E, 0x7E, 0x7C, 0x3E, 0x7C,
    0x3E, 0x7E, 0x7E, 0x3F, 0xFC, 0x1F, 0xF8, 0x1F, 0xF8, 0x7F, 0xFE, 0xFC, 0x3F, 0xF8, 0x1F, 0xF8,
    0x1F, 0xFC, 0x3F, 0xFF, 0xFF, 0x7F, 0xFE, 0x3F, 0xFC, 0x0F, 0xF0, 0x07, 0xE0, 0x1F, 0xF8, 0x3F,
    0xFC, 0x7F, 0xFE, 0xFC, 0x3E, 0xF8, 0x1E, 0xF8, 0x1F, 0xF8, 0x1F, 0xF8, 0x1F, 0xFC, 0x3F, 0x7F,
    0xFF, 0x7F, 0xFF, 0x3F, 0xFF, 0x0F, 0x9E, 0x00, 0x3E, 0x40, 0x7E, 0x7F, 0xFC, 0x7F, 0xF8, 0x7F,
    0xF0, 0x3F, 0xC0, 0xF8, 0xF8, 0xF8, 0xF8, 0xF8, 0x00, 0x00, 0x00, 0x00, 0x00, 0xF8, 0xF8, 0xF8,
    0xF8, 0xF8, 0x7C, 0x7C, 0x7C, 0x7C, 0x7C, 0x00, 0x00, 0x00, 0x00, 0x00, 0x7C, 0x7C, 0x7C, 0x7C,
    0x7C, 0x78, 0xF8, 0xF0, 0xE0, 0x00, 0x00, 0x40, 0x00, 0x03, 0xC0, 0x00, 0x1F, 0xC0, 0x00, 0xFF,
    0xC0, 0x07, 0xFE, 0x00, 0x3F, 0xF0, 0x00, 0xFF, 0x80, 0x00, 0xFC, 0x00, 0x00, 0xFC, 0x00, 0x00,
    0xFF, 0x80, 0x00, 0x3F, 0xF0, 0x00, 0x07, 0xFE, 0x00, 0x00, 0xFF, 0xC0, 0x00, 0x1F, 0xC0, 0x00,
    0x03, 0xC0, 0x00, 0x00, 0x40, 0xFF, 0xFF, 0xC0, 0xFF, 0xFF, 0xC0, 0xFF, 0xFF, 0xC0, 0x00, 0x00,
    0x00, 0x00, 0x00, 0x00, 0x00, 0x00, 0x00, 0xFF, 0xFF, 0xC0, 0xFF, 0xFF, 0xC0, 0xFF, 0xFF, 0xC0,
    0x80, 0x00, 0x00, 0xF0, 0x00, 0x00, 0xFE, 0x00, 0x00, 0xFF, 0xC0, 0x00, 0x1F, 0xF8, 0x00, 0x03,
    0xFF, 0x00, 0x00, 0x7F, 0xC0, 0x00, 0x0F, 0xC0, 0x00, 0x0F, 0xC0, 0x00, 0x7F, 0xC0, 0x03, 0xFF,
    0x00, 0x1F, 0xF8, 0x00, 0xFF, 0xC0, 0x00, 0xFE, 0x00, 0x00, 0xF0, 0x00, 0x00, 0x80, 0x00, 0x00,
    0xFF, 0xC0, 0xFF, 0xF0, 0xFF, 0xF0, 0xC1, 0xF8, 0x00, 0xF8, 0x00, 0xF8, 0x01, 0xF8, 0x03, 0xF0,
    0x07, 0xE0, 0x0F, 0xC0, 0x1F, 0x80, 0x1F, 0x00, 0x1F, 0x00, 0x00, 0x00, 0x00, 0x00, 0x1F, 0x00,
    0x1F, 0x00, 0x1F, 0x00, 0x1F, 0x00, 0x1F, 0x00, 0x00, 0x7F, 0x00, 0x03, 0xFF, 0xC0, 0x07, 0xFF,
    0xF0, 0x0F, 0x81, 0xF8, 0x1E, 0x00, 0x7C, 0x3C, 0x00, 0x1E, 0x78, 0x79, 0xCE, 0x70, 0xFF, 0xCE,
    0x71, 0xFF, 0xC7, 0xE1, 0xC3, 0xC7, 0xE3, 0x81, 0xC7, 0xE3, 0x81, 0xC7, 0xE3, 0x81, 0xC7, 0xE3,
    0x81, 0xC7, 0xE3, 0x81, 0xCE, 0xE3, 0xC3, 0xDE, 0x71, 0xFF, 0xFC, 0x70, 0xFD, 0xF8, 0x78, 0x79,
    0xE0, 0x3C, 0x00, 0x00, 0x1E, 0x00, 0x20, 0x0F, 0x80, 0xF0, 0x07, 0xFF, 0xE0, 0x03, 0xFF, 0xC0,
    0x00, 0x7F, 0x00, 0x01, 0xFC, 0x00, 0x01, 0xFC, 0x00, 0x03, 0xFE, 0x00, 0x03, 0xFE, 0x00, 0x03,
    0xFE, 0x00, 0x07, 0xFF, 0x00, 0x07, 0xDF, 0x00, 0x07, 0xDF, 0x00, 0x0F, 0xDF, 0x80, 0x0F, 0x8F,
    0x80, 0x0F, 0x8F, 0x80, 0x1F, 0x07, 0xC0, 0x1F, 0xFF, 0xC0, 0x3F, 0xFF, 0xE0, 0x3F, 0xFF, 0xE0,
    0x3F, 0xFF, 0xE0, 0x7E, 0x03, 0xF0, 0x7C, 0x01, 0xF0, 0x7C, 0x01, 0xF0, 0xFC, 0x01, 0xF8, 0xFF,
    0xF0, 0x00, 0xFF, 0xFC, 0x00, 0xFF, 0xFE, 0x00, 0xFF, 0xFF, 0x00, 0xF8, 0x3F, 0x00, 0xF8, 0x1F,
    0x00, 0xF8, 0x1F, 0x00, 0xF8, 0x3F, 0x00, 0xFF, 0xFE, 0x00, 0xFF, 0xFC, 0x00, 0xFF, 0xFE, 0x00,
    0xFF, 0xFF, 0x00, 0xF8, 0x1F, 0x80, 0xF8, 0x0F, 0x80, 0xF8, 0x0F, 0x80, 0xF8, 0x1F, 0x80, 0xFF,
    0xFF, 0x80, 0xFF, 0xFF, 0x00, 0xFF, 0xFE, 0x00, 0xFF, 0xF8, 0x00, 0x01, 0xFC, 0x00, 0x07, 0xFF,
    0x80, 0x1F, 0xFF, 0x80, 0x3F, 0xFF, 0x80, 0x7F, 0x03, 0x80, 0x7E, 0x00, 0x80, 0xFC, 0x00, 0x00,
    0xF8, 0x00, 0x00, 0xF8, 0x00, 0x00, 0xF8, 0x00, 0x00, 0xF8, 0x00, 0x00, 0xF8, 0x00, 0x00, 0xF8,
    0x00, 0x00, 0xFC, 0x00, 0x00, 0x7E, 0x00, 0x80, 0x7F, 0x03, 0x80, 0x3F, 0xFF, 0x80, 0x1F, 0xFF,
    0x80, 0x0F, 0xFF, 0x80, 0x01, 0xFC, 0x00, 0xFF, 0xF0, 0x00, 0xFF, 0xFC, 0x00, 0xFF, 0xFF, 0x00,
    0xFF, 0xFF, 0x80, 0xF8, 0x3F, 0xC0, 0xF8, 0x0F, 0xC0, 0xF8, 0x07, 0xC0, 0xF8, 0x03, 0xE0, 0xF8,
    0x03, 0xE0, 0xF8, 0x03, 0xE0, 0xF8, 0x03, 0xE0, 0xF8, 0x03, 0xE0, 0xF8, 0x03, 0xE0, 0xF8, 0x07,
    0xE0, 0xF8, 0x0F, 0xC0, 0xF8, 0x3F, 0xC0, 0xFF, 0xFF, 0x80, 0xFF, 0xFF, 0x00, 0xFF, 0xFC, 0x00,
    0xFF, 0xF0, 0x00, 0xFF, 0xFE, 0xFF, 0xFE, 0xFF, 0xFE, 0xFF, 0xFE, 0xF8, 0x00, 0xF8, 0x00, 0xF8,
    0x00, 0xF8, 0x00, 0xFF, 0xFC, 0xFF, 0xFC, 0xFF, 0xFC, 0xFF, 0xFC, 0xF8, 0x00, 0xF8, 0x00, 0xF8,
    0x00, 0xF8, 0x00, 0xFF, 0xFE, 0xFF, 0xFE, 0xFF, 0xFE, 0xFF, 0xFE, 0xFF, 0xFC, 0xFF, 0xFC, 0xFF,
    0xFC, 0xFF, 0xFC, 0xF8, 0x00, 0xF8, 0x00, 0xF8, 0x00, 0xF8, 0x00, 0xFF, 0xF8, 0xFF, 0xF8, 0xFF,
    0xF8, 0xFF, 0xF8, 0xF8, 0x00, 0xF8, 0x00, 0xF8, 0x00, 0xF8, 0x00, 0xF8, 0x00, 0xF8, 0x00, 0xF8,
    0x00, 0xF8, 0x00, 0x01, 0xFF, 0x00, 0x07, 0xFF, 0xE0, 0x1F, 0xFF, 0xE0, 0x3F, 0xFF, 0xE0, 0x7F,
    0x81, 0xE0, 0x7E, 0x00, 0x20, 0x7C, 0x00, 0x00, 0xF8, 0x00, 0x00, 0xF8, 0x00, 0x00, 0xF8, 0x0F,
    0xF0, 0xF8, 0x0F, 0xF0, 0xF8, 0x0F, 0xF0, 0xF8, 0x0F, 0xF0, 0xFC, 0x01, 0xF0, 0x7E, 0x01, 0xF0,
    0x7F, 0x81, 0xF0, 0x3F, 0xFF, 0xF0, 0x1F, 0xFF, 0xF0, 0x07, 0xFF, 0xE0, 0x01, 0xFF, 0x00, 0xF8,
    0x07, 0xC0, 0xF8, 0x07, 0xC0, 0xF8, 0x07, 0xC0, 0xF8, 0x07, 0xC0, 0xF8, 0x07, 0xC0, 0xF8, 0x07,
    0xC0, 0xF8, 0x07, 0xC0, 0xF8, 0x07, 0xC0, 0xFF, 0xFF, 0xC0, 0xFF, 0xFF, 0xC0, 0xFF, 0xFF, 0xC0,
    0xFF, 0xFF, 0xC0, 0xF8, 0x07, 0xC0, 0xF8, 0x07, 0xC0, 0xF8, 0x07, 0xC0, 0xF8, 0x07, 0xC0, 0xF8,
    0x07, 0xC0, 0xF8, 0x07, 0xC0, 0xF8, 0x07, 0xC0, 0xF8, 0x07, 0xC0, 0xF8, 0xF8, 0xF8, 0xF8, 0xF8,
    0xF8, 0xF8, 0xF8, 0xF8, 0xF8, 0xF8, 0xF8, 0xF8, 0xF8, 0xF8, 0xF8, 0xF8, 0xF8, 0xF8, 0xF8, 0x0F,
    0x80, 0x0F, 0x80, 0x0F, 0x80, 0x0F, 0x80, 0x0F, 0x80, 0x0F, 0x80, 0x0F, 0x80, 0x0F, 0x80, 0x0F,
    0x80, 0x0F, 0x80, 0x0F, 0x80, 0x0F, 0x80, 0x0F, 0x80, 0x0F, 0x80, 0x0F, 0x80, 0x0F, 0x80, 0x0F,
    0x80, 0x0F, 0x80, 0x0F, 0x80, 0x0F, 0x80, 0x0F, 0x80, 0x1F, 0x80, 0xFF, 0x00, 0xFF, 0x00, 0xFE,
    0x00, 0xF8, 0x00, 0xF8, 0x0F, 0xC0, 0xF8, 0x1F, 0x80, 0xF8, 0x3F, 0x00, 0xF8, 0x7E, 0x00, 0xF8,
    0xFC, 0x00, 0xF9, 0xF8, 0x00, 0xFB, 0xF0, 0x00, 0xFF, 0xE0, 0x00, 0xFF, 0xC0, 0x00, 0xFF, 0x80,
    0x00, 0xFF, 0xC0, 0x00, 0xFF, 0xE0, 0x00, 0xFF, 0xF0, 0x00, 0xFB, 0xF8, 0x00, 0xF9, 0xFC, 0x00,
    0xF8, 0x7E, 0x00, 0xF8, 0x3F, 0x00, 0xF8, 0x1F, 0x80, 0xF8, 0x0F, 0xC0, 0xF8, 0x07, 0xE0, 0xF8,
    0x00, 0xF8, 0x00, 0xF8, 0x00, 0xF8, 0x00, 0xF8, 0x00, 0xF8, 0x00, 0xF8, 0x00, 0xF8, 0x00, 0xF8,
    0x00, 0xF8, 0x00, 0xF8, 0x00, 0xF8, 0x00, 0xF8, 0x00, 0xF8, 0x00, 0xF8, 0x00, 0xF8, 0x00, 0xFF,
    0xFE, 0xFF, 0xFE, 0xFF, 0xFE, 0xFF, 0xFE, 0xFC, 0x00, 0x7E, 0xFE, 0x00, 0xFE, 0xFE, 0x00, 0xFE,
    0xFE, 0x00, 0xFE, 0xFF, 0x01, 0xFE, 0xFF, 0x01, 0xFE, 0xFB, 0x83, 0xBE, 0xFB, 0x83, 0xBE, 0xFB,
    0xC7, 0xBE, 0xF9, 0xC7, 0x3E, 0xF9, 0xEF, 0x3E, 0xF8, 0xEE, 0x3E, 0xF8, 0xFE, 0x3E, 0xF8, 0x7C,
    0x3E, 0xF8, 0x7C, 0x3E, 0xF8, 0x38, 0x3E, 0xF8, 0x00, 0x3E, 0xF8, 0x00, 0x3E, 0xF8, 0x00, 0x3E,
    0xF8, 0x00, 0x3E, 0xFC, 0x07, 0xC0, 0xFE, 0x07, 0xC0, 0xFE, 0x07, 0xC0, 0xFF, 0x07, 0xC0, 0xFF,
    0x07, 0xC0, 0xFF, 0x07, 0xC0, 0xFB, 0x87, 0xC0, 0xFB, 0x87, 0xC0, 0xF9, 0xC7, 0xC0, 0xF9, 0xC7,
    0xC0, 0xF8, 0xE7, 0xC0, 0xF8, 0xE7, 0xC0, 0xF8, 0x77, 0xC0, 0xF8, 0x77, 0xC0, 0xF8, 0x7F, 0xC0,
    0xF8, 0x3F, 0xC0, 0xF8, 0x3F, 0xC0, 0xF8, 0x1F, 0xC0, 0xF8, 0x1F, 0xC0, 0xF8, 0x0F, 0xC0, 0x01,
    0xFC, 0x00, 0x0F, 0xFF, 0x80, 0x1F, 0xFF, 0xC0, 0x3F, 0xFF, 0xE0, 0x7F, 0x07, 0xF0, 0x7E, 0x03,
    0xF0, 0xFC, 0x01, 0xF8, 0xF8, 0x00, 0xF8, 0xF8, 0x00, 0xF8, 0xF8, 0x00, 0xF8, 0xF8, 0x00, 0xF8,
    0xF8, 0x00, 0xF8, 0xF8, 0x00, 0xF8, 0xFC, 0x01, 0xF8, 0x7E, 0x03, 0xF0, 0x7F, 0x07, 0xF0, 0x3F,
    0xFF, 0xE0, 0x1F, 0xFF, 0xC0, 0x0F, 0xFF, 0x80, 0x01, 0xFE, 0x00, 0xFF, 0xF8, 0x00, 0xFF, 0xFE,
    0x00, 0xFF, 0xFF, 0x00, 0xFF, 0xFF, 0x00, 0xF8, 0x1F, 0x80, 0xF8, 0x0F, 0x80, 0xF8, 0x0F, 0x80,
    0xF8, 0x0F, 0x80, 0xF8, 0x1F, 0x80, 0xFF, 0xFF, 0x00, 0xFF, 0xFF, 0x00, 0xFF, 0xFE, 0x00, 0xFF,
    0xF8, 0x00, 0xF8, 0x00, 0x00, 0xF8, 0x00, 0x00, 0xF8, 0x00, 0x00, 0xF8, 0x00, 0x00, 0xF8, 0x00,
    0x00, 0xF8, 0x00, 0x00, 0xF8, 0x00, 0x00, 0x01, 0xFC, 0x00, 0x0F, 0xFF, 0x80, 0x1F, 0xFF, 0xC0,
    0x3F, 0xFF, 0xE0, 0x7F, 0x07, 0xF0, 0x7E, 0x03, 0xF0, 0xFC, 0x01, 0xF8, 0xF8, 0x00, 0xF8, 0xF8,
    0x00, 0xF8, 0xF8, 0x00, 0xF8, 0xF8, 0x00, 0xF8, 0xF8, 0x00, 0xF8, 0xF8, 0x00, 0xF8, 0xFC, 0x01,
    0xF8, 0x7C, 0x03, 0xF0, 0x7F, 0x07, 0xF0, 0x3F, 0xFF, 0xE0, 0x1F, 0xFF, 0xC0, 0x0F, 0xFF, 0x80,
    0x01, 0xFF, 0x00, 0x00, 0x1F, 0x80, 0x00, 0x0F, 0xC0, 0x00, 0x07, 0xC0, 0x00, 0x03, 0xE0, 0xFF,
    0xF0, 0x00, 0xFF, 0xFC, 0x00, 0xFF, 0xFE, 0x00, 0xFF, 0xFF, 0x00, 0xF8, 0x3F, 0x00, 0xF8, 0x1F,
    0x00, 0xF8, 0x1F, 0x00, 0xF8, 0x1F, 0x00, 0xF8, 0x3E, 0x00, 0xFF, 0xFE, 0x00, 0xFF, 0xF8, 0x00,
    0xFF, 0xF8, 0x00, 0xFF, 0xFC, 0x00, 0xF8, 0x7E, 0x00, 0xF8, 0x3F, 0x00, 0xF8, 0x3F, 0x00, 0xF8,
    0x1F, 0x80, 0xF8, 0x0F, 0x80, 0xF8, 0x0F, 0xC0, 0xF8, 0x07, 0xE0, 0x0F, 0xF8, 0x3F, 0xFE, 0x7F,
    0xFE, 0xFF, 0xFE, 0xFC, 0x0E, 0xF8, 0x02, 0xF8, 0x00, 0xFC, 0x00, 0x7F, 0xC0, 0x7F, 0xF8, 0x1F,
    0xFE, 0x03, 0xFE, 0x00, 0x3F, 0x00, 0x1F, 0x80, 0x1F, 0xF0, 0x3F, 0xFF, 0xFF, 0xFF, 0xFE, 0xFF,
    0xFC, 0x1F, 0xF0, 0xFF, 0xFF, 0xE0, 0xFF, 0xFF, 0xE0, 0xFF, 0xFF, 0xE0, 0xFF, 0xFF, 0xE0, 0x01,
    0xF0, 0x00, 0x01, 0xF0, 0x00, 0x01, 0xF0, 0x00, 0x01, 0xF0, 0x00, 0x01, 0xF0, 0x00, 0x01, 0xF0,
    0x00, 0x01, 0xF0, 0x00, 0x01, 0xF0, 0x00, 0x01, 0xF0, 0x00, 0x01, 0xF0, 0x00, 0x01, 0xF0, 0x00,
    0x01, 0xF0, 0x00, 0x01, 0xF0, 0x00, 0x01, 0xF0, 0x00, 0x01, 0xF0, 0x00, 0x01, 0xF0, 0x00, 0xF8,
    0x07, 0xC0, 0xF8, 0x07, 0xC0, 0xF8, 0x07, 0xC0, 0xF8, 0x07, 0xC0, 0xF8, 0x07, 0xC0, 0xF8, 0x07,
    0xC0, 0xF8, 0x07, 0xC0, 0xF8, 0x07, 0xC0, 0xF8, 0x07, 0xC0, 0xF8, 0x07, 0xC0, 0xF8, 0x07, 0xC0,
    0xF8, 0x07, 0xC0, 0xF8, 0x07, 0xC0, 0xF8, 0x07, 0xC0, 0xFC, 0x0F, 0xC0, 0x7E, 0x1F, 0x80, 0x7F,
    0xFF, 0x80, 0x3F, 0xFF, 0x00, 0x1F, 0xFE, 0x00, 0x07, 0xF8, 0x00, 0xFC, 0x01, 0xF8, 0x7C, 0x01,
    0xF0, 0x7C, 0x01, 0xF0, 0x7E, 0x03, 0xF0, 0x3E, 0x03, 0xE0, 0x3E, 0x03, 0xE0, 0x3F, 0x07, 0xE0,
    0x1F, 0x07, 0xC0, 0x1F, 0x0F, 0xC0, 0x0F, 0x8F, 0x80, 0x0F, 0x8F, 0x80, 0x0F, 0xDF, 0x80, 0x07,
    0xDF, 0x00, 0x07, 0xDF, 0x00, 0x07, 0xFF, 0x00, 0x03, 0xFE, 0x00, 0x03, 0xFE, 0x00, 0x03, 0xFE,
    0x00, 0x01, 0xFC, 0x00, 0x01, 0xFC, 0x00, 0xF8, 0x0F, 0x80, 0xF8, 0xFC, 0x0F, 0x81, 0xF8, 0x7C,
    0x1F, 0xC1, 0xF0, 0x7C, 0x1D, 0xC1, 0xF0, 0x7C, 0x1D, 0xC1, 0xF0, 0x7C, 0x1D, 0xC1, 0xF0, 0x3E,
    0x3C, 0xE3, 0xE0, 0x3E, 0x38, 0xE3, 0xE0, 0x3E, 0x38, 0xE3, 0xE0, 0x3E, 0x38, 0xE3, 0xE0, 0x1F,
    0x78, 0xF7, 0xE0, 0x1F, 0x70, 0x77, 0xC0, 0x1F, 0x70, 0x77, 0xC0, 0x1F, 0x70, 0x77, 0xC0, 0x1F,
    0xF0, 0x7F, 0xC0, 0x0F, 0xE0, 0x3F, 0x80, 0x0F, 0xE0, 0x3F, 0x80, 0x0F, 0xE0, 0x3F, 0x80, 0x0F,
    0xE0, 0x3F, 0x80, 0x07, 0xC0, 0x1F, 0x00, 0xFE, 0x03, 0xF8, 0x7E, 0x03, 0xF0, 0x3F, 0x07, 0xE0,
    0x1F, 0x8F, 0xC0, 0x1F, 0xDF, 0xC0, 0x0F, 0xDF, 0x80, 0x07, 0xFF, 0x00, 0x07, 0xFF, 0x00, 0x03,
    0xFE, 0x00, 0x01, 0xFC, 0x00, 0x01, 0xFC, 0x00, 0x03, 0xFE, 0x00, 0x07, 0xFF, 0x00, 0x07, 0xFF,
    0x00, 0x0F, 0xDF, 0x80, 0x1F, 0x8F, 0xC0, 0x3F, 0x8F, 0xE0, 0x3F, 0x07, 0xE0, 0x7E, 0x03, 0xF0,
    0xFC, 0x01, 0xF8, 0xFC, 0x01, 0xF8, 0x7E, 0x03, 0xF0, 0x3F, 0x07, 0xE0, 0x3F, 0x0F, 0xE0, 0x1F,
    0x8F, 0xC0, 0x0F, 0xDF, 0x80, 0x0F, 0xFF, 0x80, 0x07, 0xFF, 0x00, 0x03, 0xFE, 0x00, 0x01, 0xFC,
    0x00, 0x01, 0xFC, 0x00, 0x00, 0xF8, 0x00, 0x00, 0xF8, 0x00, 0x00, 0xF8, 0x00, 0x00, 0xF8, 0x00,
    0x00, 0xF8, 0x00, 0x00, 0xF8, 0x00, 0x00, 0xF8, 0x00, 0x00, 0xF8, 0x00, 0x00, 0xF8, 0x00, 0xFF,
    0xFF, 0xC0, 0xFF, 0xFF, 0xC0, 0xFF, 0xFF, 0xC0, 0xFF, 0xFF, 0xC0, 0x00, 0x3F, 0x80, 0x00, 0x7F,
    0x00, 0x00, 0xFE, 0x00, 0x00, 0xFC, 0x00, 0x01, 0xF8, 0x00, 0x03, 0xF8, 0x00, 0x07, 0xF0, 0x00,
    0x0F, 0xE0, 0x00, 0x0F, 0xC0, 0x00, 0x1F, 0x80, 0x00, 0x3F, 0x00, 0x00, 0x7F, 0x00, 0x00, 0xFF,
    0xFF, 0xC0, 0xFF, 0xFF, 0xC0, 0xFF, 0xFF, 0xC0, 0xFF, 0xFF, 0xC0, 0xFF, 0x80, 0xFF, 0x80, 0xFF,
    0x80, 0xF8, 0x00, 0xF8, 0x00, 0xF8, 0x00, 0xF8, 0x00, 0xF8, 0x00, 0xF8, 0x00, 0xF8, 0x00, 0xF8,
    0x00, 0xF8, 0x00, 0xF8, 0x00, 0xF8, 0x00, 0xF8, 0x00, 0xF8, 0x00, 0xF8, 0x00, 0xF8, 0x00, 0xF8,
    0x00, 0xF8, 0x00, 0xF8, 0x00, 0xF8, 0x00, 0xFF, 0x80, 0xFF, 0x80, 0xFF, 0x80, 0xE0, 0x00, 0xE0,
    0x00, 0x70, 0x00, 0x70, 0x00, 0x70, 0x00, 0x38, 0x00, 0x38, 0x00, 0x38, 0x00, 0x1C, 0x00, 0x1C,
    0x00, 0x1C, 0x00, 0x0C, 0x00, 0x0E, 0x00, 0x0E, 0x00, 0x0E, 0x00, 0x07, 0x00, 0x07, 0x00, 0x07,
    0x00, 0x03, 0x80, 0x03, 0x80, 0x03, 0x80, 0x01, 0xC0, 0x01, 0xC0, 0xFF, 0x80, 0xFF, 0x80, 0xFF,
    0x80, 0x0F, 0x80, 0x0F, 0x80, 0x0F, 0x80, 0x0F, 0x80, 0x0F, 0x80, 0x0F, 0x80, 0x0F, 0x80, 0x0F,
    0x80, 0x0F, 0x80, 0x0F, 0x80, 0x0F, 0x80, 0x0F, 0x80, 0x0F, 0x80, 0x0F, 0x80, 0x0F, 0x80, 0x0F,
    0x80, 0x0F, 0x80, 0x0F, 0x80, 0x0F, 0x80, 0xFF, 0x80, 0xFF, 0x80, 0xFF, 0x80, 0x01, 0xE0, 0x00,
    0x03, 0xF0, 0x00, 0x07, 0xF8, 0x00, 0x0F, 0xFC, 0x00, 0x1F, 0x3E, 0x00, 0x3E, 0x1F, 0x00, 0x78,
    0x07, 0x80, 0xF0, 0x03, 0xC0, 0xFF, 0xFC, 0xFF, 0xFC, 0xFF, 0xFC, 0xE0, 0x70, 0x38, 0x1C, 0x0E,
    0x1F, 0xE0, 0x7F, 0xF8, 0x7F, 0xFC, 0x40, 0x7E, 0x00, 0x3E, 0x1F, 0xFE, 0x7F, 0xFE, 0x7F, 0xFE,
    0xFC, 0x3E, 0xF8, 0x3E, 0xF8, 0x3E, 0xFC, 0x7E, 0x7F, 0xFE, 0x7F, 0xBE, 0x1E, 0x3E, 0xF8, 0x00,
    0xF8, 0x00, 0xF8, 0x00, 0xF8, 0x00, 0xF8, 0x00, 0xF8, 0x00, 0xF8, 0xF0, 0xFB, 0xFC, 0xFF, 0xFE,
    0xFC, 0x3E, 0xFC, 0x3F, 0xF8, 0x1F, 0xF8, 0x1F, 0xF8, 0x1F, 0xF8, 0x1F, 0xF8, 0x1F, 0xFC, 0x3F,
    0xFC, 0x3E, 0xFF, 0xFE, 0xFB, 0xFC, 0xF9, 0xF0, 0x07, 0xF8, 0x1F, 0xFC, 0x3F, 0xFC, 0x7E, 0x04,
    0x7C, 0x00, 0xF8, 0x00, 0xF8, 0x00, 0xF8, 0x00, 0xF8, 0x00, 0xF8, 0x00, 0x7C, 0x00, 0x7E, 0x04,
    0x3F, 0xFC, 0x1F, 0xFC, 0x07, 0xF8, 0x00, 0x1F, 0x00, 0x1F, 0x00, 0x1F, 0x00, 0x1F, 0x00, 0x1F,
    0x00, 0x1F, 0x0F, 0x1F, 0x3F, 0xDF, 0x7F, 0xFF, 0x7C, 0x3F, 0xFC, 0x3F, 0xF8, 0x1F, 0xF8, 0x1F,
    0xF8, 0x1F, 0xF8, 0x1F, 0xF8, 0x1F, 0xFC, 0x3F, 0x7C, 0x3F, 0x7F, 0xFF, 0x3F, 0xDF, 0x0F, 0x1F,
    0x07, 0xE0, 0x1F, 0xF8, 0x3F, 0xFC, 0x7C, 0x3E, 0xFC, 0x1E, 0xF8, 0x1F, 0xFF, 0xFF, 0xFF, 0xFF,
    0xFF, 0xFF, 0xF8, 0x00, 0xF8, 0x00, 0x7E, 0x06, 0x3F, 0xFE, 0x1F, 0xFE, 0x07, 0xF8, 0x07, 0xF0,
    0x1F, 0xF0, 0x3F, 0xF0, 0x3E, 0x00, 0x3E, 0x00, 0x3E, 0x00, 0xFF, 0xE0, 0xFF, 0xE0, 0xFF, 0xE0,
    0x3E, 0x00, 0x3E, 0x00, 0x3E, 0x00, 0x3E, 0x00, 0x3E, 0x00, 0x3E, 0x00, 0x3E, 0x00, 0x3E, 0x00,
    0x3E, 0x00, 0x3E, 0x00, 0x3E, 0x00, 0x3E, 0x00, 0x0F, 0x1F, 0x3F, 0xDF, 0x7F, 0xFF, 0x7C, 0x3F,
    0xFC, 0x3F, 0xF8, 0x1F, 0xF8, 0x1F, 0xF8, 0x1F, 0xF8, 0x1F, 0xF8, 0x1F, 0xFC, 0x3F, 0x7C, 0x3F,
    0x7F, 0xFF, 0x3F, 0xDF, 0x0F, 0x1F, 0x00, 0x1F, 0x00, 0x3E, 0x20, 0x7E, 0x3F, 0xFC, 0x3F, 0xF8,
    0x1F, 0xE0, 0xF8, 0x00, 0xF8, 0x00, 0xF8, 0x00, 0xF8, 0x00, 0xF8, 0x00, 0xF8, 0x00, 0xF8, 0xF0,
    0xFB, 0xFC, 0xFF, 0xFC, 0xFC, 0x7E, 0xFC, 0x3E, 0xF8, 0x3E, 0xF8, 0x3E, 0xF8, 0x3E, 0xF8, 0x3E,
    0xF8, 0x3E, 0xF8, 0x3E, 0xF8, 0x3E, 0xF8, 0x3E, 0xF8, 0x3E, 0xF8, 0x3E, 0xF8, 0xF8, 0xF8, 0xF8,
    0x00, 0x00, 0xF8, 0xF8, 0xF8, 0xF8, 0xF8, 0xF8, 0xF8, 0xF8, 0xF8, 0xF8, 0xF8, 0xF8, 0xF8, 0xF8,
    0xF8, 0x1F, 0x1F, 0x1F, 0x1F, 0x00, 0x00, 0x1F, 0x1F, 0x1F, 0x1F, 0x1F, 0x1F, 0x1F, 0x1F, 0x1F,
    0x1F, 0x1F, 0x1F, 0x1F, 0x1F, 0x1F, 0x1F, 0x1F, 0x3F, 0xFE, 0xFC, 0xF8, 0xF8, 0x00, 0x00, 0xF8,
    0x00, 0x00, 0xF8, 0x00, 0x00, 0xF8, 0x00, 0x00, 0xF8, 0x00, 0x00, 0xF8, 0x00, 0x00, 0xF8, 0x3E,
    0x00, 0xF8, 0x7C, 0x00, 0xF8, 0xF8, 0x00, 0xF9, 0xF0, 0x00, 0xFB, 0xE0, 0x00, 0xFF, 0xC0, 0x00,
    0xFF, 0x80, 0x00, 0xFF, 0x80, 0x00, 0xFF, 0xC0, 0x00, 0xFB, 0xE0, 0x00, 0xF9, 0xF0, 0x00, 0xF8,
    0xF8, 0x00, 0xF8, 0x7C, 0x00, 0xF8, 0x3E, 0x00, 0xF8, 0x1F, 0x80, 0xF8, 0xF8, 0xF8, 0xF8, 0xF8,
    0xF8, 0xF8, 0xF8, 0xF8, 0xF8, 0xF8, 0xF8, 0xF8, 0xF8, 0xF8, 0xF8, 0xF8, 0xF8, 0xF8, 0xF8, 0xF8,
    0xF8, 0xF0, 0x7C, 0x00, 0xFB, 0xF8, 0xFF, 0x00, 0xFF, 0xFD, 0xFF, 0x00, 0xFC, 0x7F, 0x1F, 0x80,
    0xFC, 0x3F, 0x0F, 0x80, 0xF8, 0x3E, 0x0F, 0x80, 0xF8, 0x3E, 0x0F, 0x80, 0xF8, 0x3E, 0x0F, 0x80,
    0xF8, 0x3E, 0x0F, 0x80, 0xF8, 0x3E, 0x0F, 0x80, 0xF8, 0x3E, 0x0F, 0x80, 0xF8, 0x3E, 0x0F, 0x80,
    0xF8, 0x3E, 0x0F, 0x80, 0xF8, 0x3E, 0x0F, 0x80, 0xF8, 0x3E, 0x0F, 0x80, 0xF8, 0xF0, 0xFB, 0xFC,
    0xFF, 0xFC, 0xFC, 0x7E, 0xFC, 0x3E, 0xF8, 0x3E, 0xF8, 0x3E, 0xF8, 0x3E, 0xF8, 0x3E, 0xF8, 0x3E,
    0xF8, 0x3E, 0xF8, 0x3E, 0xF8, 0x3E, 0xF8, 0x3E, 0xF8, 0x3E, 0x07, 0xF0, 0x00, 0x1F, 0xFC, 0x00,
    0x3F, 0xFE, 0x00, 0x7E, 0x3F, 0x00, 0x7C, 0x1F, 0x80, 0xF8, 0x0F, 0x80, 0xF8, 0x0F, 0x80, 0xF8,
    0x0F, 0x80, 0xF8, 0x0F, 0x80, 0xF8, 0x0F, 0x80, 0xFC, 0x1F, 0x80, 0x7E, 0x3F, 0x00, 0x3F, 0xFE,
    0x00, 0x1F, 0xFC, 0x00, 0x07, 0xF0, 0x00, 0xF8, 0xF0, 0xFB, 0xFC, 0xFF, 0xFE, 0xFC, 0x3E, 0xFC,
    0x3F, 0xF8, 0x1F, 0xF8, 0x1F, 0xF8, 0x1F, 0xF8, 0x1F, 0xF8, 0x1F, 0xFC, 0x3F, 0xFC, 0x3E, 0xFF,
    0xFE, 0xFB, 0xFC, 0xF9, 0xF0, 0xF8, 0x00, 0xF8, 0x00, 0xF8, 0x00, 0xF8, 0x00, 0xF8, 0x00, 0xF8,
    0x00, 0x0F, 0x1F, 0x3F, 0xDF, 0x7F, 0xFF, 0x7C, 0x3F, 0xFC, 0x3F, 0xF8, 0x1F, 0xF8, 0x1F, 0xF8,
    0x1F, 0xF8, 0x1F, 0xF8, 0x1F, 0xFC, 0x3F, 0x7C, 0x3F, 0x7F, 0xFF, 0x3F, 0xDF, 0x0F, 0x1F, 0x00,
    0x1F, 0x00, 0x1F, 0x00, 0x1F, 0x00, 0x1F, 0x00, 0x1F, 0x00, 0x1F, 0xF9, 0xE0, 0xFB, 0xE0, 0xFF,
    0xE0, 0xFF, 0xE0, 0xFE, 0x20, 0xFC, 0x00, 0xF8, 0x00, 0xF8, 0x00, 0xF8, 0x00, 0xF8, 0x00, 0xF8,
    0x00, 0xF8, 0x00, 0xF8, 0x00, 0xF8, 0x00, 0xF8, 0x00, 0x1F, 0xE0, 0x7F, 0xF8, 0xFF, 0xF8, 0xFC,
    0x18, 0xF8, 0x00, 0xF8, 0x00, 0xFF, 0x80, 0x7F, 0xF0, 0x1F, 0xF8, 0x00, 0xFC, 0x00, 0x7C, 0xC0,
    0x7C, 0xFF, 0xF8, 0xFF, 0xF8, 0x3F, 0xE0, 0x3E, 0x00, 0x3E, 0x00, 0x3E, 0x00, 0x3E, 0x00, 0x3E,
    0x00, 0xFF, 0xF0, 0xFF, 0xF0, 0xFF, 0xF0, 0x3E, 0x00, 0x3E, 0x00, 0x3E, 0x00, 0x3E, 0x00, 0x3E,
    0x00, 0x3E, 0x00, 0x3E, 0x00, 0x3E, 0x00, 0x3E, 0x00, 0x3F, 0xF0, 0x1F, 0xF0, 0x0F, 0xF0, 0xF8,
    0x3E, 0xF8, 0x3E, 0xF8, 0x3E, 0xF8, 0x3E, 0xF8, 0x3E, 0xF8, 0x3E, 0xF8, 0x3E, 0xF8, 0x3E, 0xF8,
    0x3E, 0xF8, 0x3E, 0xF8, 0x7E, 0xFC, 0x7E, 0x7F, 0xFE, 0x7F, 0xBE, 0x1E, 0x3E, 0xFC, 0x1F, 0x80,
    0x7C, 0x1F, 0x00, 0x7C, 0x1F, 0x00, 0x7E, 0x3F, 0x00, 0x3E, 0x3E, 0x00, 0x3F, 0x7E, 0x00, 0x1F,
    0x7C, 0x00, 0x1F, 0x7C, 0x00, 0x1F, 0xFC, 0x00, 0x0F, 0xF8, 0x00, 0x0F, 0xF8, 0x00, 0x0F, 0xF0,
    0x00, 0x07, 0xF0, 0x00, 0x07, 0xF0, 0x00, 0x03, 0xE0, 0x00, 0xF8, 0x3C, 0x1F, 0xFC, 0x3C, 0x3F,
    0x7C, 0x7E, 0x3E, 0x7C, 0x7E, 0x3E, 0x7C, 0x7E, 0x3E, 0x7E, 0x7E, 0x7E, 0x3E, 0xE7, 0x7C, 0x3E,
    0xE7, 0x7C, 0x3E, 0xE7, 0x7C, 0x1F, 0xE7, 0xF8, 0x1F, 0xC3, 0xF8, 0x1F, 0xC3, 0xF8, 0x1F, 0xC3,
    0xF8, 0x0F, 0xC3, 0xF0, 0x0F, 0x81, 0xF0, 0xFE, 0x3F, 0x80, 0x7E, 0x3F, 0x00, 0x3F, 0x7E, 0x00,
    0x1F, 0xFC, 0x00, 0x1F, 0xFC, 0x00, 0x0F, 0xF8, 0x00, 0x07, 0xF0, 0x00, 0x07, 0xF0, 0x00, 0x07,
    0xF0, 0x00, 0x0F, 0xF8, 0x00, 0x1F, 0xFC, 0x00, 0x1F, 0xFC, 0x00, 0x3F, 0x7E, 0x00, 0x7E, 0x3F,
    0x00, 0xFE, 0x3F, 0x80, 0xFC, 0x1F, 0x80, 0x7C, 0x1F, 0x00, 0x7C, 0x1F, 0x00, 0x7E, 0x3F, 0x00,
    0x3E, 0x3E, 0x00, 0x3F, 0x3E, 0x00, 0x1F, 0x7E, 0x00, 0x1F, 0xFC, 0x00, 0x0F, 0xFC, 0x00, 0x0F,
    0xF8, 0x00, 0x0F, 0xF8, 0x00, 0x07, 0xF8, 0x00, 0x07, 0xF0, 0x00, 0x03, 0xF0, 0x00, 0x03, 0xF0,
    0x00, 0x03, 0xE0, 0x00, 0x07, 0xE0, 0x00, 0x07, 0xC0, 0x00, 0x3F, 0xC0, 0x00, 0x3F, 0x80, 0x00,
    0x3F, 0x00, 0x00, 0xFF, 0xFC, 0xFF, 0xFC, 0xFF, 0xFC, 0x01, 0xFC, 0x03, 0xF8, 0x07, 0xF0, 0x07,
    0xE0, 0x0F, 0xC0, 0x1F, 0xC0, 0x3F, 0x80, 0x7F, 0x00, 0xFE, 0x00, 0xFF, 0xFC, 0xFF, 0xFC, 0xFF,
    0xFC, 0x01, 0xF8, 0x07, 0xF8, 0x0F, 0xF8, 0x0F, 0xC0, 0x0F, 0x80, 0x0F, 0x80, 0x0F, 0x80, 0x0F,
    0x80, 0x0F, 0x80, 0x0F, 0x80, 0x0F, 0x80, 0x1F, 0x80, 0xFF, 0x00, 0xFE, 0x00, 0xFF, 0x00, 0x1F,
    0x80, 0x0F, 0x80, 0x0F, 0x80, 0x0F, 0x80, 0x0F, 0x80, 0x0F, 0x80, 0x0F, 0x80, 0x0F, 0xC0, 0x0F,
    0xF8, 0x07, 0xF8, 0x01, 0xF8, 0xE0, 0xE0, 0xE0, 0xE0, 0xE0, 0xE0, 0xE0, 0xE0, 0xE0, 0xE0, 0xE0,
    0xE0, 0xE0, 0xE0, 0xE0, 0xE0, 0xE0, 0xE0, 0xE0, 0xE0, 0xE0, 0xE0, 0xE0, 0xE0, 0xE0, 0xE0, 0xE0,
    0xE0, 0xFC, 0x00, 0xFF, 0x00, 0xFF, 0x80, 0x1F, 0x80, 0x0F, 0x80, 0x0F, 0x80, 0x0F, 0x80, 0x0F,
    0x80, 0x0F, 0x80, 0x0F, 0x80, 0x0F, 0x80, 0x0F, 0xC0, 0x07, 0xF8, 0x01, 0xF8, 0x07, 0xF8, 0x0F,
    0xC0, 0x0F, 0x80, 0x0F, 0x80, 0x0F, 0x80, 0x0F, 0x80, 0x0F, 0x80, 0x0F, 0x80, 0x1F, 0x80, 0xFF,
    0x80, 0xFF, 0x00, 0xFC, 0x00, 0x1F, 0x00, 0x40, 0x7F, 0xE1, 0xC0, 0xFF, 0xFF, 0xC0, 0xE1, 0xFF,
    0x80, 0x80, 0x3E, 0x00, 0xF8, 0xF8, 0xF8, 0xF8, 0xF8, 0x00, 0x00, 0x70, 0xF0, 0xF8, 0xF8, 0xF8,
    0xF8, 0xF8, 0xF8, 0xF8, 0xF8, 0xF8, 0xF8, 0xF8, 0x01, 0x80, 0x01, 0x80, 0x01, 0x80, 0x01, 0x80,
    0x07, 0xF0, 0x1F, 0xF8, 0x3F, 0xF8, 0x7F, 0x88, 0xFD, 0x80, 0xF9, 0x80, 0xF9, 0x80, 0xF9, 0x80,
    0xF9, 0x80, 0xF9, 0x80, 0x7D, 0x80, 0x7F, 0x88, 0x3F, 0xF8, 0x1F, 0xF8, 0x07, 0xF0, 0x01, 0x80,
    0x01, 0x80, 0x01, 0x80, 0x01, 0x80, 0x01, 0xFC, 0x07, 0xFE, 0x0F, 0xFE, 0x0F, 0xFE, 0x1F, 0x82,
    0x1F, 0x00, 0x1F, 0x00, 0x1F, 0x00, 0x1F, 0x00, 0xFF, 0xF8, 0xFF, 0xF8, 0xFF, 0xF8, 0x1F, 0x00,
    0x1F, 0x00, 0x1F, 0x00, 0x1F, 0x00, 0xFF, 0xFE, 0xFF, 0xFE, 0xFF, 0xFE, 0xFF, 0xFE, 0x20, 0x06,
    0x70, 0x0E, 0xFB, 0xDF, 0x7F, 0xFE, 0x3F, 0xFC, 0x1C, 0x38, 0x38, 0x1C, 0x38, 0x1C, 0x38, 0x1C,
    0x38, 0x1C, 0x1C, 0x38, 0x3F, 0xFC, 0x7F, 0xFE, 0xFB, 0xDF, 0xF0, 0x0E, 0x20, 0x04, 0xFC, 0x07,
    0xE0, 0x7E, 0x0F, 0xC0, 0x3F, 0x1F, 0x80, 0x3F, 0x3F, 0x80, 0x1F, 0xBF, 0x00, 0x0F, 0xFE, 0x00,
    0x07, 0xFE, 0x00, 0x7F, 0xFF, 0xC0, 0x7F, 0xFF, 0xC0, 0x7F, 0xFF, 0xC0, 0x01, 0xF0, 0x00, 0x01,
    0xF0, 0x00, 0x7F, 0xFF, 0xC0, 0x7F, 0xFF, 0xC0, 0x7F, 0xFF, 0xC0, 0x01, 0xF0, 0x00, 0x01, 0xF0,
    0x00, 0x01, 0xF0, 0x00, 0x01, 0xF0, 0x00, 0x01, 0xF0, 0x00, 0xE0, 0xE0, 0xE0, 0xE0, 0xE0, 0xE0,
    0xE0, 0xE0, 0xE0, 0xE0, 0x00, 0x00, 0x00, 0x00, 0xE0, 0xE0, 0xE0, 0xE0, 0xE0, 0xE0, 0xE0, 0xE0,
    0xE0, 0xE0, 0x0F, 0xE0, 0x3F, 0xF0, 0x7F, 0xF0, 0x78, 0x30, 0x78, 0x00, 0x7E, 0x00, 0x3F, 0xC0,
    0x1F, 0xF0, 0x7F, 0xF8, 0xF9, 0xFC, 0xF0, 0x7C, 0xF0, 0x3C, 0xF8, 0x3C, 0xFE, 0x3C, 0x7F, 0xF8,
    0x3F, 0xE0, 0x0F, 0xF0, 0x01, 0xF8, 0x00, 0x78, 0x60, 0x78, 0x7F, 0xF8, 0x7F, 0xF0, 0x3F, 0xC0,
    0xE7, 0xE7, 0xE7, 0x01, 0xF8, 0x00, 0x07, 0xFE, 0x00, 0x1E, 0x07, 0x80, 0x38, 0x01, 0xC0, 0x30,
    0x00, 0xC0, 0x60, 0xFC, 0x60, 0x63, 0xFC, 0x60, 0xC3, 0x84, 0x30, 0xC7, 0x00, 0x30, 0xC7, 0x00,
    0x30, 0xC7, 0x00, 0x30, 0xC7, 0x00, 0x30, 0xC3, 0x84, 0x30, 0x63, 0xFC, 0x60, 0x60, 0xFC, 0x60,
    0x30, 0x00, 0xC0, 0x38, 0x01, 0xC0, 0x1E, 0x07, 0x80, 0x07, 0xFE, 0x00, 0x01, 0xF8, 0x00, 0x3F,
    0x80, 0x7F, 0xE0, 0x60, 0xF0, 0x00, 0x70, 0x3F, 0xF0, 0x7F, 0xF0, 0xF0, 0x70, 0xE0, 0xF0, 0xE1,
    0xF0, 0x7F, 0xF0, 0x3E, 0x70, 0x00, 0x00, 0x00, 0x00, 0xFF, 0xF0, 0xFF, 0xF0, 0xFF, 0xF0, 0x02,
    0x04, 0x06, 0x0C, 0x0E, 0x1C, 0x3E, 0x7C, 0x7C, 0xF0, 0xF1, 0xE0, 0xE1, 0xC0, 0xF1, 0xE0, 0x7C,
    0xF0, 0x3E, 0x7C, 0x0E, 0x1C, 0x06, 0x0C, 0x02, 0x04, 0xFF, 0xFF, 0xC0, 0xFF, 0xFF, 0xC0, 0xFF,
    0xFF, 0xC0, 0x00, 0x01, 0xC0, 0x00, 0x01, 0xC0, 0x00, 0x01, 0xC0, 0x00, 0x01, 0xC0, 0x00, 0x01,
    0xC0, 0x00, 0x01, 0xC0, 0xFF, 0x80, 0xFF, 0x80, 0xFF, 0x80, 0xFF, 0x80, 0x01, 0xF8, 0x00, 0x07,
    0xFE, 0x00, 0x1E, 0x07, 0x80, 0x38, 0x01, 0xC0, 0x30, 0x00, 0xC0, 0x63, 0xF0, 0x60, 0x63, 0xFC,
    0x60, 0xC3, 0x9C, 0x30, 0xC3, 0x9C, 0x30, 0xC3, 0x9C, 0x30, 0xC3, 0xF8, 0x30, 0xC3, 0xF0, 0x30,
    0xC3, 0xB8, 0x30, 0x63, 0x9C, 0x60, 0x63, 0x9C, 0x60, 0x30, 0x00, 0xC0, 0x38, 0x01, 0xC0, 0x1E,
    0x07, 0x80, 0x07, 0xFE, 0x00, 0x01, 0xF8, 0x00, 0xFF, 0x80, 0xFF, 0x80, 0xFF, 0x80, 0x3E, 0x00,
    0x7F, 0x00, 0xE3, 0x80, 0xC1, 0x80, 0xC1, 0x80, 0xC1, 0x80, 0xE3, 0x80, 0x7F, 0x00, 0x3E, 0x00,
    0x01, 0xC0, 0x00, 0x01, 0xC0, 0x00, 0x01, 0xC0, 0x00, 0x01, 0xC0, 0x00, 0x01, 0xC0, 0x00, 0xFF,
    0xFF, 0x80, 0xFF, 0xFF, 0x80, 0xFF, 0xFF, 0x80, 0x01, 0xC0, 0x00, 0x01, 0xC0, 0x00, 0x01, 0xC0,
    0x00, 0x01, 0xC0, 0x00, 0x01, 0xC0, 0x00, 0x00, 0x00, 0x00, 0x00, 0x00, 0x00, 0xFF, 0xFF, 0x80,
    0xFF, 0xFF, 0x80, 0xFF, 0xFF, 0x80, 0x7E, 0x00, 0xFF, 0x00, 0x83, 0x80, 0x03, 0x80, 0x03, 0x80,
    0x07, 0x00, 0x0F, 0x00, 0x1E, 0x00, 0x38, 0x00, 0xF0, 0x00, 0xFF, 0x80, 0xFF, 0x80, 0xFF, 0x00,
    0xFF, 0xC0, 0x81, 0xC0, 0x01, 0xC0, 0x3F, 0x80, 0x3F, 0x80, 0x03, 0xC0, 0x01, 0xC0, 0x01, 0xC0,
    0x83, 0xC0, 0xFF, 0x80, 0xFF, 0x00, 0x0E, 0x1C, 0x38, 0x70, 0xE0, 0xF8, 0x3E, 0x00, 0xF8, 0x3E,
    0x00, 0xF8, 0x3E, 0x00, 0xF8, 0x3E, 0x00, 0xF8, 0x3E, 0x00, 0xF8, 0x3E, 0x00, 0xF8, 0x3E, 0x00,
    0xF8, 0x3E, 0x00, 0xF8, 0x3E, 0x00, 0xF8, 0x3E, 0x00, 0xF8, 0x3E, 0x00, 0xFC, 0x7E, 0x00, 0xFF,
    0xFF, 0x80, 0xFF, 0xFF, 0x80, 0xFB, 0xCF, 0x80, 0xF8, 0x00, 0x00, 0xF8, 0x00, 0x00, 0xF8, 0x00,
    0x00, 0xF8, 0x00, 0x00, 0xF8, 0x00, 0x00, 0xF8, 0x00, 0x00, 0x0F, 0xFE, 0x3F, 0xFE, 0x7F, 0x8E,
    0xFF, 0x8E, 0xFF, 0x8E, 0xFF, 0x8E, 0xFF, 0x8E, 0xFF, 0x8E, 0xFF, 0x8E, 0x7F, 0x8E, 0x3F, 0x8E,
    0x0F, 0x8E, 0x03, 0x8E, 0x03, 0x8E, 0x03, 0x8E, 0x03, 0x8E, 0x03, 0x8E, 0x03, 0x8E, 0x03, 0x8E,
    0x03, 0x8E, 0x03, 0x8E, 0x03, 0x8E, 0x03, 0x8E, 0xF8, 0xF8, 0xF8, 0xF8, 0xF8, 0x18, 0x0C, 0x0C,
    0xFC, 0xF8, 0x7C, 0x00, 0xFC, 0x00, 0xDC, 0x00, 0x1C, 0x00, 0x1C, 0x00, 0x1C, 0x00, 0x1C, 0x00,
    0x1C, 0x00, 0x1C, 0x00, 0x1C, 0x00, 0xFF, 0x80, 0xFF, 0x80, 0x1F, 0xC0, 0x3F, 0xE0, 0x78, 0xF0,
    0xF0, 0x78, 0xF0, 0x78, 0xF0, 0x78, 0xF0, 0x78, 0xF0, 0x78, 0x78, 0xF0, 0x3F, 0xE0, 0x1F, 0xC0,
    0x00, 0x00, 0x00, 0x00, 0x7F, 0xF0, 0x7F, 0xF0, 0x7F, 0xF0, 0x81, 0x00, 0xC1, 0x80, 0xE1, 0xC0,
    0xF9, 0xF0, 0x3C, 0xF8, 0x1E, 0x3C, 0x0E, 0x1C, 0x1E, 0x3C, 0x3C, 0xF8, 0xF9, 0xF0, 0xE1, 0xC0,
    0xC1, 0x80, 0x81, 0x00, 0x7C, 0x00, 0x78, 0x00, 0xFC, 0x00, 0xF0, 0x00, 0xDC, 0x00, 0xE0, 0x00,
    0x1C, 0x01, 0xE0, 0x00, 0x1C, 0x01, 0xC0, 0x00, 0x1C, 0x03, 0xC0, 0x00, 0x1C, 0x07, 0x80, 0x00,
    0x1C, 0x07, 0x00, 0x00, 0x1C, 0x0F, 0x0E, 0x00, 0x1C, 0x0E, 0x1E, 0x00, 0xFF, 0x9C, 0x3E, 0x00,
    0xFF, 0xBC, 0x3E, 0x00, 0x00, 0x38, 0x6E, 0x00, 0x00, 0x78, 0xCE, 0x00, 0x00, 0xF1, 0xCE, 0x00,
    0x00, 0xE1, 0x8E, 0x00, 0x01, 0xE1, 0xFF, 0x80, 0x01, 0xC1, 0xFF, 0x80, 0x03, 0x80, 0x0E, 0x00,
    0x07, 0x80, 0x0E, 0x00, 0x7C, 0x00, 0x78, 0x00, 0xFC, 0x00, 0xF0, 0x00, 0xDC, 0x00, 0xE0, 0x00,
    0x1C, 0x01, 0xE0, 0x00, 0x1C, 0x01, 0xC0, 0x00, 0x1C, 0x03, 0xC0, 0x00, 0x1C, 0x07, 0x80, 0x00,
    0x1C, 0x07, 0x00, 0x00, 0x1C, 0x0F, 0x00, 0x00, 0x1C, 0x0E, 0x7E, 0x00, 0xFF, 0x9C, 0xFF, 0x00,
    0xFF, 0xBC, 0x83, 0x80, 0x00, 0x38, 0x03, 0x80, 0x00, 0x78, 0x03, 0x80, 0x00, 0xF0, 0x07, 0x00,
    0x00, 0xE0, 0x0F, 0x00, 0x01, 0xE0, 0x1E, 0x00, 0x01, 0xC0, 0x38, 0x00, 0x03, 0x80, 0xF0, 0x00,
    0x07, 0x80, 0xFF, 0x80, 0x00, 0x00, 0xFF, 0x80, 0xFF, 0x00, 0x3C, 0x00, 0xFF, 0xC0, 0x78, 0x00,
    0x81, 0xC0, 0x70, 0x00, 0x01, 0xC0, 0xF0, 0x00, 0x3F, 0x80, 0xE0, 0x00, 0x3F, 0x81, 0xE0, 0x00,
    0x03, 0xC3, 0xC0, 0x00, 0x01, 0xC3, 0x80, 0x00, 0x01, 0xC7, 0x87, 0x00, 0x83, 0xC7, 0x0F, 0x00,
    0xFF, 0x8E, 0x1F, 0x00, 0xFF, 0x1E, 0x1F, 0x00, 0x00, 0x1C, 0x37, 0x00, 0x00, 0x3C, 0x67, 0x00,
    0x00, 0x78, 0xE7, 0x00, 0x00, 0x70, 0xC7, 0x00, 0x00, 0xF0, 0xFF, 0xC0, 0x00, 0xE0, 0xFF, 0xC0,
    0x01, 0xC0, 0x07, 0x00, 0x03, 0xC0, 0x07, 0x00, 0x07, 0xC0, 0x07, 0xC0, 0x07, 0xC0, 0x07, 0xC0,
    0x07, 0xC0, 0x00, 0x00, 0x00, 0x00, 0x07, 0xC0, 0x07, 0xC0, 0x0F, 0xC0, 0x0F, 0x80, 0x1F, 0x80,
    0x7F, 0x00, 0x7E, 0x00, 0xFC, 0x00, 0xF8, 0x00, 0xF8, 0x00, 0xFC, 0x18, 0x7F, 0xF8, 0x3F, 0xF8,
    0x1F, 0xF8, 0x01, 0xC0, 0x00, 0x00, 0xE0, 0x00, 0x00, 0x70, 0x00, 0x00, 0x38, 0x00, 0x00, 0x00,
    0x00, 0x00, 0x00, 0x00, 0x01, 0xFC, 0x00, 0x01, 0xFC, 0x00, 0x03, 0xFE, 0x00, 0x03, 0xFE, 0x00,
    0x03, 0xFE, 0x00, 0x07, 0xFF, 0x00, 0x07, 0xDF, 0x00, 0x07, 0xDF, 0x00, 0x0F, 0xDF, 0x80, 0x0F,
    0x8F, 0x80, 0x0F, 0x8F, 0x80, 0x1F, 0x07, 0xC0, 0x1F, 0xFF, 0xC0, 0x3F, 0xFF, 0xE0, 0x3F, 0xFF,
    0xE0, 0x3F, 0xFF, 0xE0, 0x7E, 0x03, 0xF0, 0x7C, 0x01, 0xF0, 0x7C, 0x01, 0xF0, 0xFC, 0x01, 0xF8,
    0x00, 0x0E, 0x00, 0x00, 0x1C, 0x00, 0x00, 0x38, 0x00, 0x00, 0x70, 0x00, 0x00, 0x00, 0x00, 0x00,
    0x00, 0x00, 0x01, 0xFC, 0x00, 0x01, 0xFC, 0x00, 0x03, 0xFE, 0x00, 0x03, 0xFE, 0x00, 0x03, 0xFE,
    0x00, 0x07, 0xFF, 0x00, 0x07, 0xDF, 0x00, 0x07, 0xDF, 0x00, 0x0F, 0xDF, 0x80, 0x0F, 0x8F, 0x80,
    0x0F, 0x8F, 0x80, 0x1F, 0x07, 0xC0, 0x1F, 0xFF, 0xC0, 0x3F, 0xFF, 0xE0, 0x3F, 0xFF, 0xE0, 0x3F,
    0xFF, 0xE0, 0x7E, 0x03, 0xF0, 0x7C, 0x01, 0xF0, 0x7C, 0x01, 0xF0, 0xFC, 0x01, 0xF8, 0x00, 0xF8,
    0x00, 0x01, 0xFC, 0x00, 0x01, 0x9C, 0x00, 0x03, 0x06, 0x00, 0x00, 0x00, 0x00, 0x00, 0x00, 0x00,
    0x01, 0xFC, 0x00, 0x01, 0xFC, 0x00, 0x03, 0xFE, 0x00, 0x03, 0xFE, 0x00, 0x03, 0xFE, 0x00, 0x07,
    0xFF, 0x00, 0x07, 0xDF, 0x00, 0x07, 0xDF, 0x00, 0x0F, 0xDF, 0x80, 0x0F, 0x8F, 0x80, 0x0F, 0x8F,
    0x80, 0x1F, 0x07, 0xC0, 0x1F, 0xFF, 0xC0, 0x3F, 0xFF, 0xE0, 0x3F, 0xFF, 0xE0, 0x3F, 0xFF, 0xE0,
    0x7E, 0x03, 0xF0, 0x7C, 0x01, 0xF0, 0x7C, 0x01, 0xF0, 0xFC, 0x01, 0xF8, 0x01, 0xC6, 0x00, 0x03,
    0xE6, 0x00, 0x03, 0x3E, 0x00, 0x03, 0x1C, 0x00, 0x00, 0x00, 0x00, 0x00, 0x00, 0x00, 0x01, 0xFC,
    0x00, 0x01, 0xFC, 0x00, 0x03, 0xFE, 0x00, 0x03, 0xFE, 0x00, 0x03, 0xFE, 0x00, 0x07, 0xFF, 0x00,
    0x07, 0xDF, 0x00, 0x07, 0xDF, 0x00, 0x0F, 0xDF, 0x80, 0x0F, 0x8F, 0x80, 0x0F, 0x8F, 0x80, 0x1F,
    0x07, 0xC0, 0x1F, 0xFF, 0xC0, 0x3F, 0xFF, 0xE0, 0x3F, 0xFF, 0xE0, 0x3F, 0xFF, 0xE0, 0x7E, 0x03,
    0xF0, 0x7C, 0x01, 0xF0, 0x7C, 0x01, 0xF0, 0xFC, 0x01, 0xF8, 0x01, 0xDC, 0x00, 0x01, 0xDC, 0x00,
    0x01, 0xDC, 0x00, 0x00, 0x00, 0x00, 0x00, 0x00, 0x00, 0x00, 0x00, 0x00, 0x01, 0xFC, 0x00, 0x01,
    0xFC, 0x00, 0x03, 0xFE, 0x00, 0x03, 0xFE, 0x00, 0x03, 0xFE, 0x00, 0x07, 0xFF, 0x00, 0x07, 0xDF,
    0x00, 0x07, 0xDF, 0x00, 0x0F, 0xDF, 0x80, 0x0F, 0x8F, 0x80, 0x0F, 0x8F, 0x80, 0x1F, 0x07, 0xC0,
    0x1F, 0xFF, 0xC0, 0x3F, 0xFF, 0xE0, 0x3F, 0xFF, 0xE0, 0x3F, 0xFF, 0xE0, 0x7E, 0x03, 0xF0, 0x7C,
    0x01, 0xF0, 0x7C, 0x01, 0xF0, 0xFC, 0x01, 0xF8, 0x00, 0x70, 0x00, 0x00, 0xF8, 0x00, 0x01, 0xDC,
    0x00, 0x01, 0x8C, 0x00, 0x01, 0x8C, 0x00, 0x01, 0xDC, 0x00, 0x01, 0xFC, 0x00, 0x01, 0xFC, 0x00,
    0x01, 0xFC, 0x00, 0x03, 0xFE, 0x00, 0x03, 0xFE, 0x00, 0x03, 0xFE, 0x00, 0x07, 0xFF, 0x00, 0x07,
    0xDF, 0x00, 0x0F, 0xDF, 0x80, 0x0F, 0x8F, 0x80, 0x0F, 0x8F, 0x80, 0x1F, 0x8F, 0xC0, 0x1F, 0xFF,
    0xC0, 0x3F, 0xFF, 0xE0, 0x3F, 0xFF, 0xE0, 0x3F, 0xFF, 0xE0, 0x7E, 0x03, 0xF0, 0x7C, 0x01, 0xF0,
    0x7C, 0x01, 0xF0, 0xFC, 0x01, 0xF8, 0x00, 0xFF, 0xFF, 0xF0, 0x01, 0xFF, 0xFF, 0xF0, 0x01, 0xFF,
    0xFF, 0xF0, 0x01, 0xFF, 0xFF, 0xF0, 0x03, 0xF7, 0xC0, 0x00, 0x03, 0xE7, 0xC0, 0x00, 0x07, 0xE7,
    0xC0, 0x00, 0x07, 0xC7, 0xC0, 0x00, 0x07, 0xC7, 0xFF, 0xE0, 0x0F, 0xC7, 0xFF, 0xE0, 0x0F, 0x87,
    0xFF, 0xE0, 0x1F, 0xFF, 0xFF, 0xE0, 0x1F, 0xFF, 0xC0, 0x00, 0x1F, 0xFF, 0xC0, 0x00, 0x3F, 0xFF,
    0xC0, 0x00, 0x3E, 0x07, 0xC0, 0x00, 0x7E, 0x07, 0xFF, 0xF0, 0x7C, 0x07, 0xFF, 0xF0, 0x7C, 0x07,
    0xFF, 0xF0, 0xFC, 0x07, 0xFF, 0xF0, 0x01, 0xFC, 0x00, 0x07, 0xFF, 0x80, 0x1F, 0xFF, 0x80, 0x3F,
    0xFF, 0x80, 0x7F, 0x03, 0x80, 0x7E, 0x00, 0x80, 0xFC, 0x00, 0x00, 0xF8, 0x00, 0x00, 0xF8, 0x00,
    0x00, 0xF8, 0x00, 0x00, 0xF8, 0x00, 0x00, 0xF8, 0x00, 0x00, 0xF8, 0x00, 0x00, 0xFC, 0x00, 0x00,
    0x7E, 0x00, 0x80, 0x7F, 0x03, 0x80, 0x3F, 0xFF, 0x80, 0x1F, 0xFF, 0x80, 0x0F, 0xFF, 0x80, 0x01,
    0xFE, 0x00, 0x00, 0x18, 0x00, 0x00, 0x0C, 0x00, 0x00, 0x0C, 0x00, 0x00, 0xFC, 0x00, 0x00, 0xF8,
    0x00, 0x38, 0x00, 0x1C, 0x00, 0x0E, 0x00, 0x07, 0x00, 0x00, 0x00, 0x00, 0x00, 0xFF, 0xFE, 0xFF,
    0xFE, 0xFF, 0xFE, 0xFF, 0xFE, 0xF8, 0x00, 0xF8, 0x00, 0xF8, 0x00, 0xF8, 0x00, 0xFF, 0xFC, 0xFF,
    0xFC, 0xFF, 0xFC, 0xFF, 0xFC, 0xF8, 0x00, 0xF8, 0x00, 0xF8, 0x00, 0xF8, 0x00, 0xFF, 0xFE, 0xFF,
    0xFE, 0xFF, 0xFE, 0xFF, 0xFE, 0x01, 0xC0, 0x03, 0x80, 0x07, 0x00, 0x0E, 0x00, 0x00, 0x00, 0x00,
    0x00, 0xFF, 0xFE, 0xFF, 0xFE, 0xFF, 0xFE, 0xFF, 0xFE, 0xF8, 0x00, 0xF8, 0x00, 0xF8, 0x00, 0xF8,
    0x00, 0xFF, 0xFC, 0xFF, 0xFC, 0xFF, 0xFC, 0xFF, 0xFC, 0xF8, 0x00, 0xF8, 0x00, 0xF8, 0x00, 0xF8,
    0x00, 0xFF, 0xFE, 0xFF, 0xFE, 0xFF, 0xFE, 0xFF, 0xFE, 0x0F, 0x00, 0x1F, 0x80, 0x39, 0xC0, 0x70,
    0xE0, 0x00, 0x00, 0x00, 0x00, 0xFF, 0xFE, 0xFF, 0xFE, 0xFF, 0xFE, 0xFF, 0xFE, 0xF8, 0x00, 0xF8,
    0x00, 0xF8, 0x00, 0xF8, 0x00, 0xFF, 0xFC, 0xFF, 0xFC, 0xFF, 0xFC, 0xFF, 0xFC, 0xF8, 0x00, 0xF8,
    0x00, 0xF8, 0x00, 0xF8, 0x00, 0xFF, 0xFE, 0xFF, 0xFE, 0xFF, 0xFE, 0xFF, 0xFE, 0x39, 0xC0, 0x39,
    0xC0, 0x39, 0xC0, 0x00, 0x00, 0x00, 0x00, 0x00, 0x00, 0xFF, 0xFE, 0xFF, 0xFE, 0xFF, 0xFE, 0xFF,
    0xFE, 0xF8, 0x00, 0xF8, 0x00, 0xF8, 0x00, 0xF8, 0x00, 0xFF, 0xFC, 0xFF, 0xFC, 0xFF, 0xFC, 0xFF,
    0xFC, 0xF8, 0x00, 0xF8, 0x00, 0xF8, 0x00, 0xF8, 0x00, 0xFF, 0xFE, 0xFF, 0xFE, 0xFF, 0xFE, 0xFF,
    0xFE, 0xE0, 0x70, 0x38, 0x1C, 0x00, 0x00, 0x3E, 0x3E, 0x3E, 0x3E, 0x3E, 0x3E, 0x3E, 0x3E, 0x3E,
    0x3E, 0x3E, 0x3E, 0x3E, 0x3E, 0x3E, 0x3E, 0x3E, 0x3E, 0x3E, 0x3E, 0x1C, 0x38, 0x70, 0xE0, 0x00,
    0x00, 0xF8, 0xF8, 0xF8, 0xF8, 0xF8, 0xF8, 0xF8, 0xF8, 0xF8, 0xF8, 0xF8, 0xF8, 0xF8, 0xF8, 0xF8,
    0xF8, 0xF8, 0xF8, 0xF8, 0xF8, 0x3E, 0x00, 0x7F, 0x00, 0x67, 0x00, 0xC1, 0x80, 0x00, 0x00, 0x00,
    0x00, 0x3E, 0x00, 0x3E, 0x00, 0x3E, 0x00, 0x3E, 0x00, 0x3E, 0x00, 0x3E, 0x00, 0x3E, 0x00, 0x3E,
    0x00, 0x3E, 0x00, 0x3E, 0x00, 0x3E, 0x00, 0x3E, 0x00, 0x3E, 0x00, 0x3E, 0x00, 0x3E, 0x00, 0x3E,
    0x00, 0x3E, 0x00, 0x3E, 0x00, 0x3E, 0x00, 0x3E, 0x00, 0xEE, 0xEE, 0xEE, 0x00, 0x00, 0x00, 0x7C,
    0x7C, 0x7C, 0x7C, 0x7C, 0x7C, 0x7C, 0x7C, 0x7C, 0x7C, 0x7C, 0x7C, 0x7C, 0x7C, 0x7C, 0x7C, 0x7C,
    0x7C, 0x7C, 0x7C, 0x3F, 0xFC, 0x00, 0x3F, 0xFF, 0x00, 0x3F, 0xFF, 0xC0, 0x3F, 0xFF, 0xE0, 0x3E,
    0x0F, 0xF0, 0x3E, 0x03, 0xF0, 0x3E, 0x01, 0xF0, 0x3E, 0x00, 0xF8, 0xFF, 0xC0, 0xF8, 0xFF, 0xC0,
    0xF8, 0xFF, 0xC0, 0xF8, 0xFF, 0xC0, 0xF8, 0x3E, 0x00, 0xF8, 0x3E, 0x01, 0xF8, 0x3E, 0x03, 0xF0,
    0x3E, 0x0F, 0xF0, 0x3F, 0xFF, 0xE0, 0x3F, 0xFF, 0xC0, 0x3F, 0xFF, 0x00, 0x3F, 0xFC, 0x00, 0x0E,
    0x30, 0x00, 0x1F, 0x30, 0x00, 0x19, 0xF0, 0x00, 0x18, 0xE0, 0x00, 0x00, 0x00, 0x00, 0x00, 0x00,
    0x00, 0xFC, 0x07, 0xC0, 0xFE, 0x07, 0xC0, 0xFE, 0x07, 0xC0, 0xFF, 0x07, 0xC0, 0xFF, 0x07, 0xC0,
    0xFF, 0x07, 0xC0, 0xFB, 0x87, 0xC0, 0xFB, 0x87, 0xC0, 0xF9, 0xC7, 0xC0, 0xF9, 0xC7, 0xC0, 0xF8,
    0xE7, 0xC0, 0xF8, 0xE7, 0xC0, 0xF8, 0x77, 0xC0, 0xF8, 0x77, 0xC0, 0xF8, 0x7F, 0xC0, 0xF8, 0x3F,
    0xC0, 0xF8, 0x3F, 0xC0, 0xF8, 0x1F, 0xC0, 0xF8, 0x1F, 0xC0, 0xF8, 0x0F, 0xC0, 0x01, 0xC0, 0x00,
    0x00, 0xE0, 0x00, 0x00, 0x70, 0x00, 0x00, 0x38, 0x00, 0x00, 0x00, 0x00, 0x00, 0x00, 0x00, 0x01,
    0xFC, 0x00, 0x0F, 0xFF, 0x80, 0x1F, 0xFF, 0xC0, 0x3F, 0xFF, 0xE0, 0x7F, 0x07, 0xF0, 0x7E, 0x03,
    0xF0, 0xFC, 0x01, 0xF8, 0xF8, 0x00, 0xF8, 0xF8, 0x00, 0xF8, 0xF8, 0x00, 0xF8, 0xF8, 0x00, 0xF8,
    0xF8, 0x00, 0xF8, 0xF8, 0x00, 0xF8, 0xFC, 0x01, 0xF8, 0x7E, 0x03, 0xF0, 0x7F, 0x07, 0xF0, 0x3F,
    0xFF, 0xE0, 0x1F, 0xFF, 0xC0, 0x0F, 0xFF, 0x80, 0x01, 0xFE, 0x00, 0x00, 0x0E, 0x00, 0x00, 0x1C,
    0x00, 0x00, 0x38, 0x00, 0x00, 0x70, 0x00, 0x00, 0x00, 0x00, 0x00, 0x00, 0x00, 0x01, 0xFC, 0x00,
    0x0F, 0xFF, 0x80, 0x1F, 0xFF, 0xC0, 0x3F, 0xFF, 0xE0, 0x7F, 0x07, 0xF0, 0x7E, 0x03, 0xF0, 0xFC,
    0x01, 0xF8, 0xF8, 0x00, 0xF8, 0xF8, 0x00, 0xF8, 0xF8, 0x00, 0xF8, 0xF8, 0x00, 0xF8, 0xF8, 0x00,
    0xF8, 0xF8, 0x00, 0xF8, 0xFC, 0x01, 0xF8, 0x7E, 0x03, 0xF0, 0x7F, 0x07, 0xF0, 0x3F, 0xFF, 0xE0,
    0x1F, 0xFF, 0xC0, 0x0F, 0xFF, 0x80, 0x01, 0xFE, 0x00, 0x00, 0x78, 0x00, 0x00, 0xFC, 0x00, 0x01,
    0xCE, 0x00, 0x03, 0x87, 0x00, 0x00, 0x00, 0x00, 0x00, 0x00, 0x00, 0x01, 0xFC, 0x00, 0x0F, 0xFF,
    0x80, 0x1F, 0xFF, 0xC0, 0x3F, 0xFF, 0xE0, 0x7F, 0x07, 0xF0, 0x7E, 0x03, 0xF0, 0xFC, 0x01, 0xF8,
    0xF8, 0x00, 0xF8, 0xF8, 0x00, 0xF8, 0xF8, 0x00, 0xF8, 0xF8, 0x00, 0xF8, 0xF8, 0x00, 0xF8, 0xF8,
    0x00, 0xF8, 0xFC, 0x01, 0xF8, 0x7E, 0x03, 0xF0, 0x7F, 0x07, 0xF0, 0x3F, 0xFF, 0xE0, 0x1F, 0xFF,
    0xC0, 0x0F, 0xFF, 0x80, 0x01, 0xFE, 0x00, 0x01, 0xC6, 0x00, 0x03, 0xE6, 0x00, 0x03, 0x3E, 0x00,
    0x03, 0x1C, 0x00, 0x00, 0x00, 0x00, 0x00, 0x00, 0x00, 0x01, 0xFC, 0x00, 0x0F, 0xFF, 0x80, 0x1F,
    0xFF, 0xC0, 0x3F, 0xFF, 0xE0, 0x7F, 0x07, 0xF0, 0x7E, 0x03, 0xF0, 0xFC, 0x01, 0xF8, 0xF8, 0x00,
    0xF8, 0xF8, 0x00, 0xF8, 0xF8, 0x00, 0xF8, 0xF8, 0x00, 0xF8, 0xF8, 0x00, 0xF8, 0xF8, 0x00, 0xF8,
    0xFC, 0x01, 0xF8, 0x7E, 0x03, 0xF0, 0x7F, 0x07, 0xF0, 0x3F, 0xFF, 0xE0, 0x1F, 0xFF, 0xC0, 0x0F,
    0xFF, 0x80, 0x01, 0xFE, 0x00, 0x01, 0xDC, 0x00, 0x01, 0xDC, 0x00, 0x01, 0xDC, 0x00, 0x00, 0x00,
    0x00, 0x00, 0x00, 0x00, 0x00, 0x00, 0x00, 0x01, 0xFC, 0x00, 0x0F, 0xFF, 0x80, 0x1F, 0xFF, 0xC0,
    0x3F, 0xFF, 0xE0, 0x7F, 0x07, 0xF0, 0x7E, 0x03, 0xF0, 0xFC, 0x01, 0xF8, 0xF8, 0x00, 0xF8, 0xF8,
    0x00, 0xF8, 0xF8, 0x00, 0xF8, 0xF8, 0x00, 0xF8, 0xF8, 0x00, 0xF8, 0xF8, 0x00, 0xF8, 0xFC, 0x01,
    0xF8, 0x7E, 0x03, 0xF0, 0x7F, 0x07, 0xF0, 0x3F, 0xFF, 0xE0, 0x1F, 0xFF, 0xC0, 0x0F, 0xFF, 0x80,
    0x01, 0xFE, 0x00, 0x20, 0x04, 0x70, 0x0E, 0xF8, 0x1F, 0x7C, 0x3E, 0x3E, 0x7C, 0x1F, 0xF8, 0x0F,
    0xF0, 0x07, 0xE0, 0x07, 0xE0, 0x0F, 0xF0, 0x1F, 0xF8, 0x3E, 0x7C, 0x7C, 0x3E, 0xF8, 0x1F, 0x70,
    0x0E, 0x20, 0x04, 0x01, 0xFC, 0x18, 0x0F, 0xFF, 0xB8, 0x1F, 0xFF, 0xF0, 0x3F, 0xFF, 0xE0, 0x7F,
    0x07, 0xF0, 0x7E, 0x03, 0xF0, 0xFC, 0x07, 0xF0, 0xF8, 0x0E, 0xF8, 0xF8, 0x1C, 0xF8, 0xF8, 0x78,
    0xF8, 0xF8, 0xE0, 0xF8, 0xF9, 0xC0, 0xF8, 0xFB, 0x80, 0xF8, 0x7F, 0x01, 0xF8, 0x7E, 0x03, 0xF0,
    0x7F, 0x07, 0xF0, 0x3F, 0xFF, 0xE0, 0x7F, 0xFF, 0xC0, 0xEF, 0xFF, 0x80, 0xC1, 0xFC, 0x00, 0x0E,
    0x00, 0x00, 0x07, 0x00, 0x00, 0x03, 0x80, 0x00, 0x01, 0xC0, 0x00, 0x00, 0x00, 0x00, 0x00, 0x00,
    0x00, 0xF8, 0x07, 0xC0, 0xF8, 0x07, 0xC0, 0xF8, 0x07, 0xC0, 0xF8, 0x07, 0xC0, 0xF8, 0x07, 0xC0,
    0xF8, 0x07, 0xC0, 0xF8, 0x07, 0xC0, 0xF8, 0x07, 0xC0, 0xF8, 0x07, 0xC0, 0xF8, 0x07, 0xC0, 0xF8,
    0x07, 0xC0, 0xF8, 0x07, 0xC0, 0xF8, 0x07, 0xC0, 0xF8, 0x07, 0xC0, 0xFC, 0x0F, 0xC0, 0x7E, 0x1F,
    0x80, 0x7F, 0xFF, 0x80, 0x3F, 0xFF, 0x00, 0x1F, 0xFE, 0x00, 0x07, 0xF8, 0x00, 0x00, 0x70, 0x00,
    0x00, 0xE0, 0x00, 0x01, 0xC0, 0x00, 0x03, 0x80, 0x00, 0x00, 0x00, 0x00, 0x00, 0x00, 0x00, 0xF8,
    0x07, 0xC0, 0xF8, 0x07, 0xC0, 0xF8, 0x07, 0xC0, 0xF8, 0x07, 0xC0, 0xF8, 0x07, 0xC0, 0xF8, 0x07,
    0xC0, 0xF8, 0x07, 0xC0, 0xF8, 0x07, 0xC0, 0xF8, 0x07, 0xC0, 0xF8, 0x07, 0xC0, 0xF8, 0x07, 0xC0,
    0xF8, 0x07, 0xC0, 0xF8, 0x07, 0xC0, 0xF8, 0x07, 0xC0, 0xFC, 0x0F, 0xC0, 0x7E, 0x1F, 0x80, 0x7F,
    0xFF, 0x80, 0x3F, 0xFF, 0x00, 0x1F, 0xFE, 0x00, 0x07, 0xF8, 0x00, 0x01, 0xE0, 0x00, 0x03, 0xF0,
    0x00, 0x07, 0x38, 0x00, 0x0E, 0x1C, 0x00, 0x00, 0x00, 0x00, 0x00, 0x00, 0x00, 0xF8, 0x07, 0xC0,
    0xF8, 0x07, 0xC0, 0xF8, 0x07, 0xC0, 0xF8, 0x07, 0xC0, 0xF8, 0x07, 0xC0, 0xF8, 0x07, 0xC0, 0xF8,
    0x07, 0xC0, 0xF8, 0x07, 0xC0, 0xF8, 0x07, 0xC0, 0xF8, 0x07, 0xC0, 0xF8, 0x07, 0xC0, 0xF8, 0x07,
    0xC0, 0xF8, 0x07, 0xC0, 0xF8, 0x07, 0xC0, 0xFC, 0x0F, 0xC0, 0x7E, 0x1F, 0x80, 0x7F, 0xFF, 0x80,
    0x3F, 0xFF, 0x00, 0x1F, 0xFE, 0x00, 0x07, 0xF8, 0x00, 0x07, 0x38, 0x00, 0x07, 0x38, 0x00, 0x07,
    0x38, 0x00, 0x00, 0x00, 0x00, 0x00, 0x00, 0x00, 0x00, 0x00, 0x00, 0xF8, 0x07, 0xC0, 0xF8, 0x07,
    0xC0, 0xF8, 0x07, 0xC0, 0xF8, 0x07, 0xC0, 0xF8, 0x07, 0xC0, 0xF8, 0x07, 0xC0, 0xF8, 0x07, 0xC0,
    0xF8, 0x07, 0xC0, 0xF8, 0x07, 0xC0, 0xF8, 0x07, 0xC0, 0xF8, 0x07, 0xC0, 0xF8, 0x07, 0xC0, 0xF8,
    0x07, 0xC0, 0xF8, 0x07, 0xC0, 0xFC, 0x0F, 0xC0, 0x7E, 0x1F, 0x80, 0x7F, 0xFF, 0x80, 0x3F, 0xFF,
    0x00, 0x1F, 0xFE, 0x00, 0x07, 0xF8, 0x00, 0x00, 0x1C, 0x00, 0x00, 0x38, 0x00, 0x00, 0x70, 0x00,
    0x00, 0xE0, 0x00, 0x00, 0x00, 0x00, 0x00, 0x00, 0x00, 0xFC, 0x01, 0xF8, 0x7E, 0x03, 0xF0, 0x3F,
    0x07, 0xE0, 0x3F, 0x0F, 0xE0, 0x1F, 0x8F, 0xC0, 0x0F, 0xDF, 0x80, 0x0F, 0xFF, 0x80, 0x07, 0xFF,
    0x00, 0x03, 0xFE, 0x00, 0x01, 0xFC, 0x00, 0x01, 0xFC, 0x00, 0x00, 0xF8, 0x00, 0x00, 0xF8, 0x00,
    0x00, 0xF8, 0x00, 0x00, 0xF8, 0x00, 0x00, 0xF8, 0x00, 0x00, 0xF8, 0x00, 0x00, 0xF8, 0x00, 0x00,
    0xF8, 0x00, 0x00, 0xF8, 0x00, 0xF8, 0x00, 0x00, 0xF8, 0x00, 0x00, 0xF8, 0x00, 0x00, 0xFF, 0xF8,
    0x00, 0xFF, 0xFE, 0x00, 0xFF, 0xFF, 0x00, 0xFF, 0xFF, 0x00, 0xF8, 0x1F, 0x80, 0xF8, 0x0F, 0x80,
    0xF8, 0x0F, 0x80, 0xF8, 0x0F, 0x80, 0xF8, 0x1F, 0x80, 0xFF, 0xFF, 0x00, 0xFF, 0xFF, 0x00, 0xFF,
    0xFE, 0x00, 0xFF, 0xF8, 0x00, 0xF8, 0x00, 0x00, 0xF8, 0x00, 0x00, 0xF8, 0x00, 0x00, 0xF8, 0x00,
    0x00, 0x0F, 0xE0, 0x00, 0x3F, 0xF8, 0x00, 0x7F, 0xFC, 0x00, 0xFC, 0x3E, 0x00, 0xF8, 0x1E, 0x00,
    0xF8, 0x3E, 0x00, 0xF8, 0xFE, 0x00, 0xF9, 0xE0, 0x00, 0xFB, 0xC0, 0x00, 0xFB, 0xC0, 0x00, 0xFB,
    0xF0, 0x00, 0xF9, 0xFC, 0x00, 0xF8, 0xFF, 0x00, 0xF8, 0x3F, 0x00, 0xF8, 0x1F, 0x80, 0xF8, 0x0F,
    0x80, 0xF8, 0x0F, 0x80, 0xFA, 0x1F, 0x80, 0xFB, 0xFF, 0x00, 0xFB, 0xFF, 0x00, 0xF9, 0xFC, 0x00,
    0x0E, 0x00, 0x07, 0x00, 0x03, 0x80, 0x01, 0xC0, 0x00, 0xE0, 0x00, 0x00, 0x00, 0x00, 0x1F, 0xE0,
    0x7F, 0xF8, 0x7F, 0xFC, 0x40, 0x7E, 0x00, 0x3E, 0x1F, 0xFE, 0x7F, 0xFE, 0x7F, 0xFE, 0xFC, 0x3E,
    0xF8, 0x3E, 0xF8, 0x3E, 0xFC, 0x7E, 0x7F, 0xFE, 0x7F, 0xBE, 0x1E, 0x3E, 0x00, 0x1C, 0x00, 0x38,
    0x00, 0x70, 0x00, 0xE0, 0x01, 0xC0, 0x00, 0x00, 0x00, 0x00, 0x1F, 0xE0, 0x7F, 0xF8, 0x7F, 0xFC,
    0x40, 0x7E, 0x00, 0x3E, 0x1F, 0xFE, 0x7F, 0xFE, 0x7F, 0xFE, 0xFC, 0x3E, 0xF8, 0x3E, 0xF8, 0x3E,
    0xFC, 0x7E, 0x7F, 0xFE, 0x7F, 0xBE, 0x1E, 0x3E, 0x01, 0xE0, 0x03, 0xF0, 0x03, 0xF0, 0x07, 0x38,
    0x0E, 0x1C, 0x00, 0x00, 0x00, 0x00, 0x1F, 0xE0, 0x7F, 0xF8, 0x7F, 0xFC, 0x40, 0x7E, 0x00, 0x3E,
    0x1F, 0xFE, 0x7F, 0xFE, 0x7F, 0xFE, 0xFC, 0x3E, 0xF8, 0x3E, 0xF8, 0x3E, 0xFC, 0x7E, 0x7F, 0xFE,
    0x7F, 0xBE, 0x1E, 0x3E, 0x0E, 0x18, 0x0F, 0x18, 0x19, 0x98, 0x18, 0xF0, 0x18, 0x70, 0x00, 0x00,
    0x00, 0x00, 0x1F, 0xE0, 0x7F, 0xF8, 0x7F, 0xFC, 0x40, 0x7E, 0x00, 0x3E, 0x1F, 0xFE, 0x7F, 0xFE,
    0x7F, 0xFE, 0xFC, 0x3E, 0xF8, 0x3E, 0xF8, 0x3E, 0xFC, 0x7E, 0x7F, 0xFE, 0x7F, 0xBE, 0x1E, 0x3E,
    0x07, 0x38, 0x07, 0x38, 0x07, 0x38, 0x00, 0x00, 0x00, 0x00, 0x00, 0x00, 0x00, 0x00, 0x1F, 0xE0,
    0x7F, 0xF8, 0x7F, 0xFC, 0x40, 0x7E, 0x00, 0x3E, 0x1F, 0xFE, 0x7F, 0xFE, 0x7F, 0xFE, 0xFC, 0x3E,
    0xF8, 0x3E, 0xF8, 0x3E, 0xFC, 0x7E, 0x7F, 0xFE, 0x7F, 0xBE, 0x1E, 0x3E, 0x01, 0xE0, 0x03, 0xF0,
    0x07, 0x38, 0x06, 0x18, 0x06, 0x18, 0x07, 0x38, 0x03, 0xF0, 0x01, 0xE0, 0x00, 0x00, 0x00, 0x00,
    0x1F, 0xE0, 0x7F, 0xF8, 0x7F, 0xFC, 0x40, 0x7E, 0x00, 0x3E, 0x1F, 0xFE, 0x7F, 0xFE, 0x7F, 0xFE,
    0xFC, 0x3E, 0xF8, 0x3E, 0xF8, 0x3E, 0xFC, 0x7E, 0x7F, 0xFE, 0x7F, 0xBE, 0x1E, 0x3E, 0x1F, 0xC1,
    0xF8, 0x00, 0x7F, 0xF7, 0xFE, 0x00, 0x7F, 0xFF, 0xFF, 0x00, 0x40, 0x7F, 0x8F, 0x80, 0x00, 0x3F,
    0x07, 0xC0, 0x1F, 0xFE, 0x07, 0xC0, 0x7F, 0xFF, 0xFF, 0xC0, 0x7F, 0xFF, 0xFF, 0xC0, 0xFC, 0x3F,
    0xFF, 0xC0, 0xF8, 0x3E, 0x00, 0x00, 0xF8, 0x3E, 0x00, 0x00, 0xFC, 0x7F, 0x81, 0x80, 0x7F, 0xEF,
    0xFF, 0x80, 0x7F, 0xC7, 0xFF, 0x80, 0x1F, 0x01, 0xFE, 0x00, 0x07, 0xF8, 0x1F, 0xFC, 0x3F, 0xFC,
    0x7E, 0x04, 0x7C, 0x00, 0xF8, 0x00, 0xF8, 0x00, 0xF8, 0x00, 0xF8, 0x00, 0xF8, 0x00, 0x7C, 0x00,
    0x7E, 0x04, 0x3F, 0xFC, 0x1F, 0xFC, 0x07, 0xF8, 0x00, 0x60, 0x00, 0x30, 0x00, 0x30, 0x03, 0xF0,
    0x03, 0xE0, 0x0E, 0x00, 0x07, 0x00, 0x03, 0x80, 0x01, 0xC0, 0x00, 0xE0, 0x00, 0x00, 0x00, 0x00,
    0x07, 0xE0, 0x1F, 0xF8, 0x3F, 0xFC, 0x7C, 0x3E, 0xFC, 0x1E, 0xF8, 0x1F, 0xFF, 0xFF, 0xFF, 0xFF,
    0xFF, 0xFF, 0xF8, 0x00, 0xF8, 0x00, 0x7E, 0x06, 0x3F, 0xFE, 0x1F, 0xFE, 0x07, 0xF8, 0x00, 0x1C,
    0x00, 0x38, 0x00, 0x70, 0x00, 0xE0, 0x01, 0xC0, 0x00, 0x00, 0x00, 0x00, 0x07, 0xE0, 0x1F, 0xF8,
    0x3F, 0xFC, 0x7C, 0x3E, 0xFC, 0x1E, 0xF8, 0x1F, 0xFF, 0xFF, 0xFF, 0xFF, 0xFF, 0xFF, 0xF8, 0x00,
    0xF8, 0x00, 0x7E, 0x06, 0x3F, 0xFE, 0x1F, 0xFE, 0x07, 0xF8, 0x01, 0xE0, 0x03, 0xF0, 0x03, 0xF0,
    0x07, 0x38, 0x0E, 0x1C, 0x00, 0x00, 0x00, 0x00, 0x07, 0xE0, 0x1F, 0xF8, 0x3F, 0xFC, 0x7C, 0x3E,
    0xFC, 0x1E, 0xF8, 0x1F, 0xFF, 0xFF, 0xFF, 0xFF, 0xFF, 0xFF, 0xF8, 0x00, 0xF8, 0x00, 0x7E, 0x06,
    0x3F, 0xFE, 0x1F, 0xFE, 0x07, 0xF8, 0x07, 0x38, 0x07, 0x38, 0x07, 0x38, 0x00, 0x00, 0x00, 0x00,
    0x00, 0x00, 0x00, 0x00, 0x07, 0xE0, 0x1F, 0xF8, 0x3F, 0xFC, 0x7C, 0x3E, 0xFC, 0x1E, 0xF8, 0x1F,
    0xFF, 0xFF, 0xFF, 0xFF, 0xFF, 0xFF, 0xF8, 0x00, 0xF8, 0x00, 0x7E, 0x06, 0x3F, 0xFE, 0x1F, 0xFE,
    0x07, 0xF8, 0xE0, 0x70, 0x38, 0x1C, 0x0E, 0x00, 0x00, 0x3E, 0x3E, 0x3E, 0x3E, 0x3E, 0x3E, 0x3E,
    0x3E, 0x3E, 0x3E, 0x3E, 0x3E, 0x3E, 0x3E, 0x3E, 0x07, 0x0E, 0x1C, 0x38, 0x70, 0x00, 0x00, 0xF8,
    0xF8, 0xF8, 0xF8, 0xF8, 0xF8, 0xF8, 0xF8, 0xF8, 0xF8, 0xF8, 0xF8, 0xF8, 0xF8, 0xF8, 0x1C, 0x00,
    0x3E, 0x00, 0x77, 0x00, 0x63, 0x00, 0xC1, 0x80, 0x00, 0x00, 0x00, 0x00, 0x3E, 0x00, 0x3E, 0x00,
    0x3E, 0x00, 0x3E, 0x00, 0x3E, 0x00, 0x3E, 0x00, 0x3E, 0x00, 0x3E, 0x00, 0x3E, 0x00, 0x3E, 0x00,
    0x3E, 0x00, 0x3E, 0x00, 0x3E, 0x00, 0x3E, 0x00, 0x3E, 0x00, 0xEE, 0xEE, 0xEE, 0x00, 0x00, 0x00,
    0x00, 0x7C, 0x7C, 0x7C, 0x7C, 0x7C, 0x7C, 0x7C, 0x7C, 0x7C, 0x7C, 0x7C, 0x7C, 0x7C, 0x7C, 0x7C,
    0x0F, 0x82, 0x00, 0x0F, 0xFE, 0x00, 0x07, 0xF8, 0x00, 0x1F, 0xF0, 0x00, 0x7D, 0xF0, 0x00, 0x60,
    0xF8, 0x00, 0x00, 0x7C, 0x00, 0x0F, 0xFE, 0x00, 0x3F, 0xFF, 0x00, 0x7F, 0xFF, 0x00, 0x7E, 0x1F,
    0x80, 0xF8, 0x0F, 0x80, 0xF8, 0x0F, 0x80, 0xF8, 0x0F, 0x80, 0xF8, 0x0F, 0x80, 0xF8, 0x0F, 0x80,
    0x7C, 0x1F, 0x00, 0x7E, 0x3F, 0x00, 0x3F, 0xFE, 0x00, 0x1F, 0xFC, 0x00, 0x07, 0xF0, 0x00, 0x0E,
    0x18, 0x0F, 0x18, 0x19, 0x98, 0x18, 0xF0, 0x18, 0x70, 0x00, 0x00, 0x00, 0x00, 0xF8, 0xF0, 0xFB,
    0xFC, 0xFF, 0xFC, 0xFC, 0x7E, 0xFC, 0x3E, 0xF8, 0x3E, 0xF8, 0x3E, 0xF8, 0x3E, 0xF8, 0x3E, 0xF8,
    0x3E, 0xF8, 0x3E, 0xF8, 0x3E, 0xF8, 0x3E, 0xF8, 0x3E, 0xF8, 0x3E, 0x0E, 0x00, 0x00, 0x07, 0x00,
    0x00, 0x03, 0x80, 0x00, 0x01, 0xC0, 0x00, 0x00, 0xE0, 0x00, 0x00, 0x00, 0x00, 0x00, 0x00, 0x00,
    0x07, 0xF0, 0x00, 0x1F, 0xFC, 0x00, 0x3F, 0xFE, 0x00, 0x7E, 0x3F, 0x00, 0x7C, 0x1F, 0x80, 0xF8,
    0x0F, 0x80, 0xF8, 0x0F, 0x80, 0xF8, 0x0F, 0x80, 0xF8, 0x0F, 0x80, 0xF8, 0x0F, 0x80, 0xFC, 0x1F,
    0x80, 0x7E, 0x3F, 0x00, 0x3F, 0xFE, 0x00, 0x1F, 0xFC, 0x00, 0x07, 0xF0, 0x00, 0x00, 0x1C, 0x00,
    0x00, 0x38, 0x00, 0x00, 0x70, 0x00, 0x00, 0xE0, 0x00, 0x01, 0xC0, 0x00, 0x00, 0x00, 0x00, 0x00,
    0x00, 0x00, 0x07, 0xF0, 0x00, 0x1F, 0xFC, 0x00, 0x3F, 0xFE, 0x00, 0x7E, 0x3F, 0x00, 0x7C, 0x1F,
    0x80, 0xF8, 0x0F, 0x80, 0xF8, 0x0F, 0x80, 0xF8, 0x0F, 0x80, 0xF8, 0x0F, 0x80, 0xF8, 0x0F, 0x80,
    0xFC, 0x1F, 0x80, 0x7E, 0x3F, 0x00, 0x3F, 0xFE, 0x00, 0x1F, 0xFC, 0x00, 0x07, 0xF0, 0x00, 0x01,
    0xC0, 0x00, 0x03, 0xE0, 0x00, 0x07, 0x70, 0x00, 0x06, 0x38, 0x00, 0x0C, 0x18, 0x00, 0x00, 0x00,
    0x00, 0x00, 0x00, 0x00, 0x07, 0xF0, 0x00, 0x1F, 0xFC, 0x00, 0x3F, 0xFE, 0x00, 0x7E, 0x3F, 0x00,
    0x7C, 0x1F, 0x80, 0xF8, 0x0F, 0x80, 0xF8, 0x0F, 0x80, 0xF8, 0x0F, 0x80, 0xF8, 0x0F, 0x80, 0xF8,
    0x0F, 0x80, 0xFC, 0x1F, 0x80, 0x7E, 0x3F, 0x00, 0x3F, 0xFE, 0x00, 0x1F, 0xFC, 0x00, 0x07, 0xF0,
    0x00, 0x07, 0x0C, 0x00, 0x0F, 0x8C, 0x00, 0x1D, 0xDC, 0x00, 0x18, 0xF8, 0x00, 0x18, 0x70, 0x00,
    0x00, 0x00, 0x00, 0x00, 0x00, 0x00, 0x07, 0xF0, 0x00, 0x1F, 0xFC, 0x00, 0x3F, 0xFE, 0x00, 0x7E,
    0x3F, 0x00, 0x7C, 0x1F, 0x80, 0xF8, 0x0F, 0x80, 0xF8, 0x0F, 0x80, 0xF8, 0x0F, 0x80, 0xF8, 0x0F,
    0x80, 0xF8, 0x0F, 0x80, 0xFC, 0x1F, 0x80, 0x7E, 0x3F, 0x00, 0x3F, 0xFE, 0x00, 0x1F, 0xFC, 0x00,
    0x07, 0xF0, 0x00, 0x0E, 0x38, 0x00, 0x0E, 0x38, 0x00, 0x0E, 0x38, 0x00, 0x00, 0x00, 0x00, 0x00,
    0x00, 0x00, 0x00, 0x00, 0x00, 0x00, 0x00, 0x00, 0x07, 0xF0, 0x00, 0x1F, 0xFC, 0x00, 0x3F, 0xFE,
    0x00, 0x7E, 0x3F, 0x00, 0x7C, 0x1F, 0x80, 0xF8, 0x0F, 0x80, 0xF8, 0x0F, 0x80, 0xF8, 0x0F, 0x80,
    0xF8, 0x0F, 0x80, 0xF8, 0x0F, 0x80, 0xFC, 0x1F, 0x80, 0x7E, 0x3F, 0x00, 0x3F, 0xFE, 0x00, 0x1F,
    0xFC, 0x00, 0x07, 0xF0, 0x00, 0x01, 0xE0, 0x00, 0x01, 0xE0, 0x00, 0x01, 0xE0, 0x00, 0x01, 0xE0,
    0x00, 0x00, 0x00, 0x00, 0x00, 0x00, 0x00, 0xFF, 0xFF, 0xC0, 0xFF, 0xFF, 0xC0, 0xFF, 0xFF, 0xC0,
    0x00, 0x00, 0x00, 0x00, 0x00, 0x00, 0x01, 0xE0, 0x00, 0x01, 0xE0, 0x00, 0x01, 0xE0, 0x00, 0x01,
    0xE0, 0x00, 0x00, 0x01, 0x00, 0x07, 0xF3, 0x80, 0x1F, 0xFF, 0x00, 0x3F, 0xFE, 0x00, 0x7E, 0x3F,
    0x00, 0x7C, 0x3F, 0x80, 0xF8, 0x7F, 0x80, 0xF8, 0xEF, 0x80, 0xF9, 0xCF, 0x80, 0xFB, 0x8F, 0x80,
    0xFF, 0x0F, 0x80, 0xFE, 0x1F, 0x00, 0x7E, 0x3F, 0x00, 0x7F, 0xFE, 0x00, 0x7F, 0xFC, 0x00, 0xEF,
    0xF0, 0x00, 0x40, 0x00, 0x00, 0x1C, 0x00, 0x0E, 0x00, 0x07, 0x00, 0x03, 0x80, 0x01, 0xC0, 0x00,
    0x00, 0x00, 0x00, 0xF8, 0x3E, 0xF8, 0x3E, 0xF8, 0x3E, 0xF8, 0x3E, 0xF8, 0x3E, 0xF8, 0x3E, 0xF8,
    0x3E, 0xF8, 0x3E, 0xF8, 0x3E, 0xF8, 0x3E, 0xF8, 0x7E, 0xFC, 0x7E, 0x7F, 0xFE, 0x7F, 0xBE, 0x1E,
    0x3E, 0x00, 0x38, 0x00, 0x70, 0x00, 0xE0, 0x01, 0xC0, 0x03, 0x80, 0x00, 0x00, 0x00, 0x00, 0xF8,
    0x3E, 0xF8, 0x3E, 0xF8, 0x3E, 0xF8, 0x3E, 0xF8, 0x3E, 0xF8, 0x3E, 0xF8, 0x3E, 0xF8, 0x3E, 0xF8,
    0x3E, 0xF8, 0x3E, 0xF8, 0x7E, 0xFC, 0x7E, 0x7F, 0xFE, 0x7F, 0xBE, 0x1E, 0x3E, 0x03, 0x80, 0x07,
    0xC0, 0x0E, 0xE0, 0x0C, 0x60, 0x18, 0x30, 0x00, 0x00, 0x00, 0x00, 0xF8, 0x3E, 0xF8, 0x3E, 0xF8,
    0x3E, 0xF8, 0x3E, 0xF8, 0x3E, 0xF8, 0x3E, 0xF8, 0x3E, 0xF8, 0x3E, 0xF8, 0x3E, 0xF8, 0x3E, 0xF8,
    0x7E, 0xFC, 0x7E, 0x7F, 0xFE, 0x7F, 0xBE, 0x1E, 0x3E, 0x1C, 0x70, 0x1C, 0x70, 0x1C, 0x70, 0x00,
    0x00, 0x00, 0x00, 0x00, 0x00, 0x00, 0x00, 0xF8, 0x3E, 0xF8, 0x3E, 0xF8, 0x3E, 0xF8, 0x3E, 0xF8,
    0x3E, 0xF8, 0x3E, 0xF8, 0x3E, 0xF8, 0x3E, 0xF8, 0x3E, 0xF8, 0x3E, 0xF8, 0x7E, 0xFC, 0x7E, 0x7F,
    0xFE, 0x7F, 0xBE, 0x1E, 0x3E, 0x00, 0x1C, 0x00, 0x00, 0x38, 0x00, 0x00, 0x70, 0x00, 0x00, 0xE0,
    0x00, 0x01, 0xC0, 0x00, 0x00, 0x00, 0x00, 0x00, 0x00, 0x00, 0xFC, 0x1F, 0x80, 0x7C, 0x1F, 0x00,
    0x7C, 0x1F, 0x00, 0x7E, 0x3F, 0x00, 0x3E, 0x3E, 0x00, 0x3F, 0x3E, 0x00, 0x1F, 0x7E, 0x00, 0x1F,
    0xFC, 0x00, 0x0F, 0xFC, 0x00, 0x0F, 0xF8, 0x00, 0x0F, 0xF8, 0x00, 0x07, 0xF8, 0x00, 0x07, 0xF0,
    0x00, 0x03, 0xF0, 0x00, 0x03, 0xF0, 0x00, 0x03, 0xE0, 0x00, 0x07, 0xE0, 0x00, 0x07, 0xC0, 0x00,
    0x3F, 0xC0, 0x00, 0x3F, 0x80, 0x00, 0x3F, 0x00, 0x00, 0xF8, 0x00, 0xF8, 0x00, 0xF8, 0x00, 0xF8,
    0x00, 0xF8, 0x00, 0xF8, 0x00, 0xF8, 0xF0, 0xFB, 0xFC, 0xFF, 0xFE, 0xFC, 0x3E, 0xFC, 0x3F, 0xF8,
    0x1F, 0xF8, 0x1F, 0xF8, 0x1F, 0xF8, 0x1F, 0xF8, 0x1F, 0xFC, 0x3F, 0xFC, 0x3E, 0xFF, 0xFE, 0xFB,
    0xFC, 0xF9, 0xF0, 0xF8, 0x00, 0xF8, 0x00, 0xF8, 0x00, 0xF8, 0x00, 0xF8, 0x00, 0xF8, 0x00, 0x07,
    0x38, 0x00, 0x07, 0x38, 0x00, 0x07, 0x38, 0x00, 0x00, 0x00, 0x00, 0x00, 0x00, 0x00, 0x00, 0x00,
    0x00, 0x00, 0x00, 0x00, 0xFC, 0x1F, 0x80, 0x7C, 0x1F, 0x00, 0x7C, 0x1F, 0x00, 0x7E, 0x3F, 0x00,
    0x3E, 0x3E, 0x00, 0x3F, 0x3E, 0x00, 0x1F, 0x7E, 0x00, 0x1F, 0xFC, 0x00, 0x0F, 0xFC, 0x00, 0x0F,
    0xF8, 0x00, 0x0F, 0xF8, 0x00, 0x07, 0xF8, 0x00, 0x07, 0xF0, 0x00, 0x03, 0xF0, 0x00, 0x03, 0xF0,
    0x00, 0x03, 0xE0, 0x00, 0x07, 0xE0, 0x00, 0x07, 0xC0, 0x00, 0x3F, 0xC0, 0x00, 0x3F, 0x80, 0x00,
    0x3F, 0x00, 0x00, 0x03, 0xFE, 0x00, 0x03, 0xFE, 0x00, 0x03, 0xFE, 0x00, 0x00, 0x00, 0x00, 0x00,
    0x00, 0x00, 0x01, 0xFC, 0x00, 0x01, 0xFC, 0x00, 0x03, 0xFE, 0x00, 0x03, 0xFE, 0x00, 0x03, 0xFE,
    0x00, 0x07, 0xFF, 0x00, 0x07, 0xDF, 0x00, 0x07, 0xDF, 0x00, 0x0F, 0xDF, 0x80, 0x0F, 0x8F, 0x80,
    0x0F, 0x8F, 0x80, 0x1F, 0x07, 0xC0, 0x1F, 0xFF, 0xC0, 0x3F, 0xFF, 0xE0, 0x3F, 0xFF, 0xE0, 0x3F,
    0xFF, 0xE0, 0x7E, 0x03, 0xF0, 0x7C, 0x01, 0xF0, 0x7C, 0x01, 0xF0, 0xFC, 0x01, 0xF8, 0x0F, 0xF8,
    0x0F, 0xF8, 0x0F, 0xF8, 0x00, 0x00, 0x00, 0x00, 0x00, 0x00, 0x1F, 0xE0, 0x7F, 0xF8, 0x7F, 0xFC,
    0x40, 0x7E, 0x00, 0x3E, 0x1F, 0xFE, 0x7F, 0xFE, 0x7F, 0xFE, 0xFC, 0x3E, 0xF8, 0x3E, 0xF8, 0x3E,
    0xFC, 0x7E, 0x7F, 0xFE, 0x7F, 0xBE, 0x1E, 0x3E, 0x03, 0x06, 0x00, 0x03, 0x8E, 0x00, 0x01, 0xFC,
    0x00, 0x00, 0xF8, 0x00, 0x00, 0x00, 0x00, 0x00, 0x00, 0x00, 0x01, 0xFC, 0x00, 0x01, 0xFC, 0x00,
    0x03, 0xFE, 0x00, 0x03, 0xFE, 0x00, 0x03, 0xFE, 0x00, 0x07, 0xFF, 0x00, 0x07, 0xDF, 0x00, 0x07,
    0xDF, 0x00, 0x0F, 0xDF, 0x80, 0x0F, 0x8F, 0x80, 0x0F, 0x8F, 0x80, 0x1F, 0x07, 0xC0, 0x1F, 0xFF,
    0xC0, 0x3F, 0xFF, 0xE0, 0x3F, 0xFF, 0xE0, 0x3F, 0xFF, 0xE0, 0x7E, 0x03, 0xF0, 0x7C, 0x01, 0xF0,
    0x7C, 0x01, 0xF0, 0xFC, 0x01, 0xF8, 0x0C, 0x18, 0x0E, 0x38, 0x07, 0xF0, 0x03, 0xE0, 0x00, 0x00,
    0x00, 0x00, 0x00, 0x00, 0x1F, 0xE0, 0x7F, 0xF8, 0x7F, 0xFC, 0x40, 0x7E, 0x00, 0x3E, 0x1F, 0xFE,
    0x7F, 0xFE, 0x7F, 0xFE, 0xFC, 0x3E, 0xF8, 0x3E, 0xF8, 0x3E, 0xFC, 0x7E, 0x7F, 0xFE, 0x7F, 0xBE,
    0x1E, 0x3E, 0x01, 0xFC, 0x00, 0x01, 0xFC, 0x00, 0x03, 0xFE, 0x00, 0x03, 0xFE, 0x00, 0x03, 0xFE,
    0x00, 0x07, 0xFF, 0x00, 0x07, 0xDF, 0x00, 0x07, 0xDF, 0x00, 0x0F, 0xDF, 0x80, 0x0F, 0x8F, 0x80,
    0x0F, 0x8F, 0x80, 0x1F, 0x07, 0xC0, 0x1F, 0xFF, 0xC0, 0x3F, 0xFF, 0xE0, 0x3F, 0xFF, 0xE0, 0x3F,
    0xFF, 0xE0, 0x7E, 0x03, 0xF0, 0x7C, 0x01, 0xF0, 0x7C, 0x01, 0xF0, 0xFC, 0x01, 0xF8, 0x00, 0x00,
    0xC0, 0x00, 0x01, 0x80, 0x00, 0x01, 0x80, 0x00, 0x01, 0xF8, 0x00, 0x00, 0xF8, 0x1F, 0xE0, 0x7F,
    0xF8, 0x7F, 0xFC, 0x40, 0x7E, 0x00, 0x3E, 0x1F, 0xFE, 0x7F, 0xFE, 0x7F, 0xFE, 0xFC, 0x3E, 0xF8,
    0x3E, 0xF8, 0x3E, 0xFC, 0x7E, 0x7F, 0xFE, 0x7F, 0xBE, 0x1E, 0x3E, 0x00, 0x18, 0x00, 0x30, 0x00,
    0x30, 0x00, 0x3F, 0x00, 0x1F, 0x00, 0x0E, 0x00, 0x00, 0x1C, 0x00, 0x00, 0x38, 0x00, 0x00, 0x70,
    0x00, 0x00, 0x00, 0x00, 0x00, 0x00, 0x00, 0x01, 0xFC, 0x00, 0x07, 0xFF, 0x80, 0x1F, 0xFF, 0x80,
    0x3F, 0xFF, 0x80, 0x7F, 0x03, 0x80, 0x7E, 0x00, 0x80, 0xFC, 0x00, 0x00, 0xF8, 0x00, 0x00, 0xF8,
    0x00, 0x00, 0xF8, 0x00, 0x00, 0xF8, 0x00, 0x00, 0xF8, 0x00, 0x00, 0xF8, 0x00, 0x00, 0xFC, 0x00,
    0x00, 0x7E, 0x00, 0x80, 0x7F, 0x03, 0x80, 0x3F, 0xFF, 0x80, 0x1F, 0xFF, 0x80, 0x0F, 0xFF, 0x80,
    0x01, 0xFC, 0x00, 0x00, 0x1C, 0x00, 0x38, 0x00, 0x70, 0x00, 0xE0, 0x01, 0xC0, 0x00, 0x00, 0x00,
    0x00, 0x07, 0xF8, 0x1F, 0xFC, 0x3F, 0xFC, 0x7E, 0x04, 0x7C, 0x00, 0xF8, 0x00, 0xF8, 0x00, 0xF8,
    0x00, 0xF8, 0x00, 0xF8, 0x00, 0x7C, 0x00, 0x7E, 0x04, 0x3F, 0xFC, 0x1F, 0xFC, 0x07, 0xF8, 0x00,
    0x78, 0x00, 0x00, 0xFC, 0x00, 0x01, 0xCE, 0x00, 0x03, 0x87, 0x00, 0x00, 0x00, 0x00, 0x00, 0x00,
    0x00, 0x01, 0xFC, 0x00, 0x07, 0xFF, 0x80, 0x1F, 0xFF, 0x80, 0x3F, 0xFF, 0x80, 0x7F, 0x03, 0x80,
    0x7E, 0x00, 0x80, 0xFC, 0x00, 0x00, 0xF8, 0x00, 0x00, 0xF8, 0x00, 0x00, 0xF8, 0x00, 0x00, 0xF8,
    0x00, 0x00, 0xF8, 0x00, 0x00, 0xF8, 0x00, 0x00, 0xFC, 0x00, 0x00, 0x7E, 0x00, 0x80, 0x7F, 0x03,
    0x80, 0x3F, 0xFF, 0x80, 0x1F, 0xFF, 0x80, 0x0F, 0xFF, 0x80, 0x01, 0xFC, 0x00, 0x01, 0xE0, 0x03,
    0xF0, 0x03, 0xF0, 0x07, 0x38, 0x0E, 0x1C, 0x00, 0x00, 0x00, 0x00, 0x07, 0xF8, 0x1F, 0xFC, 0x3F,
    0xFC, 0x7E, 0x04, 0x7C, 0x00, 0xF8, 0x00, 0xF8, 0x00, 0xF8, 0x00, 0xF8, 0x00, 0xF8, 0x00, 0x7C,
    0x00, 0x7E, 0x04, 0x3F, 0xFC, 0x1F, 0xFC, 0x07, 0xF8, 0x00, 0x78, 0x00, 0x00, 0x78, 0x00, 0x00,
    0x78, 0x00, 0x00, 0x00, 0x00, 0x00, 0x00, 0x00, 0x00, 0x00, 0x00, 0x01, 0xFC, 0x00, 0x07, 0xFF,
    0x80, 0x1F, 0xFF, 0x80, 0x3F, 0xFF, 0x80, 0x7F, 0x03, 0x80, 0x7E, 0x00, 0x80, 0xFC, 0x00, 0x00,
    0xF8, 0x00, 0x00, 0xF8, 0x00, 0x00, 0xF8, 0x00, 0x00, 0xF8, 0x00, 0x00, 0xF8, 0x00, 0x00, 0xF8,
    0x00, 0x00, 0xFC, 0x00, 0x00, 0x7E, 0x00, 0x80, 0x7F, 0x03, 0x80, 0x3F, 0xFF, 0x80, 0x1F, 0xFF,
    0x80, 0x0F, 0xFF, 0x80, 0x01, 0xFC, 0x00, 0x03, 0xE0, 0x03, 0xE0, 0x03, 0xE0, 0x03, 0xE0, 0x03,
    0xE0, 0x00, 0x00, 0x00, 0x00, 0x07, 0xF8, 0x1F, 0xFC, 0x3F, 0xFC, 0x7E, 0x04, 0x7C, 0x00, 0xF8,
    0x00, 0xF8, 0x00, 0xF8, 0x00, 0xF8, 0x00, 0xF8, 0x00, 0x7C, 0x00, 0x7E, 0x04, 0x3F, 0xFC, 0x1F,
    0xFC, 0x07, 0xF8, 0x03, 0x87, 0x00, 0x01, 0xCE, 0x00, 0x00, 0xFC, 0x00, 0x00, 0x78, 0x00, 0x00,
    0x00, 0x00, 0x00, 0x00, 0x00, 0x01, 0xFC, 0x00, 0x07, 0xFF, 0x80, 0x1F, 0xFF, 0x80, 0x3F, 0xFF,
    0x80, 0x7F, 0x03, 0x80, 0x7E, 0x00, 0x80, 0xFC, 0x00, 0x00, 0xF8, 0x00, 0x00, 0xF8, 0x00, 0x00,
    0xF8, 0x00, 0x00, 0xF8, 0x00, 0x00, 0xF8, 0x00, 0x00, 0xF8, 0x00, 0x00, 0xFC, 0x00, 0x00, 0x7E,
    0x00, 0x80, 0x7F, 0x03, 0x80, 0x3F, 0xFF, 0x80, 0x1F, 0xFF, 0x80, 0x0F, 0xFF, 0x80, 0x01, 0xFC,
    0x00, 0x0E, 0x1C, 0x07, 0x38, 0x03, 0xF0, 0x03, 0xF0, 0x01, 0xE0, 0x00, 0x00, 0x00, 0x00, 0x07,
    0xF8, 0x1F, 0xFC, 0x3F, 0xFC, 0x7E, 0x04, 0x7C, 0x00, 0xF8, 0x00, 0xF8, 0x00, 0xF8, 0x00, 0xF8,
    0x00, 0xF8, 0x00, 0x7C, 0x00, 0x7E, 0x04, 0x3F, 0xFC, 0x1F, 0xFC, 0x07, 0xF8, 0x1C, 0x38, 0x00,
    0x0E, 0x70, 0x00, 0x07, 0xE0, 0x00, 0x03, 0xC0, 0x00, 0x00, 0x00, 0x00, 0x00, 0x00, 0x00, 0xFF,
    0xF0, 0x00, 0xFF, 0xFC, 0x00, 0xFF, 0xFF, 0x00, 0xFF, 0xFF, 0x80, 0xF8, 0x3F, 0xC0, 0xF8, 0x0F,
    0xC0, 0xF8, 0x07, 0xC0, 0xF8, 0x03, 0xE0, 0xF8, 0x03, 0xE0, 0xF8, 0x03, 0xE0, 0xF8, 0x03, 0xE0,
    0xF8, 0x03, 0xE0, 0xF8, 0x03, 0xE0, 0xF8, 0x07, 0xE0, 0xF8, 0x0F, 0xC0, 0xF8, 0x3F, 0xC0, 0xFF,
    0xFF, 0x80, 0xFF, 0xFF, 0x00, 0xFF, 0xFC, 0x00, 0xFF, 0xF0, 0x00, 0x00, 0x1F, 0x1E, 0x00, 0x1F,
    0x1C, 0x00, 0x1F, 0x1C, 0x00, 0x1F, 0x38, 0x00, 0x1F, 0x38, 0x00, 0x1F, 0x00, 0x0F, 0x1F, 0x00,
    0x3F, 0xDF, 0x00, 0x7F, 0xFF, 0x00, 0x7C, 0x3F, 0x00, 0xFC, 0x3F, 0x00, 0xF8, 0x1F, 0x00, 0xF8,
    0x1F, 0x00, 0xF8, 0x1F, 0x00, 0xF8, 0x1F, 0x00, 0xF8, 0x1F, 0x00, 0xFC, 0x3F, 0x00, 0x7C, 0x3F,
    0x00, 0x7F, 0xFF, 0x00, 0x3F, 0xDF, 0x00, 0x0F, 0x1F, 0x00, 0x3F, 0xFC, 0x00, 0x3F, 0xFF, 0x00,
    0x3F, 0xFF, 0xC0, 0x3F, 0xFF, 0xE0, 0x3E, 0x0F, 0xF0, 0x3E, 0x03, 0xF0, 0x3E, 0x01, 0xF0, 0x3E,
    0x00, 0xF8, 0xFF, 0xC0, 0xF8, 0xFF, 0xC0, 0xF8, 0xFF, 0xC0, 0xF8, 0xFF, 0xC0, 0xF8, 0x3E, 0x00,
    0xF8, 0x3E, 0x01, 0xF8, 0x3E, 0x03, 0xF0, 0x3E, 0x0F, 0xF0, 0x3F, 0xFF, 0xE0, 0x3F, 0xFF, 0xC0,
    0x3F, 0xFF, 0x00, 0x3F, 0xFC, 0x00, 0x00, 0x1F, 0x00, 0x00, 0x1F, 0x00, 0x01, 0xFF, 0xC0, 0x01,
    0xFF, 0xC0, 0x01, 0xFF, 0xC0, 0x00, 0x1F, 0x00, 0x0F, 0x1F, 0x00, 0x3F, 0xDF, 0x00, 0x7F, 0xFF,
    0x00, 0x7C, 0x3F, 0x00, 0xFC, 0x3F, 0x00, 0xF8, 0x1F, 0x00, 0xF8, 0x1F, 0x00, 0xF8, 0x1F, 0x00,
    0xF8, 0x1F, 0x00, 0xF8, 0x1F, 0x00, 0xFC, 0x3F, 0x00, 0x7C, 0x3F, 0x00, 0x7F, 0xFF, 0x00, 0x3F,
    0xDF, 0x00, 0x0F, 0x1F, 0x00, 0x1F, 0xF0, 0x1F, 0xF0, 0x1F, 0xF0, 0x00, 0x00, 0x00, 0x00, 0xFF,
    0xFE, 0xFF, 0xFE, 0xFF, 0xFE, 0xFF, 0xFE, 0xF8, 0x00, 0xF8, 0x00, 0xF8, 0x00, 0xF8, 0x00, 0xFF,
    0xFC, 0xFF, 0xFC, 0xFF, 0xFC, 0xFF, 0xFC, 0xF8, 0x00, 0xF8, 0x00, 0xF8, 0x00, 0xF8, 0x00, 0xFF,
    0xFE, 0xFF, 0xFE, 0xFF, 0xFE, 0xFF, 0xFE, 0x0F, 0xF0, 0x0F, 0xF0, 0x0F, 0xF0, 0x00, 0x00, 0x00,
    0x00, 0x00, 0x00, 0x07, 0xE0, 0x1F, 0xF8, 0x3F, 0xFC, 0x7C, 0x3E, 0xFC, 0x1E, 0xF8, 0x1F, 0xFF,
    0xFF, 0xFF, 0xFF, 0xFF, 0xFF, 0xF8, 0x00, 0xF8, 0x00, 0x7E, 0x06, 0x3F, 0xFE, 0x1F, 0xFE, 0x07,
    0xF8, 0x60, 0xC0, 0x71, 0xC0, 0x3F, 0x80, 0x1F, 0x00, 0x00, 0x00, 0x00, 0x00, 0xFF, 0xFE, 0xFF,
    0xFE, 0xFF, 0xFE, 0xFF, 0xFE, 0xF8, 0x00, 0xF8, 0x00, 0xF8, 0x00, 0xF8, 0x00, 0xFF, 0xFC, 0xFF,
    0xFC, 0xFF, 0xFC, 0xFF, 0xFC, 0xF8, 0x00, 0xF8, 0x00, 0xF8, 0x00, 0xF8, 0x00, 0xFF, 0xFE, 0xFF,
    0xFE, 0xFF, 0xFE, 0xFF, 0xFE, 0x0C, 0x18, 0x0E, 0x38, 0x07, 0xF0, 0x03, 0xE0, 0x00, 0x00, 0x00,
    0x00, 0x00, 0x00, 0x07, 0xE0, 0x1F, 0xF8, 0x3F, 0xFC, 0x7C, 0x3E, 0xFC, 0x1E, 0xF8, 0x1F, 0xFF,
    0xFF, 0xFF, 0xFF, 0xFF, 0xFF, 0xF8, 0x00, 0xF8, 0x00, 0x7E, 0x06, 0x3F, 0xFE, 0x1F, 0xFE, 0x07,
    0xF8, 0x0F, 0x00, 0x0F, 0x00, 0x0F, 0x00, 0x00, 0x00, 0x00, 0x00, 0x00, 0x00, 0xFF, 0xFE, 0xFF,
    0xFE, 0xFF, 0xFE, 0xFF, 0xFE, 0xF8, 0x00, 0xF8, 0x00, 0xF8, 0x00, 0xF8, 0x00, 0xFF, 0xFC, 0xFF,
    0xFC, 0xFF, 0xFC, 0xFF, 0xFC, 0xF8, 0x00, 0xF8, 0x00, 0xF8, 0x00, 0xF8, 0x00, 0xFF, 0xFE, 0xFF,
    0xFE, 0xFF, 0xFE, 0xFF, 0xFE, 0x03, 0xE0, 0x03, 0xE0, 0x03, 0xE0, 0x03, 0xE0, 0x03, 0xE0, 0x00,
    0x00, 0x00, 0x00, 0x07, 0xE0, 0x1F, 0xF8, 0x3F, 0xFC, 0x7C, 0x3E, 0xFC, 0x1E, 0xF8, 0x1F, 0xFF,
    0xFF, 0xFF, 0xFF, 0xFF, 0xFF, 0xF8, 0x00, 0xF8, 0x00, 0x7E, 0x06, 0x3F, 0xFE, 0x1F, 0xFE, 0x07,
    0xF8, 0xFF, 0xFE, 0xFF, 0xFE, 0xFF, 0xFE, 0xFF, 0xFE, 0xF8, 0x00, 0xF8, 0x00, 0xF8, 0x00, 0xF8,
    0x00, 0xFF, 0xFC, 0xFF, 0xFC, 0xFF, 0xFC, 0xFF, 0xFC, 0xF8, 0x00, 0xF8, 0x00, 0xF8, 0x00, 0xF8,
    0x00, 0xFF, 0xFE, 0xFF, 0xFE, 0xFF, 0xFE, 0xFF, 0xFE, 0x00, 0x30, 0x00, 0x60, 0x00, 0x60, 0x00,
    0x7E, 0x00, 0x3E, 0x07, 0xE0, 0x1F, 0xF8, 0x3F, 0xFC, 0x7C, 0x3E, 0xFC, 0x1E, 0xF8, 0x1F, 0xFF,
    0xFF, 0xFF, 0xFF, 0xFF, 0xFF, 0xF8, 0x00, 0xF8, 0x00, 0x7E, 0x06, 0x3F, 0xFE, 0x1F, 0xFE, 0x07,
    0xF8, 0x00, 0x18, 0x00, 0x30, 0x00, 0x30, 0x00, 0x3F, 0x00, 0x1F, 0x18, 0x30, 0x0C, 0x60, 0x0F,
    0xE0, 0x07, 0xC0, 0x00, 0x00, 0x00, 0x00, 0xFF, 0xFE, 0xFF, 0xFE, 0xFF, 0xFE, 0xFF, 0xFE, 0xF8,
    0x00, 0xF8, 0x00, 0xF8, 0x00, 0xF8, 0x00, 0xFF, 0xFC, 0xFF, 0xFC, 0xFF, 0xFC, 0xFF, 0xFC, 0xF8,
    0x00, 0xF8, 0x00, 0xF8, 0x00, 0xF8, 0x00, 0xFF, 0xFE, 0xFF, 0xFE, 0xFF, 0xFE, 0xFF, 0xFE, 0x0E,
    0x1C, 0x07, 0x38, 0x03, 0xF0, 0x03, 0xF0, 0x01, 0xE0, 0x00, 0x00, 0x00, 0x00, 0x07, 0xE0, 0x1F,
    0xF8, 0x3F, 0xFC, 0x7C, 0x3E, 0xFC, 0x1E, 0xF8, 0x1F, 0xFF, 0xFF, 0xFF, 0xFF, 0xFF, 0xFF, 0xF8,
    0x00, 0xF8, 0x00, 0x7E, 0x06, 0x3F, 0xFE, 0x1F, 0xFE, 0x07, 0xF8, 0x00, 0x3C, 0x00, 0x00, 0x7E,
    0x00, 0x00, 0xE7, 0x00, 0x01, 0xC3, 0x80, 0x00, 0x00, 0x00, 0x00, 0x00, 0x00, 0x01, 0xFF, 0x00,
    0x07, 0xFF, 0xE0, 0x1F, 0xFF, 0xE0, 0x3F, 0xFF, 0xE0, 0x7F, 0x81, 0xE0, 0x7E, 0x00, 0x20, 0x7C,
    0x00, 0x00, 0xF8, 0x00, 0x00, 0xF8, 0x00, 0x00, 0xF8, 0x0F, 0xF0, 0xF8, 0x0F, 0xF0, 0xF8, 0x0F,
    0xF0, 0xF8, 0x0F, 0xF0, 0xFC, 0x01, 0xF0, 0x7E, 0x01, 0xF0, 0x7F, 0x81, 0xF0, 0x3F, 0xFF, 0xF0,
    0x1F, 0xFF, 0xF0, 0x07, 0xFF, 0xE0, 0x01, 0xFF, 0x00, 0x01, 0xE0, 0x03, 0xF0, 0x03, 0xF0, 0x07,
    0x38, 0x0E, 0x1C, 0x00, 0x00, 0x00, 0x00, 0x0F, 0x1F, 0x3F, 0xDF, 0x7F, 0xFF, 0x7C, 0x3F, 0xFC,
    0x3F, 0xF8, 0x1F, 0xF8, 0x1F, 0xF8, 0x1F, 0xF8, 0x1F, 0xF8, 0x1F, 0xFC, 0x3F, 0x7C, 0x3F, 0x7F,
    0xFF, 0x3F, 0xDF, 0x0F, 0x1F, 0x00, 0x1F, 0x00, 0x3E, 0x20, 0x7E, 0x3F, 0xFC, 0x3F, 0xF8, 0x1F,
    0xE0, 0x06, 0x0C, 0x00, 0x07, 0x1C, 0x00, 0x03, 0xF8, 0x00, 0x01, 0xF0, 0x00, 0x00, 0x00, 0x00,
    0x00, 0x00, 0x00, 0x01, 0xFF, 0x00, 0x07, 0xFF, 0xE0, 0x1F, 0xFF, 0xE0, 0x3F, 0xFF, 0xE0, 0x7F,
    0x81, 0xE0, 0x7E, 0x00, 0x20, 0x7C, 0x00, 0x00, 0xF8, 0x00, 0x00, 0xF8, 0x00, 0x00, 0xF8, 0x0F,
    0xF0, 0xF8, 0x0F, 0xF0, 0xF8, 0x0F, 0xF0, 0xF8, 0x0F, 0xF0, 0xFC, 0x01, 0xF0, 0x7E, 0x01, 0xF0,
    0x7F, 0x81, 0xF0, 0x3F, 0xFF, 0xF0, 0x1F, 0xFF, 0xF0, 0x07, 0xFF, 0xE0, 0x01, 0xFF, 0x00, 0x0C,
    0x18, 0x0E, 0x38, 0x07, 0xF0, 0x03, 0xE0, 0x00, 0x00, 0x00, 0x00, 0x00, 0x00, 0x0F, 0x1F, 0x3F,
    0xDF, 0x7F, 0xFF, 0x7C, 0x3F, 0xFC, 0x3F, 0xF8, 0x1F, 0xF8, 0x1F, 0xF8, 0x1F, 0xF8, 0x1F, 0xF8,
    0x1F, 0xFC, 0x3F, 0x7C, 0x3F, 0x7F, 0xFF, 0x3F, 0xDF, 0x0F, 0x1F, 0x00, 0x1F, 0x00, 0x3E, 0x20,
    0x7E, 0x3F, 0xFC, 0x3F, 0xF8, 0x1F, 0xE0, 0x00, 0x3C, 0x00, 0x00, 0x3C, 0x00, 0x00, 0x3C, 0x00,
    0x00, 0x00, 0x00, 0x00, 0x00, 0x00, 0x00, 0x00, 0x00, 0x01, 0xFF, 0x00, 0x07, 0xFF, 0xE0, 0x1F,
    0xFF, 0xE0, 0x3F, 0xFF, 0xE0, 0x7F, 0x81, 0xE0, 0x7E, 0x00, 0x20, 0x7C, 0x00, 0x00, 0xF8, 0x00,
    0x00, 0xF8, 0x00, 0x00, 0xF8, 0x0F, 0xF0, 0xF8, 0x0F, 0xF0, 0xF8, 0x0F, 0xF0, 0xF8, 0x0F, 0xF0,
    0xFC, 0x01, 0xF0, 0x7E, 0x01, 0xF0, 0x7F, 0x81, 0xF0, 0x3F, 0xFF, 0xF0, 0x1F, 0xFF, 0xF0, 0x07,
    0xFF, 0xE0, 0x01, 0xFF, 0x00, 0x03, 0xE0, 0x03, 0xE0, 0x03, 0xE0, 0x03, 0xE0, 0x03, 0xE0, 0x00,
    0x00, 0x00, 0x00, 0x0F, 0x1F, 0x3F, 0xDF, 0x7F, 0xFF, 0x7C, 0x3F, 0xFC, 0x3F, 0xF8, 0x1F, 0xF8,
    0x1F, 0xF8, 0x1F, 0xF8, 0x1F, 0xF8, 0x1F, 0xFC, 0x3F, 0x7C, 0x3F, 0x7F, 0xFF, 0x3F, 0xDF, 0x0F,
    0x1F, 0x00, 0x1F, 0x00, 0x3E, 0x20, 0x7E, 0x3F, 0xFC, 0x3F, 0xF8, 0x1F, 0xE0, 0x01, 0xFF, 0x00,
    0x07, 0xFF, 0xE0, 0x1F, 0xFF, 0xE0, 0x3F, 0xFF, 0xE0, 0x7F, 0x81, 0xE0, 0x7E, 0x00, 0x20, 0x7C,
    0x00, 0x00, 0xF8, 0x00, 0x00, 0xF8, 0x00, 0x00, 0xF8, 0x0F, 0xF0, 0xF8, 0x0F, 0xF0, 0xF8, 0x0F,
    0xF0, 0xF8, 0x0F, 0xF0, 0xFC, 0x01, 0xF0, 0x7E, 0x01, 0xF0, 0x7F, 0x81, 0xF0, 0x3F, 0xFF, 0xF0,
    0x1F, 0xFF, 0xF0, 0x07, 0xFF, 0xE0, 0x01, 0xFF, 0x00, 0x00, 0x00, 0x00, 0x00, 0x00, 0x00, 0x00,
    0x00, 0x00, 0x00, 0x3E, 0x00, 0x00, 0x3C, 0x00, 0x00, 0x78, 0x00, 0x00, 0x70, 0x00, 0x00, 0x70,
    0x00, 0xF0, 0x01, 0xE0, 0x03, 0xE0, 0x00, 0x00, 0x00, 0x00, 0x00, 0x00, 0x0F, 0x1F, 0x3F, 0xDF,
    0x7F, 0xFF, 0x7C, 0x3F, 0xFC, 0x3F, 0xF8, 0x1F, 0xF8, 0x1F, 0xF8, 0x1F, 0xF8, 0x1F, 0xF8, 0x1F,
    0xFC, 0x3F, 0x7C, 0x3F, 0x7F, 0xFF, 0x3F, 0xDF, 0x0F, 0x1F, 0x00, 0x1F, 0x00, 0x3E, 0x20, 0x7E,
    0x3F, 0xFC, 0x3F, 0xF8, 0x1F, 0xE0, 0x01, 0xE0, 0x00, 0x03, 0xF0, 0x00, 0x07, 0x38, 0x00, 0x0E,
    0x1C, 0x00, 0x00, 0x00, 0x00, 0x00, 0x00, 0x00, 0xF8, 0x07, 0xC0, 0xF8, 0x07, 0xC0, 0xF8, 0x07,
    0xC0, 0xF8, 0x07, 0xC0, 0xF8, 0x07, 0xC0, 0xF8, 0x07, 0xC0, 0xF8, 0x07, 0xC0, 0xF8, 0x07, 0xC0,
    0xFF, 0xFF, 0xC0, 0xFF, 0xFF, 0xC0, 0xFF, 0xFF, 0xC0, 0xFF, 0xFF, 0xC0, 0xF8, 0x07, 0xC0, 0xF8,
    0x07, 0xC0, 0xF8, 0x07, 0xC0, 0xF8, 0x07, 0xC0, 0xF8, 0x07, 0xC0, 0xF8, 0x07, 0xC0, 0xF8, 0x07,
    0xC0, 0xF8, 0x07, 0xC0, 0x1F, 0x00, 0x00, 0x3F, 0x80, 0x00, 0x71, 0xC0, 0x00, 0xE0, 0xE0, 0x00,
    0x00, 0x00, 0x00, 0x1F, 0x00, 0x00, 0x1F, 0x00, 0x00, 0x1F, 0x00, 0x00, 0x1F, 0x00, 0x00, 0x1F,
    0x00, 0x00, 0x1F, 0x00, 0x00, 0x1F, 0x1E, 0x00, 0x1F, 0x7F, 0x80, 0x1F, 0xFF, 0x80, 0x1F, 0x8F,
    0xC0, 0x1F, 0x87, 0xC0, 0x1F, 0x07, 0xC0, 0x1F, 0x07, 0xC0, 0x1F, 0x07, 0xC0, 0x1F, 0x07, 0xC0,
    0x1F, 0x07, 0xC0, 0x1F, 0x07, 0xC0, 0x1F, 0x07, 0xC0, 0x1F, 0x07, 0xC0, 0x1F, 0x07, 0xC0, 0x1F,
    0x07, 0xC0, 0x3E, 0x01, 0xF0, 0x3E, 0x01, 0xF0, 0xFF, 0xFF, 0xFC, 0xFF, 0xFF, 0xFC, 0xFF, 0xFF,
    0xFC, 0x3E, 0x01, 0xF0, 0x3E, 0x01, 0xF0, 0x3E, 0x01, 0xF0, 0x3F, 0xFF, 0xF0, 0x3F, 0xFF, 0xF0,
    0x3F, 0xFF, 0xF0, 0x3F, 0xFF, 0xF0, 0x3E, 0x01, 0xF0, 0x3E, 0x01, 0xF0, 0x3E, 0x01, 0xF0, 0x3E,
    0x01, 0xF0, 0x3E, 0x01, 0xF0, 0x3E, 0x01, 0xF0, 0x3E, 0x01, 0xF0, 0x3E, 0x01, 0xF0, 0x3E, 0x00,
    0x00, 0x3E, 0x00, 0x00, 0xFF, 0xF0, 0x00, 0xFF, 0xF0, 0x00, 0xFF, 0xF0, 0x00, 0x3E, 0x00, 0x00,
    0x3E, 0x3C, 0x00, 0x3E, 0xFF, 0x00, 0x3F, 0xFF, 0x00, 0x3F, 0x9F, 0x80, 0x3F, 0x0F, 0x80, 0x3E,
    0x0F, 0x80, 0x3E, 0x0F, 0x80, 0x3E, 0x0F, 0x80, 0x3E, 0x0F, 0x80, 0x3E, 0x0F, 0x80, 0x3E, 0x0F,
    0x80, 0x3E, 0x0F, 0x80, 0x3E, 0x0F, 0x80, 0x3E, 0x0F, 0x80, 0x3E, 0x0F, 0x80, 0x71, 0x80, 0xF9,
    0x80, 0xCF, 0x80, 0xC7, 0x00, 0x00, 0x00, 0x00, 0x00, 0x3E, 0x00, 0x3E, 0x00, 0x3E, 0x00, 0x3E,
    0x00, 0x3E, 0x00, 0x3E, 0x00, 0x3E, 0x00, 0x3E, 0x00, 0x3E, 0x00, 0x3E, 0x00, 0x3E, 0x00, 0x3E,
    0x00, 0x3E, 0x00, 0x3E, 0x00, 0x3E, 0x00, 0x3E, 0x00, 0x3E, 0x00, 0x3E, 0x00, 0x3E, 0x00, 0x3E,
    0x00, 0x38, 0x60, 0x7C, 0x60, 0xEE, 0xE0, 0xC7, 0xC0, 0xC3, 0x80, 0x00, 0x00, 0x00, 0x00, 0x1F,
    0x00, 0x1F, 0x00, 0x1F, 0x00, 0x1F, 0x00, 0x1F, 0x00, 0x1F, 0x00, 0x1F, 0x00, 0x1F, 0x00, 0x1F,
    0x00, 0x1F, 0x00, 0x1F, 0x00, 0x1F, 0x00, 0x1F, 0x00, 0x1F, 0x00, 0x1F, 0x00, 0xFF, 0x80, 0xFF,
    0x80, 0xFF, 0x80, 0x00, 0x00, 0x00, 0x00, 0x3E, 0x00, 0x3E, 0x00, 0x3E, 0x00, 0x3E, 0x00, 0x3E,
    0x00, 0x3E, 0x00, 0x3E, 0x00, 0x3E, 0x00, 0x3E, 0x00, 0x3E, 0x00, 0x3E, 0x00, 0x3E, 0x00, 0x3E,
    0x00, 0x3E, 0x00, 0x3E, 0x00, 0x3E, 0x00, 0x3E, 0x00, 0x3E, 0x00, 0x3E, 0x00, 0x3E, 0x00, 0xFF,
    0x80, 0xFF, 0x80, 0xFF, 0x80, 0x00, 0x00, 0x00, 0x00, 0x00, 0x00, 0x3E, 0x00, 0x3E, 0x00, 0x3E,
    0x00, 0x3E, 0x00, 0x3E, 0x00, 0x3E, 0x00, 0x3E, 0x00, 0x3E, 0x00, 0x3E, 0x00, 0x3E, 0x00, 0x3E,
    0x00, 0x3E, 0x00, 0x3E, 0x00, 0x3E, 0x00, 0x3E, 0x00, 0xC1, 0x80, 0xE3, 0x80, 0x7F, 0x00, 0x3E,
    0x00, 0x00, 0x00, 0x00, 0x00, 0x3E, 0x00, 0x3E, 0x00, 0x3E, 0x00, 0x3E, 0x00, 0x3E, 0x00, 0x3E,
    0x00, 0x3E, 0x00, 0x3E, 0x00, 0x3E, 0x00, 0x3E, 0x00, 0x3E, 0x00, 0x3E, 0x00, 0x3E, 0x00, 0x3E,
    0x00, 0x3E, 0x00, 0x3E, 0x00, 0x3E, 0x00, 0x3E, 0x00, 0x3E, 0x00, 0x3E, 0x00, 0xC1, 0x80, 0xE3,
    0x80, 0x7F, 0x00, 0x3E, 0x00, 0x00, 0x00, 0x00, 0x00, 0x00, 0x00, 0x3E, 0x00, 0x3E, 0x00, 0x3E,
    0x00, 0x3E, 0x00, 0x3E, 0x00, 0x3E, 0x00, 0x3E, 0x00, 0x3E, 0x00, 0x3E, 0x00, 0x3E, 0x00, 0x3E,
    0x00, 0x3E, 0x00, 0x3E, 0x00, 0x3E, 0x00, 0x3E, 0x00, 0xF8, 0xF8, 0xF8, 0xF8, 0xF8, 0xF8, 0xF8,
    0xF8, 0xF8, 0xF8, 0xF8, 0xF8, 0xF8, 0xF8, 0xF8, 0xF8, 0xF8, 0xF8, 0xF8, 0xF8, 0x18, 0x30, 0x30,
    0x3F, 0x1F, 0xF8, 0xF8, 0xF8, 0xF8, 0x00, 0x00, 0xF8, 0xF8, 0xF8, 0xF8, 0xF8, 0xF8, 0xF8, 0xF8,
    0xF8, 0xF8, 0xF8, 0xF8, 0xF8, 0xF8, 0xF8, 0x18, 0x30, 0x30, 0x3F, 0x1F, 0x70, 0x70, 0x70, 0x00,
    0x00, 0x00, 0xF8, 0xF8, 0xF8, 0xF8, 0xF8, 0xF8, 0xF8, 0xF8, 0xF8, 0xF8, 0xF8, 0xF8, 0xF8, 0xF8,
    0xF8, 0xF8, 0xF8, 0xF8, 0xF8, 0xF8, 0xF8, 0xF8, 0xF8, 0xF8, 0xF8, 0xF8, 0xF8, 0xF8, 0xF8, 0xF8,
    0xF8, 0xF8, 0xF8, 0xF8, 0xF8, 0xF8, 0x3E, 0xF8, 0x3E, 0xF8, 0x3E, 0xF8, 0x3E, 0xF8, 0x3E, 0xF8,
    0x3E, 0xF8, 0x3E, 0xF8, 0x3E, 0xF8, 0x3E, 0xF8, 0x3E, 0xF8, 0x3E, 0xF8, 0x3E, 0xF8, 0x3E, 0xF8,
    0x3E, 0xF8, 0x3E, 0xF8, 0x3E, 0xF8, 0x3E, 0xF8, 0x3E, 0xF8, 0x3E, 0xF8, 0x3E, 0x00, 0x3E, 0x00,
    0x7E, 0x03, 0xFC, 0x03, 0xFC, 0x03, 0xF8, 0x03, 0xE0, 0xF8, 0x3E, 0xF8, 0x3E, 0xF8, 0x3E, 0xF8,
    0x3E, 0x00, 0x00, 0x00, 0x00, 0xF8, 0x3E, 0xF8, 0x3E, 0xF8, 0x3E, 0xF8, 0x3E, 0xF8, 0x3E, 0xF8,
    0x3E, 0xF8, 0x3E, 0xF8, 0x3E, 0xF8, 0x3E, 0xF8, 0x3E, 0xF8, 0x3E, 0xF8, 0x3E, 0xF8, 0x3E, 0xF8,
    0x3E, 0xF8, 0x3E, 0x00, 0x3E, 0x00, 0x3E, 0x00, 0x7E, 0x01, 0xFC, 0x01, 0xF8, 0x01, 0xF0, 0x0F,
    0x80, 0x1F, 0xC0, 0x19, 0xC0, 0x30, 0x60, 0x00, 0x00, 0x00, 0x00, 0x0F, 0x80, 0x0F, 0x80, 0x0F,
    0x80, 0x0F, 0x80, 0x0F, 0x80, 0x0F, 0x80, 0x0F, 0x80, 0x0F, 0x80, 0x0F, 0x80, 0x0F, 0x80, 0x0F,
    0x80, 0x0F, 0x80, 0x0F, 0x80, 0x0F, 0x80, 0x0F, 0x80, 0x0F, 0x80, 0x0F, 0x80, 0x0F, 0x80, 0x0F,
    0x80, 0x0F, 0x80, 0x0F, 0x80, 0x1F, 0x80, 0xFF, 0x00, 0xFF, 0x00, 0xFE, 0x00, 0xF8, 0x00, 0x0E,
    0x00, 0x1F, 0x00, 0x3B, 0x80, 0x31, 0x80, 0x60, 0xC0, 0x00, 0x00, 0x00, 0x00, 0x1F, 0x00, 0x1F,
    0x00, 0x1F, 0x00, 0x1F, 0x00, 0x1F, 0x00, 0x1F, 0x00, 0x1F, 0x00, 0x1F, 0x00, 0x1F, 0x00, 0x1F,
    0x00, 0x1F, 0x00, 0x1F, 0x00, 0x1F, 0x00, 0x1F, 0x00, 0x1F, 0x00, 0x1F, 0x00, 0x1F, 0x00, 0x3F,
    0x00, 0xFE, 0x00, 0xFC, 0x00, 0xF8, 0x00, 0xF8, 0x0F, 0xC0, 0xF8, 0x1F, 0x80, 0xF8, 0x3F, 0x00,
    0xF8, 0x7E, 0x00, 0xF8, 0xFC, 0x00, 0xF9, 0xF8, 0x00, 0xFB, 0xF0, 0x00, 0xFF, 0xE0, 0x00, 0xFF,
    0xC0, 0x00, 0xFF, 0x80, 0x00, 0xFF, 0xC0, 0x00, 0xFF, 0xE0, 0x00, 0xFF, 0xF0, 0x00, 0xFB, 0xF8,
    0x00, 0xF9, 0xFC, 0x00, 0xF8, 0x7E, 0x00, 0xF8, 0x3F, 0x00, 0xF8, 0x1F, 0x80, 0xF8, 0x0F, 0xC0,
    0xF8, 0x07, 0xE0, 0x00, 0x00, 0x00, 0x00, 0x00, 0x00, 0x00, 0xF8, 0x00, 0x00, 0xF0, 0x00, 0x01,
    0xE0, 0x00, 0x01, 0xC0, 0x00, 0xF8, 0x00, 0x00, 0xF8, 0x00, 0x00, 0xF8, 0x00, 0x00, 0xF8, 0x00,
    0x00, 0xF8, 0x00, 0x00, 0xF8, 0x00, 0x00, 0xF8, 0x3E, 0x00, 0xF8, 0x7C, 0x00, 0xF8, 0xF8, 0x00,
    0xF9, 0xF0, 0x00, 0xFB, 0xE0, 0x00, 0xFF, 0xC0, 0x00, 0xFF, 0x80, 0x00, 0xFF, 0x80, 0x00, 0xFF,
    0xC0, 0x00, 0xFB, 0xE0, 0x00, 0xF9, 0xF0, 0x00, 0xF8, 0xF8, 0x00, 0xF8, 0x7C, 0x00, 0xF8, 0x3E,
    0x00, 0xF8, 0x1F, 0x80, 0x00, 0x00, 0x00, 0x00, 0x00, 0x00, 0x01, 0xF0, 0x00, 0x01, 0xE0, 0x00,
    0x03, 0xC0, 0x00, 0x03, 0x80, 0x00, 0xF8, 0x3E, 0x00, 0xF8, 0x7C, 0x00, 0xF8, 0xF8, 0x00, 0xF9,
    0xF0, 0x00, 0xFB, 0xE0, 0x00, 0xFF, 0xC0, 0x00, 0xFF, 0x80, 0x00, 0xFF, 0x80, 0x00, 0xFF, 0xC0,
    0x00, 0xFB, 0xE0, 0x00, 0xF9, 0xF0, 0x00, 0xF8, 0xF8, 0x00, 0xF8, 0x7C, 0x00, 0xF8, 0x3E, 0x00,
    0xF8, 0x1F, 0x80, 0x0E, 0x00, 0x1C, 0x00, 0x38, 0x00, 0x70, 0x00, 0x00, 0x00, 0x00, 0x00, 0xF8,
    0x00, 0xF8, 0x00, 0xF8, 0x00, 0xF8, 0x00, 0xF8, 0x00, 0xF8, 0x00, 0xF8, 0x00, 0xF8, 0x00, 0xF8,
    0x00, 0xF8, 0x00, 0xF8, 0x00, 0xF8, 0x00, 0xF8, 0x00, 0xF8, 0x00, 0xF8, 0x00, 0xF8, 0x00, 0xFF,
    0xFE, 0xFF, 0xFE, 0xFF, 0xFE, 0xFF, 0xFE, 0x0E, 0x1C, 0x38, 0x70, 0x00, 0xF8, 0xF8, 0xF8, 0xF8,
    0xF8, 0xF8, 0xF8, 0xF8, 0xF8, 0xF8, 0xF8, 0xF8, 0xF8, 0xF8, 0xF8, 0xF8, 0xF8, 0xF8, 0xF8, 0xF8,
    0xF8, 0xF8, 0x00, 0xF8, 0x00, 0xF8, 0x00, 0xF8, 0x00, 0xF8, 0x00, 0xF8, 0x00, 0xF8, 0x00, 0xF8,
    0x00, 0xF8, 0x00, 0xF8, 0x00, 0xF8, 0x00, 0xF8, 0x00, 0xF8, 0x00, 0xF8, 0x00, 0xF8, 0x00, 0xF8,
    0x00, 0xFF, 0xFE, 0xFF, 0xFE, 0xFF, 0xFE, 0xFF, 0xFE, 0x00, 0x00, 0x00, 0x00, 0x07, 0xC0, 0x07,
    0x80, 0x0F, 0x00, 0x0E, 0x00, 0xF8, 0xF8, 0xF8, 0xF8, 0xF8, 0xF8, 0xF8, 0xF8, 0xF8, 0xF8, 0xF8,
    0xF8, 0xF8, 0xF8, 0xF8, 0xF8, 0xF8, 0xF8, 0xF8, 0xF8, 0xF8, 0x00, 0x00, 0x7C, 0x78, 0xF0, 0xE0,
    0xF8, 0x3C, 0xF8, 0x38, 0xF8, 0x38, 0xF8, 0x70, 0xF8, 0x70, 0xF8, 0x00, 0xF8, 0x00, 0xF8, 0x00,
    0xF8, 0x00, 0xF8, 0x00, 0xF8, 0x00, 0xF8, 0x00, 0xF8, 0x00, 0xF8, 0x00, 0xF8, 0x00, 0xF8, 0x00,
    0xFF, 0xFE, 0xFF, 0xFE, 0xFF, 0xFE, 0xFF, 0xFE, 0xF9, 0xE0, 0xF9, 0xC0, 0xF9, 0xC0, 0xFB, 0x80,
    0xFB, 0x80, 0xF8, 0x00, 0xF8, 0x00, 0xF8, 0x00, 0xF8, 0x00, 0xF8, 0x00, 0xF8, 0x00, 0xF8, 0x00,
    0xF8, 0x00, 0xF8, 0x00, 0xF8, 0x00, 0xF8, 0x00, 0xF8, 0x00, 0xF8, 0x00, 0xF8, 0x00, 0xF8, 0x00,
    0xF8, 0x00, 0xF8, 0x00, 0xF8, 0x00, 0xF8, 0x00, 0xF8, 0x00, 0xF8, 0x00, 0xF8, 0x7C, 0xF8, 0x7C,
    0xF8, 0x7C, 0xF8, 0x7C, 0xF8, 0x7C, 0xF8, 0x00, 0xF8, 0x00, 0xF8, 0x00, 0xF8, 0x00, 0xF8, 0x00,
    0xF8, 0x00, 0xFF, 0xFE, 0xFF, 0xFE, 0xFF, 0xFE, 0xFF, 0xFE, 0xF8, 0x00, 0xF8, 0x00, 0xF8, 0x00,
    0xF8, 0x00, 0xF8, 0x00, 0xF8, 0x00, 0xF8, 0x00, 0xF9, 0xF0, 0xF9, 0xF0, 0xF9, 0xF0, 0xF9, 0xF0,
    0xF9, 0xF0, 0xF8, 0x00, 0xF8, 0x00, 0xF8, 0x00, 0xF8, 0x00, 0xF8, 0x00, 0xF8, 0x00, 0xF8, 0x00,
    0xF8, 0x00, 0xF8, 0x00, 0x0F, 0x80, 0x00, 0x0F, 0x80, 0x00, 0x0F, 0x80, 0x00, 0x0F, 0x88, 0x00,
    0x0F, 0xB8, 0x00, 0x0F, 0xFC, 0x00, 0x0F, 0xF8, 0x00, 0x0F, 0xF0, 0x00, 0x0F, 0xC0, 0x00, 0x1F,
    0x80, 0x00, 0x3F, 0x80, 0x00, 0xFF, 0x80, 0x00, 0xFF, 0x80, 0x00, 0x6F, 0x80, 0x00, 0x0F, 0x80,
    0x00, 0x0F, 0x80, 0x00, 0x0F, 0xFF, 0xC0, 0x0F, 0xFF, 0xC0, 0x0F, 0xFF, 0xC0, 0x0F, 0xFF, 0xC0,
    0x3E, 0x00, 0x3E, 0x00, 0x3E, 0x00, 0x3E, 0x00, 0x3E, 0x00, 0x3E, 0x00, 0x3F, 0x80, 0x3F, 0xC0,
    0x3F, 0x80, 0x3F, 0x00, 0xFE, 0x00, 0xFE, 0x00, 0xFE, 0x00, 0x3E, 0x00, 0x3E, 0x00, 0x3E, 0x00,
    0x3E, 0x00, 0x3E, 0x00, 0x3E, 0x00, 0x3E, 0x00, 0x3E, 0x00, 0x00, 0x70, 0x00, 0x00, 0xE0, 0x00,
    0x01, 0xC0, 0x00, 0x03, 0x80, 0x00, 0x00, 0x00, 0x00, 0x00, 0x00, 0x00, 0xFC, 0x07, 0xC0, 0xFE,
    0x07, 0xC0, 0xFE, 0x07, 0xC0, 0xFF, 0x07, 0xC0, 0xFF, 0x07, 0xC0, 0xFF, 0x07, 0xC0, 0xFB, 0x87,
    0xC0, 0xFB, 0x87, 0xC0, 0xF9, 0xC7, 0xC0, 0xF9, 0xC7, 0xC0, 0xF8, 0xE7, 0xC0, 0xF8, 0xE7, 0xC0,
    0xF8, 0x77, 0xC0, 0xF8, 0x77, 0xC0, 0xF8, 0x7F, 0xC0, 0xF8, 0x3F, 0xC0, 0xF8, 0x3F, 0xC0, 0xF8,
    0x1F, 0xC0, 0xF8, 0x1F, 0xC0, 0xF8, 0x0F, 0xC0, 0x00, 0x70, 0x00, 0xE0, 0x01, 0xC0, 0x03, 0x80,
    0x07, 0x00, 0x00, 0x00, 0x00, 0x00, 0xF8, 0xF0, 0xFB, 0xFC, 0xFF, 0xFC, 0xFC, 0x7E, 0xFC, 0x3E,
    0xF8, 0x3E, 0xF8, 0x3E, 0xF8, 0x3E, 0xF8, 0x3E, 0xF8, 0x3E, 0xF8, 0x3E, 0xF8, 0x3E, 0xF8, 0x3E,
    0xF8, 0x3E, 0xF8, 0x3E, 0xFC, 0x07, 0xC0, 0xFE, 0x07, 0xC0, 0xFE, 0x07, 0xC0, 0xFF, 0x07, 0xC0,
    0xFF, 0x07, 0xC0, 0xFF, 0x07, 0xC0, 0xFB, 0x87, 0xC0, 0xFB, 0x87, 0xC0, 0xF9, 0xC7, 0xC0, 0xF9,
    0xC7, 0xC0, 0xF8, 0xE7, 0xC0, 0xF8, 0xE7, 0xC0, 0xF8, 0x77, 0xC0, 0xF8, 0x77, 0xC0, 0xF8, 0x7F,
    0xC0, 0xF8, 0x3F, 0xC0, 0xF8, 0x3F, 0xC0, 0xF8, 0x1F, 0xC0, 0xF8, 0x1F, 0xC0, 0xF8, 0x0F, 0xC0,
    0x00, 0x00, 0x00, 0x00, 0x00, 0x00, 0x01, 0xF0, 0x00, 0x01, 0xE0, 0x00, 0x03, 0xC0, 0x00, 0x03,
    0x80, 0x00, 0xF8, 0xF0, 0xFB, 0xFC, 0xFF, 0xFC, 0xFC, 0x7E, 0xFC, 0x3E, 0xF8, 0x3E, 0xF8, 0x3E,
    0xF8, 0x3E, 0xF8, 0x3E, 0xF8, 0x3E, 0xF8, 0x3E, 0xF8, 0x3E, 0xF8, 0x3E, 0xF8, 0x3E, 0xF8, 0x3E,
    0x00, 0x00, 0x00, 0x00, 0x03, 0xE0, 0x03, 0xC0, 0x07, 0x80, 0x07, 0x00, 0x0E, 0x1C, 0x00, 0x07,
    0x38, 0x00, 0x03, 0xF0, 0x00, 0x01, 0xE0, 0x00, 0x00, 0x00, 0x00, 0x00, 0x00, 0x00, 0xFC, 0x07,
    0xC0, 0xFE, 0x07, 0xC0, 0xFE, 0x07, 0xC0, 0xFF, 0x07, 0xC0, 0xFF, 0x07, 0xC0, 0xFF, 0x07, 0xC0,
    0xFB, 0x87, 0xC0, 0xFB, 0x87, 0xC0, 0xF9, 0xC7, 0xC0, 0xF9, 0xC7, 0xC0, 0xF8, 0xE7, 0xC0, 0xF8,
    0xE7, 0xC0, 0xF8, 0x77, 0xC0, 0xF8, 0x77, 0xC0, 0xF8, 0x7F, 0xC0, 0xF8, 0x3F, 0xC0, 0xF8, 0x3F,
    0xC0, 0xF8, 0x1F, 0xC0, 0xF8, 0x1F, 0xC0, 0xF8, 0x0F, 0xC0, 0x38, 0x70, 0x1C, 0xE0, 0x0F, 0xC0,
    0x0F, 0xC0, 0x07, 0x80, 0x00, 0x00, 0x00, 0x00, 0xF8, 0xF0, 0xFB, 0xFC, 0xFF, 0xFC, 0xFC, 0x7E,
    0xFC, 0x3E, 0xF8, 0x3E, 0xF8, 0x3E, 0xF8, 0x3E, 0xF8, 0x3E, 0xF8, 0x3E, 0xF8, 0x3E, 0xF8, 0x3E,
    0xF8, 0x3E, 0xF8, 0x3E, 0xF8, 0x3E, 0x7C, 0x00, 0x00, 0x7C, 0x00, 0x00, 0x7C, 0x00, 0x00, 0x7C,
    0x00, 0x00, 0x7C, 0x00, 0x00, 0x79, 0xF1, 0xE0, 0xF9, 0xF7, 0xF8, 0xF1, 0xFF, 0xF8, 0xE1, 0xF8,
    0xFC, 0x01, 0xF8, 0x7C, 0x01, 0xF0, 0x7C, 0x01, 0xF0, 0x7C, 0x01, 0xF0, 0x7C, 0x01, 0xF0, 0x7C,
    0x01, 0xF0, 0x7C, 0x01, 0xF0, 0x7C, 0x01, 0xF0, 0x7C, 0x01, 0xF0, 0x7C, 0x01, 0xF0, 0x7C, 0x01,
    0xF0, 0x7C, 0xF8, 0xFC, 0x00, 0xF9, 0xFF, 0x00, 0xFB, 0xFF, 0x80, 0xFF, 0xFF, 0x80, 0xFE, 0x1F,
    0xC0, 0xFC, 0x0F, 0xC0, 0xFC, 0x07, 0xC0, 0xF8, 0x07, 0xC0, 0xF8, 0x07, 0xC0, 0xF8, 0x07, 0xC0,
    0xF8, 0x07, 0xC0, 0xF8, 0x07, 0xC0, 0xF8, 0x07, 0xC0, 0xF8, 0x07, 0xC0, 0xF8, 0x07, 0xC0, 0xF8,
    0x07, 0xC0, 0xF8, 0x07, 0xC0, 0xF8, 0x07, 0xC0, 0xF8, 0x07, 0xC0, 0xF8, 0x07, 0xC0, 0x00, 0x07,
    0xC0, 0x00, 0x0F, 0xC0, 0x00, 0x7F, 0x80, 0x00, 0x7F, 0x80, 0x00, 0x7F, 0x00, 0x00, 0x7C, 0x00,
    0xF8, 0xF0, 0xFB, 0xFC, 0xFF, 0xFC, 0xFC, 0x7E, 0xFC, 0x3E, 0xF8, 0x3E, 0xF8, 0x3E, 0xF8, 0x3E,
    0xF8, 0x3E, 0xF8, 0x3E, 0xF8, 0x3E, 0xF8, 0x3E, 0xF8, 0x3E, 0xF8, 0x3E, 0xF8, 0x3E, 0x00, 0x3E,
    0x00, 0x3E, 0x00, 0x7E, 0x07, 0xFC, 0x07, 0xF8, 0x07, 0xF0, 0x03, 0xFE, 0x00, 0x03, 0xFE, 0x00,
    0x03, 0xFE, 0x00, 0x00, 0x00, 0x00, 0x00, 0x00, 0x00, 0x01, 0xFC, 0x00, 0x0F, 0xFF, 0x80, 0x1F,
    0xFF, 0xC0, 0x3F, 0xFF, 0xE0, 0x7F, 0x07, 0xF0, 0x7E, 0x03, 0xF0, 0xFC, 0x01, 0xF8, 0xF8, 0x00,
    0xF8, 0xF8, 0x00, 0xF8, 0xF8, 0x00, 0xF8, 0xF8, 0x00, 0xF8, 0xF8, 0x00, 0xF8, 0xF8, 0x00, 0xF8,
    0xFC, 0x01, 0xF8, 0x7E, 0x03, 0xF0, 0x7F, 0x07, 0xF0, 0x3F, 0xFF, 0xE0, 0x1F, 0xFF, 0xC0, 0x0F,
    0xFF, 0x80, 0x01, 0xFE, 0x00, 0x0F, 0xF8, 0x00, 0x0F, 0xF8, 0x00, 0x0F, 0xF8, 0x00, 0x00, 0x00,
    0x00, 0x00, 0x00, 0x00, 0x00, 0x00, 0x00, 0x07, 0xF0, 0x00, 0x1F, 0xFC, 0x00, 0x3F, 0xFE, 0x00,
    0x7E, 0x3F, 0x00, 0x7C, 0x1F, 0x80, 0xF8, 0x0F, 0x80, 0xF8, 0x0F, 0x80, 0xF8, 0x0F, 0x80, 0xF8,
    0x0F, 0x80, 0xF8, 0x0F, 0x80, 0xFC, 0x1F, 0x80, 0x7E, 0x3F, 0x00, 0x3F, 0xFE, 0x00, 0x1F, 0xFC,
    0x00, 0x07, 0xF0, 0x00, 0x03, 0x06, 0x00, 0x03, 0x8E, 0x00, 0x01, 0xFC, 0x00, 0x00, 0xF8, 0x00,
    0x00, 0x00, 0x00, 0x00, 0x00, 0x00, 0x01, 0xFC, 0x00, 0x0F, 0xFF, 0x80, 0x1F, 0xFF, 0xC0, 0x3F,
    0xFF, 0xE0, 0x7F, 0x07, 0xF0, 0x7E, 0x03, 0xF0, 0xFC, 0x01, 0xF8, 0xF8, 0x00, 0xF8, 0xF8, 0x00,
    0xF8, 0xF8, 0x00, 0xF8, 0xF8, 0x00, 0xF8, 0xF8, 0x00, 0xF8, 0xF8, 0x00, 0xF8, 0xFC, 0x01, 0xF8,
    0x7E, 0x03, 0xF0, 0x7F, 0x07, 0xF0, 0x3F, 0xFF, 0xE0, 0x1F, 0xFF, 0xC0, 0x0F, 0xFF, 0x80, 0x01,
    0xFE, 0x00, 0x0C, 0x18, 0x00, 0x0E, 0x38, 0x00, 0x07, 0xF0, 0x00, 0x03, 0xE0, 0x00, 0x00, 0x00,
    0x00, 0x00, 0x00, 0x00, 0x00, 0x00, 0x00, 0x07, 0xF0, 0x00, 0x1F, 0xFC, 0x00, 0x3F, 0xFE, 0x00,
    0x7E, 0x3F, 0x00, 0x7C, 0x1F, 0x80, 0xF8, 0x0F, 0x80, 0xF8, 0x0F, 0x80, 0xF8, 0x0F, 0x80, 0xF8,
    0x0F, 0x80, 0xF8, 0x0F, 0x80, 0xFC, 0x1F, 0x80, 0x7E, 0x3F, 0x00, 0x3F, 0xFE, 0x00, 0x1F, 0xFC,
    0x00, 0x07, 0xF0, 0x00, 0x00, 0x73, 0x80, 0x00, 0xE7, 0x00, 0x01, 0xCE, 0x00, 0x03, 0x9C, 0x00,
    0x00, 0x00, 0x00, 0x00, 0x00, 0x00, 0x01, 0xFC, 0x00, 0x0F, 0xFF, 0x80, 0x1F, 0xFF, 0xC0, 0x3F,
    0xFF, 0xE0, 0x7F, 0x07, 0xF0, 0x7E, 0x03, 0xF0, 0xFC, 0x01, 0xF8, 0xF8, 0x00, 0xF8, 0xF8, 0x00,
    0xF8, 0xF8, 0x00, 0xF8, 0xF8, 0x00, 0xF8, 0xF8, 0x00, 0xF8, 0xF8, 0x00, 0xF8, 0xFC, 0x01, 0xF8,
    0x7E, 0x03, 0xF0, 0x7F, 0x07, 0xF0, 0x3F, 0xFF, 0xE0, 0x1F, 0xFF, 0xC0, 0x0F, 0xFF, 0x80, 0x01,
    0xFE, 0x00, 0x00, 0xE7, 0x00, 0x01, 0xCE, 0x00, 0x03, 0x9C, 0x00, 0x03, 0x18, 0x00, 0x07, 0x38,
    0x00, 0x00, 0x00, 0x00, 0x00, 0x00, 0x00, 0x07, 0xF0, 0x00, 0x1F, 0xFC, 0x00, 0x3F, 0xFE, 0x00,
    0x7E, 0x3F, 0x00, 0x7C, 0x1F, 0x80, 0xF8, 0x0F, 0x80, 0xF8, 0x0F, 0x80, 0xF8, 0x0F, 0x80, 0xF8,
    0x0F, 0x80, 0xF8, 0x0F, 0x80, 0xFC, 0x1F, 0x80, 0x7E, 0x3F, 0x00, 0x3F, 0xFE, 0x00, 0x1F, 0xFC,
    0x00, 0x07, 0xF0, 0x00, 0x01, 0xFF, 0xFF, 0xF8, 0x07, 0xFF, 0xFF, 0xF8, 0x1F, 0xFF, 0xFF, 0xF8,
    0x3F, 0xFF, 0xFF, 0xF8, 0x7F, 0x83, 0xE0, 0x00, 0x7E, 0x03, 0xE0, 0x00, 0xFC, 0x03, 0xE0, 0x00,
    0xF8, 0x03, 0xE0, 0x00, 0xF8, 0x03, 0xFF, 0xF0, 0xF8, 0x03, 0xFF, 0xF0, 0xF8, 0x03, 0xFF, 0xF0,
    0xF8, 0x03, 0xFF, 0xF0, 0xF8, 0x03, 0xE0, 0x00, 0xFC, 0x03, 0xE0, 0x00, 0x7E, 0x03, 0xE0, 0x00,
    0x7F, 0x83, 0xE0, 0x00, 0x3F, 0xFF, 0xFF, 0xF8, 0x1F, 0xFF, 0xFF, 0xF8, 0x07, 0xFF, 0xFF, 0xF8,
    0x01, 0xFF, 0xFF, 0xF8, 0x07, 0xF0, 0x7E, 0x00, 0x1F, 0xFD, 0xFF, 0x80, 0x3F, 0xFF, 0xFF, 0xC0,
    0x7E, 0x3F, 0xC3, 0xE0, 0x7C, 0x1F, 0xC1, 0xE0, 0xF8, 0x0F, 0x81, 0xF0, 0xF8, 0x0F, 0xFF, 0xF0,
    0xF8, 0x0F, 0xFF, 0xF0, 0xF8, 0x0F, 0xFF, 0xF0, 0xF8, 0x0F, 0x80, 0x00, 0xFC, 0x1F, 0x80, 0x00,
    0x7E, 0x3F, 0xE0, 0x60, 0x3F, 0xFF, 0xFF, 0xE0, 0x1F, 0xFD, 0xFF, 0xE0, 0x07, 0xF0, 0x7F, 0x80,
    0x00, 0xE0, 0x00, 0x01, 0xC0, 0x00, 0x03, 0x80, 0x00, 0x07, 0x00, 0x00, 0x00, 0x00, 0x00, 0x00,
    0x00, 0x00, 0xFF, 0xF0, 0x00, 0xFF, 0xFC, 0x00, 0xFF, 0xFE, 0x00, 0xFF, 0xFF, 0x00, 0xF8, 0x3F,
    0x00, 0xF8, 0x1F, 0x00, 0xF8, 0x1F, 0x00, 0xF8, 0x1F, 0x00, 0xF8, 0x3E, 0x00, 0xFF, 0xFE, 0x00,
    0xFF, 0xF8, 0x00, 0xFF, 0xF8, 0x00, 0xFF, 0xFC, 0x00, 0xF8, 0x7E, 0x00, 0xF8, 0x3F, 0x00, 0xF8,
    0x3F, 0x00, 0xF8, 0x1F, 0x80, 0xF8, 0x0F, 0x80, 0xF8, 0x0F, 0xC0, 0xF8, 0x07, 0xE0, 0x00, 0x70,
    0x00, 0xE0, 0x01, 0xC0, 0x03, 0x80, 0x07, 0x00, 0x00, 0x00, 0x00, 0x00, 0xF9, 0xE0, 0xFB, 0xE0,
    0xFF, 0xE0, 0xFF, 0xE0, 0xFE, 0x20, 0xFC, 0x00, 0xF8, 0x00, 0xF8, 0x00, 0xF8, 0x00, 0xF8, 0x00,
    0xF8, 0x00, 0xF8, 0x00, 0xF8, 0x00, 0xF8, 0x00, 0xF8, 0x00, 0xFF, 0xF0, 0x00, 0xFF, 0xFC, 0x00,
    0xFF, 0xFE, 0x00, 0xFF, 0xFF, 0x00, 0xF8, 0x3F, 0x00, 0xF8, 0x1F, 0x00, 0xF8, 0x1F, 0x00, 0xF8,
    0x1F, 0x00, 0xF8, 0x3E, 0x00, 0xFF, 0xFE, 0x00, 0xFF, 0xF8, 0x00, 0xFF, 0xF8, 0x00, 0xFF, 0xFC,
    0x00, 0xF8, 0x7E, 0x00, 0xF8, 0x3F, 0x00, 0xF8, 0x3F, 0x00, 0xF8, 0x1F, 0x80, 0xF8, 0x0F, 0x80,
    0xF8, 0x0F, 0xC0, 0xF8, 0x07, 0xE0, 0x00, 0x00, 0x00, 0x00, 0x00, 0x00, 0x01, 0xF0, 0x00, 0x01,
    0xE0, 0x00, 0x03, 0xC0, 0x00, 0x03, 0x80, 0x00, 0xF9, 0xE0, 0xFB, 0xE0, 0xFF, 0xE0, 0xFF, 0xE0,
    0xFE, 0x20, 0xFC, 0x00, 0xF8, 0x00, 0xF8, 0x00, 0xF8, 0x00, 0xF8, 0x00, 0xF8, 0x00, 0xF8, 0x00,
    0xF8, 0x00, 0xF8, 0x00, 0xF8, 0x00, 0x00, 0x00, 0x00, 0x00, 0x7C, 0x00, 0x78, 0x00, 0xF0, 0x00,
    0xE0, 0x00, 0x38, 0x70, 0x00, 0x1C, 0xE0, 0x00, 0x0F, 0xC0, 0x00, 0x07, 0x80, 0x00, 0x00, 0x00,
    0x00, 0x00, 0x00, 0x00, 0xFF, 0xF0, 0x00, 0xFF, 0xFC, 0x00, 0xFF, 0xFE, 0x00, 0xFF, 0xFF, 0x00,
    0xF8, 0x3F, 0x00, 0xF8, 0x1F, 0x00, 0xF8, 0x1F, 0x00, 0xF8, 0x1F, 0x00, 0xF8, 0x3E, 0x00, 0xFF,
    0xFE, 0x00, 0xFF, 0xF8, 0x00, 0xFF, 0xF8, 0x00, 0xFF, 0xFC, 0x00, 0xF8, 0x7E, 0x00, 0xF8, 0x3F,
    0x00, 0xF8, 0x3F, 0x00, 0xF8, 0x1F, 0x80, 0xF8, 0x0F, 0x80, 0xF8, 0x0F, 0xC0, 0xF8, 0x07, 0xE0,
    0x70, 0xE0, 0x39, 0xC0, 0x1F, 0x80, 0x1F, 0x80, 0x0F, 0x00, 0x00, 0x00, 0x00, 0x00, 0xF9, 0xE0,
    0xFB, 0xE0, 0xFF, 0xE0, 0xFF, 0xE0, 0xFE, 0x20, 0xFC, 0x00, 0xF8, 0x00, 0xF8, 0x00, 0xF8, 0x00,
    0xF8, 0x00, 0xF8, 0x00, 0xF8, 0x00, 0xF8, 0x00, 0xF8, 0x00, 0xF8, 0x00, 0x00, 0x70, 0x00, 0xE0,
    0x01, 0xC0, 0x03, 0x80, 0x00, 0x00, 0x00, 0x00, 0x0F, 0xF8, 0x3F, 0xFE, 0x7F, 0xFE, 0xFF, 0xFE,
    0xFC, 0x0E, 0xF8, 0x02, 0xF8, 0x00, 0xFC, 0x00, 0x7F, 0xC0, 0x7F, 0xF8, 0x1F, 0xFE, 0x03, 0xFE,
    0x00, 0x3F, 0x00, 0x1F, 0x80, 0x1F, 0xF0, 0x3F, 0xFF, 0xFF, 0xFF, 0xFE, 0xFF, 0xFC, 0x1F, 0xF0,
    0x00, 0x38, 0x00, 0x70, 0x00, 0xE0, 0x01, 0xC0, 0x03, 0x80, 0x00, 0x00, 0x00, 0x00, 0x1F, 0xE0,
    0x7F, 0xF8, 0xFF, 0xF8, 0xFC, 0x18, 0xF8, 0x00, 0xF8, 0x00, 0xFF, 0x80, 0x7F, 0xF0, 0x1F, 0xF8,
    0x00, 0xFC, 0x00, 0x7C, 0xC0, 0x7C, 0xFF, 0xF8, 0xFF, 0xF8, 0x3F, 0xE0, 0x03, 0xC0, 0x07, 0xE0,
    0x0E, 0x70, 0x1C, 0x38, 0x00, 0x00, 0x00, 0x00, 0x0F, 0xF8, 0x3F, 0xFE, 0x7F, 0xFE, 0xFF, 0xFE,
    0xFC, 0x0E, 0xF8, 0x02, 0xF8, 0x00, 0xFC, 0x00, 0x7F, 0xC0, 0x7F, 0xF8, 0x1F, 0xFE, 0x03, 0xFE,
    0x00, 0x3F, 0x00, 0x1F, 0x80, 0x1F, 0xF0, 0x3F, 0xFF, 0xFF, 0xFF, 0xFE, 0xFF, 0xFC, 0x1F, 0xF0,
    0x07, 0x80, 0x0F, 0xC0, 0x0F, 0xC0, 0x1C, 0xE0, 0x38, 0x70, 0x00, 0x00, 0x00, 0x00, 0x1F, 0xE0,
    0x7F, 0xF8, 0xFF, 0xF8, 0xFC, 0x18, 0xF8, 0x00, 0xF8, 0x00, 0xFF, 0x80, 0x7F, 0xF0, 0x1F, 0xF8,
    0x00, 0xFC, 0x00, 0x7C, 0xC0, 0x7C, 0xFF, 0xF8, 0xFF, 0xF8, 0x3F, 0xE0, 0x0F, 0xF8, 0x3F, 0xFE,
    0x7F, 0xFE, 0xFF, 0xFE, 0xFC, 0x0E, 0xF8, 0x02, 0xF8, 0x00, 0xFC, 0x00, 0x7F, 0xC0, 0x7F, 0xF8,
    0x1F, 0xFE, 0x03, 0xFE, 0x00, 0x3F, 0x00, 0x1F, 0x80, 0x1F, 0xF0, 0x3F, 0xFF, 0xFF, 0xFF, 0xFE,
    0xFF, 0xFC, 0x1F, 0xF0, 0x00, 0xC0, 0x00, 0x60, 0x00, 0x60, 0x07, 0xE0, 0x07, 0xC0, 0x1F, 0xE0,
    0x7F, 0xF8, 0xFF, 0xF8, 0xFC, 0x18, 0xF8, 0x00, 0xF8, 0x00, 0xFF, 0x80, 0x7F, 0xF0, 0x1F, 0xF8,
    0x00, 0xFC, 0x00, 0x7C, 0xC0, 0x7C, 0xFF, 0xF8, 0xFF, 0xF8, 0x3F, 0xE0, 0x01, 0x80, 0x00, 0xC0,
    0x00, 0xC0, 0x0F, 0xC0, 0x0F, 0x80, 0x1C, 0x38, 0x0E, 0x70, 0x07, 0xE0, 0x03, 0xC0, 0x00, 0x00,
    0x00, 0x00, 0x0F, 0xF8, 0x3F, 0xFE, 0x7F, 0xFE, 0xFF, 0xFE, 0xFC, 0x0E, 0xF8, 0x02, 0xF8, 0x00,
    0xFC, 0x00, 0x7F, 0xC0, 0x7F, 0xF8, 0x1F, 0xFE, 0x03, 0xFE, 0x00, 0x3F, 0x00, 0x1F, 0x80, 0x1F,
    0xF0, 0x3F, 0xFF, 0xFF, 0xFF, 0xFE, 0xFF, 0xFC, 0x1F, 0xF0, 0x38, 0x70, 0x1C, 0xE0, 0x0F, 0xC0,
    0x0F, 0xC0, 0x07, 0x80, 0x00, 0x00, 0x00, 0x00, 0x1F, 0xE0, 0x7F, 0xF8, 0xFF, 0xF8, 0xFC, 0x18,
    0xF8, 0x00, 0xF8, 0x00, 0xFF, 0x80, 0x7F, 0xF0, 0x1F, 0xF8, 0x00, 0xFC, 0x00, 0x7C, 0xC0, 0x7C,
    0xFF, 0xF8, 0xFF, 0xF8, 0x3F, 0xE0, 0xFF, 0xFF, 0xE0, 0xFF, 0xFF, 0xE0, 0xFF, 0xFF, 0xE0, 0xFF,
    0xFF, 0xE0, 0x01, 0xF0, 0x00, 0x01, 0xF0, 0x00, 0x01, 0xF0, 0x00, 0x01, 0xF0, 0x00, 0x01, 0xF0,
    0x00, 0x01, 0xF0, 0x00, 0x01, 0xF0, 0x00, 0x01, 0xF0, 0x00, 0x01, 0xF0, 0x00, 0x01, 0xF0, 0x00,
    0x01, 0xF0, 0x00, 0x01, 0xF0, 0x00, 0x01, 0xF0, 0x00, 0x01, 0xF0, 0x00, 0x01, 0xF0, 0x00, 0x01,
    0xF0, 0x00, 0x00, 0x30, 0x00, 0x00, 0x18, 0x00, 0x00, 0x18, 0x00, 0x01, 0xF8, 0x00, 0x01, 0xF0,
    0x00, 0x3E, 0x00, 0x3E, 0x00, 0x3E, 0x00, 0x3E, 0x00, 0x3E, 0x00, 0xFF, 0xF0, 0xFF, 0xF0, 0xFF,
    0xF0, 0x3E, 0x00, 0x3E, 0x00, 0x3E, 0x00, 0x3E, 0x00, 0x3E, 0x00, 0x3E, 0x00, 0x3E, 0x00, 0x3E,
    0x00, 0x3E, 0x00, 0x3F, 0xF0, 0x1F, 0xF0, 0x0F, 0xF0, 0x01, 0x80, 0x00, 0xC0, 0x00, 0xC0, 0x0F,
    0xC0, 0x0F, 0x80, 0x07, 0x1C, 0x00, 0x03, 0xB8, 0x00, 0x01, 0xF0, 0x00, 0x01, 0xF0, 0x00, 0x00,
    0x00, 0x00, 0x00, 0x00, 0x00, 0xFF, 0xFF, 0xE0, 0xFF, 0xFF, 0xE0, 0xFF, 0xFF, 0xE0, 0xFF, 0xFF,
    0xE0, 0x01, 0xF0, 0x00, 0x01, 0xF0, 0x00, 0x01, 0xF0, 0x00, 0x01, 0xF0, 0x00, 0x01, 0xF0, 0x00,
    0x01, 0xF0, 0x00, 0x01, 0xF0, 0x00, 0x01, 0xF0, 0x00, 0x01, 0xF0, 0x00, 0x01, 0xF0, 0x00, 0x01,
    0xF0, 0x00, 0x01, 0xF0, 0x00, 0x01, 0xF0, 0x00, 0x01, 0xF0, 0x00, 0x01, 0xF0, 0x00, 0x01, 0xF0,
    0x00, 0x00, 0x3C, 0x00, 0x38, 0x3E, 0x38, 0x3E, 0x70, 0x3E, 0x70, 0x3E, 0x00, 0x3E, 0x00, 0xFF,
    0xF0, 0xFF, 0xF0, 0xFF, 0xF0, 0x3E, 0x00, 0x3E, 0x00, 0x3E, 0x00, 0x3E, 0x00, 0x3E, 0x00, 0x3E,
    0x00, 0x3E, 0x00, 0x3E, 0x00, 0x3E, 0x00, 0x3F, 0xF0, 0x1F, 0xF0, 0x0F, 0xF0, 0xFF, 0xFF, 0xE0,
    0xFF, 0xFF, 0xE0, 0xFF, 0xFF, 0xE0, 0xFF, 0xFF, 0xE0, 0x01, 0xF0, 0x00, 0x01, 0xF0, 0x00, 0x01,
    0xF0, 0x00, 0x01, 0xF0, 0x00, 0x01, 0xF0, 0x00, 0x01, 0xF0, 0x00, 0x0F, 0xFE, 0x00, 0x0F, 0xFE,
    0x00, 0x0F, 0xFE, 0x00, 0x0F, 0xFE, 0x00, 0x01, 0xF0, 0x00, 0x01, 0xF0, 0x00, 0x01, 0xF0, 0x00,
    0x01, 0xF0, 0x00, 0x01, 0xF0, 0x00, 0x01, 0xF0, 0x00, 0x3E, 0x00, 0x3E, 0x00, 0x3E, 0x00, 0x3E,
    0x00, 0xFF, 0xF0, 0xFF, 0xF0, 0xFF, 0xF0, 0x3E, 0x00, 0x3E, 0x00, 0xFF, 0xF0, 0xFF, 0xF0, 0xFF,
    0xF0, 0xFF, 0xF0, 0x3E, 0x00, 0x3E, 0x00, 0x3E, 0x00, 0x3F, 0xF0, 0x1F, 0xF0, 0x0F, 0xF0, 0x07,
    0x0C, 0x00, 0x0F, 0xDC, 0x00, 0x0E, 0xFC, 0x00, 0x0C, 0x78, 0x00, 0x00, 0x00, 0x00, 0x00, 0x00,
    0x00, 0xF8, 0x07, 0xC0, 0xF8, 0x07, 0xC0, 0xF8, 0x07, 0xC0, 0xF8, 0x07, 0xC0, 0xF8, 0x07, 0xC0,
    0xF8, 0x07, 0xC0, 0xF8, 0x07, 0xC0, 0xF8, 0x07, 0xC0, 0xF8, 0x07, 0xC0, 0xF8, 0x07, 0xC0, 0xF8,
    0x07, 0xC0, 0xF8, 0x07, 0xC0, 0xF8, 0x07, 0xC0, 0xF8, 0x07, 0xC0, 0xFC, 0x0F, 0xC0, 0x7E, 0x1F,
    0x80, 0x7F, 0xFF, 0x80, 0x3F, 0xFF, 0x00, 0x1F, 0xFE, 0x00, 0x07, 0xF8, 0x00, 0x0E, 0x18, 0x0F,
    0x18, 0x19, 0x98, 0x18, 0xF0, 0x18, 0x70, 0x00, 0x00, 0x00, 0x00, 0xF8, 0x3E, 0xF8, 0x3E, 0xF8,
    0x3E, 0xF8, 0x3E, 0xF8, 0x3E, 0xF8, 0x3E, 0xF8, 0x3E, 0xF8, 0x3E, 0xF8, 0x3E, 0xF8, 0x3E, 0xF8,
    0x7E, 0xFC, 0x7E, 0x7F, 0xFE, 0x7F, 0xBE, 0x1E, 0x3E, 0x07, 0xF8, 0x00, 0x07, 0xF8, 0x00, 0x07,
    0xF8, 0x00, 0x00, 0x00, 0x00, 0x00, 0x00, 0x00, 0xF8, 0x07, 0xC0, 0xF8, 0x07, 0xC0, 0xF8, 0x07,
    0xC0, 0xF8, 0x07, 0xC0, 0xF8, 0x07, 0xC0, 0xF8, 0x07, 0xC0, 0xF8, 0x07, 0xC0, 0xF8, 0x07, 0xC0,
    0xF8, 0x07, 0xC0, 0xF8, 0x07, 0xC0, 0xF8, 0x07, 0xC0, 0xF8, 0x07, 0xC0, 0xF8, 0x07, 0xC0, 0xF8,
    0x07, 0xC0, 0xFC, 0x0F, 0xC0, 0x7E, 0x1F, 0x80, 0x7F, 0xFF, 0x80, 0x3F, 0xFF, 0x00, 0x1F, 0xFE,
    0x00, 0x07, 0xF8, 0x00, 0x1F, 0xF0, 0x1F, 0xF0, 0x1F, 0xF0, 0x00, 0x00, 0x00, 0x00, 0x00, 0x00,
    0xF8, 0x3E, 0xF8, 0x3E, 0xF8, 0x3E, 0xF8, 0x3E, 0xF8, 0x3E, 0xF8, 0x3E, 0xF8, 0x3E, 0xF8, 0x3E,
    0xF8, 0x3E, 0xF8, 0x3E, 0xF8, 0x7E, 0xFC, 0x7E, 0x7F, 0xFE, 0x7F, 0xBE, 0x1E, 0x3E, 0x06, 0x18,
    0x00, 0x07, 0x38, 0x00, 0x03, 0xF0, 0x00, 0x01, 0xE0, 0x00, 0x00, 0x00, 0x00, 0x00, 0x00, 0x00,
    0xF8, 0x07, 0xC0, 0xF8, 0x07, 0xC0, 0xF8, 0x07, 0xC0, 0xF8, 0x07, 0xC0, 0xF8, 0x07, 0xC0, 0xF8,
    0x07, 0xC0, 0xF8, 0x07, 0xC0, 0xF8, 0x07, 0xC0, 0xF8, 0x07, 0xC0, 0xF8, 0x07, 0xC0, 0xF8, 0x07,
    0xC0, 0xF8, 0x07, 0xC0, 0xF8, 0x07, 0xC0, 0xF8, 0x07, 0xC0, 0xFC, 0x0F, 0xC0, 0x7E, 0x1F, 0x80,
    0x7F, 0xFF, 0x80, 0x3F, 0xFF, 0x00, 0x1F, 0xFE, 0x00, 0x07, 0xF8, 0x00, 0x18, 0x30, 0x1C, 0x70,
    0x0F, 0xE0, 0x07, 0xC0, 0x00, 0x00, 0x00, 0x00, 0x00, 0x00, 0xF8, 0x3E, 0xF8, 0x3E, 0xF8, 0x3E,
    0xF8, 0x3E, 0xF8, 0x3E, 0xF8, 0x3E, 0xF8, 0x3E, 0xF8, 0x3E, 0xF8, 0x3E, 0xF8, 0x3E, 0xF8, 0x7E,
    0xFC, 0x7E, 0x7F, 0xFE, 0x7F, 0xBE, 0x1E, 0x3E, 0x03, 0xC0, 0x00, 0x07, 0xE0, 0x00, 0x0E, 0x70,
    0x00, 0x0C, 0x30, 0x00, 0x0C, 0x30, 0x00, 0x0E, 0x70, 0x00, 0xFF, 0xE7, 0xC0, 0xFB, 0xC7, 0xC0,
    0xF8, 0x07, 0xC0, 0xF8, 0x07, 0xC0, 0xF8, 0x07, 0xC0, 0xF8, 0x07, 0xC0, 0xF8, 0x07, 0xC0, 0xF8,
    0x07, 0xC0, 0xF8, 0x07, 0xC0, 0xF8, 0x07, 0xC0, 0xF8, 0x07, 0xC0, 0xF8, 0x07, 0xC0, 0xF8, 0x07,
    0xC0, 0xF8, 0x07, 0xC0, 0xFC, 0x0F, 0xC0, 0x7E, 0x1F, 0x80, 0x7F, 0xFF, 0x80, 0x3F, 0xFF, 0x00,
    0x1F, 0xFE, 0x00, 0x07, 0xF8, 0x00, 0x03, 0xC0, 0x07, 0xE0, 0x0E, 0x70, 0x0C, 0x30, 0x0C, 0x30,
    0x0E, 0x70, 0x07, 0xE0, 0x03, 0xC0, 0x00, 0x00, 0x00, 0x00, 0xF8, 0x3E, 0xF8, 0x3E, 0xF8, 0x3E,
    0xF8, 0x3E, 0xF8, 0x3E, 0xF8, 0x3E, 0xF8, 0x3E, 0xF8, 0x3E, 0xF8, 0x3E, 0xF8, 0x3E, 0xF8, 0x7E,
    0xFC, 0x7E, 0x7F, 0xFE, 0x7F, 0xBE, 0x1E, 0x3E, 0x03, 0x9C, 0x00, 0x07, 0x38, 0x00, 0x0E, 0x70,
    0x00, 0x1C, 0xE0, 0x00, 0x00, 0x00, 0x00, 0x00, 0x00, 0x00, 0xF8, 0x07, 0xC0, 0xF8, 0x07, 0xC0,
    0xF8, 0x07, 0xC0, 0xF8, 0x07, 0xC0, 0xF8, 0x07, 0xC0, 0xF8, 0x07, 0xC0, 0xF8, 0x07, 0xC0, 0xF8,
    0x07, 0xC0, 0xF8, 0x07, 0xC0, 0xF8, 0x07, 0xC0, 0xF8, 0x07, 0xC0, 0xF8, 0x07, 0xC0, 0xF8, 0x07,
    0xC0, 0xF8, 0x07, 0xC0, 0xFC, 0x0F, 0xC0, 0x7E, 0x1F, 0x80, 0x7F, 0xFF, 0x80, 0x3F, 0xFF, 0x00,
    0x1F, 0xFE, 0x00, 0x07, 0xF8, 0x00, 0x01, 0xCE, 0x03, 0x9C, 0x07, 0x38, 0x06, 0x30, 0x0E, 0x70,
    0x00, 0x00, 0x00, 0x00, 0xF8, 0x3E, 0xF8, 0x3E, 0xF8, 0x3E, 0xF8, 0x3E, 0xF8, 0x3E, 0xF8, 0x3E,
    0xF8, 0x3E, 0xF8, 0x3E, 0xF8, 0x3E, 0xF8, 0x3E, 0xF8, 0x7E, 0xFC, 0x7E, 0x7F, 0xFE, 0x7F, 0xBE,
    0x1E, 0x3E, 0xF8, 0x07, 0xC0, 0xF8, 0x07, 0xC0, 0xF8, 0x07, 0xC0, 0xF8, 0x07, 0xC0, 0xF8, 0x07,
    0xC0, 0xF8, 0x07, 0xC0, 0xF8, 0x07, 0xC0, 0xF8, 0x07, 0xC0, 0xF8, 0x07, 0xC0, 0xF8, 0x07, 0xC0,
    0xF8, 0x07, 0xC0, 0xF8, 0x07, 0xC0, 0xF8, 0x07, 0xC0, 0xF8, 0x07, 0xC0, 0xFC, 0x0F, 0xC0, 0x7E,
    0x1F, 0x80, 0x7F, 0xFF, 0x80, 0x3F, 0xFF, 0x00, 0x1F, 0xFE, 0x00, 0x07, 0xF8, 0x00, 0x01, 0x80,
    0x00, 0x03, 0x00, 0x00, 0x03, 0x00, 0x00, 0x03, 0xF0, 0x00, 0x01, 0xF0, 0x00, 0xF8, 0x3E, 0x00,
    0xF8, 0x3E, 0x00, 0xF8, 0x3E, 0x00, 0xF8, 0x3E, 0x00, 0xF8, 0x3E, 0x00, 0xF8, 0x3E, 0x00, 0xF8,
    0x3E, 0x00, 0xF8, 0x3E, 0x00, 0xF8, 0x3E, 0x00, 0xF8, 0x3E, 0x00, 0xF8, 0x7E, 0x00, 0xFC, 0x7E,
    0x00, 0x7F, 0xFE, 0x00, 0x7F, 0xBE, 0x00, 0x1E, 0x3E, 0x00, 0x00, 0x03, 0x00, 0x00, 0x06, 0x00,
    0x00, 0x06, 0x00, 0x00, 0x07, 0xE0, 0x00, 0x03, 0xE0, 0x00, 0x0F, 0x80, 0x00, 0x00, 0x1F, 0xC0,
    0x00, 0x00, 0x1C, 0xC0, 0x00, 0x00, 0x30, 0x60, 0x00, 0x00, 0x00, 0x00, 0x00, 0x00, 0x00, 0x00,
    0x00, 0xF8, 0x0F, 0x80, 0xF8, 0xFC, 0x0F, 0x81, 0xF8, 0x7C, 0x1F, 0xC1, 0xF0, 0x7C, 0x1D, 0xC1,
    0xF0, 0x7C, 0x1D, 0xC1, 0xF0, 0x7C, 0x1D, 0xC1, 0xF0, 0x3E, 0x3C, 0xE3, 0xE0, 0x3E, 0x38, 0xE3,
    0xE0, 0x3E, 0x38, 0xE3, 0xE0, 0x3E, 0x38, 0xE3, 0xE0, 0x1F, 0x78, 0xF7, 0xE0, 0x1F, 0x70, 0x77,
    0xC0, 0x1F, 0x70, 0x77, 0xC0, 0x1F, 0x70, 0x77, 0xC0, 0x1F, 0xF0, 0x7F, 0xC0, 0x0F, 0xE0, 0x3F,
    0x80, 0x0F, 0xE0, 0x3F, 0x80, 0x0F, 0xE0, 0x3F, 0x80, 0x0F, 0xE0, 0x3F, 0x80, 0x07, 0xC0, 0x1F,
    0x00, 0x00, 0x3C, 0x00, 0x00, 0x7E, 0x00, 0x00, 0x7E, 0x00, 0x00, 0xE7, 0x00, 0x01, 0xC3, 0x80,
    0x00, 0x00, 0x00, 0x00, 0x00, 0x00, 0xF8, 0x3C, 0x1F, 0xFC, 0x3C, 0x3F, 0x7C, 0x7E, 0x3E, 0x7C,
    0x7E, 0x3E, 0x7C, 0x7E, 0x3E, 0x7E, 0x7E, 0x7E, 0x3E, 0xE7, 0x7C, 0x3E, 0xE7, 0x7C, 0x3E, 0xE7,
    0x7C, 0x1F, 0xE7, 0xF8, 0x1F, 0xC3, 0xF8, 0x1F, 0xC3, 0xF8, 0x1F, 0xC3, 0xF8, 0x0F, 0xC3, 0xF0,
    0x0F, 0x81, 0xF0, 0x00, 0xF8, 0x00, 0x01, 0xFC, 0x00, 0x01, 0x9C, 0x00, 0x03, 0x06, 0x00, 0x00,
    0x00, 0x00, 0x00, 0x00, 0x00, 0xFC, 0x01, 0xF8, 0x7E, 0x03, 0xF0, 0x3F, 0x07, 0xE0, 0x3F, 0x0F,
    0xE0, 0x1F, 0x8F, 0xC0, 0x0F, 0xDF, 0x80, 0x0F, 0xFF, 0x80, 0x07, 0xFF, 0x00, 0x03, 0xFE, 0x00,
    0x01, 0xFC, 0x00, 0x01, 0xFC, 0x00, 0x00, 0xF8, 0x00, 0x00, 0xF8, 0x00, 0x00, 0xF8, 0x00, 0x00,
    0xF8, 0x00, 0x00, 0xF8, 0x00, 0x00, 0xF8, 0x00, 0x00, 0xF8, 0x00, 0x00, 0xF8, 0x00, 0x00, 0xF8,
    0x00, 0x01, 0xE0, 0x00, 0x03, 0xF0, 0x00, 0x03, 0xF0, 0x00, 0x07, 0x38, 0x00, 0x0E, 0x1C, 0x00,
    0x00, 0x00, 0x00, 0x00, 0x00, 0x00, 0xFC, 0x1F, 0x80, 0x7C, 0x1F, 0x00, 0x7C, 0x1F, 0x00, 0x7E,
    0x3F, 0x00, 0x3E, 0x3E, 0x00, 0x3F, 0x3E, 0x00, 0x1F, 0x7E, 0x00, 0x1F, 0xFC, 0x00, 0x0F, 0xFC,
    0x00, 0x0F, 0xF8, 0x00, 0x0F, 0xF8, 0x00, 0x07, 0xF8, 0x00, 0x07, 0xF0, 0x00, 0x03, 0xF0, 0x00,
    0x03, 0xF0, 0x00, 0x03, 0xE0, 0x00, 0x07, 0xE0, 0x00, 0x07, 0xC0, 0x00, 0x3F, 0xC0, 0x00, 0x3F,
    0x80, 0x00, 0x3F, 0x00, 0x00, 0x03, 0x8E, 0x00, 0x03, 0x8E, 0x00, 0x03, 0x8E, 0x00, 0x00, 0x00,
    0x00, 0x00, 0x00, 0x00, 0x00, 0x00, 0x00, 0xFC, 0x01, 0xF8, 0x7E, 0x03, 0xF0, 0x3F, 0x07, 0xE0,
    0x3F, 0x0F, 0xE0, 0x1F, 0x8F, 0xC0, 0x0F, 0xDF, 0x80, 0x0F, 0xFF, 0x80, 0x07, 0xFF, 0x00, 0x03,
    0xFE, 0x00, 0x01, 0xFC, 0x00, 0x01, 0xFC, 0x00, 0x00, 0xF8, 0x00, 0x00, 0xF8, 0x00, 0x00, 0xF8,
    0x00, 0x00, 0xF8, 0x00, 0x00, 0xF8, 0x00, 0x00, 0xF8, 0x00, 0x00, 0xF8, 0x00, 0x00, 0xF8, 0x00,
    0x00, 0xF8, 0x00, 0x00, 0x38, 0x00, 0x00, 0x70, 0x00, 0x00, 0xE0, 0x00, 0x01, 0xC0, 0x00, 0x00,
    0x00, 0x00, 0x00, 0x00, 0x00, 0xFF, 0xFF, 0xC0, 0xFF, 0xFF, 0xC0, 0xFF, 0xFF, 0xC0, 0xFF, 0xFF,
    0xC0, 0x00, 0x3F, 0x80, 0x00, 0x7F, 0x00, 0x00, 0xFE, 0x00, 0x00, 0xFC, 0x00, 0x01, 0xF8, 0x00,
    0x03, 0xF8, 0x00, 0x07, 0xF0, 0x00, 0x0F, 0xE0, 0x00, 0x0F, 0xC0, 0x00, 0x1F, 0x80, 0x00, 0x3F,
    0x00, 0x00, 0x7F, 0x00, 0x00, 0xFF, 0xFF, 0xC0, 0xFF, 0xFF, 0xC0, 0xFF, 0xFF, 0xC0, 0xFF, 0xFF,
    0xC0, 0x00, 0x38, 0x00, 0x70, 0x00, 0xE0, 0x01, 0xC0, 0x03, 0x80, 0x00, 0x00, 0x00, 0x00, 0xFF,
    0xFC, 0xFF, 0xFC, 0xFF, 0xFC, 0x01, 0xFC, 0x03, 0xF8, 0x07, 0xF0, 0x07, 0xE0, 0x0F, 0xC0, 0x1F,
    0xC0, 0x3F, 0x80, 0x7F, 0x00, 0xFE, 0x00, 0xFF, 0xFC, 0xFF, 0xFC, 0xFF, 0xFC, 0x01, 0xE0, 0x00,
    0x01, 0xE0, 0x00, 0x01, 0xE0, 0x00, 0x00, 0x00, 0x00, 0x00, 0x00, 0x00, 0x00, 0x00, 0x00, 0xFF,
    0xFF, 0xC0, 0xFF, 0xFF, 0xC0, 0xFF, 0xFF, 0xC0, 0xFF, 0xFF, 0xC0, 0x00, 0x3F, 0x80, 0x00, 0x7F,
    0x00, 0x00, 0xFE, 0x00, 0x00, 0xFC, 0x00, 0x01, 0xF8, 0x00, 0x03, 0xF8, 0x00, 0x07, 0xF0, 0x00,
    0x0F, 0xE0, 0x00, 0x0F, 0xC0, 0x00, 0x1F, 0x80, 0x00, 0x3F, 0x00, 0x00, 0x7F, 0x00, 0x00, 0xFF,
    0xFF, 0xC0, 0xFF, 0xFF, 0xC0, 0xFF, 0xFF, 0xC0, 0xFF, 0xFF, 0xC0, 0x0F, 0x80, 0x0F, 0x80, 0x0F,
    0x80, 0x0F, 0x80, 0x0F, 0x80, 0x00, 0x00, 0x00, 0x00, 0xFF, 0xFC, 0xFF, 0xFC, 0xFF, 0xFC, 0x01,
    0xFC, 0x03, 0xF8, 0x07, 0xF0, 0x07, 0xE0, 0x0F, 0xC0, 0x1F, 0xC0, 0x3F, 0x80, 0x7F, 0x00, 0xFE,
    0x00, 0xFF, 0xFC, 0xFF, 0xFC, 0xFF, 0xFC, 0x0E, 0x1C, 0x00, 0x07, 0x38, 0x00, 0x03, 0xF0, 0x00,
    0x01, 0xE0, 0x00, 0x00, 0x00, 0x00, 0x00, 0x00, 0x00, 0xFF, 0xFF, 0xC0, 0xFF, 0xFF, 0xC0, 0xFF,
    0xFF, 0xC0, 0xFF, 0xFF, 0xC0, 0x00, 0x3F, 0x80, 0x00, 0x7F, 0x00, 0x00, 0xFE, 0x00, 0x00, 0xFC,
    0x00, 0x01, 0xF8, 0x00, 0x03, 0xF8, 0x00, 0x07, 0xF0, 0x00, 0x0F, 0xE0, 0x00, 0x0F, 0xC0, 0x00,
    0x1F, 0x80, 0x00, 0x3F, 0x00, 0x00, 0x7F, 0x00, 0x00, 0xFF, 0xFF, 0xC0, 0xFF, 0xFF, 0xC0, 0xFF,
    0xFF, 0xC0, 0xFF, 0xFF, 0xC0, 0x38, 0x70, 0x1C, 0xE0, 0x0F, 0xC0, 0x0F, 0xC0, 0x07, 0x80, 0x00,
    0x00, 0x00, 0x00, 0xFF, 0xFC, 0xFF, 0xFC, 0xFF, 0xFC, 0x01, 0xFC, 0x03, 0xF8, 0x07, 0xF0, 0x07,
    0xE0, 0x0F, 0xC0, 0x1F, 0xC0, 0x3F, 0x80, 0x7F, 0x00, 0xFE, 0x00, 0xFF, 0xFC, 0xFF, 0xFC, 0xFF,
    0xFC, 0x07, 0xF0, 0x1F, 0xF0, 0x3F, 0xF0, 0x3E, 0x00, 0x3E, 0x00, 0x3E, 0x00, 0xFE, 0x00, 0xFE,
    0x00, 0xFE, 0x00, 0x3E, 0x00, 0x3E, 0x00, 0x3E, 0x00, 0x3E, 0x00, 0x3E, 0x00, 0x3E, 0x00, 0x3E,
    0x00, 0x3E, 0x00, 0x3E, 0x00, 0x3E, 0x00, 0x3E, 0x00, 0x3E, 0x00, 0xFF, 0xE0, 0xFF, 0xE0, 0xFF,
    0xE0, 0xFF, 0xE0, 0xFF, 0xFF, 0xFF, 0x80, 0xFF, 0xFF, 0xFF, 0x80, 0xFF, 0xFF, 0xFF, 0x80, 0xFF,
    0xFF, 0xFF, 0x80, 0xF8, 0x7C, 0x3E, 0xF8, 0x7C, 0x3E, 0xF8, 0x7C, 0x3E, 0xF8, 0x7C, 0x3E, 0xF8,
    0x7C, 0x3E, 0x00, 0x7F, 0x80, 0x01, 0xFF, 0xE0, 0x03, 0xFF, 0xE0, 0x07, 0xFF, 0xE0, 0x0F, 0xE0,
    0xE0, 0x0F, 0x80, 0x20, 0x7F, 0xFF, 0x00, 0x7F, 0xFE, 0x00, 0xFF, 0xFE, 0x00, 0x1F, 0x00, 0x00,
    0x1F, 0x00, 0x00, 0x7F, 0xFC, 0x00, 0x7F, 0xF8, 0x00, 0xFF, 0xF8, 0x00, 0x0F, 0x80, 0x20, 0x0F,
    0xE0, 0xE0, 0x07, 0xFF, 0xE0, 0x03, 0xFF, 0xE0, 0x01, 0xFF, 0xE0, 0x00, 0x7F, 0x00, 0x04, 0x00,
    0x00, 0x0E, 0x00, 0x00, 0x1F, 0x00, 0x00, 0x3E, 0x00, 0x00, 0x7C, 0x00, 0x00, 0xFF, 0xFF, 0xF8,
    0xFF, 0xFF, 0xF8, 0xFF, 0xFF, 0xF8, 0x7C, 0x00, 0x00, 0x3E, 0x00, 0x00, 0x1F, 0x00, 0x00, 0x0E,
    0x00, 0x00, 0x04, 0x00, 0x00, 0x07, 0x00, 0x0F, 0x80, 0x1F, 0xC0, 0x3F, 0xE0, 0x7F, 0xF0, 0xFF,
    0xF8, 0x77, 0x70, 0x27, 0x20, 0x07, 0x00, 0x07, 0x00, 0x07, 0x00, 0x07, 0x00, 0x07, 0x00, 0x07,
    0x00, 0x07, 0x00, 0x07, 0x00, 0x07, 0x00, 0x07, 0x00, 0x07, 0x00, 0x07, 0x00, 0x07, 0x00, 0x00,
    0x01, 0x00, 0x00, 0x03, 0x80, 0x00, 0x03, 0xC0, 0x00, 0x01, 0xE0, 0x00, 0x00, 0xF0, 0xFF, 0xFF,
    0xF8, 0xFF, 0xFF, 0xF8, 0xFF, 0xFF, 0xF8, 0x00, 0x00, 0xF0, 0x00, 0x01, 0xE0, 0x00, 0x03, 0xC0,
    0x00, 0x03, 0x80, 0x00, 0x01, 0x00, 0x07, 0x00, 0x07, 0x00, 0x07, 0x00, 0x07, 0x00, 0x07, 0x00,
    0x07, 0x00, 0x07, 0x00, 0x07, 0x00, 0x07, 0x00, 0x07, 0x00, 0x07, 0x00, 0x07, 0x00, 0x07, 0x00,
    0x07, 0x00, 0x67, 0x30, 0xF7, 0x78, 0x7F, 0xF0, 0x3F, 0xE0, 0x1F, 0xC0, 0x0F, 0x80, 0x07, 0x00,
};

static const gfx_glyph_t s_glyphs[] = {
    { 0x0020, 0, 0, 0, 0, 0, 10 },
    { 0x0021, 0, 5, 20, 4, -20, 13 },
    { 0x0022, 20, 9, 8, 3, -20, 15 },
    { 0x0023, 36, 20, 20, 2, -20, 23 },
    { 0x0024, 96, 14, 25, 4, -21, 19 },
    { 0x0025, 146, 26, 20, 1, -20, 28 },
    { 0x0026, 226, 22, 20, 1, -20, 24 },
    { 0x0027, 286, 3, 8, 3, -20, 9 },
    { 0x0028, 294, 9, 25, 2, -21, 13 },
    { 0x0029, 344, 9, 25, 2, -21, 13 },
    { 0x002A, 394, 14, 13, 0, -20, 15 },
    { 0x002B, 420, 17, 17, 3, -17, 23 },
    { 0x002C, 471, 6, 9, 2, -5, 11 },
    { 0x002D, 480, 9, 4, 2, -10, 12 },
    { 0x002E, 488, 5, 5, 3, -5, 11 },
    { 0x002F, 493, 10, 23, 0, -20, 10 },
    { 0x0030, 539, 17, 20, 1, -20, 19 },
    { 0x0031, 599, 15, 20, 3, -20, 19 },
    { 0x0032, 639, 15, 20, 2, -20, 19 },
    { 0x0033, 679, 15, 20, 2, -20, 19 },
    { 0x0034, 719, 17, 20, 1, -20, 19 },
    { 0x0035, 779, 15, 20, 2, -20, 19 },
    { 0x0036, 819, 16, 20, 2, -20, 19 },
    { 0x0037, 859, 15, 20, 2, -20, 19 },
    { 0x0038, 899, 16, 20, 2, -20, 19 },
    { 0x0039, 939, 16, 20, 2, -20, 19 },
    { 0x003A, 979, 5, 15, 3, -15, 11 },
    { 0x003B, 994, 6, 19, 2, -15, 11 },
    { 0x003C, 1013, 18, 16, 3, -17, 23 },
    { 0x003D, 1061, 18, 9, 3, -13, 23 },
    { 0x003E, 1088, 18, 16, 3, -17, 23 },
    { 0x003F, 1136, 13, 20, 2, -20, 16 },
    { 0x0040, 1176, 24, 25, 2, -20, 28 },
    { 0x0041, 1251, 21, 20, 0, -20, 22 },
    { 0x0042, 1311, 17, 20, 3, -20, 21 },
    { 0x0043, 1371, 17, 20, 1, -20, 21 },
    { 0x0044, 1431, 19, 20, 3, -20, 23 },
    { 0x0045, 1491, 15, 20, 3, -20, 19 },
    { 0x0046, 1531, 14, 20, 3, -20, 19 },
    { 0x0047, 1571, 20, 20, 1, -20, 23 },
    { 0x0048, 1631, 18, 20, 3, -20, 23 },
    { 0x0049, 1691, 5, 20, 3, -20, 10 },
    { 0x004A, 1711, 9, 26, -1, -20, 10 },
    { 0x004B, 1763, 19, 20, 3, -20, 22 },
    { 0x004C, 1823, 15, 20, 3, -20, 18 },
    { 0x004D, 1863, 23, 20, 3, -20, 28 },
    { 0x004E, 1923, 18, 20, 3, -20, 23 },
    { 0x004F, 1983, 21, 20, 1, -20, 24 },
    { 0x0050, 2043, 17, 20, 3, -20, 21 },
    { 0x0051, 2103, 21, 24, 1, -20, 24 },
    { 0x0052, 2175, 19, 20, 3, -20, 22 },
    { 0x0053, 2235, 16, 20, 2, -20, 20 },
    { 0x0054, 2275, 19, 20, 0, -20, 19 },
    { 0x0055, 2335, 18, 20, 3, -20, 23 },
    { 0x0056, 2395, 21, 20, 0, -20, 22 },
    { 0x0057, 2455, 29, 20, 1, -20, 31 },
    { 0x0058, 2535, 21, 20, 1, -20, 22 },
    { 0x0059, 2595, 21, 20, 0, -20, 20 },
    { 0x005A, 2655, 18, 20, 1, -20, 20 },
    { 0x005B, 2715, 9, 25, 2, -21, 13 },
    { 0x005C, 2765, 10, 23, 0, -20, 10 },
    { 0x005D, 2811, 9, 25, 2, -21, 13 },
    { 0x005E, 2861, 18, 8, 3, -20, 23 },
    { 0x005F, 2885, 14, 3, 0, 4, 14 },
    { 0x0060, 2891, 7, 5, 2, -22, 14 },
    { 0x0061, 2896, 15, 15, 1, -15, 19 },
    { 0x0062, 2926, 16, 21, 2, -21, 20 },
    { 0x0063, 2968, 14, 15, 1, -15, 17 },
    { 0x0064, 2998, 16, 21, 1, -21, 20 },
    { 0x0065, 3040, 16, 15, 1, -15, 19 },
    { 0x0066, 3070, 12, 21, 1, -21, 12 },
    { 0x0067, 3112, 16, 21, 1, -15, 20 },
    { 0x0068, 3154, 15, 21, 2, -21, 20 },
    { 0x0069, 3196, 5, 21, 2, -21, 10 },
    { 0x006A, 3217, 8, 27, -1, -21, 10 },
    { 0x006B, 3244, 17, 21, 2, -21, 19 },
    { 0x006C, 3307, 5, 21, 2, -21, 10 },
    { 0x006D, 3328, 25, 15, 2, -15, 29 },
    { 0x006E, 3388, 15, 15, 2, -15, 20 },
    { 0x006F, 3418, 17, 15, 1, -15, 19 },
    { 0x0070, 3463, 16, 21, 2, -15, 20 },
    { 0x0071, 3505, 16, 21, 1, -15, 20 },
    { 0x0072, 3547, 11, 15, 2, -15, 14 },
    { 0x0073, 3577, 14, 15, 1, -15, 17 },
    { 0x0074, 3607, 12, 20, 0, -20, 13 },
    { 0x0075, 3647, 15, 15, 2, -15, 20 },
    { 0x0076, 3677, 17, 15, 0, -15, 18 },
    { 0x0077, 3722, 24, 15, 1, -15, 26 },
    { 0x0078, 3767, 17, 15, 0, -15, 18 },
    { 0x0079, 3812, 17, 21, 0, -15, 18 },
    { 0x007A, 3875, 14, 15, 1, -15, 16 },
    { 0x007B, 3905, 13, 26, 4, -21, 20 },
    { 0x007C, 3957, 3, 28, 4, -21, 10 },
    { 0x007D, 3985, 13, 26, 4, -21, 20 },
    { 0x007E, 4037, 18, 5, 3, -12, 23 },
    { 0x00A0, 4052, 0, 0, 0, 0, 10 },
    { 0x00A1, 4052, 5, 20, 4, -15, 13 },
    { 0x00A2, 4072, 13, 23, 2, -19, 19 },
    { 0x00A3, 4118, 15, 20, 2, -20, 19 },
    { 0x00A4, 4158, 16, 16, 1, -18, 18 },
    { 0x00A5, 4190, 19, 20, 0, -20, 19 },
    { 0x00A6, 4250, 3, 24, 4, -20, 10 },
    { 0x00A7, 4274, 14, 23, 1, -20, 14 },
    { 0x00A8, 4320, 8, 3, 3, -22, 14 },
    { 0x00A9, 4323, 20, 20, 4, -20, 28 },
    { 0x00AA, 4383, 12, 16, 2, -20, 16 },
    { 0x00AB, 4415, 14, 13, 2, -15, 18 },
    { 0x00AC, 4441, 18, 9, 3, -12, 23 },
    { 0x00AD, 4468, 9, 4, 2, -10, 12 },
    { 0x00AE, 4476, 20, 20, 4, -20, 28 },
    { 0x00AF, 4536, 9, 3, 3, -21, 14 },
    { 0x00B0, 4542, 9, 9, 2, -21, 14 },
    { 0x00B1, 4560, 17, 18, 3, -18, 23 },
    { 0x00B2, 4614, 9, 12, 1, -20, 12 },
    { 0x00B3, 4638, 10, 12, 1, -20, 12 },
    { 0x00B4, 4662, 7, 5, 5, -22, 14 },
    { 0x00B5, 4667, 17, 21, 2, -15, 21 },
    { 0x00B6, 4730, 15, 23, 1, -20, 18 },
    { 0x00B7, 4776, 5, 5, 3, -12, 11 },
    { 0x00B8, 4781, 6, 5, 4, 0, 14 },
    { 0x00B9, 4786, 9, 12, 2, -20, 12 },
    { 0x00BA, 4810, 13, 16, 2, -20, 16 },
    { 0x00BB, 4842, 14, 13, 3, -15, 18 },
    { 0x00BC, 4868, 25, 20, 2, -20, 29 },
    { 0x00BD, 4948, 25, 21, 2, -20, 29 },
    { 0x00BE, 5032, 26, 20, 1, -20, 29 },
    { 0x00BF, 5112, 13, 21, 2, -15, 16 },
    { 0x00C0, 5154, 21, 26, 0, -26, 22 },
    { 0x00C1, 5232, 21, 26, 0, -26, 22 },
    { 0x00C2, 5310, 21, 26, 0, -26, 22 },
    { 0x00C3, 5388, 21, 26, 0, -26, 22 },
    { 0x00C4, 5466, 21, 26, 0, -26, 22 },
    { 0x00C5, 5544, 21, 26, 0, -26, 22 },
    { 0x00C6, 5622, 28, 20, 0, -20, 30 },
    { 0x00C7, 5702, 17, 25, 1, -20, 21 },
    { 0x00C8, 5777, 15, 26, 3, -26, 19 },
    { 0x00C9, 5829, 15, 26, 3, -26, 19 },
    { 0x00CA, 5881, 15, 26, 3, -26, 19 },
    { 0x00CB, 5933, 15, 26, 3, -26, 19 },
    { 0x00CC, 5985, 7, 26, 1, -26, 10 },
    { 0x00CD, 6011, 6, 26, 3, -26, 10 },
    { 0x00CE, 6037, 9, 26, 1, -26, 10 },
    { 0x00CF, 6089, 7, 26, 2, -26, 10 },
    { 0x00D0, 6115, 21, 20, 1, -20, 23 },
    { 0x00D1, 6175, 18, 26, 3, -26, 23 },
    { 0x00D2, 6253, 21, 26, 1, -26, 24 },
    { 0x00D3, 6331, 21, 26, 1, -26, 24 },
    { 0x00D4, 6409, 21, 26, 1, -26, 24 },
    { 0x00D5, 6487, 21, 26, 1, -26, 24 },
    { 0x00D6, 6565, 21, 26, 1, -26, 24 },
    { 0x00D7, 6643, 16, 16, 4, -17, 23 },
    { 0x00D8, 6675, 21, 20, 1, -20, 24 },
    { 0x00D9, 6735, 18, 26, 3, -26, 23 },
    { 0x00DA, 6813, 18, 26, 3, -26, 23 },
    { 0x00DB, 6891, 18, 26, 3, -26, 23 },
    { 0x00DC, 6969, 18, 26, 3, -26, 23 },
    { 0x00DD, 7047, 21, 26, 0, -26, 20 },
    { 0x00DE, 7125, 17, 20, 3, -20, 21 },
    { 0x00DF, 7185, 17, 21, 2, -21, 20 },
    { 0x00E0, 7248, 15, 22, 1, -22, 19 },
    { 0x00E1, 7292, 15, 22, 1, -22, 19 },
    { 0x00E2, 7336, 15, 22, 1, -22, 19 },
    { 0x00E3, 7380, 15, 22, 1, -22, 19 },
    { 0x00E4, 7424, 15, 22, 1, -22, 19 },
    { 0x00E5, 7468, 15, 25, 1, -25, 19 },
    { 0x00E6, 7518, 26, 15, 1, -15, 29 },
    { 0x00E7, 7578, 14, 20, 1, -15, 17 },
    { 0x00E8, 7618, 16, 22, 1, -22, 19 },
    { 0x00E9, 7662, 16, 22, 1, -22, 19 },
    { 0x00EA, 7706, 16, 22, 1, -22, 19 },
    { 0x00EB, 7750, 16, 22, 1, -22, 19 },
    { 0x00EC, 7794, 7, 22, 0, -22, 10 },
    { 0x00ED, 7816, 8, 22, 2, -22, 10 },
    { 0x00EE, 7838, 9, 22, 0, -22, 10 },
    { 0x00EF, 7882, 7, 22, 1, -22, 10 },
    { 0x00F0, 7904, 17, 21, 1, -21, 19 },
    { 0x00F1, 7967, 15, 22, 2, -22, 20 },
    { 0x00F2, 8011, 17, 22, 1, -22, 19 },
    { 0x00F3, 8077, 17, 22, 1, -22, 19 },
    { 0x00F4, 8143, 17, 22, 1, -22, 19 },
    { 0x00F5, 8209, 17, 22, 1, -22, 19 },
    { 0x00F6, 8275, 17, 22, 1, -22, 19 },
    { 0x00F7, 8341, 18, 15, 3, -16, 23 },
    { 0x00F8, 8386, 17, 17, 1, -16, 19 },
    { 0x00F9, 8437, 15, 22, 2, -22, 20 },
    { 0x00FA, 8481, 15, 22, 2, -22, 20 },
    { 0x00FB, 8525, 15, 22, 2, -22, 20 },
    { 0x00FC, 8569, 15, 22, 2, -22, 20 },
    { 0x00FD, 8613, 17, 28, 0, -22, 18 },
    { 0x00FE, 8697, 16, 27, 2, -21, 20 },
    { 0x00FF, 8751, 17, 28, 0, -22, 18 },
    { 0x0100, 8835, 21, 25, 0, -25, 22 },
    { 0x0101, 8910, 15, 21, 1, -21, 19 },
    { 0x0102, 8952, 21, 26, 0, -26, 22 },
    { 0x0103, 9030, 15, 22, 1, -22, 19 },
    { 0x0104, 9074, 21, 25, 0, -20, 22 },
    { 0x0105, 9149, 16, 20, 1, -15, 19 },
    { 0x0106, 9189, 17, 26, 1, -26, 21 },
    { 0x0107, 9267, 14, 22, 1, -22, 17 },
    { 0x0108, 9311, 17, 26, 1, -26, 21 },
    { 0x0109, 9389, 14, 22, 1, -22, 17 },
    { 0x010A, 9433, 17, 26, 1, -26, 21 },
    { 0x010B, 9511, 14, 22, 1, -22, 17 },
    { 0x010C, 9555, 17, 26, 1, -26, 21 },
    { 0x010D, 9633, 14, 22, 1, -22, 17 },
    { 0x010E, 9677, 19, 26, 3, -26, 23 },
    { 0x010F, 9755, 23, 21, 1, -21, 20 },
    { 0x0110, 9818, 21, 20, 1, -20, 23 },
    { 0x0111, 9878, 18, 21, 1, -21, 20 },
    { 0x0112, 9941, 15, 25, 3, -25, 19 },
    { 0x0113, 9991, 16, 21, 1, -21, 19 },
    { 0x0114, 10033, 15, 26, 3, -26, 19 },
    { 0x0115, 10085, 16, 22, 1, -22, 19 },
    { 0x0116, 10129, 15, 26, 3, -26, 19 },
    { 0x0117, 10181, 16, 22, 1, -22, 19 },
    { 0x0118, 10225, 15, 25, 3, -20, 19 },
    { 0x0119, 10275, 16, 20, 1, -15, 19 },
    { 0x011A, 10315, 15, 26, 3, -26, 19 },
    { 0x011B, 10367, 16, 22, 1, -22, 19 },
    { 0x011C, 10411, 20, 26, 1, -26, 23 },
    { 0x011D, 10489, 16, 28, 1, -22, 20 },
    { 0x011E, 10545, 20, 26, 1, -26, 23 },
    { 0x011F, 10623, 16, 28, 1, -22, 20 },
    { 0x0120, 10679, 20, 26, 1, -26, 23 },
    { 0x0121, 10757, 16, 28, 1, -22, 20 },
    { 0x0122, 10813, 20, 27, 1, -20, 23 },
    { 0x0123, 10894, 16, 28, 1, -22, 20 },
    { 0x0124, 10950, 18, 26, 3, -26, 23 },
    { 0x0125, 11028, 18, 26, -1, -26, 20 },
    { 0x0126, 11106, 22, 20, 2, -20, 27 },
    { 0x0127, 11166, 17, 21, 2, -21, 22 },
    { 0x0128, 11229, 9, 26, 1, -26, 10 },
    { 0x0129, 11281, 11, 22, -1, -22, 10 },
    { 0x012A, 11325, 9, 25, 1, -25, 10 },
    { 0x012B, 11375, 9, 21, 0, -21, 10 },
    { 0x012C, 11417, 9, 26, 1, -26, 10 },
    { 0x012D, 11469, 9, 22, 0, -22, 10 },
    { 0x012E, 11513, 8, 25, 3, -20, 10 },
    { 0x012F, 11538, 8, 26, 2, -21, 10 },
    { 0x0130, 11564, 5, 26, 3, -26, 10 },
    { 0x0131, 11590, 5, 15, 2, -15, 10 },
    { 0x0132, 11605, 15, 26, 3, -20, 21 },
    { 0x0133, 11657, 15, 27, 2, -21, 19 },
    { 0x0134, 11711, 11, 32, -1, -26, 10 },
    { 0x0135, 11775, 10, 28, -1, -22, 10 },
    { 0x0136, 11831, 19, 26, 3, -20, 22 },
    { 0x0137, 11909, 17, 27, 2, -21, 19 },
    { 0x0138, 11990, 17, 15, 2, -15, 19 },
    { 0x0139, 12035, 15, 26, 3, -26, 18 },
    { 0x013A, 12087, 7, 26, 2, -26, 10 },
    { 0x013B, 12113, 15, 26, 3, -20, 18 },
    { 0x013C, 12165, 6, 27, 2, -21, 10 },
    { 0x013D, 12192, 15, 20, 3, -20, 18 },
    { 0x013E, 12232, 11, 21, 2, -21, 13 },
    { 0x013F, 12274, 15, 20, 3, -20, 18 },
    { 0x0140, 12314, 12, 21, 2, -21, 16 },
    { 0x0141, 12356, 18, 20, -2, -20, 18 },
    { 0x0142, 12416, 10, 21, 0, -21, 10 },
    { 0x0143, 12458, 18, 26, 3, -26, 23 },
    { 0x0144, 12536, 15, 22, 2, -22, 20 },
    { 0x0145, 12580, 18, 26, 3, -20, 23 },
    { 0x0146, 12658, 15, 21, 2, -15, 20 },
    { 0x0147, 12700, 18, 26, 3, -26, 23 },
    { 0x0148, 12778, 15, 22, 2, -22, 20 },
    { 0x0149, 12822, 22, 20, 2, -20, 28 },
    { 0x014A, 12882, 18, 26, 3, -20, 23 },
    { 0x014B, 12960, 15, 21, 2, -15, 19 },
    { 0x014C, 13002, 21, 25, 1, -25, 24 },
    { 0x014D, 13077, 17, 21, 1, -21, 19 },
    { 0x014E, 13140, 21, 26, 1, -26, 24 },
    { 0x014F, 13218, 17, 22, 1, -22, 19 },
    { 0x0150, 13284, 21, 26, 1, -26, 24 },
    { 0x0151, 13362, 17, 22, 1, -22, 19 },
    { 0x0152, 13428, 29, 20, 1, -21, 33 },
    { 0x0153, 13508, 28, 15, 1, -15, 31 },
    { 0x0154, 13568, 19, 26, 3, -26, 22 },
    { 0x0155, 13646, 12, 22, 2, -22, 14 },
    { 0x0156, 13690, 19, 26, 3, -20, 22 },
    { 0x0157, 13768, 11, 21, 2, -15, 14 },
    { 0x0158, 13810, 19, 26, 3, -26, 22 },
    { 0x0159, 13888, 11, 22, 2, -22, 14 },
    { 0x015A, 13932, 16, 26, 2, -26, 20 },
    { 0x015B, 13984, 14, 22, 1, -22, 17 },
    { 0x015C, 14028, 16, 26, 2, -26, 20 },
    { 0x015D, 14080, 14, 22, 1, -22, 17 },
    { 0x015E, 14124, 16, 25, 2, -20, 20 },
    { 0x015F, 14174, 14, 20, 1, -15, 17 },
    { 0x0160, 14214, 16, 26, 2, -26, 20 },
    { 0x0161, 14266, 14, 22, 1, -22, 17 },
    { 0x0162, 14310, 19, 25, 0, -20, 19 },
    { 0x0163, 14385, 12, 25, 0, -20, 13 },
    { 0x0164, 14435, 19, 26, 0, -26, 19 },
    { 0x0165, 14513, 14, 22, 0, -22, 13 },
    { 0x0166, 14557, 19, 20, 0, -20, 19 },
    { 0x0167, 14617, 12, 19, 0, -19, 13 },
    { 0x0168, 14655, 18, 26, 3, -26, 23 },
    { 0x0169, 14733, 15, 22, 2, -22, 20 },
    { 0x016A, 14777, 18, 25, 3, -25, 23 },
    { 0x016B, 14852, 15, 21, 2, -21, 20 },
    { 0x016C, 14894, 18, 26, 3, -26, 23 },
    { 0x016D, 14972, 15, 22, 2, -22, 20 },
    { 0x016E, 15016, 18, 26, 3, -26, 23 },
    { 0x016F, 15094, 15, 25, 2, -25, 20 },
    { 0x0170, 15144, 18, 26, 3, -26, 23 },
    { 0x0171, 15222, 15, 22, 2, -22, 20 },
    { 0x0172, 15266, 18, 25, 3, -20, 23 },
    { 0x0173, 15341, 19, 20, 2, -15, 20 },
    { 0x0174, 15401, 29, 26, 1, -26, 31 },
    { 0x0175, 15505, 24, 22, 1, -22, 26 },
    { 0x0176, 15571, 21, 26, 0, -26, 20 },
    { 0x0177, 15649, 17, 28, 0, -22, 18 },
    { 0x0178, 15733, 21, 26, 0, -26, 20 },
    { 0x0179, 15811, 18, 26, 1, -26, 20 },
    { 0x017A, 15889, 14, 22, 1, -22, 16 },
    { 0x017B, 15933, 18, 26, 1, -26, 20 },
    { 0x017C, 16011, 14, 22, 1, -22, 16 },
    { 0x017D, 16055, 18, 26, 1, -26, 20 },
    { 0x017E, 16133, 14, 22, 1, -22, 16 },
    { 0x017F, 16177, 12, 21, 1, -21, 12 },
    { 0x2013, 16219, 11, 4, 2, -10, 14 },
    { 0x2014, 16227, 25, 4, 2, -10, 28 },
    { 0x2026, 16243, 23, 5, 2, -5, 28 },
    { 0x20AC, 16258, 19, 20, -1, -20, 19 },
    { 0x2190, 16318, 21, 13, 1, -15, 23 },
    { 0x2191, 16357, 13, 21, 5, -21, 23 },
    { 0x2192, 16399, 21, 13, 2, -15, 23 },
    { 0x2193, 16438, 13, 21, 5, -20, 23 },
};

const gfx_font_t gfx_font_sans_bold_28 = { s_bitmap, s_glyphs, 327, 26, 33, 1 };
