/* Generated by tools/fontgen.py from DejaVuSans-Bold.ttf at 34 px, 4-bit coverage. Do not edit; run tools/gen_fonts.sh. */
/* Font licence: assets/fonts/LICENSE-DejaVu.txt (it also covers these bitmaps). */
#include "gfx_font.h"

static const uint8_t s_bitmap[] = {
    0x4F, 0xFF, 0xFF, 0xB0, 0x4F, 0xFF, 0xFF, 0xB0, 0x4F, 0xFF, 0xFF, 0xB0, 0x4F, 0xFF, 0xFF, 0xB0,
    0x4F, 0xFF, 0xFF, 0xB0, 0x4F, 0xFF, 0xFF, 0xB0, 0x4F, 0xFF, 0xFF, 0xB0, 0x4F, 0xFF, 0xFF, 0xB0,
    0x4F, 0xFF, 0xFF, 0xB0, 0x3F, 0xFF, 0xFF, 0xB0, 0x2F, 0xFF, 0xFF, 0xA0, 0x1F, 0xFF, 0xFF, 0x80,
    0x0E, 0xFF, 0xFF, 0x60, 0x0C, 0xFF, 0xFF, 0x50, 0x0A, 0xFF, 0xFF, 0x30, 0x09, 0xFF, 0xFF, 0x10,
    0x07, 0xFF, 0xFE, 0x00, 0x00, 0x00, 0x00, 0x00, 0x00, 0x00, 0x00, 0x00, 0x4F, 0xFF, 0xFF, 0xB0,
    0x4F, 0xFF, 0xFF, 0xB0, 0x4F, 0xFF, 0xFF, 0xB0, 0x4F, 0xFF, 0xFF, 0xB0, 0x4F, 0xFF, 0xFF, 0xB0,
    0x4F, 0xFF, 0xFF, 0xB0, 0xCF, 0xFF, 0x30, 0x07, 0xFF, 0xF7, 0xCF, 0xFF, 0x30, 0x07, 0xFF, 0xF7,
    0xCF, 0xFF, 0x30, 0x07, 0xFF, 0xF7, 0xCF, 0xFF, 0x30, 0x07, 0xFF, 0xF7, 0xCF, 0xFF, 0x30, 0x07,
    0xFF, 0xF7, 0xCF, 0xFF, 0x30, 0x07, 0xFF, 0xF7, 0xCF, 0xFF, 0x30, 0x07, 0xFF, 0xF7, 0xCF, 0xFF,
    0x30, 0x07, 0xFF, 0xF7, 0xCF, 0xFF, 0x30, 0x07, 0xFF, 0xF7, 0x00, 0x00, 0x00, 0x00, 0x0B, 0xFF,
    0xE0, 0x00, 0x09, 0xFF, 0xF1, 0x00, 0x00, 0x00, 0x00, 0x00, 0x00, 0x0E, 0xFF, 0xB0, 0x00, 0x0D,
    0xFF, 0xC0, 0x00, 0x00, 0x00, 0x00, 0x00, 0x00, 0x4F, 0xFF, 0x70, 0x00, 0x2F, 0xFF, 0x80, 0x00,
    0x00, 0x00, 0x00, 0x00, 0x00, 0x8F, 0xFF, 0x30, 0x00, 0x6F, 0xFF, 0x40, 0x00, 0x00, 0x00, 0x00,
    0x00, 0x00, 0xCF, 0xFE, 0x00, 0x00, 0xAF, 0xFE, 0x00, 0x00, 0x00, 0x00, 0x00, 0x00, 0x01, 0xFF,
    0xFA, 0x00, 0x00, 0xEF, 0xFB, 0x00, 0x00, 0x00, 0x00, 0xCF, 0xFF, 0xFF, 0xFF, 0xFF, 0xFF, 0xFF,
    0xFF, 0xFF, 0xFF, 0xFF, 0x30, 0x00, 0xCF, 0xFF, 0xFF, 0xFF, 0xFF, 0xFF, 0xFF, 0xFF, 0xFF, 0xFF,
    0xFF, 0x30, 0x00, 0xCF, 0xFF, 0xFF, 0xFF, 0xFF, 0xFF, 0xFF, 0xFF, 0xFF, 0xFF, 0xFF, 0x30, 0x00,
    0xCF, 0xFF, 0xFF, 0xFF, 0xFF, 0xFF, 0xFF, 0xFF, 0xFF, 0xFF, 0xFF, 0x30, 0x00, 0x00, 0x00, 0x3F,
    0xFF, 0x80, 0x00, 0x2F, 0xFF, 0x90, 0x00, 0x00, 0x00, 0x00, 0x00, 0x00, 0x7F, 0xFF, 0x40, 0x00,
    0x5F, 0xFF, 0x50, 0x00, 0x00, 0x00, 0x00, 0x00, 0x00, 0xAF, 0xFF, 0x10, 0x00, 0x9F, 0xFF, 0x20,
    0x00, 0x00, 0x00, 0x00, 0x00, 0x00, 0xEF, 0xFC, 0x00, 0x00, 0xCF, 0xFE, 0x00, 0x00, 0x00, 0x00,
    0x00, 0x00, 0x02, 0xFF, 0xF9, 0x00, 0x01, 0xFF, 0xFA, 0x00, 0x00, 0x00, 0x00, 0xAF, 0xFF, 0xFF,
    0xFF, 0xFF, 0xFF, 0xFF, 0xFF, 0xFF, 0xFF, 0xFF, 0x40, 0x00, 0xAF, 0xFF, 0xFF, 0xFF, 0xFF, 0xFF,
    0xFF, 0xFF, 0xFF, 0xFF, 0xFF, 0x40, 0x00, 0xAF, 0xFF, 0xFF, 0xFF, 0xFF, 0xFF, 0xFF, 0xFF, 0xFF,
    0xFF, 0xFF, 0x40, 0x00, 0xAF, 0xFF, 0xFF, 0xFF, 0xFF, 0xFF, 0xFF, 0xFF, 0xFF, 0xFF, 0xFF, 0x40,
    0x00, 0x00, 0x00, 0x3F, 0xFF, 0x80, 0x00, 0x2F, 0xFF, 0x80, 0x00, 0x00, 0x00, 0x00, 0x00, 0x00,
    0x7F, 0xFF, 0x40, 0x00, 0x6F, 0xFF, 0x40, 0x00, 0x00, 0x00, 0x00, 0x00, 0x00, 0xBF, 0xFE, 0x00,
    0x00, 0xAF, 0xFF, 0x10, 0x00, 0x00, 0x00, 0x00, 0x00, 0x00, 0xEF, 0xFB, 0x00, 0x00, 0xDF, 0xFB,
    0x00, 0x00, 0x00, 0x00, 0x00, 0x00, 0x04, 0xFF, 0xF7, 0x00, 0x03, 0xFF, 0xF7, 0x00, 0x00, 0x00,
    0x00, 0x00, 0x00, 0x08, 0xFF, 0xF3, 0x00, 0x06, 0xFF, 0xF3, 0x00, 0x00, 0x00, 0x00, 0x00, 0x00,
    0x00, 0x00, 0x00, 0x7F, 0xF3, 0x00, 0x00, 0x00, 0x00, 0x00, 0x00, 0x00, 0x00, 0x7F, 0xF3, 0x00,
    0x00, 0x00, 0x00, 0x00, 0x00, 0x00, 0x00, 0x7F, 0xF3, 0x00, 0x00, 0x00, 0x00, 0x00, 0x00, 0x00,
    0x00, 0x7F, 0xF3, 0x00, 0x00, 0x00, 0x00, 0x00, 0x00, 0x16, 0xAC, 0xEF, 0xFE, 0xB8, 0x40, 0x00,
    0x00, 0x00, 0x19, 0xFF, 0xFF, 0xFF, 0xFF, 0xFF, 0xFE, 0x92, 0x00, 0x01, 0xCF, 0xFF, 0xFF, 0xFF,
    0xFF, 0xFF, 0xFF, 0xFD, 0x00, 0x09, 0xFF, 0xFF, 0xFF, 0xFF, 0xFF, 0xFF, 0xFF, 0xFD, 0x00, 0x1F,
    0xFF, 0xFF, 0xD4, 0x8F, 0xF4, 0x25, 0x9E, 0xFD, 0x00, 0x4F, 0xFF, 0xFF, 0x20, 0x7F, 0xF3, 0x00,
    0x00, 0x5A, 0x00, 0x5F, 0xFF, 0xFF, 0x00, 0x7F, 0xF3, 0x00, 0x00, 0x00, 0x00, 0x4F, 0xFF, 0xFF,
    0x50, 0x7F, 0xF3, 0x00, 0x00, 0x00, 0x00, 0x1F, 0xFF, 0xFF, 0xFA, 0xBF, 0xF3, 0x00, 0x00, 0x00,
    0x00, 0x0A, 0xFF, 0xFF, 0xFF, 0xFF, 0xFF, 0xC9, 0x51, 0x00, 0x00, 0x02, 0xDF, 0xFF, 0xFF, 0xFF,
    0xFF, 0xFF, 0xFE, 0x81, 0x00, 0x00, 0x1A, 0xFF, 0xFF, 0xFF, 0xFF, 0xFF, 0xFF, 0xFD, 0x10, 0x00,
    0x00, 0x27, 0xBE, 0xFF, 0xFF, 0xFF, 0xFF, 0xFF, 0x90, 0x00, 0x00, 0x00, 0x00, 0x8F, 0xFB, 0xDF,
    0xFF, 0xFF, 0xF1, 0x00, 0x00, 0x00, 0x00, 0x7F, 0xF3, 0x07, 0xFF, 0xFF, 0xF4, 0x00, 0x00, 0x00,
    0x00, 0x7F, 0xF3, 0x00, 0xFF, 0xFF, 0xF5, 0x4A, 0x30, 0x00, 0x00, 0x7F, 0xF3, 0x01, 0xFF, 0xFF,
    0xF4, 0x5F, 0xFD, 0x85, 0x20, 0x7F, 0xF4, 0x3B, 0xFF, 0xFF, 0xF1, 0x5F, 0xFF, 0xFF, 0xFF, 0xFF,
    0xFF, 0xFF, 0xFF, 0xFF, 0xA0, 0x5F, 0xFF, 0xFF, 0xFF, 0xFF, 0xFF, 0xFF, 0xFF, 0xFD, 0x10, 0x05,
    0xBF, 0xFF, 0xFF, 0xFF, 0xFF, 0xFF, 0xFF, 0xA1, 0x00, 0x00, 0x01, 0x69, 0xCE, 0xFF, 0xFE, 0xCA,
    0x72, 0x00, 0x00, 0x00, 0x00, 0x00, 0x00, 0x8F, 0xF3, 0x00, 0x00, 0x00, 0x00, 0x00, 0x00, 0x00,
    0x00, 0x7F, 0xF3, 0x00, 0x00, 0x00, 0x00, 0x00, 0x00, 0x00, 0x00, 0x7F, 0xF3, 0x00, 0x00, 0x00,
    0x00, 0x00, 0x00, 0x00, 0x00, 0x7F, 0xF3, 0x00, 0x00, 0x00, 0x00, 0x00, 0x00, 0x00, 0x00, 0x7F,
    0xF3, 0x00, 0x00, 0x00, 0x00, 0x00, 0x04, 0xAD, 0xFE, 0xC7, 0x10, 0x00, 0x00, 0x00, 0x00, 0x06,
    0xFF, 0xF5, 0x00, 0x00, 0x00, 0x00, 0xAF, 0xFF, 0xFF, 0xFF, 0xE3, 0x00, 0x00, 0x00, 0x00, 0x1E,
    0xFF, 0xA0, 0x00, 0x00, 0x00, 0x09, 0xFF, 0xFF, 0xFF, 0xFF, 0xFE, 0x20, 0x00, 0x00, 0x00, 0x9F,
    0xFE, 0x20, 0x00, 0x00, 0x00, 0x3F, 0xFF, 0xF6, 0x13, 0xDF, 0xFF, 0x90, 0x00, 0x00, 0x04, 0xFF,
    0xF7, 0x00, 0x00, 0x00, 0x00, 0x9F, 0xFF, 0xB0, 0x00, 0x4F, 0xFF, 0xF0, 0x00, 0x00, 0x0C, 0xFF,
    0xC0, 0x00, 0x00, 0x00, 0x00, 0xCF, 0xFF, 0x60, 0x00, 0x0E, 0xFF, 0xF3, 0x00, 0x00, 0x7F, 0xFF,
    0x30, 0x00, 0x00, 0x00, 0x00, 0xDF, 0xFF, 0x40, 0x00, 0x0D, 0xFF, 0xF5, 0x00, 0x02, 0xEF, 0xF9,
    0x00, 0x00, 0x00, 0x00, 0x00, 0xDF, 0xFF, 0x40, 0x00, 0x0D, 0xFF, 0xF5, 0x00, 0x0B, 0xFF, 0xE1,
    0x00, 0x00, 0x00, 0x00, 0x00, 0xCF, 0xFF, 0x60, 0x00, 0x0E, 0xFF, 0xF3, 0x00, 0x5F, 0xFF, 0x50,
    0x00, 0x00, 0x00, 0x00, 0x00, 0x8F, 0xFF, 0xB0, 0x00, 0x4F, 0xFF, 0xF0, 0x01, 0xDF, 0xFB, 0x00,
    0x00, 0x00, 0x00, 0x00, 0x00, 0x3F, 0xFF, 0xF6, 0x13, 0xDF, 0xFF, 0x90, 0x09, 0xFF, 0xF2, 0x00,
    0x00, 0x00, 0x00, 0x00, 0x00, 0x09, 0xFF, 0xFF, 0xFF, 0xFF, 0xFE, 0x20, 0x3F, 0xFF, 0x70, 0x01,
    0x7C, 0xEF, 0xEA, 0x50, 0x00, 0x00, 0xAF, 0xFF, 0xFF, 0xFF, 0xE3, 0x00, 0xCF, 0xFD, 0x00, 0x3D,
    0xFF, 0xFF, 0xFF, 0xFB, 0x10, 0x00, 0x04, 0xAD, 0xFE, 0xC7, 0x10, 0x06, 0xFF, 0xF4, 0x01, 0xEF,
    0xFF, 0xFF, 0xFF, 0xFF, 0xA0, 0x00, 0x00, 0x00, 0x00, 0x00, 0x00, 0x1E, 0xFF, 0xA0, 0x09, 0xFF,
    0xFD, 0x30, 0x6F, 0xFF, 0xF4, 0x00, 0x00, 0x00, 0x00, 0x00, 0x00, 0xAF, 0xFE, 0x10, 0x0E, 0xFF,
    0xF5, 0x00, 0x0A, 0xFF, 0xFA, 0x00, 0x00, 0x00, 0x00, 0x00, 0x04, 0xFF, 0xF6, 0x00, 0x3F, 0xFF,
    0xF0, 0x00, 0x05, 0xFF, 0xFD, 0x00, 0x00, 0x00, 0x00, 0x00, 0x1D, 0xFF, 0xC0, 0x00, 0x4F, 0xFF,
    0xE0, 0x00, 0x04, 0xFF, 0xFE, 0x00, 0x00, 0x00, 0x00, 0x00, 0x8F, 0xFF, 0x30, 0x00, 0x4F, 0xFF,
    0xE0, 0x00, 0x04, 0xFF, 0xFE, 0x00, 0x00, 0x00, 0x00, 0x02, 0xFF, 0xF8, 0x00, 0x00, 0x3F, 0xFF,
    0xF0, 0x00, 0x05, 0xFF, 0xFD, 0x00, 0x00, 0x00, 0x00, 0x0B, 0xFF, 0xD1, 0x00, 0x00, 0x0E, 0xFF,
    0xF5, 0x00, 0x0A, 0xFF, 0xF9, 0x00, 0x00, 0x00, 0x00, 0x6F, 0xFF, 0x40, 0x00, 0x00, 0x09, 0xFF,
    0xFD, 0x30, 0x6F, 0xFF, 0xF4, 0x00, 0x00, 0x00, 0x01, 0xEF, 0xFA, 0x00, 0x00, 0x00, 0x01, 0xEF,
    0xFF, 0xFF, 0xFF, 0xFF, 0xA0, 0x00, 0x00, 0x00, 0x09, 0xFF, 0xE2, 0x00, 0x00, 0x00, 0x00, 0x3D,
    0xFF, 0xFF, 0xFF, 0xFB, 0x10, 0x00, 0x00, 0x00, 0x4F, 0xFF, 0x70, 0x00, 0x00, 0x00, 0x00, 0x01,
    0x7C, 0xEF, 0xEA, 0x50, 0x00, 0x00, 0x00, 0x00, 0x04, 0x9D, 0xEF, 0xED, 0xB8, 0x52, 0x00, 0x00,
    0x00, 0x00, 0x00, 0x00, 0x02, 0xCF, 0xFF, 0xFF, 0xFF, 0xFF, 0xFF, 0x00, 0x00, 0x00, 0x00, 0x00,
    0x00, 0x2E, 0xFF, 0xFF, 0xFF, 0xFF, 0xFF, 0xFF, 0x00, 0x00, 0x00, 0x00, 0x00, 0x00, 0xBF, 0xFF,
    0xFF, 0xFF, 0xFF, 0xFF, 0xFF, 0x00, 0x00, 0x00, 0x00, 0x00, 0x01, 0xFF, 0xFF, 0xFF, 0x71, 0x02,
    0x5A, 0xFF, 0x00, 0x00, 0x00, 0x00, 0x00, 0x03, 0xFF, 0xFF, 0xFB, 0x00, 0x00, 0x00, 0x2B, 0x00,
    0x00, 0x00, 0x00, 0x00, 0x03, 0xFF, 0xFF, 0xFC, 0x00, 0x00, 0x00, 0x00, 0x00, 0x00, 0x00, 0x00,
    0x00, 0x00, 0xEF, 0xFF, 0xFF, 0x50, 0x00, 0x00, 0x00, 0x00, 0x00, 0x00, 0x00, 0x00, 0x00, 0x7F,
    0xFF, 0xFF, 0xE3, 0x00, 0x00, 0x00, 0x00, 0x00, 0x00, 0x00, 0x00, 0x00, 0x4F, 0xFF, 0xFF, 0xFE,
    0x20, 0x00, 0x00, 0x00, 0x00, 0x00, 0x00, 0x00, 0x08, 0xFF, 0xFF, 0xFF, 0xFF, 0xD2, 0x00, 0x00,
    0x02, 0xFF, 0xFF, 0xF0, 0x00, 0x9F, 0xFF, 0xFF, 0xFF, 0xFF, 0xFD, 0x10, 0x00, 0x03, 0xFF, 0xFF,
    0xD0, 0x08, 0xFF, 0xFF, 0xFD, 0xEF, 0xFF, 0xFF, 0xC1, 0x00, 0x06, 0xFF, 0xFF, 0xB0, 0x2F, 0xFF,
    0xFF, 0xD1, 0x3E, 0xFF, 0xFF, 0xFC, 0x10, 0x0B, 0xFF, 0xFF, 0x70, 0x8F, 0xFF, 0xFF, 0x40, 0x04,
    0xFF, 0xFF, 0xFF, 0xB1, 0x2F, 0xFF, 0xFF, 0x30, 0xCF, 0xFF, 0xFE, 0x00, 0x00, 0x5F, 0xFF, 0xFF,
    0xFB, 0xBF, 0xFF, 0xFD, 0x00, 0xEF, 0xFF, 0xFC, 0x00, 0x00, 0x06, 0xFF, 0xFF, 0xFF, 0xFF, 0xFF,
    0xF5, 0x00, 0xEF, 0xFF, 0xFE, 0x00, 0x00, 0x00, 0x7F, 0xFF, 0xFF, 0xFF, 0xFF, 0xC0, 0x00, 0xCF,
    0xFF, 0xFF, 0x50, 0x00, 0x00, 0x09, 0xFF, 0xFF, 0xFF, 0xFE, 0x20, 0x00, 0x8F, 0xFF, 0xFF, 0xE2,
    0x00, 0x00, 0x00, 0xCF, 0xFF, 0xFF, 0xF8, 0x00, 0x00, 0x2F, 0xFF, 0xFF, 0xFE, 0x72, 0x01, 0x5B,
    0xFF, 0xFF, 0xFF, 0xFF, 0x40, 0x00, 0x07, 0xFF, 0xFF, 0xFF, 0xFF, 0xFF, 0xFF, 0xFF, 0xFF, 0xFF,
    0xFF, 0xE3, 0x00, 0x00, 0x8F, 0xFF, 0xFF, 0xFF, 0xFF, 0xFF, 0xFF, 0xFF, 0xFF, 0xFF, 0xFE, 0x20,
    0x00, 0x04, 0xDF, 0xFF, 0xFF, 0xFF, 0xFF, 0xFF, 0x94, 0xEF, 0xFF, 0xFF, 0xD1, 0x00, 0x00, 0x04,
    0x9C, 0xEF, 0xFE, 0xC9, 0x51, 0x00, 0x4F, 0xFF, 0xFF, 0xFB, 0xCF, 0xFF, 0x30, 0xCF, 0xFF, 0x30,
    0xCF, 0xFF, 0x30, 0xCF, 0xFF, 0x30, 0xCF, 0xFF, 0x30, 0xCF, 0xFF, 0x30, 0xCF, 0xFF, 0x30, 0xCF,
    0xFF, 0x30, 0xCF, 0xFF, 0x30, 0x00, 0x00, 0x06, 0xFF, 0xFF, 0x80, 0x00, 0x00, 0x1E, 0xFF, 0xFE,
    0x10, 0x00, 0x00, 0x8F, 0xFF, 0xF8, 0x00, 0x00, 0x02, 0xFF, 0xFF, 0xF2, 0x00, 0x00, 0x08, 0xFF,
    0xFF, 0xB0, 0x00, 0x00, 0x1E, 0xFF, 0xFF, 0x50, 0x00, 0x00, 0x6F, 0xFF, 0xFE, 0x00, 0x00, 0x00,
    0xCF, 0xFF, 0xFA, 0x00, 0x00, 0x01, 0xFF, 0xFF, 0xF6, 0x00, 0x00, 0x05, 0xFF, 0xFF, 0xF2, 0x00,
    0x00, 0x09, 0xFF, 0xFF, 0xE0, 0x00, 0x00, 0x0C, 0xFF, 0xFF, 0xC0, 0x00, 0x00, 0x0E, 0xFF, 0xFF,
    0xB0, 0x00, 0x00, 0x0F, 0xFF, 0xFF, 0x90, 0x00, 0x00, 0x1F, 0xFF, 0xFF, 0x90, 0x00, 0x00, 0x1F,
    0xFF, 0xFF, 0x90, 0x00, 0x00, 0x0F, 0xFF, 0xFF, 0x90, 0x00, 0x00, 0x0E, 0xFF, 0xFF, 0xA0, 0x00,
    0x00, 0x0C, 0xFF, 0xFF, 0xC0, 0x00, 0x00, 0x09, 0xFF, 0xFF, 0xE0, 0x00, 0x00, 0x06, 0xFF, 0xFF,
    0xF2, 0x00, 0x00, 0x02, 0xFF, 0xFF, 0xF6, 0x00, 0x00, 0x00, 0xCF, 0xFF, 0xFA, 0x00, 0x00, 0x00,
    0x6F, 0xFF, 0xFE, 0x00, 0x00, 0x00, 0x1E, 0xFF, 0xFF, 0x50, 0x00, 0x00, 0x09, 0xFF, 0xFF, 0xA0,
    0x00, 0x00, 0x02, 0xFF, 0xFF, 0xF2, 0x00, 0x00, 0x00, 0x8F, 0xFF, 0xF8, 0x00, 0x00, 0x00, 0x1E,
    0xFF, 0xFE, 0x10, 0x00, 0x00, 0x06, 0xFF, 0xFF, 0x80, 0x1E, 0xFF, 0xFE, 0x10, 0x00, 0x00, 0x08,
    0xFF, 0xFF, 0x80, 0x00, 0x00, 0x01, 0xEF, 0xFF, 0xF2, 0x00, 0x00, 0x00, 0x9F, 0xFF, 0xF9, 0x00,
    0x00, 0x00, 0x3F, 0xFF, 0xFF, 0x20, 0x00, 0x00, 0x0C, 0xFF, 0xFF, 0x80, 0x00, 0x00, 0x07, 0xFF,
    0xFF, 0xE0, 0x00, 0x00, 0x02, 0xFF, 0xFF, 0xF5, 0x00, 0x00, 0x00, 0xDF, 0xFF, 0xF9, 0x00, 0x00,
    0x00, 0xAF, 0xFF, 0xFE, 0x00, 0x00, 0x00, 0x7F, 0xFF, 0xFF, 0x20, 0x00, 0x00, 0x4F, 0xFF, 0xFF,
    0x50, 0x00, 0x00, 0x3F, 0xFF, 0xFF, 0x70, 0x00, 0x00, 0x1F, 0xFF, 0xFF, 0x80, 0x00, 0x00, 0x1F,
    0xFF, 0xFF, 0x90, 0x00, 0x00, 0x1F, 0xFF, 0xFF, 0x90, 0x00, 0x00, 0x1F, 0xFF, 0xFF, 0x80, 0x00,
    0x00, 0x3F, 0xFF, 0xFF, 0x70, 0x00, 0x00, 0x4F, 0xFF, 0xFF, 0x50, 0x00, 0x00, 0x7F, 0xFF, 0xFF,
    0x20, 0x00, 0x00, 0xAF, 0xFF, 0xFE, 0x00, 0x00, 0x00, 0xDF, 0xFF, 0xF9, 0x00, 0x00, 0x02, 0xFF,
    0xFF, 0xF5, 0x00, 0x00, 0x07, 0xFF, 0xFF, 0xE0, 0x00, 0x00, 0x0C, 0xFF, 0xFF, 0x80, 0x00, 0x00,
    0x3F, 0xFF, 0xFF, 0x20, 0x00, 0x00, 0x9F, 0xFF, 0xF9, 0x00, 0x00, 0x01, 0xEF, 0xFF, 0xF2, 0x00,
    0x00, 0x08, 0xFF, 0xFF, 0x80, 0x00, 0x00, 0x1E, 0xFF, 0xFE, 0x10, 0x00, 0x00, 0x00, 0x00, 0x00,
    0x08, 0xFF, 0x50, 0x00, 0x00, 0x00, 0x00, 0x00, 0x00, 0x08, 0xFF, 0x50, 0x00, 0x00, 0x00, 0x00,
    0x00, 0x00, 0x08, 0xFF, 0x50, 0x00, 0x00, 0x00, 0x05, 0xB3, 0x00, 0x08, 0xFF, 0x50, 0x00, 0x4C,
    0x20, 0x0D, 0xFF, 0xA2, 0x08, 0xFF, 0x50, 0x4C, 0xFF, 0xA0, 0x1A, 0xFF, 0xFF, 0x99, 0xFF, 0x8B,
    0xFF, 0xFE, 0x80, 0x00, 0x2A, 0xFF, 0xFF, 0xFF, 0xFF, 0xFE, 0x81, 0x00, 0x00, 0x00, 0x29, 0xFF,
    0xFF, 0xFE, 0x81, 0x00, 0x00, 0x00, 0x00, 0x2A, 0xFF, 0xFF, 0xFF, 0x91, 0x00, 0x00, 0x00, 0x2A,
    0xFF, 0xFF, 0xFF, 0xFF, 0xFE, 0x81, 0x00, 0x1A, 0xFF, 0xFF, 0x99, 0xFF, 0x7B, 0xFF, 0xFE, 0x80,
    0x0D, 0xFF, 0xA2, 0x08, 0xFF, 0x50, 0x4B, 0xFF, 0xA0, 0x05, 0xB3, 0x00, 0x08, 0xFF, 0x50, 0x00,
    0x4C, 0x20, 0x00, 0x00, 0x00, 0x08, 0xFF, 0x50, 0x00, 0x00, 0x00, 0x00, 0x00, 0x00, 0x08, 0xFF,
    0x50, 0x00, 0x00, 0x00, 0x00, 0x00, 0x00, 0x08, 0xFF, 0x50, 0x00, 0x00, 0x00, 0x00, 0x00, 0x00,
    0x00, 0x0B, 0xFF, 0xF3, 0x00, 0x00, 0x00, 0x00, 0x00, 0x00, 0x00, 0x00, 0x0B, 0xFF, 0xF3, 0x00,
    0x00, 0x00, 0x00, 0x00, 0x00, 0x00, 0x00, 0x0B, 0xFF, 0xF3, 0x00, 0x00, 0x00, 0x00, 0x00, 0x00,
    0x00, 0x00, 0x0B, 0xFF, 0xF3, 0x00, 0x00, 0x00, 0x00, 0x00, 0x00, 0x00, 0x00, 0x0B, 0xFF, 0xF3,
    0x00, 0x00, 0x00, 0x00, 0x00, 0x00, 0x00, 0x00, 0x0B, 0xFF, 0xF3, 0x00, 0x00, 0x00, 0x00, 0x00,
    0x00, 0x00, 0x00, 0x0B, 0xFF, 0xF3, 0x00, 0x00, 0x00, 0x00, 0x00, 0x00, 0x00, 0x00, 0x0B, 0xFF,
    0xF3, 0x00, 0x00, 0x00, 0x00, 0x00, 0x00, 0x00, 0x00, 0x0B, 0xFF, 0xF3, 0x00, 0x00, 0x00, 0x00,
    0x6F, 0xFF, 0xFF, 0xFF, 0xFF, 0xFF, 0xFF, 0xFF, 0xFF, 0xFF, 0xFD, 0x6F, 0xFF, 0xFF, 0xFF, 0xFF,
    0xFF, 0xFF, 0xFF, 0xFF, 0xFF, 0xFD, 0x6F, 0xFF, 0xFF, 0xFF, 0xFF, 0xFF, 0xFF, 0xFF, 0xFF, 0xFF,
    0xFD, 0x6F, 0xFF, 0xFF, 0xFF, 0xFF, 0xFF, 0xFF, 0xFF, 0xFF, 0xFF, 0xFD, 0x00, 0x00, 0x00, 0x00,
    0x0B, 0xFF, 0xF3, 0x00, 0x00, 0x00, 0x00, 0x00, 0x00, 0x00, 0x00, 0x0B, 0xFF, 0xF3, 0x00, 0x00,
    0x00, 0x00, 0x00, 0x00, 0x00, 0x00, 0x0B, 0xFF, 0xF3, 0x00, 0x00, 0x00, 0x00, 0x00, 0x00, 0x00,
    0x00, 0x0B, 0xFF, 0xF3, 0x00, 0x00, 0x00, 0x00, 0x00, 0x00, 0x00, 0x00, 0x0B, 0xFF, 0xF3, 0x00,
    0x00, 0x00, 0x00, 0x00, 0x00, 0x00, 0x00, 0x0B, 0xFF, 0xF3, 0x00, 0x00, 0x00, 0x00, 0x00, 0x00,
    0x00, 0x00, 0x0B, 0xFF, 0xF3, 0x00, 0x00, 0x00, 0x00, 0x00, 0x00, 0x00, 0x00, 0x0B, 0xFF, 0xF3,
    0x00, 0x00, 0x00, 0x00, 0x00, 0x00, 0x00, 0x00, 0x0B, 0xFF, 0xF3, 0x00, 0x00, 0x00, 0x00, 0x00,
    0x8F, 0xFF, 0xFF, 0x70, 0x00, 0x8F, 0xFF, 0xFF, 0x70, 0x00, 0x8F, 0xFF, 0xFF, 0x70, 0x00, 0x8F,
    0xFF, 0xFF, 0x70, 0x00, 0x8F, 0xFF, 0xFF, 0x70, 0x00, 0xAF, 0xFF, 0xFE, 0x20, 0x00, 0xEF, 0xFF,
    0xF6, 0x00, 0x03, 0xFF, 0xFF, 0xB0, 0x00, 0x08, 0xFF, 0xFE, 0x20, 0x00, 0x0C, 0xFF, 0xF5, 0x00,
    0x00, 0x1F, 0xFF, 0xA0, 0x00, 0x00, 0x2F, 0xFF, 0xFF, 0xFF, 0xFF, 0xF4, 0x2F, 0xFF, 0xFF, 0xFF,
    0xFF, 0xF4, 0x2F, 0xFF, 0xFF, 0xFF, 0xFF, 0xF4, 0x2F, 0xFF, 0xFF, 0xFF, 0xFF, 0xF4, 0x2F, 0xFF,
    0xFF, 0xFF, 0xFF, 0xF4, 0x8F, 0xFF, 0xFF, 0x70, 0x8F, 0xFF, 0xFF, 0x70, 0x8F, 0xFF, 0xFF, 0x70,
    0x8F, 0xFF, 0xFF, 0x70, 0x8F, 0xFF, 0xFF, 0x70, 0x8F, 0xFF, 0xFF, 0x70, 0x00, 0x00, 0x00, 0x00,
    0x6F, 0xFF, 0x40, 0x00, 0x00, 0x00, 0x00, 0xBF, 0xFE, 0x00, 0x00, 0x00, 0x00, 0x01, 0xFF, 0xFA,
    0x00, 0x00, 0x00, 0x00, 0x05, 0xFF, 0xF5, 0x00, 0x00, 0x00, 0x00, 0x0A, 0xFF, 0xF1, 0x00, 0x00,
    0x00, 0x00, 0x0E, 0xFF, 0xB0, 0x00, 0x00, 0x00, 0x00, 0x4F, 0xFF, 0x60, 0x00, 0x00, 0x00, 0x00,
    0x9F, 0xFF, 0x10, 0x00, 0x00, 0x00, 0x00, 0xEF, 0xFB, 0x00, 0x00, 0x00, 0x00, 0x03, 0xFF, 0xF7,
    0x00, 0x00, 0x00, 0x00, 0x08, 0xFF, 0xF2, 0x00, 0x00, 0x00, 0x00, 0x0D, 0xFF, 0xC0, 0x00, 0x00,
    0x00, 0x00, 0x3F, 0xFF, 0x80, 0x00, 0x00, 0x00, 0x00, 0x7F, 0xFF, 0x30, 0x00, 0x00, 0x00, 0x00,
    0xCF, 0xFD, 0x00, 0x00, 0x00, 0x00, 0x02, 0xFF, 0xF9, 0x00, 0x00, 0x00, 0x00, 0x06, 0xFF, 0xF4,
    0x00, 0x00, 0x00, 0x00, 0x0B, 0xFF, 0xE0, 0x00, 0x00, 0x00, 0x00, 0x1F, 0xFF, 0xA0, 0x00, 0x00,
    0x00, 0x00, 0x5F, 0xFF, 0x50, 0x00, 0x00, 0x00, 0x00, 0xAF, 0xFF, 0x10, 0x00, 0x00, 0x00, 0x00,
    0xEF, 0xFB, 0x00, 0x00, 0x00, 0x00, 0x04, 0xFF, 0xF6, 0x00, 0x00, 0x00, 0x00, 0x09, 0xFF, 0xF1,
    0x00, 0x00, 0x00, 0x00, 0x0E, 0xFF, 0xB0, 0x00, 0x00, 0x00, 0x00, 0x3F, 0xFF, 0x70, 0x00, 0x00,
    0x00, 0x00, 0x8F, 0xFF, 0x20, 0x00, 0x00, 0x00, 0x00, 0xDF, 0xFC, 0x00, 0x00, 0x00, 0x00, 0x00,
    0x00, 0x00, 0x00, 0x27, 0xBD, 0xFE, 0xDA, 0x61, 0x00, 0x00, 0x00, 0x00, 0x00, 0x19, 0xFF, 0xFF,
    0xFF, 0xFF, 0xFE, 0x60, 0x00, 0x00, 0x00, 0x02, 0xDF, 0xFF, 0xFF, 0xFF, 0xFF, 0xFF, 0xF9, 0x00,
    0x00, 0x00, 0x0D, 0xFF, 0xFF, 0xFF, 0xFF, 0xFF, 0xFF, 0xFF, 0x80, 0x00, 0x00, 0x8F, 0xFF, 0xFF,
    0xD4, 0x11, 0x7F, 0xFF, 0xFF, 0xF3, 0x00, 0x01, 0xFF, 0xFF, 0xFF, 0x20, 0x00, 0x07, 0xFF, 0xFF,
    0xFB, 0x00, 0x07, 0xFF, 0xFF, 0xFA, 0x00, 0x00, 0x01, 0xFF, 0xFF, 0xFF, 0x20, 0x0C, 0xFF, 0xFF,
    0xF6, 0x00, 0x00, 0x00, 0xBF, 0xFF, 0xFF, 0x60, 0x0E, 0xFF, 0xFF, 0xF4, 0x00, 0x00, 0x00, 0x9F,
    0xFF, 0xFF, 0x90, 0x2F, 0xFF, 0xFF, 0xF2, 0x00, 0x00, 0x00, 0x7F, 0xFF, 0xFF, 0xC0, 0x4F, 0xFF,
    0xFF, 0xF1, 0x00, 0x00, 0x00, 0x6F, 0xFF, 0xFF, 0xE0, 0x5F, 0xFF, 0xFF, 0xF1, 0x00, 0x00, 0x00,
    0x6F, 0xFF, 0xFF, 0xF0, 0x5F, 0xFF, 0xFF, 0xF0, 0x00, 0x00, 0x00, 0x5F, 0xFF, 0xFF, 0xF0, 0x5F,
    0xFF, 0xFF, 0xF1, 0x00, 0x00, 0x00, 0x6F, 0xFF, 0xFF, 0xF0, 0x4F, 0xFF, 0xFF, 0xF1, 0x00, 0x00,
    0x00, 0x6F, 0xFF, 0xFF, 0xE0, 0x3F, 0xFF, 0xFF, 0xF2, 0x00, 0x00, 0x00, 0x7F, 0xFF, 0xFF, 0xC0,
    0x0E, 0xFF, 0xFF, 0xF4, 0x00, 0x00, 0x00, 0x9F, 0xFF, 0xFF, 0x90, 0x0C, 0xFF, 0xFF, 0xF6, 0x00,
    0x00, 0x00, 0xCF, 0xFF, 0xFF, 0x60, 0x07, 0xFF, 0xFF, 0xFA, 0x00, 0x00, 0x01, 0xFF, 0xFF, 0xFF,
    0x20, 0x01, 0xFF, 0xFF, 0xFF, 0x30, 0x00, 0x08, 0xFF, 0xFF, 0xFB, 0x00, 0x00, 0x8F, 0xFF, 0xFF,
    0xD4, 0x11, 0x7F, 0xFF, 0xFF, 0xF3, 0x00, 0x00, 0x0D, 0xFF, 0xFF, 0xFF, 0xFF, 0xFF, 0xFF, 0xFF,
    0x80, 0x00, 0x00, 0x02, 0xDF, 0xFF, 0xFF, 0xFF, 0xFF, 0xFF, 0xF9, 0x00, 0x00, 0x00, 0x00, 0x19,
    0xFF, 0xFF, 0xFF, 0xFF, 0xFE, 0x60, 0x00, 0x00, 0x00, 0x00, 0x00, 0x27, 0xBD, 0xFE, 0xDA, 0x61,
    0x00, 0x00, 0x00, 0x02, 0x47, 0xAC, 0xFF, 0xFF, 0xFF, 0xA0, 0x00, 0x00, 0x00, 0x3F, 0xFF, 0xFF,
    0xFF, 0xFF, 0xFF, 0xA0, 0x00, 0x00, 0x00, 0x3F, 0xFF, 0xFF, 0xFF, 0xFF, 0xFF, 0xA0, 0x00, 0x00,
    0x00, 0x3F, 0xFF, 0xFF, 0xFF, 0xFF, 0xFF, 0xA0, 0x00, 0x00, 0x00, 0x3F, 0xFF, 0xFF, 0xFF, 0xFF,
    0xFF, 0xA0, 0x00, 0x00, 0x00, 0x3D, 0xB8, 0x63, 0x6F, 0xFF, 0xFF, 0xA0, 0x00, 0x00, 0x00, 0x00,
    0x00, 0x00, 0x6F, 0xFF, 0xFF, 0xA0, 0x00, 0x00, 0x00, 0x00, 0x00, 0x00, 0x6F, 0xFF, 0xFF, 0xA0,
    0x00, 0x00, 0x00, 0x00, 0x00, 0x00, 0x6F, 0xFF, 0xFF, 0xA0, 0x00, 0x00, 0x00, 0x00, 0x00, 0x00,
    0x6F, 0xFF, 0xFF, 0xA0, 0x00, 0x00, 0x00, 0x00, 0x00, 0x00, 0x6F, 0xFF, 0xFF, 0xA0, 0x00, 0x00,
    0x00, 0x00, 0x00, 0x00, 0x6F, 0xFF, 0xFF, 0xA0, 0x00, 0x00, 0x00, 0x00, 0x00, 0x00, 0x6F, 0xFF,
    0xFF, 0xA0, 0x00, 0x00, 0x00, 0x00, 0x00, 0x00, 0x6F, 0xFF, 0xFF, 0xA0, 0x00, 0x00, 0x00, 0x00,
    0x00, 0x00, 0x6F, 0xFF, 0xFF, 0xA0, 0x00, 0x00, 0x00, 0x00, 0x00, 0x00, 0x6F, 0xFF, 0xFF, 0xA0,
    0x00, 0x00, 0x00, 0x00, 0x00, 0x00, 0x6F, 0xFF, 0xFF, 0xA0, 0x00, 0x00, 0x00, 0x00, 0x00, 0x00,
    0x6F, 0xFF, 0xFF, 0xA0, 0x00, 0x00, 0x00, 0x00, 0x00, 0x00, 0x6F, 0xFF, 0xFF, 0xA0, 0x00, 0x00,
    0x00, 0x00, 0x00, 0x00, 0x6F, 0xFF, 0xFF, 0xA0, 0x00, 0x00, 0x00, 0x0F, 0xFF, 0xFF, 0xFF, 0xFF,
    0xFF, 0xFF, 0xFF, 0xFF, 0x50, 0x0F, 0xFF, 0xFF, 0xFF, 0xFF, 0xFF, 0xFF, 0xFF, 0xFF, 0x50, 0x0F,
    0xFF, 0xFF, 0xFF, 0xFF, 0xFF, 0xFF, 0xFF, 0xFF, 0x50, 0x0F, 0xFF, 0xFF, 0xFF, 0xFF, 0xFF, 0xFF,
    0xFF, 0xFF, 0x50, 0x0F, 0xFF, 0xFF, 0xFF, 0xFF, 0xFF, 0xFF, 0xFF, 0xFF, 0x50, 0x02, 0x57, 0xAC,
    0xDE, 0xFF, 0xEC, 0xA6, 0x10, 0x00, 0x00, 0x4F, 0xFF, 0xFF, 0xFF, 0xFF, 0xFF, 0xFF, 0xE7, 0x00,
    0x00, 0x4F, 0xFF, 0xFF, 0xFF, 0xFF, 0xFF, 0xFF, 0xFF, 0xA0, 0x00, 0x4F, 0xFF, 0xFF, 0xFF, 0xFF,
    0xFF, 0xFF, 0xFF, 0xF8, 0x00, 0x4F, 0xFD, 0x84, 0x20, 0x14, 0xBF, 0xFF, 0xFF, 0xFF, 0x10, 0x4A,
    0x30, 0x00, 0x00, 0x00, 0x0A, 0xFF, 0xFF, 0xFF, 0x50, 0x00, 0x00, 0x00, 0x00, 0x00, 0x01, 0xFF,
    0xFF, 0xFF, 0x70, 0x00, 0x00, 0x00, 0x00, 0x00, 0x00, 0xEF, 0xFF, 0xFF, 0x80, 0x00, 0x00, 0x00,
    0x00, 0x00, 0x00, 0xFF, 0xFF, 0xFF, 0x60, 0x00, 0x00, 0x00, 0x00, 0x00, 0x05, 0xFF, 0xFF, 0xFF,
    0x10, 0x00, 0x00, 0x00, 0x00, 0x00, 0x2E, 0xFF, 0xFF, 0xF9, 0x00, 0x00, 0x00, 0x00, 0x00, 0x02,
    0xDF, 0xFF, 0xFF, 0xD1, 0x00, 0x00, 0x00, 0x00, 0x00, 0x2D, 0xFF, 0xFF, 0xFD, 0x20, 0x00, 0x00,
    0x00, 0x00, 0x03, 0xEF, 0xFF, 0xFF, 0xD2, 0x00, 0x00, 0x00, 0x00, 0x00, 0x4E, 0xFF, 0xFF, 0xFC,
    0x20, 0x00, 0x00, 0x00, 0x00, 0x06, 0xFF, 0xFF, 0xFF, 0xB1, 0x00, 0x00, 0x00, 0x00, 0x00, 0x7F,
    0xFF, 0xFF, 0xFA, 0x00, 0x00, 0x00, 0x00, 0x00, 0x08, 0xFF, 0xFF, 0xFF, 0x80, 0x00, 0x00, 0x00,
    0x00, 0x00, 0xAF, 0xFF, 0xFF, 0xF7, 0x00, 0x00, 0x00, 0x00, 0x00, 0x1B, 0xFF, 0xFF, 0xFF, 0x60,
    0x00, 0x00, 0x00, 0x00, 0x00, 0x5F, 0xFF, 0xFF, 0xFF, 0xFF, 0xFF, 0xFF, 0xFF, 0xFF, 0xB0, 0x5F,
    0xFF, 0xFF, 0xFF, 0xFF, 0xFF, 0xFF, 0xFF, 0xFF, 0xB0, 0x5F, 0xFF, 0xFF, 0xFF, 0xFF, 0xFF, 0xFF,
    0xFF, 0xFF, 0xB0, 0x5F, 0xFF, 0xFF, 0xFF, 0xFF, 0xFF, 0xFF, 0xFF, 0xFF, 0xB0, 0x5F, 0xFF, 0xFF,
    0xFF, 0xFF, 0xFF, 0xFF, 0xFF, 0xFF, 0xB0, 0x0A, 0xFF, 0xFF, 0xFF, 0xFF, 0xEC, 0xA6, 0x20, 0x00,
    0x00, 0x0A, 0xFF, 0xFF, 0xFF, 0xFF, 0xFF, 0xFF, 0xF9, 0x10, 0x00, 0x0A, 0xFF, 0xFF, 0xFF, 0xFF,
    0xFF, 0xFF, 0xFF, 0xC1, 0x00, 0x0A, 0xFF, 0xFF, 0xFF, 0xFF, 0xFF, 0xFF, 0xFF, 0xF9, 0x00, 0x09,
    0xB7, 0x43, 0x10, 0x24, 0xBF, 0xFF, 0xFF, 0xFF, 0x10, 0x00, 0x00, 0x00, 0x00, 0x00, 0x0A, 0xFF,
    0xFF, 0xFF, 0x40, 0x00, 0x00, 0x00, 0x00, 0x00, 0x02, 0xFF, 0xFF, 0xFF, 0x50, 0x00, 0x00, 0x00,
    0x00, 0x00, 0x01, 0xFF, 0xFF, 0xFF, 0x50, 0x00, 0x00, 0x00, 0x00, 0x00, 0x02, 0xFF, 0xFF, 0xFF,
    0x20, 0x00, 0x00, 0x00, 0x00, 0x00, 0x09, 0xFF, 0xFF, 0xFB, 0x00, 0x00, 0x00, 0x00, 0x00, 0x14,
    0xBF, 0xFF, 0xFF, 0xE2, 0x00, 0x00, 0x00, 0x7F, 0xFF, 0xFF, 0xFF, 0xFF, 0xFB, 0x20, 0x00, 0x00,
    0x00, 0x7F, 0xFF, 0xFF, 0xFF, 0xFF, 0x91, 0x00, 0x00, 0x00, 0x00, 0x7F, 0xFF, 0xFF, 0xFF, 0xFF,
    0xFE, 0x70, 0x00, 0x00, 0x00, 0x7F, 0xFF, 0xFF, 0xFF, 0xFF, 0xFF, 0xF9, 0x00, 0x00, 0x00, 0x00,
    0x00, 0x13, 0x7E, 0xFF, 0xFF, 0xFF, 0x50, 0x00, 0x00, 0x00, 0x00, 0x00, 0x01, 0xDF, 0xFF, 0xFF,
    0xB0, 0x00, 0x00, 0x00, 0x00, 0x00, 0x00, 0x8F, 0xFF, 0xFF, 0xE0, 0x00, 0x00, 0x00, 0x00, 0x00,
    0x00, 0x8F, 0xFF, 0xFF, 0xE0, 0x96, 0x00, 0x00, 0x00, 0x00, 0x01, 0xDF, 0xFF, 0xFF, 0xC0, 0xBF,
    0xE9, 0x52, 0x10, 0x13, 0x7E, 0xFF, 0xFF, 0xFF, 0x70, 0xBF, 0xFF, 0xFF, 0xFF, 0xFF, 0xFF, 0xFF,
    0xFF, 0xFD, 0x10, 0xBF, 0xFF, 0xFF, 0xFF, 0xFF, 0xFF, 0xFF, 0xFF, 0xD3, 0x00, 0xBF, 0xFF, 0xFF,
    0xFF, 0xFF, 0xFF, 0xFF, 0xE9, 0x10, 0x00, 0x14, 0x7A, 0xCD, 0xEF, 0xFE, 0xDB, 0x95, 0x10, 0x00,
    0x00, 0x00, 0x00, 0x00, 0x00, 0x00, 0xDF, 0xFF, 0xFF, 0xF8, 0x00, 0x00, 0x00, 0x00, 0x00, 0x00,
    0x08, 0xFF, 0xFF, 0xFF, 0xF8, 0x00, 0x00, 0x00, 0x00, 0x00, 0x00, 0x3F, 0xFF, 0xFF, 0xFF, 0xF8,
    0x00, 0x00, 0x00, 0x00, 0x00, 0x00, 0xCF, 0xFF, 0xFF, 0xFF, 0xF8, 0x00, 0x00, 0x00, 0x00, 0x00,
    0x07, 0xFF, 0xFF, 0xFF, 0xFF, 0xF8, 0x00, 0x00, 0x00, 0x00, 0x00, 0x2E, 0xFF, 0xFD, 0xFF, 0xFF,
    0xF8, 0x00, 0x00, 0x00, 0x00, 0x00, 0xBF, 0xFF, 0xC7, 0xFF, 0xFF, 0xF8, 0x00, 0x00, 0x00, 0x00,
    0x06, 0xFF, 0xFF, 0x27, 0xFF, 0xFF, 0xF8, 0x00, 0x00, 0x00, 0x00, 0x2E, 0xFF, 0xF7, 0x07, 0xFF,
    0xFF, 0xF8, 0x00, 0x00, 0x00, 0x00, 0xAF, 0xFF, 0xC0, 0x07, 0xFF, 0xFF, 0xF8, 0x00, 0x00, 0x00,
    0x05, 0xFF, 0xFF, 0x30, 0x07, 0xFF, 0xFF, 0xF8, 0x00, 0x00, 0x00, 0x1E, 0xFF, 0xF7, 0x00, 0x07,
    0xFF, 0xFF, 0xF8, 0x00, 0x00, 0x00, 0xAF, 0xFF, 0xC0, 0x00, 0x07, 0xFF, 0xFF, 0xF8, 0x00, 0x00,
    0x04, 0xFF, 0xFF, 0x30, 0x00, 0x07, 0xFF, 0xFF, 0xF8, 0x00, 0x00, 0x1D, 0xFF, 0xF8, 0x00, 0x00,
    0x07, 0xFF, 0xFF, 0xF8, 0x00, 0x00, 0x7F, 0xFF, 0xC0, 0x00, 0x00, 0x07, 0xFF, 0xFF, 0xF8, 0x00,
    0x00, 0x7F, 0xFF, 0xFF, 0xFF, 0xFF, 0xFF, 0xFF, 0xFF, 0xFF, 0xFF, 0xF1, 0x7F, 0xFF, 0xFF, 0xFF,
    0xFF, 0xFF, 0xFF, 0xFF, 0xFF, 0xFF, 0xF1, 0x7F, 0xFF, 0xFF, 0xFF, 0xFF, 0xFF, 0xFF, 0xFF, 0xFF,
    0xFF, 0xF1, 0x7F, 0xFF, 0xFF, 0xFF, 0xFF, 0xFF, 0xFF, 0xFF, 0xFF, 0xFF, 0xF1, 0x7F, 0xFF, 0xFF,
    0xFF, 0xFF, 0xFF, 0xFF, 0xFF, 0xFF, 0xFF, 0xF1, 0x00, 0x00, 0x00, 0x00, 0x00, 0x07, 0xFF, 0xFF,
    0xF8, 0x00, 0x00, 0x00, 0x00, 0x00, 0x00, 0x00, 0x07, 0xFF, 0xFF, 0xF8, 0x00, 0x00, 0x00, 0x00,
    0x00, 0x00, 0x00, 0x07, 0xFF, 0xFF, 0xF8, 0x00, 0x00, 0x00, 0x00, 0x00, 0x00, 0x00, 0x07, 0xFF,
    0xFF, 0xF8, 0x00, 0x00, 0x06, 0xFF, 0xFF, 0xFF, 0xFF, 0xFF, 0xFF, 0xFF, 0xF7, 0x00, 0x06, 0xFF,
    0xFF, 0xFF, 0xFF, 0xFF, 0xFF, 0xFF, 0xF7, 0x00, 0x06, 0xFF, 0xFF, 0xFF, 0xFF, 0xFF, 0xFF, 0xFF,
    0xF7, 0x00, 0x06, 0xFF, 0xFF, 0xFF, 0xFF, 0xFF, 0xFF, 0xFF, 0xF7, 0x00, 0x06, 0xFF, 0xFF, 0xFF,
    0xFF, 0xFF, 0xFF, 0xFF, 0xF7, 0x00, 0x06, 0xFF, 0xFF, 0xB0, 0x00, 0x00, 0x00, 0x00, 0x00, 0x00,
    0x06, 0xFF, 0xFF, 0xB0, 0x00, 0x00, 0x00, 0x00, 0x00, 0x00, 0x06, 0xFF, 0xFF, 0xB0, 0x00, 0x00,
    0x00, 0x00, 0x00, 0x00, 0x06, 0xFF, 0xFF, 0xDC, 0xEF, 0xED, 0xB7, 0x20, 0x00, 0x00, 0x06, 0xFF,
    0xFF, 0xFF, 0xFF, 0xFF, 0xFF, 0xF9, 0x10, 0x00, 0x06, 0xFF, 0xFF, 0xFF, 0xFF, 0xFF, 0xFF, 0xFF,
    0xD1, 0x00, 0x06, 0xFF, 0xFF, 0xFF, 0xFF, 0xFF, 0xFF, 0xFF, 0xFC, 0x00, 0x06, 0xC8, 0x53, 0x20,
    0x13, 0x8F, 0xFF, 0xFF, 0xFF, 0x60, 0x00, 0x00, 0x00, 0x00, 0x00, 0x04, 0xFF, 0xFF, 0xFF, 0xC0,
    0x00, 0x00, 0x00, 0x00, 0x00, 0x00, 0x8F, 0xFF, 0xFF, 0xF1, 0x00, 0x00, 0x00, 0x00, 0x00, 0x00,
    0x3F, 0xFF, 0xFF, 0xF3, 0x00, 0x00, 0x00, 0x00, 0x00, 0x00, 0x2F, 0xFF, 0xFF, 0xF4, 0x00, 0x00,
    0x00, 0x00, 0x00, 0x00, 0x3F, 0xFF, 0xFF, 0xF3, 0x00, 0x00, 0x00, 0x00, 0x00, 0x00, 0x8F, 0xFF,
    0xFF, 0xF1, 0x59, 0x30, 0x00, 0x00, 0x00, 0x04, 0xFF, 0xFF, 0xFF, 0xB0, 0x6F, 0xFC, 0x84, 0x20,
    0x13, 0x8F, 0xFF, 0xFF, 0xFF, 0x50, 0x6F, 0xFF, 0xFF, 0xFF, 0xFF, 0xFF, 0xFF, 0xFF, 0xFA, 0x00,
    0x6F, 0xFF, 0xFF, 0xFF, 0xFF, 0xFF, 0xFF, 0xFF, 0xB0, 0x00, 0x6F, 0xFF, 0xFF, 0xFF, 0xFF, 0xFF,
    0xFF, 0xE6, 0x00, 0x00, 0x02, 0x58, 0xBC, 0xDE, 0xFF, 0xEC, 0x95, 0x00, 0x00, 0x00, 0x00, 0x00,
    0x00, 0x15, 0x9C, 0xDF, 0xFF, 0xFF, 0xFF, 0x30, 0x00, 0x00, 0x06, 0xEF, 0xFF, 0xFF, 0xFF, 0xFF,
    0xFF, 0x30, 0x00, 0x01, 0xBF, 0xFF, 0xFF, 0xFF, 0xFF, 0xFF, 0xFF, 0x30, 0x00, 0x0C, 0xFF, 0xFF,
    0xFF, 0xFF, 0xFF, 0xFF, 0xFF, 0x30, 0x00, 0x9F, 0xFF, 0xFF, 0xE8, 0x41, 0x01, 0x35, 0x8C, 0x30,
    0x04, 0xFF, 0xFF, 0xFD, 0x20, 0x00, 0x00, 0x00, 0x00, 0x00, 0x0A, 0xFF, 0xFF, 0xF3, 0x00, 0x00,
    0x00, 0x00, 0x00, 0x00, 0x2F, 0xFF, 0xFF, 0xA0, 0x00, 0x00, 0x00, 0x00, 0x00, 0x00, 0x5F, 0xFF,
    0xFF, 0x62, 0x8C, 0xEF, 0xEC, 0x82, 0x00, 0x00, 0x9F, 0xFF, 0xFF, 0xBF, 0xFF, 0xFF, 0xFF, 0xFF,
    0x80, 0x00, 0xBF, 0xFF, 0xFF, 0xFF, 0xFF, 0xFF, 0xFF, 0xFF, 0xFA, 0x00, 0xCF, 0xFF, 0xFF, 0xFF,
    0xFF, 0xFF, 0xFF, 0xFF, 0xFF, 0x80, 0xDF, 0xFF, 0xFF, 0xFF, 0x81, 0x03, 0xBF, 0xFF, 0xFF, 0xE1,
    0xDF, 0xFF, 0xFF, 0xF9, 0x00, 0x00, 0x1E, 0xFF, 0xFF, 0xF6, 0xCF, 0xFF, 0xFF, 0xF3, 0x00, 0x00,
    0x09, 0xFF, 0xFF, 0xFA, 0xBF, 0xFF, 0xFF, 0xF0, 0x00, 0x00, 0x06, 0xFF, 0xFF, 0xFC, 0x8F, 0xFF,
    0xFF, 0xF0, 0x00, 0x00, 0x05, 0xFF, 0xFF, 0xFC, 0x5F, 0xFF, 0xFF, 0xF0, 0x00, 0x00, 0x06, 0xFF,
    0xFF, 0xFB, 0x1E, 0xFF, 0xFF, 0xF3, 0x00, 0x00, 0x09, 0xFF, 0xFF, 0xF8, 0x0A, 0xFF, 0xFF, 0xF9,
    0x00, 0x00, 0x1E, 0xFF, 0xFF, 0xF4, 0x02, 0xFF, 0xFF, 0xFF, 0x81, 0x03, 0xBF, 0xFF, 0xFF, 0xC0,
    0x00, 0x7F, 0xFF, 0xFF, 0xFF, 0xFF, 0xFF, 0xFF, 0xFE, 0x30, 0x00, 0x08, 0xFF, 0xFF, 0xFF, 0xFF,
    0xFF, 0xFF, 0xE4, 0x00, 0x00, 0x00, 0x6E, 0xFF, 0xFF, 0xFF, 0xFF, 0xFC, 0x20, 0x00, 0x00, 0x00,
    0x01, 0x6A, 0xDE, 0xFE, 0xC8, 0x40, 0x00, 0x00, 0xBF, 0xFF, 0xFF, 0xFF, 0xFF, 0xFF, 0xFF, 0xFF,
    0xFF, 0xE0, 0xBF, 0xFF, 0xFF, 0xFF, 0xFF, 0xFF, 0xFF, 0xFF, 0xFF, 0xE0, 0xBF, 0xFF, 0xFF, 0xFF,
    0xFF, 0xFF, 0xFF, 0xFF, 0xFF, 0xE0, 0xBF, 0xFF, 0xFF, 0xFF, 0xFF, 0xFF, 0xFF, 0xFF, 0xFF, 0xE0,
    0xBF, 0xFF, 0xFF, 0xFF, 0xFF, 0xFF, 0xFF, 0xFF, 0xFF, 0x80, 0x00, 0x00, 0x00, 0x00, 0x00, 0x01,
    0xEF, 0xFF, 0xFF, 0x20, 0x00, 0x00, 0x00, 0x00, 0x00, 0x07, 0xFF, 0xFF, 0xFA, 0x00, 0x00, 0x00,
    0x00, 0x00, 0x00, 0x0E, 0xFF, 0xFF, 0xF3, 0x00, 0x00, 0x00, 0x00, 0x00, 0x00, 0x6F, 0xFF, 0xFF,
    0xB0, 0x00, 0x00, 0x00, 0x00, 0x00, 0x00, 0xDF, 0xFF, 0xFF, 0x50, 0x00, 0x00, 0x00, 0x00, 0x00,
    0x05, 0xFF, 0xFF, 0xFD, 0x00, 0x00, 0x00, 0x00, 0x00, 0x00, 0x0B, 0xFF, 0xFF, 0xF6, 0x00, 0x00,
    0x00, 0x00, 0x00, 0x00, 0x3F, 0xFF, 0xFF, 0xE0, 0x00, 0x00, 0x00, 0x00, 0x00, 0x00, 0xAF, 0xFF,
    0xFF, 0x70, 0x00, 0x00, 0x00, 0x00, 0x00, 0x02, 0xFF, 0xFF, 0xFE, 0x10, 0x00, 0x00, 0x00, 0x00,
    0x00, 0x09, 0xFF, 0xFF, 0xF9, 0x00, 0x00, 0x00, 0x00, 0x00, 0x00, 0x1E, 0xFF, 0xFF, 0xF2, 0x00,
    0x00, 0x00, 0x00, 0x00, 0x00, 0x8F, 0xFF, 0xFF, 0xA0, 0x00, 0x00, 0x00, 0x00, 0x00, 0x01, 0xEF,
    0xFF, 0xFF, 0x40, 0x00, 0x00, 0x00, 0x00, 0x00, 0x06, 0xFF, 0xFF, 0xFC, 0x00, 0x00, 0x00, 0x00,
    0x00, 0x00, 0x0D, 0xFF, 0xFF, 0xF5, 0x00, 0x00, 0x00, 0x00, 0x00, 0x00, 0x5F, 0xFF, 0xFF, 0xD0,
    0x00, 0x00, 0x00, 0x00, 0x00, 0x00, 0xCF, 0xFF, 0xFF, 0x60, 0x00, 0x00, 0x00, 0x00, 0x00, 0x04,
    0xFF, 0xFF, 0xFE, 0x10, 0x00, 0x00, 0x00, 0x00, 0x00, 0x0B, 0xFF, 0xFF, 0xF8, 0x00, 0x00, 0x00,
    0x00, 0x00, 0x00, 0x00, 0x27, 0xAD, 0xEF, 0xFE, 0xCA, 0x51, 0x00, 0x00, 0x00, 0x1A, 0xFF, 0xFF,
    0xFF, 0xFF, 0xFF, 0xFE, 0x70, 0x00, 0x02, 0xDF, 0xFF, 0xFF, 0xFF, 0xFF, 0xFF, 0xFF, 0xF9, 0x00,
    0x0A, 0xFF, 0xFF, 0xFF, 0xFF, 0xFF, 0xFF, 0xFF, 0xFF, 0x50, 0x2F, 0xFF, 0xFF, 0xFC, 0x41, 0x16,
    0xEF, 0xFF, 0xFF, 0xB0, 0x4F, 0xFF, 0xFF, 0xE1, 0x00, 0x00, 0x6F, 0xFF, 0xFF, 0xE0, 0x5F, 0xFF,
    0xFF, 0xB0, 0x00, 0x00, 0x2F, 0xFF, 0xFF, 0xF0, 0x4F, 0xFF, 0xFF, 0xB0, 0x00, 0x00, 0x2F, 0xFF,
    0xFF, 0xD0, 0x1E, 0xFF, 0xFF, 0xE1, 0x00, 0x00, 0x6F, 0xFF, 0xFF, 0x90, 0x07, 0xFF, 0xFF, 0xFC,
    0x41, 0x16, 0xEF, 0xFF, 0xFE, 0x20, 0x00, 0x8F, 0xFF, 0xFF, 0xFF, 0xFF, 0xFF, 0xFF, 0xE3, 0x00,
    0x00, 0x03, 0xAF, 0xFF, 0xFF, 0xFF, 0xFF, 0xE7, 0x10, 0x00, 0x00, 0x17, 0xDF, 0xFF, 0xFF, 0xFF,
    0xFF, 0xFB, 0x40, 0x00, 0x02, 0xDF, 0xFF, 0xFF, 0xFF, 0xFF, 0xFF, 0xFF, 0xF9, 0x00, 0x1D, 0xFF,
    0xFF, 0xFA, 0x31, 0x15, 0xDF, 0xFF, 0xFF, 0x80, 0x7F, 0xFF, 0xFF, 0xA0, 0x00, 0x00, 0x2E, 0xFF,
    0xFF, 0xF2, 0xCF, 0xFF, 0xFF, 0x40, 0x00, 0x00, 0x0A, 0xFF, 0xFF, 0xF6, 0xDF, 0xFF, 0xFF, 0x20,
    0x00, 0x00, 0x08, 0xFF, 0xFF, 0xF8, 0xDF, 0xFF, 0xFF, 0x40, 0x00, 0x00, 0x0A, 0xFF, 0xFF, 0xF7,
    0xBF, 0xFF, 0xFF, 0xA0, 0x00, 0x00, 0x2E, 0xFF, 0xFF, 0xF5, 0x7F, 0xFF, 0xFF, 0xFA, 0x31, 0x15,
    0xDF, 0xFF, 0xFF, 0xF1, 0x1E, 0xFF, 0xFF, 0xFF, 0xFF, 0xFF, 0xFF, 0xFF, 0xFF, 0x90, 0x04, 0xEF,
    0xFF, 0xFF, 0xFF, 0xFF, 0xFF, 0xFF, 0xFC, 0x10, 0x00, 0x3B, 0xFF, 0xFF, 0xFF, 0xFF, 0xFF, 0xFF,
    0x81, 0x00, 0x00, 0x00, 0x38, 0xBD, 0xEF, 0xFE, 0xCA, 0x61, 0x00, 0x00, 0x00, 0x00, 0x01, 0x6A,
    0xDE, 0xFD, 0xC8, 0x30, 0x00, 0x00, 0x00, 0x00, 0x00, 0x6E, 0xFF, 0xFF, 0xFF, 0xFF, 0xFB, 0x20,
    0x00, 0x00, 0x00, 0x0A, 0xFF, 0xFF, 0xFF, 0xFF, 0xFF, 0xFF, 0xE3, 0x00, 0x00, 0x00, 0x8F, 0xFF,
    0xFF, 0xFF, 0xFF, 0xFF, 0xFF, 0xFE, 0x10, 0x00, 0x03, 0xFF, 0xFF, 0xFF, 0x71, 0x03, 0xCF, 0xFF,
    0xFF, 0xA0, 0x00, 0x0A, 0xFF, 0xFF, 0xF8, 0x00, 0x00, 0x1E, 0xFF, 0xFF, 0xF3, 0x00, 0x0E, 0xFF,
    0xFF, 0xF2, 0x00, 0x00, 0x09, 0xFF, 0xFF, 0xF9, 0x00, 0x2F, 0xFF, 0xFF, 0xF0, 0x00, 0x00, 0x06,
    0xFF, 0xFF, 0xFE, 0x00, 0x3F, 0xFF, 0xFF, 0xE0, 0x00, 0x00, 0x05, 0xFF, 0xFF, 0xFF, 0x20, 0x3F,
    0xFF, 0xFF, 0xF0, 0x00, 0x00, 0x06, 0xFF, 0xFF, 0xFF, 0x50, 0x1F, 0xFF, 0xFF, 0xF2, 0x00, 0x00,
    0x09, 0xFF, 0xFF, 0xFF, 0x60, 0x0D, 0xFF, 0xFF, 0xF8, 0x00, 0x00, 0x1E, 0xFF, 0xFF, 0xFF, 0x70,
    0x07, 0xFF, 0xFF, 0xFF, 0x71, 0x03, 0xCF, 0xFF, 0xFF, 0xFF, 0x70, 0x01, 0xDF, 0xFF, 0xFF, 0xFF,
    0xFF, 0xFF, 0xFF, 0xFF, 0xFF, 0x60, 0x00, 0x3E, 0xFF, 0xFF, 0xFF, 0xFF, 0xFF, 0xFF, 0xFF, 0xFF,
    0x50, 0x00, 0x02, 0xCF, 0xFF, 0xFF, 0xFF, 0xFD, 0xDF, 0xFF, 0xFF, 0x30, 0x00, 0x00, 0x04, 0x9D,
    0xEF, 0xEB, 0x61, 0xCF, 0xFF, 0xFE, 0x00, 0x00, 0x00, 0x00, 0x00, 0x00, 0x00, 0x01, 0xFF, 0xFF,
    0xFA, 0x00, 0x00, 0x00, 0x00, 0x00, 0x00, 0x00, 0x09, 0xFF, 0xFF, 0xF4, 0x00, 0x00, 0x00, 0x00,
    0x00, 0x00, 0x00, 0x6F, 0xFF, 0xFF, 0xC0, 0x00, 0x00, 0x8B, 0x74, 0x21, 0x02, 0x5B, 0xFF, 0xFF,
    0xFF, 0x30, 0x00, 0x00, 0x9F, 0xFF, 0xFF, 0xFF, 0xFF, 0xFF, 0xFF, 0xF6, 0x00, 0x00, 0x00, 0x9F,
    0xFF, 0xFF, 0xFF, 0xFF, 0xFF, 0xFF, 0x50, 0x00, 0x00, 0x00, 0x9F, 0xFF, 0xFF, 0xFF, 0xFF, 0xFF,
    0xB3, 0x00, 0x00, 0x00, 0x00, 0x9F, 0xFF, 0xFF, 0xFE, 0xDB, 0x73, 0x00, 0x00, 0x00, 0x00, 0x3F,
    0xFF, 0xFF, 0xC0, 0x3F, 0xFF, 0xFF, 0xC0, 0x3F, 0xFF, 0xFF, 0xC0, 0x3F, 0xFF, 0xFF, 0xC0, 0x3F,
    0xFF, 0xFF, 0xC0, 0x3F, 0xFF, 0xFF, 0xC0, 0x00, 0x00, 0x00, 0x00, 0x00, 0x00, 0x00, 0x00, 0x00,
    0x00, 0x00, 0x00, 0x00, 0x00, 0x00, 0x00, 0x00, 0x00, 0x00, 0x00, 0x00, 0x00, 0x00, 0x00, 0x00,
    0x00, 0x00, 0x00, 0x3F, 0xFF, 0xFF, 0xC0, 0x3F, 0xFF, 0xFF, 0xC0, 0x3F, 0xFF, 0xFF, 0xC0, 0x3F,
    0xFF, 0xFF, 0xC0, 0x3F, 0xFF, 0xFF, 0xC0, 0x3F, 0xFF, 0xFF, 0xC0, 0x03, 0xFF, 0xFF, 0xFC, 0x03,
    0xFF, 0xFF, 0xFC, 0x03, 0xFF, 0xFF, 0xFC, 0x03, 0xFF, 0xFF, 0xFC, 0x03, 0xFF, 0xFF, 0xFC, 0x03,
    0xFF, 0xFF, 0xFC, 0x00, 0x00, 0x00, 0x00, 0x00, 0x00, 0x00, 0x00, 0x00, 0x00, 0x00, 0x00, 0x00,
    0x00, 0x00, 0x00, 0x00, 0x00, 0x00, 0x00, 0x00, 0x00, 0x00, 0x00, 0x00, 0x00, 0x00, 0x00, 0x03,
    0xFF, 0xFF, 0xFC, 0x03, 0xFF, 0xFF, 0xFC, 0x03, 0xFF, 0xFF, 0xFC, 0x03, 0xFF, 0xFF, 0xFC, 0x03,
    0xFF, 0xFF, 0xFC, 0x05, 0xFF, 0xFF, 0xF6, 0x09, 0xFF, 0xFF, 0xB0, 0x0E, 0xFF, 0xFE, 0x20, 0x3F,
    0xFF, 0xF6, 0x00, 0x7F, 0xFF, 0xA0, 0x00, 0xBF, 0xFE, 0x10, 0x00, 0x00, 0x00, 0x00, 0x00, 0x00,
    0x00, 0x00, 0x00, 0x00, 0x02, 0x8B, 0x00, 0x00, 0x00, 0x00, 0x00, 0x00, 0x00, 0x00, 0x17, 0xCF,
    0xFD, 0x00, 0x00, 0x00, 0x00, 0x00, 0x00, 0x01, 0x5B, 0xFF, 0xFF, 0xFD, 0x00, 0x00, 0x00, 0x00,
    0x00, 0x04, 0xAE, 0xFF, 0xFF, 0xFF, 0xFD, 0x00, 0x00, 0x00, 0x00, 0x39, 0xEF, 0xFF, 0xFF, 0xFF,
    0xFD, 0x93, 0x00, 0x00, 0x02, 0x8D, 0xFF, 0xFF, 0xFF, 0xFF, 0xE9, 0x40, 0x00, 0x00, 0x27, 0xCF,
    0xFF, 0xFF, 0xFF, 0xFE, 0x94, 0x00, 0x00, 0x00, 0x3B, 0xFF, 0xFF, 0xFF, 0xFF, 0xE9, 0x40, 0x00,
    0x00, 0x00, 0x00, 0x6F, 0xFF, 0xFF, 0xFE, 0x94, 0x00, 0x00, 0x00, 0x00, 0x00, 0x00, 0x6F, 0xFF,
    0xFF, 0x91, 0x00, 0x00, 0x00, 0x00, 0x00, 0x00, 0x00, 0x6F, 0xFF, 0xFF, 0xFE, 0x94, 0x00, 0x00,
    0x00, 0x00, 0x00, 0x00, 0x3B, 0xFF, 0xFF, 0xFF, 0xFF, 0xE9, 0x40, 0x00, 0x00, 0x00, 0x00, 0x00,
    0x27, 0xCF, 0xFF, 0xFF, 0xFF, 0xFE, 0x94, 0x00, 0x00, 0x00, 0x00, 0x00, 0x02, 0x8D, 0xFF, 0xFF,
    0xFF, 0xFF, 0xE9, 0x40, 0x00, 0x00, 0x00, 0x00, 0x00, 0x39, 0xEF, 0xFF, 0xFF, 0xFF, 0xFD, 0x83,
    0x00, 0x00, 0x00, 0x00, 0x00, 0x05, 0xAE, 0xFF, 0xFF, 0xFF, 0xFD, 0x00, 0x00, 0x00, 0x00, 0x00,
    0x00, 0x01, 0x6B, 0xFF, 0xFF, 0xFD, 0x00, 0x00, 0x00, 0x00, 0x00, 0x00, 0x00, 0x00, 0x17, 0xCF,
    0xFD, 0x00, 0x00, 0x00, 0x00, 0x00, 0x00, 0x00, 0x00, 0x00, 0x02, 0x8B, 0x6F, 0xFF, 0xFF, 0xFF,
    0xFF, 0xFF, 0xFF, 0xFF, 0xFF, 0xFF, 0xFD, 0x6F, 0xFF, 0xFF, 0xFF, 0xFF, 0xFF, 0xFF, 0xFF, 0xFF,
    0xFF, 0xFD, 0x6F, 0xFF, 0xFF, 0xFF, 0xFF, 0xFF, 0xFF, 0xFF, 0xFF, 0xFF, 0xFD, 0x6F, 0xFF, 0xFF,
    0xFF, 0xFF, 0xFF, 0xFF, 0xFF, 0xFF, 0xFF, 0xFD, 0x00, 0x00, 0x00, 0x00, 0x00, 0x00, 0x00, 0x00,
    0x00, 0x00, 0x00, 0x00, 0x00, 0x00, 0x00, 0x00, 0x00, 0x00, 0x00, 0x00, 0x00, 0x00, 0x00, 0x00,
    0x00, 0x00, 0x00, 0x00, 0x00, 0x00, 0x00, 0x00, 0x00, 0x00, 0x00, 0x00, 0x00, 0x00, 0x00, 0x00,
    0x00, 0x00, 0x00, 0x00, 0x6F, 0xFF, 0xFF, 0xFF, 0xFF, 0xFF, 0xFF, 0xFF, 0xFF, 0xFF, 0xFD, 0x6F,
    0xFF, 0xFF, 0xFF, 0xFF, 0xFF, 0xFF, 0xFF, 0xFF, 0xFF, 0xFD, 0x6F, 0xFF, 0xFF, 0xFF, 0xFF, 0xFF,
    0xFF, 0xFF, 0xFF, 0xFF, 0xFD, 0x6F, 0xFF, 0xFF, 0xFF, 0xFF, 0xFF, 0xFF, 0xFF, 0xFF, 0xFF, 0xFD,
    0x5A, 0x50, 0x00, 0x00, 0x00, 0x00, 0x00, 0x00, 0x00, 0x00, 0x00, 0x6F, 0xFE, 0x94, 0x00, 0x00,
    0x00, 0x00, 0x00, 0x00, 0x00, 0x00, 0x6F, 0xFF, 0xFF, 0xD8, 0x30, 0x00, 0x00, 0x00, 0x00, 0x00,
    0x00, 0x6F, 0xFF, 0xFF, 0xFF, 0xFC, 0x72, 0x00, 0x00, 0x00, 0x00, 0x00, 0x16, 0xBF, 0xFF, 0xFF,
    0xFF, 0xFF, 0xB6, 0x10, 0x00, 0x00, 0x00, 0x00, 0x01, 0x6B, 0xFF, 0xFF, 0xFF, 0xFF, 0xFA, 0x51,
    0x00, 0x00, 0x00, 0x00, 0x00, 0x16, 0xCF, 0xFF, 0xFF, 0xFF, 0xFE, 0x94, 0x00, 0x00, 0x00, 0x00,
    0x00, 0x02, 0x7C, 0xFF, 0xFF, 0xFF, 0xFF, 0xE8, 0x00, 0x00, 0x00, 0x00, 0x00, 0x00, 0x27, 0xCF,
    0xFF, 0xFF, 0xFD, 0x00, 0x00, 0x00, 0x00, 0x00, 0x00, 0x00, 0x04, 0xDF, 0xFF, 0xFD, 0x00, 0x00,
    0x00, 0x00, 0x00, 0x00, 0x26, 0xCF, 0xFF, 0xFF, 0xFD, 0x00, 0x00, 0x00, 0x00, 0x01, 0x6B, 0xFF,
    0xFF, 0xFF, 0xFF, 0xE8, 0x00, 0x00, 0x00, 0x16, 0xBF, 0xFF, 0xFF, 0xFF, 0xFE, 0x94, 0x00, 0x00,
    0x01, 0x6B, 0xFF, 0xFF, 0xFF, 0xFF, 0xFB, 0x51, 0x00, 0x00, 0x16, 0xBF, 0xFF, 0xFF, 0xFF, 0xFF,
    0xC6, 0x10, 0x00, 0x00, 0x00, 0x6F, 0xFF, 0xFF, 0xFF, 0xFD, 0x72, 0x00, 0x00, 0x00, 0x00, 0x00,
    0x6F, 0xFF, 0xFF, 0xD8, 0x30, 0x00, 0x00, 0x00, 0x00, 0x00, 0x00, 0x6F, 0xFE, 0x94, 0x00, 0x00,
    0x00, 0x00, 0x00, 0x00, 0x00, 0x00, 0x5A, 0x50, 0x00, 0x00, 0x00, 0x00, 0x00, 0x00, 0x00, 0x00,
    0x00, 0x14, 0x7A, 0xCD, 0xEF, 0xEC, 0xA5, 0x00, 0x00, 0xAF, 0xFF, 0xFF, 0xFF, 0xFF, 0xFF, 0xD4,
    0x00, 0xAF, 0xFF, 0xFF, 0xFF, 0xFF, 0xFF, 0xFF, 0x40, 0xAF, 0xFF, 0xFF, 0xFF, 0xFF, 0xFF, 0xFF,
    0xD0, 0xAF, 0xE8, 0x41, 0x02, 0x9F, 0xFF, 0xFF, 0xF4, 0x86, 0x00, 0x00, 0x00, 0x0B, 0xFF, 0xFF,
    0xF7, 0x00, 0x00, 0x00, 0x00, 0x08, 0xFF, 0xFF, 0xF7, 0x00, 0x00, 0x00, 0x00, 0x0B, 0xFF, 0xFF,
    0xF6, 0x00, 0x00, 0x00, 0x00, 0x4F, 0xFF, 0xFF, 0xF2, 0x00, 0x00, 0x00, 0x03, 0xEF, 0xFF, 0xFF,
    0xA0, 0x00, 0x00, 0x00, 0x3E, 0xFF, 0xFF, 0xFE, 0x10, 0x00, 0x00, 0x03, 0xEF, 0xFF, 0xFF, 0xE3,
    0x00, 0x00, 0x00, 0x1D, 0xFF, 0xFF, 0xFE, 0x30, 0x00, 0x00, 0x00, 0x9F, 0xFF, 0xFF, 0xE3, 0x00,
    0x00, 0x00, 0x00, 0xEF, 0xFF, 0xFF, 0x40, 0x00, 0x00, 0x00, 0x02, 0xFF, 0xFF, 0xFD, 0x00, 0x00,
    0x00, 0x00, 0x03, 0xFF, 0xFF, 0xFC, 0x00, 0x00, 0x00, 0x00, 0x00, 0x00, 0x00, 0x00, 0x00, 0x00,
    0x00, 0x00, 0x00, 0x00, 0x00, 0x00, 0x00, 0x00, 0x00, 0x00, 0x03, 0xFF, 0xFF, 0xFC, 0x00, 0x00,
    0x00, 0x00, 0x03, 0xFF, 0xFF, 0xFC, 0x00, 0x00, 0x00, 0x00, 0x03, 0xFF, 0xFF, 0xFC, 0x00, 0x00,
    0x00, 0x00, 0x03, 0xFF, 0xFF, 0xFC, 0x00, 0x00, 0x00, 0x00, 0x03, 0xFF, 0xFF, 0xFC, 0x00, 0x00,
    0x00, 0x00, 0x03, 0xFF, 0xFF, 0xFC, 0x00, 0x00, 0x00, 0x00, 0x00, 0x00, 0x00, 0x00, 0x38, 0xBD,
    0xEF, 0xED, 0xA7, 0x20, 0x00, 0x00, 0x00, 0x00, 0x00, 0x00, 0x00, 0x00, 0x5D, 0xFF, 0xFF, 0xFF,
    0xFF, 0xFF, 0xFB, 0x40, 0x00, 0x00, 0x00, 0x00, 0x00, 0x00, 0x4C, 0xFF, 0xFF, 0xFF, 0xFF, 0xFF,
    0xFF, 0xFF, 0xFA, 0x10, 0x00, 0x00, 0x00, 0x00, 0x06, 0xFF, 0xFF, 0xE9, 0x52, 0x10, 0x13, 0x6B,
    0xFF, 0xFF, 0xD3, 0x00, 0x00, 0x00, 0x00, 0x8F, 0xFF, 0xE7, 0x10, 0x00, 0x00, 0x00, 0x00, 0x2B,
    0xFF, 0xFE, 0x20, 0x00, 0x00, 0x06, 0xFF, 0xFC, 0x20, 0x00, 0x00, 0x00, 0x00, 0x00, 0x00, 0x6F,
    0xFF, 0xD1, 0x00, 0x00, 0x3F, 0xFF, 0xB1, 0x00, 0x00, 0x00, 0x00, 0x00, 0x00, 0x00, 0x05, 0xFF,
    0xF9, 0x00, 0x00, 0xBF, 0xFD, 0x10, 0x00, 0x00, 0x00, 0x00, 0x00, 0x00, 0x00, 0x00, 0x6F, 0xFF,
    0x30, 0x04, 0xFF, 0xF3, 0x00, 0x00, 0x04, 0xAE, 0xFD, 0x81, 0x6F, 0xFF, 0x10, 0x0B, 0xFF, 0x90,
    0x0B, 0xFF, 0x90, 0x00, 0x00, 0x8F, 0xFF, 0xFF, 0xFD, 0x7F, 0xFF, 0x10, 0x04, 0xFF, 0xF0, 0x2F,
    0xFF, 0x30, 0x00, 0x07, 0xFF, 0xFF, 0xFF, 0xFF, 0xEF, 0xFF, 0x10, 0x00, 0xEF, 0xF4, 0x5F, 0xFD,
    0x00, 0x00, 0x2F, 0xFF, 0xF7, 0x11, 0x7F, 0xFF, 0xFF, 0x10, 0x00, 0xBF, 0xF7, 0x8F, 0xF9, 0x00,
    0x00, 0x8F, 0xFF, 0x80, 0x00, 0x07, 0xFF, 0xFF, 0x10, 0x00, 0x9F, 0xF8, 0xAF, 0xF7, 0x00, 0x00,
    0xCF, 0xFF, 0x10, 0x00, 0x01, 0xFF, 0xFF, 0x10, 0x00, 0x8F, 0xF9, 0xBF, 0xF6, 0x00, 0x00, 0xEF,
    0xFE, 0x00, 0x00, 0x00, 0xDF, 0xFF, 0x10, 0x00, 0x9F, 0xF8, 0xBF, 0xF6, 0x00, 0x00, 0xFF, 0xFC,
    0x00, 0x00, 0x00, 0xCF, 0xFF, 0x10, 0x00, 0xBF, 0xF6, 0xAF, 0xF7, 0x00, 0x00, 0xEF, 0xFE, 0x00,
    0x00, 0x00, 0xDF, 0xFF, 0x10, 0x01, 0xEF, 0xF2, 0x9F, 0xF9, 0x00, 0x00, 0xCF, 0xFF, 0x10, 0x00,
    0x01, 0xFF, 0xFF, 0x10, 0x07, 0xFF, 0xD0, 0x6F, 0xFD, 0x00, 0x00, 0x8F, 0xFF, 0x80, 0x00, 0x08,
    0xFF, 0xFF, 0x10, 0x3E, 0xFF, 0x60, 0x2F, 0xFF, 0x30, 0x00, 0x2F, 0xFF, 0xF7, 0x11, 0x6F, 0xFF,
    0xFF, 0x37, 0xEF, 0xFB, 0x00, 0x0C, 0xFF, 0xA0, 0x00, 0x08, 0xFF, 0xFF, 0xFF, 0xFF, 0xEF, 0xFF,
    0xFF, 0xFF, 0xC1, 0x00, 0x06, 0xFF, 0xF3, 0x00, 0x00, 0x9F, 0xFF, 0xFF, 0xFD, 0x7F, 0xFF, 0xFF,
    0xE8, 0x00, 0x00, 0x00, 0xDF, 0xFD, 0x10, 0x00, 0x04, 0xAE, 0xFD, 0x81, 0x6F, 0xFD, 0xA6, 0x10,
    0x00, 0x00, 0x00, 0x4F, 0xFF, 0xB0, 0x00, 0x00, 0x00, 0x00, 0x00, 0x00, 0x00, 0x00, 0x00, 0x00,
    0x00, 0x00, 0x08, 0xFF, 0xFC, 0x10, 0x00, 0x00, 0x00, 0x00, 0x00, 0x01, 0xA4, 0x00, 0x00, 0x00,
    0x00, 0x00, 0x9F, 0xFF, 0xE7, 0x00, 0x00, 0x00, 0x00, 0x00, 0x5D, 0xFD, 0x10, 0x00, 0x00, 0x00,
    0x00, 0x07, 0xFF, 0xFF, 0xE9, 0x52, 0x10, 0x24, 0x8D, 0xFF, 0xFF, 0x70, 0x00, 0x00, 0x00, 0x00,
    0x00, 0x4D, 0xFF, 0xFF, 0xFF, 0xFF, 0xFF, 0xFF, 0xFF, 0xF9, 0x10, 0x00, 0x00, 0x00, 0x00, 0x00,
    0x00, 0x6D, 0xFF, 0xFF, 0xFF, 0xFF, 0xFF, 0xF9, 0x30, 0x00, 0x00, 0x00, 0x00, 0x00, 0x00, 0x00,
    0x00, 0x48, 0xBE, 0xFF, 0xDC, 0x95, 0x10, 0x00, 0x00, 0x00, 0x00, 0x00, 0x00, 0x00, 0x00, 0x0D,
    0xFF, 0xFF, 0xFF, 0xF2, 0x00, 0x00, 0x00, 0x00, 0x00, 0x00, 0x00, 0x00, 0x3F, 0xFF, 0xFF, 0xFF,
    0xF8, 0x00, 0x00, 0x00, 0x00, 0x00, 0x00, 0x00, 0x00, 0x9F, 0xFF, 0xFF, 0xFF, 0xFD, 0x00, 0x00,
    0x00, 0x00, 0x00, 0x00, 0x00, 0x00, 0xEF, 0xFF, 0xFF, 0xFF, 0xFF, 0x40, 0x00, 0x00, 0x00, 0x00,
    0x00, 0x00, 0x05, 0xFF, 0xFF, 0xFF, 0xFF, 0xFF, 0x90, 0x00, 0x00, 0x00, 0x00, 0x00, 0x00, 0x0A,
    0xFF, 0xFF, 0xFF, 0xFF, 0xFF, 0xE1, 0x00, 0x00, 0x00, 0x00, 0x00, 0x00, 0x1F, 0xFF, 0xFF, 0xEA,
    0xFF, 0xFF, 0xF5, 0x00, 0x00, 0x00, 0x00, 0x00, 0x00, 0x6F, 0xFF, 0xFF, 0xA5, 0xFF, 0xFF, 0xFB,
    0x00, 0x00, 0x00, 0x00, 0x00, 0x00, 0xCF, 0xFF, 0xFF, 0x50, 0xEF, 0xFF, 0xFF, 0x10, 0x00, 0x00,
    0x00, 0x00, 0x02, 0xFF, 0xFF, 0xFE, 0x00, 0xAF, 0xFF, 0xFF, 0x70, 0x00, 0x00, 0x00, 0x00, 0x08,
    0xFF, 0xFF, 0xF9, 0x00, 0x5F, 0xFF, 0xFF, 0xC0, 0x00, 0x00, 0x00, 0x00, 0x0D, 0xFF, 0xFF, 0xF4,
    0x00, 0x0E, 0xFF, 0xFF, 0xF3, 0x00, 0x00, 0x00, 0x00, 0x4F, 0xFF, 0xFF, 0xE0, 0x00, 0x09, 0xFF,
    0xFF, 0xF8, 0x00, 0x00, 0x00, 0x00, 0x9F, 0xFF, 0xFF, 0x90, 0x00, 0x04, 0xFF, 0xFF, 0xFE, 0x00,
    0x00, 0x00, 0x00, 0xEF, 0xFF, 0xFF, 0x40, 0x00, 0x00, 0xEF, 0xFF, 0xFF, 0x40, 0x00, 0x00, 0x05,
    0xFF, 0xFF, 0xFE, 0x00, 0x00, 0x00, 0x9F, 0xFF, 0xFF, 0xA0, 0x00, 0x00, 0x0B, 0xFF, 0xFF, 0xFF,
    0xFF, 0xFF, 0xFF, 0xFF, 0xFF, 0xFF, 0xE1, 0x00, 0x00, 0x1F, 0xFF, 0xFF, 0xFF, 0xFF, 0xFF, 0xFF,
    0xFF, 0xFF, 0xFF, 0xF6, 0x00, 0x00, 0x7F, 0xFF, 0xFF, 0xFF, 0xFF, 0xFF, 0xFF, 0xFF, 0xFF, 0xFF,
    0xFB, 0x00, 0x00, 0xCF, 0xFF, 0xFF, 0xFF, 0xFF, 0xFF, 0xFF, 0xFF, 0xFF, 0xFF, 0xFF, 0x20, 0x03,
    0xFF, 0xFF, 0xFF, 0xFF, 0xFF, 0xFF, 0xFF, 0xFF, 0xFF, 0xFF, 0xFF, 0x70, 0x08, 0xFF, 0xFF, 0xFE,
    0x10, 0x00, 0x00, 0x00, 0x00, 0xAF, 0xFF, 0xFF, 0xD0, 0x0E, 0xFF, 0xFF, 0xF9, 0x00, 0x00, 0x00,
    0x00, 0x00, 0x4F, 0xFF, 0xFF, 0xF3, 0x4F, 0xFF, 0xFF, 0xF3, 0x00, 0x00, 0x00, 0x00, 0x00, 0x0D,
    0xFF, 0xFF, 0xF9, 0xAF, 0xFF, 0xFF, 0xC0, 0x00, 0x00, 0x00, 0x00, 0x00, 0x07, 0xFF, 0xFF, 0xFE,
    0xDF, 0xFF, 0xFF, 0xFF, 0xFF, 0xFE, 0xDA, 0x83, 0x00, 0x00, 0x00, 0xDF, 0xFF, 0xFF, 0xFF, 0xFF,
    0xFF, 0xFF, 0xFF, 0xC3, 0x00, 0x00, 0xDF, 0xFF, 0xFF, 0xFF, 0xFF, 0xFF, 0xFF, 0xFF, 0xFE, 0x30,
    0x00, 0xDF, 0xFF, 0xFF, 0xFF, 0xFF, 0xFF, 0xFF, 0xFF, 0xFF, 0xC0, 0x00, 0xDF, 0xFF, 0xFF, 0x80,
    0x00, 0x14, 0xDF, 0xFF, 0xFF, 0xF3, 0x00, 0xDF, 0xFF, 0xFF, 0x80, 0x00, 0x00, 0x3F, 0xFF, 0xFF,
    0xF6, 0x00, 0xDF, 0xFF, 0xFF, 0x80, 0x00, 0x00, 0x0E, 0xFF, 0xFF, 0xF7, 0x00, 0xDF, 0xFF, 0xFF,
    0x80, 0x00, 0x00, 0x0E, 0xFF, 0xFF, 0xF6, 0x00, 0xDF, 0xFF, 0xFF, 0x80, 0x00, 0x00, 0x3F, 0xFF,
    0xFF, 0xF3, 0x00, 0xDF, 0xFF, 0xFF, 0x80, 0x00, 0x14, 0xDF, 0xFF, 0xFF, 0xC0, 0x00, 0xDF, 0xFF,
    0xFF, 0xFF, 0xFF, 0xFF, 0xFF, 0xFF, 0xFE, 0x20, 0x00, 0xDF, 0xFF, 0xFF, 0xFF, 0xFF, 0xFF, 0xFF,
    0xFF, 0xB1, 0x00, 0x00, 0xDF, 0xFF, 0xFF, 0xFF, 0xFF, 0xFF, 0xFF, 0xFF, 0xFA, 0x10, 0x00, 0xDF,
    0xFF, 0xFF, 0xFF, 0xFF, 0xFF, 0xFF, 0xFF, 0xFF, 0xD2, 0x00, 0xDF, 0xFF, 0xFF, 0x80, 0x00, 0x12,
    0x8F, 0xFF, 0xFF, 0xFA, 0x00, 0xDF, 0xFF, 0xFF, 0x80, 0x00, 0x00, 0x06, 0xFF, 0xFF, 0xFF, 0x20,
    0xDF, 0xFF, 0xFF, 0x80, 0x00, 0x00, 0x00, 0xFF, 0xFF, 0xFF, 0x60, 0xDF, 0xFF, 0xFF, 0x80, 0x00,
    0x00, 0x00, 0xEF, 0xFF, 0xFF, 0x80, 0xDF, 0xFF, 0xFF, 0x80, 0x00, 0x00, 0x00, 0xFF, 0xFF, 0xFF,
    0x70, 0xDF, 0xFF, 0xFF, 0x80, 0x00, 0x00, 0x06, 0xFF, 0xFF, 0xFF, 0x50, 0xDF, 0xFF, 0xFF, 0x80,
    0x00, 0x02, 0x8F, 0xFF, 0xFF, 0xFF, 0x10, 0xDF, 0xFF, 0xFF, 0xFF, 0xFF, 0xFF, 0xFF, 0xFF, 0xFF,
    0xFA, 0x00, 0xDF, 0xFF, 0xFF, 0xFF, 0xFF, 0xFF, 0xFF, 0xFF, 0xFF, 0xC1, 0x00, 0xDF, 0xFF, 0xFF,
    0xFF, 0xFF, 0xFF, 0xFF, 0xFF, 0xF9, 0x10, 0x00, 0xDF, 0xFF, 0xFF, 0xFF, 0xFF, 0xFF, 0xEC, 0xA6,
    0x10, 0x00, 0x00, 0x00, 0x00, 0x00, 0x00, 0x26, 0x9C, 0xDE, 0xFE, 0xC9, 0x61, 0x00, 0x00, 0x00,
    0x00, 0x3A, 0xFF, 0xFF, 0xFF, 0xFF, 0xFF, 0xFF, 0x92, 0x00, 0x00, 0x08, 0xFF, 0xFF, 0xFF, 0xFF,
    0xFF, 0xFF, 0xFF, 0xFC, 0x00, 0x00, 0xBF, 0xFF, 0xFF, 0xFF, 0xFF, 0xFF, 0xFF, 0xFF, 0xFC, 0x00,
    0x0A, 0xFF, 0xFF, 0xFF, 0xFF, 0xFF, 0xFF, 0xFF, 0xFF, 0xFC, 0x00, 0x7F, 0xFF, 0xFF, 0xFF, 0xE8,
    0x41, 0x01, 0x25, 0x9E, 0xFC, 0x01, 0xEF, 0xFF, 0xFF, 0xFC, 0x10, 0x00, 0x00, 0x00, 0x00, 0x59,
    0x07, 0xFF, 0xFF, 0xFF, 0xC1, 0x00, 0x00, 0x00, 0x00, 0x00, 0x00, 0x0B, 0xFF, 0xFF, 0xFF, 0x30,
    0x00, 0x00, 0x00, 0x00, 0x00, 0x00, 0x1F, 0xFF, 0xFF, 0xFC, 0x00, 0x00, 0x00, 0x00, 0x00, 0x00,
    0x00, 0x2F, 0xFF, 0xFF, 0xF8, 0x00, 0x00, 0x00, 0x00, 0x00, 0x00, 0x00, 0x3F, 0xFF, 0xFF, 0xF6,
    0x00, 0x00, 0x00, 0x00, 0x00, 0x00, 0x00, 0x4F, 0xFF, 0xFF, 0xF5, 0x00, 0x00, 0x00, 0x00, 0x00,
    0x00, 0x00, 0x3F, 0xFF, 0xFF, 0xF6, 0x00, 0x00, 0x00, 0x00, 0x00, 0x00, 0x00, 0x2F, 0xFF, 0xFF,
    0xF8, 0x00, 0x00, 0x00, 0x00, 0x00, 0x00, 0x00, 0x1F, 0xFF, 0xFF, 0xFC, 0x00, 0x00, 0x00, 0x00,
    0x00, 0x00, 0x00, 0x0B, 0xFF, 0xFF, 0xFF, 0x30, 0x00, 0x00, 0x00, 0x00, 0x00, 0x00, 0x07, 0xFF,
    0xFF, 0xFF, 0xC1, 0x00, 0x00, 0x00, 0x00, 0x00, 0x00, 0x01, 0xEF, 0xFF, 0xFF, 0xFC, 0x10, 0x00,
    0x00, 0x00, 0x00, 0x59, 0x00, 0x7F, 0xFF, 0xFF, 0xFF, 0xE8, 0x41, 0x01, 0x25, 0x9E, 0xFC, 0x00,
    0x0A, 0xFF, 0xFF, 0xFF, 0xFF, 0xFF, 0xFF, 0xFF, 0xFF, 0xFC, 0x00, 0x01, 0xBF, 0xFF, 0xFF, 0xFF,
    0xFF, 0xFF, 0xFF, 0xFF, 0xFC, 0x00, 0x00, 0x08, 0xFF, 0xFF, 0xFF, 0xFF, 0xFF, 0xFF, 0xFF, 0xFC,
    0x00, 0x00, 0x00, 0x3A, 0xFF, 0xFF, 0xFF, 0xFF, 0xFF, 0xFF, 0x92, 0x00, 0x00, 0x00, 0x00, 0x26,
    0x9C, 0xDE, 0xFE, 0xC9, 0x61, 0x00, 0xDF, 0xFF, 0xFF, 0xFF, 0xFE, 0xDC, 0xB8, 0x52, 0x00, 0x00,
    0x00, 0x00, 0xDF, 0xFF, 0xFF, 0xFF, 0xFF, 0xFF, 0xFF, 0xFF, 0xB4, 0x00, 0x00, 0x00, 0xDF, 0xFF,
    0xFF, 0xFF, 0xFF, 0xFF, 0xFF, 0xFF, 0xFF, 0xA1, 0x00, 0x00, 0xDF, 0xFF, 0xFF, 0xFF, 0xFF, 0xFF,
    0xFF, 0xFF, 0xFF, 0xFC, 0x10, 0x00, 0xDF, 0xFF, 0xFF, 0xFF, 0xFF, 0xFF, 0xFF, 0xFF, 0xFF, 0xFF,
    0xC0, 0x00, 0xDF, 0xFF, 0xFF, 0x80, 0x01, 0x25, 0x9E, 0xFF, 0xFF, 0xFF, 0xF9, 0x00, 0xDF, 0xFF,
    0xFF, 0x80, 0x00, 0x00, 0x01, 0xAF, 0xFF, 0xFF, 0xFF, 0x20, 0xDF, 0xFF, 0xFF, 0x80, 0x00, 0x00,
    0x00, 0x0A, 0xFF, 0xFF, 0xFF, 0x90, 0xDF, 0xFF, 0xFF, 0x80, 0x00, 0x00, 0x00, 0x01, 0xEF, 0xFF,
    0xFF, 0xD0, 0xDF, 0xFF, 0xFF, 0x80, 0x00, 0x00, 0x00, 0x00, 0x9F, 0xFF, 0xFF, 0xF2, 0xDF, 0xFF,
    0xFF, 0x80, 0x00, 0x00, 0x00, 0x00, 0x5F, 0xFF, 0xFF, 0xF4, 0xDF, 0xFF, 0xFF, 0x80, 0x00, 0x00,
    0x00, 0x00, 0x3F, 0xFF, 0xFF, 0xF6, 0xDF, 0xFF, 0xFF, 0x80, 0x00, 0x00, 0x00, 0x00, 0x2F, 0xFF,
    0xFF, 0xF6, 0xDF, 0xFF, 0xFF, 0x80, 0x00, 0x00, 0x00, 0x00, 0x3F, 0xFF, 0xFF, 0xF6, 0xDF, 0xFF,
    0xFF, 0x80, 0x00, 0x00, 0x00, 0x00, 0x5F, 0xFF, 0xFF, 0xF4, 0xDF, 0xFF, 0xFF, 0x80, 0x00, 0x00,
    0x00, 0x00, 0x9F, 0xFF, 0xFF, 0xF2, 0xDF, 0xFF, 0xFF, 0x80, 0x00, 0x00, 0x00, 0x01, 0xEF, 0xFF,
    0xFF, 0xD0, 0xDF, 0xFF, 0xFF, 0x80, 0x00, 0x00, 0x00, 0x0B, 0xFF, 0xFF, 0xFF, 0x90, 0xDF, 0xFF,
    0xFF, 0x80, 0x00, 0x00, 0x01, 0xBF, 0xFF, 0xFF, 0xFF, 0x20, 0xDF, 0xFF, 0xFF, 0x80, 0x01, 0x25,
    0x9E, 0xFF, 0xFF, 0xFF, 0xF9, 0x00, 0xDF, 0xFF, 0xFF, 0xFF, 0xFF, 0xFF, 0xFF, 0xFF, 0xFF, 0xFF,
    0xC0, 0x00, 0xDF, 0xFF, 0xFF, 0xFF, 0xFF, 0xFF, 0xFF, 0xFF, 0xFF, 0xFC, 0x10, 0x00, 0xDF, 0xFF,
    0xFF, 0xFF, 0xFF, 0xFF, 0xFF, 0xFF, 0xFF, 0xA1, 0x00, 0x00, 0xDF, 0xFF, 0xFF, 0xFF, 0xFF, 0xFF,
    0xFF, 0xFF, 0xB4, 0x00, 0x00, 0x00, 0xDF, 0xFF, 0xFF, 0xFF, 0xFE, 0xDC, 0xB8, 0x51, 0x00, 0x00,
    0x00, 0x00, 0xDF, 0xFF, 0xFF, 0xFF, 0xFF, 0xFF, 0xFF, 0xFF, 0xF6, 0xDF, 0xFF, 0xFF, 0xFF, 0xFF,
    0xFF, 0xFF, 0xFF, 0xF6, 0xDF, 0xFF, 0xFF, 0xFF, 0xFF, 0xFF, 0xFF, 0xFF, 0xF6, 0xDF, 0xFF, 0xFF,
    0xFF, 0xFF, 0xFF, 0xFF, 0xFF, 0xF6, 0xDF, 0xFF, 0xFF, 0xFF, 0xFF, 0xFF, 0xFF, 0xFF, 0xF6, 0xDF,
    0xFF, 0xFF, 0x80, 0x00, 0x00, 0x00, 0x00, 0x00, 0xDF, 0xFF, 0xFF, 0x80, 0x00, 0x00, 0x00, 0x00,
    0x00, 0xDF, 0xFF, 0xFF, 0x80, 0x00, 0x00, 0x00, 0x00, 0x00, 0xDF, 0xFF, 0xFF, 0x80, 0x00, 0x00,
    0x00, 0x00, 0x00, 0xDF, 0xFF, 0xFF, 0xFF, 0xFF, 0xFF, 0xFF, 0xFF, 0xB0, 0xDF, 0xFF, 0xFF, 0xFF,
    0xFF, 0xFF, 0xFF, 0xFF, 0xB0, 0xDF, 0xFF, 0xFF, 0xFF, 0xFF, 0xFF, 0xFF, 0xFF, 0xB0, 0xDF, 0xFF,
    0xFF, 0xFF, 0xFF, 0xFF, 0xFF, 0xFF, 0xB0, 0xDF, 0xFF, 0xFF, 0xFF, 0xFF, 0xFF, 0xFF, 0xFF, 0xB0,
    0xDF, 0xFF, 0xFF, 0x80, 0x00, 0x00, 0x00, 0x00, 0x00, 0xDF, 0xFF, 0xFF, 0x80, 0x00, 0x00, 0x00,
    0x00, 0x00, 0xDF, 0xFF, 0xFF, 0x80, 0x00, 0x00, 0x00, 0x00, 0x00, 0xDF, 0xFF, 0xFF, 0x80, 0x00,
    0x00, 0x00, 0x00, 0x00, 0xDF, 0xFF, 0xFF, 0x80, 0x00, 0x00, 0x00, 0x00, 0x00, 0xDF, 0xFF, 0xFF,
    0x80, 0x00, 0x00, 0x00, 0x00, 0x00, 0xDF, 0xFF, 0xFF, 0xFF, 0xFF, 0xFF, 0xFF, 0xFF, 0xFB, 0xDF,
    0xFF, 0xFF, 0xFF, 0xFF, 0xFF, 0xFF, 0xFF, 0xFB, 0xDF, 0xFF, 0xFF, 0xFF, 0xFF, 0xFF, 0xFF, 0xFF,
    0xFB, 0xDF, 0xFF, 0xFF, 0xFF, 0xFF, 0xFF, 0xFF, 0xFF, 0xFB, 0xDF, 0xFF, 0xFF, 0xFF, 0xFF, 0xFF,
    0xFF, 0xFF, 0xFB, 0xDF, 0xFF, 0xFF, 0xFF, 0xFF, 0xFF, 0xFF, 0xFF, 0xF6, 0xDF, 0xFF, 0xFF, 0xFF,
    0xFF, 0xFF, 0xFF, 0xFF, 0xF6, 0xDF, 0xFF, 0xFF, 0xFF, 0xFF, 0xFF, 0xFF, 0xFF, 0xF6, 0xDF, 0xFF,
    0xFF, 0xFF, 0xFF, 0xFF, 0xFF, 0xFF, 0xF6, 0xDF, 0xFF, 0xFF, 0xFF, 0xFF, 0xFF, 0xFF, 0xFF, 0xF6,
    0xDF, 0xFF, 0xFF, 0x80, 0x00, 0x00, 0x00, 0x00, 0x00, 0xDF, 0xFF, 0xFF, 0x80, 0x00, 0x00, 0x00,
    0x00, 0x00, 0xDF, 0xFF, 0xFF, 0x80, 0x00, 0x00, 0x00, 0x00, 0x00, 0xDF, 0xFF, 0xFF, 0x80, 0x00,
    0x00, 0x00, 0x00, 0x00, 0xDF, 0xFF, 0xFF, 0xFF, 0xFF, 0xFF, 0xFF, 0xFF, 0xB0, 0xDF, 0xFF, 0xFF,
    0xFF, 0xFF, 0xFF, 0xFF, 0xFF, 0xB0, 0xDF, 0xFF, 0xFF, 0xFF, 0xFF, 0xFF, 0xFF, 0xFF, 0xB0, 0xDF,
    0xFF, 0xFF, 0xFF, 0xFF, 0xFF, 0xFF, 0xFF, 0xB0, 0xDF, 0xFF, 0xFF, 0xFF, 0xFF, 0xFF, 0xFF, 0xFF,
    0xB0, 0xDF, 0xFF, 0xFF, 0x80, 0x00, 0x00, 0x00, 0x00, 0x00, 0xDF, 0xFF, 0xFF, 0x80, 0x00, 0x00,
    0x00, 0x00, 0x00, 0xDF, 0xFF, 0xFF, 0x80, 0x00, 0x00, 0x00, 0x00, 0x00, 0xDF, 0xFF, 0xFF, 0x80,
    0x00, 0x00, 0x00, 0x00, 0x00, 0xDF, 0xFF, 0xFF, 0x80, 0x00, 0x00, 0x00, 0x00, 0x00, 0xDF, 0xFF,
    0xFF, 0x80, 0x00, 0x00, 0x00, 0x00, 0x00, 0xDF, 0xFF, 0xFF, 0x80, 0x00, 0x00, 0x00, 0x00, 0x00,
    0xDF, 0xFF, 0xFF, 0x80, 0x00, 0x00, 0x00, 0x00, 0x00, 0xDF, 0xFF, 0xFF, 0x80, 0x00, 0x00, 0x00,
    0x00, 0x00, 0xDF, 0xFF, 0xFF, 0x80, 0x00, 0x00, 0x00, 0x00, 0x00, 0xDF, 0xFF, 0xFF, 0x80, 0x00,
    0x00, 0x00, 0x00, 0x00, 0x00, 0x00, 0x00, 0x00, 0x15, 0x9C, 0xDE, 0xFE, 0xDC, 0x96, 0x20, 0x00,
    0x00, 0x00, 0x00, 0x00, 0x29, 0xFF, 0xFF, 0xFF, 0xFF, 0xFF, 0xFF, 0xFC, 0x61, 0x00, 0x00, 0x00,
    0x07, 0xFF, 0xFF, 0xFF, 0xFF, 0xFF, 0xFF, 0xFF, 0xFF, 0xF7, 0x00, 0x00, 0x00, 0xBF, 0xFF, 0xFF,
    0xFF, 0xFF, 0xFF, 0xFF, 0xFF, 0xFF, 0xF7, 0x00, 0x00, 0x0A, 0xFF, 0xFF, 0xFF, 0xFF, 0xFF, 0xFF,
    0xFF, 0xFF, 0xFF, 0xF7, 0x00, 0x00, 0x6F, 0xFF, 0xFF, 0xFF, 0xFA, 0x52, 0x10, 0x12, 0x58, 0xDF,
    0xF7, 0x00, 0x01, 0xEF, 0xFF, 0xFF, 0xFC, 0x20, 0x00, 0x00, 0x00, 0x00, 0x03, 0x97, 0x00, 0x06,
    0xFF, 0xFF, 0xFF, 0xD1, 0x00, 0x00, 0x00, 0x00, 0x00, 0x00, 0x00, 0x00, 0x0B, 0xFF, 0xFF, 0xFF,
    0x30, 0x00, 0x00, 0x00, 0x00, 0x00, 0x00, 0x00, 0x00, 0x0F, 0xFF, 0xFF, 0xFC, 0x00, 0x00, 0x00,
    0x00, 0x00, 0x00, 0x00, 0x00, 0x00, 0x2F, 0xFF, 0xFF, 0xF8, 0x00, 0x00, 0x00, 0x00, 0x00, 0x00,
    0x00, 0x00, 0x00, 0x3F, 0xFF, 0xFF, 0xF6, 0x00, 0x00, 0x00, 0x8F, 0xFF, 0xFF, 0xFF, 0xFF, 0x60,
    0x4F, 0xFF, 0xFF, 0xF5, 0x00, 0x00, 0x00, 0x8F, 0xFF, 0xFF, 0xFF, 0xFF, 0x60, 0x3F, 0xFF, 0xFF,
    0xF6, 0x00, 0x00, 0x00, 0x8F, 0xFF, 0xFF, 0xFF, 0xFF, 0x60, 0x2F, 0xFF, 0xFF, 0xF7, 0x00, 0x00,
    0x00, 0x8F, 0xFF, 0xFF, 0xFF, 0xFF, 0x60, 0x1F, 0xFF, 0xFF, 0xFB, 0x00, 0x00, 0x00, 0x00, 0x00,
    0xAF, 0xFF, 0xFF, 0x60, 0x0B, 0xFF, 0xFF, 0xFF, 0x30, 0x00, 0x00, 0x00, 0x00, 0xAF, 0xFF, 0xFF,
    0x60, 0x07, 0xFF, 0xFF, 0xFF, 0xC1, 0x00, 0x00, 0x00, 0x00, 0xAF, 0xFF, 0xFF, 0x60, 0x01, 0xEF,
    0xFF, 0xFF, 0xFB, 0x20, 0x00, 0x00, 0x00, 0xAF, 0xFF, 0xFF, 0x60, 0x00, 0x7F, 0xFF, 0xFF, 0xFF,
    0xE9, 0x42, 0x00, 0x14, 0xCF, 0xFF, 0xFF, 0x60, 0x00, 0x0A, 0xFF, 0xFF, 0xFF, 0xFF, 0xFF, 0xFF,
    0xFF, 0xFF, 0xFF, 0xFF, 0x60, 0x00, 0x01, 0xBF, 0xFF, 0xFF, 0xFF, 0xFF, 0xFF, 0xFF, 0xFF, 0xFF,
    0xFF, 0x60, 0x00, 0x00, 0x08, 0xFF, 0xFF, 0xFF, 0xFF, 0xFF, 0xFF, 0xFF, 0xFF, 0xFD, 0x40, 0x00,
    0x00, 0x00, 0x3A, 0xFF, 0xFF, 0xFF, 0xFF, 0xFF, 0xFF, 0xFB, 0x50, 0x00, 0x00, 0x00, 0x00, 0x00,
    0x26, 0x9C, 0xDE, 0xFE, 0xDB, 0x85, 0x10, 0x00, 0x00, 0xDF, 0xFF, 0xFF, 0x80, 0x00, 0x00, 0x00,
    0x01, 0xFF, 0xFF, 0xFF, 0x50, 0xDF, 0xFF, 0xFF, 0x80, 0x00, 0x00, 0x00, 0x01, 0xFF, 0xFF, 0xFF,
    0x50, 0xDF, 0xFF, 0xFF, 0x80, 0x00, 0x00, 0x00, 0x01, 0xFF, 0xFF, 0xFF, 0x50, 0xDF, 0xFF, 0xFF,
    0x80, 0x00, 0x00, 0x00, 0x01, 0xFF, 0xFF, 0xFF, 0x50, 0xDF, 0xFF, 0xFF, 0x80, 0x00, 0x00, 0x00,
    0x01, 0xFF, 0xFF, 0xFF, 0x50, 0xDF, 0xFF, 0xFF, 0x80, 0x00, 0x00, 0x00, 0x01, 0xFF, 0xFF, 0xFF,
    0x50, 0xDF, 0xFF, 0xFF, 0x80, 0x00, 0x00, 0x00, 0x01, 0xFF, 0xFF, 0xFF, 0x50, 0xDF, 0xFF, 0xFF,
    0x80, 0x00, 0x00, 0x00, 0x01, 0xFF, 0xFF, 0xFF, 0x50, 0xDF, 0xFF, 0xFF, 0x80, 0x00, 0x00, 0x00,
    0x01, 0xFF, 0xFF, 0xFF, 0x50, 0xDF, 0xFF, 0xFF, 0xFF, 0xFF, 0xFF, 0xFF, 0xFF, 0xFF, 0xFF, 0xFF,
    0x50, 0xDF, 0xFF, 0xFF, 0xFF, 0xFF, 0xFF, 0xFF, 0xFF, 0xFF, 0xFF, 0xFF, 0x50, 0xDF, 0xFF, 0xFF,
    0xFF, 0xFF, 0xFF, 0xFF, 0xFF, 0xFF, 0xFF, 0xFF, 0x50, 0xDF, 0xFF, 0xFF, 0xFF, 0xFF, 0xFF, 0xFF,
    0xFF, 0xFF, 0xFF, 0xFF, 0x50, 0xDF, 0xFF, 0xFF, 0xFF, 0xFF, 0xFF, 0xFF, 0xFF, 0xFF, 0xFF, 0xFF,
    0x50, 0xDF, 0xFF, 0xFF, 0x80, 0x00, 0x00, 0x00, 0x01, 0xFF, 0xFF, 0xFF, 0x50, 0xDF, 0xFF, 0xFF,
    0x80, 0x00, 0x00, 0x00, 0x01, 0xFF, 0xFF, 0xFF, 0x50, 0xDF, 0xFF, 0xFF, 0x80, 0x00, 0x00, 0x00,
    0x01, 0xFF, 0xFF, 0xFF, 0x50, 0xDF, 0xFF, 0xFF, 0x80, 0x00, 0x00, 0x00, 0x01, 0xFF, 0xFF, 0xFF,
    0x50, 0xDF, 0xFF, 0xFF, 0x80, 0x00, 0x00, 0x00, 0x01, 0xFF, 0xFF, 0xFF, 0x50, 0xDF, 0xFF, 0xFF,
    0x80, 0x00, 0x00, 0x00, 0x01, 0xFF, 0xFF, 0xFF, 0x50, 0xDF, 0xFF, 0xFF, 0x80, 0x00, 0x00, 0x00,
    0x01, 0xFF, 0xFF, 0xFF, 0x50, 0xDF, 0xFF, 0xFF, 0x80, 0x00, 0x00, 0x00, 0x01, 0xFF, 0xFF, 0xFF,
    0x50, 0xDF, 0xFF, 0xFF, 0x80, 0x00, 0x00, 0x00, 0x01, 0xFF, 0xFF, 0xFF, 0x50, 0xDF, 0xFF, 0xFF,
    0x80, 0x00, 0x00, 0x00, 0x01, 0xFF, 0xFF, 0xFF, 0x50, 0xDF, 0xFF, 0xFF, 0x80, 0x00, 0x00, 0x00,
    0x01, 0xFF, 0xFF, 0xFF, 0x50, 0xDF, 0xFF, 0xFF, 0x80, 0xDF, 0xFF, 0xFF, 0x80, 0xDF, 0xFF, 0xFF,
    0x80, 0xDF, 0xFF, 0xFF, 0x80, 0xDF, 0xFF, 0xFF, 0x80, 0xDF, 0xFF, 0xFF, 0x80, 0xDF, 0xFF, 0xFF,
    0x80, 0xDF, 0xFF, 0xFF, 0x80, 0xDF, 0xFF, 0xFF, 0x80, 0xDF, 0xFF, 0xFF, 0x80, 0xDF, 0xFF, 0xFF,
    0x80, 0xDF, 0xFF, 0xFF, 0x80, 0xDF, 0xFF, 0xFF, 0x80, 0xDF, 0xFF, 0xFF, 0x80, 0xDF, 0xFF, 0xFF,
    0x80, 0xDF, 0xFF, 0xFF, 0x80, 0xDF, 0xFF, 0xFF, 0x80, 0xDF, 0xFF, 0xFF, 0x80, 0xDF, 0xFF, 0xFF,
    0x80, 0xDF, 0xFF, 0xFF, 0x80, 0xDF, 0xFF, 0xFF, 0x80, 0xDF, 0xFF, 0xFF, 0x80, 0xDF, 0xFF, 0xFF,
    0x80, 0xDF, 0xFF, 0xFF, 0x80, 0xDF, 0xFF, 0xFF, 0x80, 0x00, 0x00, 0x0D, 0xFF, 0xFF, 0xF8, 0x00,
    0x00, 0x0D, 0xFF, 0xFF, 0xF8, 0x00, 0x00, 0x0D, 0xFF, 0xFF, 0xF8, 0x00, 0x00, 0x0D, 0xFF, 0xFF,
    0xF8, 0x00, 0x00, 0x0D, 0xFF, 0xFF, 0xF8, 0x00, 0x00, 0x0D, 0xFF, 0xFF, 0xF8, 0x00, 0x00, 0x0D,
    0xFF, 0xFF, 0xF8, 0x00, 0x00, 0x0D, 0xFF, 0xFF, 0xF8, 0x00, 0x00, 0x0D, 0xFF, 0xFF, 0xF8, 0x00,
    0x00, 0x0D, 0xFF, 0xFF, 0xF8, 0x00, 0x00, 0x0D, 0xFF, 0xFF, 0xF8, 0x00, 0x00, 0x0D, 0xFF, 0xFF,
    0xF8, 0x00, 0x00, 0x0D, 0xFF, 0xFF, 0xF8, 0x00, 0x00, 0x0D, 0xFF, 0xFF, 0xF8, 0x00, 0x00, 0x0D,
    0xFF, 0xFF, 0xF8, 0x00, 0x00, 0x0D, 0xFF, 0xFF, 0xF8, 0x00, 0x00, 0x0D, 0xFF, 0xFF, 0xF8, 0x00,
    0x00, 0x0D, 0xFF, 0xFF, 0xF8, 0x00, 0x00, 0x0D, 0xFF, 0xFF, 0xF8, 0x00, 0x00, 0x0D, 0xFF, 0xFF,
    0xF8, 0x00, 0x00, 0x0D, 0xFF, 0xFF, 0xF8, 0x00, 0x00, 0x0D, 0xFF, 0xFF, 0xF8, 0x00, 0x00, 0x0D,
    0xFF, 0xFF, 0xF8, 0x00, 0x00, 0x0E, 0xFF, 0xFF, 0xF7, 0x00, 0x00, 0x2F, 0xFF, 0xFF, 0xF6, 0x00,
    0x00, 0xAF, 0xFF, 0xFF, 0xF3, 0x00, 0x3A, 0xFF, 0xFF, 0xFF, 0xE0, 0xEF, 0xFF, 0xFF, 0xFF, 0xFF,
    0x80, 0xEF, 0xFF, 0xFF, 0xFF, 0xFD, 0x10, 0xEF, 0xFF, 0xFF, 0xFF, 0xE3, 0x00, 0xEF, 0xFF, 0xFF,
    0xFA, 0x10, 0x00, 0xEF, 0xED, 0xB7, 0x20, 0x00, 0x00, 0xDF, 0xFF, 0xFF, 0x80, 0x00, 0x00, 0x00,
    0x1B, 0xFF, 0xFF, 0xFF, 0x90, 0x00, 0xDF, 0xFF, 0xFF, 0x80, 0x00, 0x00, 0x01, 0xBF, 0xFF, 0xFF,
    0xF9, 0x00, 0x00, 0xDF, 0xFF, 0xFF, 0x80, 0x00, 0x00, 0x1B, 0xFF, 0xFF, 0xFF, 0x90, 0x00, 0x00,
    0xDF, 0xFF, 0xFF, 0x80, 0x00, 0x01, 0xBF, 0xFF, 0xFF, 0xF9, 0x00, 0x00, 0x00, 0xDF, 0xFF, 0xFF,
    0x80, 0x00, 0x1C, 0xFF, 0xFF, 0xFF, 0x90, 0x00, 0x00, 0x00, 0xDF, 0xFF, 0xFF, 0x80, 0x01, 0xCF,
    0xFF, 0xFF, 0xF9, 0x00, 0x00, 0x00, 0x00, 0xDF, 0xFF, 0xFF, 0x80, 0x1C, 0xFF, 0xFF, 0xFF, 0x90,
    0x00, 0x00, 0x00, 0x00, 0xDF, 0xFF, 0xFF, 0x81, 0xCF, 0xFF, 0xFF, 0xF9, 0x00, 0x00, 0x00, 0x00,
    0x00, 0xDF, 0xFF, 0xFF, 0x9C, 0xFF, 0xFF, 0xFF, 0x90, 0x00, 0x00, 0x00, 0x00, 0x00, 0xDF, 0xFF,
    0xFF, 0xFF, 0xFF, 0xFF, 0xF9, 0x00, 0x00, 0x00, 0x00, 0x00, 0x00, 0xDF, 0xFF, 0xFF, 0xFF, 0xFF,
    0xFF, 0x90, 0x00, 0x00, 0x00, 0x00, 0x00, 0x00, 0xDF, 0xFF, 0xFF, 0xFF, 0xFF, 0xF9, 0x00, 0x00,
    0x00, 0x00, 0x00, 0x00, 0x00, 0xDF, 0xFF, 0xFF, 0xFF, 0xFF, 0xFC, 0x10, 0x00, 0x00, 0x00, 0x00,
    0x00, 0x00, 0xDF, 0xFF, 0xFF, 0xFF, 0xFF, 0xFF, 0xC1, 0x00, 0x00, 0x00, 0x00, 0x00, 0x00, 0xDF,
    0xFF, 0xFF, 0xFF, 0xFF, 0xFF, 0xFC, 0x10, 0x00, 0x00, 0x00, 0x00, 0x00, 0xDF, 0xFF, 0xFF, 0xBE,
    0xFF, 0xFF, 0xFF, 0xC1, 0x00, 0x00, 0x00, 0x00, 0x00, 0xDF, 0xFF, 0xFF, 0x83, 0xEF, 0xFF, 0xFF,
    0xFC, 0x10, 0x00, 0x00, 0x00, 0x00, 0xDF, 0xFF, 0xFF, 0x80, 0x3E, 0xFF, 0xFF, 0xFF, 0xC1, 0x00,
    0x00, 0x00, 0x00, 0xDF, 0xFF, 0xFF, 0x80, 0x03, 0xEF, 0xFF, 0xFF, 0xFC, 0x10, 0x00, 0x00, 0x00,
    0xDF, 0xFF, 0xFF, 0x80, 0x00, 0x3E, 0xFF, 0xFF, 0xFF, 0xC1, 0x00, 0x00, 0x00, 0xDF, 0xFF, 0xFF,
    0x80, 0x00, 0x03, 0xEF, 0xFF, 0xFF, 0xFC, 0x10, 0x00, 0x00, 0xDF, 0xFF, 0xFF, 0x80, 0x00, 0x00,
    0x3E, 0xFF, 0xFF, 0xFF, 0xC1, 0x00, 0x00, 0xDF, 0xFF, 0xFF, 0x80, 0x00, 0x00, 0x03, 0xEF, 0xFF,
    0xFF, 0xFC, 0x10, 0x00, 0xDF, 0xFF, 0xFF, 0x80, 0x00, 0x00, 0x00, 0x3E, 0xFF, 0xFF, 0xFF, 0xC1,
    0x00, 0xDF, 0xFF, 0xFF, 0x80, 0x00, 0x00, 0x00, 0x03, 0xEF, 0xFF, 0xFF, 0xFC, 0x10, 0xDF, 0xFF,
    0xFF, 0x80, 0x00, 0x00, 0x00, 0x00, 0x00, 0xDF, 0xFF, 0xFF, 0x80, 0x00, 0x00, 0x00, 0x00, 0x00,
    0xDF, 0xFF, 0xFF, 0x80, 0x00, 0x00, 0x00, 0x00, 0x00, 0xDF, 0xFF, 0xFF, 0x80, 0x00, 0x00, 0x00,
    0x00, 0x00, 0xDF, 0xFF, 0xFF, 0x80, 0x00, 0x00, 0x00, 0x00, 0x00, 0xDF, 0xFF, 0xFF, 0x80, 0x00,
    0x00, 0x00, 0x00, 0x00, 0xDF, 0xFF, 0xFF, 0x80, 0x00, 0x00, 0x00, 0x00, 0x00, 0xDF, 0xFF, 0xFF,
    0x80, 0x00, 0x00, 0x00, 0x00, 0x00, 0xDF, 0xFF, 0xFF, 0x80, 0x00, 0x00, 0x00, 0x00, 0x00, 0xDF,
    0xFF, 0xFF, 0x80, 0x00, 0x00, 0x00, 0x00, 0x00, 0xDF, 0xFF, 0xFF, 0x80, 0x00, 0x00, 0x00, 0x00,
    0x00, 0xDF, 0xFF, 0xFF, 0x80, 0x00, 0x00, 0x00, 0x00, 0x00, 0xDF, 0xFF, 0xFF, 0x80, 0x00, 0x00,
    0x00, 0x00, 0x00, 0xDF, 0xFF, 0xFF, 0x80, 0x00, 0x00, 0x00, 0x00, 0x00, 0xDF, 0xFF, 0xFF, 0x80,
    0x00, 0x00, 0x00, 0x00, 0x00, 0xDF, 0xFF, 0xFF, 0x80, 0x00, 0x00, 0x00, 0x00, 0x00, 0xDF, 0xFF,
    0xFF, 0x80, 0x00, 0x00, 0x00, 0x00, 0x00, 0xDF, 0xFF, 0xFF, 0x80, 0x00, 0x00, 0x00, 0x00, 0x00,
    0xDF, 0xFF, 0xFF, 0x80, 0x00, 0x00, 0x00, 0x00, 0x00, 0xDF, 0xFF, 0xFF, 0x80, 0x00, 0x00, 0x00,
    0x00, 0x00, 0xDF, 0xFF, 0xFF, 0xFF, 0xFF, 0xFF, 0xFF, 0xFF, 0xFB, 0xDF, 0xFF, 0xFF, 0xFF, 0xFF,
    0xFF, 0xFF, 0xFF, 0xFB, 0xDF, 0xFF, 0xFF, 0xFF, 0xFF, 0xFF, 0xFF, 0xFF, 0xFB, 0xDF, 0xFF, 0xFF,
    0xFF, 0xFF, 0xFF, 0xFF, 0xFF, 0xFB, 0xDF, 0xFF, 0xFF, 0xFF, 0xFF, 0xFF, 0xFF, 0xFF, 0xFB, 0xDF,
    0xFF, 0xFF, 0xFF, 0x70, 0x00, 0x00, 0x00, 0x00, 0x0A, 0xFF, 0xFF, 0xFF, 0xFB, 0xDF, 0xFF, 0xFF,
    0xFF, 0xD0, 0x00, 0x00, 0x00, 0x00, 0x1F, 0xFF, 0xFF, 0xFF, 0xFB, 0xDF, 0xFF, 0xFF, 0xFF, 0xF5,
    0x00, 0x00, 0x00, 0x00, 0x7F, 0xFF, 0xFF, 0xFF, 0xFB, 0xDF, 0xFF, 0xFF, 0xFF, 0xFB, 0x00, 0x00,
    0x00, 0x00, 0xEF, 0xFF, 0xFF, 0xFF, 0xFB, 0xDF, 0xFF, 0xFF, 0xFF, 0xFF, 0x30, 0x00, 0x00, 0x05,
    0xFF, 0xFF, 0xFF, 0xFF, 0xFB, 0xDF, 0xFF, 0xFF, 0xFF, 0xFF, 0x90, 0x00, 0x00, 0x0C, 0xFF, 0xFF,
    0xFF, 0xFF, 0xFB, 0xDF, 0xFF, 0xFF, 0xFF, 0xFF, 0xE1, 0x00, 0x00, 0x3F, 0xFF, 0xFF, 0xFF, 0xFF,
    0xFB, 0xDF, 0xFF, 0xFF, 0xAF, 0xFF, 0xF7, 0x00, 0x00, 0xAF, 0xFF, 0xFA, 0xFF, 0xFF, 0xFB, 0xDF,
    0xFF, 0xFF, 0x4E, 0xFF, 0xFD, 0x00, 0x01, 0xFF, 0xFF, 0xD5, 0xFF, 0xFF, 0xFB, 0xDF, 0xFF, 0xFF,
    0x39, 0xFF, 0xFF, 0x50, 0x07, 0xFF, 0xFF, 0x75, 0xFF, 0xFF, 0xFB, 0xDF, 0xFF, 0xFF, 0x33, 0xFF,
    0xFF, 0xB0, 0x0D, 0xFF, 0xFE, 0x15, 0xFF, 0xFF, 0xFB, 0xDF, 0xFF, 0xFF, 0x30, 0xBF, 0xFF, 0xF2,
    0x5F, 0xFF, 0xF9, 0x05, 0xFF, 0xFF, 0xFB, 0xDF, 0xFF, 0xFF, 0x30, 0x5F, 0xFF, 0xF9, 0xCF, 0xFF,
    0xF2, 0x05, 0xFF, 0xFF, 0xFB, 0xDF, 0xFF, 0xFF, 0x30, 0x0D, 0xFF, 0xFF, 0xFF, 0xFF, 0xB0, 0x05,
    0xFF, 0xFF, 0xFB, 0xDF, 0xFF, 0xFF, 0x30, 0x07, 0xFF, 0xFF, 0xFF, 0xFF, 0x40, 0x05, 0xFF, 0xFF,
    0xFB, 0xDF, 0xFF, 0xFF, 0x30, 0x01, 0xEF, 0xFF, 0xFF, 0xFD, 0x00, 0x05, 0xFF, 0xFF, 0xFB, 0xDF,
    0xFF, 0xFF, 0x30, 0x00, 0x9F, 0xFF, 0xFF, 0xF7, 0x00, 0x05, 0xFF, 0xFF, 0xFB, 0xDF, 0xFF, 0xFF,
    0x30, 0x00, 0x3F, 0xFF, 0xFF, 0xE1, 0x00, 0x05, 0xFF, 0xFF, 0xFB, 0xDF, 0xFF, 0xFF, 0x30, 0x00,
    0x0B, 0xFF, 0xFF, 0x90, 0x00, 0x05, 0xFF, 0xFF, 0xFB, 0xDF, 0xFF, 0xFF, 0x30, 0x00, 0x05, 0xFF,
    0xFF, 0x20, 0x00, 0x05, 0xFF, 0xFF, 0xFB, 0xDF, 0xFF, 0xFF, 0x30, 0x00, 0x00, 0x00, 0x00, 0x00,
    0x00, 0x05, 0xFF, 0xFF, 0xFB, 0xDF, 0xFF, 0xFF, 0x30, 0x00, 0x00, 0x00, 0x00, 0x00, 0x00, 0x05,
    0xFF, 0xFF, 0xFB, 0xDF, 0xFF, 0xFF, 0x30, 0x00, 0x00, 0x00, 0x00, 0x00, 0x00, 0x05, 0xFF, 0xFF,
    0xFB, 0xDF, 0xFF, 0xFF, 0x30, 0x00, 0x00, 0x00, 0x00, 0x00, 0x00, 0x05, 0xFF, 0xFF, 0xFB, 0xDF,
    0xFF, 0xFF, 0x30, 0x00, 0x00, 0x00, 0x00, 0x00, 0x00, 0x05, 0xFF, 0xFF, 0xFB, 0xDF, 0xFF, 0xFF,
    0xF8, 0x00, 0x00, 0x00, 0x00, 0xBF, 0xFF, 0xFF, 0x50, 0xDF, 0xFF, 0xFF, 0xFE, 0x10, 0x00, 0x00,
    0x00, 0xBF, 0xFF, 0xFF, 0x50, 0xDF, 0xFF, 0xFF, 0xFF, 0x90, 0x00, 0x00, 0x00, 0xBF, 0xFF, 0xFF,
    0x50, 0xDF, 0xFF, 0xFF, 0xFF, 0xF2, 0x00, 0x00, 0x00, 0xBF, 0xFF, 0xFF, 0x50, 0xDF, 0xFF, 0xFF,
    0xFF, 0xF9, 0x00, 0x00, 0x00, 0xBF, 0xFF, 0xFF, 0x50, 0xDF, 0xFF, 0xFF, 0xFF, 0xFF, 0x20, 0x00,
    0x00, 0xBF, 0xFF, 0xFF, 0x50, 0xDF, 0xFF, 0xFF, 0xFF, 0xFF, 0xA0, 0x00, 0x00, 0xBF, 0xFF, 0xFF,
    0x50, 0xDF, 0xFF, 0xFF, 0xFF, 0xFF, 0xF3, 0x00, 0x00, 0xBF, 0xFF, 0xFF, 0x50, 0xDF, 0xFF, 0xFF,
    0xAF, 0xFF, 0xFB, 0x00, 0x00, 0xBF, 0xFF, 0xFF, 0x50, 0xDF, 0xFF, 0xFF, 0x3E, 0xFF, 0xFF, 0x40,
    0x00, 0xBF, 0xFF, 0xFF, 0x50, 0xDF, 0xFF, 0xFF, 0x36, 0xFF, 0xFF, 0xC0, 0x00, 0xBF, 0xFF, 0xFF,
    0x50, 0xDF, 0xFF, 0xFF, 0x30, 0xDF, 0xFF, 0xF5, 0x00, 0xBF, 0xFF, 0xFF, 0x50, 0xDF, 0xFF, 0xFF,
    0x30, 0x6F, 0xFF, 0xFC, 0x00, 0xBF, 0xFF, 0xFF, 0x50, 0xDF, 0xFF, 0xFF, 0x30, 0x0D, 0xFF, 0xFF,
    0x50, 0xBF, 0xFF, 0xFF, 0x50, 0xDF, 0xFF, 0xFF, 0x30, 0x05, 0xFF, 0xFF, 0xD0, 0xBF, 0xFF, 0xFF,
    0x50, 0xDF, 0xFF, 0xFF, 0x30, 0x00, 0xCF, 0xFF, 0xF6, 0xBF, 0xFF, 0xFF, 0x50, 0xDF, 0xFF, 0xFF,
    0x30, 0x00, 0x4F, 0xFF, 0xFE, 0xBF, 0xFF, 0xFF, 0x50, 0xDF, 0xFF, 0xFF, 0x30, 0x00, 0x0B, 0xFF,
    0xFF, 0xFF, 0xFF, 0xFF, 0x50, 0xDF, 0xFF, 0xFF, 0x30, 0x00, 0x03, 0xFF, 0xFF, 0xFF, 0xFF, 0xFF,
    0x50, 0xDF, 0xFF, 0xFF, 0x30, 0x00, 0x00, 0xAF, 0xFF, 0xFF, 0xFF, 0xFF, 0x50, 0xDF, 0xFF, 0xFF,
    0x30, 0x00, 0x00, 0x3F, 0xFF, 0xFF, 0xFF, 0xFF, 0x50, 0xDF, 0xFF, 0xFF, 0x30, 0x00, 0x00, 0x0A,
    0xFF, 0xFF, 0xFF, 0xFF, 0x50, 0xDF, 0xFF, 0xFF, 0x30, 0x00, 0x00, 0x02, 0xFF, 0xFF, 0xFF, 0xFF,
    0x50, 0xDF, 0xFF, 0xFF, 0x30, 0x00, 0x00, 0x00, 0x9F, 0xFF, 0xFF, 0xFF, 0x50, 0xDF, 0xFF, 0xFF,
    0x30, 0x00, 0x00, 0x00, 0x1E, 0xFF, 0xFF, 0xFF, 0x50, 0x00, 0x00, 0x00, 0x00, 0x48, 0xBD, 0xEF,
    0xED, 0xB7, 0x30, 0x00, 0x00, 0x00, 0x00, 0x00, 0x00, 0x00, 0x6D, 0xFF, 0xFF, 0xFF, 0xFF, 0xFF,
    0xFC, 0x50, 0x00, 0x00, 0x00, 0x00, 0x00, 0x1B, 0xFF, 0xFF, 0xFF, 0xFF, 0xFF, 0xFF, 0xFF, 0xFA,
    0x10, 0x00, 0x00, 0x00, 0x02, 0xEF, 0xFF, 0xFF, 0xFF, 0xFF, 0xFF, 0xFF, 0xFF, 0xFF, 0xD1, 0x00,
    0x00, 0x00, 0x1C, 0xFF, 0xFF, 0xFF, 0xFF, 0xFF, 0xFF, 0xFF, 0xFF, 0xFF, 0xFB, 0x00, 0x00, 0x00,
    0x9F, 0xFF, 0xFF, 0xFF, 0xA4, 0x10, 0x15, 0xBF, 0xFF, 0xFF, 0xFF, 0x70, 0x00, 0x02, 0xFF, 0xFF,
    0xFF, 0xF6, 0x00, 0x00, 0x00, 0x07, 0xFF, 0xFF, 0xFF, 0xE1, 0x00, 0x08, 0xFF, 0xFF, 0xFF, 0x80,
    0x00, 0x00, 0x00, 0x00, 0xAF, 0xFF, 0xFF, 0xF6, 0x00, 0x0C, 0xFF, 0xFF, 0xFE, 0x10, 0x00, 0x00,
    0x00, 0x00, 0x2F, 0xFF, 0xFF, 0xFA, 0x00, 0x1F, 0xFF, 0xFF, 0xFA, 0x00, 0x00, 0x00, 0x00, 0x00,
    0x0C, 0xFF, 0xFF, 0xFE, 0x00, 0x2F, 0xFF, 0xFF, 0xF7, 0x00, 0x00, 0x00, 0x00, 0x00, 0x08, 0xFF,
    0xFF, 0xFF, 0x00, 0x4F, 0xFF, 0xFF, 0xF5, 0x00, 0x00, 0x00, 0x00, 0x00, 0x07, 0xFF, 0xFF, 0xFF,
    0x20, 0x4F, 0xFF, 0xFF, 0xF5, 0x00, 0x00, 0x00, 0x00, 0x00, 0x06, 0xFF, 0xFF, 0xFF, 0x20, 0x4F,
    0xFF, 0xFF, 0xF5, 0x00, 0x00, 0x00, 0x00, 0x00, 0x07, 0xFF, 0xFF, 0xFF, 0x20, 0x2F, 0xFF, 0xFF,
    0xF7, 0x00, 0x00, 0x00, 0x00, 0x00, 0x08, 0xFF, 0xFF, 0xFF, 0x00, 0x1F, 0xFF, 0xFF, 0xFA, 0x00,
    0x00, 0x00, 0x00, 0x00, 0x0C, 0xFF, 0xFF, 0xFE, 0x00, 0x0C, 0xFF, 0xFF, 0xFE, 0x10, 0x00, 0x00,
    0x00, 0x00, 0x2F, 0xFF, 0xFF, 0xFA, 0x00, 0x08, 0xFF, 0xFF, 0xFF, 0x80, 0x00, 0x00, 0x00, 0x00,
    0xAF, 0xFF, 0xFF, 0xF6, 0x00, 0x02, 0xFF, 0xFF, 0xFF, 0xF6, 0x00, 0x00, 0x00, 0x07, 0xFF, 0xFF,
    0xFF, 0xE1, 0x00, 0x00, 0x9F, 0xFF, 0xFF, 0xFF, 0xA4, 0x10, 0x15, 0xBF, 0xFF, 0xFF, 0xFF, 0x70,
    0x00, 0x00, 0x1C, 0xFF, 0xFF, 0xFF, 0xFF, 0xFF, 0xFF, 0xFF, 0xFF, 0xFF, 0xFB, 0x00, 0x00, 0x00,
    0x02, 0xEF, 0xFF, 0xFF, 0xFF, 0xFF, 0xFF, 0xFF, 0xFF, 0xFF, 0xD1, 0x00, 0x00, 0x00, 0x00, 0x1C,
    0xFF, 0xFF, 0xFF, 0xFF, 0xFF, 0xFF, 0xFF, 0xFA, 0x10, 0x00, 0x00, 0x00, 0x00, 0x00, 0x6D, 0xFF,
    0xFF, 0xFF, 0xFF, 0xFF, 0xFC, 0x50, 0x00, 0x00, 0x00, 0x00, 0x00, 0x00, 0x00, 0x48, 0xBD, 0xEF,
    0xED, 0xB7, 0x30, 0x00, 0x00, 0x00, 0x00, 0xDF, 0xFF, 0xFF, 0xFF, 0xFF, 0xFE, 0xDB, 0x84, 0x00,
    0x00, 0x00, 0xDF, 0xFF, 0xFF, 0xFF, 0xFF, 0xFF, 0xFF, 0xFF, 0xD4, 0x00, 0x00, 0xDF, 0xFF, 0xFF,
    0xFF, 0xFF, 0xFF, 0xFF, 0xFF, 0xFF, 0x60, 0x00, 0xDF, 0xFF, 0xFF, 0xFF, 0xFF, 0xFF, 0xFF, 0xFF,
    0xFF, 0xF4, 0x00, 0xDF, 0xFF, 0xFF, 0xFF, 0xFF, 0xFF, 0xFF, 0xFF, 0xFF, 0xFC, 0x00, 0xDF, 0xFF,
    0xFF, 0x80, 0x00, 0x13, 0x9F, 0xFF, 0xFF, 0xFF, 0x20, 0xDF, 0xFF, 0xFF, 0x80, 0x00, 0x00, 0x07,
    0xFF, 0xFF, 0xFF, 0x60, 0xDF, 0xFF, 0xFF, 0x80, 0x00, 0x00, 0x02, 0xFF, 0xFF, 0xFF, 0x70, 0xDF,
    0xFF, 0xFF, 0x80, 0x00, 0x00, 0x02, 0xFF, 0xFF, 0xFF, 0x70, 0xDF, 0xFF, 0xFF, 0x80, 0x00, 0x00,
    0x07, 0xFF, 0xFF, 0xFF, 0x60, 0xDF, 0xFF, 0xFF, 0x80, 0x00, 0x13, 0x9F, 0xFF, 0xFF, 0xFF, 0x20,
    0xDF, 0xFF, 0xFF, 0xFF, 0xFF, 0xFF, 0xFF, 0xFF, 0xFF, 0xFC, 0x00, 0xDF, 0xFF, 0xFF, 0xFF, 0xFF,
    0xFF, 0xFF, 0xFF, 0xFF, 0xF4, 0x00, 0xDF, 0xFF, 0xFF, 0xFF, 0xFF, 0xFF, 0xFF, 0xFF, 0xFF, 0x60,
    0x00, 0xDF, 0xFF, 0xFF, 0xFF, 0xFF, 0xFF, 0xFF, 0xFF, 0xD4, 0x00, 0x00, 0xDF, 0xFF, 0xFF, 0xFF,
    0xFF, 0xFE, 0xEC, 0x84, 0x00, 0x00, 0x00, 0xDF, 0xFF, 0xFF, 0x80, 0x00, 0x00, 0x00, 0x00, 0x00,
    0x00, 0x00, 0xDF, 0xFF, 0xFF, 0x80, 0x00, 0x00, 0x00, 0x00, 0x00, 0x00, 0x00, 0xDF, 0xFF, 0xFF,
    0x80, 0x00, 0x00, 0x00, 0x00, 0x00, 0x00, 0x00, 0xDF, 0xFF, 0xFF, 0x80, 0x00, 0x00, 0x00, 0x00,
    0x00, 0x00, 0x00, 0xDF, 0xFF, 0xFF, 0x80, 0x00, 0x00, 0x00, 0x00, 0x00, 0x00, 0x00, 0xDF, 0xFF,
    0xFF, 0x80, 0x00, 0x00, 0x00, 0x00, 0x00, 0x00, 0x00, 0xDF, 0xFF, 0xFF, 0x80, 0x00, 0x00, 0x00,
    0x00, 0x00, 0x00, 0x00, 0xDF, 0xFF, 0xFF, 0x80, 0x00, 0x00, 0x00, 0x00, 0x00, 0x00, 0x00, 0xDF,
    0xFF, 0xFF, 0x80, 0x00, 0x00, 0x00, 0x00, 0x00, 0x00, 0x00, 0x00, 0x00, 0x00, 0x00, 0x48, 0xBD,
    0xEF, 0xED, 0xB7, 0x40, 0x00, 0x00, 0x00, 0x00, 0x00, 0x00, 0x00, 0x6D, 0xFF, 0xFF, 0xFF, 0xFF,
    0xFF, 0xFD, 0x60, 0x00, 0x00, 0x00, 0x00, 0x00, 0x1B, 0xFF, 0xFF, 0xFF, 0xFF, 0xFF, 0xFF, 0xFF,
    0xFB, 0x10, 0x00, 0x00, 0x00, 0x02, 0xEF, 0xFF, 0xFF, 0xFF, 0xFF, 0xFF, 0xFF, 0xFF, 0xFF, 0xD2,
    0x00, 0x00, 0x00, 0x1C, 0xFF, 0xFF, 0xFF, 0xFF, 0xFF, 0xFF, 0xFF, 0xFF, 0xFF, 0xFC, 0x00, 0x00,
    0x00, 0x9F, 0xFF, 0xFF, 0xFF, 0xA4, 0x10, 0x15, 0xBF, 0xFF, 0xFF, 0xFF, 0x70, 0x00, 0x02, 0xFF,
    0xFF, 0xFF, 0xF6, 0x00, 0x00, 0x00, 0x07, 0xFF, 0xFF, 0xFF, 0xE1, 0x00, 0x08, 0xFF, 0xFF, 0xFF,
    0x80, 0x00, 0x00, 0x00, 0x00, 0xAF, 0xFF, 0xFF, 0xF6, 0x00, 0x0C, 0xFF, 0xFF, 0xFE, 0x10, 0x00,
    0x00, 0x00, 0x00, 0x2F, 0xFF, 0xFF, 0xFA, 0x00, 0x1F, 0xFF, 0xFF, 0xFA, 0x00, 0x00, 0x00, 0x00,
    0x00, 0x0C, 0xFF, 0xFF, 0xFE, 0x00, 0x2F, 0xFF, 0xFF, 0xF7, 0x00, 0x00, 0x00, 0x00, 0x00, 0x08,
    0xFF, 0xFF, 0xFF, 0x10, 0x4F, 0xFF, 0xFF, 0xF5, 0x00, 0x00, 0x00, 0x00, 0x00, 0x07, 0xFF, 0xFF,
    0xFF, 0x20, 0x4F, 0xFF, 0xFF, 0xF5, 0x00, 0x00, 0x00, 0x00, 0x00, 0x06, 0xFF, 0xFF, 0xFF, 0x30,
    0x4F, 0xFF, 0xFF, 0xF5, 0x00, 0x00, 0x00, 0x00, 0x00, 0x07, 0xFF, 0xFF, 0xFF, 0x20, 0x2F, 0xFF,
    0xFF, 0xF7, 0x00, 0x00, 0x00, 0x00, 0x00, 0x08, 0xFF, 0xFF, 0xFF, 0x10, 0x1F, 0xFF, 0xFF, 0xFA,
    0x00, 0x00, 0x00, 0x00, 0x00, 0x0C, 0xFF, 0xFF, 0xFD, 0x00, 0x0C, 0xFF, 0xFF, 0xFE, 0x10, 0x00,
    0x00, 0x00, 0x00, 0x2F, 0xFF, 0xFF, 0xFA, 0x00, 0x08, 0xFF, 0xFF, 0xFF, 0x80, 0x00, 0x00, 0x00,
    0x00, 0xAF, 0xFF, 0xFF, 0xF5, 0x00, 0x02, 0xFF, 0xFF, 0xFF, 0xF5, 0x00, 0x00, 0x00, 0x07, 0xFF,
    0xFF, 0xFF, 0xD0, 0x00, 0x00, 0x9F, 0xFF, 0xFF, 0xFF, 0xA4, 0x10, 0x15, 0xBF, 0xFF, 0xFF, 0xFF,
    0x50, 0x00, 0x00, 0x1D, 0xFF, 0xFF, 0xFF, 0xFF, 0xFF, 0xFF, 0xFF, 0xFF, 0xFF, 0xF9, 0x00, 0x00,
    0x00, 0x02, 0xEF, 0xFF, 0xFF, 0xFF, 0xFF, 0xFF, 0xFF, 0xFF, 0xFF, 0xB0, 0x00, 0x00, 0x00, 0x00,
    0x2C, 0xFF, 0xFF, 0xFF, 0xFF, 0xFF, 0xFF, 0xFF, 0xF8, 0x00, 0x00, 0x00, 0x00, 0x00, 0x00, 0x6D,
    0xFF, 0xFF, 0xFF, 0xFF, 0xFF, 0xFB, 0x30, 0x00, 0x00, 0x00, 0x00, 0x00, 0x00, 0x00, 0x48, 0xBD,
    0xEF, 0xFF, 0xFF, 0xFC, 0x00, 0x00, 0x00, 0x00, 0x00, 0x00, 0x00, 0x00, 0x00, 0x00, 0x00, 0x7F,
    0xFF, 0xFF, 0x90, 0x00, 0x00, 0x00, 0x00, 0x00, 0x00, 0x00, 0x00, 0x00, 0x00, 0x0A, 0xFF, 0xFF,
    0xF6, 0x00, 0x00, 0x00, 0x00, 0x00, 0x00, 0x00, 0x00, 0x00, 0x00, 0x01, 0xCF, 0xFF, 0xFF, 0x40,
    0x00, 0x00, 0x00, 0x00, 0x00, 0x00, 0x00, 0x00, 0x00, 0x00, 0x2E, 0xFF, 0xFF, 0xE2, 0x00, 0x00,
    0x00, 0x00, 0x00, 0x00, 0x00, 0x00, 0x00, 0x00, 0x04, 0xFF, 0xFF, 0xFC, 0x10, 0x00, 0xDF, 0xFF,
    0xFF, 0xFF, 0xFF, 0xFE, 0xDB, 0x73, 0x00, 0x00, 0x00, 0x00, 0xDF, 0xFF, 0xFF, 0xFF, 0xFF, 0xFF,
    0xFF, 0xFF, 0xB2, 0x00, 0x00, 0x00, 0xDF, 0xFF, 0xFF, 0xFF, 0xFF, 0xFF, 0xFF, 0xFF, 0xFE, 0x20,
    0x00, 0x00, 0xDF, 0xFF, 0xFF, 0xFF, 0xFF, 0xFF, 0xFF, 0xFF, 0xFF, 0xA0, 0x00, 0x00, 0xDF, 0xFF,
    0xFF, 0xFF, 0xFF, 0xFF, 0xFF, 0xFF, 0xFF, 0xF1, 0x00, 0x00, 0xDF, 0xFF, 0xFF, 0x80, 0x00, 0x15,
    0xDF, 0xFF, 0xFF, 0xF4, 0x00, 0x00, 0xDF, 0xFF, 0xFF, 0x80, 0x00, 0x00, 0x4F, 0xFF, 0xFF, 0xF5,
    0x00, 0x00, 0xDF, 0xFF, 0xFF, 0x80, 0x00, 0x00, 0x1F, 0xFF, 0xFF, 0xF4, 0x00, 0x00, 0xDF, 0xFF,
    0xFF, 0x80, 0x00, 0x00, 0x4F, 0xFF, 0xFF, 0xF1, 0x00, 0x00, 0xDF, 0xFF, 0xFF, 0x80, 0x00, 0x15,
    0xDF, 0xFF, 0xFF, 0xA0, 0x00, 0x00, 0xDF, 0xFF, 0xFF, 0xFF, 0xFF, 0xFF, 0xFF, 0xFF, 0xFD, 0x10,
    0x00, 0x00, 0xDF, 0xFF, 0xFF, 0xFF, 0xFF, 0xFF, 0xFF, 0xFF, 0xA1, 0x00, 0x00, 0x00, 0xDF, 0xFF,
    0xFF, 0xFF, 0xFF, 0xFF, 0xFF, 0xE4, 0x00, 0x00, 0x00, 0x00, 0xDF, 0xFF, 0xFF, 0xFF, 0xFF, 0xFF,
    0xFF, 0xFF, 0x60, 0x00, 0x00, 0x00, 0xDF, 0xFF, 0xFF, 0xFF, 0xFF, 0xFF, 0xFF, 0xFF, 0xF5, 0x00,
    0x00, 0x00, 0xDF, 0xFF, 0xFF, 0x80, 0x02, 0x9F, 0xFF, 0xFF, 0xFE, 0x10, 0x00, 0x00, 0xDF, 0xFF,
    0xFF, 0x80, 0x00, 0x07, 0xFF, 0xFF, 0xFF, 0x80, 0x00, 0x00, 0xDF, 0xFF, 0xFF, 0x80, 0x00, 0x00,
    0xCF, 0xFF, 0xFF, 0xE1, 0x00, 0x00, 0xDF, 0xFF, 0xFF, 0x80, 0x00, 0x00, 0x5F, 0xFF, 0xFF, 0xF7,
    0x00, 0x00, 0xDF, 0xFF, 0xFF, 0x80, 0x00, 0x00, 0x0D, 0xFF, 0xFF, 0xFE, 0x10, 0x00, 0xDF, 0xFF,
    0xFF, 0x80, 0x00, 0x00, 0x06, 0xFF, 0xFF, 0xFF, 0x60, 0x00, 0xDF, 0xFF, 0xFF, 0x80, 0x00, 0x00,
    0x00, 0xDF, 0xFF, 0xFF, 0xD0, 0x00, 0xDF, 0xFF, 0xFF, 0x80, 0x00, 0x00, 0x00, 0x7F, 0xFF, 0xFF,
    0xF5, 0x00, 0xDF, 0xFF, 0xFF, 0x80, 0x00, 0x00, 0x00, 0x1E, 0xFF, 0xFF, 0xFC, 0x00, 0xDF, 0xFF,
    0xFF, 0x80, 0x00, 0x00, 0x00, 0x08, 0xFF, 0xFF, 0xFF, 0x40, 0x00, 0x00, 0x17, 0xAD, 0xEF, 0xFE,
    0xDB, 0x86, 0x20, 0x00, 0x00, 0x18, 0xFF, 0xFF, 0xFF, 0xFF, 0xFF, 0xFF, 0xFD, 0x40, 0x01, 0xBF,
    0xFF, 0xFF, 0xFF, 0xFF, 0xFF, 0xFF, 0xFF, 0x60, 0x09, 0xFF, 0xFF, 0xFF, 0xFF, 0xFF, 0xFF, 0xFF,
    0xFF, 0x60, 0x1F, 0xFF, 0xFF, 0xFF, 0xFF, 0xFF, 0xFF, 0xFF, 0xFF, 0x60, 0x6F, 0xFF, 0xFF, 0xF8,
    0x31, 0x01, 0x25, 0x8D, 0xFF, 0x60, 0x8F, 0xFF, 0xFF, 0x70, 0x00, 0x00, 0x00, 0x00, 0x39, 0x50,
    0x8F, 0xFF, 0xFF, 0x40, 0x00, 0x00, 0x00, 0x00, 0x00, 0x00, 0x7F, 0xFF, 0xFF, 0xA0, 0x00, 0x00,
    0x00, 0x00, 0x00, 0x00, 0x3F, 0xFF, 0xFF, 0xFD, 0x95, 0x20, 0x00, 0x00, 0x00, 0x00, 0x0B, 0xFF,
    0xFF, 0xFF, 0xFF, 0xFF, 0xC9, 0x50, 0x00, 0x00, 0x01, 0xDF, 0xFF, 0xFF, 0xFF, 0xFF, 0xFF, 0xFE,
    0x81, 0x00, 0x00, 0x19, 0xFF, 0xFF, 0xFF, 0xFF, 0xFF, 0xFF, 0xFD, 0x30, 0x00, 0x00, 0x17, 0xBE,
    0xFF, 0xFF, 0xFF, 0xFF, 0xFF, 0xE1, 0x00, 0x00, 0x00, 0x00, 0x35, 0x8D, 0xFF, 0xFF, 0xFF, 0xF8,
    0x00, 0x00, 0x00, 0x00, 0x00, 0x00, 0x4D, 0xFF, 0xFF, 0xFC, 0x00, 0x00, 0x00, 0x00, 0x00, 0x00,
    0x05, 0xFF, 0xFF, 0xFE, 0x58, 0x10, 0x00, 0x00, 0x00, 0x00, 0x03, 0xFF, 0xFF, 0xFF, 0x5F, 0xE7,
    0x10, 0x00, 0x00, 0x00, 0x07, 0xFF, 0xFF, 0xFD, 0x5F, 0xFF, 0xFA, 0x63, 0x10, 0x14, 0x9F, 0xFF,
    0xFF, 0xFB, 0x5F, 0xFF, 0xFF, 0xFF, 0xFF, 0xFF, 0xFF, 0xFF, 0xFF, 0xF6, 0x5F, 0xFF, 0xFF, 0xFF,
    0xFF, 0xFF, 0xFF, 0xFF, 0xFF, 0xD0, 0x5F, 0xFF, 0xFF, 0xFF, 0xFF, 0xFF, 0xFF, 0xFF, 0xFE, 0x30,
    0x16, 0xBF, 0xFF, 0xFF, 0xFF, 0xFF, 0xFF, 0xFF, 0xB2, 0x00, 0x00, 0x01, 0x48, 0xAD, 0xEF, 0xFE,
    0xDB, 0x72, 0x00, 0x00, 0xCF, 0xFF, 0xFF, 0xFF, 0xFF, 0xFF, 0xFF, 0xFF, 0xFF, 0xFF, 0xFF, 0xF0,
    0xCF, 0xFF, 0xFF, 0xFF, 0xFF, 0xFF, 0xFF, 0xFF, 0xFF, 0xFF, 0xFF, 0xF0, 0xCF, 0xFF, 0xFF, 0xFF,
    0xFF, 0xFF, 0xFF, 0xFF, 0xFF, 0xFF, 0xFF, 0xF0, 0xCF, 0xFF, 0xFF, 0xFF, 0xFF, 0xFF, 0xFF, 0xFF,
    0xFF, 0xFF, 0xFF, 0xF0, 0xCF, 0xFF, 0xFF, 0xFF, 0xFF, 0xFF, 0xFF, 0xFF, 0xFF, 0xFF, 0xFF, 0xF0,
    0x00, 0x00, 0x00, 0x00, 0x9F, 0xFF, 0xFF, 0xC0, 0x00, 0x00, 0x00, 0x00, 0x00, 0x00, 0x00, 0x00,
    0x9F, 0xFF, 0xFF, 0xC0, 0x00, 0x00, 0x00, 0x00, 0x00, 0x00, 0x00, 0x00, 0x9F, 0xFF, 0xFF, 0xC0,
    0x00, 0x00, 0x00, 0x00, 0x00, 0x00, 0x00, 0x00, 0x9F, 0xFF, 0xFF, 0xC0, 0x00, 0x00, 0x00, 0x00,
    0x00, 0x00, 0x00, 0x00, 0x9F, 0xFF, 0xFF, 0xC0, 0x00, 0x00, 0x00, 0x00, 0x00, 0x00, 0x00, 0x00,
    0x9F, 0xFF, 0xFF, 0xC0, 0x00, 0x00, 0x00, 0x00, 0x00, 0x00, 0x00, 0x00, 0x9F, 0xFF, 0xFF, 0xC0,
    0x00, 0x00, 0x00, 0x00, 0x00, 0x00, 0x00, 0x00, 0x9F, 0xFF, 0xFF, 0xC0, 0x00, 0x00, 0x00, 0x00,
    0x00, 0x00, 0x00, 0x00, 0x9F, 0xFF, 0xFF, 0xC0, 0x00, 0x00, 0x00, 0x00, 0x00, 0x00, 0x00, 0x00,
    0x9F, 0xFF, 0xFF, 0xC0, 0x00, 0x00, 0x00, 0x00, 0x00, 0x00, 0x00, 0x00, 0x9F, 0xFF, 0xFF, 0xC0,
    0x00, 0x00, 0x00, 0x00, 0x00, 0x00, 0x00, 0x00, 0x9F, 0xFF, 0xFF, 0xC0, 0x00, 0x00, 0x00, 0x00,
    0x00, 0x00, 0x00, 0x00, 0x9F, 0xFF, 0xFF, 0xC0, 0x00, 0x00, 0x00, 0x00, 0x00, 0x00, 0x00, 0x00,
    0x9F, 0xFF, 0xFF, 0xC0, 0x00, 0x00, 0x00, 0x00, 0x00, 0x00, 0x00, 0x00, 0x9F, 0xFF, 0xFF, 0xC0,
    0x00, 0x00, 0x00, 0x00, 0x00, 0x00, 0x00, 0x00, 0x9F, 0xFF, 0xFF, 0xC0, 0x00, 0x00, 0x00, 0x00,
    0x00, 0x00, 0x00, 0x00, 0x9F, 0xFF, 0xFF, 0xC0, 0x00, 0x00, 0x00, 0x00, 0x00, 0x00, 0x00, 0x00,
    0x9F, 0xFF, 0xFF, 0xC0, 0x00, 0x00, 0x00, 0x00, 0x00, 0x00, 0x00, 0x00, 0x9F, 0xFF, 0xFF, 0xC0,
    0x00, 0x00, 0x00, 0x00, 0x00, 0x00, 0x00, 0x00, 0x9F, 0xFF, 0xFF, 0xC0, 0x00, 0x00, 0x00, 0x00,
    0xDF, 0xFF, 0xFF, 0x80, 0x00, 0x00, 0x00, 0x0E, 0xFF, 0xFF, 0xF7, 0xDF, 0xFF, 0xFF, 0x80, 0x00,
    0x00, 0x00, 0x0E, 0xFF, 0xFF, 0xF7, 0xDF, 0xFF, 0xFF, 0x80, 0x00, 0x00, 0x00, 0x0E, 0xFF, 0xFF,
    0xF7, 0xDF, 0xFF, 0xFF, 0x80, 0x00, 0x00, 0x00, 0x0E, 0xFF, 0xFF, 0xF7, 0xDF, 0xFF, 0xFF, 0x80,
    0x00, 0x00, 0x00, 0x0E, 0xFF, 0xFF, 0xF7, 0xDF, 0xFF, 0xFF, 0x80, 0x00, 0x00, 0x00, 0x0E, 0xFF,
    0xFF, 0xF7, 0xDF, 0xFF, 0xFF, 0x80, 0x00, 0x00, 0x00, 0x0E, 0xFF, 0xFF, 0xF7, 0xDF, 0xFF, 0xFF,
    0x80, 0x00, 0x00, 0x00, 0x0E, 0xFF, 0xFF, 0xF7, 0xDF, 0xFF, 0xFF, 0x80, 0x00, 0x00, 0x00, 0x0E,
    0xFF, 0xFF, 0xF7, 0xDF, 0xFF, 0xFF, 0x80, 0x00, 0x00, 0x00, 0x0E, 0xFF, 0xFF, 0xF7, 0xDF, 0xFF,
    0xFF, 0x80, 0x00, 0x00, 0x00, 0x0E, 0xFF, 0xFF, 0xF7, 0xDF, 0xFF, 0xFF, 0x80, 0x00, 0x00, 0x00,
    0x0E, 0xFF, 0xFF, 0xF7, 0xDF, 0xFF, 0xFF, 0x80, 0x00, 0x00, 0x00, 0x0E, 0xFF, 0xFF, 0xF7, 0xDF,
    0xFF, 0xFF, 0x80, 0x00, 0x00, 0x00, 0x0E, 0xFF, 0xFF, 0xF7, 0xDF, 0xFF, 0xFF, 0x80, 0x00, 0x00,
    0x00, 0x0E, 0xFF, 0xFF, 0xF7, 0xCF, 0xFF, 0xFF, 0x80, 0x00, 0x00, 0x00, 0x0E, 0xFF, 0xFF, 0xF6,
    0xBF, 0xFF, 0xFF, 0xA0, 0x00, 0x00, 0x00, 0x1F, 0xFF, 0xFF, 0xF5, 0x9F, 0xFF, 0xFF, 0xE0, 0x00,
    0x00, 0x00, 0x5F, 0xFF, 0xFF, 0xF3, 0x5F, 0xFF, 0xFF, 0xF6, 0x00, 0x00, 0x00, 0xCF, 0xFF, 0xFF,
    0xE0, 0x1E, 0xFF, 0xFF, 0xFF, 0x82, 0x01, 0x4B, 0xFF, 0xFF, 0xFF, 0xA0, 0x09, 0xFF, 0xFF, 0xFF,
    0xFF, 0xFF, 0xFF, 0xFF, 0xFF, 0xFF, 0x30, 0x01, 0xDF, 0xFF, 0xFF, 0xFF, 0xFF, 0xFF, 0xFF, 0xFF,
    0xF8, 0x00, 0x00, 0x3D, 0xFF, 0xFF, 0xFF, 0xFF, 0xFF, 0xFF, 0xFF, 0xA0, 0x00, 0x00, 0x01, 0xAF,
    0xFF, 0xFF, 0xFF, 0xFF, 0xFF, 0xD6, 0x00, 0x00, 0x00, 0x00, 0x02, 0x7A, 0xDE, 0xFE, 0xDC, 0x95,
    0x00, 0x00, 0x00, 0xAF, 0xFF, 0xFF, 0xC0, 0x00, 0x00, 0x00, 0x00, 0x00, 0x07, 0xFF, 0xFF, 0xFE,
    0x4F, 0xFF, 0xFF, 0xF2, 0x00, 0x00, 0x00, 0x00, 0x00, 0x0C, 0xFF, 0xFF, 0xF9, 0x0E, 0xFF, 0xFF,
    0xF7, 0x00, 0x00, 0x00, 0x00, 0x00, 0x3F, 0xFF, 0xFF, 0xF3, 0x08, 0xFF, 0xFF, 0xFD, 0x00, 0x00,
    0x00, 0x00, 0x00, 0x8F, 0xFF, 0xFF, 0xD0, 0x03, 0xFF, 0xFF, 0xFF, 0x30, 0x00, 0x00, 0x00, 0x00,
    0xDF, 0xFF, 0xFF, 0x70, 0x00, 0xCF, 0xFF, 0xFF, 0x80, 0x00, 0x00, 0x00, 0x04, 0xFF, 0xFF, 0xFF,
    0x20, 0x00, 0x7F, 0xFF, 0xFF, 0xD0, 0x00, 0x00, 0x00, 0x09, 0xFF, 0xFF, 0xFB, 0x00, 0x00, 0x1F,
    0xFF, 0xFF, 0xF4, 0x00, 0x00, 0x00, 0x0E, 0xFF, 0xFF, 0xF6, 0x00, 0x00, 0x0B, 0xFF, 0xFF, 0xF9,
    0x00, 0x00, 0x00, 0x4F, 0xFF, 0xFF, 0xE1, 0x00, 0x00, 0x05, 0xFF, 0xFF, 0xFE, 0x00, 0x00, 0x00,
    0xAF, 0xFF, 0xFF, 0xA0, 0x00, 0x00, 0x00, 0xEF, 0xFF, 0xFF, 0x50, 0x00, 0x01, 0xEF, 0xFF, 0xFF,
    0x40, 0x00, 0x00, 0x00, 0x9F, 0xFF, 0xFF, 0xA0, 0x00, 0x05, 0xFF, 0xFF, 0xFE, 0x00, 0x00, 0x00,
    0x00, 0x4F, 0xFF, 0xFF, 0xF1, 0x00, 0x0B, 0xFF, 0xFF, 0xF8, 0x00, 0x00, 0x00, 0x00, 0x0D, 0xFF,
    0xFF, 0xF6, 0x00, 0x1F, 0xFF, 0xFF, 0xF3, 0x00, 0x00, 0x00, 0x00, 0x08, 0xFF, 0xFF, 0xFB, 0x00,
    0x6F, 0xFF, 0xFF, 0xC0, 0x00, 0x00, 0x00, 0x00, 0x02, 0xFF, 0xFF, 0xFF, 0x20, 0xCF, 0xFF, 0xFF,
    0x70, 0x00, 0x00, 0x00, 0x00, 0x00, 0xCF, 0xFF, 0xFF, 0x72, 0xFF, 0xFF, 0xFF, 0x10, 0x00, 0x00,
    0x00, 0x00, 0x00, 0x6F, 0xFF, 0xFF, 0xC7, 0xFF, 0xFF, 0xFB, 0x00, 0x00, 0x00, 0x00, 0x00, 0x00,
    0x1F, 0xFF, 0xFF, 0xFE, 0xFF, 0xFF, 0xF5, 0x00, 0x00, 0x00, 0x00, 0x00, 0x00, 0x0A, 0xFF, 0xFF,
    0xFF, 0xFF, 0xFF, 0xE1, 0x00, 0x00, 0x00, 0x00, 0x00, 0x00, 0x05, 0xFF, 0xFF, 0xFF, 0xFF, 0xFF,
    0x90, 0x00, 0x00, 0x00, 0x00, 0x00, 0x00, 0x00, 0xEF, 0xFF, 0xFF, 0xFF, 0xFF, 0x40, 0x00, 0x00,
    0x00, 0x00, 0x00, 0x00, 0x00, 0x9F, 0xFF, 0xFF, 0xFF, 0xFD, 0x00, 0x00, 0x00, 0x00, 0x00, 0x00,
    0x00, 0x00, 0x3F, 0xFF, 0xFF, 0xFF, 0xF8, 0x00, 0x00, 0x00, 0x00, 0x00, 0x00, 0x00, 0x00, 0x0D,
    0xFF, 0xFF, 0xFF, 0xF2, 0x00, 0x00, 0x00, 0x00, 0xDF, 0xFF, 0xFF, 0x40, 0x00, 0x00, 0x00, 0x7F,
    0xFF, 0xFF, 0xE0, 0x00, 0x00, 0x00, 0x0B, 0xFF, 0xFF, 0xF5, 0xAF, 0xFF, 0xFF, 0x70, 0x00, 0x00,
    0x00, 0xAF, 0xFF, 0xFF, 0xF3, 0x00, 0x00, 0x00, 0x0F, 0xFF, 0xFF, 0xF1, 0x6F, 0xFF, 0xFF, 0xB0,
    0x00, 0x00, 0x00, 0xEF, 0xFF, 0xFF, 0xF6, 0x00, 0x00, 0x00, 0x3F, 0xFF, 0xFF, 0xD0, 0x2F, 0xFF,
    0xFF, 0xE0, 0x00, 0x00, 0x02, 0xFF, 0xFF, 0xFF, 0xFA, 0x00, 0x00, 0x00, 0x7F, 0xFF, 0xFF, 0x90,
    0x0E, 0xFF, 0xFF, 0xF3, 0x00, 0x00, 0x06, 0xFF, 0xFF, 0xFF, 0xFD, 0x00, 0x00, 0x00, 0xBF, 0xFF,
    0xFF, 0x60, 0x0A, 0xFF, 0xFF, 0xF7, 0x00, 0x00, 0x09, 0xFF, 0xFF, 0xFF, 0xFF, 0x20, 0x00, 0x00,
    0xEF, 0xFF, 0xFF, 0x20, 0x07, 0xFF, 0xFF, 0xFA, 0x00, 0x00, 0x0D, 0xFF, 0xFB, 0xFF, 0xFF, 0x50,
    0x00, 0x03, 0xFF, 0xFF, 0xFE, 0x00, 0x03, 0xFF, 0xFF, 0xFE, 0x00, 0x00, 0x1F, 0xFF, 0xF6, 0xEF,
    0xFF, 0x90, 0x00, 0x06, 0xFF, 0xFF, 0xFA, 0x00, 0x00, 0xEF, 0xFF, 0xFF, 0x20, 0x00, 0x5F, 0xFF,
    0xF2, 0xAF, 0xFF, 0xC0, 0x00, 0x0A, 0xFF, 0xFF, 0xF7, 0x00, 0x00, 0xBF, 0xFF, 0xFF, 0x60, 0x00,
    0x8F, 0xFF, 0xE0, 0x7F, 0xFF, 0xF1, 0x00, 0x0D, 0xFF, 0xFF, 0xF3, 0x00, 0x00, 0x8F, 0xFF, 0xFF,
    0x90, 0x00, 0xCF, 0xFF, 0xA0, 0x3F, 0xFF, 0xF4, 0x00, 0x2F, 0xFF, 0xFF, 0xE0, 0x00, 0x00, 0x4F,
    0xFF, 0xFF, 0xD0, 0x01, 0xFF, 0xFF, 0x70, 0x0E, 0xFF, 0xF8, 0x00, 0x5F, 0xFF, 0xFF, 0xB0, 0x00,
    0x00, 0x1F, 0xFF, 0xFF, 0xF1, 0x04, 0xFF, 0xFF, 0x30, 0x0B, 0xFF, 0xFB, 0x00, 0x9F, 0xFF, 0xFF,
    0x80, 0x00, 0x00, 0x0C, 0xFF, 0xFF, 0xF5, 0x07, 0xFF, 0xFE, 0x00, 0x07, 0xFF, 0xFE, 0x00, 0xCF,
    0xFF, 0xFF, 0x40, 0x00, 0x00, 0x09, 0xFF, 0xFF, 0xF8, 0x0B, 0xFF, 0xFB, 0x00, 0x04, 0xFF, 0xFF,
    0x31, 0xFF, 0xFF, 0xFF, 0x10, 0x00, 0x00, 0x05, 0xFF, 0xFF, 0xFC, 0x0E, 0xFF, 0xF8, 0x00, 0x01,
    0xFF, 0xFF, 0x74, 0xFF, 0xFF, 0xFC, 0x00, 0x00, 0x00, 0x01, 0xFF, 0xFF, 0xFF, 0x3F, 0xFF, 0xF4,
    0x00, 0x00, 0xCF, 0xFF, 0xA8, 0xFF, 0xFF, 0xF9, 0x00, 0x00, 0x00, 0x00, 0xDF, 0xFF, 0xFF, 0xAF,
    0xFF, 0xF1, 0x00, 0x00, 0x8F, 0xFF, 0xEC, 0xFF, 0xFF, 0xF5, 0x00, 0x00, 0x00, 0x00, 0x9F, 0xFF,
    0xFF, 0xFF, 0xFF, 0xC0, 0x00, 0x00, 0x5F, 0xFF, 0xFF, 0xFF, 0xFF, 0xF2, 0x00, 0x00, 0x00, 0x00,
    0x6F, 0xFF, 0xFF, 0xFF, 0xFF, 0x90, 0x00, 0x00, 0x1F, 0xFF, 0xFF, 0xFF, 0xFF, 0xD0, 0x00, 0x00,
    0x00, 0x00, 0x2F, 0xFF, 0xFF, 0xFF, 0xFF, 0x50, 0x00, 0x00, 0x0D, 0xFF, 0xFF, 0xFF, 0xFF, 0xA0,
    0x00, 0x00, 0x00, 0x00, 0x0E, 0xFF, 0xFF, 0xFF, 0xFF, 0x10, 0x00, 0x00, 0x09, 0xFF, 0xFF, 0xFF,
    0xFF, 0x60, 0x00, 0x00, 0x00, 0x00, 0x0A, 0xFF, 0xFF, 0xFF, 0xFD, 0x00, 0x00, 0x00, 0x06, 0xFF,
    0xFF, 0xFF, 0xFF, 0x30, 0x00, 0x00, 0x00, 0x00, 0x07, 0xFF, 0xFF, 0xFF, 0xF9, 0x00, 0x00, 0x00,
    0x02, 0xFF, 0xFF, 0xFF, 0xFE, 0x00, 0x00, 0x00, 0x00, 0x00, 0x03, 0xFF, 0xFF, 0xFF, 0xF6, 0x00,
    0x00, 0x00, 0x00, 0xEF, 0xFF, 0xFF, 0xFB, 0x00, 0x00, 0x00, 0x0A, 0xFF, 0xFF, 0xFE, 0x10, 0x00,
    0x00, 0x00, 0x00, 0xCF, 0xFF, 0xFF, 0xD0, 0x01, 0xEF, 0xFF, 0xFF, 0xA0, 0x00, 0x00, 0x00, 0x08,
    0xFF, 0xFF, 0xFF, 0x30, 0x00, 0x5F, 0xFF, 0xFF, 0xF5, 0x00, 0x00, 0x00, 0x3F, 0xFF, 0xFF, 0xF8,
    0x00, 0x00, 0x0A, 0xFF, 0xFF, 0xFE, 0x10, 0x00, 0x00, 0xCF, 0xFF, 0xFF, 0xC0, 0x00, 0x00, 0x01,
    0xEF, 0xFF, 0xFF, 0xA0, 0x00, 0x08, 0xFF, 0xFF, 0xFF, 0x30, 0x00, 0x00, 0x00, 0x5F, 0xFF, 0xFF,
    0xF5, 0x00, 0x3F, 0xFF, 0xFF, 0xF7, 0x00, 0x00, 0x00, 0x00, 0x09, 0xFF, 0xFF, 0xFE, 0x20, 0xDF,
    0xFF, 0xFF, 0xC0, 0x00, 0x00, 0x00, 0x00, 0x01, 0xDF, 0xFF, 0xFF, 0xB8, 0xFF, 0xFF, 0xFF, 0x20,
    0x00, 0x00, 0x00, 0x00, 0x00, 0x4F, 0xFF, 0xFF, 0xFF, 0xFF, 0xFF, 0xF7, 0x00, 0x00, 0x00, 0x00,
    0x00, 0x00, 0x09, 0xFF, 0xFF, 0xFF, 0xFF, 0xFF, 0xC0, 0x00, 0x00, 0x00, 0x00, 0x00, 0x00, 0x01,
    0xDF, 0xFF, 0xFF, 0xFF, 0xFE, 0x20, 0x00, 0x00, 0x00, 0x00, 0x00, 0x00, 0x00, 0x4F, 0xFF, 0xFF,
    0xFF, 0xF6, 0x00, 0x00, 0x00, 0x00, 0x00, 0x00, 0x00, 0x00, 0x1E, 0xFF, 0xFF, 0xFF, 0xF2, 0x00,
    0x00, 0x00, 0x00, 0x00, 0x00, 0x00, 0x00, 0x9F, 0xFF, 0xFF, 0xFF, 0xFC, 0x00, 0x00, 0x00, 0x00,
    0x00, 0x00, 0x00, 0x04, 0xFF, 0xFF, 0xFF, 0xFF, 0xFF, 0x70, 0x00, 0x00, 0x00, 0x00, 0x00, 0x00,
    0x1D, 0xFF, 0xFF, 0xFF, 0xFF, 0xFF, 0xF2, 0x00, 0x00, 0x00, 0x00, 0x00, 0x00, 0x9F, 0xFF, 0xFF,
    0xED, 0xFF, 0xFF, 0xFC, 0x00, 0x00, 0x00, 0x00, 0x00, 0x05, 0xFF, 0xFF, 0xFF, 0x63, 0xFF, 0xFF,
    0xFF, 0x70, 0x00, 0x00, 0x00, 0x00, 0x1E, 0xFF, 0xFF, 0xFB, 0x00, 0x8F, 0xFF, 0xFF, 0xF3, 0x00,
    0x00, 0x00, 0x00, 0xAF, 0xFF, 0xFF, 0xE1, 0x00, 0x0C, 0xFF, 0xFF, 0xFC, 0x00, 0x00, 0x00, 0x05,
    0xFF, 0xFF, 0xFF, 0x50, 0x00, 0x03, 0xFF, 0xFF, 0xFF, 0x80, 0x00, 0x00, 0x1E, 0xFF, 0xFF, 0xFA,
    0x00, 0x00, 0x00, 0x8F, 0xFF, 0xFF, 0xF3, 0x00, 0x00, 0xAF, 0xFF, 0xFF, 0xE1, 0x00, 0x00, 0x00,
    0x0C, 0xFF, 0xFF, 0xFC, 0x00, 0x05, 0xFF, 0xFF, 0xFF, 0x50, 0x00, 0x00, 0x00, 0x03, 0xFF, 0xFF,
    0xFF, 0x80, 0x1E, 0xFF, 0xFF, 0xFA, 0x00, 0x00, 0x00, 0x00, 0x00, 0x7F, 0xFF, 0xFF, 0xF3, 0x1E,
    0xFF, 0xFF, 0xFE, 0x10, 0x00, 0x00, 0x00, 0x00, 0x6F, 0xFF, 0xFF, 0xF9, 0x05, 0xFF, 0xFF, 0xFF,
    0x90, 0x00, 0x00, 0x00, 0x01, 0xEF, 0xFF, 0xFF, 0xE1, 0x00, 0xBF, 0xFF, 0xFF, 0xF4, 0x00, 0x00,
    0x00, 0x0A, 0xFF, 0xFF, 0xFF, 0x50, 0x00, 0x2E, 0xFF, 0xFF, 0xFD, 0x00, 0x00, 0x00, 0x4F, 0xFF,
    0xFF, 0xFA, 0x00, 0x00, 0x06, 0xFF, 0xFF, 0xFF, 0x80, 0x00, 0x01, 0xDF, 0xFF, 0xFF, 0xE1, 0x00,
    0x00, 0x00, 0xBF, 0xFF, 0xFF, 0xF2, 0x00, 0x08, 0xFF, 0xFF, 0xFF, 0x50, 0x00, 0x00, 0x00, 0x2E,
    0xFF, 0xFF, 0xFB, 0x00, 0x3F, 0xFF, 0xFF, 0xFB, 0x00, 0x00, 0x00, 0x00, 0x07, 0xFF, 0xFF, 0xFF,
    0x60, 0xCF, 0xFF, 0xFF, 0xE2, 0x00, 0x00, 0x00, 0x00, 0x00, 0xCF, 0xFF, 0xFF, 0xE8, 0xFF, 0xFF,
    0xFF, 0x60, 0x00, 0x00, 0x00, 0x00, 0x00, 0x2F, 0xFF, 0xFF, 0xFF, 0xFF, 0xFF, 0xFB, 0x00, 0x00,
    0x00, 0x00, 0x00, 0x00, 0x07, 0xFF, 0xFF, 0xFF, 0xFF, 0xFF, 0xE2, 0x00, 0x00, 0x00, 0x00, 0x00,
    0x00, 0x00, 0xCF, 0xFF, 0xFF, 0xFF, 0xFF, 0x70, 0x00, 0x00, 0x00, 0x00, 0x00, 0x00, 0x00, 0x3F,
    0xFF, 0xFF, 0xFF, 0xFC, 0x00, 0x00, 0x00, 0x00, 0x00, 0x00, 0x00, 0x00, 0x08, 0xFF, 0xFF, 0xFF,
    0xF2, 0x00, 0x00, 0x00, 0x00, 0x00, 0x00, 0x00, 0x00, 0x00, 0xEF, 0xFF, 0xFF, 0x90, 0x00, 0x00,
    0x00, 0x00, 0x00, 0x00, 0x00, 0x00, 0x00, 0xDF, 0xFF, 0xFF, 0x80, 0x00, 0x00, 0x00, 0x00, 0x00,
    0x00, 0x00, 0x00, 0x00, 0xDF, 0xFF, 0xFF, 0x80, 0x00, 0x00, 0x00, 0x00, 0x00, 0x00, 0x00, 0x00,
    0x00, 0xDF, 0xFF, 0xFF, 0x80, 0x00, 0x00, 0x00, 0x00, 0x00, 0x00, 0x00, 0x00, 0x00, 0xDF, 0xFF,
    0xFF, 0x80, 0x00, 0x00, 0x00, 0x00, 0x00, 0x00, 0x00, 0x00, 0x00, 0xDF, 0xFF, 0xFF, 0x80, 0x00,
    0x00, 0x00, 0x00, 0x00, 0x00, 0x00, 0x00, 0x00, 0xDF, 0xFF, 0xFF, 0x80, 0x00, 0x00, 0x00, 0x00,
    0x00, 0x00, 0x00, 0x00, 0x00, 0xDF, 0xFF, 0xFF, 0x80, 0x00, 0x00, 0x00, 0x00, 0x00, 0x00, 0x00,
    0x00, 0x00, 0xDF, 0xFF, 0xFF, 0x80, 0x00, 0x00, 0x00, 0x00, 0x00, 0x00, 0x00, 0x00, 0x00, 0xDF,
    0xFF, 0xFF, 0x80, 0x00, 0x00, 0x00, 0x00, 0x00, 0x00, 0x00, 0x00, 0x00, 0xDF, 0xFF, 0xFF, 0x80,
    0x00, 0x00, 0x00, 0x00, 0x1F, 0xFF, 0xFF, 0xFF, 0xFF, 0xFF, 0xFF, 0xFF, 0xFF, 0xFF, 0xFB, 0x00,
    0x1F, 0xFF, 0xFF, 0xFF, 0xFF, 0xFF, 0xFF, 0xFF, 0xFF, 0xFF, 0xFB, 0x00, 0x1F, 0xFF, 0xFF, 0xFF,
    0xFF, 0xFF, 0xFF, 0xFF, 0xFF, 0xFF, 0xFB, 0x00, 0x1F, 0xFF, 0xFF, 0xFF, 0xFF, 0xFF, 0xFF, 0xFF,
    0xFF, 0xFF, 0xFB, 0x00, 0x1F, 0xFF, 0xFF, 0xFF, 0xFF, 0xFF, 0xFF, 0xFF, 0xFF, 0xFF, 0xF4, 0x00,
    0x00, 0x00, 0x00, 0x00, 0x00, 0x00, 0x09, 0xFF, 0xFF, 0xFF, 0x60, 0x00, 0x00, 0x00, 0x00, 0x00,
    0x00, 0x00, 0x6F, 0xFF, 0xFF, 0xF9, 0x00, 0x00, 0x00, 0x00, 0x00, 0x00, 0x00, 0x04, 0xFF, 0xFF,
    0xFF, 0xB0, 0x00, 0x00, 0x00, 0x00, 0x00, 0x00, 0x00, 0x2E, 0xFF, 0xFF, 0xFD, 0x10, 0x00, 0x00,
    0x00, 0x00, 0x00, 0x00, 0x01, 0xCF, 0xFF, 0xFF, 0xE2, 0x00, 0x00, 0x00, 0x00, 0x00, 0x00, 0x00,
    0x0B, 0xFF, 0xFF, 0xFF, 0x40, 0x00, 0x00, 0x00, 0x00, 0x00, 0x00, 0x00, 0x8F, 0xFF, 0xFF, 0xF7,
    0x00, 0x00, 0x00, 0x00, 0x00, 0x00, 0x00, 0x05, 0xFF, 0xFF, 0xFF, 0xA0, 0x00, 0x00, 0x00, 0x00,
    0x00, 0x00, 0x00, 0x3F, 0xFF, 0xFF, 0xFC, 0x00, 0x00, 0x00, 0x00, 0x00, 0x00, 0x00, 0x02, 0xEF,
    0xFF, 0xFF, 0xD1, 0x00, 0x00, 0x00, 0x00, 0x00, 0x00, 0x00, 0x1C, 0xFF, 0xFF, 0xFE, 0x30, 0x00,
    0x00, 0x00, 0x00, 0x00, 0x00, 0x00, 0xAF, 0xFF, 0xFF, 0xF5, 0x00, 0x00, 0x00, 0x00, 0x00, 0x00,
    0x00, 0x07, 0xFF, 0xFF, 0xFF, 0x80, 0x00, 0x00, 0x00, 0x00, 0x00, 0x00, 0x00, 0x5F, 0xFF, 0xFF,
    0xFA, 0x00, 0x00, 0x00, 0x00, 0x00, 0x00, 0x00, 0x03, 0xEF, 0xFF, 0xFF, 0xC1, 0x00, 0x00, 0x00,
    0x00, 0x00, 0x00, 0x00, 0x1D, 0xFF, 0xFF, 0xFF, 0xFF, 0xFF, 0xFF, 0xFF, 0xFF, 0xFF, 0xFF, 0x20,
    0x7F, 0xFF, 0xFF, 0xFF, 0xFF, 0xFF, 0xFF, 0xFF, 0xFF, 0xFF, 0xFF, 0x20, 0x7F, 0xFF, 0xFF, 0xFF,
    0xFF, 0xFF, 0xFF, 0xFF, 0xFF, 0xFF, 0xFF, 0x20, 0x7F, 0xFF, 0xFF, 0xFF, 0xFF, 0xFF, 0xFF, 0xFF,
    0xFF, 0xFF, 0xFF, 0x20, 0x7F, 0xFF, 0xFF, 0xFF, 0xFF, 0xFF, 0xFF, 0xFF, 0xFF, 0xFF, 0xFF, 0x20,
    0x1F, 0xFF, 0xFF, 0xFF, 0xFF, 0xF4, 0x1F, 0xFF, 0xFF, 0xFF, 0xFF, 0xF4, 0x1F, 0xFF, 0xFF, 0xFF,
    0xFF, 0xF4, 0x1F, 0xFF, 0xFF, 0xFF, 0xFF, 0xF4, 0x1F, 0xFF, 0xFF, 0x80, 0x00, 0x00, 0x1F, 0xFF,
    0xFF, 0x80, 0x00, 0x00, 0x1F, 0xFF, 0xFF, 0x80, 0x00, 0x00, 0x1F, 0xFF, 0xFF, 0x80, 0x00, 0x00,
    0x1F, 0xFF, 0xFF, 0x80, 0x00, 0x00, 0x1F, 0xFF, 0xFF, 0x80, 0x00, 0x00, 0x1F, 0xFF, 0xFF, 0x80,
    0x00, 0x00, 0x1F, 0xFF, 0xFF, 0x80, 0x00, 0x00, 0x1F, 0xFF, 0xFF, 0x80, 0x00, 0x00, 0x1F, 0xFF,
    0xFF, 0x80, 0x00, 0x00, 0x1F, 0xFF, 0xFF, 0x80, 0x00, 0x00, 0x1F, 0xFF, 0xFF, 0x80, 0x00, 0x00,
    0x1F, 0xFF, 0xFF, 0x80, 0x00, 0x00, 0x1F, 0xFF, 0xFF, 0x80, 0x00, 0x00, 0x1F, 0xFF, 0xFF, 0x80,
    0x00, 0x00, 0x1F, 0xFF, 0xFF, 0x80, 0x00, 0x00, 0x1F, 0xFF, 0xFF, 0x80, 0x00, 0x00, 0x1F, 0xFF,
    0xFF, 0x80, 0x00, 0x00, 0x1F, 0xFF, 0xFF, 0x80, 0x00, 0x00, 0x1F, 0xFF, 0xFF, 0x80, 0x00, 0x00,
    0x1F, 0xFF, 0xFF, 0x80, 0x00, 0x00, 0x1F, 0xFF, 0xFF, 0x80, 0x00, 0x00, 0x1F, 0xFF, 0xFF, 0xFF,
    0xFF, 0xF4, 0x1F, 0xFF, 0xFF, 0xFF, 0xFF, 0xF4, 0x1F, 0xFF, 0xFF, 0xFF, 0xFF, 0xF4, 0x1F, 0xFF,
    0xFF, 0xFF, 0xFF, 0xF4, 0xDF, 0xFC, 0x00, 0x00, 0x00, 0x00, 0x00, 0x8F, 0xFF, 0x20, 0x00, 0x00,
    0x00, 0x00, 0x3F, 0xFF, 0x70, 0x00, 0x00, 0x00, 0x00, 0x0E, 0xFF, 0xB0, 0x00, 0x00, 0x00, 0x00,
    0x09, 0xFF, 0xF1, 0x00, 0x00, 0x00, 0x00, 0x04, 0xFF, 0xF6, 0x00, 0x00, 0x00, 0x00, 0x00, 0xEF,
    0xFB, 0x00, 0x00, 0x00, 0x00, 0x00, 0xAF, 0xFF, 0x10, 0x00, 0x00, 0x00, 0x00, 0x5F, 0xFF, 0x50,
    0x00, 0x00, 0x00, 0x00, 0x1F, 0xFF, 0xA0, 0x00, 0x00, 0x00, 0x00, 0x0B, 0xFF, 0xE0, 0x00, 0x00,
    0x00, 0x00, 0x06, 0xFF, 0xF4, 0x00, 0x00, 0x00, 0x00, 0x02, 0xFF, 0xF9, 0x00, 0x00, 0x00, 0x00,
    0x00, 0xCF, 0xFD, 0x00, 0x00, 0x00, 0x00, 0x00, 0x7F, 0xFF, 0x30, 0x00, 0x00, 0x00, 0x00, 0x3F,
    0xFF, 0x80, 0x00, 0x00, 0x00, 0x00, 0x0D, 0xFF, 0xC0, 0x00, 0x00, 0x00, 0x00, 0x08, 0xFF, 0xF2,
    0x00, 0x00, 0x00, 0x00, 0x03, 0xFF, 0xF7, 0x00, 0x00, 0x00, 0x00, 0x00, 0xEF, 0xFB, 0x00, 0x00,
    0x00, 0x00, 0x00, 0x9F, 0xFF, 0x10, 0x00, 0x00, 0x00, 0x00, 0x4F, 0xFF, 0x60, 0x00, 0x00, 0x00,
    0x00, 0x0E, 0xFF, 0xB0, 0x00, 0x00, 0x00, 0x00, 0x0A, 0xFF, 0xF1, 0x00, 0x00, 0x00, 0x00, 0x05,
    0xFF, 0xF5, 0x00, 0x00, 0x00, 0x00, 0x01, 0xFF, 0xFA, 0x00, 0x00, 0x00, 0x00, 0x00, 0xBF, 0xFE,
    0x00, 0x00, 0x00, 0x00, 0x00, 0x6F, 0xFF, 0x40, 0xAF, 0xFF, 0xFF, 0xFF, 0xFF, 0x90, 0xAF, 0xFF,
    0xFF, 0xFF, 0xFF, 0x90, 0xAF, 0xFF, 0xFF, 0xFF, 0xFF, 0x90, 0xAF, 0xFF, 0xFF, 0xFF, 0xFF, 0x90,
    0x00, 0x00, 0x0F, 0xFF, 0xFF, 0x90, 0x00, 0x00, 0x0F, 0xFF, 0xFF, 0x90, 0x00, 0x00, 0x0F, 0xFF,
    0xFF, 0x90, 0x00, 0x00, 0x0F, 0xFF, 0xFF, 0x90, 0x00, 0x00, 0x0F, 0xFF, 0xFF, 0x90, 0x00, 0x00,
    0x0F, 0xFF, 0xFF, 0x90, 0x00, 0x00, 0x0F, 0xFF, 0xFF, 0x90, 0x00, 0x00, 0x0F, 0xFF, 0xFF, 0x90,
    0x00, 0x00, 0x0F, 0xFF, 0xFF, 0x90, 0x00, 0x00, 0x0F, 0xFF, 0xFF, 0x90, 0x00, 0x00, 0x0F, 0xFF,
    0xFF, 0x90, 0x00, 0x00, 0x0F, 0xFF, 0xFF, 0x90, 0x00, 0x00, 0x0F, 0xFF, 0xFF, 0x90, 0x00, 0x00,
    0x0F, 0xFF, 0xFF, 0x90, 0x00, 0x00, 0x0F, 0xFF, 0xFF, 0x90, 0x00, 0x00, 0x0F, 0xFF, 0xFF, 0x90,
    0x00, 0x00, 0x0F, 0xFF, 0xFF, 0x90, 0x00, 0x00, 0x0F, 0xFF, 0xFF, 0x90, 0x00, 0x00, 0x0F, 0xFF,
    0xFF, 0x90, 0x00, 0x00, 0x0F, 0xFF, 0xFF, 0x90, 0x00, 0x00, 0x0F, 0xFF, 0xFF, 0x90, 0x00, 0x00,
    0x0F, 0xFF, 0xFF, 0x90, 0xAF, 0xFF, 0xFF, 0xFF, 0xFF, 0x90, 0xAF, 0xFF, 0xFF, 0xFF, 0xFF, 0x90,
    0xAF, 0xFF, 0xFF, 0xFF, 0xFF, 0x90, 0xAF, 0xFF, 0xFF, 0xFF, 0xFF, 0x90, 0x00, 0x00, 0x00, 0x00,
    0x5F, 0xFF, 0xFB, 0x00, 0x00, 0x00, 0x00, 0x00, 0x00, 0x00, 0x04, 0xFF, 0xFF, 0xFF, 0xB0, 0x00,
    0x00, 0x00, 0x00, 0x00, 0x00, 0x4F, 0xFF, 0xFF, 0xFF, 0xFA, 0x00, 0x00, 0x00, 0x00, 0x00, 0x04,
    0xEF, 0xFF, 0xFF, 0xFF, 0xFF, 0xA0, 0x00, 0x00, 0x00, 0x00, 0x3E, 0xFF, 0xFF, 0xA5, 0xEF, 0xFF,
    0xFA, 0x00, 0x00, 0x00, 0x03, 0xEF, 0xFF, 0xE6, 0x00, 0x2B, 0xFF, 0xFF, 0x90, 0x00, 0x00, 0x3E,
    0xFF, 0xFC, 0x20, 0x00, 0x00, 0x7F, 0xFF, 0xF9, 0x00, 0x03, 0xEF, 0xFF, 0x80, 0x00, 0x00, 0x00,
    0x03, 0xDF, 0xFF, 0x90, 0x2E, 0xFF, 0xD4, 0x00, 0x00, 0x00, 0x00, 0x00, 0x19, 0xFF, 0xF8, 0xFF,
    0xFF, 0xFF, 0xFF, 0xFF, 0xFF, 0xFF, 0xFF, 0xF0, 0xFF, 0xFF, 0xFF, 0xFF, 0xFF, 0xFF, 0xFF, 0xFF,
    0xF0, 0xFF, 0xFF, 0xFF, 0xFF, 0xFF, 0xFF, 0xFF, 0xFF, 0xF0, 0x1D, 0xFF, 0xFA, 0x00, 0x00, 0x01,
    0xCF, 0xFF, 0x60, 0x00, 0x00, 0x1C, 0xFF, 0xF3, 0x00, 0x00, 0x01, 0xCF, 0xFD, 0x10, 0x00, 0x00,
    0x1C, 0xFF, 0xB0, 0x00, 0x00, 0x01, 0xCF, 0xF8, 0x00, 0x14, 0x7A, 0xCD, 0xEF, 0xEE, 0xC9, 0x50,
    0x00, 0x00, 0x00, 0xEF, 0xFF, 0xFF, 0xFF, 0xFF, 0xFF, 0xFE, 0x50, 0x00, 0x00, 0xEF, 0xFF, 0xFF,
    0xFF, 0xFF, 0xFF, 0xFF, 0xF7, 0x00, 0x00, 0xEF, 0xFF, 0xFF, 0xFF, 0xFF, 0xFF, 0xFF, 0xFF, 0x30,
    0x00, 0xEF, 0xB6, 0x31, 0x00, 0x26, 0xDF, 0xFF, 0xFF, 0xA0, 0x00, 0xA3, 0x00, 0x00, 0x00, 0x00,
    0x1E, 0xFF, 0xFF, 0xE0, 0x00, 0x00, 0x00, 0x00, 0x00, 0x00, 0x0B, 0xFF, 0xFF, 0xF2, 0x00, 0x00,
    0x59, 0xBD, 0xEF, 0xFF, 0xFF, 0xFF, 0xFF, 0xF3, 0x00, 0x5D, 0xFF, 0xFF, 0xFF, 0xFF, 0xFF, 0xFF,
    0xFF, 0xF4, 0x05, 0xFF, 0xFF, 0xFF, 0xFF, 0xFF, 0xFF, 0xFF, 0xFF, 0xF4, 0x1E, 0xFF, 0xFF, 0xFF,
    0xFF, 0xFF, 0xFF, 0xFF, 0xFF, 0xF4, 0x5F, 0xFF, 0xFF, 0xF8, 0x31, 0x00, 0x0B, 0xFF, 0xFF, 0xF4,
    0x7F, 0xFF, 0xFF, 0x90, 0x00, 0x00, 0x0D, 0xFF, 0xFF, 0xF4, 0x7F, 0xFF, 0xFF, 0x90, 0x00, 0x00,
    0x6F, 0xFF, 0xFF, 0xF4, 0x6F, 0xFF, 0xFF, 0xF6, 0x11, 0x39, 0xFF, 0xFF, 0xFF, 0xF4, 0x1E, 0xFF,
    0xFF, 0xFF, 0xFF, 0xFF, 0xFF, 0xFF, 0xFF, 0xF4, 0x07, 0xFF, 0xFF, 0xFF, 0xFF, 0xFF, 0xCB, 0xFF,
    0xFF, 0xF4, 0x00, 0x8F, 0xFF, 0xFF, 0xFF, 0xFA, 0x1B, 0xFF, 0xFF, 0xF4, 0x00, 0x03, 0x9D, 0xFE,
    0xDA, 0x40, 0x0B, 0xFF, 0xFF, 0xF4, 0x2F, 0xFF, 0xFF, 0xC0, 0x00, 0x00, 0x00, 0x00, 0x00, 0x00,
    0x00, 0x2F, 0xFF, 0xFF, 0xC0, 0x00, 0x00, 0x00, 0x00, 0x00, 0x00, 0x00, 0x2F, 0xFF, 0xFF, 0xC0,
    0x00, 0x00, 0x00, 0x00, 0x00, 0x00, 0x00, 0x2F, 0xFF, 0xFF, 0xC0, 0x00, 0x00, 0x00, 0x00, 0x00,
    0x00, 0x00, 0x2F, 0xFF, 0xFF, 0xC0, 0x00, 0x00, 0x00, 0x00, 0x00, 0x00, 0x00, 0x2F, 0xFF, 0xFF,
    0xC0, 0x00, 0x00, 0x00, 0x00, 0x00, 0x00, 0x00, 0x2F, 0xFF, 0xFF, 0xC0, 0x00, 0x00, 0x00, 0x00,
    0x00, 0x00, 0x00, 0x2F, 0xFF, 0xFF, 0xC0, 0x03, 0x9D, 0xEE, 0xC8, 0x20, 0x00, 0x00, 0x2F, 0xFF,
    0xFF, 0xC0, 0x9F, 0xFF, 0xFF, 0xFF, 0xE6, 0x00, 0x00, 0x2F, 0xFF, 0xFF, 0xCA, 0xFF, 0xFF, 0xFF,
    0xFF, 0xFF, 0x60, 0x00, 0x2F, 0xFF, 0xFF, 0xFF, 0xFF, 0xFF, 0xFF, 0xFF, 0xFF, 0xF3, 0x00, 0x2F,
    0xFF, 0xFF, 0xFF, 0xB3, 0x01, 0x6E, 0xFF, 0xFF, 0xFB, 0x00, 0x2F, 0xFF, 0xFF, 0xFC, 0x00, 0x00,
    0x05, 0xFF, 0xFF, 0xFF, 0x20, 0x2F, 0xFF, 0xFF, 0xF4, 0x00, 0x00, 0x00, 0xCF, 0xFF, 0xFF, 0x70,
    0x2F, 0xFF, 0xFF, 0xF0, 0x00, 0x00, 0x00, 0x8F, 0xFF, 0xFF, 0xA0, 0x2F, 0xFF, 0xFF, 0xD0, 0x00,
    0x00, 0x00, 0x6F, 0xFF, 0xFF, 0xB0, 0x2F, 0xFF, 0xFF, 0xC0, 0x00, 0x00, 0x00, 0x5F, 0xFF, 0xFF,
    0xC0, 0x2F, 0xFF, 0xFF, 0xD0, 0x00, 0x00, 0x00, 0x6F, 0xFF, 0xFF, 0xB0, 0x2F, 0xFF, 0xFF, 0xF0,
    0x00, 0x00, 0x00, 0x8F, 0xFF, 0xFF, 0xA0, 0x2F, 0xFF, 0xFF, 0xF4, 0x00, 0x00, 0x00, 0xCF, 0xFF,
    0xFF, 0x70, 0x2F, 0xFF, 0xFF, 0xFC, 0x00, 0x00, 0x05, 0xFF, 0xFF, 0xFF, 0x20, 0x2F, 0xFF, 0xFF,
    0xFF, 0xB3, 0x01, 0x6E, 0xFF, 0xFF, 0xFB, 0x00, 0x2F, 0xFF, 0xFF, 0xFF, 0xFF, 0xFF, 0xFF, 0xFF,
    0xFF, 0xF3, 0x00, 0x2F, 0xFF, 0xFF, 0xCB, 0xFF, 0xFF, 0xFF, 0xFF, 0xFF, 0x60, 0x00, 0x2F, 0xFF,
    0xFF, 0xC0, 0x9F, 0xFF, 0xFF, 0xFF, 0xE6, 0x00, 0x00, 0x2F, 0xFF, 0xFF, 0xC0, 0x04, 0x9D, 0xEE,
    0xC8, 0x20, 0x00, 0x00, 0x00, 0x00, 0x00, 0x48, 0xCD, 0xEF, 0xDC, 0x95, 0x10, 0x00, 0x00, 0x5D,
    0xFF, 0xFF, 0xFF, 0xFF, 0xFF, 0xD0, 0x00, 0x09, 0xFF, 0xFF, 0xFF, 0xFF, 0xFF, 0xFF, 0xD0, 0x00,
    0x9F, 0xFF, 0xFF, 0xFF, 0xFF, 0xFF, 0xFF, 0xD0, 0x04, 0xFF, 0xFF, 0xFF, 0xE7, 0x20, 0x13, 0x8E,
    0xD0, 0x0C, 0xFF, 0xFF, 0xFE, 0x20, 0x00, 0x00, 0x01, 0x90, 0x2F, 0xFF, 0xFF, 0xF5, 0x00, 0x00,
    0x00, 0x00, 0x00, 0x5F, 0xFF, 0xFF, 0xE0, 0x00, 0x00, 0x00, 0x00, 0x00, 0x7F, 0xFF, 0xFF, 0xB0,
    0x00, 0x00, 0x00, 0x00, 0x00, 0x8F, 0xFF, 0xFF, 0xA0, 0x00, 0x00, 0x00, 0x00, 0x00, 0x7F, 0xFF,
    0xFF, 0xB0, 0x00, 0x00, 0x00, 0x00, 0x00, 0x5F, 0xFF, 0xFF, 0xE0, 0x00, 0x00, 0x00, 0x00, 0x00,
    0x2F, 0xFF, 0xFF, 0xF5, 0x00, 0x00, 0x00, 0x00, 0x00, 0x0C, 0xFF, 0xFF, 0xFE, 0x20, 0x00, 0x00,
    0x01, 0x90, 0x04, 0xFF, 0xFF, 0xFF, 0xE7, 0x20, 0x13, 0x8E, 0xD0, 0x00, 0x9F, 0xFF, 0xFF, 0xFF,
    0xFF, 0xFF, 0xFF, 0xD0, 0x00, 0x09, 0xFF, 0xFF, 0xFF, 0xFF, 0xFF, 0xFF, 0xD0, 0x00, 0x00, 0x5D,
    0xFF, 0xFF, 0xFF, 0xFF, 0xFF, 0xD0, 0x00, 0x00, 0x00, 0x48, 0xCD, 0xEF, 0xDC, 0x96, 0x20, 0x00,
    0x00, 0x00, 0x00, 0x00, 0x00, 0x00, 0x8F, 0xFF, 0xFF, 0x70, 0x00, 0x00, 0x00, 0x00, 0x00, 0x00,
    0x00, 0x8F, 0xFF, 0xFF, 0x70, 0x00, 0x00, 0x00, 0x00, 0x00, 0x00, 0x00, 0x8F, 0xFF, 0xFF, 0x70,
    0x00, 0x00, 0x00, 0x00, 0x00, 0x00, 0x00, 0x8F, 0xFF, 0xFF, 0x70, 0x00, 0x00, 0x00, 0x00, 0x00,
    0x00, 0x00, 0x8F, 0xFF, 0xFF, 0x70, 0x00, 0x00, 0x00, 0x00, 0x00, 0x00, 0x00, 0x8F, 0xFF, 0xFF,
    0x70, 0x00, 0x00, 0x00, 0x00, 0x00, 0x00, 0x00, 0x8F, 0xFF, 0xFF, 0x70, 0x00, 0x00, 0x06, 0xBE,
    0xFD, 0xB5, 0x00, 0x8F, 0xFF, 0xFF, 0x70, 0x00, 0x03, 0xDF, 0xFF, 0xFF, 0xFF, 0xC2, 0x8F, 0xFF,
    0xFF, 0x70, 0x00, 0x2E, 0xFF, 0xFF, 0xFF, 0xFF, 0xFD, 0x9F, 0xFF, 0xFF, 0x70, 0x00, 0xCF, 0xFF,
    0xFF, 0xFF, 0xFF, 0xFF, 0xFF, 0xFF, 0xFF, 0x70, 0x06, 0xFF, 0xFF, 0xFF, 0xA2, 0x02, 0x8F, 0xFF,
    0xFF, 0xFF, 0x70, 0x0C, 0xFF, 0xFF, 0xFA, 0x00, 0x00, 0x07, 0xFF, 0xFF, 0xFF, 0x70, 0x2F, 0xFF,
    0xFF, 0xF2, 0x00, 0x00, 0x00, 0xEF, 0xFF, 0xFF, 0x70, 0x5F, 0xFF, 0xFF, 0xD0, 0x00, 0x00, 0x00,
    0xAF, 0xFF, 0xFF, 0x70, 0x6F, 0xFF, 0xFF, 0xB0, 0x00, 0x00, 0x00, 0x8F, 0xFF, 0xFF, 0x70, 0x7F,
    0xFF, 0xFF, 0xB0, 0x00, 0x00, 0x00, 0x8F, 0xFF, 0xFF, 0x70, 0x6F, 0xFF, 0xFF, 0xB0, 0x00, 0x00,
    0x00, 0x8F, 0xFF, 0xFF, 0x70, 0x5F, 0xFF, 0xFF, 0xD0, 0x00, 0x00, 0x00, 0xAF, 0xFF, 0xFF, 0x70,
    0x2F, 0xFF, 0xFF, 0xF2, 0x00, 0x00, 0x00, 0xEF, 0xFF, 0xFF, 0x70, 0x0C, 0xFF, 0xFF, 0xFA, 0x00,
    0x00, 0x07, 0xFF, 0xFF, 0xFF, 0x70, 0x06, 0xFF, 0xFF, 0xFF, 0xA2, 0x02, 0x8F, 0xFF, 0xFF, 0xFF,
    0x70, 0x00, 0xCF, 0xFF, 0xFF, 0xFF, 0xFF, 0xFF, 0xFF, 0xFF, 0xFF, 0x70, 0x00, 0x2E, 0xFF, 0xFF,
    0xFF, 0xFF, 0xFD, 0x9F, 0xFF, 0xFF, 0x70, 0x00, 0x03, 0xDF, 0xFF, 0xFF, 0xFF, 0xC2, 0x8F, 0xFF,
    0xFF, 0x70, 0x00, 0x00, 0x06, 0xBE, 0xFD, 0xB6, 0x00, 0x8F, 0xFF, 0xFF, 0x70, 0x00, 0x00, 0x00,
    0x59, 0xCE, 0xFE, 0xDA, 0x61, 0x00, 0x00, 0x00, 0x00, 0x00, 0x6D, 0xFF, 0xFF, 0xFF, 0xFF, 0xFE,
    0x70, 0x00, 0x00, 0x00, 0x0A, 0xFF, 0xFF, 0xFF, 0xFF, 0xFF, 0xFF, 0xFB, 0x00, 0x00, 0x00, 0x9F,
    0xFF, 0xFF, 0xFF, 0xFF, 0xFF, 0xFF, 0xFF, 0x90, 0x00, 0x04, 0xFF, 0xFF, 0xFE, 0x82, 0x12, 0x6E,
    0xFF, 0xFF, 0xF4, 0x00, 0x0C, 0xFF, 0xFF, 0xF4, 0x00, 0x00, 0x03, 0xFF, 0xFF, 0xFC, 0x00, 0x2F,
    0xFF, 0xFF, 0xC0, 0x00, 0x00, 0x00, 0xCF, 0xFF, 0xFF, 0x10, 0x5F, 0xFF, 0xFF, 0xFF, 0xFF, 0xFF,
    0xFF, 0xFF, 0xFF, 0xFF, 0x40, 0x7F, 0xFF, 0xFF, 0xFF, 0xFF, 0xFF, 0xFF, 0xFF, 0xFF, 0xFF, 0x50,
    0x8F, 0xFF, 0xFF, 0xFF, 0xFF, 0xFF, 0xFF, 0xFF, 0xFF, 0xFF, 0x60, 0x7F, 0xFF, 0xFF, 0xFF, 0xFF,
    0xFF, 0xFF, 0xFF, 0xFF, 0xFF, 0x60, 0x5F, 0xFF, 0xFF, 0x90, 0x00, 0x00, 0x00, 0x00, 0x00, 0x00,
    0x00, 0x2F, 0xFF, 0xFF, 0xD0, 0x00, 0x00, 0x00, 0x00, 0x00, 0x00, 0x00, 0x0C, 0xFF, 0xFF, 0xF8,
    0x00, 0x00, 0x00, 0x00, 0x02, 0x87, 0x00, 0x04, 0xFF, 0xFF, 0xFF, 0xB4, 0x10, 0x12, 0x58, 0xCF,
    0xF8, 0x00, 0x00, 0x9F, 0xFF, 0xFF, 0xFF, 0xFF, 0xFF, 0xFF, 0xFF, 0xF8, 0x00, 0x00, 0x0A, 0xFF,
    0xFF, 0xFF, 0xFF, 0xFF, 0xFF, 0xFF, 0xF8, 0x00, 0x00, 0x00, 0x6D, 0xFF, 0xFF, 0xFF, 0xFF, 0xFF,
    0xFF, 0xF8, 0x00, 0x00, 0x00, 0x00, 0x59, 0xCD, 0xEF, 0xED, 0xCB, 0x85, 0x30, 0x00, 0x00, 0x00,
    0x00, 0x49, 0xDE, 0xFF, 0xFF, 0xF1, 0x00, 0x00, 0x0A, 0xFF, 0xFF, 0xFF, 0xFF, 0xF1, 0x00, 0x00,
    0x9F, 0xFF, 0xFF, 0xFF, 0xFF, 0xF1, 0x00, 0x01, 0xFF, 0xFF, 0xFF, 0xFF, 0xFF, 0xF1, 0x00, 0x04,
    0xFF, 0xFF, 0xFE, 0x30, 0x00, 0x00, 0x00, 0x05, 0xFF, 0xFF, 0xF9, 0x00, 0x00, 0x00, 0x00, 0x06,
    0xFF, 0xFF, 0xF8, 0x00, 0x00, 0x00, 0x5F, 0xFF, 0xFF, 0xFF, 0xFF, 0xFF, 0xFF, 0x90, 0x5F, 0xFF,
    0xFF, 0xFF, 0xFF, 0xFF, 0xFF, 0x90, 0x5F, 0xFF, 0xFF, 0xFF, 0xFF, 0xFF, 0xFF, 0x90, 0x5F, 0xFF,
    0xFF, 0xFF, 0xFF, 0xFF, 0xFF, 0x90, 0x00, 0x06, 0xFF, 0xFF, 0xF8, 0x00, 0x00, 0x00, 0x00, 0x06,
    0xFF, 0xFF, 0xF8, 0x00, 0x00, 0x00, 0x00, 0x06, 0xFF, 0xFF, 0xF8, 0x00, 0x00, 0x00, 0x00, 0x06,
    0xFF, 0xFF, 0xF8, 0x00, 0x00, 0x00, 0x00, 0x06, 0xFF, 0xFF, 0xF8, 0x00, 0x00, 0x00, 0x00, 0x06,
    0xFF, 0xFF, 0xF8, 0x00, 0x00, 0x00, 0x00, 0x06, 0xFF, 0xFF, 0xF8, 0x00, 0x00, 0x00, 0x00, 0x06,
    0xFF, 0xFF, 0xF8, 0x00, 0x00, 0x00, 0x00, 0x06, 0xFF, 0xFF, 0xF8, 0x00, 0x00, 0x00, 0x00, 0x06,
    0xFF, 0xFF, 0xF8, 0x00, 0x00, 0x00, 0x00, 0x06, 0xFF, 0xFF, 0xF8, 0x00, 0x00, 0x00, 0x00, 0x06,
    0xFF, 0xFF, 0xF8, 0x00, 0x00, 0x00, 0x00, 0x06, 0xFF, 0xFF, 0xF8, 0x00, 0x00, 0x00, 0x00, 0x06,
    0xFF, 0xFF, 0xF8, 0x00, 0x00, 0x00, 0x00, 0x06, 0xFF, 0xFF, 0xF8, 0x00, 0x00, 0x00, 0x00, 0x00,
    0x06, 0xBE, 0xFD, 0xB6, 0x00, 0x8F, 0xFF, 0xFF, 0x70, 0x00, 0x02, 0xCF, 0xFF, 0xFF, 0xFF, 0xC2,
    0x8F, 0xFF, 0xFF, 0x70, 0x00, 0x2E, 0xFF, 0xFF, 0xFF, 0xFF, 0xFD, 0x9F, 0xFF, 0xFF, 0x70, 0x00,
    0xCF, 0xFF, 0xFF, 0xFF, 0xFF, 0xFF, 0xFF, 0xFF, 0xFF, 0x70, 0x06, 0xFF, 0xFF, 0xFF, 0xA3, 0x02,
    0x8F, 0xFF, 0xFF, 0xFF, 0x70, 0x0C, 0xFF, 0xFF, 0xFB, 0x00, 0x00, 0x08, 0xFF, 0xFF, 0xFF, 0x70,
    0x1F, 0xFF, 0xFF, 0xF3, 0x00, 0x00, 0x01, 0xEF, 0xFF, 0xFF, 0x70, 0x5F, 0xFF, 0xFF, 0xD0, 0x00,
    0x00, 0x00, 0xBF, 0xFF, 0xFF, 0x70, 0x6F, 0xFF, 0xFF, 0xB0, 0x00, 0x00, 0x00, 0x8F, 0xFF, 0xFF,
    0x70, 0x7F, 0xFF, 0xFF, 0xA0, 0x00, 0x00, 0x00, 0x8F, 0xFF, 0xFF, 0x70, 0x6F, 0xFF, 0xFF, 0xB0,
    0x00, 0x00, 0x00, 0x8F, 0xFF, 0xFF, 0x70, 0x5F, 0xFF, 0xFF, 0xD0, 0x00, 0x00, 0x00, 0xBF, 0xFF,
    0xFF, 0x70, 0x1F, 0xFF, 0xFF, 0xF2, 0x00, 0x00, 0x01, 0xEF, 0xFF, 0xFF, 0x70, 0x0C, 0xFF, 0xFF,
    0xFA, 0x00, 0x00, 0x08, 0xFF, 0xFF, 0xFF, 0x70, 0x06, 0xFF, 0xFF, 0xFF, 0x92, 0x02, 0x8F, 0xFF,
    0xFF, 0xFF, 0x70, 0x00, 0xCF, 0xFF, 0xFF, 0xFF, 0xFF, 0xFF, 0xFF, 0xFF, 0xFF, 0x70, 0x00, 0x2E,
    0xFF, 0xFF, 0xFF, 0xFF, 0xFD, 0x9F, 0xFF, 0xFF, 0x70, 0x00, 0x02, 0xCF, 0xFF, 0xFF, 0xFF, 0xC2,
    0x8F, 0xFF, 0xFF, 0x70, 0x00, 0x00, 0x06, 0xBE, 0xFD, 0xB6, 0x00, 0x9F, 0xFF, 0xFF, 0x60, 0x00,
    0x00, 0x00, 0x00, 0x00, 0x00, 0x00, 0xEF, 0xFF, 0xFF, 0x30, 0x00, 0x39, 0x10, 0x00, 0x00, 0x00,
    0x08, 0xFF, 0xFF, 0xFE, 0x00, 0x00, 0x3F, 0xF9, 0x52, 0x00, 0x25, 0xBF, 0xFF, 0xFF, 0xF7, 0x00,
    0x00, 0x3F, 0xFF, 0xFF, 0xFF, 0xFF, 0xFF, 0xFF, 0xFF, 0xC0, 0x00, 0x00, 0x3F, 0xFF, 0xFF, 0xFF,
    0xFF, 0xFF, 0xFF, 0xFC, 0x10, 0x00, 0x00, 0x3F, 0xFF, 0xFF, 0xFF, 0xFF, 0xFF, 0xFE, 0x70, 0x00,
    0x00, 0x00, 0x02, 0x69, 0xCD, 0xEF, 0xED, 0xB9, 0x50, 0x00, 0x00, 0x00, 0x2F, 0xFF, 0xFF, 0xC0,
    0x00, 0x00, 0x00, 0x00, 0x00, 0x00, 0x2F, 0xFF, 0xFF, 0xC0, 0x00, 0x00, 0x00, 0x00, 0x00, 0x00,
    0x2F, 0xFF, 0xFF, 0xC0, 0x00, 0x00, 0x00, 0x00, 0x00, 0x00, 0x2F, 0xFF, 0xFF, 0xC0, 0x00, 0x00,
    0x00, 0x00, 0x00, 0x00, 0x2F, 0xFF, 0xFF, 0xC0, 0x00, 0x00, 0x00, 0x00, 0x00, 0x00, 0x2F, 0xFF,
    0xFF, 0xC0, 0x00, 0x00, 0x00, 0x00, 0x00, 0x00, 0x2F, 0xFF, 0xFF, 0xC0, 0x00, 0x00, 0x00, 0x00,
    0x00, 0x00, 0x2F, 0xFF, 0xFF, 0xC0, 0x03, 0x8D, 0xEE, 0xD9, 0x20, 0x00, 0x2F, 0xFF, 0xFF, 0xC0,
    0x8F, 0xFF, 0xFF, 0xFF, 0xE5, 0x00, 0x2F, 0xFF, 0xFF, 0xCA, 0xFF, 0xFF, 0xFF, 0xFF, 0xFF, 0x20,
    0x2F, 0xFF, 0xFF, 0xFF, 0xFF, 0xFF, 0xFF, 0xFF, 0xFF, 0xA0, 0x2F, 0xFF, 0xFF, 0xFF, 0xFF, 0xFF,
    0xFF, 0xFF, 0xFF, 0xF1, 0x2F, 0xFF, 0xFF, 0xFF, 0xB3, 0x02, 0x9F, 0xFF, 0xFF, 0xF4, 0x2F, 0xFF,
    0xFF, 0xFC, 0x00, 0x00, 0x0C, 0xFF, 0xFF, 0xF7, 0x2F, 0xFF, 0xFF, 0xF4, 0x00, 0x00, 0x08, 0xFF,
    0xFF, 0xF8, 0x2F, 0xFF, 0xFF, 0xE0, 0x00, 0x00, 0x07, 0xFF, 0xFF, 0xF8, 0x2F, 0xFF, 0xFF, 0xD0,
    0x00, 0x00, 0x07, 0xFF, 0xFF, 0xF8, 0x2F, 0xFF, 0xFF, 0xC0, 0x00, 0x00, 0x06, 0xFF, 0xFF, 0xF8,
    0x2F, 0xFF, 0xFF, 0xC0, 0x00, 0x00, 0x06, 0xFF, 0xFF, 0xF8, 0x2F, 0xFF, 0xFF, 0xC0, 0x00, 0x00,
    0x06, 0xFF, 0xFF, 0xF8, 0x2F, 0xFF, 0xFF, 0xC0, 0x00, 0x00, 0x06, 0xFF, 0xFF, 0xF8, 0x2F, 0xFF,
    0xFF, 0xC0, 0x00, 0x00, 0x06, 0xFF, 0xFF, 0xF8, 0x2F, 0xFF, 0xFF, 0xC0, 0x00, 0x00, 0x06, 0xFF,
    0xFF, 0xF8, 0x2F, 0xFF, 0xFF, 0xC0, 0x00, 0x00, 0x06, 0xFF, 0xFF, 0xF8, 0x2F, 0xFF, 0xFF, 0xC0,
    0x00, 0x00, 0x06, 0xFF, 0xFF, 0xF8, 0x2F, 0xFF, 0xFF, 0xC0, 0x00, 0x00, 0x06, 0xFF, 0xFF, 0xF8,
    0x2F, 0xFF, 0xFF, 0xC0, 0x2F, 0xFF, 0xFF, 0xC0, 0x2F, 0xFF, 0xFF, 0xC0, 0x2F, 0xFF, 0xFF, 0xC0,
    0x2F, 0xFF, 0xFF, 0xC0, 0x00, 0x00, 0x00, 0x00, 0x00, 0x00, 0x00, 0x00, 0x2F, 0xFF, 0xFF, 0xC0,
    0x2F, 0xFF, 0xFF, 0xC0, 0x2F, 0xFF, 0xFF, 0xC0, 0x2F, 0xFF, 0xFF, 0xC0, 0x2F, 0xFF, 0xFF, 0xC0,
    0x2F, 0xFF, 0xFF, 0xC0, 0x2F, 0xFF, 0xFF, 0xC0, 0x2F, 0xFF, 0xFF, 0xC0, 0x2F, 0xFF, 0xFF, 0xC0,
    0x2F, 0xFF, 0xFF, 0xC0, 0x2F, 0xFF, 0xFF, 0xC0, 0x2F, 0xFF, 0xFF, 0xC0, 0x2F, 0xFF, 0xFF, 0xC0,
    0x2F, 0xFF, 0xFF, 0xC0, 0x2F, 0xFF, 0xFF, 0xC0, 0x2F, 0xFF, 0xFF, 0xC0, 0x2F, 0xFF, 0xFF, 0xC0,
    0x2F, 0xFF, 0xFF, 0xC0, 0x2F, 0xFF, 0xFF, 0xC0, 0x00, 0x00, 0x2F, 0xFF, 0xFF, 0xC0, 0x00, 0x00,
    0x2F, 0xFF, 0xFF, 0xC0, 0x00, 0x00, 0x2F, 0xFF, 0xFF, 0xC0, 0x00, 0x00, 0x2F, 0xFF, 0xFF, 0xC0,
    0x00, 0x00, 0x2F, 0xFF, 0xFF, 0xC0, 0x00, 0x00, 0x00, 0x00, 0x00, 0x00, 0x00, 0x00, 0x00, 0x00,
    0x00, 0x00, 0x00, 0x00, 0x2F, 0xFF, 0xFF, 0xC0, 0x00, 0x00, 0x2F, 0xFF, 0xFF, 0xC0, 0x00, 0x00,
    0x2F, 0xFF, 0xFF, 0xC0, 0x00, 0x00, 0x2F, 0xFF, 0xFF, 0xC0, 0x00, 0x00, 0x2F, 0xFF, 0xFF, 0xC0,
    0x00, 0x00, 0x2F, 0xFF, 0xFF, 0xC0, 0x00, 0x00, 0x2F, 0xFF, 0xFF, 0xC0, 0x00, 0x00, 0x2F, 0xFF,
    0xFF, 0xC0, 0x00, 0x00, 0x2F, 0xFF, 0xFF, 0xC0, 0x00, 0x00, 0x2F, 0xFF, 0xFF, 0xC0, 0x00, 0x00,
    0x2F, 0xFF, 0xFF, 0xC0, 0x00, 0x00, 0x2F, 0xFF, 0xFF, 0xC0, 0x00, 0x00, 0x2F, 0xFF, 0xFF, 0xC0,
    0x00, 0x00, 0x2F, 0xFF, 0xFF, 0xC0, 0x00, 0x00, 0x2F, 0xFF, 0xFF, 0xC0, 0x00, 0x00, 0x2F, 0xFF,
    0xFF, 0xC0, 0x00, 0x00, 0x2F, 0xFF, 0xFF, 0xC0, 0x00, 0x00, 0x2F, 0xFF, 0xFF, 0xC0, 0x00, 0x00,
    0x2F, 0xFF, 0xFF, 0xC0, 0x00, 0x00, 0x3F, 0xFF, 0xFF, 0xB0, 0x00, 0x00, 0x6F, 0xFF, 0xFF, 0x90,
    0x00, 0x14, 0xEF, 0xFF, 0xFF, 0x50, 0x2F, 0xFF, 0xFF, 0xFF, 0xFE, 0x00, 0x2F, 0xFF, 0xFF, 0xFF,
    0xF5, 0x00, 0x2F, 0xFF, 0xFF, 0xFF, 0x70, 0x00, 0x2F, 0xFF, 0xED, 0x92, 0x00, 0x00, 0x2F, 0xFF,
    0xFF, 0xC0, 0x00, 0x00, 0x00, 0x00, 0x00, 0x00, 0x00, 0x2F, 0xFF, 0xFF, 0xC0, 0x00, 0x00, 0x00,
    0x00, 0x00, 0x00, 0x00, 0x2F, 0xFF, 0xFF, 0xC0, 0x00, 0x00, 0x00, 0x00, 0x00, 0x00, 0x00, 0x2F,
    0xFF, 0xFF, 0xC0, 0x00, 0x00, 0x00, 0x00, 0x00, 0x00, 0x00, 0x2F, 0xFF, 0xFF, 0xC0, 0x00, 0x00,
    0x00, 0x00, 0x00, 0x00, 0x00, 0x2F, 0xFF, 0xFF, 0xC0, 0x00, 0x00, 0x00, 0x00, 0x00, 0x00, 0x00,
    0x2F, 0xFF, 0xFF, 0xC0, 0x00, 0x00, 0x00, 0x00, 0x00, 0x00, 0x00, 0x2F, 0xFF, 0xFF, 0xC0, 0x00,
    0x00, 0x1C, 0xFF, 0xFF, 0xFD, 0x20, 0x2F, 0xFF, 0xFF, 0xC0, 0x00, 0x01, 0xCF, 0xFF, 0xFF, 0xD2,
    0x00, 0x2F, 0xFF, 0xFF, 0xC0, 0x00, 0x1C, 0xFF, 0xFF, 0xFD, 0x20, 0x00, 0x2F, 0xFF, 0xFF, 0xC0,
    0x01, 0xBF, 0xFF, 0xFF, 0xC1, 0x00, 0x00, 0x2F, 0xFF, 0xFF, 0xC0, 0x1B, 0xFF, 0xFF, 0xFC, 0x10,
    0x00, 0x00, 0x2F, 0xFF, 0xFF, 0xC0, 0xBF, 0xFF, 0xFF, 0xB1, 0x00, 0x00, 0x00, 0x2F, 0xFF, 0xFF,
    0xCB, 0xFF, 0xFF, 0xFB, 0x10, 0x00, 0x00, 0x00, 0x2F, 0xFF, 0xFF, 0xFF, 0xFF, 0xFF, 0xB0, 0x00,
    0x00, 0x00, 0x00, 0x2F, 0xFF, 0xFF, 0xFF, 0xFF, 0xFB, 0x00, 0x00, 0x00, 0x00, 0x00, 0x2F, 0xFF,
    0xFF, 0xFF, 0xFF, 0xFE, 0x40, 0x00, 0x00, 0x00, 0x00, 0x2F, 0xFF, 0xFF, 0xFF, 0xFF, 0xFF, 0xE3,
    0x00, 0x00, 0x00, 0x00, 0x2F, 0xFF, 0xFF, 0xDC, 0xFF, 0xFF, 0xFE, 0x30, 0x00, 0x00, 0x00, 0x2F,
    0xFF, 0xFF, 0xC1, 0xCF, 0xFF, 0xFF, 0xE2, 0x00, 0x00, 0x00, 0x2F, 0xFF, 0xFF, 0xC0, 0x2D, 0xFF,
    0xFF, 0xFD, 0x20, 0x00, 0x00, 0x2F, 0xFF, 0xFF, 0xC0, 0x02, 0xEF, 0xFF, 0xFF, 0xD2, 0x00, 0x00,
    0x2F, 0xFF, 0xFF, 0xC0, 0x00, 0x3E, 0xFF, 0xFF, 0xFD, 0x10, 0x00, 0x2F, 0xFF, 0xFF, 0xC0, 0x00,
    0x04, 0xFF, 0xFF, 0xFF, 0xC1, 0x00, 0x2F, 0xFF, 0xFF, 0xC0, 0x00, 0x00, 0x5F, 0xFF, 0xFF, 0xFC,
    0x10, 0x2F, 0xFF, 0xFF, 0xC0, 0x00, 0x00, 0x06, 0xFF, 0xFF, 0xFF, 0xB1, 0x2F, 0xFF, 0xFF, 0xC0,
    0x2F, 0xFF, 0xFF, 0xC0, 0x2F, 0xFF, 0xFF, 0xC0, 0x2F, 0xFF, 0xFF, 0xC0, 0x2F, 0xFF, 0xFF, 0xC0,
    0x2F, 0xFF, 0xFF, 0xC0, 0x2F, 0xFF, 0xFF, 0xC0, 0x2F, 0xFF, 0xFF, 0xC0, 0x2F, 0xFF, 0xFF, 0xC0,
    0x2F, 0xFF, 0xFF, 0xC0, 0x2F, 0xFF, 0xFF, 0xC0, 0x2F, 0xFF, 0xFF, 0xC0, 0x2F, 0xFF, 0xFF, 0xC0,
    0x2F, 0xFF, 0xFF, 0xC0, 0x2F, 0xFF, 0xFF, 0xC0, 0x2F, 0xFF, 0xFF, 0xC0, 0x2F, 0xFF, 0xFF, 0xC0,
    0x2F, 0xFF, 0xFF, 0xC0, 0x2F, 0xFF, 0xFF, 0xC0, 0x2F, 0xFF, 0xFF, 0xC0, 0x2F, 0xFF, 0xFF, 0xC0,
    0x2F, 0xFF, 0xFF, 0xC0, 0x2F, 0xFF, 0xFF, 0xC0, 0x2F, 0xFF, 0xFF, 0xC0, 0x2F, 0xFF, 0xFF, 0xC0,
    0x2F, 0xFF, 0xFF, 0xC0, 0x3F, 0xFF, 0xFF, 0xC0, 0x04, 0xAD, 0xFD, 0xA3, 0x00, 0x00, 0x06, 0xBE,
    0xFD, 0x93, 0x00, 0x00, 0x3F, 0xFF, 0xFF, 0xC1, 0xAF, 0xFF, 0xFF, 0xFF, 0x70, 0x02, 0xCF, 0xFF,
    0xFF, 0xFF, 0x70, 0x00, 0x3F, 0xFF, 0xFF, 0xCB, 0xFF, 0xFF, 0xFF, 0xFF, 0xF6, 0x2E, 0xFF, 0xFF,
    0xFF, 0xFF, 0xF5, 0x00, 0x3F, 0xFF, 0xFF, 0xFF, 0xFF, 0xFF, 0xFF, 0xFF, 0xFE, 0xCF, 0xFF, 0xFF,
    0xFF, 0xFF, 0xFD, 0x00, 0x3F, 0xFF, 0xFF, 0xFF, 0xFF, 0xFF, 0xFF, 0xFF, 0xFF, 0xFF, 0xFF, 0xFF,
    0xFF, 0xFF, 0xFF, 0x40, 0x3F, 0xFF, 0xFF, 0xFF, 0x92, 0x14, 0xEF, 0xFF, 0xFF, 0xFF, 0x92, 0x15,
    0xEF, 0xFF, 0xFF, 0x70, 0x3F, 0xFF, 0xFF, 0xFA, 0x00, 0x00, 0x8F, 0xFF, 0xFF, 0xFA, 0x00, 0x00,
    0x7F, 0xFF, 0xFF, 0xA0, 0x3F, 0xFF, 0xFF, 0xF3, 0x00, 0x00, 0x5F, 0xFF, 0xFF, 0xF3, 0x00, 0x00,
    0x4F, 0xFF, 0xFF, 0xA0, 0x3F, 0xFF, 0xFF, 0xE0, 0x00, 0x00, 0x4F, 0xFF, 0xFF, 0xE0, 0x00, 0x00,
    0x3F, 0xFF, 0xFF, 0xB0, 0x3F, 0xFF, 0xFF, 0xC0, 0x00, 0x00, 0x3F, 0xFF, 0xFF, 0xC0, 0x00, 0x00,
    0x3F, 0xFF, 0xFF, 0xB0, 0x3F, 0xFF, 0xFF, 0xC0, 0x00, 0x00, 0x3F, 0xFF, 0xFF, 0xC0, 0x00, 0x00,
    0x4F, 0xFF, 0xFF, 0xB0, 0x3F, 0xFF, 0xFF, 0xC0, 0x00, 0x00, 0x3F, 0xFF, 0xFF, 0xC0, 0x00, 0x00,
    0x4F, 0xFF, 0xFF, 0xB0, 0x3F, 0xFF, 0xFF, 0xC0, 0x00, 0x00, 0x3F, 0xFF, 0xFF, 0xC0, 0x00, 0x00,
    0x4F, 0xFF, 0xFF, 0xB0, 0x3F, 0xFF, 0xFF, 0xC0, 0x00, 0x00, 0x3F, 0xFF, 0xFF, 0xC0, 0x00, 0x00,
    0x4F, 0xFF, 0xFF, 0xB0, 0x3F, 0xFF, 0xFF, 0xC0, 0x00, 0x00, 0x3F, 0xFF, 0xFF, 0xC0, 0x00, 0x00,
    0x4F, 0xFF, 0xFF, 0xB0, 0x3F, 0xFF, 0xFF, 0xC0, 0x00, 0x00, 0x3F, 0xFF, 0xFF, 0xC0, 0x00, 0x00,
    0x4F, 0xFF, 0xFF, 0xB0, 0x3F, 0xFF, 0xFF, 0xC0, 0x00, 0x00, 0x3F, 0xFF, 0xFF, 0xC0, 0x00, 0x00,
    0x4F, 0xFF, 0xFF, 0xB0, 0x3F, 0xFF, 0xFF, 0xC0, 0x00, 0x00, 0x3F, 0xFF, 0xFF, 0xC0, 0x00, 0x00,
    0x4F, 0xFF, 0xFF, 0xB0, 0x3F, 0xFF, 0xFF, 0xC0, 0x00, 0x00, 0x3F, 0xFF, 0xFF, 0xC0, 0x00, 0x00,
    0x4F, 0xFF, 0xFF, 0xB0, 0x2F, 0xFF, 0xFF, 0xC0, 0x03, 0x8D, 0xEE, 0xD9, 0x20, 0x00, 0x2F, 0xFF,
    0xFF, 0xC0, 0x8F, 0xFF, 0xFF, 0xFF, 0xE5, 0x00, 0x2F, 0xFF, 0xFF, 0xCA, 0xFF, 0xFF, 0xFF, 0xFF,
    0xFF, 0x20, 0x2F, 0xFF, 0xFF, 0xFF, 0xFF, 0xFF, 0xFF, 0xFF, 0xFF, 0xA0, 0x2F, 0xFF, 0xFF, 0xFF,
    0xFF, 0xFF, 0xFF, 0xFF, 0xFF, 0xF1, 0x2F, 0xFF, 0xFF, 0xFF, 0xB3, 0x02, 0x9F, 0xFF, 0xFF, 0xF4,
    0x2F, 0xFF, 0xFF, 0xFC, 0x00, 0x00, 0x0C, 0xFF, 0xFF, 0xF7, 0x2F, 0xFF, 0xFF, 0xF4, 0x00, 0x00,
    0x08, 0xFF, 0xFF, 0xF8, 0x2F, 0xFF, 0xFF, 0xE0, 0x00, 0x00, 0x07, 0xFF, 0xFF, 0xF8, 0x2F, 0xFF,
    0xFF, 0xD0, 0x00, 0x00, 0x07, 0xFF, 0xFF, 0xF8, 0x2F, 0xFF, 0xFF, 0xC0, 0x00, 0x00, 0x06, 0xFF,
    0xFF, 0xF8, 0x2F, 0xFF, 0xFF, 0xC0, 0x00, 0x00, 0x06, 0xFF, 0xFF, 0xF8, 0x2F, 0xFF, 0xFF, 0xC0,
    0x00, 0x00, 0x06, 0xFF, 0xFF, 0xF8, 0x2F, 0xFF, 0xFF, 0xC0, 0x00, 0x00, 0x06, 0xFF, 0xFF, 0xF8,
    0x2F, 0xFF, 0xFF, 0xC0, 0x00, 0x00, 0x06, 0xFF, 0xFF, 0xF8, 0x2F, 0xFF, 0xFF, 0xC0, 0x00, 0x00,
    0x06, 0xFF, 0xFF, 0xF8, 0x2F, 0xFF, 0xFF, 0xC0, 0x00, 0x00, 0x06, 0xFF, 0xFF, 0xF8, 0x2F, 0xFF,
    0xFF, 0xC0, 0x00, 0x00, 0x06, 0xFF, 0xFF, 0xF8, 0x2F, 0xFF, 0xFF, 0xC0, 0x00, 0x00, 0x06, 0xFF,
    0xFF, 0xF8, 0x00, 0x00, 0x01, 0x69, 0xCE, 0xFE, 0xDB, 0x72, 0x00, 0x00, 0x00, 0x00, 0x00, 0x7E,
    0xFF, 0xFF, 0xFF, 0xFF, 0xFF, 0xA1, 0x00, 0x00, 0x00, 0x0B, 0xFF, 0xFF, 0xFF, 0xFF, 0xFF, 0xFF,
    0xFD, 0x30, 0x00, 0x00, 0xAF, 0xFF, 0xFF, 0xFF, 0xFF, 0xFF, 0xFF, 0xFF, 0xE2, 0x00, 0x05, 0xFF,
    0xFF, 0xFF, 0xA3, 0x01, 0x7E, 0xFF, 0xFF, 0xFA, 0x00, 0x0C, 0xFF, 0xFF, 0xFA, 0x00, 0x00, 0x05,
    0xFF, 0xFF, 0xFF, 0x30, 0x2F, 0xFF, 0xFF, 0xF2, 0x00, 0x00, 0x00, 0xCF, 0xFF, 0xFF, 0x70, 0x5F,
    0xFF, 0xFF, 0xD0, 0x00, 0x00, 0x00, 0x7F, 0xFF, 0xFF, 0xB0, 0x7F, 0xFF, 0xFF, 0xB0, 0x00, 0x00,
    0x00, 0x5F, 0xFF, 0xFF, 0xC0, 0x8F, 0xFF, 0xFF, 0xA0, 0x00, 0x00, 0x00, 0x5F, 0xFF, 0xFF, 0xD0,
    0x7F, 0xFF, 0xFF, 0xB0, 0x00, 0x00, 0x00, 0x5F, 0xFF, 0xFF, 0xC0, 0x5F, 0xFF, 0xFF, 0xD0, 0x00,
    0x00, 0x00, 0x7F, 0xFF, 0xFF, 0xB0, 0x2F, 0xFF, 0xFF, 0xF2, 0x00, 0x00, 0x00, 0xCF, 0xFF, 0xFF,
    0x70, 0x0C, 0xFF, 0xFF, 0xFA, 0x00, 0x00, 0x05, 0xFF, 0xFF, 0xFF, 0x30, 0x05, 0xFF, 0xFF, 0xFF,
    0xA3, 0x01, 0x6E, 0xFF, 0xFF, 0xFA, 0x00, 0x00, 0xAF, 0xFF, 0xFF, 0xFF, 0xFF, 0xFF, 0xFF, 0xFF,
    0xE2, 0x00, 0x00, 0x0B, 0xFF, 0xFF, 0xFF, 0xFF, 0xFF, 0xFF, 0xFE, 0x30, 0x00, 0x00, 0x00, 0x7E,
    0xFF, 0xFF, 0xFF, 0xFF, 0xFF, 0xA1, 0x00, 0x00, 0x00, 0x00, 0x01, 0x69, 0xDE, 0xFE, 0xDB, 0x72,
    0x00, 0x00, 0x00, 0x2F, 0xFF, 0xFF, 0xC0, 0x03, 0x9D, 0xEE, 0xC8, 0x20, 0x00, 0x00, 0x2F, 0xFF,
    0xFF, 0xC0, 0x9F, 0xFF, 0xFF, 0xFF, 0xE6, 0x00, 0x00, 0x2F, 0xFF, 0xFF, 0xCA, 0xFF, 0xFF, 0xFF,
    0xFF, 0xFF, 0x60, 0x00, 0x2F, 0xFF, 0xFF, 0xFF, 0xFF, 0xFF, 0xFF, 0xFF, 0xFF, 0xF3, 0x00, 0x2F,
    0xFF, 0xFF, 0xFF, 0xB3, 0x01, 0x6E, 0xFF, 0xFF, 0xFB, 0x00, 0x2F, 0xFF, 0xFF, 0xFC, 0x00, 0x00,
    0x05, 0xFF, 0xFF, 0xFF, 0x20, 0x2F, 0xFF, 0xFF, 0xF4, 0x00, 0x00, 0x00, 0xCF, 0xFF, 0xFF, 0x70,
    0x2F, 0xFF, 0xFF, 0xF0, 0x00, 0x00, 0x00, 0x8F, 0xFF, 0xFF, 0xA0, 0x2F, 0xFF, 0xFF, 0xD0, 0x00,
    0x00, 0x00, 0x6F, 0xFF, 0xFF, 0xB0, 0x2F, 0xFF, 0xFF, 0xC0, 0x00, 0x00, 0x00, 0x5F, 0xFF, 0xFF,
    0xC0, 0x2F, 0xFF, 0xFF, 0xD0, 0x00, 0x00, 0x00, 0x6F, 0xFF, 0xFF, 0xB0, 0x2F, 0xFF, 0xFF, 0xF0,
    0x00, 0x00, 0x00, 0x8F, 0xFF, 0xFF, 0xA0, 0x2F, 0xFF, 0xFF, 0xF4, 0x00, 0x00, 0x00, 0xCF, 0xFF,
    0xFF, 0x70, 0x2F, 0xFF, 0xFF, 0xFC, 0x00, 0x00, 0x05, 0xFF, 0xFF, 0xFF, 0x20, 0x2F, 0xFF, 0xFF,
    0xFF, 0xB3, 0x01, 0x6E, 0xFF, 0xFF, 0xFB, 0x00, 0x2F, 0xFF, 0xFF, 0xFF, 0xFF, 0xFF, 0xFF, 0xFF,
    0xFF, 0xF3, 0x00, 0x2F, 0xFF, 0xFF, 0xCB, 0xFF, 0xFF, 0xFF, 0xFF, 0xFF, 0x60, 0x00, 0x2F, 0xFF,
    0xFF, 0xC0, 0x9F, 0xFF, 0xFF, 0xFF, 0xE6, 0x00, 0x00, 0x2F, 0xFF, 0xFF, 0xC0, 0x04, 0x9D, 0xEE,
    0xC8, 0x20, 0x00, 0x00, 0x2F, 0xFF, 0xFF, 0xC0, 0x00, 0x00, 0x00, 0x00, 0x00, 0x00, 0x00, 0x2F,
    0xFF, 0xFF, 0xC0, 0x00, 0x00, 0x00, 0x00, 0x00, 0x00, 0x00, 0x2F, 0xFF, 0xFF, 0xC0, 0x00, 0x00,
    0x00, 0x00, 0x00, 0x00, 0x00, 0x2F, 0xFF, 0xFF, 0xC0, 0x00, 0x00, 0x00, 0x00, 0x00, 0x00, 0x00,
    0x2F, 0xFF, 0xFF, 0xC0, 0x00, 0x00, 0x00, 0x00, 0x00, 0x00, 0x00, 0x2F, 0xFF, 0xFF, 0xC0, 0x00,
    0x00, 0x00, 0x00, 0x00, 0x00, 0x00, 0x2F, 0xFF, 0xFF, 0xC0, 0x00, 0x00, 0x00, 0x00, 0x00, 0x00,
    0x00, 0x00, 0x00, 0x06, 0xBE, 0xFD, 0xB6, 0x00, 0x8F, 0xFF, 0xFF, 0x70, 0x00, 0x03, 0xDF, 0xFF,
    0xFF, 0xFF, 0xC2, 0x8F, 0xFF, 0xFF, 0x70, 0x00, 0x2E, 0xFF, 0xFF, 0xFF, 0xFF, 0xFD, 0x9F, 0xFF,
    0xFF, 0x70, 0x00, 0xCF, 0xFF, 0xFF, 0xFF, 0xFF, 0xFF, 0xFF, 0xFF, 0xFF, 0x70, 0x06, 0xFF, 0xFF,
    0xFF, 0xA2, 0x02, 0x8F, 0xFF, 0xFF, 0xFF, 0x70, 0x0C, 0xFF, 0xFF, 0xFA, 0x00, 0x00, 0x07, 0xFF,
    0xFF, 0xFF, 0x70, 0x2F, 0xFF, 0xFF, 0xF2, 0x00, 0x00, 0x00, 0xEF, 0xFF, 0xFF, 0x70, 0x5F, 0xFF,
    0xFF, 0xD0, 0x00, 0x00, 0x00, 0xAF, 0xFF, 0xFF, 0x70, 0x6F, 0xFF, 0xFF, 0xB0, 0x00, 0x00, 0x00,
    0x8F, 0xFF, 0xFF, 0x70, 0x7F, 0xFF, 0xFF, 0xB0, 0x00, 0x00, 0x00, 0x8F, 0xFF, 0xFF, 0x70, 0x6F,
    0xFF, 0xFF, 0xB0, 0x00, 0x00, 0x00, 0x8F, 0xFF, 0xFF, 0x70, 0x5F, 0xFF, 0xFF, 0xD0, 0x00, 0x00,
    0x00, 0xAF, 0xFF, 0xFF, 0x70, 0x1F, 0xFF, 0xFF, 0xF2, 0x00, 0x00, 0x00, 0xEF, 0xFF, 0xFF, 0x70,
    0x0C, 0xFF, 0xFF, 0xFA, 0x00, 0x00, 0x07, 0xFF, 0xFF, 0xFF, 0x70, 0x06, 0xFF, 0xFF, 0xFF, 0xA2,
    0x02, 0x8F, 0xFF, 0xFF, 0xFF, 0x70, 0x00, 0xCF, 0xFF, 0xFF, 0xFF, 0xFF, 0xFF, 0xFF, 0xFF, 0xFF,
    0x70, 0x00, 0x2E, 0xFF, 0xFF, 0xFF, 0xFF, 0xFD, 0x9F, 0xFF, 0xFF, 0x70, 0x00, 0x03, 0xDF, 0xFF,
    0xFF, 0xFF, 0xC2, 0x8F, 0xFF, 0xFF, 0x70, 0x00, 0x00, 0x06, 0xBE, 0xFD, 0xB6, 0x00, 0x8F, 0xFF,
    0xFF, 0x70, 0x00, 0x00, 0x00, 0x00, 0x00, 0x00, 0x00, 0x8F, 0xFF, 0xFF, 0x70, 0x00, 0x00, 0x00,
    0x00, 0x00, 0x00, 0x00, 0x8F, 0xFF, 0xFF, 0x70, 0x00, 0x00, 0x00, 0x00, 0x00, 0x00, 0x00, 0x8F,
    0xFF, 0xFF, 0x70, 0x00, 0x00, 0x00, 0x00, 0x00, 0x00, 0x00, 0x8F, 0xFF, 0xFF, 0x70, 0x00, 0x00,
    0x00, 0x00, 0x00, 0x00, 0x00, 0x8F, 0xFF, 0xFF, 0x70, 0x00, 0x00, 0x00, 0x00, 0x00, 0x00, 0x00,
    0x8F, 0xFF, 0xFF, 0x70, 0x00, 0x00, 0x00, 0x00, 0x00, 0x00, 0x00, 0x8F, 0xFF, 0xFF, 0x70, 0x2F,
    0xFF, 0xFF, 0xC0, 0x01, 0x8C, 0xEF, 0xA0, 0x2F, 0xFF, 0xFF, 0xC0, 0x4E, 0xFF, 0xFF, 0xA0, 0x2F,
    0xFF, 0xFF, 0xC3, 0xFF, 0xFF, 0xFF, 0xA0, 0x2F, 0xFF, 0xFF, 0xCD, 0xFF, 0xFF, 0xFF, 0xA0, 0x2F,
    0xFF, 0xFF, 0xFF, 0xFF, 0xFF, 0xFF, 0xA0, 0x2F, 0xFF, 0xFF, 0xFF, 0xE6, 0x20, 0x26, 0x80, 0x2F,
    0xFF, 0xFF, 0xFE, 0x20, 0x00, 0x00, 0x00, 0x2F, 0xFF, 0xFF, 0xF6, 0x00, 0x00, 0x00, 0x00, 0x2F,
    0xFF, 0xFF, 0xF1, 0x00, 0x00, 0x00, 0x00, 0x2F, 0xFF, 0xFF, 0xD0, 0x00, 0x00, 0x00, 0x00, 0x2F,
    0xFF, 0xFF, 0xC0, 0x00, 0x00, 0x00, 0x00, 0x2F, 0xFF, 0xFF, 0xC0, 0x00, 0x00, 0x00, 0x00, 0x2F,
    0xFF, 0xFF, 0xC0, 0x00, 0x00, 0x00, 0x00, 0x2F, 0xFF, 0xFF, 0xC0, 0x00, 0x00, 0x00, 0x00, 0x2F,
    0xFF, 0xFF, 0xC0, 0x00, 0x00, 0x00, 0x00, 0x2F, 0xFF, 0xFF, 0xC0, 0x00, 0x00, 0x00, 0x00, 0x2F,
    0xFF, 0xFF, 0xC0, 0x00, 0x00, 0x00, 0x00, 0x2F, 0xFF, 0xFF, 0xC0, 0x00, 0x00, 0x00, 0x00, 0x2F,
    0xFF, 0xFF, 0xC0, 0x00, 0x00, 0x00, 0x00, 0x00, 0x01, 0x6A, 0xCE, 0xFE, 0xDC, 0xB9, 0x63, 0x00,
    0x00, 0x6E, 0xFF, 0xFF, 0xFF, 0xFF, 0xFF, 0xFF, 0x60, 0x05, 0xFF, 0xFF, 0xFF, 0xFF, 0xFF, 0xFF,
    0xFF, 0x60, 0x0D, 0xFF, 0xFF, 0xFF, 0xFF, 0xFF, 0xFF, 0xFF, 0x60, 0x2F, 0xFF, 0xFF, 0xB3, 0x10,
    0x14, 0x7C, 0xFF, 0x60, 0x3F, 0xFF, 0xFF, 0x10, 0x00, 0x00, 0x00, 0x29, 0x50, 0x2F, 0xFF, 0xFF,
    0x40, 0x00, 0x00, 0x00, 0x00, 0x00, 0x0E, 0xFF, 0xFF, 0xFB, 0x86, 0x42, 0x00, 0x00, 0x00, 0x07,
    0xFF, 0xFF, 0xFF, 0xFF, 0xFF, 0xEA, 0x50, 0x00, 0x00, 0x8F, 0xFF, 0xFF, 0xFF, 0xFF, 0xFF, 0xFD,
    0x30, 0x00, 0x02, 0x8C, 0xFF, 0xFF, 0xFF, 0xFF, 0xFF, 0xD0, 0x00, 0x00, 0x00, 0x02, 0x46, 0x9E,
    0xFF, 0xFF, 0xF5, 0x00, 0x00, 0x00, 0x00, 0x00, 0x03, 0xFF, 0xFF, 0xF8, 0x0B, 0x40, 0x00, 0x00,
    0x00, 0x02, 0xFF, 0xFF, 0xF9, 0x0E, 0xFD, 0x95, 0x21, 0x01, 0x4C, 0xFF, 0xFF, 0xF7, 0x0E, 0xFF,
    0xFF, 0xFF, 0xFF, 0xFF, 0xFF, 0xFF, 0xF3, 0x0E, 0xFF, 0xFF, 0xFF, 0xFF, 0xFF, 0xFF, 0xFF, 0x90,
    0x0E, 0xFF, 0xFF, 0xFF, 0xFF, 0xFF, 0xFF, 0xF8, 0x00, 0x01, 0x47, 0xAC, 0xDE, 0xFF, 0xED, 0xA6,
    0x10, 0x00, 0x00, 0x09, 0xFF, 0xFF, 0xF5, 0x00, 0x00, 0x00, 0x00, 0x09, 0xFF, 0xFF, 0xF5, 0x00,
    0x00, 0x00, 0x00, 0x09, 0xFF, 0xFF, 0xF5, 0x00, 0x00, 0x00, 0x00, 0x09, 0xFF, 0xFF, 0xF5, 0x00,
    0x00, 0x00, 0x00, 0x09, 0xFF, 0xFF, 0xF5, 0x00, 0x00, 0x00, 0x8F, 0xFF, 0xFF, 0xFF, 0xFF, 0xFF,
    0xFF, 0xF7, 0x8F, 0xFF, 0xFF, 0xFF, 0xFF, 0xFF, 0xFF, 0xF7, 0x8F, 0xFF, 0xFF, 0xFF, 0xFF, 0xFF,
    0xFF, 0xF7, 0x8F, 0xFF, 0xFF, 0xFF, 0xFF, 0xFF, 0xFF, 0xF7, 0x00, 0x09, 0xFF, 0xFF, 0xF5, 0x00,
    0x00, 0x00, 0x00, 0x09, 0xFF, 0xFF, 0xF5, 0x00, 0x00, 0x00, 0x00, 0x09, 0xFF, 0xFF, 0xF5, 0x00,
    0x00, 0x00, 0x00, 0x09, 0xFF, 0xFF, 0xF5, 0x00, 0x00, 0x00, 0x00, 0x09, 0xFF, 0xFF, 0xF5, 0x00,
    0x00, 0x00, 0x00, 0x09, 0xFF, 0xFF, 0xF5, 0x00, 0x00, 0x00, 0x00, 0x09, 0xFF, 0xFF, 0xF5, 0x00,
    0x00, 0x00, 0x00, 0x09, 0xFF, 0xFF, 0xF5, 0x00, 0x00, 0x00, 0x00, 0x09, 0xFF, 0xFF, 0xF5, 0x00,
    0x00, 0x00, 0x00, 0x08, 0xFF, 0xFF, 0xF7, 0x00, 0x00, 0x00, 0x00, 0x07, 0xFF, 0xFF, 0xFD, 0x30,
    0x00, 0x00, 0x00, 0x03, 0xFF, 0xFF, 0xFF, 0xFF, 0xFF, 0xE0, 0x00, 0x00, 0xCF, 0xFF, 0xFF, 0xFF,
    0xFF, 0xE0, 0x00, 0x00, 0x3E, 0xFF, 0xFF, 0xFF, 0xFF, 0xE0, 0x00, 0x00, 0x01, 0x7C, 0xEF, 0xFF,
    0xFF, 0xE0, 0x5F, 0xFF, 0xFF, 0xA0, 0x00, 0x00, 0x09, 0xFF, 0xFF, 0xF5, 0x5F, 0xFF, 0xFF, 0xA0,
    0x00, 0x00, 0x09, 0xFF, 0xFF, 0xF5, 0x5F, 0xFF, 0xFF, 0xA0, 0x00, 0x00, 0x09, 0xFF, 0xFF, 0xF5,
    0x5F, 0xFF, 0xFF, 0x90, 0x00, 0x00, 0x09, 0xFF, 0xFF, 0xF5, 0x5F, 0xFF, 0xFF, 0x90, 0x00, 0x00,
    0x09, 0xFF, 0xFF, 0xF5, 0x5F, 0xFF, 0xFF, 0x90, 0x00, 0x00, 0x09, 0xFF, 0xFF, 0xF5, 0x5F, 0xFF,
    0xFF, 0x90, 0x00, 0x00, 0x09, 0xFF, 0xFF, 0xF5, 0x5F, 0xFF, 0xFF, 0x90, 0x00, 0x00, 0x09, 0xFF,
    0xFF, 0xF5, 0x5F, 0xFF, 0xFF, 0x90, 0x00, 0x00, 0x09, 0xFF, 0xFF, 0xF5, 0x5F, 0xFF, 0xFF, 0x90,
    0x00, 0x00, 0x0A, 0xFF, 0xFF, 0xF5, 0x5F, 0xFF, 0xFF, 0xA0, 0x00, 0x00, 0x0B, 0xFF, 0xFF, 0xF5,
    0x5F, 0xFF, 0xFF, 0xB0, 0x00, 0x00, 0x1F, 0xFF, 0xFF, 0xF5, 0x4F, 0xFF, 0xFF, 0xE1, 0x00, 0x00,
    0x9F, 0xFF, 0xFF, 0xF5, 0x1F, 0xFF, 0xFF, 0xFC, 0x20, 0x29, 0xFF, 0xFF, 0xFF, 0xF5, 0x0D, 0xFF,
    0xFF, 0xFF, 0xFF, 0xFF, 0xFF, 0xFF, 0xFF, 0xF5, 0x07, 0xFF, 0xFF, 0xFF, 0xFF, 0xFF, 0xFF, 0xFF,
    0xFF, 0xF5, 0x01, 0xDF, 0xFF, 0xFF, 0xFF, 0xFF, 0xCA, 0xFF, 0xFF, 0xF5, 0x00, 0x3D, 0xFF, 0xFF,
    0xFF, 0xFA, 0x19, 0xFF, 0xFF, 0xF5, 0x00, 0x01, 0x7C, 0xEF, 0xDA, 0x40, 0x09, 0xFF, 0xFF, 0xF5,
    0x4F, 0xFF, 0xFF, 0x90, 0x00, 0x00, 0x00, 0x07, 0xFF, 0xFF, 0xF7, 0x0D, 0xFF, 0xFF, 0xE1, 0x00,
    0x00, 0x00, 0x0C, 0xFF, 0xFF, 0xF2, 0x08, 0xFF, 0xFF, 0xF5, 0x00, 0x00, 0x00, 0x3F, 0xFF, 0xFF,
    0xB0, 0x02, 0xFF, 0xFF, 0xFA, 0x00, 0x00, 0x00, 0x8F, 0xFF, 0xFF, 0x50, 0x00, 0xBF, 0xFF, 0xFF,
    0x10, 0x00, 0x00, 0xDF, 0xFF, 0xFE, 0x00, 0x00, 0x6F, 0xFF, 0xFF, 0x60, 0x00, 0x03, 0xFF, 0xFF,
    0xF8, 0x00, 0x00, 0x1E, 0xFF, 0xFF, 0xB0, 0x00, 0x09, 0xFF, 0xFF, 0xF2, 0x00, 0x00, 0x09, 0xFF,
    0xFF, 0xF2, 0x00, 0x0E, 0xFF, 0xFF, 0xC0, 0x00, 0x00, 0x03, 0xFF, 0xFF, 0xF7, 0x00, 0x4F, 0xFF,
    0xFF, 0x60, 0x00, 0x00, 0x00, 0xDF, 0xFF, 0xFC, 0x00, 0xAF, 0xFF, 0xFE, 0x10, 0x00, 0x00, 0x00,
    0x7F, 0xFF, 0xFF, 0x21, 0xEF, 0xFF, 0xF9, 0x00, 0x00, 0x00, 0x00, 0x1F, 0xFF, 0xFF, 0x85, 0xFF,
    0xFF, 0xF4, 0x00, 0x00, 0x00, 0x00, 0x0A, 0xFF, 0xFF, 0xDA, 0xFF, 0xFF, 0xD0, 0x00, 0x00, 0x00,
    0x00, 0x05, 0xFF, 0xFF, 0xFF, 0xFF, 0xFF, 0x70, 0x00, 0x00, 0x00, 0x00, 0x00, 0xEF, 0xFF, 0xFF,
    0xFF, 0xFF, 0x10, 0x00, 0x00, 0x00, 0x00, 0x00, 0x8F, 0xFF, 0xFF, 0xFF, 0xFA, 0x00, 0x00, 0x00,
    0x00, 0x00, 0x00, 0x2F, 0xFF, 0xFF, 0xFF, 0xF5, 0x00, 0x00, 0x00, 0x00, 0x00, 0x00, 0x0C, 0xFF,
    0xFF, 0xFF, 0xE0, 0x00, 0x00, 0x00, 0x00, 0x00, 0x00, 0x06, 0xFF, 0xFF, 0xFF, 0x80, 0x00, 0x00,
    0x00, 0xAF, 0xFF, 0xFF, 0x10, 0x00, 0x00, 0xDF, 0xFF, 0xF5, 0x00, 0x00, 0x0A, 0xFF, 0xFF, 0xF2,
    0x6F, 0xFF, 0xFF, 0x50, 0x00, 0x02, 0xFF, 0xFF, 0xF8, 0x00, 0x00, 0x0E, 0xFF, 0xFF, 0xD0, 0x2F,
    0xFF, 0xFF, 0x80, 0x00, 0x06, 0xFF, 0xFF, 0xFC, 0x00, 0x00, 0x2F, 0xFF, 0xFF, 0x90, 0x0D, 0xFF,
    0xFF, 0xC0, 0x00, 0x09, 0xFF, 0xFF, 0xFF, 0x10, 0x00, 0x6F, 0xFF, 0xFF, 0x50, 0x0A, 0xFF, 0xFF,
    0xF1, 0x00, 0x0D, 0xFF, 0xFF, 0xFF, 0x40, 0x00, 0xAF, 0xFF, 0xFF, 0x10, 0x06, 0xFF, 0xFF, 0xF4,
    0x00, 0x1F, 0xFF, 0xFF, 0xFF, 0x80, 0x00, 0xDF, 0xFF, 0xFC, 0x00, 0x02, 0xFF, 0xFF, 0xF8, 0x00,
    0x5F, 0xFF, 0xBF, 0xFF, 0xB0, 0x02, 0xFF, 0xFF, 0xF8, 0x00, 0x00, 0xDF, 0xFF, 0xFB, 0x00, 0x9F,
    0xFF, 0x5E, 0xFF, 0xF0, 0x06, 0xFF, 0xFF, 0xF4, 0x00, 0x00, 0x9F, 0xFF, 0xFF, 0x00, 0xCF, 0xFF,
    0x1A, 0xFF, 0xF4, 0x09, 0xFF, 0xFF, 0xF1, 0x00, 0x00, 0x5F, 0xFF, 0xFF, 0x31, 0xFF, 0xFD, 0x07,
    0xFF, 0xF7, 0x0D, 0xFF, 0xFF, 0xC0, 0x00, 0x00, 0x1F, 0xFF, 0xFF, 0x74, 0xFF, 0xF9, 0x03, 0xFF,
    0xFB, 0x1F, 0xFF, 0xFF, 0x80, 0x00, 0x00, 0x0D, 0xFF, 0xFF, 0xB8, 0xFF, 0xF6, 0x00, 0xEF, 0xFE,
    0x5F, 0xFF, 0xFF, 0x40, 0x00, 0x00, 0x09, 0xFF, 0xFF, 0xEC, 0xFF, 0xF2, 0x00, 0xBF, 0xFF, 0xCF,
    0xFF, 0xFF, 0x00, 0x00, 0x00, 0x05, 0xFF, 0xFF, 0xFF, 0xFF, 0xD0, 0x00, 0x7F, 0xFF, 0xFF, 0xFF,
    0xFB, 0x00, 0x00, 0x00, 0x01, 0xFF, 0xFF, 0xFF, 0xFF, 0xA0, 0x00, 0x4F, 0xFF, 0xFF, 0xFF, 0xF7,
    0x00, 0x00, 0x00, 0x00, 0xCF, 0xFF, 0xFF, 0xFF, 0x60, 0x00, 0x0F, 0xFF, 0xFF, 0xFF, 0xF3, 0x00,
    0x00, 0x00, 0x00, 0x8F, 0xFF, 0xFF, 0xFF, 0x30, 0x00, 0x0B, 0xFF, 0xFF, 0xFF, 0xE0, 0x00, 0x00,
    0x00, 0x00, 0x4F, 0xFF, 0xFF, 0xFE, 0x00, 0x00, 0x08, 0xFF, 0xFF, 0xFF, 0xB0, 0x00, 0x00, 0x00,
    0x00, 0x1F, 0xFF, 0xFF, 0xFA, 0x00, 0x00, 0x04, 0xFF, 0xFF, 0xFF, 0x70, 0x00, 0x00, 0x0C, 0xFF,
    0xFF, 0xF7, 0x00, 0x00, 0x00, 0x8F, 0xFF, 0xFF, 0xB0, 0x02, 0xEF, 0xFF, 0xFF, 0x30, 0x00, 0x04,
    0xFF, 0xFF, 0xFE, 0x10, 0x00, 0x5F, 0xFF, 0xFF, 0xC0, 0x00, 0x1D, 0xFF, 0xFF, 0xF4, 0x00, 0x00,
    0x09, 0xFF, 0xFF, 0xF8, 0x00, 0x9F, 0xFF, 0xFF, 0x80, 0x00, 0x00, 0x01, 0xDF, 0xFF, 0xFF, 0x34,
    0xFF, 0xFF, 0xFC, 0x00, 0x00, 0x00, 0x00, 0x3F, 0xFF, 0xFF, 0xCE, 0xFF, 0xFF, 0xE2, 0x00, 0x00,
    0x00, 0x00, 0x07, 0xFF, 0xFF, 0xFF, 0xFF, 0xFF, 0x50, 0x00, 0x00, 0x00, 0x00, 0x00, 0xBF, 0xFF,
    0xFF, 0xFF, 0xFA, 0x00, 0x00, 0x00, 0x00, 0x00, 0x00, 0x1E, 0xFF, 0xFF, 0xFF, 0xD1, 0x00, 0x00,
    0x00, 0x00, 0x00, 0x00, 0x0A, 0xFF, 0xFF, 0xFF, 0x90, 0x00, 0x00, 0x00, 0x00, 0x00, 0x00, 0x5F,
    0xFF, 0xFF, 0xFF, 0xF4, 0x00, 0x00, 0x00, 0x00, 0x00, 0x02, 0xEF, 0xFF, 0xFF, 0xFF, 0xFE, 0x10,
    0x00, 0x00, 0x00, 0x00, 0x0C, 0xFF, 0xFF, 0xFF, 0xFF, 0xFF, 0xB0, 0x00, 0x00, 0x00, 0x00, 0x8F,
    0xFF, 0xFF, 0x9B, 0xFF, 0xFF, 0xF7, 0x00, 0x00, 0x00, 0x04, 0xFF, 0xFF, 0xFD, 0x11, 0xEF, 0xFF,
    0xFF, 0x30, 0x00, 0x00, 0x1D, 0xFF, 0xFF, 0xF3, 0x00, 0x5F, 0xFF, 0xFF, 0xD1, 0x00, 0x00, 0xAF,
    0xFF, 0xFF, 0x80, 0x00, 0x09, 0xFF, 0xFF, 0xF9, 0x00, 0x06, 0xFF, 0xFF, 0xFC, 0x00, 0x00, 0x01,
    0xDF, 0xFF, 0xFF, 0x50, 0x2E, 0xFF, 0xFF, 0xF3, 0x00, 0x00, 0x00, 0x4F, 0xFF, 0xFF, 0xE2, 0x6F,
    0xFF, 0xFF, 0x80, 0x00, 0x00, 0x00, 0x08, 0xFF, 0xFF, 0xF5, 0x0E, 0xFF, 0xFF, 0xE0, 0x00, 0x00,
    0x00, 0x0D, 0xFF, 0xFF, 0xE0, 0x08, 0xFF, 0xFF, 0xF5, 0x00, 0x00, 0x00, 0x3F, 0xFF, 0xFF, 0x90,
    0x02, 0xFF, 0xFF, 0xFB, 0x00, 0x00, 0x00, 0x8F, 0xFF, 0xFF, 0x30, 0x00, 0xAF, 0xFF, 0xFF, 0x20,
    0x00, 0x00, 0xDF, 0xFF, 0xFC, 0x00, 0x00, 0x4F, 0xFF, 0xFF, 0x70, 0x00, 0x03, 0xFF, 0xFF, 0xF6,
    0x00, 0x00, 0x0C, 0xFF, 0xFF, 0xD0, 0x00, 0x08, 0xFF, 0xFF, 0xF1, 0x00, 0x00, 0x06, 0xFF, 0xFF,
    0xF4, 0x00, 0x0D, 0xFF, 0xFF, 0xA0, 0x00, 0x00, 0x01, 0xEF, 0xFF, 0xFA, 0x00, 0x3F, 0xFF, 0xFF,
    0x40, 0x00, 0x00, 0x00, 0x8F, 0xFF, 0xFF, 0x10, 0x8F, 0xFF, 0xFD, 0x00, 0x00, 0x00, 0x00, 0x2F,
    0xFF, 0xFF, 0x60, 0xDF, 0xFF, 0xF8, 0x00, 0x00, 0x00, 0x00, 0x0B, 0xFF, 0xFF, 0xC3, 0xFF, 0xFF,
    0xF2, 0x00, 0x00, 0x00, 0x00, 0x04, 0xFF, 0xFF, 0xFB, 0xFF, 0xFF, 0xB0, 0x00, 0x00, 0x00, 0x00,
    0x00, 0xDF, 0xFF, 0xFF, 0xFF, 0xFF, 0x50, 0x00, 0x00, 0x00, 0x00, 0x00, 0x7F, 0xFF, 0xFF, 0xFF,
    0xFE, 0x10, 0x00, 0x00, 0x00, 0x00, 0x00, 0x1E, 0xFF, 0xFF, 0xFF, 0xF9, 0x00, 0x00, 0x00, 0x00,
    0x00, 0x00, 0x09, 0xFF, 0xFF, 0xFF, 0xF3, 0x00, 0x00, 0x00, 0x00, 0x00, 0x00, 0x03, 0xFF, 0xFF,
    0xFF, 0xC0, 0x00, 0x00, 0x00, 0x00, 0x00, 0x00, 0x00, 0xBF, 0xFF, 0xFF, 0x70, 0x00, 0x00, 0x00,
    0x00, 0x00, 0x00, 0x00, 0x6F, 0xFF, 0xFF, 0x10, 0x00, 0x00, 0x00, 0x00, 0x00, 0x00, 0x00, 0xAF,
    0xFF, 0xFA, 0x00, 0x00, 0x00, 0x00, 0x00, 0x00, 0x00, 0x28, 0xFF, 0xFF, 0xF4, 0x00, 0x00, 0x00,
    0x00, 0x00, 0x09, 0xFF, 0xFF, 0xFF, 0xFF, 0xB0, 0x00, 0x00, 0x00, 0x00, 0x00, 0x09, 0xFF, 0xFF,
    0xFF, 0xFE, 0x20, 0x00, 0x00, 0x00, 0x00, 0x00, 0x09, 0xFF, 0xFF, 0xFF, 0xE4, 0x00, 0x00, 0x00,
    0x00, 0x00, 0x00, 0x09, 0xFF, 0xFE, 0xC8, 0x20, 0x00, 0x00, 0x00, 0x00, 0x00, 0x1F, 0xFF, 0xFF,
    0xFF, 0xFF, 0xFF, 0xFF, 0xFF, 0xF2, 0x1F, 0xFF, 0xFF, 0xFF, 0xFF, 0xFF, 0xFF, 0xFF, 0xF2, 0x1F,
    0xFF, 0xFF, 0xFF, 0xFF, 0xFF, 0xFF, 0xFF, 0xF2, 0x1F, 0xFF, 0xFF, 0xFF, 0xFF, 0xFF, 0xFF, 0xFF,
    0xF2, 0x00, 0x00, 0x00, 0x00, 0x03, 0xEF, 0xFF, 0xFF, 0xD1, 0x00, 0x00, 0x00, 0x00, 0x2E, 0xFF,
    0xFF, 0xFE, 0x20, 0x00, 0x00, 0x00, 0x01, 0xDF, 0xFF, 0xFF, 0xE3, 0x00, 0x00, 0x00, 0x00, 0x1C,
    0xFF, 0xFF, 0xFF, 0x40, 0x00, 0x00, 0x00, 0x01, 0xCF, 0xFF, 0xFF, 0xF5, 0x00, 0x00, 0x00, 0x00,
    0x0B, 0xFF, 0xFF, 0xFF, 0x60, 0x00, 0x00, 0x00, 0x00, 0xAF, 0xFF, 0xFF, 0xF8, 0x00, 0x00, 0x00,
    0x00, 0x09, 0xFF, 0xFF, 0xFF, 0x90, 0x00, 0x00, 0x00, 0x00, 0x7F, 0xFF, 0xFF, 0xFA, 0x00, 0x00,
    0x00, 0x00, 0x06, 0xFF, 0xFF, 0xFF, 0xB0, 0x00, 0x00, 0x00, 0x00, 0x4F, 0xFF, 0xFF, 0xFC, 0x10,
    0x00, 0x00, 0x00, 0x00, 0x7F, 0xFF, 0xFF, 0xFF, 0xFF, 0xFF, 0xFF, 0xFF, 0xF2, 0x7F, 0xFF, 0xFF,
    0xFF, 0xFF, 0xFF, 0xFF, 0xFF, 0xF2, 0x7F, 0xFF, 0xFF, 0xFF, 0xFF, 0xFF, 0xFF, 0xFF, 0xF2, 0x7F,
    0xFF, 0xFF, 0xFF, 0xFF, 0xFF, 0xFF, 0xFF, 0xF2, 0x00, 0x00, 0x00, 0x00, 0x5A, 0xDE, 0xFF, 0xFE,
    0x00, 0x00, 0x00, 0x1C, 0xFF, 0xFF, 0xFF, 0xFE, 0x00, 0x00, 0x00, 0xAF, 0xFF, 0xFF, 0xFF, 0xFE,
    0x00, 0x00, 0x02, 0xFF, 0xFF, 0xFF, 0xFF, 0xFE, 0x00, 0x00, 0x06, 0xFF, 0xFF, 0xFD, 0x51, 0x00,
    0x00, 0x00, 0x08, 0xFF, 0xFF, 0xF5, 0x00, 0x00, 0x00, 0x00, 0x09, 0xFF, 0xFF, 0xF2, 0x00, 0x00,
    0x00, 0x00, 0x09, 0xFF, 0xFF, 0xF1, 0x00, 0x00, 0x00, 0x00, 0x09, 0xFF, 0xFF, 0xF1, 0x00, 0x00,
    0x00, 0x00, 0x09, 0xFF, 0xFF, 0xF1, 0x00, 0x00, 0x00, 0x00, 0x0A, 0xFF, 0xFF, 0xF1, 0x00, 0x00,
    0x00, 0x00, 0x0C, 0xFF, 0xFF, 0xF0, 0x00, 0x00, 0x00, 0x00, 0x2F, 0xFF, 0xFF, 0xD0, 0x00, 0x00,
    0x00, 0x15, 0xDF, 0xFF, 0xFF, 0xA0, 0x00, 0x00, 0xBF, 0xFF, 0xFF, 0xFF, 0xFE, 0x20, 0x00, 0x00,
    0xBF, 0xFF, 0xFF, 0xFF, 0xA2, 0x00, 0x00, 0x00, 0xBF, 0xFF, 0xFF, 0xFF, 0xD5, 0x00, 0x00, 0x00,
    0xBF, 0xFF, 0xFF, 0xFF, 0xFF, 0x40, 0x00, 0x00, 0x00, 0x15, 0xDF, 0xFF, 0xFF, 0xB0, 0x00, 0x00,
    0x00, 0x00, 0x2F, 0xFF, 0xFF, 0xE0, 0x00, 0x00, 0x00, 0x00, 0x0C, 0xFF, 0xFF, 0xF1, 0x00, 0x00,
    0x00, 0x00, 0x0A, 0xFF, 0xFF, 0xF1, 0x00, 0x00, 0x00, 0x00, 0x09, 0xFF, 0xFF, 0xF1, 0x00, 0x00,
    0x00, 0x00, 0x09, 0xFF, 0xFF, 0xF1, 0x00, 0x00, 0x00, 0x00, 0x09, 0xFF, 0xFF, 0xF2, 0x00, 0x00,
    0x00, 0x00, 0x08, 0xFF, 0xFF, 0xF5, 0x00, 0x00, 0x00, 0x00, 0x07, 0xFF, 0xFF, 0xFD, 0x41, 0x00,
    0x00, 0x00, 0x03, 0xFF, 0xFF, 0xFF, 0xFF, 0xFE, 0x00, 0x00, 0x00, 0xBF, 0xFF, 0xFF, 0xFF, 0xFE,
    0x00, 0x00, 0x00, 0x1C, 0xFF, 0xFF, 0xFF, 0xFE, 0x00, 0x00, 0x00, 0x00, 0x5A, 0xDE, 0xFF, 0xFE,
    0xAF, 0xFF, 0x10, 0xAF, 0xFF, 0x10, 0xAF, 0xFF, 0x10, 0xAF, 0xFF, 0x10, 0xAF, 0xFF, 0x10, 0xAF,
    0xFF, 0x10, 0xAF, 0xFF, 0x10, 0xAF, 0xFF, 0x10, 0xAF, 0xFF, 0x10, 0xAF, 0xFF, 0x10, 0xAF, 0xFF,
    0x10, 0xAF, 0xFF, 0x10, 0xAF, 0xFF, 0x10, 0xAF, 0xFF, 0x10, 0xAF, 0xFF, 0x10, 0xAF, 0xFF, 0x10,
    0xAF, 0xFF, 0x10, 0xAF, 0xFF, 0x10, 0xAF, 0xFF, 0x10, 0xAF, 0xFF, 0x10, 0xAF, 0xFF, 0x10, 0xAF,
    0xFF, 0x10, 0xAF, 0xFF, 0x10, 0xAF, 0xFF, 0x10, 0xAF, 0xFF, 0x10, 0xAF, 0xFF, 0x10, 0xAF, 0xFF,
    0x10, 0xAF, 0xFF, 0x10, 0xAF, 0xFF, 0x10, 0xAF, 0xFF, 0x10, 0xAF, 0xFF, 0x10, 0xAF, 0xFF, 0x10,
    0xAF, 0xFF, 0x10, 0xAF, 0xFF, 0x10, 0xBF, 0xFF, 0xED, 0xB6, 0x10, 0x00, 0x00, 0x00, 0xBF, 0xFF,
    0xFF, 0xFF, 0xD3, 0x00, 0x00, 0x00, 0xBF, 0xFF, 0xFF, 0xFF, 0xFD, 0x00, 0x00, 0x00, 0xBF, 0xFF,
    0xFF, 0xFF, 0xFF, 0x50, 0x00, 0x00, 0x00, 0x14, 0xCF, 0xFF, 0xFF, 0x90, 0x00, 0x00, 0x00, 0x00,
    0x2F, 0xFF, 0xFF, 0xB0, 0x00, 0x00, 0x00, 0x00, 0x0E, 0xFF, 0xFF, 0xC0, 0x00, 0x00, 0x00, 0x00,
    0x0D, 0xFF, 0xFF, 0xC0, 0x00, 0x00, 0x00, 0x00, 0x0D, 0xFF, 0xFF, 0xC0, 0x00, 0x00, 0x00, 0x00,
    0x0D, 0xFF, 0xFF, 0xC0, 0x00, 0x00, 0x00, 0x00, 0x0D, 0xFF, 0xFF, 0xD0, 0x00, 0x00, 0x00, 0x00,
    0x0C, 0xFF, 0xFF, 0xE0, 0x00, 0x00, 0x00, 0x00, 0x0A, 0xFF, 0xFF, 0xF5, 0x00, 0x00, 0x00, 0x00,
    0x07, 0xFF, 0xFF, 0xFE, 0x62, 0x00, 0x00, 0x00, 0x01, 0xDF, 0xFF, 0xFF, 0xFF, 0xFE, 0x00, 0x00,
    0x00, 0x18, 0xEF, 0xFF, 0xFF, 0xFE, 0x00, 0x00, 0x00, 0x3C, 0xFF, 0xFF, 0xFF, 0xFE, 0x00, 0x00,
    0x02, 0xEF, 0xFF, 0xFF, 0xFF, 0xFE, 0x00, 0x00, 0x08, 0xFF, 0xFF, 0xFE, 0x62, 0x00, 0x00, 0x00,
    0x0B, 0xFF, 0xFF, 0xF5, 0x00, 0x00, 0x00, 0x00, 0x0D, 0xFF, 0xFF, 0xE0, 0x00, 0x00, 0x00, 0x00,
    0x0D, 0xFF, 0xFF, 0xD0, 0x00, 0x00, 0x00, 0x00, 0x0D, 0xFF, 0xFF, 0xC0, 0x00, 0x00, 0x00, 0x00,
    0x0D, 0xFF, 0xFF, 0xC0, 0x00, 0x00, 0x00, 0x00, 0x0E, 0xFF, 0xFF, 0xC0, 0x00, 0x00, 0x00, 0x00,
    0x2F, 0xFF, 0xFF, 0xB0, 0x00, 0x00, 0x00, 0x13, 0xBF, 0xFF, 0xFF, 0xA0, 0x00, 0x00, 0xBF, 0xFF,
    0xFF, 0xFF, 0xFF, 0x60, 0x00, 0x00, 0xBF, 0xFF, 0xFF, 0xFF, 0xFD, 0x10, 0x00, 0x00, 0xBF, 0xFF,
    0xFF, 0xFF, 0xD3, 0x00, 0x00, 0x00, 0xBF, 0xFF, 0xFE, 0xB7, 0x10, 0x00, 0x00, 0x00, 0x00, 0x00,
    0x00, 0x00, 0x00, 0x00, 0x00, 0x00, 0x00, 0x00, 0x02, 0x00, 0x05, 0xAD, 0xEE, 0xC9, 0x51, 0x00,
    0x00, 0x00, 0x00, 0x7D, 0x04, 0xDF, 0xFF, 0xFF, 0xFF, 0xFE, 0xA6, 0x20, 0x13, 0x7D, 0xFD, 0x5F,
    0xFF, 0xFF, 0xFF, 0xFF, 0xFF, 0xFF, 0xFF, 0xFF, 0xFF, 0xFD, 0x6F, 0xFF, 0xFF, 0xFF, 0xFF, 0xFF,
    0xFF, 0xFF, 0xFF, 0xFF, 0xFD, 0x6F, 0xFB, 0x52, 0x01, 0x48, 0xDF, 0xFF, 0xFF, 0xFF, 0xFF, 0x91,
    0x6D, 0x40, 0x00, 0x00, 0x00, 0x03, 0x7B, 0xDF, 0xEC, 0x82, 0x00, 0x31, 0x00, 0x00, 0x00, 0x00,
    0x00, 0x00, 0x00, 0x00, 0x00, 0x00, 0x4F, 0xFF, 0xFF, 0xB0, 0x4F, 0xFF, 0xFF, 0xB0, 0x4F, 0xFF,
    0xFF, 0xB0, 0x4F, 0xFF, 0xFF, 0xB0, 0x4F, 0xFF, 0xFF, 0xB0, 0x4F, 0xFF, 0xFF, 0xB0, 0x00, 0x00,
    0x00, 0x00, 0x00, 0x00, 0x00, 0x00, 0x07, 0xFF, 0xFE, 0x00, 0x09, 0xFF, 0xFF, 0x10, 0x0A, 0xFF,
    0xFF, 0x30, 0x0C, 0xFF, 0xFF, 0x50, 0x0E, 0xFF, 0xFF, 0x60, 0x1F, 0xFF, 0xFF, 0x80, 0x2F, 0xFF,
    0xFF, 0xA0, 0x3F, 0xFF, 0xFF, 0xB0, 0x4F, 0xFF, 0xFF, 0xB0, 0x4F, 0xFF, 0xFF, 0xB0, 0x4F, 0xFF,
    0xFF, 0xB0, 0x4F, 0xFF, 0xFF, 0xB0, 0x4F, 0xFF, 0xFF, 0xB0, 0x4F, 0xFF, 0xFF, 0xB0, 0x4F, 0xFF,
    0xFF, 0xB0, 0x4F, 0xFF, 0xFF, 0xB0, 0x4F, 0xFF, 0xFF, 0xB0, 0x00, 0x00, 0x00, 0x00, 0x05, 0xFF,
    0x50, 0x00, 0x00, 0x00, 0x00, 0x00, 0x00, 0x05, 0xFF, 0x50, 0x00, 0x00, 0x00, 0x00, 0x00, 0x00,
    0x05, 0xFF, 0x50, 0x00, 0x00, 0x00, 0x00, 0x00, 0x00, 0x05, 0xFF, 0x50, 0x00, 0x00, 0x00, 0x00,
    0x00, 0x00, 0x05, 0xFF, 0x50, 0x00, 0x00, 0x00, 0x00, 0x00, 0x38, 0xCE, 0xFF, 0xFD, 0xB7, 0x30,
    0x00, 0x00, 0x3C, 0xFF, 0xFF, 0xFF, 0xFF, 0xFF, 0xF4, 0x00, 0x06, 0xFF, 0xFF, 0xFF, 0xFF, 0xFF,
    0xFF, 0xF4, 0x00, 0x5F, 0xFF, 0xFF, 0xFF, 0xFF, 0xFF, 0xFF, 0xF4, 0x01, 0xEF, 0xFF, 0xFF, 0xFE,
    0xFF, 0x52, 0x6D, 0xF4, 0x07, 0xFF, 0xFF, 0xFF, 0x95, 0xFF, 0x50, 0x00, 0x74, 0x0B, 0xFF, 0xFF,
    0xFC, 0x05, 0xFF, 0x50, 0x00, 0x00, 0x0F, 0xFF, 0xFF, 0xF6, 0x05, 0xFF, 0x50, 0x00, 0x00, 0x1F,
    0xFF, 0xFF, 0xF3, 0x05, 0xFF, 0x50, 0x00, 0x00, 0x1F, 0xFF, 0xFF, 0xF2, 0x05, 0xFF, 0x50, 0x00,
    0x00, 0x0F, 0xFF, 0xFF, 0xF3, 0x05, 0xFF, 0x50, 0x00, 0x00, 0x0E, 0xFF, 0xFF, 0xF6, 0x05, 0xFF,
    0x50, 0x00, 0x00, 0x0A, 0xFF, 0xFF, 0xFC, 0x05, 0xFF, 0x50, 0x00, 0x00, 0x05, 0xFF, 0xFF, 0xFF,
    0x85, 0xFF, 0x50, 0x00, 0x54, 0x00, 0xDF, 0xFF, 0xFF, 0xFE, 0xFF, 0x52, 0x5B, 0xF4, 0x00, 0x3F,
    0xFF, 0xFF, 0xFF, 0xFF, 0xFF, 0xFF, 0xF4, 0x00, 0x04, 0xEF, 0xFF, 0xFF, 0xFF, 0xFF, 0xFF, 0xF4,
    0x00, 0x00, 0x2A, 0xFF, 0xFF, 0xFF, 0xFF, 0xFF, 0xF4, 0x00, 0x00, 0x00, 0x27, 0xAE, 0xFF, 0xFD,
    0xB8, 0x30, 0x00, 0x00, 0x00, 0x00, 0x05, 0xFF, 0x50, 0x00, 0x00, 0x00, 0x00, 0x00, 0x00, 0x05,
    0xFF, 0x50, 0x00, 0x00, 0x00, 0x00, 0x00, 0x00, 0x05, 0xFF, 0x50, 0x00, 0x00, 0x00, 0x00, 0x00,
    0x00, 0x05, 0xFF, 0x50, 0x00, 0x00, 0x00, 0x00, 0x00, 0x00, 0x05, 0xFF, 0x50, 0x00, 0x00, 0x00,
    0x00, 0x00, 0x01, 0x6A, 0xDE, 0xFF, 0xFF, 0xFF, 0xA0, 0x00, 0x00, 0x00, 0x7F, 0xFF, 0xFF, 0xFF,
    0xFF, 0xFF, 0xA0, 0x00, 0x00, 0x08, 0xFF, 0xFF, 0xFF, 0xFF, 0xFF, 0xFF, 0xA0, 0x00, 0x00, 0x3F,
    0xFF, 0xFF, 0xFF, 0xFF, 0xFF, 0xFF, 0xA0, 0x00, 0x00, 0x9F, 0xFF, 0xFF, 0xF8, 0x20, 0x13, 0x5A,
    0x90, 0x00, 0x00, 0xDF, 0xFF, 0xFF, 0x80, 0x00, 0x00, 0x00, 0x00, 0x00, 0x01, 0xFF, 0xFF, 0xFF,
    0x10, 0x00, 0x00, 0x00, 0x00, 0x00, 0x02, 0xFF, 0xFF, 0xFE, 0x00, 0x00, 0x00, 0x00, 0x00, 0x00,
    0x02, 0xFF, 0xFF, 0xFE, 0x00, 0x00, 0x00, 0x00, 0x00, 0x00, 0x02, 0xFF, 0xFF, 0xFE, 0x00, 0x00,
    0x00, 0x00, 0x00, 0x00, 0x02, 0xFF, 0xFF, 0xFE, 0x00, 0x00, 0x00, 0x00, 0x00, 0x6F, 0xFF, 0xFF,
    0xFF, 0xFF, 0xFF, 0xFF, 0xFF, 0x10, 0x00, 0x6F, 0xFF, 0xFF, 0xFF, 0xFF, 0xFF, 0xFF, 0xFF, 0x10,
    0x00, 0x6F, 0xFF, 0xFF, 0xFF, 0xFF, 0xFF, 0xFF, 0xFF, 0x10, 0x00, 0x6F, 0xFF, 0xFF, 0xFF, 0xFF,
    0xFF, 0xFF, 0xFF, 0x10, 0x00, 0x00, 0x02, 0xFF, 0xFF, 0xFE, 0x00, 0x00, 0x00, 0x00, 0x00, 0x00,
    0x02, 0xFF, 0xFF, 0xFE, 0x00, 0x00, 0x00, 0x00, 0x00, 0x00, 0x02, 0xFF, 0xFF, 0xFE, 0x00, 0x00,
    0x00, 0x00, 0x00, 0x00, 0x02, 0xFF, 0xFF, 0xFE, 0x00, 0x00, 0x00, 0x00, 0x00, 0x00, 0x02, 0xFF,
    0xFF, 0xFE, 0x00, 0x00, 0x00, 0x00, 0x00, 0x00, 0x02, 0xFF, 0xFF, 0xFE, 0x00, 0x00, 0x00, 0x00,
    0x00, 0xEF, 0xFF, 0xFF, 0xFF, 0xFF, 0xFF, 0xFF, 0xFF, 0xFF, 0xC0, 0xEF, 0xFF, 0xFF, 0xFF, 0xFF,
    0xFF, 0xFF, 0xFF, 0xFF, 0xC0, 0xEF, 0xFF, 0xFF, 0xFF, 0xFF, 0xFF, 0xFF, 0xFF, 0xFF, 0xC0, 0xEF,
    0xFF, 0xFF, 0xFF, 0xFF, 0xFF, 0xFF, 0xFF, 0xFF, 0xC0, 0x00, 0x94, 0x00, 0x00, 0x00, 0x00, 0x00,
    0x00, 0x95, 0x00, 0x06, 0xFE, 0x30, 0x00, 0x00, 0x00, 0x00, 0x07, 0xFF, 0x30, 0x4F, 0xFF, 0xE2,
    0x00, 0x00, 0x00, 0x00, 0x6F, 0xFF, 0xD2, 0x4E, 0xFF, 0xFD, 0x49, 0xDE, 0xEC, 0x86, 0xFF, 0xFF,
    0xC1, 0x03, 0xDF, 0xFF, 0xFF, 0xFF, 0xFF, 0xFF, 0xFF, 0xFA, 0x10, 0x00, 0x1C, 0xFF, 0xFF, 0xFF,
    0xFF, 0xFF, 0xFF, 0x90, 0x00, 0x00, 0x07, 0xFF, 0xFD, 0x41, 0x17, 0xFF, 0xFF, 0x30, 0x00, 0x00,
    0x0D, 0xFF, 0xE2, 0x00, 0x00, 0x5F, 0xFF, 0x80, 0x00, 0x00, 0x1F, 0xFF, 0x70, 0x00, 0x00, 0x0C,
    0xFF, 0xC0, 0x00, 0x00, 0x3F, 0xFF, 0x40, 0x00, 0x00, 0x08, 0xFF, 0xD0, 0x00, 0x00, 0x3F, 0xFF,
    0x40, 0x00, 0x00, 0x08, 0xFF, 0xD0, 0x00, 0x00, 0x2F, 0xFF, 0x70, 0x00, 0x00, 0x0C, 0xFF, 0xC0,
    0x00, 0x00, 0x0D, 0xFF, 0xE1, 0x00, 0x00, 0x5F, 0xFF, 0x90, 0x00, 0x00, 0x08, 0xFF, 0xFD, 0x41,
    0x17, 0xFF, 0xFF, 0x30, 0x00, 0x00, 0x2C, 0xFF, 0xFF, 0xFF, 0xFF, 0xFF, 0xFF, 0x90, 0x00, 0x03,
    0xDF, 0xFF, 0xFF, 0xFF, 0xFF, 0xFF, 0xFF, 0xFB, 0x10, 0x4E, 0xFF, 0xFD, 0x5A, 0xDE, 0xEC, 0x86,
    0xFF, 0xFF, 0xC2, 0x5F, 0xFF, 0xE2, 0x00, 0x00, 0x00, 0x00, 0x6F, 0xFF, 0xD1, 0x07, 0xFE, 0x30,
    0x00, 0x00, 0x00, 0x00, 0x07, 0xFE, 0x20, 0x00, 0x94, 0x00, 0x00, 0x00, 0x00, 0x00, 0x00, 0x83,
    0x00, 0x4F, 0xFF, 0xFF, 0xF5, 0x00, 0x00, 0x00, 0x00, 0xAF, 0xFF, 0xFF, 0xE1, 0x0A, 0xFF, 0xFF,
    0xFE, 0x10, 0x00, 0x00, 0x05, 0xFF, 0xFF, 0xFF, 0x50, 0x01, 0xEF, 0xFF, 0xFF, 0x90, 0x00, 0x00,
    0x1D, 0xFF, 0xFF, 0xFB, 0x00, 0x00, 0x6F, 0xFF, 0xFF, 0xF3, 0x00, 0x00, 0x8F, 0xFF, 0xFF, 0xE2,
    0x00, 0x00, 0x0C, 0xFF, 0xFF, 0xFC, 0x00, 0x03, 0xFF, 0xFF, 0xFF, 0x70, 0x00, 0x00, 0x03, 0xFF,
    0xFF, 0xFF, 0x70, 0x0C, 0xFF, 0xFF, 0xFD, 0x00, 0x00, 0x00, 0x00, 0x8F, 0xFF, 0xFF, 0xE2, 0x6F,
    0xFF, 0xFF, 0xF4, 0x00, 0x00, 0x00, 0x00, 0x1D, 0xFF, 0xFF, 0xFB, 0xEF, 0xFF, 0xFF, 0x90, 0x00,
    0x00, 0x00, 0x00, 0x05, 0xFF, 0xFF, 0xFF, 0xFF, 0xFF, 0xFE, 0x10, 0x00, 0x00, 0x0D, 0xFF, 0xFF,
    0xFF, 0xFF, 0xFF, 0xFF, 0xFF, 0xFF, 0xFF, 0xFF, 0x80, 0x0D, 0xFF, 0xFF, 0xFF, 0xFF, 0xFF, 0xFF,
    0xFF, 0xFF, 0xFF, 0xFF, 0x80, 0x0D, 0xFF, 0xFF, 0xFF, 0xFF, 0xFF, 0xFF, 0xFF, 0xFF, 0xFF, 0xFF,
    0x80, 0x00, 0x00, 0x00, 0x00, 0xDF, 0xFF, 0xFF, 0xF9, 0x00, 0x00, 0x00, 0x00, 0x00, 0x00, 0x00,
    0x00, 0x7F, 0xFF, 0xFF, 0xF2, 0x00, 0x00, 0x00, 0x00, 0x00, 0x00, 0x00, 0x00, 0x5F, 0xFF, 0xFF,
    0xF0, 0x00, 0x00, 0x00, 0x00, 0x0D, 0xFF, 0xFF, 0xFF, 0xFF, 0xFF, 0xFF, 0xFF, 0xFF, 0xFF, 0xFF,
    0x80, 0x0D, 0xFF, 0xFF, 0xFF, 0xFF, 0xFF, 0xFF, 0xFF, 0xFF, 0xFF, 0xFF, 0x80, 0x0D, 0xFF, 0xFF,
    0xFF, 0xFF, 0xFF, 0xFF, 0xFF, 0xFF, 0xFF, 0xFF, 0x80, 0x00, 0x00, 0x00, 0x00, 0x5F, 0xFF, 0xFF,
    0xF0, 0x00, 0x00, 0x00, 0x00, 0x00, 0x00, 0x00, 0x00, 0x5F, 0xFF, 0xFF, 0xF0, 0x00, 0x00, 0x00,
    0x00, 0x00, 0x00, 0x00, 0x00, 0x5F, 0xFF, 0xFF, 0xF0, 0x00, 0x00, 0x00, 0x00, 0x00, 0x00, 0x00,
    0x00, 0x5F, 0xFF, 0xFF, 0xF0, 0x00, 0x00, 0x00, 0x00, 0x00, 0x00, 0x00, 0x00, 0x5F, 0xFF, 0xFF,
    0xF0, 0x00, 0x00, 0x00, 0x00, 0x00, 0x00, 0x00, 0x00, 0x5F, 0xFF, 0xFF, 0xF0, 0x00, 0x00, 0x00,
    0x00, 0x00, 0x00, 0x00, 0x00, 0x5F, 0xFF, 0xFF, 0xF0, 0x00, 0x00, 0x00, 0x00, 0xAF, 0xFF, 0x10,
    0xAF, 0xFF, 0x10, 0xAF, 0xFF, 0x10, 0xAF, 0xFF, 0x10, 0xAF, 0xFF, 0x10, 0xAF, 0xFF, 0x10, 0xAF,
    0xFF, 0x10, 0xAF, 0xFF, 0x10, 0xAF, 0xFF, 0x10, 0xAF, 0xFF, 0x10, 0xAF, 0xFF, 0x10, 0xAF, 0xFF,
    0x10, 0xAF, 0xFF, 0x10, 0x00, 0x00, 0x00, 0x00, 0x00, 0x00, 0x00, 0x00, 0x00, 0x00, 0x00, 0x00,
    0xAF, 0xFF, 0x10, 0xAF, 0xFF, 0x10, 0xAF, 0xFF, 0x10, 0xAF, 0xFF, 0x10, 0xAF, 0xFF, 0x10, 0xAF,
    0xFF, 0x10, 0xAF, 0xFF, 0x10, 0xAF, 0xFF, 0x10, 0xAF, 0xFF, 0x10, 0xAF, 0xFF, 0x10, 0xAF, 0xFF,
    0x10, 0xAF, 0xFF, 0x10, 0xAF, 0xFF, 0x10, 0x00, 0x00, 0x39, 0xCE, 0xFE, 0xDC, 0x96, 0x20, 0x00,
    0x00, 0x1A, 0xFF, 0xFF, 0xFF, 0xFF, 0xFF, 0xA0, 0x00, 0x00, 0xAF, 0xFF, 0xFF, 0xFF, 0xFF, 0xFF,
    0xA0, 0x00, 0x02, 0xFF, 0xFF, 0xF8, 0x20, 0x13, 0x6A, 0x90, 0x00, 0x05, 0xFF, 0xFF, 0xF1, 0x00,
    0x00, 0x00, 0x00, 0x00, 0x04, 0xFF, 0xFF, 0xF9, 0x00, 0x00, 0x00, 0x00, 0x00, 0x01, 0xEF, 0xFF,
    0xFF, 0xD5, 0x00, 0x00, 0x00, 0x00, 0x00, 0x5F, 0xFF, 0xFF, 0xFF, 0xE7, 0x10, 0x00, 0x00, 0x00,
    0x06, 0xFF, 0xFF, 0xFF, 0xFF, 0xE6, 0x00, 0x00, 0x00, 0x8F, 0xFF, 0xFF, 0xFF, 0xFF, 0xFF, 0xA1,
    0x00, 0x08, 0xFF, 0xFF, 0xEC, 0xFF, 0xFF, 0xFF, 0xFA, 0x00, 0x3F, 0xFF, 0xFC, 0x20, 0x3A, 0xFF,
    0xFF, 0xFF, 0x50, 0x8F, 0xFF, 0xF3, 0x00, 0x00, 0x3D, 0xFF, 0xFF, 0xA0, 0xBF, 0xFF, 0xF0, 0x00,
    0x00, 0x02, 0xFF, 0xFF, 0xD0, 0xBF, 0xFF, 0xF4, 0x00, 0x00, 0x00, 0xCF, 0xFF, 0xC0, 0x9F, 0xFF,
    0xFD, 0x30, 0x00, 0x00, 0xDF, 0xFF, 0xA0, 0x4F, 0xFF, 0xFF, 0xFA, 0x30, 0x07, 0xFF, 0xFF, 0x60,
    0x0A, 0xFF, 0xFF, 0xFF, 0xFB, 0xCF, 0xFF, 0xFD, 0x00, 0x01, 0xBF, 0xFF, 0xFF, 0xFF, 0xFF, 0xFF,
    0xD2, 0x00, 0x00, 0x07, 0xEF, 0xFF, 0xFF, 0xFF, 0xF8, 0x10, 0x00, 0x00, 0x00, 0x29, 0xFF, 0xFF,
    0xFF, 0xFE, 0x40, 0x00, 0x00, 0x00, 0x00, 0x17, 0xDF, 0xFF, 0xFF, 0xF2, 0x00, 0x00, 0x00, 0x00,
    0x00, 0x19, 0xFF, 0xFF, 0xF7, 0x00, 0x00, 0x00, 0x00, 0x00, 0x00, 0xEF, 0xFF, 0xF8, 0x00, 0x01,
    0xD9, 0x63, 0x10, 0x17, 0xFF, 0xFF, 0xF5, 0x00, 0x01, 0xFF, 0xFF, 0xFF, 0xFF, 0xFF, 0xFF, 0xC0,
    0x00, 0x01, 0xFF, 0xFF, 0xFF, 0xFF, 0xFF, 0xFB, 0x10, 0x00, 0x00, 0x47, 0xAC, 0xDE, 0xFE, 0xC9,
    0x40, 0x00, 0x00, 0xBF, 0xFF, 0x30, 0x3F, 0xFF, 0xB0, 0xBF, 0xFF, 0x30, 0x3F, 0xFF, 0xB0, 0xBF,
    0xFF, 0x30, 0x3F, 0xFF, 0xB0, 0xBF, 0xFF, 0x30, 0x3F, 0xFF, 0xB0, 0x00, 0x00, 0x00, 0x00, 0x27,
    0xBD, 0xEE, 0xDB, 0x72, 0x00, 0x00, 0x00, 0x00, 0x00, 0x00, 0x00, 0x29, 0xFF, 0xFF, 0xFF, 0xFF,
    0xFF, 0x92, 0x00, 0x00, 0x00, 0x00, 0x00, 0x05, 0xEF, 0xFF, 0xFF, 0xFF, 0xFF, 0xFF, 0xFE, 0x50,
    0x00, 0x00, 0x00, 0x00, 0x7F, 0xFF, 0xFA, 0x52, 0x11, 0x25, 0xAF, 0xFF, 0xF7, 0x00, 0x00, 0x00,
    0x06, 0xFF, 0xFA, 0x20, 0x00, 0x00, 0x00, 0x02, 0xAF, 0xFF, 0x50, 0x00, 0x00, 0x3F, 0xFF, 0x70,
    0x00, 0x00, 0x00, 0x00, 0x00, 0x07, 0xFF, 0xF3, 0x00, 0x00, 0xBF, 0xF7, 0x00, 0x02, 0x8C, 0xEF,
    0xED, 0xA6, 0x00, 0x8F, 0xFB, 0x00, 0x04, 0xFF, 0xB0, 0x00, 0x8F, 0xFF, 0xFF, 0xFF, 0xFF, 0x00,
    0x0B, 0xFF, 0x40, 0x09, 0xFF, 0x20, 0x09, 0xFF, 0xFF, 0xFF, 0xFF, 0xFF, 0x00, 0x02, 0xFF, 0x90,
    0x0E, 0xFB, 0x00, 0x5F, 0xFF, 0xFC, 0x52, 0x13, 0x6B, 0x00, 0x00, 0xBF, 0xE0, 0x2F, 0xF7, 0x00,
    0xBF, 0xFF, 0xC0, 0x00, 0x00, 0x00, 0x00, 0x00, 0x7F, 0xF2, 0x3F, 0xF4, 0x00, 0xEF, 0xFF, 0x60,
    0x00, 0x00, 0x00, 0x00, 0x00, 0x5F, 0xF3, 0x4F, 0xF3, 0x00, 0xFF, 0xFF, 0x40, 0x00, 0x00, 0x00,
    0x00, 0x00, 0x3F, 0xF4, 0x3F, 0xF4, 0x00, 0xEF, 0xFF, 0x60, 0x00, 0x00, 0x00, 0x00, 0x00, 0x4F,
    0xF3, 0x2F, 0xF6, 0x00, 0xBF, 0xFF, 0xC0, 0x00, 0x00, 0x00, 0x00, 0x00, 0x6F, 0xF2, 0x0E, 0xFB,
    0x00, 0x5F, 0xFF, 0xFC, 0x41, 0x12, 0x6B, 0x00, 0x00, 0xBF, 0xE0, 0x0A, 0xFF, 0x20, 0x09, 0xFF,
    0xFF, 0xFF, 0xFF, 0xFF, 0x00, 0x02, 0xFF, 0x90, 0x04, 0xFF, 0xA0, 0x00, 0x8F, 0xFF, 0xFF, 0xFF,
    0xFF, 0x00, 0x0A, 0xFF, 0x40, 0x00, 0xBF, 0xF7, 0x00, 0x02, 0x8C, 0xEF, 0xED, 0xA6, 0x00, 0x7F,
    0xFB, 0x00, 0x00, 0x3F, 0xFF, 0x70, 0x00, 0x00, 0x00, 0x00, 0x00, 0x07, 0xFF, 0xF3, 0x00, 0x00,
    0x06, 0xFF, 0xFA, 0x20, 0x00, 0x00, 0x00, 0x02, 0xAF, 0xFF, 0x50, 0x00, 0x00, 0x00, 0x7F, 0xFF,
    0xF9, 0x52, 0x11, 0x25, 0x9F, 0xFF, 0xF7, 0x00, 0x00, 0x00, 0x00, 0x05, 0xEF, 0xFF, 0xFF, 0xFF,
    0xFF, 0xFF, 0xFE, 0x50, 0x00, 0x00, 0x00, 0x00, 0x00, 0x2A, 0xFF, 0xFF, 0xFF, 0xFF, 0xFF, 0xA2,
    0x00, 0x00, 0x00, 0x00, 0x00, 0x00, 0x00, 0x27, 0xBD, 0xEE, 0xDB, 0x72, 0x00, 0x00, 0x00, 0x00,
    0x00, 0x37, 0xBC, 0xEF, 0xEC, 0xA5, 0x00, 0x00, 0x04, 0xFF, 0xFF, 0xFF, 0xFF, 0xFF, 0xB1, 0x00,
    0x04, 0xFF, 0xFF, 0xFF, 0xFF, 0xFF, 0xFB, 0x00, 0x04, 0xC8, 0x42, 0x10, 0x29, 0xFF, 0xFF, 0x40,
    0x00, 0x00, 0x00, 0x00, 0x00, 0xEF, 0xFF, 0x80, 0x00, 0x06, 0xAD, 0xEF, 0xFF, 0xFF, 0xFF, 0x90,
    0x03, 0xDF, 0xFF, 0xFF, 0xFF, 0xFF, 0xFF, 0x90, 0x0D, 0xFF, 0xF9, 0x31, 0x00, 0xDF, 0xFF, 0x90,
    0x3F, 0xFF, 0xD0, 0x00, 0x01, 0xFF, 0xFF, 0x90, 0x5F, 0xFF, 0xC0, 0x00, 0x07, 0xFF, 0xFF, 0x90,
    0x4F, 0xFF, 0xF6, 0x11, 0x7F, 0xFF, 0xFF, 0x90, 0x1E, 0xFF, 0xFF, 0xFF, 0xFF, 0xCF, 0xFF, 0x90,
    0x05, 0xFF, 0xFF, 0xFF, 0xF8, 0x7F, 0xFF, 0x90, 0x00, 0x3A, 0xDF, 0xEB, 0x40, 0x7F, 0xFF, 0x90,
    0x00, 0x00, 0x00, 0x00, 0x00, 0x00, 0x00, 0x00, 0x00, 0x00, 0x00, 0x00, 0x00, 0x00, 0x00, 0x00,
    0x1F, 0xFF, 0xFF, 0xFF, 0xFF, 0xFF, 0xFF, 0x60, 0x1F, 0xFF, 0xFF, 0xFF, 0xFF, 0xFF, 0xFF, 0x60,
    0x1F, 0xFF, 0xFF, 0xFF, 0xFF, 0xFF, 0xFF, 0x60, 0x00, 0x00, 0x00, 0x02, 0x90, 0x00, 0x00, 0x02,
    0x80, 0x00, 0x00, 0x00, 0x5E, 0xC0, 0x00, 0x00, 0x5E, 0xC0, 0x00, 0x00, 0x08, 0xFF, 0xC0, 0x00,
    0x19, 0xFF, 0xC0, 0x00, 0x02, 0xCF, 0xFF, 0xC0, 0x03, 0xCF, 0xFF, 0xB0, 0x00, 0x5E, 0xFF, 0xFD,
    0x30, 0x6E, 0xFF, 0xFC, 0x20, 0x19, 0xFF, 0xFF, 0x91, 0x1A, 0xFF, 0xFF, 0x90, 0x00, 0x6F, 0xFF,
    0xE5, 0x00, 0x6F, 0xFF, 0xE5, 0x00, 0x00, 0x6F, 0xFF, 0x40, 0x00, 0x6F, 0xFF, 0x40, 0x00, 0x00,
    0x6F, 0xFF, 0xE5, 0x00, 0x6F, 0xFF, 0xE5, 0x00, 0x00, 0x1A, 0xFF, 0xFF, 0x91, 0x1A, 0xFF, 0xFF,
    0x90, 0x00, 0x00, 0x6E, 0xFF, 0xFD, 0x30, 0x6F, 0xFF, 0xFC, 0x20, 0x00, 0x02, 0xCF, 0xFF, 0xC0,
    0x03, 0xDF, 0xFF, 0xB0, 0x00, 0x00, 0x09, 0xFF, 0xC0, 0x00, 0x19, 0xFF, 0xC0, 0x00, 0x00, 0x00,
    0x5E, 0xC0, 0x00, 0x00, 0x5E, 0xC0, 0x00, 0x00, 0x00, 0x02, 0x90, 0x00, 0x00, 0x02, 0x80, 0x6F,
    0xFF, 0xFF, 0xFF, 0xFF, 0xFF, 0xFF, 0xFF, 0xFF, 0xFF, 0xFD, 0x6F, 0xFF, 0xFF, 0xFF, 0xFF, 0xFF,
    0xFF, 0xFF, 0xFF, 0xFF, 0xFD, 0x6F, 0xFF, 0xFF, 0xFF, 0xFF, 0xFF, 0xFF, 0xFF, 0xFF, 0xFF, 0xFD,
    0x6F, 0xFF, 0xFF, 0xFF, 0xFF, 0xFF, 0xFF, 0xFF, 0xFF, 0xFF, 0xFD, 0x00, 0x00, 0x00, 0x00, 0x00,
    0x00, 0x00, 0x00, 0x00, 0xFF, 0xFD, 0x00, 0x00, 0x00, 0x00, 0x00, 0x00, 0x00, 0x00, 0x00, 0xFF,
    0xFD, 0x00, 0x00, 0x00, 0x00, 0x00, 0x00, 0x00, 0x00, 0x00, 0xFF, 0xFD, 0x00, 0x00, 0x00, 0x00,
    0x00, 0x00, 0x00, 0x00, 0x00, 0xFF, 0xFD, 0x00, 0x00, 0x00, 0x00, 0x00, 0x00, 0x00, 0x00, 0x00,
    0xFF, 0xFD, 0x00, 0x00, 0x00, 0x00, 0x00, 0x00, 0x00, 0x00, 0x00, 0xFF, 0xFD, 0x2F, 0xFF, 0xFF,
    0xFF, 0xFF, 0xF4, 0x2F, 0xFF, 0xFF, 0xFF, 0xFF, 0xF4, 0x2F, 0xFF, 0xFF, 0xFF, 0xFF, 0xF4, 0x2F,
    0xFF, 0xFF, 0xFF, 0xFF, 0xF4, 0x2F, 0xFF, 0xFF, 0xFF, 0xFF, 0xF4, 0x00, 0x00, 0x00, 0x00, 0x27,
    0xBD, 0xEE, 0xDB, 0x72, 0x00, 0x00, 0x00, 0x00, 0x00, 0x00, 0x00, 0x29, 0xFF, 0xFF, 0xFF, 0xFF,
    0xFF, 0x92, 0x00, 0x00, 0x00, 0x00, 0x00, 0x05, 0xEF, 0xFF, 0xFF, 0xFF, 0xFF, 0xFF, 0xFE, 0x50,
    0x00, 0x00, 0x00, 0x00, 0x7F, 0xFF, 0xFA, 0x52, 0x11, 0x25, 0xAF, 0xFF, 0xF7, 0x00, 0x00, 0x00,
    0x06, 0xFF, 0xFA, 0x20, 0x00, 0x00, 0x00, 0x02, 0xAF, 0xFF, 0x50, 0x00, 0x00, 0x3F, 0xFF, 0x70,
    0x00, 0x00, 0x00, 0x00, 0x00, 0x07, 0xFF, 0xF3, 0x00, 0x00, 0xBF, 0xF7, 0x01, 0xFF, 0xFF, 0xFE,
    0xDA, 0x40, 0x00, 0x8F, 0xFB, 0x00, 0x04, 0xFF, 0xB0, 0x01, 0xFF, 0xFF, 0xFF, 0xFF, 0xF8, 0x00,
    0x0B, 0xFF, 0x40, 0x09, 0xFF, 0x20, 0x01, 0xFF, 0xF7, 0x14, 0xDF, 0xFF, 0x30, 0x02, 0xFF, 0x90,
    0x0E, 0xFB, 0x00, 0x01, 0xFF, 0xF7, 0x00, 0x6F, 0xFF, 0x60, 0x00, 0xBF, 0xE0, 0x2F, 0xF7, 0x00,
    0x01, 0xFF, 0xF7, 0x00, 0x7F, 0xFF, 0x60, 0x00, 0x7F, 0xF2, 0x3F, 0xF4, 0x00, 0x01, 0xFF, 0xF7,
    0x14, 0xEF, 0xFF, 0x20, 0x00, 0x5F, 0xF3, 0x4F, 0xF3, 0x00, 0x01, 0xFF, 0xFF, 0xFF, 0xFF, 0xF7,
    0x00, 0x00, 0x3F, 0xF4, 0x3F, 0xF4, 0x00, 0x01, 0xFF, 0xFF, 0xFF, 0xFA, 0x30, 0x00, 0x00, 0x4F,
    0xF3, 0x2F, 0xF6, 0x00, 0x01, 0xFF, 0xF7, 0x6F, 0xFE, 0x60, 0x00, 0x00, 0x6F, 0xF2, 0x0E, 0xFB,
    0x00, 0x01, 0xFF, 0xF7, 0x09, 0xFF, 0xF3, 0x00, 0x00, 0xBF, 0xE0, 0x0A, 0xFF, 0x20, 0x01, 0xFF,
    0xF7, 0x01, 0xEF, 0xFC, 0x00, 0x02, 0xFF, 0x90, 0x04, 0xFF, 0xA0, 0x01, 0xFF, 0xF7, 0x00, 0x5F,
    0xFF, 0x70, 0x0A, 0xFF, 0x40, 0x00, 0xBF, 0xF7, 0x01, 0xFF, 0xF7, 0x00, 0x0B, 0xFF, 0xE1, 0x7F,
    0xFB, 0x00, 0x00, 0x3F, 0xFF, 0x70, 0x00, 0x00, 0x00, 0x00, 0x00, 0x07, 0xFF, 0xF3, 0x00, 0x00,
    0x06, 0xFF, 0xFA, 0x20, 0x00, 0x00, 0x00, 0x02, 0xAF, 0xFF, 0x50, 0x00, 0x00, 0x00, 0x7F, 0xFF,
    0xF9, 0x52, 0x11, 0x25, 0x9F, 0xFF, 0xF7, 0x00, 0x00, 0x00, 0x00, 0x05, 0xEF, 0xFF, 0xFF, 0xFF,
    0xFF, 0xFF, 0xFE, 0x50, 0x00, 0x00, 0x00, 0x00, 0x00, 0x2A, 0xFF, 0xFF, 0xFF, 0xFF, 0xFF, 0xA2,
    0x00, 0x00, 0x00, 0x00, 0x00, 0x00, 0x00, 0x27, 0xBD, 0xEE, 0xDB, 0x72, 0x00, 0x00, 0x00, 0x00,
    0xBF, 0xFF, 0xFF, 0xFF, 0xFF, 0xB0, 0xBF, 0xFF, 0xFF, 0xFF, 0xFF, 0xB0, 0xBF, 0xFF, 0xFF, 0xFF,
    0xFF, 0xB0, 0x00, 0x29, 0xDF, 0xD9, 0x20, 0x00, 0x05, 0xFF, 0xFF, 0xFF, 0xE4, 0x00, 0x3F, 0xFF,
    0xFF, 0xFF, 0xFE, 0x20, 0xAF, 0xFB, 0x31, 0x3B, 0xFF, 0x90, 0xEF, 0xD1, 0x00, 0x01, 0xDF, 0xE0,
    0xFF, 0xA0, 0x00, 0x00, 0xAF, 0xF0, 0xEF, 0xD1, 0x00, 0x01, 0xDF, 0xE0, 0xAF, 0xFB, 0x31, 0x3B,
    0xFF, 0x90, 0x3F, 0xFF, 0xFF, 0xFF, 0xFE, 0x20, 0x05, 0xFF, 0xFF, 0xFF, 0xE5, 0x00, 0x00, 0x3A,
    0xEF, 0xD9, 0x20, 0x00, 0x00, 0x00, 0x00, 0x00, 0x0B, 0xFF, 0xF3, 0x00, 0x00, 0x00, 0x00, 0x00,
    0x00, 0x00, 0x00, 0x0B, 0xFF, 0xF3, 0x00, 0x00, 0x00, 0x00, 0x00, 0x00, 0x00, 0x00, 0x0B, 0xFF,
    0xF3, 0x00, 0x00, 0x00, 0x00, 0x00, 0x00, 0x00, 0x00, 0x0B, 0xFF, 0xF3, 0x00, 0x00, 0x00, 0x00,
    0x00, 0x00, 0x00, 0x00, 0x0B, 0xFF, 0xF3, 0x00, 0x00, 0x00, 0x00, 0x00, 0x00, 0x00, 0x00, 0x0B,
    0xFF, 0xF3, 0x00, 0x00, 0x00, 0x00, 0x6F, 0xFF, 0xFF, 0xFF, 0xFF, 0xFF, 0xFF, 0xFF, 0xFF, 0xFF,
    0xFD, 0x6F, 0xFF, 0xFF, 0xFF, 0xFF, 0xFF, 0xFF, 0xFF, 0xFF, 0xFF, 0xFD, 0x6F, 0xFF, 0xFF, 0xFF,
    0xFF, 0xFF, 0xFF, 0xFF, 0xFF, 0xFF, 0xFD, 0x6F, 0xFF, 0xFF, 0xFF, 0xFF, 0xFF, 0xFF, 0xFF, 0xFF,
    0xFF, 0xFD, 0x00, 0x00, 0x00, 0x00, 0x0B, 0xFF, 0xF3, 0x00, 0x00, 0x00, 0x00, 0x00, 0x00, 0x00,
    0x00, 0x0B, 0xFF, 0xF3, 0x00, 0x00, 0x00, 0x00, 0x00, 0x00, 0x00, 0x00, 0x0B, 0xFF, 0xF3, 0x00,
    0x00, 0x00, 0x00, 0x00, 0x00, 0x00, 0x00, 0x0B, 0xFF, 0xF3, 0x00, 0x00, 0x00, 0x00, 0x00, 0x00,
    0x00, 0x00, 0x0B, 0xFF, 0xF3, 0x00, 0x00, 0x00, 0x00, 0x00, 0x00, 0x00, 0x00, 0x0B, 0xFF, 0xF3,
    0x00, 0x00, 0x00, 0x00, 0x00, 0x00, 0x00, 0x00, 0x00, 0x00, 0x00, 0x00, 0x00, 0x00, 0x00, 0x6F,
    0xFF, 0xFF, 0xFF, 0xFF, 0xFF, 0xFF, 0xFF, 0xFF, 0xFF, 0xFD, 0x6F, 0xFF, 0xFF, 0xFF, 0xFF, 0xFF,
    0xFF, 0xFF, 0xFF, 0xFF, 0xFD, 0x6F, 0xFF, 0xFF, 0xFF, 0xFF, 0xFF, 0xFF, 0xFF, 0xFF, 0xFF, 0xFD,
    0x6F, 0xFF, 0xFF, 0xFF, 0xFF, 0xFF, 0xFF, 0xFF, 0xFF, 0xFF, 0xFD, 0x02, 0x6A, 0xDE, 0xFE, 0xB6,
    0x00, 0x1F, 0xFF, 0xFF, 0xFF, 0xFF, 0xC1, 0x1F, 0xFF, 0xFF, 0xFF, 0xFF, 0xF9, 0x1F, 0xE8, 0x31,
    0x2B, 0xFF, 0xFD, 0x19, 0x10, 0x00, 0x03, 0xFF, 0xFD, 0x00, 0x00, 0x00, 0x04, 0xFF, 0xFA, 0x00,
    0x00, 0x00, 0x1D, 0xFF, 0xF3, 0x00, 0x00, 0x01, 0xCF, 0xFF, 0x60, 0x00, 0x00, 0x4E, 0xFF, 0xF6,
    0x00, 0x00, 0x06, 0xFF, 0xFC, 0x30, 0x00, 0x01, 0xAF, 0xFF, 0x80, 0x00, 0x00, 0x1C, 0xFF, 0xFF,
    0xFF, 0xFF, 0xFF, 0x3F, 0xFF, 0xFF, 0xFF, 0xFF, 0xFF, 0x3F, 0xFF, 0xFF, 0xFF, 0xFF, 0xFF, 0x06,
    0xAC, 0xDF, 0xFD, 0xB6, 0x00, 0x1F, 0xFF, 0xFF, 0xFF, 0xFF, 0xB0, 0x1F, 0xFF, 0xFF, 0xFF, 0xFF,
    0xF7, 0x1C, 0x63, 0x11, 0x3C, 0xFF, 0xFA, 0x00, 0x00, 0x00, 0x06, 0xFF, 0xF8, 0x00, 0x00, 0x01,
    0x4D, 0xFF, 0xE2, 0x00, 0x0D, 0xFF, 0xFF, 0xFA, 0x30, 0x00, 0x0D, 0xFF, 0xFF, 0xFD, 0x60, 0x00,
    0x00, 0x01, 0x3A, 0xFF, 0xF8, 0x00, 0x00, 0x00, 0x01, 0xFF, 0xFE, 0x7A, 0x52, 0x01, 0x3A, 0xFF,
    0xFF, 0x8F, 0xFF, 0xFF, 0xFF, 0xFF, 0xFB, 0x8F, 0xFF, 0xFF, 0xFF, 0xFF, 0xD2, 0x16, 0xAC, 0xEF,
    0xED, 0xB6, 0x10, 0x00, 0x00, 0xAF, 0xFF, 0xD1, 0x00, 0x07, 0xFF, 0xFC, 0x10, 0x00, 0x3F, 0xFF,
    0xC1, 0x00, 0x01, 0xEF, 0xFC, 0x10, 0x00, 0x0B, 0xFF, 0xC1, 0x00, 0x00, 0x8F, 0xFC, 0x10, 0x00,
    0x00, 0x2F, 0xFF, 0xFF, 0xD0, 0x00, 0x00, 0x06, 0xFF, 0xFF, 0xF9, 0x00, 0x2F, 0xFF, 0xFF, 0xD0,
    0x00, 0x00, 0x06, 0xFF, 0xFF, 0xF9, 0x00, 0x2F, 0xFF, 0xFF, 0xD0, 0x00, 0x00, 0x06, 0xFF, 0xFF,
    0xF9, 0x00, 0x2F, 0xFF, 0xFF, 0xD0, 0x00, 0x00, 0x06, 0xFF, 0xFF, 0xF9, 0x00, 0x2F, 0xFF, 0xFF,
    0xD0, 0x00, 0x00, 0x06, 0xFF, 0xFF, 0xF9, 0x00, 0x2F, 0xFF, 0xFF, 0xD0, 0x00, 0x00, 0x06, 0xFF,
    0xFF, 0xF9, 0x00, 0x2F, 0xFF, 0xFF, 0xD0, 0x00, 0x00, 0x06, 0xFF, 0xFF, 0xF9, 0x00, 0x2F, 0xFF,
    0xFF, 0xD0, 0x00, 0x00, 0x06, 0xFF, 0xFF, 0xF9, 0x00, 0x2F, 0xFF, 0xFF, 0xD0, 0x00, 0x00, 0x06,
    0xFF, 0xFF, 0xF9, 0x00, 0x2F, 0xFF, 0xFF, 0xD0, 0x00, 0x00, 0x06, 0xFF, 0xFF, 0xF9, 0x00, 0x2F,
    0xFF, 0xFF, 0xE0, 0x00, 0x00, 0x06, 0xFF, 0xFF, 0xF9, 0x00, 0x2F, 0xFF, 0xFF, 0xF0, 0x00, 0x00,
    0x08, 0xFF, 0xFF, 0xF9, 0x00, 0x2F, 0xFF, 0xFF, 0xF6, 0x00, 0x00, 0x0D, 0xFF, 0xFF, 0xF9, 0x00,
    0x2F, 0xFF, 0xFF, 0xFE, 0x62, 0x13, 0xBF, 0xFF, 0xFF, 0xFD, 0x23, 0x2F, 0xFF, 0xFF, 0xFF, 0xFF,
    0xFF, 0xFF, 0xFF, 0xFF, 0xFF, 0xFE, 0x2F, 0xFF, 0xFF, 0xFF, 0xFF, 0xFF, 0xFF, 0xFF, 0xFF, 0xFF,
    0xFE, 0x2F, 0xFF, 0xFF, 0xFF, 0xFF, 0xFF, 0xFF, 0x9E, 0xFF, 0xFF, 0xFE, 0x2F, 0xFF, 0xFF, 0xED,
    0xFF, 0xFF, 0xFB, 0x06, 0xFF, 0xFF, 0xFE, 0x2F, 0xFF, 0xFF, 0xD2, 0xAE, 0xFD, 0x70, 0x00, 0x5C,
    0xEE, 0xB5, 0x2F, 0xFF, 0xFF, 0xD0, 0x00, 0x00, 0x00, 0x00, 0x00, 0x00, 0x00, 0x2F, 0xFF, 0xFF,
    0xD0, 0x00, 0x00, 0x00, 0x00, 0x00, 0x00, 0x00, 0x2F, 0xFF, 0xFF, 0xD0, 0x00, 0x00, 0x00, 0x00,
    0x00, 0x00, 0x00, 0x2F, 0xFF, 0xFF, 0xD0, 0x00, 0x00, 0x00, 0x00, 0x00, 0x00, 0x00, 0x2F, 0xFF,
    0xFF, 0xD0, 0x00, 0x00, 0x00, 0x00, 0x00, 0x00, 0x00, 0x2F, 0xFF, 0xFF, 0xD0, 0x00, 0x00, 0x00,
    0x00, 0x00, 0x00, 0x00, 0x2F, 0xFF, 0xFF, 0xD0, 0x00, 0x00, 0x00, 0x00, 0x00, 0x00, 0x00, 0x00,
    0x00, 0x6A, 0xDE, 0xFF, 0xFF, 0xFF, 0xFF, 0xA0, 0x00, 0x4D, 0xFF, 0xFF, 0xFF, 0xFF, 0xFF, 0xFF,
    0xA0, 0x04, 0xFF, 0xFF, 0xFF, 0xFF, 0x60, 0x08, 0xFF, 0xA0, 0x1E, 0xFF, 0xFF, 0xFF, 0xFF, 0x60,
    0x08, 0xFF, 0xA0, 0x6F, 0xFF, 0xFF, 0xFF, 0xFF, 0x60, 0x08, 0xFF, 0xA0, 0xBF, 0xFF, 0xFF, 0xFF,
    0xFF, 0x60, 0x08, 0xFF, 0xA0, 0xCF, 0xFF, 0xFF, 0xFF, 0xFF, 0x60, 0x08, 0xFF, 0xA0, 0xCF, 0xFF,
    0xFF, 0xFF, 0xFF, 0x60, 0x08, 0xFF, 0xA0, 0xBF, 0xFF, 0xFF, 0xFF, 0xFF, 0x60, 0x08, 0xFF, 0xA0,
    0x6F, 0xFF, 0xFF, 0xFF, 0xFF, 0x60, 0x08, 0xFF, 0xA0, 0x1E, 0xFF, 0xFF, 0xFF, 0xFF, 0x60, 0x08,
    0xFF, 0xA0, 0x04, 0xFF, 0xFF, 0xFF, 0xFF, 0x60, 0x08, 0xFF, 0xA0, 0x00, 0x3D, 0xFF, 0xFF, 0xFF,
    0x60, 0x08, 0xFF, 0xA0, 0x00, 0x00, 0x5A, 0xDF, 0xFF, 0x60, 0x08, 0xFF, 0xA0, 0x00, 0x00, 0x00,
    0x0C, 0xFF, 0x60, 0x08, 0xFF, 0xA0, 0x00, 0x00, 0x00, 0x0C, 0xFF, 0x60, 0x08, 0xFF, 0xA0, 0x00,
    0x00, 0x00, 0x0C, 0xFF, 0x60, 0x08, 0xFF, 0xA0, 0x00, 0x00, 0x00, 0x0C, 0xFF, 0x60, 0x08, 0xFF,
    0xA0, 0x00, 0x00, 0x00, 0x0C, 0xFF, 0x60, 0x08, 0xFF, 0xA0, 0x00, 0x00, 0x00, 0x0C, 0xFF, 0x60,
    0x08, 0xFF, 0xA0, 0x00, 0x00, 0x00, 0x0C, 0xFF, 0x60, 0x08, 0xFF, 0xA0, 0x00, 0x00, 0x00, 0x0C,
    0xFF, 0x60, 0x08, 0xFF, 0xA0, 0x00, 0x00, 0x00, 0x0C, 0xFF, 0x60, 0x08, 0xFF, 0xA0, 0x00, 0x00,
    0x00, 0x0C, 0xFF, 0x60, 0x08, 0xFF, 0xA0, 0x00, 0x00, 0x00, 0x0C, 0xFF, 0x60, 0x08, 0xFF, 0xA0,
    0x00, 0x00, 0x00, 0x0C, 0xFF, 0x60, 0x08, 0xFF, 0xA0, 0x00, 0x00, 0x00, 0x0C, 0xFF, 0x60, 0x08,
    0xFF, 0xA0, 0x00, 0x00, 0x00, 0x0C, 0xFF, 0x60, 0x08, 0xFF, 0xA0, 0x8F, 0xFF, 0xFF, 0x70, 0x8F,
    0xFF, 0xFF, 0x70, 0x8F, 0xFF, 0xFF, 0x70, 0x8F, 0xFF, 0xFF, 0x70, 0x8F, 0xFF, 0xFF, 0x70, 0x8F,
    0xFF, 0xFF, 0x70, 0x00, 0x01, 0xEF, 0x60, 0x00, 0x00, 0x7F, 0xF2, 0x00, 0x00, 0x1F, 0xF9, 0x00,
    0x00, 0x0E, 0xFD, 0x86, 0x21, 0x7F, 0xFC, 0xAF, 0xFF, 0xFF, 0xF6, 0xAF, 0xFF, 0xEC, 0x60, 0x26,
    0xAE, 0xFF, 0xF9, 0x00, 0x00, 0xEF, 0xFF, 0xFF, 0xF9, 0x00, 0x00, 0xEF, 0xFF, 0xFF, 0xF9, 0x00,
    0x00, 0xD9, 0x55, 0xFF, 0xF9, 0x00, 0x00, 0x00, 0x03, 0xFF, 0xF9, 0x00, 0x00, 0x00, 0x03, 0xFF,
    0xF9, 0x00, 0x00, 0x00, 0x03, 0xFF, 0xF9, 0x00, 0x00, 0x00, 0x03, 0xFF, 0xF9, 0x00, 0x00, 0x00,
    0x03, 0xFF, 0xF9, 0x00, 0x00, 0x00, 0x03, 0xFF, 0xF9, 0x00, 0x00, 0x00, 0x03, 0xFF, 0xF9, 0x00,
    0x00, 0xAF, 0xFF, 0xFF, 0xFF, 0xFF, 0xF0, 0xAF, 0xFF, 0xFF, 0xFF, 0xFF, 0xF0, 0xAF, 0xFF, 0xFF,
    0xFF, 0xFF, 0xF0, 0x00, 0x02, 0x8C, 0xEF, 0xEC, 0x93, 0x00, 0x00, 0x00, 0x7F, 0xFF, 0xFF, 0xFF,
    0xFF, 0x90, 0x00, 0x08, 0xFF, 0xFF, 0xFF, 0xFF, 0xFF, 0xFA, 0x00, 0x3F, 0xFF, 0xFD, 0x40, 0x3C,
    0xFF, 0xFF, 0x60, 0xAF, 0xFF, 0xF4, 0x00, 0x01, 0xFF, 0xFF, 0xC0, 0xEF, 0xFF, 0xD0, 0x00, 0x00,
    0xBF, 0xFF, 0xF1, 0xFF, 0xFF, 0xB0, 0x00, 0x00, 0x9F, 0xFF, 0xF3, 0xFF, 0xFF, 0xB0, 0x00, 0x00,
    0x9F, 0xFF, 0xF3, 0xEF, 0xFF, 0xD0, 0x00, 0x00, 0xAF, 0xFF, 0xF1, 0xAF, 0xFF, 0xF3, 0x00, 0x01,
    0xFF, 0xFF, 0xD0, 0x4F, 0xFF, 0xFD, 0x30, 0x2B, 0xFF, 0xFF, 0x60, 0x08, 0xFF, 0xFF, 0xFF, 0xFF,
    0xFF, 0xFB, 0x00, 0x00, 0x8F, 0xFF, 0xFF, 0xFF, 0xFF, 0x91, 0x00, 0x00, 0x02, 0x8C, 0xEF, 0xEC,
    0x93, 0x00, 0x00, 0x00, 0x00, 0x00, 0x00, 0x00, 0x00, 0x00, 0x00, 0x00, 0x00, 0x00, 0x00, 0x00,
    0x00, 0x00, 0x00, 0x4F, 0xFF, 0xFF, 0xFF, 0xFF, 0xFF, 0xFF, 0x60, 0x4F, 0xFF, 0xFF, 0xFF, 0xFF,
    0xFF, 0xFF, 0x60, 0x4F, 0xFF, 0xFF, 0xFF, 0xFF, 0xFF, 0xFF, 0x60, 0x82, 0x00, 0x00, 0x00, 0x91,
    0x00, 0x00, 0x00, 0x00, 0xCE, 0x50, 0x00, 0x00, 0xDE, 0x40, 0x00, 0x00, 0x00, 0xCF, 0xF9, 0x00,
    0x00, 0xDF, 0xF8, 0x00, 0x00, 0x00, 0xCF, 0xFF, 0xC2, 0x00, 0xDF, 0xFF, 0xC2, 0x00, 0x00, 0x3D,
    0xFF, 0xFE, 0x50, 0x3D, 0xFF, 0xFE, 0x50, 0x00, 0x01, 0x9F, 0xFF, 0xF9, 0x11, 0xAF, 0xFF, 0xF9,
    0x10, 0x00, 0x05, 0xEF, 0xFF, 0x50, 0x06, 0xEF, 0xFF, 0x50, 0x00, 0x00, 0x4F, 0xFF, 0x50, 0x00,
    0x5F, 0xFF, 0x50, 0x00, 0x05, 0xEF, 0xFF, 0x50, 0x06, 0xEF, 0xFF, 0x50, 0x01, 0x9F, 0xFF, 0xFA,
    0x11, 0xAF, 0xFF, 0xFA, 0x10, 0x3D, 0xFF, 0xFE, 0x60, 0x3D, 0xFF, 0xFE, 0x50, 0x00, 0xCF, 0xFF,
    0xC2, 0x00, 0xDF, 0xFF, 0xC2, 0x00, 0x00, 0xCF, 0xF9, 0x00, 0x00, 0xDF, 0xF8, 0x00, 0x00, 0x00,
    0xCE, 0x50, 0x00, 0x00, 0xDE, 0x40, 0x00, 0x00, 0x00, 0x82, 0x00, 0x00, 0x00, 0x91, 0x00, 0x00,
    0x00, 0x00, 0x03, 0x7B, 0xFF, 0xFF, 0x30, 0x00, 0x00, 0x00, 0x00, 0x00, 0x00, 0x5F, 0xFF, 0x60,
    0x00, 0x00, 0x5F, 0xFF, 0xFF, 0xFF, 0x30, 0x00, 0x00, 0x00, 0x00, 0x00, 0x01, 0xEF, 0xFB, 0x00,
    0x00, 0x00, 0x5F, 0xFF, 0xFF, 0xFF, 0x30, 0x00, 0x00, 0x00, 0x00, 0x00, 0x09, 0xFF, 0xF2, 0x00,
    0x00, 0x00, 0x5C, 0x84, 0x9F, 0xFF, 0x30, 0x00, 0x00, 0x00, 0x00, 0x00, 0x3F, 0xFF, 0x80, 0x00,
    0x00, 0x00, 0x00, 0x00, 0x9F, 0xFF, 0x30, 0x00, 0x00, 0x00, 0x00, 0x00, 0xCF, 0xFD, 0x00, 0x00,
    0x00, 0x00, 0x00, 0x00, 0x9F, 0xFF, 0x30, 0x00, 0x00, 0x00, 0x00, 0x07, 0xFF, 0xF4, 0x00, 0x00,
    0x00, 0x00, 0x00, 0x00, 0x9F, 0xFF, 0x30, 0x00, 0x00, 0x00, 0x00, 0x2E, 0xFF, 0xA0, 0x00, 0x00,
    0x00, 0x00, 0x00, 0x00, 0x9F, 0xFF, 0x30, 0x00, 0x00, 0x00, 0x00, 0xAF, 0xFE, 0x10, 0x00, 0x00,
    0x00, 0x00, 0x00, 0x00, 0x9F, 0xFF, 0x30, 0x00, 0x00, 0x00, 0x05, 0xFF, 0xF6, 0x00, 0x00, 0x00,
    0x00, 0x00, 0x00, 0x00, 0x9F, 0xFF, 0x30, 0x00, 0x00, 0x00, 0x1D, 0xFF, 0xC0, 0x00, 0x00, 0x00,
    0x00, 0x00, 0x00, 0x00, 0x9F, 0xFF, 0x30, 0x00, 0x00, 0x00, 0x8F, 0xFF, 0x30, 0x00, 0x00, 0x00,
    0x00, 0x00, 0x0F, 0xFF, 0xFF, 0xFF, 0xFF, 0xF9, 0x00, 0x03, 0xFF, 0xF8, 0x00, 0x00, 0x3E, 0xEE,
    0xE4, 0x00, 0x0F, 0xFF, 0xFF, 0xFF, 0xFF, 0xF9, 0x00, 0x0C, 0xFF, 0xD1, 0x00, 0x01, 0xDF, 0xFF,
    0xF4, 0x00, 0x0F, 0xFF, 0xFF, 0xFF, 0xFF, 0xF9, 0x00, 0x6F, 0xFF, 0x50, 0x00, 0x0A, 0xFF, 0xFF,
    0xF4, 0x00, 0x00, 0x00, 0x00, 0x00, 0x00, 0x00, 0x01, 0xEF, 0xFA, 0x00, 0x00, 0x6F, 0xFC, 0xFF,
    0xF4, 0x00, 0x00, 0x00, 0x00, 0x00, 0x00, 0x00, 0x0A, 0xFF, 0xE2, 0x00, 0x03, 0xEF, 0x88, 0xFF,
    0xF4, 0x00, 0x00, 0x00, 0x00, 0x00, 0x00, 0x00, 0x4F, 0xFF, 0x70, 0x00, 0x1C, 0xFC, 0x08, 0xFF,
    0xF4, 0x00, 0x00, 0x00, 0x00, 0x00, 0x00, 0x00, 0xDF, 0xFC, 0x00, 0x00, 0x9F, 0xE2, 0x08, 0xFF,
    0xF4, 0x00, 0x00, 0x00, 0x00, 0x00, 0x00, 0x08, 0xFF, 0xF3, 0x00, 0x05, 0xFF, 0x50, 0x08, 0xFF,
    0xF4, 0x00, 0x00, 0x00, 0x00, 0x00, 0x00, 0x2F, 0xFF, 0x90, 0x00, 0x0E, 0xFC, 0x55, 0x5B, 0xFF,
    0xF8, 0x53, 0x00, 0x00, 0x00, 0x00, 0x00, 0xBF, 0xFE, 0x10, 0x00, 0x0F, 0xFF, 0xFF, 0xFF, 0xFF,
    0xFF, 0xF8, 0x00, 0x00, 0x00, 0x00, 0x06, 0xFF, 0xF5, 0x00, 0x00, 0x0F, 0xFF, 0xFF, 0xFF, 0xFF,
    0xFF, 0xF8, 0x00, 0x00, 0x00, 0x00, 0x1E, 0xFF, 0xB0, 0x00, 0x00, 0x03, 0x33, 0x33, 0x3A, 0xFF,
    0xF6, 0x32, 0x00, 0x00, 0x00, 0x00, 0x9F, 0xFF, 0x20, 0x00, 0x00, 0x00, 0x00, 0x00, 0x08, 0xFF,
    0xF4, 0x00, 0x00, 0x00, 0x00, 0x04, 0xFF, 0xF7, 0x00, 0x00, 0x00, 0x00, 0x00, 0x00, 0x07, 0xEE,
    0xE4, 0x00, 0x03, 0x7B, 0xFF, 0xFF, 0x30, 0x00, 0x00, 0x00, 0x00, 0x00, 0x00, 0x5F, 0xFF, 0x60,
    0x00, 0x00, 0x00, 0x5F, 0xFF, 0xFF, 0xFF, 0x30, 0x00, 0x00, 0x00, 0x00, 0x00, 0x01, 0xEF, 0xFB,
    0x00, 0x00, 0x00, 0x00, 0x5F, 0xFF, 0xFF, 0xFF, 0x30, 0x00, 0x00, 0x00, 0x00, 0x00, 0x09, 0xFF,
    0xF2, 0x00, 0x00, 0x00, 0x00, 0x5C, 0x84, 0x9F, 0xFF, 0x30, 0x00, 0x00, 0x00, 0x00, 0x00, 0x3F,
    0xFF, 0x80, 0x00, 0x00, 0x00, 0x00, 0x00, 0x00, 0x9F, 0xFF, 0x30, 0x00, 0x00, 0x00, 0x00, 0x00,
    0xCF, 0xFD, 0x00, 0x00, 0x00, 0x00, 0x00, 0x00, 0x00, 0x9F, 0xFF, 0x30, 0x00, 0x00, 0x00, 0x00,
    0x07, 0xFF, 0xF4, 0x00, 0x00, 0x00, 0x00, 0x00, 0x00, 0x00, 0x9F, 0xFF, 0x30, 0x00, 0x00, 0x00,
    0x00, 0x2E, 0xFF, 0xA0, 0x00, 0x00, 0x00, 0x00, 0x00, 0x00, 0x00, 0x9F, 0xFF, 0x30, 0x00, 0x00,
    0x00, 0x00, 0xAF, 0xFE, 0x10, 0x00, 0x00, 0x00, 0x00, 0x00, 0x00, 0x00, 0x9F, 0xFF, 0x30, 0x00,
    0x00, 0x00, 0x05, 0xFF, 0xF6, 0x00, 0x00, 0x00, 0x00, 0x00, 0x00, 0x00, 0x00, 0x9F, 0xFF, 0x30,
    0x00, 0x00, 0x00, 0x1D, 0xFF, 0xC0, 0x00, 0x00, 0x00, 0x00, 0x00, 0x00, 0x00, 0x00, 0x9F, 0xFF,
    0x30, 0x00, 0x00, 0x00, 0x8F, 0xFF, 0x30, 0x00, 0x00, 0x00, 0x00, 0x00, 0x00, 0x0F, 0xFF, 0xFF,
    0xFF, 0xFF, 0xF9, 0x00, 0x03, 0xFF, 0xF8, 0x00, 0x48, 0xBE, 0xFE, 0xD9, 0x30, 0x00, 0x0F, 0xFF,
    0xFF, 0xFF, 0xFF, 0xF9, 0x00, 0x0C, 0xFF, 0xD1, 0x08, 0xFF, 0xFF, 0xFF, 0xFF, 0xF6, 0x00, 0x0F,
    0xFF, 0xFF, 0xFF, 0xFF, 0xF9, 0x00, 0x6F, 0xFF, 0x50, 0x08, 0xFF, 0xFF, 0xFF, 0xFF, 0xFF, 0x20,
    0x00, 0x00, 0x00, 0x00, 0x00, 0x00, 0x01, 0xEF, 0xFA, 0x00, 0x08, 0xFC, 0x51, 0x15, 0xFF, 0xFF,
    0x60, 0x00, 0x00, 0x00, 0x00, 0x00, 0x00, 0x0A, 0xFF, 0xE2, 0x00, 0x07, 0x50, 0x00, 0x00, 0xAF,
    0xFF, 0x60, 0x00, 0x00, 0x00, 0x00, 0x00, 0x00, 0x4F, 0xFF, 0x70, 0x00, 0x00, 0x00, 0x00, 0x00,
    0xBF, 0xFF, 0x30, 0x00, 0x00, 0x00, 0x00, 0x00, 0x00, 0xDF, 0xFC, 0x00, 0x00, 0x00, 0x00, 0x00,
    0x05, 0xFF, 0xFB, 0x00, 0x00, 0x00, 0x00, 0x00, 0x00, 0x08, 0xFF, 0xF3, 0x00, 0x00, 0x00, 0x00,
    0x00, 0x5F, 0xFF, 0xD1, 0x00, 0x00, 0x00, 0x00, 0x00, 0x00, 0x2F, 0xFF, 0x90, 0x00, 0x00, 0x00,
    0x00, 0x08, 0xFF, 0xFC, 0x10, 0x00, 0x00, 0x00, 0x00, 0x00, 0x00, 0xBF, 0xFE, 0x10, 0x00, 0x00,
    0x00, 0x01, 0xBF, 0xFF, 0x80, 0x00, 0x00, 0x00, 0x00, 0x00, 0x00, 0x06, 0xFF, 0xF5, 0x00, 0x00,
    0x00, 0x00, 0x3D, 0xFF, 0xD4, 0x00, 0x00, 0x00, 0x00, 0x00, 0x00, 0x00, 0x1E, 0xFF, 0xB0, 0x00,
    0x00, 0x00, 0x05, 0xFF, 0xFF, 0xFF, 0xFF, 0xFF, 0x80, 0x00, 0x00, 0x00, 0x00, 0x9F, 0xFF, 0x20,
    0x00, 0x00, 0x00, 0x09, 0xFF, 0xFF, 0xFF, 0xFF, 0xFF, 0x80, 0x00, 0x00, 0x00, 0x04, 0xFF, 0xF7,
    0x00, 0x00, 0x00, 0x00, 0x09, 0xFF, 0xFF, 0xFF, 0xFF, 0xFF, 0x80, 0x05, 0x9C, 0xDE, 0xFE, 0xC7,
    0x10, 0x00, 0x00, 0x00, 0x00, 0x00, 0x5F, 0xFF, 0x60, 0x00, 0x00, 0x0C, 0xFF, 0xFF, 0xFF, 0xFF,
    0xD2, 0x00, 0x00, 0x00, 0x00, 0x01, 0xEF, 0xFB, 0x00, 0x00, 0x00, 0x0C, 0xFF, 0xFF, 0xFF, 0xFF,
    0xFA, 0x00, 0x00, 0x00, 0x00, 0x09, 0xFF, 0xF2, 0x00, 0x00, 0x00, 0x0A, 0x84, 0x20, 0x2A, 0xFF,
    0xFD, 0x00, 0x00, 0x00, 0x00, 0x3F, 0xFF, 0x80, 0x00, 0x00, 0x00, 0x00, 0x00, 0x00, 0x03, 0xFF,
    0xFC, 0x00, 0x00, 0x00, 0x00, 0xCF, 0xFD, 0x00, 0x00, 0x00, 0x00, 0x00, 0x00, 0x01, 0x3B, 0xFF,
    0xF5, 0x00, 0x00, 0x00, 0x07, 0xFF, 0xF4, 0x00, 0x00, 0x00, 0x00, 0x00, 0x0A, 0xFF, 0xFF, 0xFC,
    0x50, 0x00, 0x00, 0x00, 0x2E, 0xFF, 0xA0, 0x00, 0x00, 0x00, 0x00, 0x00, 0x0A, 0xFF, 0xFF, 0xFE,
    0x81, 0x00, 0x00, 0x00, 0xAF, 0xFE, 0x10, 0x00, 0x00, 0x00, 0x00, 0x00, 0x00, 0x01, 0x38, 0xFF,
    0xFB, 0x00, 0x00, 0x05, 0xFF, 0xF6, 0x00, 0x00, 0x00, 0x00, 0x00, 0x00, 0x00, 0x00, 0x00, 0xDF,
    0xFF, 0x30, 0x00, 0x1D, 0xFF, 0xC0, 0x00, 0x00, 0x00, 0x00, 0x00, 0x4B, 0x63, 0x11, 0x28, 0xFF,
    0xFF, 0x30, 0x00, 0x8F, 0xFF, 0x30, 0x00, 0x00, 0x00, 0x00, 0x00, 0x4F, 0xFF, 0xFF, 0xFF, 0xFF,
    0xFE, 0x10, 0x03, 0xFF, 0xF8, 0x00, 0x00, 0x3E, 0xEE, 0xE4, 0x00, 0x4F, 0xFF, 0xFF, 0xFF, 0xFF,
    0xE5, 0x00, 0x0C, 0xFF, 0xD1, 0x00, 0x01, 0xDF, 0xFF, 0xF4, 0x00, 0x05, 0x9C, 0xDF, 0xFE, 0xB8,
    0x20, 0x00, 0x6F, 0xFF, 0x50, 0x00, 0x0A, 0xFF, 0xFF, 0xF4, 0x00, 0x00, 0x00, 0x00, 0x00, 0x00,
    0x00, 0x01, 0xEF, 0xFA, 0x00, 0x00, 0x6F, 0xFC, 0xFF, 0xF4, 0x00, 0x00, 0x00, 0x00, 0x00, 0x00,
    0x00, 0x0A, 0xFF, 0xE2, 0x00, 0x03, 0xEF, 0x88, 0xFF, 0xF4, 0x00, 0x00, 0x00, 0x00, 0x00, 0x00,
    0x00, 0x4F, 0xFF, 0x70, 0x00, 0x1C, 0xFC, 0x08, 0xFF, 0xF4, 0x00, 0x00, 0x00, 0x00, 0x00, 0x00,
    0x00, 0xDF, 0xFC, 0x00, 0x00, 0x9F, 0xE2, 0x08, 0xFF, 0xF4, 0x00, 0x00, 0x00, 0x00, 0x00, 0x00,
    0x08, 0xFF, 0xF3, 0x00, 0x05, 0xFF, 0x50, 0x08, 0xFF, 0xF4, 0x00, 0x00, 0x00, 0x00, 0x00, 0x00,
    0x2F, 0xFF, 0x90, 0x00, 0x0E, 0xFC, 0x55, 0x5B, 0xFF, 0xF8, 0x53, 0x00, 0x00, 0x00, 0x00, 0x00,
    0xBF, 0xFE, 0x10, 0x00, 0x0F, 0xFF, 0xFF, 0xFF, 0xFF, 0xFF, 0xF8, 0x00, 0x00, 0x00, 0x00, 0x06,
    0xFF, 0xF5, 0x00, 0x00, 0x0F, 0xFF, 0xFF, 0xFF, 0xFF, 0xFF, 0xF8, 0x00, 0x00, 0x00, 0x00, 0x1E,
    0xFF, 0xB0, 0x00, 0x00, 0x03, 0x33, 0x33, 0x3A, 0xFF, 0xF6, 0x32, 0x00, 0x00, 0x00, 0x00, 0x9F,
    0xFF, 0x20, 0x00, 0x00, 0x00, 0x00, 0x00, 0x08, 0xFF, 0xF4, 0x00, 0x00, 0x00, 0x00, 0x04, 0xFF,
    0xF7, 0x00, 0x00, 0x00, 0x00, 0x00, 0x00, 0x07, 0xEE, 0xE4, 0x00, 0x00, 0x00, 0x00, 0xEF, 0xFF,
    0xFF, 0x10, 0x00, 0x00, 0x00, 0x00, 0xEF, 0xFF, 0xFF, 0x10, 0x00, 0x00, 0x00, 0x00, 0xEF, 0xFF,
    0xFF, 0x10, 0x00, 0x00, 0x00, 0x00, 0xEF, 0xFF, 0xFF, 0x10, 0x00, 0x00, 0x00, 0x00, 0xEF, 0xFF,
    0xFF, 0x10, 0x00, 0x00, 0x00, 0x00, 0xEF, 0xFF, 0xFF, 0x10, 0x00, 0x00, 0x00, 0x00, 0x00, 0x00,
    0x00, 0x00, 0x00, 0x00, 0x00, 0x00, 0x00, 0x00, 0x00, 0x00, 0x00, 0x00, 0x00, 0x00, 0xEF, 0xFF,
    0xFF, 0x10, 0x00, 0x00, 0x00, 0x00, 0xFF, 0xFF, 0xFF, 0x00, 0x00, 0x00, 0x00, 0x05, 0xFF, 0xFF,
    0xFE, 0x00, 0x00, 0x00, 0x00, 0x1D, 0xFF, 0xFF, 0xF9, 0x00, 0x00, 0x00, 0x01, 0xCF, 0xFF, 0xFF,
    0xE2, 0x00, 0x00, 0x00, 0x0B, 0xFF, 0xFF, 0xFF, 0x60, 0x00, 0x00, 0x00, 0xAF, 0xFF, 0xFF, 0xF8,
    0x00, 0x00, 0x00, 0x07, 0xFF, 0xFF, 0xFF, 0x90, 0x00, 0x00, 0x00, 0x1F, 0xFF, 0xFF, 0xFA, 0x00,
    0x00, 0x00, 0x00, 0x6F, 0xFF, 0xFF, 0xD1, 0x00, 0x00, 0x00, 0x00, 0x9F, 0xFF, 0xFF, 0x70, 0x00,
    0x00, 0x00, 0x00, 0x9F, 0xFF, 0xFF, 0x60, 0x00, 0x00, 0x00, 0x00, 0x8F, 0xFF, 0xFF, 0x90, 0x00,
    0x00, 0x01, 0x77, 0x5F, 0xFF, 0xFF, 0xF8, 0x20, 0x25, 0x9E, 0xF8, 0x1E, 0xFF, 0xFF, 0xFF, 0xFF,
    0xFF, 0xFF, 0xF8, 0x05, 0xFF, 0xFF, 0xFF, 0xFF, 0xFF, 0xFF, 0xF8, 0x00, 0x4D, 0xFF, 0xFF, 0xFF,
    0xFF, 0xFF, 0xF8, 0x00, 0x01, 0x5A, 0xDE, 0xFE, 0xDC, 0xA7, 0x40, 0x00, 0x00, 0x00, 0x04, 0xEF,
    0xFF, 0x50, 0x00, 0x00, 0x00, 0x00, 0x00, 0x00, 0x00, 0x00, 0x00, 0x00, 0x2D, 0xFF, 0xE3, 0x00,
    0x00, 0x00, 0x00, 0x00, 0x00, 0x00, 0x00, 0x00, 0x00, 0x01, 0xBF, 0xFD, 0x10, 0x00, 0x00, 0x00,
    0x00, 0x00, 0x00, 0x00, 0x00, 0x00, 0x00, 0x09, 0xFF, 0xB0, 0x00, 0x00, 0x00, 0x00, 0x00, 0x00,
    0x00, 0x00, 0x00, 0x00, 0x00, 0x00, 0x00, 0x00, 0x00, 0x00, 0x00, 0x00, 0x00, 0x00, 0x00, 0x00,
    0x00, 0x00, 0x00, 0x00, 0x00, 0x00, 0x00, 0x00, 0x00, 0x00, 0x00, 0x00, 0x00, 0x0D, 0xFF, 0xFF,
    0xFF, 0xF2, 0x00, 0x00, 0x00, 0x00, 0x00, 0x00, 0x00, 0x00, 0x3F, 0xFF, 0xFF, 0xFF, 0xF8, 0x00,
    0x00, 0x00, 0x00, 0x00, 0x00, 0x00, 0x00, 0x9F, 0xFF, 0xFF, 0xFF, 0xFD, 0x00, 0x00, 0x00, 0x00,
    0x00, 0x00, 0x00, 0x00, 0xEF, 0xFF, 0xFF, 0xFF, 0xFF, 0x40, 0x00, 0x00, 0x00, 0x00, 0x00, 0x00,
    0x05, 0xFF, 0xFF, 0xFF, 0xFF, 0xFF, 0x90, 0x00, 0x00, 0x00, 0x00, 0x00, 0x00, 0x0A, 0xFF, 0xFF,
    0xFF, 0xFF, 0xFF, 0xE1, 0x00, 0x00, 0x00, 0x00, 0x00, 0x00, 0x1F, 0xFF, 0xFF, 0xEA, 0xFF, 0xFF,
    0xF5, 0x00, 0x00, 0x00, 0x00, 0x00, 0x00, 0x6F, 0xFF, 0xFF, 0xA5, 0xFF, 0xFF, 0xFB, 0x00, 0x00,
    0x00, 0x00, 0x00, 0x00, 0xCF, 0xFF, 0xFF, 0x50, 0xEF, 0xFF, 0xFF, 0x10, 0x00, 0x00, 0x00, 0x00,
    0x02, 0xFF, 0xFF, 0xFE, 0x00, 0xAF, 0xFF, 0xFF, 0x70, 0x00, 0x00, 0x00, 0x00, 0x08, 0xFF, 0xFF,
    0xF9, 0x00, 0x5F, 0xFF, 0xFF, 0xC0, 0x00, 0x00, 0x00, 0x00, 0x0D, 0xFF, 0xFF, 0xF4, 0x00, 0x0E,
    0xFF, 0xFF, 0xF3, 0x00, 0x00, 0x00, 0x00, 0x4F, 0xFF, 0xFF, 0xE0, 0x00, 0x09, 0xFF, 0xFF, 0xF8,
    0x00, 0x00, 0x00, 0x00, 0x9F, 0xFF, 0xFF, 0x90, 0x00, 0x04, 0xFF, 0xFF, 0xFE, 0x00, 0x00, 0x00,
    0x00, 0xEF, 0xFF, 0xFF, 0x40, 0x00, 0x00, 0xEF, 0xFF, 0xFF, 0x40, 0x00, 0x00, 0x05, 0xFF, 0xFF,
    0xFE, 0x00, 0x00, 0x00, 0x9F, 0xFF, 0xFF, 0xA0, 0x00, 0x00, 0x0B, 0xFF, 0xFF, 0xFF, 0xFF, 0xFF,
    0xFF, 0xFF, 0xFF, 0xFF, 0xE1, 0x00, 0x00, 0x1F, 0xFF, 0xFF, 0xFF, 0xFF, 0xFF, 0xFF, 0xFF, 0xFF,
    0xFF, 0xF6, 0x00, 0x00, 0x7F, 0xFF, 0xFF, 0xFF, 0xFF, 0xFF, 0xFF, 0xFF, 0xFF, 0xFF, 0xFB, 0x00,
    0x00, 0xCF, 0xFF, 0xFF, 0xFF, 0xFF, 0xFF, 0xFF, 0xFF, 0xFF, 0xFF, 0xFF, 0x20, 0x03, 0xFF, 0xFF,
    0xFF, 0xFF, 0xFF, 0xFF, 0xFF, 0xFF, 0xFF, 0xFF, 0xFF, 0x70, 0x08, 0xFF, 0xFF, 0xFE, 0x10, 0x00,
    0x00, 0x00, 0x00, 0xAF, 0xFF, 0xFF, 0xD0, 0x0E, 0xFF, 0xFF, 0xF9, 0x00, 0x00, 0x00, 0x00, 0x00,
    0x4F, 0xFF, 0xFF, 0xF3, 0x4F, 0xFF, 0xFF, 0xF3, 0x00, 0x00, 0x00, 0x00, 0x00, 0x0D, 0xFF, 0xFF,
    0xF9, 0xAF, 0xFF, 0xFF, 0xC0, 0x00, 0x00, 0x00, 0x00, 0x00, 0x07, 0xFF, 0xFF, 0xFE, 0x00, 0x00,
    0x00, 0x00, 0x00, 0x00, 0x0C, 0xFF, 0xFA, 0x10, 0x00, 0x00, 0x00, 0x00, 0x00, 0x00, 0x00, 0x00,
    0x00, 0xAF, 0xFF, 0x80, 0x00, 0x00, 0x00, 0x00, 0x00, 0x00, 0x00, 0x00, 0x00, 0x07, 0xFF, 0xF5,
    0x00, 0x00, 0x00, 0x00, 0x00, 0x00, 0x00, 0x00, 0x00, 0x00, 0x4F, 0xFE, 0x40, 0x00, 0x00, 0x00,
    0x00, 0x00, 0x00, 0x00, 0x00, 0x00, 0x00, 0x00, 0x00, 0x00, 0x00, 0x00, 0x00, 0x00, 0x00, 0x00,
    0x00, 0x00, 0x00, 0x00, 0x00, 0x00, 0x00, 0x00, 0x00, 0x00, 0x00, 0x00, 0x00, 0x00, 0x00, 0x00,
    0x0D, 0xFF, 0xFF, 0xFF, 0xF2, 0x00, 0x00, 0x00, 0x00, 0x00, 0x00, 0x00, 0x00, 0x3F, 0xFF, 0xFF,
    0xFF, 0xF8, 0x00, 0x00, 0x00, 0x00, 0x00, 0x00, 0x00, 0x00, 0x9F, 0xFF, 0xFF, 0xFF, 0xFD, 0x00,
    0x00, 0x00, 0x00, 0x00, 0x00, 0x00, 0x00, 0xEF, 0xFF, 0xFF, 0xFF, 0xFF, 0x40, 0x00, 0x00, 0x00,
    0x00, 0x00, 0x00, 0x05, 0xFF, 0xFF, 0xFF, 0xFF, 0xFF, 0x90, 0x00, 0x00, 0x00, 0x00, 0x00, 0x00,
    0x0A, 0xFF, 0xFF, 0xFF, 0xFF, 0xFF, 0xE1, 0x00, 0x00, 0x00, 0x00, 0x00, 0x00, 0x1F, 0xFF, 0xFF,
    0xEA, 0xFF, 0xFF, 0xF5, 0x00, 0x00, 0x00, 0x00, 0x00, 0x00, 0x6F, 0xFF, 0xFF, 0xA5, 0xFF, 0xFF,
    0xFB, 0x00, 0x00, 0x00, 0x00, 0x00, 0x00, 0xCF, 0xFF, 0xFF, 0x50, 0xEF, 0xFF, 0xFF, 0x10, 0x00,
    0x00, 0x00, 0x00, 0x02, 0xFF, 0xFF, 0xFE, 0x00, 0xAF, 0xFF, 0xFF, 0x70, 0x00, 0x00, 0x00, 0x00,
    0x08, 0xFF, 0xFF, 0xF9, 0x00, 0x5F, 0xFF, 0xFF, 0xC0, 0x00, 0x00, 0x00, 0x00, 0x0D, 0xFF, 0xFF,
    0xF4, 0x00, 0x0E, 0xFF, 0xFF, 0xF3, 0x00, 0x00, 0x00, 0x00, 0x4F, 0xFF, 0xFF, 0xE0, 0x00, 0x09,
    0xFF, 0xFF, 0xF8, 0x00, 0x00, 0x00, 0x00, 0x9F, 0xFF, 0xFF, 0x90, 0x00, 0x04, 0xFF, 0xFF, 0xFE,
    0x00, 0x00, 0x00, 0x00, 0xEF, 0xFF, 0xFF, 0x40, 0x00, 0x00, 0xEF, 0xFF, 0xFF, 0x40, 0x00, 0x00,
    0x05, 0xFF, 0xFF, 0xFE, 0x00, 0x00, 0x00, 0x9F, 0xFF, 0xFF, 0xA0, 0x00, 0x00, 0x0B, 0xFF, 0xFF,
    0xFF, 0xFF, 0xFF, 0xFF, 0xFF, 0xFF, 0xFF, 0xE1, 0x00, 0x00, 0x1F, 0xFF, 0xFF, 0xFF, 0xFF, 0xFF,
    0xFF, 0xFF, 0xFF, 0xFF, 0xF6, 0x00, 0x00, 0x7F, 0xFF, 0xFF, 0xFF, 0xFF, 0xFF, 0xFF, 0xFF, 0xFF,
    0xFF, 0xFB, 0x00, 0x00, 0xCF, 0xFF, 0xFF, 0xFF, 0xFF, 0xFF, 0xFF, 0xFF, 0xFF, 0xFF, 0xFF, 0x20,
    0x03, 0xFF, 0xFF, 0xFF, 0xFF, 0xFF, 0xFF, 0xFF, 0xFF, 0xFF, 0xFF, 0xFF, 0x70, 0x08, 0xFF, 0xFF,
    0xFE, 0x10, 0x00, 0x00, 0x00, 0x00, 0xAF, 0xFF, 0xFF, 0xD0, 0x0E, 0xFF, 0xFF, 0xF9, 0x00, 0x00,
    0x00, 0x00, 0x00, 0x4F, 0xFF, 0xFF, 0xF3, 0x4F, 0xFF, 0xFF, 0xF3, 0x00, 0x00, 0x00, 0x00, 0x00,
    0x0D, 0xFF, 0xFF, 0xF9, 0xAF, 0xFF, 0xFF, 0xC0, 0x00, 0x00, 0x00, 0x00, 0x00, 0x07, 0xFF, 0xFF,
    0xFE, 0x00, 0x00, 0x00, 0x00, 0x01, 0xCF, 0xFF, 0xFE, 0x30, 0x00, 0x00, 0x00, 0x00, 0x00, 0x00,
    0x00, 0x00, 0x1B, 0xFF, 0xEC, 0xFF, 0xE3, 0x00, 0x00, 0x00, 0x00, 0x00, 0x00, 0x00, 0x00, 0xBF,
    0xFB, 0x20, 0x8F, 0xFE, 0x20, 0x00, 0x00, 0x00, 0x00, 0x00, 0x00, 0x0A, 0xFF, 0x80, 0x00, 0x04,
    0xEF, 0xD1, 0x00, 0x00, 0x00, 0x00, 0x00, 0x00, 0x00, 0x00, 0x00, 0x00, 0x00, 0x00, 0x00, 0x00,
    0x00, 0x00, 0x00, 0x00, 0x00, 0x00, 0x00, 0x00, 0x00, 0x00, 0x00, 0x00, 0x00, 0x00, 0x00, 0x00,
    0x00, 0x00, 0x00, 0x0D, 0xFF, 0xFF, 0xFF, 0xF2, 0x00, 0x00, 0x00, 0x00, 0x00, 0x00, 0x00, 0x00,
    0x3F, 0xFF, 0xFF, 0xFF, 0xF8, 0x00, 0x00, 0x00, 0x00, 0x00, 0x00, 0x00, 0x00, 0x9F, 0xFF, 0xFF,
    0xFF, 0xFD, 0x00, 0x00, 0x00, 0x00, 0x00, 0x00, 0x00, 0x00, 0xEF, 0xFF, 0xFF, 0xFF, 0xFF, 0x40,
    0x00, 0x00, 0x00, 0x00, 0x00, 0x00, 0x05, 0xFF, 0xFF, 0xFF, 0xFF, 0xFF, 0x90, 0x00, 0x00, 0x00,
    0x00, 0x00, 0x00, 0x0A, 0xFF, 0xFF, 0xFF, 0xFF, 0xFF, 0xE1, 0x00, 0x00, 0x00, 0x00, 0x00, 0x00,
    0x1F, 0xFF, 0xFF, 0xEA, 0xFF, 0xFF, 0xF5, 0x00, 0x00, 0x00, 0x00, 0x00, 0x00, 0x6F, 0xFF, 0xFF,
    0xA5, 0xFF, 0xFF, 0xFB, 0x00, 0x00, 0x00, 0x00, 0x00, 0x00, 0xCF, 0xFF, 0xFF, 0x50, 0xEF, 0xFF,
    0xFF, 0x10, 0x00, 0x00, 0x00, 0x00, 0x02, 0xFF, 0xFF, 0xFE, 0x00, 0xAF, 0xFF, 0xFF, 0x70, 0x00,
    0x00, 0x00, 0x00, 0x08, 0xFF, 0xFF, 0xF9, 0x00, 0x5F, 0xFF, 0xFF, 0xC0, 0x00, 0x00, 0x00, 0x00,
    0x0D, 0xFF, 0xFF, 0xF4, 0x00, 0x0E, 0xFF, 0xFF, 0xF3, 0x00, 0x00, 0x00, 0x00, 0x4F, 0xFF, 0xFF,
    0xE0, 0x00, 0x09, 0xFF, 0xFF, 0xF8, 0x00, 0x00, 0x00, 0x00, 0x9F, 0xFF, 0xFF, 0x90, 0x00, 0x04,
    0xFF, 0xFF, 0xFE, 0x00, 0x00, 0x00, 0x00, 0xEF, 0xFF, 0xFF, 0x40, 0x00, 0x00, 0xEF, 0xFF, 0xFF,
    0x40, 0x00, 0x00, 0x05, 0xFF, 0xFF, 0xFE, 0x00, 0x00, 0x00, 0x9F, 0xFF, 0xFF, 0xA0, 0x00, 0x00,
    0x0B, 0xFF, 0xFF, 0xFF, 0xFF, 0xFF, 0xFF, 0xFF, 0xFF, 0xFF, 0xE1, 0x00, 0x00, 0x1F, 0xFF, 0xFF,
    0xFF, 0xFF, 0xFF, 0xFF, 0xFF, 0xFF, 0xFF, 0xF6, 0x00, 0x00, 0x7F, 0xFF, 0xFF, 0xFF, 0xFF, 0xFF,
    0xFF, 0xFF, 0xFF, 0xFF, 0xFB, 0x00, 0x00, 0xCF, 0xFF, 0xFF, 0xFF, 0xFF, 0xFF, 0xFF, 0xFF, 0xFF,
    0xFF, 0xFF, 0x20, 0x03, 0xFF, 0xFF, 0xFF, 0xFF, 0xFF, 0xFF, 0xFF, 0xFF, 0xFF, 0xFF, 0xFF, 0x70,
    0x08, 0xFF, 0xFF, 0xFE, 0x10, 0x00, 0x00, 0x00, 0x00, 0xAF, 0xFF, 0xFF, 0xD0, 0x0E, 0xFF, 0xFF,
    0xF9, 0x00, 0x00, 0x00, 0x00, 0x00, 0x4F, 0xFF, 0xFF, 0xF3, 0x4F, 0xFF, 0xFF, 0xF3, 0x00, 0x00,
    0x00, 0x00, 0x00, 0x0D, 0xFF, 0xFF, 0xF9, 0xAF, 0xFF, 0xFF, 0xC0, 0x00, 0x00, 0x00, 0x00, 0x00,
    0x07, 0xFF, 0xFF, 0xFE, 0x00, 0x00, 0x00, 0x00, 0x2B, 0xFC, 0x40, 0x00, 0x6F, 0xE0, 0x00, 0x00,
    0x00, 0x00, 0x00, 0x00, 0x00, 0xCF, 0xFF, 0xF6, 0x00, 0x8F, 0xC0, 0x00, 0x00, 0x00, 0x00, 0x00,
    0x00, 0x04, 0xFF, 0xFF, 0xFF, 0x71, 0xDF, 0x90, 0x00, 0x00, 0x00, 0x00, 0x00, 0x00, 0x07, 0xFE,
    0x23, 0xBF, 0xFF, 0xFF, 0x20, 0x00, 0x00, 0x00, 0x00, 0x00, 0x00, 0x09, 0xFB, 0x00, 0x05, 0xCE,
    0xD5, 0x00, 0x00, 0x00, 0x00, 0x00, 0x00, 0x00, 0x00, 0x00, 0x00, 0x00, 0x00, 0x00, 0x00, 0x00,
    0x00, 0x00, 0x00, 0x00, 0x00, 0x00, 0x00, 0x00, 0x00, 0x00, 0x00, 0x00, 0x00, 0x00, 0x00, 0x00,
    0x00, 0x00, 0x00, 0x0D, 0xFF, 0xFF, 0xFF, 0xF2, 0x00, 0x00, 0x00, 0x00, 0x00, 0x00, 0x00, 0x00,
    0x3F, 0xFF, 0xFF, 0xFF, 0xF8, 0x00, 0x00, 0x00, 0x00, 0x00, 0x00, 0x00, 0x00, 0x9F, 0xFF, 0xFF,
    0xFF, 0xFD, 0x00, 0x00, 0x00, 0x00, 0x00, 0x00, 0x00, 0x00, 0xEF, 0xFF, 0xFF, 0xFF, 0xFF, 0x40,
    0x00, 0x00, 0x00, 0x00, 0x00, 0x00, 0x05, 0xFF, 0xFF, 0xFF, 0xFF, 0xFF, 0x90, 0x00, 0x00, 0x00,
    0x00, 0x00, 0x00, 0x0A, 0xFF, 0xFF, 0xFF, 0xFF, 0xFF, 0xE1, 0x00, 0x00, 0x00, 0x00, 0x00, 0x00,
    0x1F, 0xFF, 0xFF, 0xEA, 0xFF, 0xFF, 0xF5, 0x00, 0x00, 0x00, 0x00, 0x00, 0x00, 0x6F, 0xFF, 0xFF,
    0xA5, 0xFF, 0xFF, 0xFB, 0x00, 0x00, 0x00, 0x00, 0x00, 0x00, 0xCF, 0xFF, 0xFF, 0x50, 0xEF, 0xFF,
    0xFF, 0x10, 0x00, 0x00, 0x00, 0x00, 0x02, 0xFF, 0xFF, 0xFE, 0x00, 0xAF, 0xFF, 0xFF, 0x70, 0x00,
    0x00, 0x00, 0x00, 0x08, 0xFF, 0xFF, 0xF9, 0x00, 0x5F, 0xFF, 0xFF, 0xC0, 0x00, 0x00, 0x00, 0x00,
    0x0D, 0xFF, 0xFF, 0xF4, 0x00, 0x0E, 0xFF, 0xFF, 0xF3, 0x00, 0x00, 0x00, 0x00, 0x4F, 0xFF, 0xFF,
    0xE0, 0x00, 0x09, 0xFF, 0xFF, 0xF8, 0x00, 0x00, 0x00, 0x00, 0x9F, 0xFF, 0xFF, 0x90, 0x00, 0x04,
    0xFF, 0xFF, 0xFE, 0x00, 0x00, 0x00, 0x00, 0xEF, 0xFF, 0xFF, 0x40, 0x00, 0x00, 0xEF, 0xFF, 0xFF,
    0x40, 0x00, 0x00, 0x05, 0xFF, 0xFF, 0xFE, 0x00, 0x00, 0x00, 0x9F, 0xFF, 0xFF, 0xA0, 0x00, 0x00,
    0x0B, 0xFF, 0xFF, 0xFF, 0xFF, 0xFF, 0xFF, 0xFF, 0xFF, 0xFF, 0xE1, 0x00, 0x00, 0x1F, 0xFF, 0xFF,
    0xFF, 0xFF, 0xFF, 0xFF, 0xFF, 0xFF, 0xFF, 0xF6, 0x00, 0x00, 0x7F, 0xFF, 0xFF, 0xFF, 0xFF, 0xFF,
    0xFF, 0xFF, 0xFF, 0xFF, 0xFB, 0x00, 0x00, 0xCF, 0xFF, 0xFF, 0xFF, 0xFF, 0xFF, 0xFF, 0xFF, 0xFF,
    0xFF, 0xFF, 0x20, 0x03, 0xFF, 0xFF, 0xFF, 0xFF, 0xFF, 0xFF, 0xFF, 0xFF, 0xFF, 0xFF, 0xFF, 0x70,
    0x08, 0xFF, 0xFF, 0xFE, 0x10, 0x00, 0x00, 0x00, 0x00, 0xAF, 0xFF, 0xFF, 0xD0, 0x0E, 0xFF, 0xFF,
    0xF9, 0x00, 0x00, 0x00, 0x00, 0x00, 0x4F, 0xFF, 0xFF, 0xF3, 0x4F, 0xFF, 0xFF, 0xF3, 0x00, 0x00,
    0x00, 0x00, 0x00, 0x0D, 0xFF, 0xFF, 0xF9, 0xAF, 0xFF, 0xFF, 0xC0, 0x00, 0x00, 0x00, 0x00, 0x00,
    0x07, 0xFF, 0xFF, 0xFE, 0x00, 0x00, 0x00, 0x03, 0xFF, 0xFB, 0x00, 0x9F, 0xFF, 0x40, 0x00, 0x00,
    0x00, 0x00, 0x00, 0x00, 0x03, 0xFF, 0xFB, 0x00, 0x9F, 0xFF, 0x40, 0x00, 0x00, 0x00, 0x00, 0x00,
    0x00, 0x03, 0xFF, 0xFB, 0x00, 0x9F, 0xFF, 0x40, 0x00, 0x00, 0x00, 0x00, 0x00, 0x00, 0x03, 0xFF,
    0xFB, 0x00, 0x9F, 0xFF, 0x40, 0x00, 0x00, 0x00, 0x00, 0x00, 0x00, 0x00, 0x00, 0x00, 0x00, 0x00,
    0x00, 0x00, 0x00, 0x00, 0x00, 0x00, 0x00, 0x00, 0x00, 0x00, 0x00, 0x00, 0x00, 0x00, 0x00, 0x00,
    0x00, 0x00, 0x00, 0x00, 0x00, 0x00, 0x0D, 0xFF, 0xFF, 0xFF, 0xF2, 0x00, 0x00, 0x00, 0x00, 0x00,
    0x00, 0x00, 0x00, 0x3F, 0xFF, 0xFF, 0xFF, 0xF8, 0x00, 0x00, 0x00, 0x00, 0x00, 0x00, 0x00, 0x00,
    0x9F, 0xFF, 0xFF, 0xFF, 0xFD, 0x00, 0x00, 0x00, 0x00, 0x00, 0x00, 0x00, 0x00, 0xEF, 0xFF, 0xFF,
    0xFF, 0xFF, 0x40, 0x00, 0x00, 0x00, 0x00, 0x00, 0x00, 0x05, 0xFF, 0xFF, 0xFF, 0xFF, 0xFF, 0x90,
    0x00, 0x00, 0x00, 0x00, 0x00, 0x00, 0x0A, 0xFF, 0xFF, 0xFF, 0xFF, 0xFF, 0xE1, 0x00, 0x00, 0x00,
    0x00, 0x00, 0x00, 0x1F, 0xFF, 0xFF, 0xEA, 0xFF, 0xFF, 0xF5, 0x00, 0x00, 0x00, 0x00, 0x00, 0x00,
    0x6F, 0xFF, 0xFF, 0xA5, 0xFF, 0xFF, 0xFB, 0x00, 0x00, 0x00, 0x00, 0x00, 0x00, 0xCF, 0xFF, 0xFF,
    0x50, 0xEF, 0xFF, 0xFF, 0x10, 0x00, 0x00, 0x00, 0x00, 0x02, 0xFF, 0xFF, 0xFE, 0x00, 0xAF, 0xFF,
    0xFF, 0x70, 0x00, 0x00, 0x00, 0x00, 0x08, 0xFF, 0xFF, 0xF9, 0x00, 0x5F, 0xFF, 0xFF, 0xC0, 0x00,
    0x00, 0x00, 0x00, 0x0D, 0xFF, 0xFF, 0xF4, 0x00, 0x0E, 0xFF, 0xFF, 0xF3, 0x00, 0x00, 0x00, 0x00,
    0x4F, 0xFF, 0xFF, 0xE0, 0x00, 0x09, 0xFF, 0xFF, 0xF8, 0x00, 0x00, 0x00, 0x00, 0x9F, 0xFF, 0xFF,
    0x90, 0x00, 0x04, 0xFF, 0xFF, 0xFE, 0x00, 0x00, 0x00, 0x00, 0xEF, 0xFF, 0xFF, 0x40, 0x00, 0x00,
    0xEF, 0xFF, 0xFF, 0x40, 0x00, 0x00, 0x05, 0xFF, 0xFF, 0xFE, 0x00, 0x00, 0x00, 0x9F, 0xFF, 0xFF,
    0xA0, 0x00, 0x00, 0x0B, 0xFF, 0xFF, 0xFF, 0xFF, 0xFF, 0xFF, 0xFF, 0xFF, 0xFF, 0xE1, 0x00, 0x00,
    0x1F, 0xFF, 0xFF, 0xFF, 0xFF, 0xFF, 0xFF, 0xFF, 0xFF, 0xFF, 0xF6, 0x00, 0x00, 0x7F, 0xFF, 0xFF,
    0xFF, 0xFF, 0xFF, 0xFF, 0xFF, 0xFF, 0xFF, 0xFB, 0x00, 0x00, 0xCF, 0xFF, 0xFF, 0xFF, 0xFF, 0xFF,
    0xFF, 0xFF, 0xFF, 0xFF, 0xFF, 0x20, 0x03, 0xFF, 0xFF, 0xFF, 0xFF, 0xFF, 0xFF, 0xFF, 0xFF, 0xFF,
    0xFF, 0xFF, 0x70, 0x08, 0xFF, 0xFF, 0xFE, 0x10, 0x00, 0x00, 0x00, 0x00, 0xAF, 0xFF, 0xFF, 0xD0,
    0x0E, 0xFF, 0xFF, 0xF9, 0x00, 0x00, 0x00, 0x00, 0x00, 0x4F, 0xFF, 0xFF, 0xF3, 0x4F, 0xFF, 0xFF,
    0xF3, 0x00, 0x00, 0x00, 0x00, 0x00, 0x0D, 0xFF, 0xFF, 0xF9, 0xAF, 0xFF, 0xFF, 0xC0, 0x00, 0x00,
    0x00, 0x00, 0x00, 0x07, 0xFF, 0xFF, 0xFE, 0x00, 0x00, 0x00, 0x00, 0x00, 0x3A, 0xEE, 0xC5, 0x00,
    0x00, 0x00, 0x00, 0x00, 0x00, 0x00, 0x00, 0x00, 0x04, 0xEF, 0xFF, 0xFF, 0x80, 0x00, 0x00, 0x00,
    0x00, 0x00, 0x00, 0x00, 0x00, 0x1E, 0xFF, 0xFF, 0xFF, 0xF4, 0x00, 0x00, 0x00, 0x00, 0x00, 0x00,
    0x00, 0x00, 0x6F, 0xFB, 0x21, 0x8F, 0xFA, 0x00, 0x00, 0x00, 0x00, 0x00, 0x00, 0x00, 0x00, 0x8F,
    0xF2, 0x00, 0x0C, 0xFD, 0x00, 0x00, 0x00, 0x00, 0x00, 0x00, 0x00, 0x00, 0x7F, 0xF2, 0x00, 0x0C,
    0xFC, 0x00, 0x00, 0x00, 0x00, 0x00, 0x00, 0x00, 0x00, 0x3F, 0xFB, 0x21, 0x7F, 0xF8, 0x00, 0x00,
    0x00, 0x00, 0x00, 0x00, 0x00, 0x00, 0x0E, 0xFF, 0xFF, 0xFF, 0xF4, 0x00, 0x00, 0x00, 0x00, 0x00,
    0x00, 0x00, 0x00, 0x3F, 0xFF, 0xFF, 0xFF, 0xF8, 0x00, 0x00, 0x00, 0x00, 0x00, 0x00, 0x00, 0x00,
    0x9F, 0xFF, 0xFF, 0xFF, 0xFE, 0x00, 0x00, 0x00, 0x00, 0x00, 0x00, 0x00, 0x00, 0xEF, 0xFF, 0xFF,
    0xFF, 0xFF, 0x40, 0x00, 0x00, 0x00, 0x00, 0x00, 0x00, 0x05, 0xFF, 0xFF, 0xFF, 0xFF, 0xFF, 0xA0,
    0x00, 0x00, 0x00, 0x00, 0x00, 0x00, 0x0A, 0xFF, 0xFF, 0xFF, 0xFF, 0xFF, 0xE1, 0x00, 0x00, 0x00,
    0x00, 0x00, 0x00, 0x1F, 0xFF, 0xFF, 0xE9, 0xFF, 0xFF, 0xF6, 0x00, 0x00, 0x00, 0x00, 0x00, 0x00,
    0x6F, 0xFF, 0xFF, 0x94, 0xFF, 0xFF, 0xFB, 0x00, 0x00, 0x00, 0x00, 0x00, 0x00, 0xCF, 0xFF, 0xFF,
    0x40, 0xEF, 0xFF, 0xFF, 0x20, 0x00, 0x00, 0x00, 0x00, 0x02, 0xFF, 0xFF, 0xFE, 0x00, 0x9F, 0xFF,
    0xFF, 0x70, 0x00, 0x00, 0x00, 0x00, 0x08, 0xFF, 0xFF, 0xF9, 0x00, 0x4F, 0xFF, 0xFF, 0xD0, 0x00,
    0x00, 0x00, 0x00, 0x0D, 0xFF, 0xFF, 0xF4, 0x00, 0x0E, 0xFF, 0xFF, 0xF3, 0x00, 0x00, 0x00, 0x00,
    0x4F, 0xFF, 0xFF, 0xE0, 0x00, 0x09, 0xFF, 0xFF, 0xF9, 0x00, 0x00, 0x00, 0x00, 0x9F, 0xFF, 0xFF,
    0x90, 0x00, 0x04, 0xFF, 0xFF, 0xFE, 0x00, 0x00, 0x00, 0x01, 0xEF, 0xFF, 0xFF, 0x40, 0x00, 0x00,
    0xEF, 0xFF, 0xFF, 0x50, 0x00, 0x00, 0x05, 0xFF, 0xFF, 0xFE, 0x00, 0x00, 0x00, 0x9F, 0xFF, 0xFF,
    0xA0, 0x00, 0x00, 0x0B, 0xFF, 0xFF, 0xFF, 0xFF, 0xFF, 0xFF, 0xFF, 0xFF, 0xFF, 0xF1, 0x00, 0x00,
    0x1F, 0xFF, 0xFF, 0xFF, 0xFF, 0xFF, 0xFF, 0xFF, 0xFF, 0xFF, 0xF6, 0x00, 0x00, 0x7F, 0xFF, 0xFF,
    0xFF, 0xFF, 0xFF, 0xFF, 0xFF, 0xFF, 0xFF, 0xFB, 0x00, 0x00, 0xCF, 0xFF, 0xFF, 0xFF, 0xFF, 0xFF,
    0xFF, 0xFF, 0xFF, 0xFF, 0xFF, 0x20, 0x03, 0xFF, 0xFF, 0xFF, 0xFF, 0xFF, 0xFF, 0xFF, 0xFF, 0xFF,
    0xFF, 0xFF, 0x70, 0x08, 0xFF, 0xFF, 0xFE, 0x10, 0x00, 0x00, 0x00, 0x00, 0xAF, 0xFF, 0xFF, 0xD0,
    0x0E, 0xFF, 0xFF, 0xF9, 0x00, 0x00, 0x00, 0x00, 0x00, 0x4F, 0xFF, 0xFF, 0xF3, 0x4F, 0xFF, 0xFF,
    0xF3, 0x00, 0x00, 0x00, 0x00, 0x00, 0x0D, 0xFF, 0xFF, 0xF9, 0xAF, 0xFF, 0xFF, 0xC0, 0x00, 0x00,
    0x00, 0x00, 0x00, 0x07, 0xFF, 0xFF, 0xFE, 0x00, 0x00, 0x00, 0x00, 0x00, 0xCF, 0xFF, 0xFF, 0xFF,
    0xFF, 0xFF, 0xFF, 0xFF, 0xFF, 0xFF, 0xFF, 0xFF, 0x00, 0x00, 0x00, 0x00, 0x00, 0x04, 0xFF, 0xFF,
    0xFF, 0xFF, 0xFF, 0xFF, 0xFF, 0xFF, 0xFF, 0xFF, 0xFF, 0xFF, 0x00, 0x00, 0x00, 0x00, 0x00, 0x0A,
    0xFF, 0xFF, 0xFF, 0xFF, 0xFF, 0xFF, 0xFF, 0xFF, 0xFF, 0xFF, 0xFF, 0xFF, 0x00, 0x00, 0x00, 0x00,
    0x00, 0x1F, 0xFF, 0xFF, 0xFF, 0xFF, 0xFF, 0xFF, 0xFF, 0xFF, 0xFF, 0xFF, 0xFF, 0xFF, 0x00, 0x00,
    0x00, 0x00, 0x00, 0x7F, 0xFF, 0xFF, 0xC6, 0x8F, 0xFF, 0xFF, 0xFF, 0xFF, 0xFF, 0xFF, 0xFF, 0xFF,
    0x00, 0x00, 0x00, 0x00, 0x00, 0xDF, 0xFF, 0xFF, 0x50, 0x3F, 0xFF, 0xFF, 0xF3, 0x00, 0x00, 0x00,
    0x00, 0x00, 0x00, 0x00, 0x00, 0x00, 0x05, 0xFF, 0xFF, 0xFE, 0x00, 0x3F, 0xFF, 0xFF, 0xF3, 0x00,
    0x00, 0x00, 0x00, 0x00, 0x00, 0x00, 0x00, 0x00, 0x0B, 0xFF, 0xFF, 0xF8, 0x00, 0x3F, 0xFF, 0xFF,
    0xF3, 0x00, 0x00, 0x00, 0x00, 0x00, 0x00, 0x00, 0x00, 0x00, 0x2F, 0xFF, 0xFF, 0xF2, 0x00, 0x3F,
    0xFF, 0xFF, 0xF3, 0x00, 0x00, 0x00, 0x00, 0x00, 0x00, 0x00, 0x00, 0x00, 0x9F, 0xFF, 0xFF, 0xB0,
    0x00, 0x3F, 0xFF, 0xFF, 0xFF, 0xFF, 0xFF, 0xFF, 0xFF, 0xF6, 0x00, 0x00, 0x00, 0x01, 0xEF, 0xFF,
    0xFF, 0x50, 0x00, 0x3F, 0xFF, 0xFF, 0xFF, 0xFF, 0xFF, 0xFF, 0xFF, 0xF6, 0x00, 0x00, 0x00, 0x06,
    0xFF, 0xFF, 0xFE, 0x00, 0x00, 0x3F, 0xFF, 0xFF, 0xFF, 0xFF, 0xFF, 0xFF, 0xFF, 0xF6, 0x00, 0x00,
    0x00, 0x0C, 0xFF, 0xFF, 0xF8, 0x00, 0x00, 0x3F, 0xFF, 0xFF, 0xFF, 0xFF, 0xFF, 0xFF, 0xFF, 0xF6,
    0x00, 0x00, 0x00, 0x3F, 0xFF, 0xFF, 0xF2, 0x00, 0x00, 0x3F, 0xFF, 0xFF, 0xFF, 0xFF, 0xFF, 0xFF,
    0xFF, 0xF6, 0x00, 0x00, 0x00, 0xAF, 0xFF, 0xFF, 0xB0, 0x00, 0x00, 0x3F, 0xFF, 0xFF, 0xF3, 0x00,
    0x00, 0x00, 0x00, 0x00, 0x00, 0x00, 0x01, 0xFF, 0xFF, 0xFF, 0xFF, 0xFF, 0xFF, 0xFF, 0xFF, 0xFF,
    0xF3, 0x00, 0x00, 0x00, 0x00, 0x00, 0x00, 0x00, 0x07, 0xFF, 0xFF, 0xFF, 0xFF, 0xFF, 0xFF, 0xFF,
    0xFF, 0xFF, 0xF3, 0x00, 0x00, 0x00, 0x00, 0x00, 0x00, 0x00, 0x0D, 0xFF, 0xFF, 0xFF, 0xFF, 0xFF,
    0xFF, 0xFF, 0xFF, 0xFF, 0xF3, 0x00, 0x00, 0x00, 0x00, 0x00, 0x00, 0x00, 0x5F, 0xFF, 0xFF, 0xFF,
    0xFF, 0xFF, 0xFF, 0xFF, 0xFF, 0xFF, 0xF3, 0x00, 0x00, 0x00, 0x00, 0x00, 0x00, 0x00, 0xBF, 0xFF,
    0xFF, 0xFF, 0xFF, 0xFF, 0xFF, 0xFF, 0xFF, 0xFF, 0xF3, 0x00, 0x00, 0x00, 0x00, 0x00, 0x00, 0x02,
    0xFF, 0xFF, 0xFF, 0x50, 0x00, 0x00, 0x00, 0x3F, 0xFF, 0xFF, 0xFF, 0xFF, 0xFF, 0xFF, 0xFF, 0xFF,
    0x60, 0x08, 0xFF, 0xFF, 0xFD, 0x00, 0x00, 0x00, 0x00, 0x3F, 0xFF, 0xFF, 0xFF, 0xFF, 0xFF, 0xFF,
    0xFF, 0xFF, 0x60, 0x0E, 0xFF, 0xFF, 0xF6, 0x00, 0x00, 0x00, 0x00, 0x3F, 0xFF, 0xFF, 0xFF, 0xFF,
    0xFF, 0xFF, 0xFF, 0xFF, 0x60, 0x6F, 0xFF, 0xFF, 0xD0, 0x00, 0x00, 0x00, 0x00, 0x3F, 0xFF, 0xFF,
    0xFF, 0xFF, 0xFF, 0xFF, 0xFF, 0xFF, 0x60, 0xCF, 0xFF, 0xFF, 0x60, 0x00, 0x00, 0x00, 0x00, 0x3F,
    0xFF, 0xFF, 0xFF, 0xFF, 0xFF, 0xFF, 0xFF, 0xFF, 0x60, 0x00, 0x00, 0x00, 0x00, 0x26, 0x9C, 0xDE,
    0xFE, 0xC9, 0x61, 0x00, 0x00, 0x00, 0x00, 0x3A, 0xFF, 0xFF, 0xFF, 0xFF, 0xFF, 0xFF, 0x92, 0x00,
    0x00, 0x08, 0xFF, 0xFF, 0xFF, 0xFF, 0xFF, 0xFF, 0xFF, 0xFC, 0x00, 0x00, 0xBF, 0xFF, 0xFF, 0xFF,
    0xFF, 0xFF, 0xFF, 0xFF, 0xFC, 0x00, 0x0A, 0xFF, 0xFF, 0xFF, 0xFF, 0xFF, 0xFF, 0xFF, 0xFF, 0xFC,
    0x00, 0x7F, 0xFF, 0xFF, 0xFF, 0xE8, 0x41, 0x01, 0x25, 0x9E, 0xFC, 0x01, 0xEF, 0xFF, 0xFF, 0xFC,
    0x10, 0x00, 0x00, 0x00, 0x00, 0x59, 0x07, 0xFF, 0xFF, 0xFF, 0xC1, 0x00, 0x00, 0x00, 0x00, 0x00,
    0x00, 0x0B, 0xFF, 0xFF, 0xFF, 0x30, 0x00, 0x00, 0x00, 0x00, 0x00, 0x00, 0x1F, 0xFF, 0xFF, 0xFC,
    0x00, 0x00, 0x00, 0x00, 0x00, 0x00, 0x00, 0x2F, 0xFF, 0xFF, 0xF8, 0x00, 0x00, 0x00, 0x00, 0x00,
    0x00, 0x00, 0x3F, 0xFF, 0xFF, 0xF6, 0x00, 0x00, 0x00, 0x00, 0x00, 0x00, 0x00, 0x4F, 0xFF, 0xFF,
    0xF5, 0x00, 0x00, 0x00, 0x00, 0x00, 0x00, 0x00, 0x3F, 0xFF, 0xFF, 0xF6, 0x00, 0x00, 0x00, 0x00,
    0x00, 0x00, 0x00, 0x2F, 0xFF, 0xFF, 0xF8, 0x00, 0x00, 0x00, 0x00, 0x00, 0x00, 0x00, 0x1F, 0xFF,
    0xFF, 0xFC, 0x00, 0x00, 0x00, 0x00, 0x00, 0x00, 0x00, 0x0B, 0xFF, 0xFF, 0xFF, 0x30, 0x00, 0x00,
    0x00, 0x00, 0x00, 0x00, 0x07, 0xFF, 0xFF, 0xFF, 0xC1, 0x00, 0x00, 0x00, 0x00, 0x00, 0x00, 0x01,
    0xEF, 0xFF, 0xFF, 0xFC, 0x10, 0x00, 0x00, 0x00, 0x00, 0x59, 0x00, 0x7F, 0xFF, 0xFF, 0xFF, 0xE8,
    0x41, 0x01, 0x25, 0x9E, 0xFC, 0x00, 0x0A, 0xFF, 0xFF, 0xFF, 0xFF, 0xFF, 0xFF, 0xFF, 0xFF, 0xFC,
    0x00, 0x01, 0xBF, 0xFF, 0xFF, 0xFF, 0xFF, 0xFF, 0xFF, 0xFF, 0xFC, 0x00, 0x00, 0x08, 0xFF, 0xFF,
    0xFF, 0xFF, 0xFF, 0xFF, 0xFF, 0xFC, 0x00, 0x00, 0x00, 0x3A, 0xFF, 0xFF, 0xFF, 0xFF, 0xFF, 0xFF,
    0x92, 0x00, 0x00, 0x00, 0x00, 0x26, 0x9C, 0xDE, 0xFE, 0xC9, 0x61, 0x00, 0x00, 0x00, 0x00, 0x00,
    0x00, 0x00, 0x0D, 0xF8, 0x00, 0x00, 0x00, 0x00, 0x00, 0x00, 0x00, 0x00, 0x00, 0x05, 0xFF, 0x40,
    0x00, 0x00, 0x00, 0x00, 0x00, 0x00, 0x00, 0x00, 0x00, 0xDF, 0xB0, 0x00, 0x00, 0x00, 0x00, 0x00,
    0x00, 0x00, 0x00, 0x00, 0xBF, 0xF0, 0x00, 0x00, 0x00, 0x00, 0x00, 0x00, 0x06, 0x72, 0x15, 0xFF,
    0xE0, 0x00, 0x00, 0x00, 0x00, 0x00, 0x00, 0x07, 0xFF, 0xFF, 0xFF, 0x90, 0x00, 0x00, 0x00, 0x00,
    0x00, 0x00, 0x07, 0xFF, 0xFF, 0xD7, 0x00, 0x00, 0x00, 0x00, 0x07, 0xFF, 0xFE, 0x20, 0x00, 0x00,
    0x00, 0x00, 0x00, 0x00, 0x5E, 0xFF, 0xC1, 0x00, 0x00, 0x00, 0x00, 0x00, 0x00, 0x03, 0xEF, 0xFA,
    0x00, 0x00, 0x00, 0x00, 0x00, 0x00, 0x00, 0x2C, 0xFF, 0x80, 0x00, 0x00, 0x00, 0x00, 0x00, 0x00,
    0x00, 0x00, 0x00, 0x00, 0x00, 0x00, 0x00, 0x00, 0x00, 0x00, 0x00, 0x00, 0x00, 0x00, 0x00, 0xDF,
    0xFF, 0xFF, 0xFF, 0xFF, 0xFF, 0xFF, 0xFF, 0xF6, 0xDF, 0xFF, 0xFF, 0xFF, 0xFF, 0xFF, 0xFF, 0xFF,
    0xF6, 0xDF, 0xFF, 0xFF, 0xFF, 0xFF, 0xFF, 0xFF, 0xFF, 0xF6, 0xDF, 0xFF, 0xFF, 0xFF, 0xFF, 0xFF,
    0xFF, 0xFF, 0xF6, 0xDF, 0xFF, 0xFF, 0xFF, 0xFF, 0xFF, 0xFF, 0xFF, 0xF6, 0xDF, 0xFF, 0xFF, 0x80,
    0x00, 0x00, 0x00, 0x00, 0x00, 0xDF, 0xFF, 0xFF, 0x80, 0x00, 0x00, 0x00, 0x00, 0x00, 0xDF, 0xFF,
    0xFF, 0x80, 0x00, 0x00, 0x00, 0x00, 0x00, 0xDF, 0xFF, 0xFF, 0x80, 0x00, 0x00, 0x00, 0x00, 0x00,
    0xDF, 0xFF, 0xFF, 0xFF, 0xFF, 0xFF, 0xFF, 0xFF, 0xB0, 0xDF, 0xFF, 0xFF, 0xFF, 0xFF, 0xFF, 0xFF,
    0xFF, 0xB0, 0xDF, 0xFF, 0xFF, 0xFF, 0xFF, 0xFF, 0xFF, 0xFF, 0xB0, 0xDF, 0xFF, 0xFF, 0xFF, 0xFF,
    0xFF, 0xFF, 0xFF, 0xB0, 0xDF, 0xFF, 0xFF, 0xFF, 0xFF, 0xFF, 0xFF, 0xFF, 0xB0, 0xDF, 0xFF, 0xFF,
    0x80, 0x00, 0x00, 0x00, 0x00, 0x00, 0xDF, 0xFF, 0xFF, 0x80, 0x00, 0x00, 0x00, 0x00, 0x00, 0xDF,
    0xFF, 0xFF, 0x80, 0x00, 0x00, 0x00, 0x00, 0x00, 0xDF, 0xFF, 0xFF, 0x80, 0x00, 0x00, 0x00, 0x00,
    0x00, 0xDF, 0xFF, 0xFF, 0x80, 0x00, 0x00, 0x00, 0x00, 0x00, 0xDF, 0xFF, 0xFF, 0x80, 0x00, 0x00,
    0x00, 0x00, 0x00, 0xDF, 0xFF, 0xFF, 0xFF, 0xFF, 0xFF, 0xFF, 0xFF, 0xFB, 0xDF, 0xFF, 0xFF, 0xFF,
    0xFF, 0xFF, 0xFF, 0xFF, 0xFB, 0xDF, 0xFF, 0xFF, 0xFF, 0xFF, 0xFF, 0xFF, 0xFF, 0xFB, 0xDF, 0xFF,
    0xFF, 0xFF, 0xFF, 0xFF, 0xFF, 0xFF, 0xFB, 0xDF, 0xFF, 0xFF, 0xFF, 0xFF, 0xFF, 0xFF, 0xFF, 0xFB,
    0x00, 0x00, 0x00, 0x00, 0x2E, 0xFF, 0xF7, 0x00, 0x00, 0x00, 0x00, 0x00, 0x01, 0xDF, 0xFE, 0x50,
    0x00, 0x00, 0x00, 0x00, 0x00, 0x0B, 0xFF, 0xD3, 0x00, 0x00, 0x00, 0x00, 0x00, 0x00, 0x8F, 0xFC,
    0x10, 0x00, 0x00, 0x00, 0x00, 0x00, 0x00, 0x00, 0x00, 0x00, 0x00, 0x00, 0x00, 0x00, 0x00, 0x00,
    0x00, 0x00, 0x00, 0x00, 0x00, 0x00, 0xDF, 0xFF, 0xFF, 0xFF, 0xFF, 0xFF, 0xFF, 0xFF, 0xF6, 0xDF,
    0xFF, 0xFF, 0xFF, 0xFF, 0xFF, 0xFF, 0xFF, 0xF6, 0xDF, 0xFF, 0xFF, 0xFF, 0xFF, 0xFF, 0xFF, 0xFF,
    0xF6, 0xDF, 0xFF, 0xFF, 0xFF, 0xFF, 0xFF, 0xFF, 0xFF, 0xF6, 0xDF, 0xFF, 0xFF, 0xFF, 0xFF, 0xFF,
    0xFF, 0xFF, 0xF6, 0xDF, 0xFF, 0xFF, 0x80, 0x00, 0x00, 0x00, 0x00, 0x00, 0xDF, 0xFF, 0xFF, 0x80,
    0x00, 0x00, 0x00, 0x00, 0x00, 0xDF, 0xFF, 0xFF, 0x80, 0x00, 0x00, 0x00, 0x00, 0x00, 0xDF, 0xFF,
    0xFF, 0x80, 0x00, 0x00, 0x00, 0x00, 0x00, 0xDF, 0xFF, 0xFF, 0xFF, 0xFF, 0xFF, 0xFF, 0xFF, 0xB0,
    0xDF, 0xFF, 0xFF, 0xFF, 0xFF, 0xFF, 0xFF, 0xFF, 0xB0, 0xDF, 0xFF, 0xFF, 0xFF, 0xFF, 0xFF, 0xFF,
    0xFF, 0xB0, 0xDF, 0xFF, 0xFF, 0xFF, 0xFF, 0xFF, 0xFF, 0xFF, 0xB0, 0xDF, 0xFF, 0xFF, 0xFF, 0xFF,
    0xFF, 0xFF, 0xFF, 0xB0, 0xDF, 0xFF, 0xFF, 0x80, 0x00, 0x00, 0x00, 0x00, 0x00, 0xDF, 0xFF, 0xFF,
    0x80, 0x00, 0x00, 0x00, 0x00, 0x00, 0xDF, 0xFF, 0xFF, 0x80, 0x00, 0x00, 0x00, 0x00, 0x00, 0xDF,
    0xFF, 0xFF, 0x80, 0x00, 0x00, 0x00, 0x00, 0x00, 0xDF, 0xFF, 0xFF, 0x80, 0x00, 0x00, 0x00, 0x00,
    0x00, 0xDF, 0xFF, 0xFF, 0x80, 0x00, 0x00, 0x00, 0x00, 0x00, 0xDF, 0xFF, 0xFF, 0xFF, 0xFF, 0xFF,
    0xFF, 0xFF, 0xFB, 0xDF, 0xFF, 0xFF, 0xFF, 0xFF, 0xFF, 0xFF, 0xFF, 0xFB, 0xDF, 0xFF, 0xFF, 0xFF,
    0xFF, 0xFF, 0xFF, 0xFF, 0xFB, 0xDF, 0xFF, 0xFF, 0xFF, 0xFF, 0xFF, 0xFF, 0xFF, 0xFB, 0xDF, 0xFF,
    0xFF, 0xFF, 0xFF, 0xFF, 0xFF, 0xFF, 0xFB, 0x00, 0x00, 0x08, 0xFF, 0xFF, 0xF8, 0x00, 0x00, 0x00,
    0x00, 0x00, 0x7F, 0xFF, 0xBF, 0xFF, 0x60, 0x00, 0x00, 0x00, 0x06, 0xFF, 0xE4, 0x05, 0xEF, 0xF5,
    0x00, 0x00, 0x00, 0x5F, 0xFB, 0x20, 0x00, 0x2C, 0xFF, 0x50, 0x00, 0x00, 0x00, 0x00, 0x00, 0x00,
    0x00, 0x00, 0x00, 0x00, 0x00, 0x00, 0x00, 0x00, 0x00, 0x00, 0x00, 0x00, 0x00, 0xDF, 0xFF, 0xFF,
    0xFF, 0xFF, 0xFF, 0xFF, 0xFF, 0xF6, 0xDF, 0xFF, 0xFF, 0xFF, 0xFF, 0xFF, 0xFF, 0xFF, 0xF6, 0xDF,
    0xFF, 0xFF, 0xFF, 0xFF, 0xFF, 0xFF, 0xFF, 0xF6, 0xDF, 0xFF, 0xFF, 0xFF, 0xFF, 0xFF, 0xFF, 0xFF,
    0xF6, 0xDF, 0xFF, 0xFF, 0xFF, 0xFF, 0xFF, 0xFF, 0xFF, 0xF6, 0xDF, 0xFF, 0xFF, 0x80, 0x00, 0x00,
    0x00, 0x00, 0x00, 0xDF, 0xFF, 0xFF, 0x80, 0x00, 0x00, 0x00, 0x00, 0x00, 0xDF, 0xFF, 0xFF, 0x80,
    0x00, 0x00, 0x00, 0x00, 0x00, 0xDF, 0xFF, 0xFF, 0x80, 0x00, 0x00, 0x00, 0x00, 0x00, 0xDF, 0xFF,
    0xFF, 0xFF, 0xFF, 0xFF, 0xFF, 0xFF, 0xB0, 0xDF, 0xFF, 0xFF, 0xFF, 0xFF, 0xFF, 0xFF, 0xFF, 0xB0,
    0xDF, 0xFF, 0xFF, 0xFF, 0xFF, 0xFF, 0xFF, 0xFF, 0xB0, 0xDF, 0xFF, 0xFF, 0xFF, 0xFF, 0xFF, 0xFF,
    0xFF, 0xB0, 0xDF, 0xFF, 0xFF, 0xFF, 0xFF, 0xFF, 0xFF, 0xFF, 0xB0, 0xDF, 0xFF, 0xFF, 0x80, 0x00,
    0x00, 0x00, 0x00, 0x00, 0xDF, 0xFF, 0xFF, 0x80, 0x00, 0x00, 0x00, 0x00, 0x00, 0xDF, 0xFF, 0xFF,
    0x80, 0x00, 0x00, 0x00, 0x00, 0x00, 0xDF, 0xFF, 0xFF, 0x80, 0x00, 0x00, 0x00, 0x00, 0x00, 0xDF,
    0xFF, 0xFF, 0x80, 0x00, 0x00, 0x00, 0x00, 0x00, 0xDF, 0xFF, 0xFF, 0x80, 0x00, 0x00, 0x00, 0x00,
    0x00, 0xDF, 0xFF, 0xFF, 0xFF, 0xFF, 0xFF, 0xFF, 0xFF, 0xFB, 0xDF, 0xFF, 0xFF, 0xFF, 0xFF, 0xFF,
    0xFF, 0xFF, 0xFB, 0xDF, 0xFF, 0xFF, 0xFF, 0xFF, 0xFF, 0xFF, 0xFF, 0xFB, 0xDF, 0xFF, 0xFF, 0xFF,
    0xFF, 0xFF, 0xFF, 0xFF, 0xFB, 0xDF, 0xFF, 0xFF, 0xFF, 0xFF, 0xFF, 0xFF, 0xFF, 0xFB, 0x00, 0x0B,
    0xFF, 0xF2, 0x03, 0xFF, 0xFB, 0x00, 0x00, 0x00, 0x0B, 0xFF, 0xF2, 0x03, 0xFF, 0xFB, 0x00, 0x00,
    0x00, 0x0B, 0xFF, 0xF2, 0x03, 0xFF, 0xFB, 0x00, 0x00, 0x00, 0x0B, 0xFF, 0xF2, 0x03, 0xFF, 0xFB,
    0x00, 0x00, 0x00, 0x00, 0x00, 0x00, 0x00, 0x00, 0x00, 0x00, 0x00, 0x00, 0x00, 0x00, 0x00, 0x00,
    0x00, 0x00, 0x00, 0x00, 0xDF, 0xFF, 0xFF, 0xFF, 0xFF, 0xFF, 0xFF, 0xFF, 0xF6, 0xDF, 0xFF, 0xFF,
    0xFF, 0xFF, 0xFF, 0xFF, 0xFF, 0xF6, 0xDF, 0xFF, 0xFF, 0xFF, 0xFF, 0xFF, 0xFF, 0xFF, 0xF6, 0xDF,
    0xFF, 0xFF, 0xFF, 0xFF, 0xFF, 0xFF, 0xFF, 0xF6, 0xDF, 0xFF, 0xFF, 0xFF, 0xFF, 0xFF, 0xFF, 0xFF,
    0xF6, 0xDF, 0xFF, 0xFF, 0x80, 0x00, 0x00, 0x00, 0x00, 0x00, 0xDF, 0xFF, 0xFF, 0x80, 0x00, 0x00,
    0x00, 0x00, 0x00, 0xDF, 0xFF, 0xFF, 0x80, 0x00, 0x00, 0x00, 0x00, 0x00, 0xDF, 0xFF, 0xFF, 0x80,
    0x00, 0x00, 0x00, 0x00, 0x00, 0xDF, 0xFF, 0xFF, 0xFF, 0xFF, 0xFF, 0xFF, 0xFF, 0xB0, 0xDF, 0xFF,
    0xFF, 0xFF, 0xFF, 0xFF, 0xFF, 0xFF, 0xB0, 0xDF, 0xFF, 0xFF, 0xFF, 0xFF, 0xFF, 0xFF, 0xFF, 0xB0,
    0xDF, 0xFF, 0xFF, 0xFF, 0xFF, 0xFF, 0xFF, 0xFF, 0xB0, 0xDF, 0xFF, 0xFF, 0xFF, 0xFF, 0xFF, 0xFF,
    0xFF, 0xB0, 0xDF, 0xFF, 0xFF, 0x80, 0x00, 0x00, 0x00, 0x00, 0x00, 0xDF, 0xFF, 0xFF, 0x80, 0x00,
    0x00, 0x00, 0x00, 0x00, 0xDF, 0xFF, 0xFF, 0x80, 0x00, 0x00, 0x00, 0x00, 0x00, 0xDF, 0xFF, 0xFF,
    0x80, 0x00, 0x00, 0x00, 0x00, 0x00, 0xDF, 0xFF, 0xFF, 0x80, 0x00, 0x00, 0x00, 0x00, 0x00, 0xDF,
    0xFF, 0xFF, 0x80, 0x00, 0x00, 0x00, 0x00, 0x00, 0xDF, 0xFF, 0xFF, 0xFF, 0xFF, 0xFF, 0xFF, 0xFF,
    0xFB, 0xDF, 0xFF, 0xFF, 0xFF, 0xFF, 0xFF, 0xFF, 0xFF, 0xFB, 0xDF, 0xFF, 0xFF, 0xFF, 0xFF, 0xFF,
    0xFF, 0xFF, 0xFB, 0xDF, 0xFF, 0xFF, 0xFF, 0xFF, 0xFF, 0xFF, 0xFF, 0xFB, 0xDF, 0xFF, 0xFF, 0xFF,
    0xFF, 0xFF, 0xFF, 0xFF, 0xFB, 0x3D, 0xFF, 0xF7, 0x00, 0x00, 0x01, 0xCF, 0xFF, 0x40, 0x00, 0x00,
    0x0A, 0xFF, 0xE2, 0x00, 0x00, 0x00, 0x8F, 0xFD, 0x10, 0x00, 0x00, 0x00, 0x00, 0x00, 0x00, 0x00,
    0x00, 0x00, 0x00, 0x00, 0x0D, 0xFF, 0xFF, 0xF8, 0x00, 0x0D, 0xFF, 0xFF, 0xF8, 0x00, 0x0D, 0xFF,
    0xFF, 0xF8, 0x00, 0x0D, 0xFF, 0xFF, 0xF8, 0x00, 0x0D, 0xFF, 0xFF, 0xF8, 0x00, 0x0D, 0xFF, 0xFF,
    0xF8, 0x00, 0x0D, 0xFF, 0xFF, 0xF8, 0x00, 0x0D, 0xFF, 0xFF, 0xF8, 0x00, 0x0D, 0xFF, 0xFF, 0xF8,
    0x00, 0x0D, 0xFF, 0xFF, 0xF8, 0x00, 0x0D, 0xFF, 0xFF, 0xF8, 0x00, 0x0D, 0xFF, 0xFF, 0xF8, 0x00,
    0x0D, 0xFF, 0xFF, 0xF8, 0x00, 0x0D, 0xFF, 0xFF, 0xF8, 0x00, 0x0D, 0xFF, 0xFF, 0xF8, 0x00, 0x0D,
    0xFF, 0xFF, 0xF8, 0x00, 0x0D, 0xFF, 0xFF, 0xF8, 0x00, 0x0D, 0xFF, 0xFF, 0xF8, 0x00, 0x0D, 0xFF,
    0xFF, 0xF8, 0x00, 0x0D, 0xFF, 0xFF, 0xF8, 0x00, 0x0D, 0xFF, 0xFF, 0xF8, 0x00, 0x0D, 0xFF, 0xFF,
    0xF8, 0x00, 0x0D, 0xFF, 0xFF, 0xF8, 0x00, 0x0D, 0xFF, 0xFF, 0xF8, 0x00, 0x0D, 0xFF, 0xFF, 0xF8,
    0x00, 0x0A, 0xFF, 0xFC, 0x10, 0x00, 0x7F, 0xFF, 0xA0, 0x00, 0x05, 0xFF, 0xF7, 0x00, 0x00, 0x3E,
    0xFF, 0x50, 0x00, 0x00, 0x00, 0x00, 0x00, 0x00, 0x00, 0x00, 0x00, 0x00, 0x00, 0x00, 0xDF, 0xFF,
    0xFF, 0x80, 0x00, 0xDF, 0xFF, 0xFF, 0x80, 0x00, 0xDF, 0xFF, 0xFF, 0x80, 0x00, 0xDF, 0xFF, 0xFF,
    0x80, 0x00, 0xDF, 0xFF, 0xFF, 0x80, 0x00, 0xDF, 0xFF, 0xFF, 0x80, 0x00, 0xDF, 0xFF, 0xFF, 0x80,
    0x00, 0xDF, 0xFF, 0xFF, 0x80, 0x00, 0xDF, 0xFF, 0xFF, 0x80, 0x00, 0xDF, 0xFF, 0xFF, 0x80, 0x00,
    0xDF, 0xFF, 0xFF, 0x80, 0x00, 0xDF, 0xFF, 0xFF, 0x80, 0x00, 0xDF, 0xFF, 0xFF, 0x80, 0x00, 0xDF,
    0xFF, 0xFF, 0x80, 0x00, 0xDF, 0xFF, 0xFF, 0x80, 0x00, 0xDF, 0xFF, 0xFF, 0x80, 0x00, 0xDF, 0xFF,
    0xFF, 0x80, 0x00, 0xDF, 0xFF, 0xFF, 0x80, 0x00, 0xDF, 0xFF, 0xFF, 0x80, 0x00, 0xDF, 0xFF, 0xFF,
    0x80, 0x00, 0xDF, 0xFF, 0xFF, 0x80, 0x00, 0xDF, 0xFF, 0xFF, 0x80, 0x00, 0xDF, 0xFF, 0xFF, 0x80,
    0x00, 0xDF, 0xFF, 0xFF, 0x80, 0x00, 0xDF, 0xFF, 0xFF, 0x80, 0x00, 0x00, 0x0A, 0xFF, 0xFF, 0xF5,
    0x00, 0x00, 0x00, 0xAF, 0xFF, 0xCF, 0xFF, 0x40, 0x00, 0x08, 0xFF, 0xD3, 0x07, 0xFF, 0xE3, 0x00,
    0x7F, 0xFA, 0x10, 0x00, 0x3D, 0xFE, 0x30, 0x00, 0x00, 0x00, 0x00, 0x00, 0x00, 0x00, 0x00, 0x00,
    0x00, 0x00, 0x00, 0x00, 0x00, 0x00, 0x0D, 0xFF, 0xFF, 0xF8, 0x00, 0x00, 0x00, 0x0D, 0xFF, 0xFF,
    0xF8, 0x00, 0x00, 0x00, 0x0D, 0xFF, 0xFF, 0xF8, 0x00, 0x00, 0x00, 0x0D, 0xFF, 0xFF, 0xF8, 0x00,
    0x00, 0x00, 0x0D, 0xFF, 0xFF, 0xF8, 0x00, 0x00, 0x00, 0x0D, 0xFF, 0xFF, 0xF8, 0x00, 0x00, 0x00,
    0x0D, 0xFF, 0xFF, 0xF8, 0x00, 0x00, 0x00, 0x0D, 0xFF, 0xFF, 0xF8, 0x00, 0x00, 0x00, 0x0D, 0xFF,
    0xFF, 0xF8, 0x00, 0x00, 0x00, 0x0D, 0xFF, 0xFF, 0xF8, 0x00, 0x00, 0x00, 0x0D, 0xFF, 0xFF, 0xF8,
    0x00, 0x00, 0x00, 0x0D, 0xFF, 0xFF, 0xF8, 0x00, 0x00, 0x00, 0x0D, 0xFF, 0xFF, 0xF8, 0x00, 0x00,
    0x00, 0x0D, 0xFF, 0xFF, 0xF8, 0x00, 0x00, 0x00, 0x0D, 0xFF, 0xFF, 0xF8, 0x00, 0x00, 0x00, 0x0D,
    0xFF, 0xFF, 0xF8, 0x00, 0x00, 0x00, 0x0D, 0xFF, 0xFF, 0xF8, 0x00, 0x00, 0x00, 0x0D, 0xFF, 0xFF,
    0xF8, 0x00, 0x00, 0x00, 0x0D, 0xFF, 0xFF, 0xF8, 0x00, 0x00, 0x00, 0x0D, 0xFF, 0xFF, 0xF8, 0x00,
    0x00, 0x00, 0x0D, 0xFF, 0xFF, 0xF8, 0x00, 0x00, 0x00, 0x0D, 0xFF, 0xFF, 0xF8, 0x00, 0x00, 0x00,
    0x0D, 0xFF, 0xFF, 0xF8, 0x00, 0x00, 0x00, 0x0D, 0xFF, 0xFF, 0xF8, 0x00, 0x00, 0x00, 0x0D, 0xFF,
    0xFF, 0xF8, 0x00, 0x00, 0xEF, 0xFF, 0x00, 0x5F, 0xFF, 0x80, 0xEF, 0xFF, 0x00, 0x5F, 0xFF, 0x80,
    0xEF, 0xFF, 0x00, 0x5F, 0xFF, 0x80, 0xEF, 0xFF, 0x00, 0x5F, 0xFF, 0x80, 0x00, 0x00, 0x00, 0x00,
    0x00, 0x00, 0x00, 0x00, 0x00, 0x00, 0x00, 0x00, 0x00, 0xDF, 0xFF, 0xFF, 0x80, 0x00, 0x00, 0xDF,
    0xFF, 0xFF, 0x80, 0x00, 0x00, 0xDF, 0xFF, 0xFF, 0x80, 0x00, 0x00, 0xDF, 0xFF, 0xFF, 0x80, 0x00,
    0x00, 0xDF, 0xFF, 0xFF, 0x80, 0x00, 0x00, 0xDF, 0xFF, 0xFF, 0x80, 0x00, 0x00, 0xDF, 0xFF, 0xFF,
    0x80, 0x00, 0x00, 0xDF, 0xFF, 0xFF, 0x80, 0x00, 0x00, 0xDF, 0xFF, 0xFF, 0x80, 0x00, 0x00, 0xDF,
    0xFF, 0xFF, 0x80, 0x00, 0x00, 0xDF, 0xFF, 0xFF, 0x80, 0x00, 0x00, 0xDF, 0xFF, 0xFF, 0x80, 0x00,
    0x00, 0xDF, 0xFF, 0xFF, 0x80, 0x00, 0x00, 0xDF, 0xFF, 0xFF, 0x80, 0x00, 0x00, 0xDF, 0xFF, 0xFF,
    0x80, 0x00, 0x00, 0xDF, 0xFF, 0xFF, 0x80, 0x00, 0x00, 0xDF, 0xFF, 0xFF, 0x80, 0x00, 0x00, 0xDF,
    0xFF, 0xFF, 0x80, 0x00, 0x00, 0xDF, 0xFF, 0xFF, 0x80, 0x00, 0x00, 0xDF, 0xFF, 0xFF, 0x80, 0x00,
    0x00, 0xDF, 0xFF, 0xFF, 0x80, 0x00, 0x00, 0xDF, 0xFF, 0xFF, 0x80, 0x00, 0x00, 0xDF, 0xFF, 0xFF,
    0x80, 0x00, 0x00, 0xDF, 0xFF, 0xFF, 0x80, 0x00, 0x00, 0xDF, 0xFF, 0xFF, 0x80, 0x00, 0x00, 0x08,
    0xFF, 0xFF, 0xFF, 0xFF, 0xEE, 0xDB, 0x96, 0x30, 0x00, 0x00, 0x00, 0x00, 0x00, 0x08, 0xFF, 0xFF,
    0xFF, 0xFF, 0xFF, 0xFF, 0xFF, 0xFD, 0x60, 0x00, 0x00, 0x00, 0x00, 0x08, 0xFF, 0xFF, 0xFF, 0xFF,
    0xFF, 0xFF, 0xFF, 0xFF, 0xFC, 0x30, 0x00, 0x00, 0x00, 0x08, 0xFF, 0xFF, 0xFF, 0xFF, 0xFF, 0xFF,
    0xFF, 0xFF, 0xFF, 0xE4, 0x00, 0x00, 0x00, 0x08, 0xFF, 0xFF, 0xFF, 0xFF, 0xFF, 0xFF, 0xFF, 0xFF,
    0xFF, 0xFE, 0x20, 0x00, 0x00, 0x08, 0xFF, 0xFF, 0xFC, 0x00, 0x01, 0x47, 0xDF, 0xFF, 0xFF, 0xFF,
    0xD0, 0x00, 0x00, 0x08, 0xFF, 0xFF, 0xFC, 0x00, 0x00, 0x00, 0x07, 0xFF, 0xFF, 0xFF, 0xF6, 0x00,
    0x00, 0x08, 0xFF, 0xFF, 0xFC, 0x00, 0x00, 0x00, 0x00, 0x6F, 0xFF, 0xFF, 0xFD, 0x00, 0x00, 0x08,
    0xFF, 0xFF, 0xFC, 0x00, 0x00, 0x00, 0x00, 0x0B, 0xFF, 0xFF, 0xFF, 0x30, 0x00, 0x08, 0xFF, 0xFF,
    0xFC, 0x00, 0x00, 0x00, 0x00, 0x05, 0xFF, 0xFF, 0xFF, 0x70, 0x7F, 0xFF, 0xFF, 0xFF, 0xFF, 0xFF,
    0xFB, 0x00, 0x00, 0x01, 0xFF, 0xFF, 0xFF, 0x90, 0x7F, 0xFF, 0xFF, 0xFF, 0xFF, 0xFF, 0xFB, 0x00,
    0x00, 0x00, 0xEF, 0xFF, 0xFF, 0xA0, 0x7F, 0xFF, 0xFF, 0xFF, 0xFF, 0xFF, 0xFB, 0x00, 0x00, 0x00,
    0xDF, 0xFF, 0xFF, 0xB0, 0x7F, 0xFF, 0xFF, 0xFF, 0xFF, 0xFF, 0xFB, 0x00, 0x00, 0x00, 0xEF, 0xFF,
    0xFF, 0xA0, 0x00, 0x08, 0xFF, 0xFF, 0xFC, 0x00, 0x00, 0x00, 0x00, 0x01, 0xFF, 0xFF, 0xFF, 0x90,
    0x00, 0x08, 0xFF, 0xFF, 0xFC, 0x00, 0x00, 0x00, 0x00, 0x05, 0xFF, 0xFF, 0xFF, 0x70, 0x00, 0x08,
    0xFF, 0xFF, 0xFC, 0x00, 0x00, 0x00, 0x00, 0x0B, 0xFF, 0xFF, 0xFF, 0x30, 0x00, 0x08, 0xFF, 0xFF,
    0xFC, 0x00, 0x00, 0x00, 0x00, 0x6F, 0xFF, 0xFF, 0xFD, 0x00, 0x00, 0x08, 0xFF, 0xFF, 0xFC, 0x00,
    0x00, 0x00, 0x07, 0xFF, 0xFF, 0xFF, 0xF6, 0x00, 0x00, 0x08, 0xFF, 0xFF, 0xFC, 0x00, 0x01, 0x47,
    0xDF, 0xFF, 0xFF, 0xFF, 0xD0, 0x00, 0x00, 0x08, 0xFF, 0xFF, 0xFF, 0xFF, 0xFF, 0xFF, 0xFF, 0xFF,
    0xFF, 0xFE, 0x20, 0x00, 0x00, 0x08, 0xFF, 0xFF, 0xFF, 0xFF, 0xFF, 0xFF, 0xFF, 0xFF, 0xFF, 0xE4,
    0x00, 0x00, 0x00, 0x08, 0xFF, 0xFF, 0xFF, 0xFF, 0xFF, 0xFF, 0xFF, 0xFF, 0xFC, 0x30, 0x00, 0x00,
    0x00, 0x08, 0xFF, 0xFF, 0xFF, 0xFF, 0xFF, 0xFF, 0xFF, 0xFD, 0x60, 0x00, 0x00, 0x00, 0x00, 0x08,
    0xFF, 0xFF, 0xFF, 0xFF, 0xEE, 0xDB, 0x96, 0x30, 0x00, 0x00, 0x00, 0x00, 0x00, 0x00, 0x00, 0x7E,
    0xE8, 0x10, 0x00, 0xEF, 0x60, 0x00, 0x00, 0x00, 0x00, 0x00, 0x05, 0xFF, 0xFF, 0xC1, 0x01, 0xFF,
    0x40, 0x00, 0x00, 0x00, 0x00, 0x00, 0x0C, 0xFF, 0xFF, 0xFC, 0x27, 0xFF, 0x10, 0x00, 0x00, 0x00,
    0x00, 0x00, 0x0F, 0xF9, 0x16, 0xEF, 0xFF, 0xF9, 0x00, 0x00, 0x00, 0x00, 0x00, 0x00, 0x2F, 0xF3,
    0x00, 0x29, 0xEE, 0xA1, 0x00, 0x00, 0x00, 0x00, 0x00, 0x00, 0x00, 0x00, 0x00, 0x00, 0x00, 0x00,
    0x00, 0x00, 0x00, 0x00, 0x00, 0x00, 0x00, 0x00, 0x00, 0x00, 0x00, 0x00, 0x00, 0x00, 0x00, 0x00,
    0xDF, 0xFF, 0xFF, 0xF8, 0x00, 0x00, 0x00, 0x00, 0xBF, 0xFF, 0xFF, 0x50, 0xDF, 0xFF, 0xFF, 0xFE,
    0x10, 0x00, 0x00, 0x00, 0xBF, 0xFF, 0xFF, 0x50, 0xDF, 0xFF, 0xFF, 0xFF, 0x90, 0x00, 0x00, 0x00,
    0xBF, 0xFF, 0xFF, 0x50, 0xDF, 0xFF, 0xFF, 0xFF, 0xF2, 0x00, 0x00, 0x00, 0xBF, 0xFF, 0xFF, 0x50,
    0xDF, 0xFF, 0xFF, 0xFF, 0xF9, 0x00, 0x00, 0x00, 0xBF, 0xFF, 0xFF, 0x50, 0xDF, 0xFF, 0xFF, 0xFF,
    0xFF, 0x20, 0x00, 0x00, 0xBF, 0xFF, 0xFF, 0x50, 0xDF, 0xFF, 0xFF, 0xFF, 0xFF, 0xA0, 0x00, 0x00,
    0xBF, 0xFF, 0xFF, 0x50, 0xDF, 0xFF, 0xFF, 0xFF, 0xFF, 0xF3, 0x00, 0x00, 0xBF, 0xFF, 0xFF, 0x50,
    0xDF, 0xFF, 0xFF, 0xAF, 0xFF, 0xFB, 0x00, 0x00, 0xBF, 0xFF, 0xFF, 0x50, 0xDF, 0xFF, 0xFF, 0x3E,
    0xFF, 0xFF, 0x40, 0x00, 0xBF, 0xFF, 0xFF, 0x50, 0xDF, 0xFF, 0xFF, 0x36, 0xFF, 0xFF, 0xC0, 0x00,
    0xBF, 0xFF, 0xFF, 0x50, 0xDF, 0xFF, 0xFF, 0x30, 0xDF, 0xFF, 0xF5, 0x00, 0xBF, 0xFF, 0xFF, 0x50,
    0xDF, 0xFF, 0xFF, 0x30, 0x6F, 0xFF, 0xFC, 0x00, 0xBF, 0xFF, 0xFF, 0x50, 0xDF, 0xFF, 0xFF, 0x30,
    0x0D, 0xFF, 0xFF, 0x50, 0xBF, 0xFF, 0xFF, 0x50, 0xDF, 0xFF, 0xFF, 0x30, 0x05, 0xFF, 0xFF, 0xD0,
    0xBF, 0xFF, 0xFF, 0x50, 0xDF, 0xFF, 0xFF, 0x30, 0x00, 0xCF, 0xFF, 0xF6, 0xBF, 0xFF, 0xFF, 0x50,
    0xDF, 0xFF, 0xFF, 0x30, 0x00, 0x4F, 0xFF, 0xFE, 0xBF, 0xFF, 0xFF, 0x50, 0xDF, 0xFF, 0xFF, 0x30,
    0x00, 0x0B, 0xFF, 0xFF, 0xFF, 0xFF, 0xFF, 0x50, 0xDF, 0xFF, 0xFF, 0x30, 0x00, 0x03, 0xFF, 0xFF,
    0xFF, 0xFF, 0xFF, 0x50, 0xDF, 0xFF, 0xFF, 0x30, 0x00, 0x00, 0xAF, 0xFF, 0xFF, 0xFF, 0xFF, 0x50,
    0xDF, 0xFF, 0xFF, 0x30, 0x00, 0x00, 0x3F, 0xFF, 0xFF, 0xFF, 0xFF, 0x50, 0xDF, 0xFF, 0xFF, 0x30,
    0x00, 0x00, 0x0A, 0xFF, 0xFF, 0xFF, 0xFF, 0x50, 0xDF, 0xFF, 0xFF, 0x30, 0x00, 0x00, 0x02, 0xFF,
    0xFF, 0xFF, 0xFF, 0x50, 0xDF, 0xFF, 0xFF, 0x30, 0x00, 0x00, 0x00, 0x9F, 0xFF, 0xFF, 0xFF, 0x50,
    0xDF, 0xFF, 0xFF, 0x30, 0x00, 0x00, 0x00, 0x1E, 0xFF, 0xFF, 0xFF, 0x50, 0x00, 0x00, 0x00, 0x02,
    0xCF, 0xFF, 0x90, 0x00, 0x00, 0x00, 0x00, 0x00, 0x00, 0x00, 0x00, 0x00, 0x00, 0x00, 0x1A, 0xFF,
    0xF6, 0x00, 0x00, 0x00, 0x00, 0x00, 0x00, 0x00, 0x00, 0x00, 0x00, 0x00, 0x00, 0x8F, 0xFF, 0x40,
    0x00, 0x00, 0x00, 0x00, 0x00, 0x00, 0x00, 0x00, 0x00, 0x00, 0x00, 0x06, 0xFF, 0xE2, 0x00, 0x00,
    0x00, 0x00, 0x00, 0x00, 0x00, 0x00, 0x00, 0x00, 0x00, 0x00, 0x00, 0x00, 0x00, 0x00, 0x00, 0x00,
    0x00, 0x00, 0x00, 0x00, 0x00, 0x00, 0x00, 0x00, 0x00, 0x00, 0x00, 0x00, 0x00, 0x00, 0x00, 0x00,
    0x00, 0x00, 0x00, 0x00, 0x48, 0xBD, 0xEF, 0xED, 0xB7, 0x30, 0x00, 0x00, 0x00, 0x00, 0x00, 0x00,
    0x00, 0x6D, 0xFF, 0xFF, 0xFF, 0xFF, 0xFF, 0xFC, 0x50, 0x00, 0x00, 0x00, 0x00, 0x00, 0x1B, 0xFF,
    0xFF, 0xFF, 0xFF, 0xFF, 0xFF, 0xFF, 0xFA, 0x10, 0x00, 0x00, 0x00, 0x02, 0xEF, 0xFF, 0xFF, 0xFF,
    0xFF, 0xFF, 0xFF, 0xFF, 0xFF, 0xD1, 0x00, 0x00, 0x00, 0x1C, 0xFF, 0xFF, 0xFF, 0xFF, 0xFF, 0xFF,
    0xFF, 0xFF, 0xFF, 0xFB, 0x00, 0x00, 0x00, 0x9F, 0xFF, 0xFF, 0xFF, 0xA4, 0x10, 0x15, 0xBF, 0xFF,
    0xFF, 0xFF, 0x70, 0x00, 0x02, 0xFF, 0xFF, 0xFF, 0xF6, 0x00, 0x00, 0x00, 0x07, 0xFF, 0xFF, 0xFF,
    0xE1, 0x00, 0x08, 0xFF, 0xFF, 0xFF, 0x80, 0x00, 0x00, 0x00, 0x00, 0xAF, 0xFF, 0xFF, 0xF6, 0x00,
    0x0C, 0xFF, 0xFF, 0xFE, 0x10, 0x00, 0x00, 0x00, 0x00, 0x2F, 0xFF, 0xFF, 0xFA, 0x00, 0x1F, 0xFF,
    0xFF, 0xFA, 0x00, 0x00, 0x00, 0x00, 0x00, 0x0C, 0xFF, 0xFF, 0xFE, 0x00, 0x2F, 0xFF, 0xFF, 0xF7,
    0x00, 0x00, 0x00, 0x00, 0x00, 0x08, 0xFF, 0xFF, 0xFF, 0x00, 0x4F, 0xFF, 0xFF, 0xF5, 0x00, 0x00,
    0x00, 0x00, 0x00, 0x07, 0xFF, 0xFF, 0xFF, 0x20, 0x4F, 0xFF, 0xFF, 0xF5, 0x00, 0x00, 0x00, 0x00,
    0x00, 0x06, 0xFF, 0xFF, 0xFF, 0x20, 0x4F, 0xFF, 0xFF, 0xF5, 0x00, 0x00, 0x00, 0x00, 0x00, 0x07,
    0xFF, 0xFF, 0xFF, 0x20, 0x2F, 0xFF, 0xFF, 0xF7, 0x00, 0x00, 0x00, 0x00, 0x00, 0x08, 0xFF, 0xFF,
    0xFF, 0x00, 0x1F, 0xFF, 0xFF, 0xFA, 0x00, 0x00, 0x00, 0x00, 0x00, 0x0C, 0xFF, 0xFF, 0xFE, 0x00,
    0x0C, 0xFF, 0xFF, 0xFE, 0x10, 0x00, 0x00, 0x00, 0x00, 0x2F, 0xFF, 0xFF, 0xFA, 0x00, 0x08, 0xFF,
    0xFF, 0xFF, 0x80, 0x00, 0x00, 0x00, 0x00, 0xAF, 0xFF, 0xFF, 0xF6, 0x00, 0x02, 0xFF, 0xFF, 0xFF,
    0xF6, 0x00, 0x00, 0x00, 0x07, 0xFF, 0xFF, 0xFF, 0xE1, 0x00, 0x00, 0x9F, 0xFF, 0xFF, 0xFF, 0xA4,
    0x10, 0x15, 0xBF, 0xFF, 0xFF, 0xFF, 0x70, 0x00, 0x00, 0x1C, 0xFF, 0xFF, 0xFF, 0xFF, 0xFF, 0xFF,
    0xFF, 0xFF, 0xFF, 0xFB, 0x00, 0x00, 0x00, 0x02, 0xEF, 0xFF, 0xFF, 0xFF, 0xFF, 0xFF, 0xFF, 0xFF,
    0xFF, 0xD1, 0x00, 0x00, 0x00, 0x00, 0x1C, 0xFF, 0xFF, 0xFF, 0xFF, 0xFF, 0xFF, 0xFF, 0xFA, 0x10,
    0x00, 0x00, 0x00, 0x00, 0x00, 0x6D, 0xFF, 0xFF, 0xFF, 0xFF, 0xFF, 0xFC, 0x50, 0x00, 0x00, 0x00,
    0x00, 0x00, 0x00, 0x00, 0x48, 0xBD, 0xEF, 0xED, 0xB7, 0x30, 0x00, 0x00, 0x00, 0x00, 0x00, 0x00,
    0x00, 0x00, 0x00, 0x00, 0x08, 0xFF, 0xFD, 0x20, 0x00, 0x00, 0x00, 0x00, 0x00, 0x00, 0x00, 0x00,
    0x00, 0x00, 0x5F, 0xFF, 0xB1, 0x00, 0x00, 0x00, 0x00, 0x00, 0x00, 0x00, 0x00, 0x00, 0x00, 0x03,
    0xEF, 0xF9, 0x00, 0x00, 0x00, 0x00, 0x00, 0x00, 0x00, 0x00, 0x00, 0x00, 0x00, 0x1D, 0xFF, 0x70,
    0x00, 0x00, 0x00, 0x00, 0x00, 0x00, 0x00, 0x00, 0x00, 0x00, 0x00, 0x00, 0x00, 0x00, 0x00, 0x00,
    0x00, 0x00, 0x00, 0x00, 0x00, 0x00, 0x00, 0x00, 0x00, 0x00, 0x00, 0x00, 0x00, 0x00, 0x00, 0x00,
    0x00, 0x00, 0x00, 0x00, 0x00, 0x00, 0x48, 0xBD, 0xEF, 0xED, 0xB7, 0x30, 0x00, 0x00, 0x00, 0x00,
    0x00, 0x00, 0x00, 0x6D, 0xFF, 0xFF, 0xFF, 0xFF, 0xFF, 0xFC, 0x50, 0x00, 0x00, 0x00, 0x00, 0x00,
    0x1B, 0xFF, 0xFF, 0xFF, 0xFF, 0xFF, 0xFF, 0xFF, 0xFA, 0x10, 0x00, 0x00, 0x00, 0x02, 0xEF, 0xFF,
    0xFF, 0xFF, 0xFF, 0xFF, 0xFF, 0xFF, 0xFF, 0xD1, 0x00, 0x00, 0x00, 0x1C, 0xFF, 0xFF, 0xFF, 0xFF,
    0xFF, 0xFF, 0xFF, 0xFF, 0xFF, 0xFB, 0x00, 0x00, 0x00, 0x9F, 0xFF, 0xFF, 0xFF, 0xA4, 0x10, 0x15,
    0xBF, 0xFF, 0xFF, 0xFF, 0x70, 0x00, 0x02, 0xFF, 0xFF, 0xFF, 0xF6, 0x00, 0x00, 0x00, 0x07, 0xFF,
    0xFF, 0xFF, 0xE1, 0x00, 0x08, 0xFF, 0xFF, 0xFF, 0x80, 0x00, 0x00, 0x00, 0x00, 0xAF, 0xFF, 0xFF,
    0xF6, 0x00, 0x0C, 0xFF, 0xFF, 0xFE, 0x10, 0x00, 0x00, 0x00, 0x00, 0x2F, 0xFF, 0xFF, 0xFA, 0x00,
    0x1F, 0xFF, 0xFF, 0xFA, 0x00, 0x00, 0x00, 0x00, 0x00, 0x0C, 0xFF, 0xFF, 0xFE, 0x00, 0x2F, 0xFF,
    0xFF, 0xF7, 0x00, 0x00, 0x00, 0x00, 0x00, 0x08, 0xFF, 0xFF, 0xFF, 0x00, 0x4F, 0xFF, 0xFF, 0xF5,
    0x00, 0x00, 0x00, 0x00, 0x00, 0x07, 0xFF, 0xFF, 0xFF, 0x20, 0x4F, 0xFF, 0xFF, 0xF5, 0x00, 0x00,
    0x00, 0x00, 0x00, 0x06, 0xFF, 0xFF, 0xFF, 0x20, 0x4F, 0xFF, 0xFF, 0xF5, 0x00, 0x00, 0x00, 0x00,
    0x00, 0x07, 0xFF, 0xFF, 0xFF, 0x20, 0x2F, 0xFF, 0xFF, 0xF7, 0x00, 0x00, 0x00, 0x00, 0x00, 0x08,
    0xFF, 0xFF, 0xFF, 0x00, 0x1F, 0xFF, 0xFF, 0xFA, 0x00, 0x00, 0x00, 0x00, 0x00, 0x0C, 0xFF, 0xFF,
    0xFE, 0x00, 0x0C, 0xFF, 0xFF, 0xFE, 0x10, 0x00, 0x00, 0x00, 0x00, 0x2F, 0xFF, 0xFF, 0xFA, 0x00,
    0x08, 0xFF, 0xFF, 0xFF, 0x80, 0x00, 0x00, 0x00, 0x00, 0xAF, 0xFF, 0xFF, 0xF6, 0x00, 0x02, 0xFF,
    0xFF, 0xFF, 0xF6, 0x00, 0x00, 0x00, 0x07, 0xFF, 0xFF, 0xFF, 0xE1, 0x00, 0x00, 0x9F, 0xFF, 0xFF,
    0xFF, 0xA4, 0x10, 0x15, 0xBF, 0xFF, 0xFF, 0xFF, 0x70, 0x00, 0x00, 0x1C, 0xFF, 0xFF, 0xFF, 0xFF,
    0xFF, 0xFF, 0xFF, 0xFF, 0xFF, 0xFB, 0x00, 0x00, 0x00, 0x02, 0xEF, 0xFF, 0xFF, 0xFF, 0xFF, 0xFF,
    0xFF, 0xFF, 0xFF, 0xD1, 0x00, 0x00, 0x00, 0x00, 0x1C, 0xFF, 0xFF, 0xFF, 0xFF, 0xFF, 0xFF, 0xFF,
    0xFA, 0x10, 0x00, 0x00, 0x00, 0x00, 0x00, 0x6D, 0xFF, 0xFF, 0xFF, 0xFF, 0xFF, 0xFC, 0x50, 0x00,
    0x00, 0x00, 0x00, 0x00, 0x00, 0x00, 0x48, 0xBD, 0xEF, 0xED, 0xB7, 0x30, 0x00, 0x00, 0x00, 0x00,
    0x00, 0x00, 0x00, 0x00, 0x02, 0xDF, 0xFF, 0xFE, 0x20, 0x00, 0x00, 0x00, 0x00, 0x00, 0x00, 0x00,
    0x00, 0x00, 0x1D, 0xFF, 0xDD, 0xFF, 0xD2, 0x00, 0x00, 0x00, 0x00, 0x00, 0x00, 0x00, 0x00, 0x01,
    0xCF, 0xFA, 0x11, 0xAF, 0xFD, 0x10, 0x00, 0x00, 0x00, 0x00, 0x00, 0x00, 0x00, 0x0B, 0xFF, 0x70,
    0x00, 0x06, 0xEF, 0xC1, 0x00, 0x00, 0x00, 0x00, 0x00, 0x00, 0x00, 0x00, 0x00, 0x00, 0x00, 0x00,
    0x00, 0x00, 0x00, 0x00, 0x00, 0x00, 0x00, 0x00, 0x00, 0x00, 0x00, 0x00, 0x00, 0x00, 0x00, 0x00,
    0x00, 0x00, 0x00, 0x00, 0x00, 0x00, 0x00, 0x00, 0x48, 0xBD, 0xEF, 0xED, 0xB7, 0x30, 0x00, 0x00,
    0x00, 0x00, 0x00, 0x00, 0x00, 0x6D, 0xFF, 0xFF, 0xFF, 0xFF, 0xFF, 0xFC, 0x50, 0x00, 0x00, 0x00,
    0x00, 0x00, 0x1B, 0xFF, 0xFF, 0xFF, 0xFF, 0xFF, 0xFF, 0xFF, 0xFA, 0x10, 0x00, 0x00, 0x00, 0x02,
    0xEF, 0xFF, 0xFF, 0xFF, 0xFF, 0xFF, 0xFF, 0xFF, 0xFF, 0xD1, 0x00, 0x00, 0x00, 0x1C, 0xFF, 0xFF,
    0xFF, 0xFF, 0xFF, 0xFF, 0xFF, 0xFF, 0xFF, 0xFB, 0x00, 0x00, 0x00, 0x9F, 0xFF, 0xFF, 0xFF, 0xA4,
    0x10, 0x15, 0xBF, 0xFF, 0xFF, 0xFF, 0x70, 0x00, 0x02, 0xFF, 0xFF, 0xFF, 0xF6, 0x00, 0x00, 0x00,
    0x07, 0xFF, 0xFF, 0xFF, 0xE1, 0x00, 0x08, 0xFF, 0xFF, 0xFF, 0x80, 0x00, 0x00, 0x00, 0x00, 0xAF,
    0xFF, 0xFF, 0xF6, 0x00, 0x0C, 0xFF, 0xFF, 0xFE, 0x10, 0x00, 0x00, 0x00, 0x00, 0x2F, 0xFF, 0xFF,
    0xFA, 0x00, 0x1F, 0xFF, 0xFF, 0xFA, 0x00, 0x00, 0x00, 0x00, 0x00, 0x0C, 0xFF, 0xFF, 0xFE, 0x00,
    0x2F, 0xFF, 0xFF, 0xF7, 0x00, 0x00, 0x00, 0x00, 0x00, 0x08, 0xFF, 0xFF, 0xFF, 0x00, 0x4F, 0xFF,
    0xFF, 0xF5, 0x00, 0x00, 0x00, 0x00, 0x00, 0x07, 0xFF, 0xFF, 0xFF, 0x20, 0x4F, 0xFF, 0xFF, 0xF5,
    0x00, 0x00, 0x00, 0x00, 0x00, 0x06, 0xFF, 0xFF, 0xFF, 0x20, 0x4F, 0xFF, 0xFF, 0xF5, 0x00, 0x00,
    0x00, 0x00, 0x00, 0x07, 0xFF, 0xFF, 0xFF, 0x20, 0x2F, 0xFF, 0xFF, 0xF7, 0x00, 0x00, 0x00, 0x00,
    0x00, 0x08, 0xFF, 0xFF, 0xFF, 0x00, 0x1F, 0xFF, 0xFF, 0xFA, 0x00, 0x00, 0x00, 0x00, 0x00, 0x0C,
    0xFF, 0xFF, 0xFE, 0x00, 0x0C, 0xFF, 0xFF, 0xFE, 0x10, 0x00, 0x00, 0x00, 0x00, 0x2F, 0xFF, 0xFF,
    0xFA, 0x00, 0x08, 0xFF, 0xFF, 0xFF, 0x80, 0x00, 0x00, 0x00, 0x00, 0xAF, 0xFF, 0xFF, 0xF6, 0x00,
    0x02, 0xFF, 0xFF, 0xFF, 0xF6, 0x00, 0x00, 0x00, 0x07, 0xFF, 0xFF, 0xFF, 0xE1, 0x00, 0x00, 0x9F,
    0xFF, 0xFF, 0xFF, 0xA4, 0x10, 0x15, 0xBF, 0xFF, 0xFF, 0xFF, 0x70, 0x00, 0x00, 0x1C, 0xFF, 0xFF,
    0xFF, 0xFF, 0xFF, 0xFF, 0xFF, 0xFF, 0xFF, 0xFB, 0x00, 0x00, 0x00, 0x02, 0xEF, 0xFF, 0xFF, 0xFF,
    0xFF, 0xFF, 0xFF, 0xFF, 0xFF, 0xD1, 0x00, 0x00, 0x00, 0x00, 0x1C, 0xFF, 0xFF, 0xFF, 0xFF, 0xFF,
    0xFF, 0xFF, 0xFA, 0x10, 0x00, 0x00, 0x00, 0x00, 0x00, 0x6D, 0xFF, 0xFF, 0xFF, 0xFF, 0xFF, 0xFC,
    0x50, 0x00, 0x00, 0x00, 0x00, 0x00, 0x00, 0x00, 0x48, 0xBD, 0xEF, 0xED, 0xB7, 0x30, 0x00, 0x00,
    0x00, 0x00, 0x00, 0x00, 0x00, 0x00, 0x09, 0xED, 0x70, 0x00, 0x2F, 0xF3, 0x00, 0x00, 0x00, 0x00,
    0x00, 0x00, 0x00, 0x00, 0x8F, 0xFF, 0xFA, 0x00, 0x3F, 0xF1, 0x00, 0x00, 0x00, 0x00, 0x00, 0x00,
    0x00, 0x01, 0xEF, 0xFF, 0xFF, 0xA1, 0x9F, 0xD0, 0x00, 0x00, 0x00, 0x00, 0x00, 0x00, 0x00, 0x03,
    0xFF, 0x61, 0x8F, 0xFF, 0xFF, 0x70, 0x00, 0x00, 0x00, 0x00, 0x00, 0x00, 0x00, 0x04, 0xFF, 0x00,
    0x03, 0xAE, 0xE8, 0x00, 0x00, 0x00, 0x00, 0x00, 0x00, 0x00, 0x00, 0x00, 0x00, 0x00, 0x00, 0x00,
    0x00, 0x00, 0x00, 0x00, 0x00, 0x00, 0x00, 0x00, 0x00, 0x00, 0x00, 0x00, 0x00, 0x00, 0x00, 0x00,
    0x00, 0x00, 0x00, 0x00, 0x00, 0x00, 0x00, 0x00, 0x48, 0xBD, 0xEF, 0xED, 0xB7, 0x30, 0x00, 0x00,
    0x00, 0x00, 0x00, 0x00, 0x00, 0x6D, 0xFF, 0xFF, 0xFF, 0xFF, 0xFF, 0xFC, 0x50, 0x00, 0x00, 0x00,
    0x00, 0x00, 0x1B, 0xFF, 0xFF, 0xFF, 0xFF, 0xFF, 0xFF, 0xFF, 0xFA, 0x10, 0x00, 0x00, 0x00, 0x02,
    0xEF, 0xFF, 0xFF, 0xFF, 0xFF, 0xFF, 0xFF, 0xFF, 0xFF, 0xD1, 0x00, 0x00, 0x00, 0x1C, 0xFF, 0xFF,
    0xFF, 0xFF, 0xFF, 0xFF, 0xFF, 0xFF, 0xFF, 0xFB, 0x00, 0x00, 0x00, 0x9F, 0xFF, 0xFF, 0xFF, 0xA4,
    0x10, 0x15, 0xBF, 0xFF, 0xFF, 0xFF, 0x70, 0x00, 0x02, 0xFF, 0xFF, 0xFF, 0xF6, 0x00, 0x00, 0x00,
    0x07, 0xFF, 0xFF, 0xFF, 0xE1, 0x00, 0x08, 0xFF, 0xFF, 0xFF, 0x80, 0x00, 0x00, 0x00, 0x00, 0xAF,
    0xFF, 0xFF, 0xF6, 0x00, 0x0C, 0xFF, 0xFF, 0xFE, 0x10, 0x00, 0x00, 0x00, 0x00, 0x2F, 0xFF, 0xFF,
    0xFA, 0x00, 0x1F, 0xFF, 0xFF, 0xFA, 0x00, 0x00, 0x00, 0x00, 0x00, 0x0C, 0xFF, 0xFF, 0xFE, 0x00,
    0x2F, 0xFF, 0xFF, 0xF7, 0x00, 0x00, 0x00, 0x00, 0x00, 0x08, 0xFF, 0xFF, 0xFF, 0x00, 0x4F, 0xFF,
    0xFF, 0xF5, 0x00, 0x00, 0x00, 0x00, 0x00, 0x07, 0xFF, 0xFF, 0xFF, 0x20, 0x4F, 0xFF, 0xFF, 0xF5,
    0x00, 0x00, 0x00, 0x00, 0x00, 0x06, 0xFF, 0xFF, 0xFF, 0x20, 0x4F, 0xFF, 0xFF, 0xF5, 0x00, 0x00,
    0x00, 0x00, 0x00, 0x07, 0xFF, 0xFF, 0xFF, 0x20, 0x2F, 0xFF, 0xFF, 0xF7, 0x00, 0x00, 0x00, 0x00,
    0x00, 0x08, 0xFF, 0xFF, 0xFF, 0x00, 0x1F, 0xFF, 0xFF, 0xFA, 0x00, 0x00, 0x00, 0x00, 0x00, 0x0C,
    0xFF, 0xFF, 0xFE, 0x00, 0x0C, 0xFF, 0xFF, 0xFE, 0x10, 0x00, 0x00, 0x00, 0x00, 0x2F, 0xFF, 0xFF,
    0xFA, 0x00, 0x08, 0xFF, 0xFF, 0xFF, 0x80, 0x00, 0x00, 0x00, 0x00, 0xAF, 0xFF, 0xFF, 0xF6, 0x00,
    0x02, 0xFF, 0xFF, 0xFF, 0xF6, 0x00, 0x00, 0x00, 0x07, 0xFF, 0xFF, 0xFF, 0xE1, 0x00, 0x00, 0x9F,
    0xFF, 0xFF, 0xFF, 0xA4, 0x10, 0x15, 0xBF, 0xFF, 0xFF, 0xFF, 0x70, 0x00, 0x00, 0x1C, 0xFF, 0xFF,
    0xFF, 0xFF, 0xFF, 0xFF, 0xFF, 0xFF, 0xFF, 0xFB, 0x00, 0x00, 0x00, 0x02, 0xEF, 0xFF, 0xFF, 0xFF,
    0xFF, 0xFF, 0xFF, 0xFF, 0xFF, 0xD1, 0x00, 0x00, 0x00, 0x00, 0x1C, 0xFF, 0xFF, 0xFF, 0xFF, 0xFF,
    0xFF, 0xFF, 0xFA, 0x10, 0x00, 0x00, 0x00, 0x00, 0x00, 0x6D, 0xFF, 0xFF, 0xFF, 0xFF, 0xFF, 0xFC,
    0x50, 0x00, 0x00, 0x00, 0x00, 0x00, 0x00, 0x00, 0x48, 0xBD, 0xEF, 0xED, 0xB7, 0x30, 0x00, 0x00,
    0x00, 0x00, 0x00, 0x00, 0x00, 0x00, 0xCF, 0xFF, 0x20, 0x4F, 0xFF, 0xA0, 0x00, 0x00, 0x00, 0x00,
    0x00, 0x00, 0x00, 0x00, 0xCF, 0xFF, 0x20, 0x4F, 0xFF, 0xA0, 0x00, 0x00, 0x00, 0x00, 0x00, 0x00,
    0x00, 0x00, 0xCF, 0xFF, 0x20, 0x4F, 0xFF, 0xA0, 0x00, 0x00, 0x00, 0x00, 0x00, 0x00, 0x00, 0x00,
    0xCF, 0xFF, 0x20, 0x4F, 0xFF, 0xA0, 0x00, 0x00, 0x00, 0x00, 0x00, 0x00, 0x00, 0x00, 0x00, 0x00,
    0x00, 0x00, 0x00, 0x00, 0x00, 0x00, 0x00, 0x00, 0x00, 0x00, 0x00, 0x00, 0x00, 0x00, 0x00, 0x00,
    0x00, 0x00, 0x00, 0x00, 0x00, 0x00, 0x00, 0x00, 0x00, 0x00, 0x48, 0xBD, 0xEF, 0xED, 0xB7, 0x30,
    0x00, 0x00, 0x00, 0x00, 0x00, 0x00, 0x00, 0x6D, 0xFF, 0xFF, 0xFF, 0xFF, 0xFF, 0xFC, 0x50, 0x00,
    0x00, 0x00, 0x00, 0x00, 0x1B, 0xFF, 0xFF, 0xFF, 0xFF, 0xFF, 0xFF, 0xFF, 0xFA, 0x10, 0x00, 0x00,
    0x00, 0x02, 0xEF, 0xFF, 0xFF, 0xFF, 0xFF, 0xFF, 0xFF, 0xFF, 0xFF, 0xD1, 0x00, 0x00, 0x00, 0x1C,
    0xFF, 0xFF, 0xFF, 0xFF, 0xFF, 0xFF, 0xFF, 0xFF, 0xFF, 0xFB, 0x00, 0x00, 0x00, 0x9F, 0xFF, 0xFF,
    0xFF, 0xA4, 0x10, 0x15, 0xBF, 0xFF, 0xFF, 0xFF, 0x70, 0x00, 0x02, 0xFF, 0xFF, 0xFF, 0xF6, 0x00,
    0x00, 0x00, 0x07, 0xFF, 0xFF, 0xFF, 0xE1, 0x00, 0x08, 0xFF, 0xFF, 0xFF, 0x80, 0x00, 0x00, 0x00,
    0x00, 0xAF, 0xFF, 0xFF, 0xF6, 0x00, 0x0C, 0xFF, 0xFF, 0xFE, 0x10, 0x00, 0x00, 0x00, 0x00, 0x2F,
    0xFF, 0xFF, 0xFA, 0x00, 0x1F, 0xFF, 0xFF, 0xFA, 0x00, 0x00, 0x00, 0x00, 0x00, 0x0C, 0xFF, 0xFF,
    0xFE, 0x00, 0x2F, 0xFF, 0xFF, 0xF7, 0x00, 0x00, 0x00, 0x00, 0x00, 0x08, 0xFF, 0xFF, 0xFF, 0x00,
    0x4F, 0xFF, 0xFF, 0xF5, 0x00, 0x00, 0x00, 0x00, 0x00, 0x07, 0xFF, 0xFF, 0xFF, 0x20, 0x4F, 0xFF,
    0xFF, 0xF5, 0x00, 0x00, 0x00, 0x00, 0x00, 0x06, 0xFF, 0xFF, 0xFF, 0x20, 0x4F, 0xFF, 0xFF, 0xF5,
    0x00, 0x00, 0x00, 0x00, 0x00, 0x07, 0xFF, 0xFF, 0xFF, 0x20, 0x2F, 0xFF, 0xFF, 0xF7, 0x00, 0x00,
    0x00, 0x00, 0x00, 0x08, 0xFF, 0xFF, 0xFF, 0x00, 0x1F, 0xFF, 0xFF, 0xFA, 0x00, 0x00, 0x00, 0x00,
    0x00, 0x0C, 0xFF, 0xFF, 0xFE, 0x00, 0x0C, 0xFF, 0xFF, 0xFE, 0x10, 0x00, 0x00, 0x00, 0x00, 0x2F,
    0xFF, 0xFF, 0xFA, 0x00, 0x08, 0xFF, 0xFF, 0xFF, 0x80, 0x00, 0x00, 0x00, 0x00, 0xAF, 0xFF, 0xFF,
    0xF6, 0x00, 0x02, 0xFF, 0xFF, 0xFF, 0xF6, 0x00, 0x00, 0x00, 0x07, 0xFF, 0xFF, 0xFF, 0xE1, 0x00,
    0x00, 0x9F, 0xFF, 0xFF, 0xFF, 0xA4, 0x10, 0x15, 0xBF, 0xFF, 0xFF, 0xFF, 0x70, 0x00, 0x00, 0x1C,
    0xFF, 0xFF, 0xFF, 0xFF, 0xFF, 0xFF, 0xFF, 0xFF, 0xFF, 0xFB, 0x00, 0x00, 0x00, 0x02, 0xEF, 0xFF,
    0xFF, 0xFF, 0xFF, 0xFF, 0xFF, 0xFF, 0xFF, 0xD1, 0x00, 0x00, 0x00, 0x00, 0x1C, 0xFF, 0xFF, 0xFF,
    0xFF, 0xFF, 0xFF, 0xFF, 0xFA, 0x10, 0x00, 0x00, 0x00, 0x00, 0x00, 0x6D, 0xFF, 0xFF, 0xFF, 0xFF,
    0xFF, 0xFC, 0x50, 0x00, 0x00, 0x00, 0x00, 0x00, 0x00, 0x00, 0x48, 0xBD, 0xEF, 0xED, 0xB7, 0x30,
    0x00, 0x00, 0x00, 0x00, 0x00, 0x78, 0x00, 0x00, 0x00, 0x00, 0x00, 0x00, 0x2B, 0x10, 0x00, 0x07,
    0xFF, 0x80, 0x00, 0x00, 0x00, 0x00, 0x02, 0xDF, 0xD1, 0x00, 0x6F, 0xFF, 0xF8, 0x00, 0x00, 0x00,
    0x00, 0x2D, 0xFF, 0xFD, 0x10, 0x2E, 0xFF, 0xFF, 0x80, 0x00, 0x00, 0x02, 0xDF, 0xFF, 0xF8, 0x00,
    0x02, 0xEF, 0xFF, 0xF8, 0x00, 0x00, 0x2D, 0xFF, 0xFF, 0x80, 0x00, 0x00, 0x2E, 0xFF, 0xFF, 0x80,
    0x02, 0xDF, 0xFF, 0xF8, 0x00, 0x00, 0x00, 0x02, 0xEF, 0xFF, 0xF8, 0x2D, 0xFF, 0xFF, 0x80, 0x00,
    0x00, 0x00, 0x00, 0x2E, 0xFF, 0xFF, 0xEF, 0xFF, 0xF8, 0x00, 0x00, 0x00, 0x00, 0x00, 0x02, 0xEF,
    0xFF, 0xFF, 0xFF, 0x80, 0x00, 0x00, 0x00, 0x00, 0x00, 0x00, 0x2E, 0xFF, 0xFF, 0xF8, 0x00, 0x00,
    0x00, 0x00, 0x00, 0x00, 0x00, 0x2D, 0xFF, 0xFF, 0xF8, 0x00, 0x00, 0x00, 0x00, 0x00, 0x00, 0x02,
    0xDF, 0xFF, 0xFF, 0xFF, 0x80, 0x00, 0x00, 0x00, 0x00, 0x00, 0x2D, 0xFF, 0xFF, 0xEF, 0xFF, 0xF8,
    0x00, 0x00, 0x00, 0x00, 0x02, 0xDF, 0xFF, 0xF8, 0x2E, 0xFF, 0xFF, 0x80, 0x00, 0x00, 0x00, 0x2D,
    0xFF, 0xFF, 0x80, 0x02, 0xEF, 0xFF, 0xF8, 0x00, 0x00, 0x02, 0xDF, 0xFF, 0xF8, 0x00, 0x00, 0x2E,
    0xFF, 0xFF, 0x80, 0x00, 0x2D, 0xFF, 0xFF, 0x80, 0x00, 0x00, 0x02, 0xEF, 0xFF, 0xF8, 0x00, 0x6F,
    0xFF, 0xF8, 0x00, 0x00, 0x00, 0x00, 0x2E, 0xFF, 0xFD, 0x10, 0x07, 0xFF, 0x80, 0x00, 0x00, 0x00,
    0x00, 0x02, 0xEF, 0xD1, 0x00, 0x00, 0x78, 0x00, 0x00, 0x00, 0x00, 0x00, 0x00, 0x2B, 0x10, 0x00,
    0x00, 0x00, 0x00, 0x00, 0x00, 0x00, 0x00, 0x00, 0x00, 0x00, 0x00, 0x00, 0x03, 0x50, 0x00, 0x00,
    0x00, 0x00, 0x04, 0x8B, 0xDE, 0xFE, 0xDA, 0x72, 0x00, 0x00, 0x3E, 0xF5, 0x00, 0x00, 0x00, 0x06,
    0xDF, 0xFF, 0xFF, 0xFF, 0xFF, 0xFF, 0xB3, 0x02, 0xEF, 0xFA, 0x00, 0x00, 0x02, 0xCF, 0xFF, 0xFF,
    0xFF, 0xFF, 0xFF, 0xFF, 0xFF, 0x8D, 0xFF, 0xB0, 0x00, 0x00, 0x3E, 0xFF, 0xFF, 0xFF, 0xFF, 0xFF,
    0xFF, 0xFF, 0xFF, 0xFF, 0xFC, 0x10, 0x00, 0x01, 0xDF, 0xFF, 0xFF, 0xFF, 0xFF, 0xFF, 0xFF, 0xFF,
    0xFF, 0xFF, 0xD1, 0x00, 0x00, 0x0A, 0xFF, 0xFF, 0xFF, 0xFA, 0x41, 0x01, 0x5B, 0xFF, 0xFF, 0xFF,
    0xF2, 0x00, 0x00, 0x2F, 0xFF, 0xFF, 0xFF, 0x60, 0x00, 0x00, 0x00, 0x8F, 0xFF, 0xFF, 0xFB, 0x00,
    0x00, 0x8F, 0xFF, 0xFF, 0xF8, 0x00, 0x00, 0x00, 0x02, 0xDF, 0xFF, 0xFF, 0xFF, 0x30, 0x00, 0xDF,
    0xFF, 0xFF, 0xE1, 0x00, 0x00, 0x00, 0x3E, 0xFF, 0xFF, 0xFF, 0xFF, 0x90, 0x01, 0xFF, 0xFF, 0xFF,
    0xA0, 0x00, 0x00, 0x04, 0xEF, 0xF8, 0xCF, 0xFF, 0xFF, 0xC0, 0x03, 0xFF, 0xFF, 0xFF, 0x70, 0x00,
    0x00, 0x5F, 0xFF, 0x60, 0x8F, 0xFF, 0xFF, 0xF0, 0x04, 0xFF, 0xFF, 0xFF, 0x50, 0x00, 0x06, 0xFF,
    0xF5, 0x00, 0x7F, 0xFF, 0xFF, 0xF1, 0x04, 0xFF, 0xFF, 0xFF, 0x50, 0x00, 0x8F, 0xFE, 0x40, 0x00,
    0x6F, 0xFF, 0xFF, 0xF2, 0x03, 0xFF, 0xFF, 0xFF, 0x50, 0x09, 0xFF, 0xE3, 0x00, 0x00, 0x7F, 0xFF,
    0xFF, 0xF2, 0x02, 0xFF, 0xFF, 0xFF, 0x70, 0xAF, 0xFD, 0x20, 0x00, 0x00, 0x8F, 0xFF, 0xFF, 0xF1,
    0x00, 0xEF, 0xFF, 0xFF, 0xBB, 0xFF, 0xD2, 0x00, 0x00, 0x00, 0xCF, 0xFF, 0xFF, 0xE0, 0x00, 0xAF,
    0xFF, 0xFF, 0xFF, 0xFC, 0x10, 0x00, 0x00, 0x02, 0xFF, 0xFF, 0xFF, 0xB0, 0x00, 0x5F, 0xFF, 0xFF,
    0xFF, 0xB1, 0x00, 0x00, 0x00, 0x0A, 0xFF, 0xFF, 0xFF, 0x70, 0x00, 0x0D, 0xFF, 0xFF, 0xFF, 0x60,
    0x00, 0x00, 0x00, 0x7F, 0xFF, 0xFF, 0xFE, 0x10, 0x00, 0x04, 0xFF, 0xFF, 0xFF, 0xFB, 0x41, 0x01,
    0x5B, 0xFF, 0xFF, 0xFF, 0xF8, 0x00, 0x00, 0x03, 0xFF, 0xFF, 0xFF, 0xFF, 0xFF, 0xFF, 0xFF, 0xFF,
    0xFF, 0xFF, 0xC1, 0x00, 0x00, 0x2D, 0xFF, 0xFF, 0xFF, 0xFF, 0xFF, 0xFF, 0xFF, 0xFF, 0xFF, 0xFD,
    0x20, 0x00, 0x00, 0xCF, 0xFA, 0x8F, 0xFF, 0xFF, 0xFF, 0xFF, 0xFF, 0xFF, 0xFF, 0xB1, 0x00, 0x00,
    0x0A, 0xFF, 0xB0, 0x03, 0xBF, 0xFF, 0xFF, 0xFF, 0xFF, 0xFF, 0xD6, 0x00, 0x00, 0x00, 0x1C, 0xFB,
    0x10, 0x00, 0x03, 0x7B, 0xDE, 0xFE, 0xDB, 0x84, 0x00, 0x00, 0x00, 0x00, 0x01, 0x81, 0x00, 0x00,
    0x00, 0x00, 0x00, 0x00, 0x00, 0x00, 0x00, 0x00, 0x00, 0x00, 0x00, 0x00, 0x08, 0xFF, 0xFD, 0x10,
    0x00, 0x00, 0x00, 0x00, 0x00, 0x00, 0x00, 0x00, 0x6F, 0xFF, 0xB0, 0x00, 0x00, 0x00, 0x00, 0x00,
    0x00, 0x00, 0x00, 0x04, 0xEF, 0xF9, 0x00, 0x00, 0x00, 0x00, 0x00, 0x00, 0x00, 0x00, 0x00, 0x2D,
    0xFF, 0x60, 0x00, 0x00, 0x00, 0x00, 0x00, 0x00, 0x00, 0x00, 0x00, 0x00, 0x00, 0x00, 0x00, 0x00,
    0x00, 0x00, 0x00, 0x00, 0x00, 0x00, 0x00, 0x00, 0x00, 0x00, 0x00, 0x00, 0xDF, 0xFF, 0xFF, 0x80,
    0x00, 0x00, 0x00, 0x0E, 0xFF, 0xFF, 0xF7, 0xDF, 0xFF, 0xFF, 0x80, 0x00, 0x00, 0x00, 0x0E, 0xFF,
    0xFF, 0xF7, 0xDF, 0xFF, 0xFF, 0x80, 0x00, 0x00, 0x00, 0x0E, 0xFF, 0xFF, 0xF7, 0xDF, 0xFF, 0xFF,
    0x80, 0x00, 0x00, 0x00, 0x0E, 0xFF, 0xFF, 0xF7, 0xDF, 0xFF, 0xFF, 0x80, 0x00, 0x00, 0x00, 0x0E,
    0xFF, 0xFF, 0xF7, 0xDF, 0xFF, 0xFF, 0x80, 0x00, 0x00, 0x00, 0x0E, 0xFF, 0xFF, 0xF7, 0xDF, 0xFF,
    0xFF, 0x80, 0x00, 0x00, 0x00, 0x0E, 0xFF, 0xFF, 0xF7, 0xDF, 0xFF, 0xFF, 0x80, 0x00, 0x00, 0x00,
    0x0E, 0xFF, 0xFF, 0xF7, 0xDF, 0xFF, 0xFF, 0x80, 0x00, 0x00, 0x00, 0x0E, 0xFF, 0xFF, 0xF7, 0xDF,
    0xFF, 0xFF, 0x80, 0x00, 0x00, 0x00, 0x0E, 0xFF, 0xFF, 0xF7, 0xDF, 0xFF, 0xFF, 0x80, 0x00, 0x00,
    0x00, 0x0E, 0xFF, 0xFF, 0xF7, 0xDF, 0xFF, 0xFF, 0x80, 0x00, 0x00, 0x00, 0x0E, 0xFF, 0xFF, 0xF7,
    0xDF, 0xFF, 0xFF, 0x80, 0x00, 0x00, 0x00, 0x0E, 0xFF, 0xFF, 0xF7, 0xDF, 0xFF, 0xFF, 0x80, 0x00,
    0x00, 0x00, 0x0E, 0xFF, 0xFF, 0xF7, 0xDF, 0xFF, 0xFF, 0x80, 0x00, 0x00, 0x00, 0x0E, 0xFF, 0xFF,
    0xF7, 0xCF, 0xFF, 0xFF, 0x80, 0x00, 0x00, 0x00, 0x0E, 0xFF, 0xFF, 0xF6, 0xBF, 0xFF, 0xFF, 0xA0,
    0x00, 0x00, 0x00, 0x1F, 0xFF, 0xFF, 0xF5, 0x9F, 0xFF, 0xFF, 0xE0, 0x00, 0x00, 0x00, 0x5F, 0xFF,
    0xFF, 0xF3, 0x5F, 0xFF, 0xFF, 0xF6, 0x00, 0x00, 0x00, 0xCF, 0xFF, 0xFF, 0xE0, 0x1E, 0xFF, 0xFF,
    0xFF, 0x82, 0x01, 0x4B, 0xFF, 0xFF, 0xFF, 0xA0, 0x09, 0xFF, 0xFF, 0xFF, 0xFF, 0xFF, 0xFF, 0xFF,
    0xFF, 0xFF, 0x30, 0x01, 0xDF, 0xFF, 0xFF, 0xFF, 0xFF, 0xFF, 0xFF, 0xFF, 0xF8, 0x00, 0x00, 0x3D,
    0xFF, 0xFF, 0xFF, 0xFF, 0xFF, 0xFF, 0xFF, 0xA0, 0x00, 0x00, 0x01, 0xAF, 0xFF, 0xFF, 0xFF, 0xFF,
    0xFF, 0xD6, 0x00, 0x00, 0x00, 0x00, 0x02, 0x7A, 0xDE, 0xFE, 0xDC, 0x95, 0x00, 0x00, 0x00, 0x00,
    0x00, 0x00, 0x00, 0x00, 0x3F, 0xFF, 0xF6, 0x00, 0x00, 0x00, 0x00, 0x00, 0x00, 0x00, 0x01, 0xDF,
    0xFE, 0x40, 0x00, 0x00, 0x00, 0x00, 0x00, 0x00, 0x00, 0x0C, 0xFF, 0xD2, 0x00, 0x00, 0x00, 0x00,
    0x00, 0x00, 0x00, 0x00, 0xAF, 0xFB, 0x10, 0x00, 0x00, 0x00, 0x00, 0x00, 0x00, 0x00, 0x00, 0x00,
    0x00, 0x00, 0x00, 0x00, 0x00, 0x00, 0x00, 0x00, 0x00, 0x00, 0x00, 0x00, 0x00, 0x00, 0x00, 0x00,
    0x00, 0xDF, 0xFF, 0xFF, 0x80, 0x00, 0x00, 0x00, 0x0E, 0xFF, 0xFF, 0xF7, 0xDF, 0xFF, 0xFF, 0x80,
    0x00, 0x00, 0x00, 0x0E, 0xFF, 0xFF, 0xF7, 0xDF, 0xFF, 0xFF, 0x80, 0x00, 0x00, 0x00, 0x0E, 0xFF,
    0xFF, 0xF7, 0xDF, 0xFF, 0xFF, 0x80, 0x00, 0x00, 0x00, 0x0E, 0xFF, 0xFF, 0xF7, 0xDF, 0xFF, 0xFF,
    0x80, 0x00, 0x00, 0x00, 0x0E, 0xFF, 0xFF, 0xF7, 0xDF, 0xFF, 0xFF, 0x80, 0x00, 0x00, 0x00, 0x0E,
    0xFF, 0xFF, 0xF7, 0xDF, 0xFF, 0xFF, 0x80, 0x00, 0x00, 0x00, 0x0E, 0xFF, 0xFF, 0xF7, 0xDF, 0xFF,
    0xFF, 0x80, 0x00, 0x00, 0x00, 0x0E, 0xFF, 0xFF, 0xF7, 0xDF, 0xFF, 0xFF, 0x80, 0x00, 0x00, 0x00,
    0x0E, 0xFF, 0xFF, 0xF7, 0xDF, 0xFF, 0xFF, 0x80, 0x00, 0x00, 0x00, 0x0E, 0xFF, 0xFF, 0xF7, 0xDF,
    0xFF, 0xFF, 0x80, 0x00, 0x00, 0x00, 0x0E, 0xFF, 0xFF, 0xF7, 0xDF, 0xFF, 0xFF, 0x80, 0x00, 0x00,
    0x00, 0x0E, 0xFF, 0xFF, 0xF7, 0xDF, 0xFF, 0xFF, 0x80, 0x00, 0x00, 0x00, 0x0E, 0xFF, 0xFF, 0xF7,
    0xDF, 0xFF, 0xFF, 0x80, 0x00, 0x00, 0x00, 0x0E, 0xFF, 0xFF, 0xF7, 0xDF, 0xFF, 0xFF, 0x80, 0x00,
    0x00, 0x00, 0x0E, 0xFF, 0xFF, 0xF7, 0xCF, 0xFF, 0xFF, 0x80, 0x00, 0x00, 0x00, 0x0E, 0xFF, 0xFF,
    0xF6, 0xBF, 0xFF, 0xFF, 0xA0, 0x00, 0x00, 0x00, 0x1F, 0xFF, 0xFF, 0xF5, 0x9F, 0xFF, 0xFF, 0xE0,
    0x00, 0x00, 0x00, 0x5F, 0xFF, 0xFF, 0xF3, 0x5F, 0xFF, 0xFF, 0xF6, 0x00, 0x00, 0x00, 0xCF, 0xFF,
    0xFF, 0xE0, 0x1E, 0xFF, 0xFF, 0xFF, 0x82, 0x01, 0x4B, 0xFF, 0xFF, 0xFF, 0xA0, 0x09, 0xFF, 0xFF,
    0xFF, 0xFF, 0xFF, 0xFF, 0xFF, 0xFF, 0xFF, 0x30, 0x01, 0xDF, 0xFF, 0xFF, 0xFF, 0xFF, 0xFF, 0xFF,
    0xFF, 0xF8, 0x00, 0x00, 0x3D, 0xFF, 0xFF, 0xFF, 0xFF, 0xFF, 0xFF, 0xFF, 0xA0, 0x00, 0x00, 0x01,
    0xAF, 0xFF, 0xFF, 0xFF, 0xFF, 0xFF, 0xD6, 0x00, 0x00, 0x00, 0x00, 0x02, 0x7A, 0xDE, 0xFE, 0xDC,
    0x95, 0x00, 0x00, 0x00, 0x00, 0x00, 0x00, 0x04, 0xFF, 0xFF, 0xFC, 0x10, 0x00, 0x00, 0x00, 0x00,
    0x00, 0x00, 0x3E, 0xFF, 0xCE, 0xFF, 0xB0, 0x00, 0x00, 0x00, 0x00, 0x00, 0x02, 0xEF, 0xF8, 0x02,
    0xCF, 0xFA, 0x00, 0x00, 0x00, 0x00, 0x00, 0x2D, 0xFE, 0x40, 0x00, 0x08, 0xFF, 0x90, 0x00, 0x00,
    0x00, 0x00, 0x00, 0x00, 0x00, 0x00, 0x00, 0x00, 0x00, 0x00, 0x00, 0x00, 0x00, 0x00, 0x00, 0x00,
    0x00, 0x00, 0x00, 0x00, 0x00, 0x00, 0xDF, 0xFF, 0xFF, 0x80, 0x00, 0x00, 0x00, 0x0E, 0xFF, 0xFF,
    0xF7, 0xDF, 0xFF, 0xFF, 0x80, 0x00, 0x00, 0x00, 0x0E, 0xFF, 0xFF, 0xF7, 0xDF, 0xFF, 0xFF, 0x80,
    0x00, 0x00, 0x00, 0x0E, 0xFF, 0xFF, 0xF7, 0xDF, 0xFF, 0xFF, 0x80, 0x00, 0x00, 0x00, 0x0E, 0xFF,
    0xFF, 0xF7, 0xDF, 0xFF, 0xFF, 0x80, 0x00, 0x00, 0x00, 0x0E, 0xFF, 0xFF, 0xF7, 0xDF, 0xFF, 0xFF,
    0x80, 0x00, 0x00, 0x00, 0x0E, 0xFF, 0xFF, 0xF7, 0xDF, 0xFF, 0xFF, 0x80, 0x00, 0x00, 0x00, 0x0E,
    0xFF, 0xFF, 0xF7, 0xDF, 0xFF, 0xFF, 0x80, 0x00, 0x00, 0x00, 0x0E, 0xFF, 0xFF, 0xF7, 0xDF, 0xFF,
    0xFF, 0x80, 0x00, 0x00, 0x00, 0x0E, 0xFF, 0xFF, 0xF7, 0xDF, 0xFF, 0xFF, 0x80, 0x00, 0x00, 0x00,
    0x0E, 0xFF, 0xFF, 0xF7, 0xDF, 0xFF, 0xFF, 0x80, 0x00, 0x00, 0x00, 0x0E, 0xFF, 0xFF, 0xF7, 0xDF,
    0xFF, 0xFF, 0x80, 0x00, 0x00, 0x00, 0x0E, 0xFF, 0xFF, 0xF7, 0xDF, 0xFF, 0xFF, 0x80, 0x00, 0x00,
    0x00, 0x0E, 0xFF, 0xFF, 0xF7, 0xDF, 0xFF, 0xFF, 0x80, 0x00, 0x00, 0x00, 0x0E, 0xFF, 0xFF, 0xF7,
    0xDF, 0xFF, 0xFF, 0x80, 0x00, 0x00, 0x00, 0x0E, 0xFF, 0xFF, 0xF7, 0xCF, 0xFF, 0xFF, 0x80, 0x00,
    0x00, 0x00, 0x0E, 0xFF, 0xFF, 0xF6, 0xBF, 0xFF, 0xFF, 0xA0, 0x00, 0x00, 0x00, 0x1F, 0xFF, 0xFF,
    0xF5, 0x9F, 0xFF, 0xFF, 0xE0, 0x00, 0x00, 0x00, 0x5F, 0xFF, 0xFF, 0xF3, 0x5F, 0xFF, 0xFF, 0xF6,
    0x00, 0x00, 0x00, 0xCF, 0xFF, 0xFF, 0xE0, 0x1E, 0xFF, 0xFF, 0xFF, 0x82, 0x01, 0x4B, 0xFF, 0xFF,
    0xFF, 0xA0, 0x09, 0xFF, 0xFF, 0xFF, 0xFF, 0xFF, 0xFF, 0xFF, 0xFF, 0xFF, 0x30, 0x01, 0xDF, 0xFF,
    0xFF, 0xFF, 0xFF, 0xFF, 0xFF, 0xFF, 0xF8, 0x00, 0x00, 0x3D, 0xFF, 0xFF, 0xFF, 0xFF, 0xFF, 0xFF,
    0xFF, 0xA0, 0x00, 0x00, 0x01, 0xAF, 0xFF, 0xFF, 0xFF, 0xFF, 0xFF, 0xD6, 0x00, 0x00, 0x00, 0x00,
    0x02, 0x7A, 0xDE, 0xFE, 0xDC, 0x95, 0x00, 0x00, 0x00, 0x00, 0x00, 0x06, 0xFF, 0xF7, 0x00, 0xDF,
    0xFF, 0x10, 0x00, 0x00, 0x00, 0x00, 0x06, 0xFF, 0xF7, 0x00, 0xDF, 0xFF, 0x10, 0x00, 0x00, 0x00,
    0x00, 0x06, 0xFF, 0xF7, 0x00, 0xDF, 0xFF, 0x10, 0x00, 0x00, 0x00, 0x00, 0x06, 0xFF, 0xF7, 0x00,
    0xDF, 0xFF, 0x10, 0x00, 0x00, 0x00, 0x00, 0x00, 0x00, 0x00, 0x00, 0x00, 0x00, 0x00, 0x00, 0x00,
    0x00, 0x00, 0x00, 0x00, 0x00, 0x00, 0x00, 0x00, 0x00, 0x00, 0x00, 0xDF, 0xFF, 0xFF, 0x80, 0x00,
    0x00, 0x00, 0x0E, 0xFF, 0xFF, 0xF7, 0xDF, 0xFF, 0xFF, 0x80, 0x00, 0x00, 0x00, 0x0E, 0xFF, 0xFF,
    0xF7, 0xDF, 0xFF, 0xFF, 0x80, 0x00, 0x00, 0x00, 0x0E, 0xFF, 0xFF, 0xF7, 0xDF, 0xFF, 0xFF, 0x80,
    0x00, 0x00, 0x00, 0x0E, 0xFF, 0xFF, 0xF7, 0xDF, 0xFF, 0xFF, 0x80, 0x00, 0x00, 0x00, 0x0E, 0xFF,
    0xFF, 0xF7, 0xDF, 0xFF, 0xFF, 0x80, 0x00, 0x00, 0x00, 0x0E, 0xFF, 0xFF, 0xF7, 0xDF, 0xFF, 0xFF,
    0x80, 0x00, 0x00, 0x00, 0x0E, 0xFF, 0xFF, 0xF7, 0xDF, 0xFF, 0xFF, 0x80, 0x00, 0x00, 0x00, 0x0E,
    0xFF, 0xFF, 0xF7, 0xDF, 0xFF, 0xFF, 0x80, 0x00, 0x00, 0x00, 0x0E, 0xFF, 0xFF, 0xF7, 0xDF, 0xFF,
    0xFF, 0x80, 0x00, 0x00, 0x00, 0x0E, 0xFF, 0xFF, 0xF7, 0xDF, 0xFF, 0xFF, 0x80, 0x00, 0x00, 0x00,
    0x0E, 0xFF, 0xFF, 0xF7, 0xDF, 0xFF, 0xFF, 0x80, 0x00, 0x00, 0x00, 0x0E, 0xFF, 0xFF, 0xF7, 0xDF,
    0xFF, 0xFF, 0x80, 0x00, 0x00, 0x00, 0x0E, 0xFF, 0xFF, 0xF7, 0xDF, 0xFF, 0xFF, 0x80, 0x00, 0x00,
    0x00, 0x0E, 0xFF, 0xFF, 0xF7, 0xDF, 0xFF, 0xFF, 0x80, 0x00, 0x00, 0x00, 0x0E, 0xFF, 0xFF, 0xF7,
    0xCF, 0xFF, 0xFF, 0x80, 0x00, 0x00, 0x00, 0x0E, 0xFF, 0xFF, 0xF6, 0xBF, 0xFF, 0xFF, 0xA0, 0x00,
    0x00, 0x00, 0x1F, 0xFF, 0xFF, 0xF5, 0x9F, 0xFF, 0xFF, 0xE0, 0x00, 0x00, 0x00, 0x5F, 0xFF, 0xFF,
    0xF3, 0x5F, 0xFF, 0xFF, 0xF6, 0x00, 0x00, 0x00, 0xCF, 0xFF, 0xFF, 0xE0, 0x1E, 0xFF, 0xFF, 0xFF,
    0x82, 0x01, 0x4B, 0xFF, 0xFF, 0xFF, 0xA0, 0x09, 0xFF, 0xFF, 0xFF, 0xFF, 0xFF, 0xFF, 0xFF, 0xFF,
    0xFF, 0x30, 0x01, 0xDF, 0xFF, 0xFF, 0xFF, 0xFF, 0xFF, 0xFF, 0xFF, 0xF8, 0x00, 0x00, 0x3D, 0xFF,
    0xFF, 0xFF, 0xFF, 0xFF, 0xFF, 0xFF, 0xA0, 0x00, 0x00, 0x01, 0xAF, 0xFF, 0xFF, 0xFF, 0xFF, 0xFF,
    0xD6, 0x00, 0x00, 0x00, 0x00, 0x02, 0x7A, 0xDE, 0xFE, 0xDC, 0x95, 0x00, 0x00, 0x00, 0x00, 0x00,
    0x00, 0x00, 0x00, 0x00, 0x0A, 0xFF, 0xFC, 0x10, 0x00, 0x00, 0x00, 0x00, 0x00, 0x00, 0x00, 0x00,
    0x00, 0x7F, 0xFF, 0xA0, 0x00, 0x00, 0x00, 0x00, 0x00, 0x00, 0x00, 0x00, 0x00, 0x05, 0xFF, 0xF7,
    0x00, 0x00, 0x00, 0x00, 0x00, 0x00, 0x00, 0x00, 0x00, 0x00, 0x3E, 0xFF, 0x50, 0x00, 0x00, 0x00,
    0x00, 0x00, 0x00, 0x00, 0x00, 0x00, 0x00, 0x00, 0x00, 0x00, 0x00, 0x00, 0x00, 0x00, 0x00, 0x00,
    0x00, 0x00, 0x00, 0x00, 0x00, 0x00, 0x00, 0x00, 0x00, 0x00, 0x00, 0x00, 0x1E, 0xFF, 0xFF, 0xFE,
    0x10, 0x00, 0x00, 0x00, 0x00, 0x6F, 0xFF, 0xFF, 0xF9, 0x05, 0xFF, 0xFF, 0xFF, 0x90, 0x00, 0x00,
    0x00, 0x01, 0xEF, 0xFF, 0xFF, 0xE1, 0x00, 0xBF, 0xFF, 0xFF, 0xF4, 0x00, 0x00, 0x00, 0x0A, 0xFF,
    0xFF, 0xFF, 0x50, 0x00, 0x2E, 0xFF, 0xFF, 0xFD, 0x00, 0x00, 0x00, 0x4F, 0xFF, 0xFF, 0xFA, 0x00,
    0x00, 0x06, 0xFF, 0xFF, 0xFF, 0x80, 0x00, 0x01, 0xDF, 0xFF, 0xFF, 0xE1, 0x00, 0x00, 0x00, 0xBF,
    0xFF, 0xFF, 0xF2, 0x00, 0x08, 0xFF, 0xFF, 0xFF, 0x50, 0x00, 0x00, 0x00, 0x2E, 0xFF, 0xFF, 0xFB,
    0x00, 0x3F, 0xFF, 0xFF, 0xFB, 0x00, 0x00, 0x00, 0x00, 0x07, 0xFF, 0xFF, 0xFF, 0x60, 0xCF, 0xFF,
    0xFF, 0xE2, 0x00, 0x00, 0x00, 0x00, 0x00, 0xCF, 0xFF, 0xFF, 0xE8, 0xFF, 0xFF, 0xFF, 0x60, 0x00,
    0x00, 0x00, 0x00, 0x00, 0x2F, 0xFF, 0xFF, 0xFF, 0xFF, 0xFF, 0xFB, 0x00, 0x00, 0x00, 0x00, 0x00,
    0x00, 0x07, 0xFF, 0xFF, 0xFF, 0xFF, 0xFF, 0xE2, 0x00, 0x00, 0x00, 0x00, 0x00, 0x00, 0x00, 0xCF,
    0xFF, 0xFF, 0xFF, 0xFF, 0x70, 0x00, 0x00, 0x00, 0x00, 0x00, 0x00, 0x00, 0x3F, 0xFF, 0xFF, 0xFF,
    0xFC, 0x00, 0x00, 0x00, 0x00, 0x00, 0x00, 0x00, 0x00, 0x08, 0xFF, 0xFF, 0xFF, 0xF2, 0x00, 0x00,
    0x00, 0x00, 0x00, 0x00, 0x00, 0x00, 0x00, 0xEF, 0xFF, 0xFF, 0x90, 0x00, 0x00, 0x00, 0x00, 0x00,
    0x00, 0x00, 0x00, 0x00, 0xDF, 0xFF, 0xFF, 0x80, 0x00, 0x00, 0x00, 0x00, 0x00, 0x00, 0x00, 0x00,
    0x00, 0xDF, 0xFF, 0xFF, 0x80, 0x00, 0x00, 0x00, 0x00, 0x00, 0x00, 0x00, 0x00, 0x00, 0xDF, 0xFF,
    0xFF, 0x80, 0x00, 0x00, 0x00, 0x00, 0x00, 0x00, 0x00, 0x00, 0x00, 0xDF, 0xFF, 0xFF, 0x80, 0x00,
    0x00, 0x00, 0x00, 0x00, 0x00, 0x00, 0x00, 0x00, 0xDF, 0xFF, 0xFF, 0x80, 0x00, 0x00, 0x00, 0x00,
    0x00, 0x00, 0x00, 0x00, 0x00, 0xDF, 0xFF, 0xFF, 0x80, 0x00, 0x00, 0x00, 0x00, 0x00, 0x00, 0x00,
    0x00, 0x00, 0xDF, 0xFF, 0xFF, 0x80, 0x00, 0x00, 0x00, 0x00, 0x00, 0x00, 0x00, 0x00, 0x00, 0xDF,
    0xFF, 0xFF, 0x80, 0x00, 0x00, 0x00, 0x00, 0x00, 0x00, 0x00, 0x00, 0x00, 0xDF, 0xFF, 0xFF, 0x80,
    0x00, 0x00, 0x00, 0x00, 0x00, 0x00, 0x00, 0x00, 0x00, 0xDF, 0xFF, 0xFF, 0x80, 0x00, 0x00, 0x00,
    0x00, 0xDF, 0xFF, 0xFF, 0x80, 0x00, 0x00, 0x00, 0x00, 0x00, 0x00, 0x00, 0xDF, 0xFF, 0xFF, 0x80,
    0x00, 0x00, 0x00, 0x00, 0x00, 0x00, 0x00, 0xDF, 0xFF, 0xFF, 0x80, 0x00, 0x00, 0x00, 0x00, 0x00,
    0x00, 0x00, 0xDF, 0xFF, 0xFF, 0x80, 0x00, 0x00, 0x00, 0x00, 0x00, 0x00, 0x00, 0xDF, 0xFF, 0xFF,
    0x80, 0x00, 0x00, 0x00, 0x00, 0x00, 0x00, 0x00, 0xDF, 0xFF, 0xFF, 0xFF, 0xFF, 0xFE, 0xDB, 0x84,
    0x00, 0x00, 0x00, 0xDF, 0xFF, 0xFF, 0xFF, 0xFF, 0xFF, 0xFF, 0xFF, 0xD4, 0x00, 0x00, 0xDF, 0xFF,
    0xFF, 0xFF, 0xFF, 0xFF, 0xFF, 0xFF, 0xFF, 0x60, 0x00, 0xDF, 0xFF, 0xFF, 0xFF, 0xFF, 0xFF, 0xFF,
    0xFF, 0xFF, 0xF4, 0x00, 0xDF, 0xFF, 0xFF, 0xFF, 0xFF, 0xFF, 0xFF, 0xFF, 0xFF, 0xFC, 0x00, 0xDF,
    0xFF, 0xFF, 0x80, 0x00, 0x13, 0x9F, 0xFF, 0xFF, 0xFF, 0x20, 0xDF, 0xFF, 0xFF, 0x80, 0x00, 0x00,
    0x07, 0xFF, 0xFF, 0xFF, 0x60, 0xDF, 0xFF, 0xFF, 0x80, 0x00, 0x00, 0x02, 0xFF, 0xFF, 0xFF, 0x70,
    0xDF, 0xFF, 0xFF, 0x80, 0x00, 0x00, 0x02, 0xFF, 0xFF, 0xFF, 0x70, 0xDF, 0xFF, 0xFF, 0x80, 0x00,
    0x00, 0x07, 0xFF, 0xFF, 0xFF, 0x60, 0xDF, 0xFF, 0xFF, 0x80, 0x00, 0x13, 0x9F, 0xFF, 0xFF, 0xFF,
    0x20, 0xDF, 0xFF, 0xFF, 0xFF, 0xFF, 0xFF, 0xFF, 0xFF, 0xFF, 0xFC, 0x00, 0xDF, 0xFF, 0xFF, 0xFF,
    0xFF, 0xFF, 0xFF, 0xFF, 0xFF, 0xF4, 0x00, 0xDF, 0xFF, 0xFF, 0xFF, 0xFF, 0xFF, 0xFF, 0xFF, 0xFF,
    0x60, 0x00, 0xDF, 0xFF, 0xFF, 0xFF, 0xFF, 0xFF, 0xFF, 0xFF, 0xD4, 0x00, 0x00, 0xDF, 0xFF, 0xFF,
    0xFF, 0xFF, 0xFE, 0xEC, 0x84, 0x00, 0x00, 0x00, 0xDF, 0xFF, 0xFF, 0x80, 0x00, 0x00, 0x00, 0x00,
    0x00, 0x00, 0x00, 0xDF, 0xFF, 0xFF, 0x80, 0x00, 0x00, 0x00, 0x00, 0x00, 0x00, 0x00, 0xDF, 0xFF,
    0xFF, 0x80, 0x00, 0x00, 0x00, 0x00, 0x00, 0x00, 0x00, 0xDF, 0xFF, 0xFF, 0x80, 0x00, 0x00, 0x00,
    0x00, 0x00, 0x00, 0x00, 0x00, 0x00, 0x16, 0xAD, 0xEF, 0xEE, 0xC8, 0x30, 0x00, 0x00, 0x00, 0x00,
    0x07, 0xEF, 0xFF, 0xFF, 0xFF, 0xFF, 0xFB, 0x20, 0x00, 0x00, 0x00, 0x8F, 0xFF, 0xFF, 0xFF, 0xFF,
    0xFF, 0xFF, 0xE2, 0x00, 0x00, 0x04, 0xFF, 0xFF, 0xFF, 0xFF, 0xFF, 0xFF, 0xFF, 0xFB, 0x00, 0x00,
    0x0A, 0xFF, 0xFF, 0xFE, 0x62, 0x13, 0xCF, 0xFF, 0xFF, 0x30, 0x00, 0x0E, 0xFF, 0xFF, 0xF4, 0x00,
    0x00, 0x1E, 0xFF, 0xFF, 0x70, 0x00, 0x1F, 0xFF, 0xFF, 0xE0, 0x00, 0x00, 0x0C, 0xFF, 0xFF, 0x90,
    0x00, 0x2F, 0xFF, 0xFF, 0xC0, 0x00, 0x06, 0xDF, 0xFF, 0xFF, 0xA0, 0x00, 0x2F, 0xFF, 0xFF, 0xC0,
    0x01, 0xBF, 0xFF, 0xFF, 0xB9, 0x50, 0x00, 0x2F, 0xFF, 0xFF, 0xC0, 0x0B, 0xFF, 0xFF, 0x91, 0x00,
    0x00, 0x00, 0x2F, 0xFF, 0xFF, 0xC0, 0x3F, 0xFF, 0xFD, 0x00, 0x00, 0x00, 0x00, 0x2F, 0xFF, 0xFF,
    0xC0, 0x6F, 0xFF, 0xFD, 0x00, 0x00, 0x00, 0x00, 0x2F, 0xFF, 0xFF, 0xC0, 0x5F, 0xFF, 0xFF, 0x91,
    0x00, 0x00, 0x00, 0x2F, 0xFF, 0xFF, 0xC0, 0x3F, 0xFF, 0xFF, 0xFD, 0x60, 0x00, 0x00, 0x2F, 0xFF,
    0xFF, 0xC0, 0x0B, 0xFF, 0xFF, 0xFF, 0xFD, 0x30, 0x00, 0x2F, 0xFF, 0xFF, 0xC0, 0x01, 0xCF, 0xFF,
    0xFF, 0xFF, 0xF5, 0x00, 0x2F, 0xFF, 0xFF, 0xC0, 0x00, 0x07, 0xEF, 0xFF, 0xFF, 0xFE, 0x20, 0x2F,
    0xFF, 0xFF, 0xC0, 0x00, 0x00, 0x19, 0xFF, 0xFF, 0xFF, 0x80, 0x2F, 0xFF, 0xFF, 0xC0, 0x00, 0x00,
    0x00, 0x6F, 0xFF, 0xFF, 0xC0, 0x2F, 0xFF, 0xFF, 0xC0, 0x00, 0x00, 0x00, 0x0E, 0xFF, 0xFF, 0xE0,
    0x2F, 0xFF, 0xFF, 0xC0, 0x00, 0x00, 0x00, 0x1F, 0xFF, 0xFF, 0xE0, 0x2F, 0xFF, 0xFF, 0xC0, 0x4A,
    0x52, 0x03, 0xBF, 0xFF, 0xFF, 0xC0, 0x2F, 0xFF, 0xFF, 0xC0, 0x4F, 0xFF, 0xFF, 0xFF, 0xFF, 0xFF,
    0x70, 0x2F, 0xFF, 0xFF, 0xC0, 0x4F, 0xFF, 0xFF, 0xFF, 0xFF, 0xFD, 0x10, 0x2F, 0xFF, 0xFF, 0xC0,
    0x4F, 0xFF, 0xFF, 0xFF, 0xFF, 0xC2, 0x00, 0x2F, 0xFF, 0xFF, 0xC0, 0x04, 0x8C, 0xEF, 0xED, 0xA5,
    0x00, 0x00, 0x00, 0x01, 0xCF, 0xFF, 0xB0, 0x00, 0x00, 0x00, 0x00, 0x00, 0x00, 0x00, 0x1B, 0xFF,
    0xF8, 0x00, 0x00, 0x00, 0x00, 0x00, 0x00, 0x00, 0x01, 0xBF, 0xFF, 0x50, 0x00, 0x00, 0x00, 0x00,
    0x00, 0x00, 0x00, 0x1B, 0xFF, 0xE2, 0x00, 0x00, 0x00, 0x00, 0x00, 0x00, 0x00, 0x00, 0xBF, 0xFC,
    0x10, 0x00, 0x00, 0x00, 0x00, 0x00, 0x00, 0x00, 0x0B, 0xFF, 0xA0, 0x00, 0x00, 0x00, 0x00, 0x00,
    0x00, 0x00, 0x00, 0x00, 0x00, 0x00, 0x00, 0x00, 0x00, 0x00, 0x00, 0x00, 0x00, 0x00, 0x00, 0x00,
    0x00, 0x00, 0x00, 0x14, 0x7A, 0xCD, 0xEF, 0xEE, 0xC9, 0x50, 0x00, 0x00, 0x00, 0xEF, 0xFF, 0xFF,
    0xFF, 0xFF, 0xFF, 0xFE, 0x50, 0x00, 0x00, 0xEF, 0xFF, 0xFF, 0xFF, 0xFF, 0xFF, 0xFF, 0xF7, 0x00,
    0x00, 0xEF, 0xFF, 0xFF, 0xFF, 0xFF, 0xFF, 0xFF, 0xFF, 0x30, 0x00, 0xEF, 0xB6, 0x31, 0x00, 0x26,
    0xDF, 0xFF, 0xFF, 0xA0, 0x00, 0xA3, 0x00, 0x00, 0x00, 0x00, 0x1E, 0xFF, 0xFF, 0xE0, 0x00, 0x00,
    0x00, 0x00, 0x00, 0x00, 0x0B, 0xFF, 0xFF, 0xF2, 0x00, 0x00, 0x59, 0xBD, 0xEF, 0xFF, 0xFF, 0xFF,
    0xFF, 0xF3, 0x00, 0x5D, 0xFF, 0xFF, 0xFF, 0xFF, 0xFF, 0xFF, 0xFF, 0xF4, 0x05, 0xFF, 0xFF, 0xFF,
    0xFF, 0xFF, 0xFF, 0xFF, 0xFF, 0xF4, 0x1E, 0xFF, 0xFF, 0xFF, 0xFF, 0xFF, 0xFF, 0xFF, 0xFF, 0xF4,
    0x5F, 0xFF, 0xFF, 0xF8, 0x31, 0x00, 0x0B, 0xFF, 0xFF, 0xF4, 0x7F, 0xFF, 0xFF, 0x90, 0x00, 0x00,
    0x0D, 0xFF, 0xFF, 0xF4, 0x7F, 0xFF, 0xFF, 0x90, 0x00, 0x00, 0x6F, 0xFF, 0xFF, 0xF4, 0x6F, 0xFF,
    0xFF, 0xF6, 0x11, 0x39, 0xFF, 0xFF, 0xFF, 0xF4, 0x1E, 0xFF, 0xFF, 0xFF, 0xFF, 0xFF, 0xFF, 0xFF,
    0xFF, 0xF4, 0x07, 0xFF, 0xFF, 0xFF, 0xFF, 0xFF, 0xCB, 0xFF, 0xFF, 0xF4, 0x00, 0x8F, 0xFF, 0xFF,
    0xFF, 0xFA, 0x1B, 0xFF, 0xFF, 0xF4, 0x00, 0x03, 0x9D, 0xFE, 0xDA, 0x40, 0x0B, 0xFF, 0xFF, 0xF4,
    0x00, 0x00, 0x00, 0x00, 0x00, 0x00, 0x8F, 0xFF, 0xD2, 0x00, 0x00, 0x00, 0x00, 0x00, 0x00, 0x05,
    0xFF, 0xFD, 0x20, 0x00, 0x00, 0x00, 0x00, 0x00, 0x00, 0x2E, 0xFF, 0xD2, 0x00, 0x00, 0x00, 0x00,
    0x00, 0x00, 0x01, 0xDF, 0xFD, 0x20, 0x00, 0x00, 0x00, 0x00, 0x00, 0x00, 0x0A, 0xFF, 0xD1, 0x00,
    0x00, 0x00, 0x00, 0x00, 0x00, 0x00, 0x7F, 0xFC, 0x10, 0x00, 0x00, 0x00, 0x00, 0x00, 0x00, 0x00,
    0x00, 0x00, 0x00, 0x00, 0x00, 0x00, 0x00, 0x00, 0x00, 0x00, 0x00, 0x00, 0x00, 0x00, 0x00, 0x00,
    0x00, 0x14, 0x7A, 0xCD, 0xEF, 0xEE, 0xC9, 0x50, 0x00, 0x00, 0x00, 0xEF, 0xFF, 0xFF, 0xFF, 0xFF,
    0xFF, 0xFE, 0x50, 0x00, 0x00, 0xEF, 0xFF, 0xFF, 0xFF, 0xFF, 0xFF, 0xFF, 0xF7, 0x00, 0x00, 0xEF,
    0xFF, 0xFF, 0xFF, 0xFF, 0xFF, 0xFF, 0xFF, 0x30, 0x00, 0xEF, 0xB6, 0x31, 0x00, 0x26, 0xDF, 0xFF,
    0xFF, 0xA0, 0x00, 0xA3, 0x00, 0x00, 0x00, 0x00, 0x1E, 0xFF, 0xFF, 0xE0, 0x00, 0x00, 0x00, 0x00,
    0x00, 0x00, 0x0B, 0xFF, 0xFF, 0xF2, 0x00, 0x00, 0x59, 0xBD, 0xEF, 0xFF, 0xFF, 0xFF, 0xFF, 0xF3,
    0x00, 0x5D, 0xFF, 0xFF, 0xFF, 0xFF, 0xFF, 0xFF, 0xFF, 0xF4, 0x05, 0xFF, 0xFF, 0xFF, 0xFF, 0xFF,
    0xFF, 0xFF, 0xFF, 0xF4, 0x1E, 0xFF, 0xFF, 0xFF, 0xFF, 0xFF, 0xFF, 0xFF, 0xFF, 0xF4, 0x5F, 0xFF,
    0xFF, 0xF8, 0x31, 0x00, 0x0B, 0xFF, 0xFF, 0xF4, 0x7F, 0xFF, 0xFF, 0x90, 0x00, 0x00, 0x0D, 0xFF,
    0xFF, 0xF4, 0x7F, 0xFF, 0xFF, 0x90, 0x00, 0x00, 0x6F, 0xFF, 0xFF, 0xF4, 0x6F, 0xFF, 0xFF, 0xF6,
    0x11, 0x39, 0xFF, 0xFF, 0xFF, 0xF4, 0x1E, 0xFF, 0xFF, 0xFF, 0xFF, 0xFF, 0xFF, 0xFF, 0xFF, 0xF4,
    0x07, 0xFF, 0xFF, 0xFF, 0xFF, 0xFF, 0xCB, 0xFF, 0xFF, 0xF4, 0x00, 0x8F, 0xFF, 0xFF, 0xFF, 0xFA,
    0x1B, 0xFF, 0xFF, 0xF4, 0x00, 0x03, 0x9D, 0xFE, 0xDA, 0x40, 0x0B, 0xFF, 0xFF, 0xF4, 0x00, 0x00,
    0x00, 0x00, 0xBF, 0xFF, 0xD1, 0x00, 0x00, 0x00, 0x00, 0x00, 0x00, 0x07, 0xFF, 0xFF, 0xFA, 0x00,
    0x00, 0x00, 0x00, 0x00, 0x00, 0x3F, 0xFF, 0xAF, 0xFF, 0x60, 0x00, 0x00, 0x00, 0x00, 0x01, 0xDF,
    0xF9, 0x06, 0xFF, 0xE2, 0x00, 0x00, 0x00, 0x00, 0x09, 0xFF, 0xA0, 0x00, 0x7F, 0xFC, 0x00, 0x00,
    0x00, 0x00, 0x5F, 0xFB, 0x00, 0x00, 0x08, 0xFF, 0x80, 0x00, 0x00, 0x00, 0x00, 0x00, 0x00, 0x00,
    0x00, 0x00, 0x00, 0x00, 0x00, 0x00, 0x00, 0x00, 0x00, 0x00, 0x00, 0x00, 0x00, 0x00, 0x00, 0x14,
    0x7A, 0xCD, 0xEF, 0xEE, 0xC9, 0x50, 0x00, 0x00, 0x00, 0xEF, 0xFF, 0xFF, 0xFF, 0xFF, 0xFF, 0xFE,
    0x50, 0x00, 0x00, 0xEF, 0xFF, 0xFF, 0xFF, 0xFF, 0xFF, 0xFF, 0xF7, 0x00, 0x00, 0xEF, 0xFF, 0xFF,
    0xFF, 0xFF, 0xFF, 0xFF, 0xFF, 0x30, 0x00, 0xEF, 0xB6, 0x31, 0x00, 0x26, 0xDF, 0xFF, 0xFF, 0xA0,
    0x00, 0xA3, 0x00, 0x00, 0x00, 0x00, 0x1E, 0xFF, 0xFF, 0xE0, 0x00, 0x00, 0x00, 0x00, 0x00, 0x00,
    0x0B, 0xFF, 0xFF, 0xF2, 0x00, 0x00, 0x59, 0xBD, 0xEF, 0xFF, 0xFF, 0xFF, 0xFF, 0xF3, 0x00, 0x5D,
    0xFF, 0xFF, 0xFF, 0xFF, 0xFF, 0xFF, 0xFF, 0xF4, 0x05, 0xFF, 0xFF, 0xFF, 0xFF, 0xFF, 0xFF, 0xFF,
    0xFF, 0xF4, 0x1E, 0xFF, 0xFF, 0xFF, 0xFF, 0xFF, 0xFF, 0xFF, 0xFF, 0xF4, 0x5F, 0xFF, 0xFF, 0xF8,
    0x31, 0x00, 0x0B, 0xFF, 0xFF, 0xF4, 0x7F, 0xFF, 0xFF, 0x90, 0x00, 0x00, 0x0D, 0xFF, 0xFF, 0xF4,
    0x7F, 0xFF, 0xFF, 0x90, 0x00, 0x00, 0x6F, 0xFF, 0xFF, 0xF4, 0x6F, 0xFF, 0xFF, 0xF6, 0x11, 0x39,
    0xFF, 0xFF, 0xFF, 0xF4, 0x1E, 0xFF, 0xFF, 0xFF, 0xFF, 0xFF, 0xFF, 0xFF, 0xFF, 0xF4, 0x07, 0xFF,
    0xFF, 0xFF, 0xFF, 0xFF, 0xCB, 0xFF, 0xFF, 0xF4, 0x00, 0x8F, 0xFF, 0xFF, 0xFF, 0xFA, 0x1B, 0xFF,
    0xFF, 0xF4, 0x00, 0x03, 0x9D, 0xFE, 0xDA, 0x40, 0x0B, 0xFF, 0xFF, 0xF4, 0x00, 0x00, 0x00, 0x8E,
    0xEA, 0x20, 0x00, 0xEF, 0x50, 0x00, 0x00, 0x00, 0x06, 0xFF, 0xFF, 0xF8, 0x15, 0xFF, 0x40, 0x00,
    0x00, 0x00, 0x0D, 0xFF, 0xFF, 0xFF, 0xFF, 0xFF, 0x10, 0x00, 0x00, 0x00, 0x1F, 0xF8, 0x17, 0xEF,
    0xFF, 0xF9, 0x00, 0x00, 0x00, 0x00, 0x2F, 0xF2, 0x00, 0x19, 0xEE, 0x91, 0x00, 0x00, 0x00, 0x00,
    0x00, 0x00, 0x00, 0x00, 0x00, 0x00, 0x00, 0x00, 0x00, 0x00, 0x00, 0x00, 0x00, 0x00, 0x00, 0x00,
    0x00, 0x00, 0x00, 0x00, 0x00, 0x00, 0x00, 0x00, 0x00, 0x00, 0x00, 0x00, 0x00, 0x14, 0x7A, 0xCD,
    0xEF, 0xEE, 0xC9, 0x50, 0x00, 0x00, 0x00, 0xEF, 0xFF, 0xFF, 0xFF, 0xFF, 0xFF, 0xFE, 0x50, 0x00,
    0x00, 0xEF, 0xFF, 0xFF, 0xFF, 0xFF, 0xFF, 0xFF, 0xF7, 0x00, 0x00, 0xEF, 0xFF, 0xFF, 0xFF, 0xFF,
    0xFF, 0xFF, 0xFF, 0x30, 0x00, 0xEF, 0xB6, 0x31, 0x00, 0x26, 0xDF, 0xFF, 0xFF, 0xA0, 0x00, 0xA3,
    0x00, 0x00, 0x00, 0x00, 0x1E, 0xFF, 0xFF, 0xE0, 0x00, 0x00, 0x00, 0x00, 0x00, 0x00, 0x0B, 0xFF,
    0xFF, 0xF2, 0x00, 0x00, 0x59, 0xBD, 0xEF, 0xFF, 0xFF, 0xFF, 0xFF, 0xF3, 0x00, 0x5D, 0xFF, 0xFF,
    0xFF, 0xFF, 0xFF, 0xFF, 0xFF, 0xF4, 0x05, 0xFF, 0xFF, 0xFF, 0xFF, 0xFF, 0xFF, 0xFF, 0xFF, 0xF4,
    0x1E, 0xFF, 0xFF, 0xFF, 0xFF, 0xFF, 0xFF, 0xFF, 0xFF, 0xF4, 0x5F, 0xFF, 0xFF, 0xF8, 0x31, 0x00,
    0x0B, 0xFF, 0xFF, 0xF4, 0x7F, 0xFF, 0xFF, 0x90, 0x00, 0x00, 0x0D, 0xFF, 0xFF, 0xF4, 0x7F, 0xFF,
    0xFF, 0x90, 0x00, 0x00, 0x6F, 0xFF, 0xFF, 0xF4, 0x6F, 0xFF, 0xFF, 0xF6, 0x11, 0x39, 0xFF, 0xFF,
    0xFF, 0xF4, 0x1E, 0xFF, 0xFF, 0xFF, 0xFF, 0xFF, 0xFF, 0xFF, 0xFF, 0xF4, 0x07, 0xFF, 0xFF, 0xFF,
    0xFF, 0xFF, 0xCB, 0xFF, 0xFF, 0xF4, 0x00, 0x8F, 0xFF, 0xFF, 0xFF, 0xFA, 0x1B, 0xFF, 0xFF, 0xF4,
    0x00, 0x03, 0x9D, 0xFE, 0xDA, 0x40, 0x0B, 0xFF, 0xFF, 0xF4, 0x00, 0x00, 0x0A, 0xFF, 0xF4, 0x01,
    0xFF, 0xFC, 0x00, 0x00, 0x00, 0x00, 0x0A, 0xFF, 0xF4, 0x01, 0xFF, 0xFC, 0x00, 0x00, 0x00, 0x00,
    0x0A, 0xFF, 0xF4, 0x01, 0xFF, 0xFC, 0x00, 0x00, 0x00, 0x00, 0x0A, 0xFF, 0xF4, 0x01, 0xFF, 0xFC,
    0x00, 0x00, 0x00, 0x00, 0x00, 0x00, 0x00, 0x00, 0x00, 0x00, 0x00, 0x00, 0x00, 0x00, 0x00, 0x00,
    0x00, 0x00, 0x00, 0x00, 0x00, 0x00, 0x00, 0x00, 0x00, 0x00, 0x00, 0x00, 0x00, 0x00, 0x00, 0x00,
    0x00, 0x14, 0x7A, 0xCD, 0xEF, 0xEE, 0xC9, 0x50, 0x00, 0x00, 0x00, 0xEF, 0xFF, 0xFF, 0xFF, 0xFF,
    0xFF, 0xFE, 0x50, 0x00, 0x00, 0xEF, 0xFF, 0xFF, 0xFF, 0xFF, 0xFF, 0xFF, 0xF7, 0x00, 0x00, 0xEF,
    0xFF, 0xFF, 0xFF, 0xFF, 0xFF, 0xFF, 0xFF, 0x30, 0x00, 0xEF, 0xB6, 0x31, 0x00, 0x26, 0xDF, 0xFF,
    0xFF, 0xA0, 0x00, 0xA3, 0x00, 0x00, 0x00, 0x00, 0x1E, 0xFF, 0xFF, 0xE0, 0x00, 0x00, 0x00, 0x00,
    0x00, 0x00, 0x0B, 0xFF, 0xFF, 0xF2, 0x00, 0x00, 0x59, 0xBD, 0xEF, 0xFF, 0xFF, 0xFF, 0xFF, 0xF3,
    0x00, 0x5D, 0xFF, 0xFF, 0xFF, 0xFF, 0xFF, 0xFF, 0xFF, 0xF4, 0x05, 0xFF, 0xFF, 0xFF, 0xFF, 0xFF,
    0xFF, 0xFF, 0xFF, 0xF4, 0x1E, 0xFF, 0xFF, 0xFF, 0xFF, 0xFF, 0xFF, 0xFF, 0xFF, 0xF4, 0x5F, 0xFF,
    0xFF, 0xF8, 0x31, 0x00, 0x0B, 0xFF, 0xFF, 0xF4, 0x7F, 0xFF, 0xFF, 0x90, 0x00, 0x00, 0x0D, 0xFF,
    0xFF, 0xF4, 0x7F, 0xFF, 0xFF, 0x90, 0x00, 0x00, 0x6F, 0xFF, 0xFF, 0xF4, 0x6F, 0xFF, 0xFF, 0xF6,
    0x11, 0x39, 0xFF, 0xFF, 0xFF, 0xF4, 0x1E, 0xFF, 0xFF, 0xFF, 0xFF, 0xFF, 0xFF, 0xFF, 0xFF, 0xF4,
    0x07, 0xFF, 0xFF, 0xFF, 0xFF, 0xFF, 0xCB, 0xFF, 0xFF, 0xF4, 0x00, 0x8F, 0xFF, 0xFF, 0xFF, 0xFA,
    0x1B, 0xFF, 0xFF, 0xF4, 0x00, 0x03, 0x9D, 0xFE, 0xDA, 0x40, 0x0B, 0xFF, 0xFF, 0xF4, 0x00, 0x00,
    0x00, 0x01, 0x8D, 0xFD, 0x92, 0x00, 0x00, 0x00, 0x00, 0x00, 0x00, 0x1C, 0xFF, 0xFF, 0xFE, 0x20,
    0x00, 0x00, 0x00, 0x00, 0x00, 0x9F, 0xFF, 0xFF, 0xFF, 0xC0, 0x00, 0x00, 0x00, 0x00, 0x00, 0xFF,
    0xD4, 0x03, 0xCF, 0xF3, 0x00, 0x00, 0x00, 0x00, 0x02, 0xFF, 0x70, 0x00, 0x5F, 0xF5, 0x00, 0x00,
    0x00, 0x00, 0x00, 0xFF, 0xD4, 0x03, 0xCF, 0xF3, 0x00, 0x00, 0x00, 0x00, 0x00, 0x9F, 0xFF, 0xFF,
    0xFF, 0xC0, 0x00, 0x00, 0x00, 0x00, 0x00, 0x1C, 0xFF, 0xFF, 0xFE, 0x20, 0x00, 0x00, 0x00, 0x00,
    0x00, 0x01, 0x8D, 0xFE, 0x92, 0x00, 0x00, 0x00, 0x00, 0x00, 0x00, 0x00, 0x00, 0x00, 0x00, 0x00,
    0x00, 0x00, 0x00, 0x00, 0x00, 0x00, 0x00, 0x00, 0x00, 0x00, 0x00, 0x00, 0x00, 0x14, 0x7A, 0xCD,
    0xEF, 0xEE, 0xC9, 0x50, 0x00, 0x00, 0x00, 0xEF, 0xFF, 0xFF, 0xFF, 0xFF, 0xFF, 0xFE, 0x50, 0x00,
    0x00, 0xEF, 0xFF, 0xFF, 0xFF, 0xFF, 0xFF, 0xFF, 0xF7, 0x00, 0x00, 0xEF, 0xFF, 0xFF, 0xFF, 0xFF,
    0xFF, 0xFF, 0xFF, 0x30, 0x00, 0xEF, 0xB6, 0x31, 0x00, 0x26, 0xDF, 0xFF, 0xFF, 0xA0, 0x00, 0xA3,
    0x00, 0x00, 0x00, 0x00, 0x1E, 0xFF, 0xFF, 0xE0, 0x00, 0x00, 0x00, 0x00, 0x00, 0x00, 0x0B, 0xFF,
    0xFF, 0xF2, 0x00, 0x00, 0x59, 0xBD, 0xEF, 0xFF, 0xFF, 0xFF, 0xFF, 0xF3, 0x00, 0x5D, 0xFF, 0xFF,
    0xFF, 0xFF, 0xFF, 0xFF, 0xFF, 0xF4, 0x05, 0xFF, 0xFF, 0xFF, 0xFF, 0xFF, 0xFF, 0xFF, 0xFF, 0xF4,
    0x1E, 0xFF, 0xFF, 0xFF, 0xFF, 0xFF, 0xFF, 0xFF, 0xFF, 0xF4, 0x5F, 0xFF, 0xFF, 0xF8, 0x31, 0x00,
    0x0B, 0xFF, 0xFF, 0xF4, 0x7F, 0xFF, 0xFF, 0x90, 0x00, 0x00, 0x0D, 0xFF, 0xFF, 0xF4, 0x7F, 0xFF,
    0xFF, 0x90, 0x00, 0x00, 0x6F, 0xFF, 0xFF, 0xF4, 0x6F, 0xFF, 0xFF, 0xF6, 0x11, 0x39, 0xFF, 0xFF,
    0xFF, 0xF4, 0x1E, 0xFF, 0xFF, 0xFF, 0xFF, 0xFF, 0xFF, 0xFF, 0xFF, 0xF4, 0x07, 0xFF, 0xFF, 0xFF,
    0xFF, 0xFF, 0xCB, 0xFF, 0xFF, 0xF4, 0x00, 0x8F, 0xFF, 0xFF, 0xFF, 0xFA, 0x1B, 0xFF, 0xFF, 0xF4,
    0x00, 0x03, 0x9D, 0xFE, 0xDA, 0x40, 0x0B, 0xFF, 0xFF, 0xF4, 0x00, 0x14, 0x7A, 0xCE, 0xFF, 0xEC,
    0x94, 0x00, 0x00, 0x02, 0x8C, 0xEF, 0xEC, 0x83, 0x00, 0x00, 0x00, 0x00, 0xEF, 0xFF, 0xFF, 0xFF,
    0xFF, 0xFF, 0xC3, 0x01, 0x9F, 0xFF, 0xFF, 0xFF, 0xFF, 0xB2, 0x00, 0x00, 0x00, 0xEF, 0xFF, 0xFF,
    0xFF, 0xFF, 0xFF, 0xFE, 0x4C, 0xFF, 0xFF, 0xFF, 0xFF, 0xFF, 0xFE, 0x30, 0x00, 0x00, 0xEF, 0xFF,
    0xFF, 0xFF, 0xFF, 0xFF, 0xFF, 0xFF, 0xFF, 0xFF, 0xFF, 0xFF, 0xFF, 0xFF, 0xE2, 0x00, 0x00, 0xEF,
    0xB6, 0x31, 0x00, 0x26, 0xDF, 0xFF, 0xFF, 0xFF, 0xC5, 0x21, 0x39, 0xFF, 0xFF, 0xFB, 0x00, 0x00,
    0xA3, 0x00, 0x00, 0x00, 0x00, 0x1E, 0xFF, 0xFF, 0xFD, 0x10, 0x00, 0x00, 0x9F, 0xFF, 0xFF, 0x30,
    0x00, 0x00, 0x00, 0x00, 0x00, 0x00, 0x0B, 0xFF, 0xFF, 0xF6, 0x00, 0x00, 0x00, 0x3F, 0xFF, 0xFF,
    0x80, 0x00, 0x00, 0x59, 0xBD, 0xEF, 0xFF, 0xFF, 0xFF, 0xFF, 0xFF, 0xFF, 0xFF, 0xFF, 0xFF, 0xFF,
    0xFF, 0xC0, 0x00, 0x5D, 0xFF, 0xFF, 0xFF, 0xFF, 0xFF, 0xFF, 0xFF, 0xFF, 0xFF, 0xFF, 0xFF, 0xFF,
    0xFF, 0xFF, 0xE0, 0x05, 0xFF, 0xFF, 0xFF, 0xFF, 0xFF, 0xFF, 0xFF, 0xFF, 0xFF, 0xFF, 0xFF, 0xFF,
    0xFF, 0xFF, 0xFF, 0xF0, 0x1E, 0xFF, 0xFF, 0xFF, 0xFF, 0xFF, 0xFF, 0xFF, 0xFF, 0xFF, 0xFF, 0xFF,
    0xFF, 0xFF, 0xFF, 0xFF, 0xF0, 0x5F, 0xFF, 0xFF, 0xF8, 0x31, 0x00, 0x0C, 0xFF, 0xFF, 0xF3, 0x00,
    0x00, 0x00, 0x00, 0x00, 0x00, 0x00, 0x7F, 0xFF, 0xFF, 0x90, 0x00, 0x00, 0x1E, 0xFF, 0xFF, 0xF8,
    0x00, 0x00, 0x00, 0x00, 0x00, 0x00, 0x00, 0x7F, 0xFF, 0xFF, 0x90, 0x00, 0x00, 0x9F, 0xFF, 0xFF,
    0xFE, 0x30, 0x00, 0x00, 0x00, 0x00, 0x5B, 0x20, 0x6F, 0xFF, 0xFF, 0xF6, 0x10, 0x3A, 0xFF, 0xFF,
    0xFF, 0xFF, 0xE8, 0x31, 0x01, 0x36, 0x9E, 0xFF, 0x20, 0x1F, 0xFF, 0xFF, 0xFF, 0xFF, 0xFF, 0xFF,
    0xFF, 0xFF, 0xFF, 0xFF, 0xFF, 0xFF, 0xFF, 0xFF, 0xFF, 0x20, 0x07, 0xFF, 0xFF, 0xFF, 0xFF, 0xFF,
    0xFF, 0x75, 0xFF, 0xFF, 0xFF, 0xFF, 0xFF, 0xFF, 0xFF, 0xFF, 0x20, 0x00, 0x8F, 0xFF, 0xFF, 0xFF,
    0xFF, 0xC4, 0x00, 0x3B, 0xFF, 0xFF, 0xFF, 0xFF, 0xFF, 0xFF, 0xFF, 0x20, 0x00, 0x02, 0x8C, 0xEF,
    0xEC, 0x94, 0x00, 0x00, 0x00, 0x37, 0xBD, 0xEF, 0xED, 0xDC, 0xA7, 0x42, 0x00, 0x00, 0x00, 0x00,
    0x48, 0xCD, 0xEF, 0xDC, 0x95, 0x10, 0x00, 0x00, 0x5D, 0xFF, 0xFF, 0xFF, 0xFF, 0xFF, 0xD0, 0x00,
    0x09, 0xFF, 0xFF, 0xFF, 0xFF, 0xFF, 0xFF, 0xD0, 0x00, 0x9F, 0xFF, 0xFF, 0xFF, 0xFF, 0xFF, 0xFF,
    0xD0, 0x04, 0xFF, 0xFF, 0xFF, 0xE7, 0x20, 0x13, 0x8E, 0xD0, 0x0C, 0xFF, 0xFF, 0xFE, 0x20, 0x00,
    0x00, 0x01, 0x90, 0x2F, 0xFF, 0xFF, 0xF5, 0x00, 0x00, 0x00, 0x00, 0x00, 0x5F, 0xFF, 0xFF, 0xE0,
    0x00, 0x00, 0x00, 0x00, 0x00, 0x7F, 0xFF, 0xFF, 0xB0, 0x00, 0x00, 0x00, 0x00, 0x00, 0x8F, 0xFF,
    0xFF, 0xA0, 0x00, 0x00, 0x00, 0x00, 0x00, 0x7F, 0xFF, 0xFF, 0xB0, 0x00, 0x00, 0x00, 0x00, 0x00,
    0x5F, 0xFF, 0xFF, 0xE0, 0x00, 0x00, 0x00, 0x00, 0x00, 0x2F, 0xFF, 0xFF, 0xF5, 0x00, 0x00, 0x00,
    0x00, 0x00, 0x0C, 0xFF, 0xFF, 0xFE, 0x20, 0x00, 0x00, 0x01, 0x90, 0x04, 0xFF, 0xFF, 0xFF, 0xE7,
    0x20, 0x13, 0x8E, 0xD0, 0x00, 0x9F, 0xFF, 0xFF, 0xFF, 0xFF, 0xFF, 0xFF, 0xD0, 0x00, 0x09, 0xFF,
    0xFF, 0xFF, 0xFF, 0xFF, 0xFF, 0xD0, 0x00, 0x00, 0x5D, 0xFF, 0xFF, 0xFF, 0xFF, 0xFF, 0xD0, 0x00,
    0x00, 0x00, 0x48, 0xCD, 0xEF, 0xDC, 0x96, 0x20, 0x00, 0x00, 0x00, 0x00, 0x01, 0xEF, 0x70, 0x00,
    0x00, 0x00, 0x00, 0x00, 0x00, 0x00, 0x6F, 0xF3, 0x00, 0x00, 0x00, 0x00, 0x00, 0x00, 0x00, 0x0E,
    0xFA, 0x00, 0x00, 0x00, 0x00, 0x00, 0x00, 0x00, 0x0D, 0xFD, 0x00, 0x00, 0x00, 0x00, 0x00, 0x76,
    0x21, 0x6F, 0xFD, 0x00, 0x00, 0x00, 0x00, 0x00, 0x9F, 0xFF, 0xFF, 0xF7, 0x00, 0x00, 0x00, 0x00,
    0x00, 0x9F, 0xFF, 0xEC, 0x70, 0x00, 0x00, 0x00, 0x00, 0x5F, 0xFF, 0xF4, 0x00, 0x00, 0x00, 0x00,
    0x00, 0x00, 0x00, 0x00, 0x05, 0xFF, 0xFE, 0x20, 0x00, 0x00, 0x00, 0x00, 0x00, 0x00, 0x00, 0x00,
    0x5F, 0xFF, 0xC0, 0x00, 0x00, 0x00, 0x00, 0x00, 0x00, 0x00, 0x00, 0x04, 0xFF, 0xF9, 0x00, 0x00,
    0x00, 0x00, 0x00, 0x00, 0x00, 0x00, 0x00, 0x4E, 0xFF, 0x60, 0x00, 0x00, 0x00, 0x00, 0x00, 0x00,
    0x00, 0x00, 0x04, 0xEF, 0xE3, 0x00, 0x00, 0x00, 0x00, 0x00, 0x00, 0x00, 0x00, 0x00, 0x00, 0x00,
    0x00, 0x00, 0x00, 0x00, 0x00, 0x00, 0x00, 0x00, 0x00, 0x00, 0x00, 0x00, 0x00, 0x00, 0x00, 0x00,
    0x00, 0x00, 0x59, 0xCE, 0xFE, 0xDA, 0x61, 0x00, 0x00, 0x00, 0x00, 0x00, 0x6D, 0xFF, 0xFF, 0xFF,
    0xFF, 0xFE, 0x70, 0x00, 0x00, 0x00, 0x0A, 0xFF, 0xFF, 0xFF, 0xFF, 0xFF, 0xFF, 0xFB, 0x00, 0x00,
    0x00, 0x9F, 0xFF, 0xFF, 0xFF, 0xFF, 0xFF, 0xFF, 0xFF, 0x90, 0x00, 0x04, 0xFF, 0xFF, 0xFE, 0x82,
    0x12, 0x6E, 0xFF, 0xFF, 0xF4, 0x00, 0x0C, 0xFF, 0xFF, 0xF4, 0x00, 0x00, 0x03, 0xFF, 0xFF, 0xFC,
    0x00, 0x2F, 0xFF, 0xFF, 0xC0, 0x00, 0x00, 0x00, 0xCF, 0xFF, 0xFF, 0x10, 0x5F, 0xFF, 0xFF, 0xFF,
    0xFF, 0xFF, 0xFF, 0xFF, 0xFF, 0xFF, 0x40, 0x7F, 0xFF, 0xFF, 0xFF, 0xFF, 0xFF, 0xFF, 0xFF, 0xFF,
    0xFF, 0x50, 0x8F, 0xFF, 0xFF, 0xFF, 0xFF, 0xFF, 0xFF, 0xFF, 0xFF, 0xFF, 0x60, 0x7F, 0xFF, 0xFF,
    0xFF, 0xFF, 0xFF, 0xFF, 0xFF, 0xFF, 0xFF, 0x60, 0x5F, 0xFF, 0xFF, 0x90, 0x00, 0x00, 0x00, 0x00,
    0x00, 0x00, 0x00, 0x2F, 0xFF, 0xFF, 0xD0, 0x00, 0x00, 0x00, 0x00, 0x00, 0x00, 0x00, 0x0C, 0xFF,
    0xFF, 0xF8, 0x00, 0x00, 0x00, 0x00, 0x02, 0x87, 0x00, 0x04, 0xFF, 0xFF, 0xFF, 0xB4, 0x10, 0x12,
    0x58, 0xCF, 0xF8, 0x00, 0x00, 0x9F, 0xFF, 0xFF, 0xFF, 0xFF, 0xFF, 0xFF, 0xFF, 0xF8, 0x00, 0x00,
    0x0A, 0xFF, 0xFF, 0xFF, 0xFF, 0xFF, 0xFF, 0xFF, 0xF8, 0x00, 0x00, 0x00, 0x6D, 0xFF, 0xFF, 0xFF,
    0xFF, 0xFF, 0xFF, 0xF8, 0x00, 0x00, 0x00, 0x00, 0x59, 0xCD, 0xEF, 0xED, 0xCB, 0x85, 0x30, 0x00,
    0x00, 0x00, 0x00, 0x00, 0x00, 0x00, 0x2E, 0xFF, 0xF8, 0x00, 0x00, 0x00, 0x00, 0x00, 0x00, 0x00,
    0x00, 0xCF, 0xFF, 0x80, 0x00, 0x00, 0x00, 0x00, 0x00, 0x00, 0x00, 0x09, 0xFF, 0xF7, 0x00, 0x00,
    0x00, 0x00, 0x00, 0x00, 0x00, 0x00, 0x6F, 0xFF, 0x70, 0x00, 0x00, 0x00, 0x00, 0x00, 0x00, 0x00,
    0x03, 0xFF, 0xF7, 0x00, 0x00, 0x00, 0x00, 0x00, 0x00, 0x00, 0x00, 0x1D, 0xFF, 0x70, 0x00, 0x00,
    0x00, 0x00, 0x00, 0x00, 0x00, 0x00, 0x00, 0x00, 0x00, 0x00, 0x00, 0x00, 0x00, 0x00, 0x00, 0x00,
    0x00, 0x00, 0x00, 0x00, 0x00, 0x00, 0x00, 0x00, 0x00, 0x00, 0x00, 0x59, 0xCE, 0xFE, 0xDA, 0x61,
    0x00, 0x00, 0x00, 0x00, 0x00, 0x6D, 0xFF, 0xFF, 0xFF, 0xFF, 0xFE, 0x70, 0x00, 0x00, 0x00, 0x0A,
    0xFF, 0xFF, 0xFF, 0xFF, 0xFF, 0xFF, 0xFB, 0x00, 0x00, 0x00, 0x9F, 0xFF, 0xFF, 0xFF, 0xFF, 0xFF,
    0xFF, 0xFF, 0x90, 0x00, 0x04, 0xFF, 0xFF, 0xFE, 0x82, 0x12, 0x6E, 0xFF, 0xFF, 0xF4, 0x00, 0x0C,
    0xFF, 0xFF, 0xF4, 0x00, 0x00, 0x03, 0xFF, 0xFF, 0xFC, 0x00, 0x2F, 0xFF, 0xFF, 0xC0, 0x00, 0x00,
    0x00, 0xCF, 0xFF, 0xFF, 0x10, 0x5F, 0xFF, 0xFF, 0xFF, 0xFF, 0xFF, 0xFF, 0xFF, 0xFF, 0xFF, 0x40,
    0x7F, 0xFF, 0xFF, 0xFF, 0xFF, 0xFF, 0xFF, 0xFF, 0xFF, 0xFF, 0x50, 0x8F, 0xFF, 0xFF, 0xFF, 0xFF,
    0xFF, 0xFF, 0xFF, 0xFF, 0xFF, 0x60, 0x7F, 0xFF, 0xFF, 0xFF, 0xFF, 0xFF, 0xFF, 0xFF, 0xFF, 0xFF,
    0x60, 0x5F, 0xFF, 0xFF, 0x90, 0x00, 0x00, 0x00, 0x00, 0x00, 0x00, 0x00, 0x2F, 0xFF, 0xFF, 0xD0,
    0x00, 0x00, 0x00, 0x00, 0x00, 0x00, 0x00, 0x0C, 0xFF, 0xFF, 0xF8, 0x00, 0x00, 0x00, 0x00, 0x02,
    0x87, 0x00, 0x04, 0xFF, 0xFF, 0xFF, 0xB4, 0x10, 0x12, 0x58, 0xCF, 0xF8, 0x00, 0x00, 0x9F, 0xFF,
    0xFF, 0xFF, 0xFF, 0xFF, 0xFF, 0xFF, 0xF8, 0x00, 0x00, 0x0A, 0xFF, 0xFF, 0xFF, 0xFF, 0xFF, 0xFF,
    0xFF, 0xF8, 0x00, 0x00, 0x00, 0x6D, 0xFF, 0xFF, 0xFF, 0xFF, 0xFF, 0xFF, 0xF8, 0x00, 0x00, 0x00,
    0x00, 0x59, 0xCD, 0xEF, 0xED, 0xCB, 0x85, 0x30, 0x00, 0x00, 0x00, 0x00, 0x00, 0x4F, 0xFF, 0xF7,
    0x00, 0x00, 0x00, 0x00, 0x00, 0x00, 0x00, 0x01, 0xDF, 0xFF, 0xFF, 0x30, 0x00, 0x00, 0x00, 0x00,
    0x00, 0x00, 0x0A, 0xFF, 0xDC, 0xFF, 0xD1, 0x00, 0x00, 0x00, 0x00, 0x00, 0x00, 0x6F, 0xFE, 0x31,
    0xCF, 0xF9, 0x00, 0x00, 0x00, 0x00, 0x00, 0x02, 0xEF, 0xE3, 0x00, 0x1D, 0xFF, 0x50, 0x00, 0x00,
    0x00, 0x00, 0x0C, 0xFF, 0x40, 0x00, 0x02, 0xEF, 0xE1, 0x00, 0x00, 0x00, 0x00, 0x00, 0x00, 0x00,
    0x00, 0x00, 0x00, 0x00, 0x00, 0x00, 0x00, 0x00, 0x00, 0x00, 0x00, 0x00, 0x00, 0x00, 0x00, 0x00,
    0x00, 0x00, 0x00, 0x00, 0x59, 0xCE, 0xFE, 0xDA, 0x61, 0x00, 0x00, 0x00, 0x00, 0x00, 0x6D, 0xFF,
    0xFF, 0xFF, 0xFF, 0xFE, 0x70, 0x00, 0x00, 0x00, 0x0A, 0xFF, 0xFF, 0xFF, 0xFF, 0xFF, 0xFF, 0xFB,
    0x00, 0x00, 0x00, 0x9F, 0xFF, 0xFF, 0xFF, 0xFF, 0xFF, 0xFF, 0xFF, 0x90, 0x00, 0x04, 0xFF, 0xFF,
    0xFE, 0x82, 0x12, 0x6E, 0xFF, 0xFF, 0xF4, 0x00, 0x0C, 0xFF, 0xFF, 0xF4, 0x00, 0x00, 0x03, 0xFF,
    0xFF, 0xFC, 0x00, 0x2F, 0xFF, 0xFF, 0xC0, 0x00, 0x00, 0x00, 0xCF, 0xFF, 0xFF, 0x10, 0x5F, 0xFF,
    0xFF, 0xFF, 0xFF, 0xFF, 0xFF, 0xFF, 0xFF, 0xFF, 0x40, 0x7F, 0xFF, 0xFF, 0xFF, 0xFF, 0xFF, 0xFF,
    0xFF, 0xFF, 0xFF, 0x50, 0x8F, 0xFF, 0xFF, 0xFF, 0xFF, 0xFF, 0xFF, 0xFF, 0xFF, 0xFF, 0x60, 0x7F,
    0xFF, 0xFF, 0xFF, 0xFF, 0xFF, 0xFF, 0xFF, 0xFF, 0xFF, 0x60, 0x5F, 0xFF, 0xFF, 0x90, 0x00, 0x00,
    0x00, 0x00, 0x00, 0x00, 0x00, 0x2F, 0xFF, 0xFF, 0xD0, 0x00, 0x00, 0x00, 0x00, 0x00, 0x00, 0x00,
    0x0C, 0xFF, 0xFF, 0xF8, 0x00, 0x00, 0x00, 0x00, 0x02, 0x87, 0x00, 0x04, 0xFF, 0xFF, 0xFF, 0xB4,
    0x10, 0x12, 0x58, 0xCF, 0xF8, 0x00, 0x00, 0x9F, 0xFF, 0xFF, 0xFF, 0xFF, 0xFF, 0xFF, 0xFF, 0xF8,
    0x00, 0x00, 0x0A, 0xFF, 0xFF, 0xFF, 0xFF, 0xFF, 0xFF, 0xFF, 0xF8, 0x00, 0x00, 0x00, 0x6D, 0xFF,
    0xFF, 0xFF, 0xFF, 0xFF, 0xFF, 0xF8, 0x00, 0x00, 0x00, 0x00, 0x59, 0xCD, 0xEF, 0xED, 0xCB, 0x85,
    0x30, 0x00, 0x00, 0x00, 0x02, 0xFF, 0xFC, 0x00, 0x8F, 0xFF, 0x50, 0x00, 0x00, 0x00, 0x00, 0x02,
    0xFF, 0xFC, 0x00, 0x8F, 0xFF, 0x50, 0x00, 0x00, 0x00, 0x00, 0x02, 0xFF, 0xFC, 0x00, 0x8F, 0xFF,
    0x50, 0x00, 0x00, 0x00, 0x00, 0x02, 0xFF, 0xFC, 0x00, 0x8F, 0xFF, 0x50, 0x00, 0x00, 0x00, 0x00,
    0x00, 0x00, 0x00, 0x00, 0x00, 0x00, 0x00, 0x00, 0x00, 0x00, 0x00, 0x00, 0x00, 0x00, 0x00, 0x00,
    0x00, 0x00, 0x00, 0x00, 0x00, 0x00, 0x00, 0x00, 0x00, 0x00, 0x00, 0x00, 0x00, 0x00, 0x00, 0x00,
    0x00, 0x00, 0x59, 0xCE, 0xFE, 0xDA, 0x61, 0x00, 0x00, 0x00, 0x00, 0x00, 0x6D, 0xFF, 0xFF, 0xFF,
    0xFF, 0xFE, 0x70, 0x00, 0x00, 0x00, 0x0A, 0xFF, 0xFF, 0xFF, 0xFF, 0xFF, 0xFF, 0xFB, 0x00, 0x00,
    0x00, 0x9F, 0xFF, 0xFF, 0xFF, 0xFF, 0xFF, 0xFF, 0xFF, 0x90, 0x00, 0x04, 0xFF, 0xFF, 0xFE, 0x82,
    0x12, 0x6E, 0xFF, 0xFF, 0xF4, 0x00, 0x0C, 0xFF, 0xFF, 0xF4, 0x00, 0x00, 0x03, 0xFF, 0xFF, 0xFC,
    0x00, 0x2F, 0xFF, 0xFF, 0xC0, 0x00, 0x00, 0x00, 0xCF, 0xFF, 0xFF, 0x10, 0x5F, 0xFF, 0xFF, 0xFF,
    0xFF, 0xFF, 0xFF, 0xFF, 0xFF, 0xFF, 0x40, 0x7F, 0xFF, 0xFF, 0xFF, 0xFF, 0xFF, 0xFF, 0xFF, 0xFF,
    0xFF, 0x50, 0x8F, 0xFF, 0xFF, 0xFF, 0xFF, 0xFF, 0xFF, 0xFF, 0xFF, 0xFF, 0x60, 0x7F, 0xFF, 0xFF,
    0xFF, 0xFF, 0xFF, 0xFF, 0xFF, 0xFF, 0xFF, 0x60, 0x5F, 0xFF, 0xFF, 0x90, 0x00, 0x00, 0x00, 0x00,
    0x00, 0x00, 0x00, 0x2F, 0xFF, 0xFF, 0xD0, 0x00, 0x00, 0x00, 0x00, 0x00, 0x00, 0x00, 0x0C, 0xFF,
    0xFF, 0xF8, 0x00, 0x00, 0x00, 0x00, 0x02, 0x87, 0x00, 0x04, 0xFF, 0xFF, 0xFF, 0xB4, 0x10, 0x12,
    0x58, 0xCF, 0xF8, 0x00, 0x00, 0x9F, 0xFF, 0xFF, 0xFF, 0xFF, 0xFF, 0xFF, 0xFF, 0xF8, 0x00, 0x00,
    0x0A, 0xFF, 0xFF, 0xFF, 0xFF, 0xFF, 0xFF, 0xFF, 0xF8, 0x00, 0x00, 0x00, 0x6D, 0xFF, 0xFF, 0xFF,
    0xFF, 0xFF, 0xFF, 0xF8, 0x00, 0x00, 0x00, 0x00, 0x59, 0xCD, 0xEF, 0xED, 0xCB, 0x85, 0x30, 0x00,
    0x4E, 0xFF, 0xF6, 0x00, 0x00, 0x04, 0xEF, 0xFE, 0x30, 0x00, 0x00, 0x3E, 0xFF, 0xD1, 0x00, 0x00,
    0x03, 0xEF, 0xFB, 0x00, 0x00, 0x00, 0x3E, 0xFF, 0x70, 0x00, 0x00, 0x03, 0xEF, 0xF4, 0x00, 0x00,
    0x00, 0x00, 0x00, 0x00, 0x00, 0x00, 0x00, 0x00, 0x00, 0x02, 0xFF, 0xFF, 0xFC, 0x00, 0x02, 0xFF,
    0xFF, 0xFC, 0x00, 0x02, 0xFF, 0xFF, 0xFC, 0x00, 0x02, 0xFF, 0xFF, 0xFC, 0x00, 0x02, 0xFF, 0xFF,
    0xFC, 0x00, 0x02, 0xFF, 0xFF, 0xFC, 0x00, 0x02, 0xFF, 0xFF, 0xFC, 0x00, 0x02, 0xFF, 0xFF, 0xFC,
    0x00, 0x02, 0xFF, 0xFF, 0xFC, 0x00, 0x02, 0xFF, 0xFF, 0xFC, 0x00, 0x02, 0xFF, 0xFF, 0xFC, 0x00,
    0x02, 0xFF, 0xFF, 0xFC, 0x00, 0x02, 0xFF, 0xFF, 0xFC, 0x00, 0x02, 0xFF, 0xFF, 0xFC, 0x00, 0x02,
    0xFF, 0xFF, 0xFC, 0x00, 0x02, 0xFF, 0xFF, 0xFC, 0x00, 0x02, 0xFF, 0xFF, 0xFC, 0x00, 0x02, 0xFF,
    0xFF, 0xFC, 0x00, 0x02, 0xFF, 0xFF, 0xFC, 0x00, 0x00, 0x01, 0xDF, 0xFF, 0xA0, 0x00, 0x00, 0x0B,
    0xFF, 0xF9, 0x00, 0x00, 0x00, 0x7F, 0xFF, 0x90, 0x00, 0x00, 0x04, 0xFF, 0xF9, 0x00, 0x00, 0x00,
    0x2E, 0xFF, 0x80, 0x00, 0x00, 0x00, 0xCF, 0xF8, 0x00, 0x00, 0x00, 0x00, 0x00, 0x00, 0x00, 0x00,
    0x00, 0x00, 0x00, 0x00, 0x00, 0x00, 0x00, 0x2F, 0xFF, 0xFF, 0xC0, 0x00, 0x00, 0x2F, 0xFF, 0xFF,
    0xC0, 0x00, 0x00, 0x2F, 0xFF, 0xFF, 0xC0, 0x00, 0x00, 0x2F, 0xFF, 0xFF, 0xC0, 0x00, 0x00, 0x2F,
    0xFF, 0xFF, 0xC0, 0x00, 0x00, 0x2F, 0xFF, 0xFF, 0xC0, 0x00, 0x00, 0x2F, 0xFF, 0xFF, 0xC0, 0x00,
    0x00, 0x2F, 0xFF, 0xFF, 0xC0, 0x00, 0x00, 0x2F, 0xFF, 0xFF, 0xC0, 0x00, 0x00, 0x2F, 0xFF, 0xFF,
    0xC0, 0x00, 0x00, 0x2F, 0xFF, 0xFF, 0xC0, 0x00, 0x00, 0x2F, 0xFF, 0xFF, 0xC0, 0x00, 0x00, 0x2F,
    0xFF, 0xFF, 0xC0, 0x00, 0x00, 0x2F, 0xFF, 0xFF, 0xC0, 0x00, 0x00, 0x2F, 0xFF, 0xFF, 0xC0, 0x00,
    0x00, 0x2F, 0xFF, 0xFF, 0xC0, 0x00, 0x00, 0x2F, 0xFF, 0xFF, 0xC0, 0x00, 0x00, 0x2F, 0xFF, 0xFF,
    0xC0, 0x00, 0x00, 0x2F, 0xFF, 0xFF, 0xC0, 0x00, 0x00, 0x00, 0x00, 0x8F, 0xFF, 0xF3, 0x00, 0x00,
    0x00, 0x04, 0xFF, 0xFF, 0xFD, 0x10, 0x00, 0x00, 0x1D, 0xFF, 0xBE, 0xFF, 0x90, 0x00, 0x00, 0xAF,
    0xFB, 0x13, 0xEF, 0xF5, 0x00, 0x06, 0xFF, 0xC1, 0x00, 0x4F, 0xFE, 0x10, 0x2E, 0xFD, 0x10, 0x00,
    0x05, 0xFF, 0xB0, 0x00, 0x00, 0x00, 0x00, 0x00, 0x00, 0x00, 0x00, 0x00, 0x00, 0x00, 0x00, 0x00,
    0x00, 0x00, 0x02, 0xFF, 0xFF, 0xFC, 0x00, 0x00, 0x00, 0x02, 0xFF, 0xFF, 0xFC, 0x00, 0x00, 0x00,
    0x02, 0xFF, 0xFF, 0xFC, 0x00, 0x00, 0x00, 0x02, 0xFF, 0xFF, 0xFC, 0x00, 0x00, 0x00, 0x02, 0xFF,
    0xFF, 0xFC, 0x00, 0x00, 0x00, 0x02, 0xFF, 0xFF, 0xFC, 0x00, 0x00, 0x00, 0x02, 0xFF, 0xFF, 0xFC,
    0x00, 0x00, 0x00, 0x02, 0xFF, 0xFF, 0xFC, 0x00, 0x00, 0x00, 0x02, 0xFF, 0xFF, 0xFC, 0x00, 0x00,
    0x00, 0x02, 0xFF, 0xFF, 0xFC, 0x00, 0x00, 0x00, 0x02, 0xFF, 0xFF, 0xFC, 0x00, 0x00, 0x00, 0x02,
    0xFF, 0xFF, 0xFC, 0x00, 0x00, 0x00, 0x02, 0xFF, 0xFF, 0xFC, 0x00, 0x00, 0x00, 0x02, 0xFF, 0xFF,
    0xFC, 0x00, 0x00, 0x00, 0x02, 0xFF, 0xFF, 0xFC, 0x00, 0x00, 0x00, 0x02, 0xFF, 0xFF, 0xFC, 0x00,
    0x00, 0x00, 0x02, 0xFF, 0xFF, 0xFC, 0x00, 0x00, 0x00, 0x02, 0xFF, 0xFF, 0xFC, 0x00, 0x00, 0x00,
    0x02, 0xFF, 0xFF, 0xFC, 0x00, 0x00, 0x6F, 0xFF, 0x70, 0x0D, 0xFF, 0xF1, 0x6F, 0xFF, 0x70, 0x0D,
    0xFF, 0xF1, 0x6F, 0xFF, 0x70, 0x0D, 0xFF, 0xF1, 0x6F, 0xFF, 0x70, 0x0D, 0xFF, 0xF1, 0x00, 0x00,
    0x00, 0x00, 0x00, 0x00, 0x00, 0x00, 0x00, 0x00, 0x00, 0x00, 0x00, 0x00, 0x00, 0x00, 0x00, 0x00,
    0x00, 0x2F, 0xFF, 0xFF, 0xC0, 0x00, 0x00, 0x2F, 0xFF, 0xFF, 0xC0, 0x00, 0x00, 0x2F, 0xFF, 0xFF,
    0xC0, 0x00, 0x00, 0x2F, 0xFF, 0xFF, 0xC0, 0x00, 0x00, 0x2F, 0xFF, 0xFF, 0xC0, 0x00, 0x00, 0x2F,
    0xFF, 0xFF, 0xC0, 0x00, 0x00, 0x2F, 0xFF, 0xFF, 0xC0, 0x00, 0x00, 0x2F, 0xFF, 0xFF, 0xC0, 0x00,
    0x00, 0x2F, 0xFF, 0xFF, 0xC0, 0x00, 0x00, 0x2F, 0xFF, 0xFF, 0xC0, 0x00, 0x00, 0x2F, 0xFF, 0xFF,
    0xC0, 0x00, 0x00, 0x2F, 0xFF, 0xFF, 0xC0, 0x00, 0x00, 0x2F, 0xFF, 0xFF, 0xC0, 0x00, 0x00, 0x2F,
    0xFF, 0xFF, 0xC0, 0x00, 0x00, 0x2F, 0xFF, 0xFF, 0xC0, 0x00, 0x00, 0x2F, 0xFF, 0xFF, 0xC0, 0x00,
    0x00, 0x2F, 0xFF, 0xFF, 0xC0, 0x00, 0x00, 0x2F, 0xFF, 0xFF, 0xC0, 0x00, 0x00, 0x2F, 0xFF, 0xFF,
    0xC0, 0x00, 0x00, 0x00, 0x2D, 0xFF, 0xFF, 0xC1, 0x00, 0x02, 0x6A, 0x80, 0x00, 0x00, 0x00, 0x02,
    0xDF, 0xFF, 0xFC, 0x48, 0xCF, 0xFF, 0xD0, 0x00, 0x00, 0x00, 0x00, 0x2E, 0xFF, 0xFF, 0xFF, 0xFF,
    0xD8, 0x40, 0x00, 0x00, 0x00, 0x02, 0x6C, 0xFF, 0xFF, 0xFF, 0x62, 0x00, 0x00, 0x00, 0x00, 0x28,
    0xCF, 0xFF, 0xFF, 0xFF, 0xFF, 0x90, 0x00, 0x00, 0x00, 0x00, 0x4F, 0xFF, 0xC8, 0x33, 0xEF, 0xFF,
    0xF8, 0x00, 0x00, 0x00, 0x00, 0x0A, 0x62, 0x00, 0x00, 0x4F, 0xFF, 0xFF, 0x70, 0x00, 0x00, 0x00,
    0x00, 0x00, 0x00, 0x00, 0x05, 0xFF, 0xFF, 0xF6, 0x00, 0x00, 0x00, 0x00, 0x04, 0x9C, 0xEF, 0xEC,
    0xEF, 0xFF, 0xFF, 0x30, 0x00, 0x00, 0x03, 0xCF, 0xFF, 0xFF, 0xFF, 0xFF, 0xFF, 0xFF, 0xD0, 0x00,
    0x00, 0x5F, 0xFF, 0xFF, 0xFF, 0xFF, 0xFF, 0xFF, 0xFF, 0xF7, 0x00, 0x03, 0xFF, 0xFF, 0xFF, 0xFF,
    0xFF, 0xFF, 0xFF, 0xFF, 0xFE, 0x00, 0x0B, 0xFF, 0xFF, 0xFF, 0x82, 0x02, 0x4A, 0xFF, 0xFF, 0xFF,
    0x40, 0x2F, 0xFF, 0xFF, 0xF7, 0x00, 0x00, 0x00, 0x9F, 0xFF, 0xFF, 0x80, 0x5F, 0xFF, 0xFF, 0xE0,
    0x00, 0x00, 0x00, 0x7F, 0xFF, 0xFF, 0xB0, 0x7F, 0xFF, 0xFF, 0xB0, 0x00, 0x00, 0x00, 0x5F, 0xFF,
    0xFF, 0xC0, 0x8F, 0xFF, 0xFF, 0xA0, 0x00, 0x00, 0x00, 0x5F, 0xFF, 0xFF, 0xD0, 0x7F, 0xFF, 0xFF,
    0xB0, 0x00, 0x00, 0x00, 0x6F, 0xFF, 0xFF, 0xC0, 0x5F, 0xFF, 0xFF, 0xD0, 0x00, 0x00, 0x00, 0x8F,
    0xFF, 0xFF, 0xA0, 0x1F, 0xFF, 0xFF, 0xF3, 0x00, 0x00, 0x00, 0xDF, 0xFF, 0xFF, 0x60, 0x0B, 0xFF,
    0xFF, 0xFB, 0x00, 0x00, 0x06, 0xFF, 0xFF, 0xFF, 0x20, 0x04, 0xFF, 0xFF, 0xFF, 0xB3, 0x01, 0x7F,
    0xFF, 0xFF, 0xF9, 0x00, 0x00, 0x9F, 0xFF, 0xFF, 0xFF, 0xFF, 0xFF, 0xFF, 0xFF, 0xD1, 0x00, 0x00,
    0x0A, 0xFF, 0xFF, 0xFF, 0xFF, 0xFF, 0xFF, 0xFD, 0x20, 0x00, 0x00, 0x00, 0x6E, 0xFF, 0xFF, 0xFF,
    0xFF, 0xFF, 0xA1, 0x00, 0x00, 0x00, 0x00, 0x00, 0x59, 0xCE, 0xFE, 0xDB, 0x72, 0x00, 0x00, 0x00,
    0x00, 0x00, 0x00, 0x8E, 0xE9, 0x20, 0x01, 0xFF, 0x40, 0x00, 0x00, 0x00, 0x08, 0xFF, 0xFF, 0xF7,
    0x16, 0xFF, 0x30, 0x00, 0x00, 0x00, 0x0E, 0xFF, 0xFF, 0xFF, 0xFF, 0xFE, 0x00, 0x00, 0x00, 0x00,
    0x2F, 0xF7, 0x17, 0xEF, 0xFF, 0xF8, 0x00, 0x00, 0x00, 0x00, 0x4F, 0xF1, 0x00, 0x2A, 0xEE, 0x90,
    0x00, 0x00, 0x00, 0x00, 0x00, 0x00, 0x00, 0x00, 0x00, 0x00, 0x00, 0x00, 0x00, 0x00, 0x00, 0x00,
    0x00, 0x00, 0x00, 0x00, 0x00, 0x00, 0x00, 0x00, 0x00, 0x00, 0x00, 0x00, 0x00, 0x00, 0x00, 0x00,
    0x2F, 0xFF, 0xFF, 0xC0, 0x03, 0x8D, 0xEE, 0xD9, 0x20, 0x00, 0x2F, 0xFF, 0xFF, 0xC0, 0x8F, 0xFF,
    0xFF, 0xFF, 0xE5, 0x00, 0x2F, 0xFF, 0xFF, 0xCA, 0xFF, 0xFF, 0xFF, 0xFF, 0xFF, 0x20, 0x2F, 0xFF,
    0xFF, 0xFF, 0xFF, 0xFF, 0xFF, 0xFF, 0xFF, 0xA0, 0x2F, 0xFF, 0xFF, 0xFF, 0xFF, 0xFF, 0xFF, 0xFF,
    0xFF, 0xF1, 0x2F, 0xFF, 0xFF, 0xFF, 0xB3, 0x02, 0x9F, 0xFF, 0xFF, 0xF4, 0x2F, 0xFF, 0xFF, 0xFC,
    0x00, 0x00, 0x0C, 0xFF, 0xFF, 0xF7, 0x2F, 0xFF, 0xFF, 0xF4, 0x00, 0x00, 0x08, 0xFF, 0xFF, 0xF8,
    0x2F, 0xFF, 0xFF, 0xE0, 0x00, 0x00, 0x07, 0xFF, 0xFF, 0xF8, 0x2F, 0xFF, 0xFF, 0xD0, 0x00, 0x00,
    0x07, 0xFF, 0xFF, 0xF8, 0x2F, 0xFF, 0xFF, 0xC0, 0x00, 0x00, 0x06, 0xFF, 0xFF, 0xF8, 0x2F, 0xFF,
    0xFF, 0xC0, 0x00, 0x00, 0x06, 0xFF, 0xFF, 0xF8, 0x2F, 0xFF, 0xFF, 0xC0, 0x00, 0x00, 0x06, 0xFF,
    0xFF, 0xF8, 0x2F, 0xFF, 0xFF, 0xC0, 0x00, 0x00, 0x06, 0xFF, 0xFF, 0xF8, 0x2F, 0xFF, 0xFF, 0xC0,
    0x00, 0x00, 0x06, 0xFF, 0xFF, 0xF8, 0x2F, 0xFF, 0xFF, 0xC0, 0x00, 0x00, 0x06, 0xFF, 0xFF, 0xF8,
    0x2F, 0xFF, 0xFF, 0xC0, 0x00, 0x00, 0x06, 0xFF, 0xFF, 0xF8, 0x2F, 0xFF, 0xFF, 0xC0, 0x00, 0x00,
    0x06, 0xFF, 0xFF, 0xF8, 0x2F, 0xFF, 0xFF, 0xC0, 0x00, 0x00, 0x06, 0xFF, 0xFF, 0xF8, 0x00, 0x00,
    0x6F, 0xFF, 0xF4, 0x00, 0x00, 0x00, 0x00, 0x00, 0x00, 0x00, 0x00, 0x05, 0xFF, 0xFE, 0x10, 0x00,
    0x00, 0x00, 0x00, 0x00, 0x00, 0x00, 0x00, 0x5F, 0xFF, 0xB0, 0x00, 0x00, 0x00, 0x00, 0x00, 0x00,
    0x00, 0x00, 0x05, 0xFF, 0xF8, 0x00, 0x00, 0x00, 0x00, 0x00, 0x00, 0x00, 0x00, 0x00, 0x5F, 0xFF,
    0x50, 0x00, 0x00, 0x00, 0x00, 0x00, 0x00, 0x00, 0x00, 0x04, 0xFF, 0xE2, 0x00, 0x00, 0x00, 0x00,
    0x00, 0x00, 0x00, 0x00, 0x00, 0x00, 0x00, 0x00, 0x00, 0x00, 0x00, 0x00, 0x00, 0x00, 0x00, 0x00,
    0x00, 0x00, 0x00, 0x00, 0x00, 0x00, 0x00, 0x00, 0x01, 0x69, 0xCE, 0xFE, 0xDB, 0x72, 0x00, 0x00,
    0x00, 0x00, 0x00, 0x7E, 0xFF, 0xFF, 0xFF, 0xFF, 0xFF, 0xA1, 0x00, 0x00, 0x00, 0x0B, 0xFF, 0xFF,
    0xFF, 0xFF, 0xFF, 0xFF, 0xFD, 0x30, 0x00, 0x00, 0xAF, 0xFF, 0xFF, 0xFF, 0xFF, 0xFF, 0xFF, 0xFF,
    0xE2, 0x00, 0x05, 0xFF, 0xFF, 0xFF, 0xA3, 0x01, 0x7E, 0xFF, 0xFF, 0xFA, 0x00, 0x0C, 0xFF, 0xFF,
    0xFA, 0x00, 0x00, 0x05, 0xFF, 0xFF, 0xFF, 0x30, 0x2F, 0xFF, 0xFF, 0xF2, 0x00, 0x00, 0x00, 0xCF,
    0xFF, 0xFF, 0x70, 0x5F, 0xFF, 0xFF, 0xD0, 0x00, 0x00, 0x00, 0x7F, 0xFF, 0xFF, 0xB0, 0x7F, 0xFF,
    0xFF, 0xB0, 0x00, 0x00, 0x00, 0x5F, 0xFF, 0xFF, 0xC0, 0x8F, 0xFF, 0xFF, 0xA0, 0x00, 0x00, 0x00,
    0x5F, 0xFF, 0xFF, 0xD0, 0x7F, 0xFF, 0xFF, 0xB0, 0x00, 0x00, 0x00, 0x5F, 0xFF, 0xFF, 0xC0, 0x5F,
    0xFF, 0xFF, 0xD0, 0x00, 0x00, 0x00, 0x7F, 0xFF, 0xFF, 0xB0, 0x2F, 0xFF, 0xFF, 0xF2, 0x00, 0x00,
    0x00, 0xCF, 0xFF, 0xFF, 0x70, 0x0C, 0xFF, 0xFF, 0xFA, 0x00, 0x00, 0x05, 0xFF, 0xFF, 0xFF, 0x30,
    0x05, 0xFF, 0xFF, 0xFF, 0xA3, 0x01, 0x6E, 0xFF, 0xFF, 0xFA, 0x00, 0x00, 0xAF, 0xFF, 0xFF, 0xFF,
    0xFF, 0xFF, 0xFF, 0xFF, 0xE2, 0x00, 0x00, 0x0B, 0xFF, 0xFF, 0xFF, 0xFF, 0xFF, 0xFF, 0xFE, 0x30,
    0x00, 0x00, 0x00, 0x7E, 0xFF, 0xFF, 0xFF, 0xFF, 0xFF, 0xA1, 0x00, 0x00, 0x00, 0x00, 0x01, 0x69,
    0xDE, 0xFE, 0xDB, 0x72, 0x00, 0x00, 0x00, 0x00, 0x00, 0x00, 0x00, 0x00, 0x00, 0x2E, 0xFF, 0xF7,
    0x00, 0x00, 0x00, 0x00, 0x00, 0x00, 0x00, 0x01, 0xCF, 0xFF, 0x70, 0x00, 0x00, 0x00, 0x00, 0x00,
    0x00, 0x00, 0x0A, 0xFF, 0xF7, 0x00, 0x00, 0x00, 0x00, 0x00, 0x00, 0x00, 0x00, 0x6F, 0xFF, 0x60,
    0x00, 0x00, 0x00, 0x00, 0x00, 0x00, 0x00, 0x03, 0xFF, 0xF6, 0x00, 0x00, 0x00, 0x00, 0x00, 0x00,
    0x00, 0x00, 0x1D, 0xFF, 0x60, 0x00, 0x00, 0x00, 0x00, 0x00, 0x00, 0x00, 0x00, 0x00, 0x00, 0x00,
    0x00, 0x00, 0x00, 0x00, 0x00, 0x00, 0x00, 0x00, 0x00, 0x00, 0x00, 0x00, 0x00, 0x00, 0x00, 0x00,
    0x00, 0x01, 0x69, 0xCE, 0xFE, 0xDB, 0x72, 0x00, 0x00, 0x00, 0x00, 0x00, 0x7E, 0xFF, 0xFF, 0xFF,
    0xFF, 0xFF, 0xA1, 0x00, 0x00, 0x00, 0x0B, 0xFF, 0xFF, 0xFF, 0xFF, 0xFF, 0xFF, 0xFD, 0x30, 0x00,
    0x00, 0xAF, 0xFF, 0xFF, 0xFF, 0xFF, 0xFF, 0xFF, 0xFF, 0xE2, 0x00, 0x05, 0xFF, 0xFF, 0xFF, 0xA3,
    0x01, 0x7E, 0xFF, 0xFF, 0xFA, 0x00, 0x0C, 0xFF, 0xFF, 0xFA, 0x00, 0x00, 0x05, 0xFF, 0xFF, 0xFF,
    0x30, 0x2F, 0xFF, 0xFF, 0xF2, 0x00, 0x00, 0x00, 0xCF, 0xFF, 0xFF, 0x70, 0x5F, 0xFF, 0xFF, 0xD0,
    0x00, 0x00, 0x00, 0x7F, 0xFF, 0xFF, 0xB0, 0x7F, 0xFF, 0xFF, 0xB0, 0x00, 0x00, 0x00, 0x5F, 0xFF,
    0xFF, 0xC0, 0x8F, 0xFF, 0xFF, 0xA0, 0x00, 0x00, 0x00, 0x5F, 0xFF, 0xFF, 0xD0, 0x7F, 0xFF, 0xFF,
    0xB0, 0x00, 0x00, 0x00, 0x5F, 0xFF, 0xFF, 0xC0, 0x5F, 0xFF, 0xFF, 0xD0, 0x00, 0x00, 0x00, 0x7F,
    0xFF, 0xFF, 0xB0, 0x2F, 0xFF, 0xFF, 0xF2, 0x00, 0x00, 0x00, 0xCF, 0xFF, 0xFF, 0x70, 0x0C, 0xFF,
    0xFF, 0xFA, 0x00, 0x00, 0x05, 0xFF, 0xFF, 0xFF, 0x30, 0x05, 0xFF, 0xFF, 0xFF, 0xA3, 0x01, 0x6E,
    0xFF, 0xFF, 0xFA, 0x00, 0x00, 0xAF, 0xFF, 0xFF, 0xFF, 0xFF, 0xFF, 0xFF, 0xFF, 0xE2, 0x00, 0x00,
    0x0B, 0xFF, 0xFF, 0xFF, 0xFF, 0xFF, 0xFF, 0xFE, 0x30, 0x00, 0x00, 0x00, 0x7E, 0xFF, 0xFF, 0xFF,
    0xFF, 0xFF, 0xA1, 0x00, 0x00, 0x00, 0x00, 0x01, 0x69, 0xDE, 0xFE, 0xDB, 0x72, 0x00, 0x00, 0x00,
    0x00, 0x00, 0x00, 0x00, 0xAF, 0xFF, 0xE2, 0x00, 0x00, 0x00, 0x00, 0x00, 0x00, 0x00, 0x06, 0xFF,
    0xFF, 0xFB, 0x00, 0x00, 0x00, 0x00, 0x00, 0x00, 0x00, 0x2E, 0xFF, 0xBF, 0xFF, 0x70, 0x00, 0x00,
    0x00, 0x00, 0x00, 0x00, 0xCF, 0xFA, 0x05, 0xFF, 0xF3, 0x00, 0x00, 0x00, 0x00, 0x00, 0x08, 0xFF,
    0xB0, 0x00, 0x6F, 0xFD, 0x10, 0x00, 0x00, 0x00, 0x00, 0x4F, 0xFC, 0x10, 0x00, 0x07, 0xFF, 0x90,
    0x00, 0x00, 0x00, 0x00, 0x00, 0x00, 0x00, 0x00, 0x00, 0x00, 0x00, 0x00, 0x00, 0x00, 0x00, 0x00,
    0x00, 0x00, 0x00, 0x00, 0x00, 0x00, 0x00, 0x00, 0x00, 0x00, 0x01, 0x69, 0xCE, 0xFE, 0xDB, 0x72,
    0x00, 0x00, 0x00, 0x00, 0x00, 0x7E, 0xFF, 0xFF, 0xFF, 0xFF, 0xFF, 0xA1, 0x00, 0x00, 0x00, 0x0B,
    0xFF, 0xFF, 0xFF, 0xFF, 0xFF, 0xFF, 0xFD, 0x30, 0x00, 0x00, 0xAF, 0xFF, 0xFF, 0xFF, 0xFF, 0xFF,
    0xFF, 0xFF, 0xE2, 0x00, 0x05, 0xFF, 0xFF, 0xFF, 0xA3, 0x01, 0x7E, 0xFF, 0xFF, 0xFA, 0x00, 0x0C,
    0xFF, 0xFF, 0xFA, 0x00, 0x00, 0x05, 0xFF, 0xFF, 0xFF, 0x30, 0x2F, 0xFF, 0xFF, 0xF2, 0x00, 0x00,
    0x00, 0xCF, 0xFF, 0xFF, 0x70, 0x5F, 0xFF, 0xFF, 0xD0, 0x00, 0x00, 0x00, 0x7F, 0xFF, 0xFF, 0xB0,
    0x7F, 0xFF, 0xFF, 0xB0, 0x00, 0x00, 0x00, 0x5F, 0xFF, 0xFF, 0xC0, 0x8F, 0xFF, 0xFF, 0xA0, 0x00,
    0x00, 0x00, 0x5F, 0xFF, 0xFF, 0xD0, 0x7F, 0xFF, 0xFF, 0xB0, 0x00, 0x00, 0x00, 0x5F, 0xFF, 0xFF,
    0xC0, 0x5F, 0xFF, 0xFF, 0xD0, 0x00, 0x00, 0x00, 0x7F, 0xFF, 0xFF, 0xB0, 0x2F, 0xFF, 0xFF, 0xF2,
    0x00, 0x00, 0x00, 0xCF, 0xFF, 0xFF, 0x70, 0x0C, 0xFF, 0xFF, 0xFA, 0x00, 0x00, 0x05, 0xFF, 0xFF,
    0xFF, 0x30, 0x05, 0xFF, 0xFF, 0xFF, 0xA3, 0x01, 0x6E, 0xFF, 0xFF, 0xFA, 0x00, 0x00, 0xAF, 0xFF,
    0xFF, 0xFF, 0xFF, 0xFF, 0xFF, 0xFF, 0xE2, 0x00, 0x00, 0x0B, 0xFF, 0xFF, 0xFF, 0xFF, 0xFF, 0xFF,
    0xFE, 0x30, 0x00, 0x00, 0x00, 0x7E, 0xFF, 0xFF, 0xFF, 0xFF, 0xFF, 0xA1, 0x00, 0x00, 0x00, 0x00,
    0x01, 0x69, 0xDE, 0xFE, 0xDB, 0x72, 0x00, 0x00, 0x00, 0x00, 0x00, 0x00, 0x7E, 0xEA, 0x30, 0x00,
    0xDF, 0x60, 0x00, 0x00, 0x00, 0x00, 0x05, 0xFF, 0xFF, 0xF8, 0x14, 0xFF, 0x50, 0x00, 0x00, 0x00,
    0x00, 0x0C, 0xFF, 0xFF, 0xFF, 0xFF, 0xFF, 0x20, 0x00, 0x00, 0x00, 0x00, 0x0F, 0xF9, 0x16, 0xEF,
    0xFF, 0xFA, 0x00, 0x00, 0x00, 0x00, 0x00, 0x1F, 0xF3, 0x00, 0x19, 0xDE, 0xA1, 0x00, 0x00, 0x00,
    0x00, 0x00, 0x00, 0x00, 0x00, 0x00, 0x00, 0x00, 0x00, 0x00, 0x00, 0x00, 0x00, 0x00, 0x00, 0x00,
    0x00, 0x00, 0x00, 0x00, 0x00, 0x00, 0x00, 0x00, 0x00, 0x00, 0x00, 0x00, 0x00, 0x00, 0x00, 0x00,
    0x00, 0x00, 0x00, 0x01, 0x69, 0xCE, 0xFE, 0xDB, 0x72, 0x00, 0x00, 0x00, 0x00, 0x00, 0x7E, 0xFF,
    0xFF, 0xFF, 0xFF, 0xFF, 0xA1, 0x00, 0x00, 0x00, 0x0B, 0xFF, 0xFF, 0xFF, 0xFF, 0xFF, 0xFF, 0xFD,
    0x30, 0x00, 0x00, 0xAF, 0xFF, 0xFF, 0xFF, 0xFF, 0xFF, 0xFF, 0xFF, 0xE2, 0x00, 0x05, 0xFF, 0xFF,
    0xFF, 0xA3, 0x01, 0x7E, 0xFF, 0xFF, 0xFA, 0x00, 0x0C, 0xFF, 0xFF, 0xFA, 0x00, 0x00, 0x05, 0xFF,
    0xFF, 0xFF, 0x30, 0x2F, 0xFF, 0xFF, 0xF2, 0x00, 0x00, 0x00, 0xCF, 0xFF, 0xFF, 0x70, 0x5F, 0xFF,
    0xFF, 0xD0, 0x00, 0x00, 0x00, 0x7F, 0xFF, 0xFF, 0xB0, 0x7F, 0xFF, 0xFF, 0xB0, 0x00, 0x00, 0x00,
    0x5F, 0xFF, 0xFF, 0xC0, 0x8F, 0xFF, 0xFF, 0xA0, 0x00, 0x00, 0x00, 0x5F, 0xFF, 0xFF, 0xD0, 0x7F,
    0xFF, 0xFF, 0xB0, 0x00, 0x00, 0x00, 0x5F, 0xFF, 0xFF, 0xC0, 0x5F, 0xFF, 0xFF, 0xD0, 0x00, 0x00,
    0x00, 0x7F, 0xFF, 0xFF, 0xB0, 0x2F, 0xFF, 0xFF, 0xF2, 0x00, 0x00, 0x00, 0xCF, 0xFF, 0xFF, 0x70,
    0x0C, 0xFF, 0xFF, 0xFA, 0x00, 0x00, 0x05, 0xFF, 0xFF, 0xFF, 0x30, 0x05, 0xFF, 0xFF, 0xFF, 0xA3,
    0x01, 0x6E, 0xFF, 0xFF, 0xFA, 0x00, 0x00, 0xAF, 0xFF, 0xFF, 0xFF, 0xFF, 0xFF, 0xFF, 0xFF, 0xE2,
    0x00, 0x00, 0x0B, 0xFF, 0xFF, 0xFF, 0xFF, 0xFF, 0xFF, 0xFE, 0x30, 0x00, 0x00, 0x00, 0x7E, 0xFF,
    0xFF, 0xFF, 0xFF, 0xFF, 0xA1, 0x00, 0x00, 0x00, 0x00, 0x01, 0x69, 0xDE, 0xFE, 0xDB, 0x72, 0x00,
    0x00, 0x00, 0x00, 0x00, 0x09, 0xFF, 0xF5, 0x00, 0xFF, 0xFD, 0x00, 0x00, 0x00, 0x00, 0x00, 0x09,
    0xFF, 0xF5, 0x00, 0xFF, 0xFD, 0x00, 0x00, 0x00, 0x00, 0x00, 0x09, 0xFF, 0xF5, 0x00, 0xFF, 0xFD,
    0x00, 0x00, 0x00, 0x00, 0x00, 0x09, 0xFF, 0xF5, 0x00, 0xFF, 0xFD, 0x00, 0x00, 0x00, 0x00, 0x00,
    0x00, 0x00, 0x00, 0x00, 0x00, 0x00, 0x00, 0x00, 0x00, 0x00, 0x00, 0x00, 0x00, 0x00, 0x00, 0x00,
    0x00, 0x00, 0x00, 0x00, 0x00, 0x00, 0x00, 0x00, 0x00, 0x00, 0x00, 0x00, 0x00, 0x00, 0x00, 0x00,
    0x00, 0x01, 0x69, 0xCE, 0xFE, 0xDB, 0x72, 0x00, 0x00, 0x00, 0x00, 0x00, 0x7E, 0xFF, 0xFF, 0xFF,
    0xFF, 0xFF, 0xA1, 0x00, 0x00, 0x00, 0x0B, 0xFF, 0xFF, 0xFF, 0xFF, 0xFF, 0xFF, 0xFD, 0x30, 0x00,
    0x00, 0xAF, 0xFF, 0xFF, 0xFF, 0xFF, 0xFF, 0xFF, 0xFF, 0xE2, 0x00, 0x05, 0xFF, 0xFF, 0xFF, 0xA3,
    0x01, 0x7E, 0xFF, 0xFF, 0xFA, 0x00, 0x0C, 0xFF, 0xFF, 0xFA, 0x00, 0x00, 0x05, 0xFF, 0xFF, 0xFF,
    0x30, 0x2F, 0xFF, 0xFF, 0xF2, 0x00, 0x00, 0x00, 0xCF, 0xFF, 0xFF, 0x70, 0x5F, 0xFF, 0xFF, 0xD0,
    0x00, 0x00, 0x00, 0x7F, 0xFF, 0xFF, 0xB0, 0x7F, 0xFF, 0xFF, 0xB0, 0x00, 0x00, 0x00, 0x5F, 0xFF,
    0xFF, 0xC0, 0x8F, 0xFF, 0xFF, 0xA0, 0x00, 0x00, 0x00, 0x5F, 0xFF, 0xFF, 0xD0, 0x7F, 0xFF, 0xFF,
    0xB0, 0x00, 0x00, 0x00, 0x5F, 0xFF, 0xFF, 0xC0, 0x5F, 0xFF, 0xFF, 0xD0, 0x00, 0x00, 0x00, 0x7F,
    0xFF, 0xFF, 0xB0, 0x2F, 0xFF, 0xFF, 0xF2, 0x00, 0x00, 0x00, 0xCF, 0xFF, 0xFF, 0x70, 0x0C, 0xFF,
    0xFF, 0xFA, 0x00, 0x00, 0x05, 0xFF, 0xFF, 0xFF, 0x30, 0x05, 0xFF, 0xFF, 0xFF, 0xA3, 0x01, 0x6E,
    0xFF, 0xFF, 0xFA, 0x00, 0x00, 0xAF, 0xFF, 0xFF, 0xFF, 0xFF, 0xFF, 0xFF, 0xFF, 0xE2, 0x00, 0x00,
    0x0B, 0xFF, 0xFF, 0xFF, 0xFF, 0xFF, 0xFF, 0xFE, 0x30, 0x00, 0x00, 0x00, 0x7E, 0xFF, 0xFF, 0xFF,
    0xFF, 0xFF, 0xA1, 0x00, 0x00, 0x00, 0x00, 0x01, 0x69, 0xDE, 0xFE, 0xDB, 0x72, 0x00, 0x00, 0x00,
    0x00, 0x00, 0x00, 0x00, 0x4F, 0xFF, 0xFC, 0x00, 0x00, 0x00, 0x00, 0x00, 0x00, 0x00, 0x00, 0x4F,
    0xFF, 0xFC, 0x00, 0x00, 0x00, 0x00, 0x00, 0x00, 0x00, 0x00, 0x4F, 0xFF, 0xFC, 0x00, 0x00, 0x00,
    0x00, 0x00, 0x00, 0x00, 0x00, 0x4F, 0xFF, 0xFC, 0x00, 0x00, 0x00, 0x00, 0x00, 0x00, 0x00, 0x00,
    0x4F, 0xFF, 0xFC, 0x00, 0x00, 0x00, 0x00, 0x00, 0x00, 0x00, 0x00, 0x00, 0x00, 0x00, 0x00, 0x00,
    0x00, 0x00, 0x00, 0x00, 0x00, 0x00, 0x00, 0x00, 0x00, 0x00, 0x00, 0x00, 0x00, 0x6F, 0xFF, 0xFF,
    0xFF, 0xFF, 0xFF, 0xFF, 0xFF, 0xFF, 0xFF, 0xFD, 0x6F, 0xFF, 0xFF, 0xFF, 0xFF, 0xFF, 0xFF, 0xFF,
    0xFF, 0xFF, 0xFD, 0x6F, 0xFF, 0xFF, 0xFF, 0xFF, 0xFF, 0xFF, 0xFF, 0xFF, 0xFF, 0xFD, 0x6F, 0xFF,
    0xFF, 0xFF, 0xFF, 0xFF, 0xFF, 0xFF, 0xFF, 0xFF, 0xFD, 0x00, 0x00, 0x00, 0x00, 0x00, 0x00, 0x00,
    0x00, 0x00, 0x00, 0x00, 0x00, 0x00, 0x00, 0x00, 0x00, 0x00, 0x00, 0x00, 0x00, 0x00, 0x00, 0x00,
    0x00, 0x00, 0x00, 0x4F, 0xFF, 0xFC, 0x00, 0x00, 0x00, 0x00, 0x00, 0x00, 0x00, 0x00, 0x4F, 0xFF,
    0xFC, 0x00, 0x00, 0x00, 0x00, 0x00, 0x00, 0x00, 0x00, 0x4F, 0xFF, 0xFC, 0x00, 0x00, 0x00, 0x00,
    0x00, 0x00, 0x00, 0x00, 0x4F, 0xFF, 0xFC, 0x00, 0x00, 0x00, 0x00, 0x00, 0x00, 0x00, 0x00, 0x4F,
    0xFF, 0xFC, 0x00, 0x00, 0x00, 0x00, 0x00, 0x00, 0x00, 0x00, 0x00, 0x00, 0x00, 0x00, 0x00, 0x8C,
    0x10, 0x00, 0x00, 0x00, 0x59, 0xCE, 0xFE, 0xDB, 0x72, 0x07, 0xFF, 0xA0, 0x00, 0x00, 0x6E, 0xFF,
    0xFF, 0xFF, 0xFF, 0xFF, 0xCF, 0xFC, 0x10, 0x00, 0x0A, 0xFF, 0xFF, 0xFF, 0xFF, 0xFF, 0xFF, 0xFF,
    0xD1, 0x00, 0x00, 0x9F, 0xFF, 0xFF, 0xFF, 0xFF, 0xFF, 0xFF, 0xFF, 0xE2, 0x00, 0x04, 0xFF, 0xFF,
    0xFF, 0xA3, 0x02, 0x7F, 0xFF, 0xFF, 0xFB, 0x00, 0x0C, 0xFF, 0xFF, 0xFA, 0x00, 0x00, 0x5F, 0xFF,
    0xFF, 0xFF, 0x30, 0x1F, 0xFF, 0xFF, 0xF2, 0x00, 0x04, 0xFF, 0xFF, 0xFF, 0xFF, 0x70, 0x5F, 0xFF,
    0xFF, 0xD0, 0x00, 0x4E, 0xFE, 0xAF, 0xFF, 0xFF, 0xB0, 0x7F, 0xFF, 0xFF, 0xB0, 0x03, 0xEF, 0xF4,
    0x5F, 0xFF, 0xFF, 0xC0, 0x8F, 0xFF, 0xFF, 0xA0, 0x2E, 0xFF, 0x50, 0x5F, 0xFF, 0xFF, 0xD0, 0x7F,
    0xFF, 0xFF, 0xA2, 0xDF, 0xF6, 0x00, 0x5F, 0xFF, 0xFF, 0xC0, 0x6F, 0xFF, 0xFF, 0xDD, 0xFF, 0x60,
    0x00, 0x7F, 0xFF, 0xFF, 0xB0, 0x2F, 0xFF, 0xFF, 0xFF, 0xF7, 0x00, 0x00, 0xCF, 0xFF, 0xFF, 0x70,
    0x0D, 0xFF, 0xFF, 0xFF, 0x80, 0x00, 0x05, 0xFF, 0xFF, 0xFF, 0x20, 0x06, 0xFF, 0xFF, 0xFF, 0xB3,
    0x11, 0x6E, 0xFF, 0xFF, 0xFA, 0x00, 0x00, 0xCF, 0xFF, 0xFF, 0xFF, 0xFF, 0xFF, 0xFF, 0xFF, 0xD2,
    0x00, 0x00, 0x9F, 0xFF, 0xFF, 0xFF, 0xFF, 0xFF, 0xFF, 0xFE, 0x30, 0x00, 0x06, 0xFF, 0xFF, 0xFF,
    0xFF, 0xFF, 0xFF, 0xFF, 0xA1, 0x00, 0x00, 0x4F, 0xFD, 0x24, 0x8B, 0xDE, 0xFE, 0xDB, 0x72, 0x00,
    0x00, 0x00, 0x2B, 0xB1, 0x00, 0x00, 0x00, 0x00, 0x00, 0x00, 0x00, 0x00, 0x00, 0x00, 0x01, 0xCF,
    0xFF, 0xA0, 0x00, 0x00, 0x00, 0x00, 0x00, 0x00, 0x00, 0x1C, 0xFF, 0xF7, 0x00, 0x00, 0x00, 0x00,
    0x00, 0x00, 0x00, 0x01, 0xCF, 0xFF, 0x40, 0x00, 0x00, 0x00, 0x00, 0x00, 0x00, 0x00, 0x1C, 0xFF,
    0xE1, 0x00, 0x00, 0x00, 0x00, 0x00, 0x00, 0x00, 0x01, 0xCF, 0xFB, 0x00, 0x00, 0x00, 0x00, 0x00,
    0x00, 0x00, 0x00, 0x1B, 0xFF, 0x80, 0x00, 0x00, 0x00, 0x00, 0x00, 0x00, 0x00, 0x00, 0x00, 0x00,
    0x00, 0x00, 0x00, 0x00, 0x00, 0x00, 0x00, 0x00, 0x00, 0x00, 0x00, 0x00, 0x00, 0x5F, 0xFF, 0xFF,
    0xA0, 0x00, 0x00, 0x09, 0xFF, 0xFF, 0xF5, 0x5F, 0xFF, 0xFF, 0xA0, 0x00, 0x00, 0x09, 0xFF, 0xFF,
    0xF5, 0x5F, 0xFF, 0xFF, 0xA0, 0x00, 0x00, 0x09, 0xFF, 0xFF, 0xF5, 0x5F, 0xFF, 0xFF, 0x90, 0x00,
    0x00, 0x09, 0xFF, 0xFF, 0xF5, 0x5F, 0xFF, 0xFF, 0x90, 0x00, 0x00, 0x09, 0xFF, 0xFF, 0xF5, 0x5F,
    0xFF, 0xFF, 0x90, 0x00, 0x00, 0x09, 0xFF, 0xFF, 0xF5, 0x5F, 0xFF, 0xFF, 0x90, 0x00, 0x00, 0x09,
    0xFF, 0xFF, 0xF5, 0x5F, 0xFF, 0xFF, 0x90, 0x00, 0x00, 0x09, 0xFF, 0xFF, 0xF5, 0x5F, 0xFF, 0xFF,
    0x90, 0x00, 0x00, 0x09, 0xFF, 0xFF, 0xF5, 0x5F, 0xFF, 0xFF, 0x90, 0x00, 0x00, 0x0A, 0xFF, 0xFF,
    0xF5, 0x5F, 0xFF, 0xFF, 0xA0, 0x00, 0x00, 0x0B, 0xFF, 0xFF, 0xF5, 0x5F, 0xFF, 0xFF, 0xB0, 0x00,
    0x00, 0x1F, 0xFF, 0xFF, 0xF5, 0x4F, 0xFF, 0xFF, 0xE1, 0x00, 0x00, 0x9F, 0xFF, 0xFF, 0xF5, 0x1F,
    0xFF, 0xFF, 0xFC, 0x20, 0x29, 0xFF, 0xFF, 0xFF, 0xF5, 0x0D, 0xFF, 0xFF, 0xFF, 0xFF, 0xFF, 0xFF,
    0xFF, 0xFF, 0xF5, 0x07, 0xFF, 0xFF, 0xFF, 0xFF, 0xFF, 0xFF, 0xFF, 0xFF, 0xF5, 0x01, 0xDF, 0xFF,
    0xFF, 0xFF, 0xFF, 0xCA, 0xFF, 0xFF, 0xF5, 0x00, 0x3D, 0xFF, 0xFF, 0xFF, 0xFA, 0x19, 0xFF, 0xFF,
    0xF5, 0x00, 0x01, 0x7C, 0xEF, 0xDA, 0x40, 0x09, 0xFF, 0xFF, 0xF5, 0x00, 0x00, 0x00, 0x00, 0x00,
    0x00, 0xAF, 0xFF, 0xD1, 0x00, 0x00, 0x00, 0x00, 0x00, 0x00, 0x06, 0xFF, 0xFC, 0x10, 0x00, 0x00,
    0x00, 0x00, 0x00, 0x00, 0x3F, 0xFF, 0xC1, 0x00, 0x00, 0x00, 0x00, 0x00, 0x00, 0x01, 0xDF, 0xFC,
    0x10, 0x00, 0x00, 0x00, 0x00, 0x00, 0x00, 0x0B, 0xFF, 0xC1, 0x00, 0x00, 0x00, 0x00, 0x00, 0x00,
    0x00, 0x8F, 0xFC, 0x10, 0x00, 0x00, 0x00, 0x00, 0x00, 0x00, 0x00, 0x00, 0x00, 0x00, 0x00, 0x00,
    0x00, 0x00, 0x00, 0x00, 0x00, 0x00, 0x00, 0x00, 0x00, 0x00, 0x00, 0x5F, 0xFF, 0xFF, 0xA0, 0x00,
    0x00, 0x09, 0xFF, 0xFF, 0xF5, 0x5F, 0xFF, 0xFF, 0xA0, 0x00, 0x00, 0x09, 0xFF, 0xFF, 0xF5, 0x5F,
    0xFF, 0xFF, 0xA0, 0x00, 0x00, 0x09, 0xFF, 0xFF, 0xF5, 0x5F, 0xFF, 0xFF, 0x90, 0x00, 0x00, 0x09,
    0xFF, 0xFF, 0xF5, 0x5F, 0xFF, 0xFF, 0x90, 0x00, 0x00, 0x09, 0xFF, 0xFF, 0xF5, 0x5F, 0xFF, 0xFF,
    0x90, 0x00, 0x00, 0x09, 0xFF, 0xFF, 0xF5, 0x5F, 0xFF, 0xFF, 0x90, 0x00, 0x00, 0x09, 0xFF, 0xFF,
    0xF5, 0x5F, 0xFF, 0xFF, 0x90, 0x00, 0x00, 0x09, 0xFF, 0xFF, 0xF5, 0x5F, 0xFF, 0xFF, 0x90, 0x00,
    0x00, 0x09, 0xFF, 0xFF, 0xF5, 0x5F, 0xFF, 0xFF, 0x90, 0x00, 0x00, 0x0A, 0xFF, 0xFF, 0xF5, 0x5F,
    0xFF, 0xFF, 0xA0, 0x00, 0x00, 0x0B, 0xFF, 0xFF, 0xF5, 0x5F, 0xFF, 0xFF, 0xB0, 0x00, 0x00, 0x1F,
    0xFF, 0xFF, 0xF5, 0x4F, 0xFF, 0xFF, 0xE1, 0x00, 0x00, 0x9F, 0xFF, 0xFF, 0xF5, 0x1F, 0xFF, 0xFF,
    0xFC, 0x20, 0x29, 0xFF, 0xFF, 0xFF, 0xF5, 0x0D, 0xFF, 0xFF, 0xFF, 0xFF, 0xFF, 0xFF, 0xFF, 0xFF,
    0xF5, 0x07, 0xFF, 0xFF, 0xFF, 0xFF, 0xFF, 0xFF, 0xFF, 0xFF, 0xF5, 0x01, 0xDF, 0xFF, 0xFF, 0xFF,
    0xFF, 0xCA, 0xFF, 0xFF, 0xF5, 0x00, 0x3D, 0xFF, 0xFF, 0xFF, 0xFA, 0x19, 0xFF, 0xFF, 0xF5, 0x00,
    0x01, 0x7C, 0xEF, 0xDA, 0x40, 0x09, 0xFF, 0xFF, 0xF5, 0x00, 0x00, 0x00, 0x05, 0xFF, 0xFF, 0x60,
    0x00, 0x00, 0x00, 0x00, 0x00, 0x00, 0x2E, 0xFF, 0xFF, 0xE2, 0x00, 0x00, 0x00, 0x00, 0x00, 0x00,
    0xBF, 0xFD, 0xCF, 0xFC, 0x00, 0x00, 0x00, 0x00, 0x00, 0x07, 0xFF, 0xD2, 0x2D, 0xFF, 0x80, 0x00,
    0x00, 0x00, 0x00, 0x3F, 0xFE, 0x20, 0x02, 0xEF, 0xF3, 0x00, 0x00, 0x00, 0x01, 0xDF, 0xE3, 0x00,
    0x00, 0x3E, 0xFD, 0x10, 0x00, 0x00, 0x00, 0x00, 0x00, 0x00, 0x00, 0x00, 0x00, 0x00, 0x00, 0x00,
    0x00, 0x00, 0x00, 0x00, 0x00, 0x00, 0x00, 0x00, 0x00, 0x5F, 0xFF, 0xFF, 0xA0, 0x00, 0x00, 0x09,
    0xFF, 0xFF, 0xF5, 0x5F, 0xFF, 0xFF, 0xA0, 0x00, 0x00, 0x09, 0xFF, 0xFF, 0xF5, 0x5F, 0xFF, 0xFF,
    0xA0, 0x00, 0x00, 0x09, 0xFF, 0xFF, 0xF5, 0x5F, 0xFF, 0xFF, 0x90, 0x00, 0x00, 0x09, 0xFF, 0xFF,
    0xF5, 0x5F, 0xFF, 0xFF, 0x90, 0x00, 0x00, 0x09, 0xFF, 0xFF, 0xF5, 0x5F, 0xFF, 0xFF, 0x90, 0x00,
    0x00, 0x09, 0xFF, 0xFF, 0xF5, 0x5F, 0xFF, 0xFF, 0x90, 0x00, 0x00, 0x09, 0xFF, 0xFF, 0xF5, 0x5F,
    0xFF, 0xFF, 0x90, 0x00, 0x00, 0x09, 0xFF, 0xFF, 0xF5, 0x5F, 0xFF, 0xFF, 0x90, 0x00, 0x00, 0x09,
    0xFF, 0xFF, 0xF5, 0x5F, 0xFF, 0xFF, 0x90, 0x00, 0x00, 0x0A, 0xFF, 0xFF, 0xF5, 0x5F, 0xFF, 0xFF,
    0xA0, 0x00, 0x00, 0x0B, 0xFF, 0xFF, 0xF5, 0x5F, 0xFF, 0xFF, 0xB0, 0x00, 0x00, 0x1F, 0xFF, 0xFF,
    0xF5, 0x4F, 0xFF, 0xFF, 0xE1, 0x00, 0x00, 0x9F, 0xFF, 0xFF, 0xF5, 0x1F, 0xFF, 0xFF, 0xFC, 0x20,
    0x29, 0xFF, 0xFF, 0xFF, 0xF5, 0x0D, 0xFF, 0xFF, 0xFF, 0xFF, 0xFF, 0xFF, 0xFF, 0xFF, 0xF5, 0x07,
    0xFF, 0xFF, 0xFF, 0xFF, 0xFF, 0xFF, 0xFF, 0xFF, 0xF5, 0x01, 0xDF, 0xFF, 0xFF, 0xFF, 0xFF, 0xCA,
    0xFF, 0xFF, 0xF5, 0x00, 0x3D, 0xFF, 0xFF, 0xFF, 0xFA, 0x19, 0xFF, 0xFF, 0xF5, 0x00, 0x01, 0x7C,
    0xEF, 0xDA, 0x40, 0x09, 0xFF, 0xFF, 0xF5, 0x00, 0x00, 0x3F, 0xFF, 0xA0, 0x0A, 0xFF, 0xF4, 0x00,
    0x00, 0x00, 0x00, 0x3F, 0xFF, 0xA0, 0x0A, 0xFF, 0xF4, 0x00, 0x00, 0x00, 0x00, 0x3F, 0xFF, 0xA0,
    0x0A, 0xFF, 0xF4, 0x00, 0x00, 0x00, 0x00, 0x3F, 0xFF, 0xA0, 0x0A, 0xFF, 0xF4, 0x00, 0x00, 0x00,
    0x00, 0x00, 0x00, 0x00, 0x00, 0x00, 0x00, 0x00, 0x00, 0x00, 0x00, 0x00, 0x00, 0x00, 0x00, 0x00,
    0x00, 0x00, 0x00, 0x00, 0x00, 0x00, 0x00, 0x00, 0x00, 0x00, 0x00, 0x00, 0x00, 0x5F, 0xFF, 0xFF,
    0xA0, 0x00, 0x00, 0x09, 0xFF, 0xFF, 0xF5, 0x5F, 0xFF, 0xFF, 0xA0, 0x00, 0x00, 0x09, 0xFF, 0xFF,
    0xF5, 0x5F, 0xFF, 0xFF, 0xA0, 0x00, 0x00, 0x09, 0xFF, 0xFF, 0xF5, 0x5F, 0xFF, 0xFF, 0x90, 0x00,
    0x00, 0x09, 0xFF, 0xFF, 0xF5, 0x5F, 0xFF, 0xFF, 0x90, 0x00, 0x00, 0x09, 0xFF, 0xFF, 0xF5, 0x5F,
    0xFF, 0xFF, 0x90, 0x00, 0x00, 0x09, 0xFF, 0xFF, 0xF5, 0x5F, 0xFF, 0xFF, 0x90, 0x00, 0x00, 0x09,
    0xFF, 0xFF, 0xF5, 0x5F, 0xFF, 0xFF, 0x90, 0x00, 0x00, 0x09, 0xFF, 0xFF, 0xF5, 0x5F, 0xFF, 0xFF,
    0x90, 0x00, 0x00, 0x09, 0xFF, 0xFF, 0xF5, 0x5F, 0xFF, 0xFF, 0x90, 0x00, 0x00, 0x0A, 0xFF, 0xFF,
    0xF5, 0x5F, 0xFF, 0xFF, 0xA0, 0x00, 0x00, 0x0B, 0xFF, 0xFF, 0xF5, 0x5F, 0xFF, 0xFF, 0xB0, 0x00,
    0x00, 0x1F, 0xFF, 0xFF, 0xF5, 0x4F, 0xFF, 0xFF, 0xE1, 0x00, 0x00, 0x9F, 0xFF, 0xFF, 0xF5, 0x1F,
    0xFF, 0xFF, 0xFC, 0x20, 0x29, 0xFF, 0xFF, 0xFF, 0xF5, 0x0D, 0xFF, 0xFF, 0xFF, 0xFF, 0xFF, 0xFF,
    0xFF, 0xFF, 0xF5, 0x07, 0xFF, 0xFF, 0xFF, 0xFF, 0xFF, 0xFF, 0xFF, 0xFF, 0xF5, 0x01, 0xDF, 0xFF,
    0xFF, 0xFF, 0xFF, 0xCA, 0xFF, 0xFF, 0xF5, 0x00, 0x3D, 0xFF, 0xFF, 0xFF, 0xFA, 0x19, 0xFF, 0xFF,
    0xF5, 0x00, 0x01, 0x7C, 0xEF, 0xDA, 0x40, 0x09, 0xFF, 0xFF, 0xF5, 0x00, 0x00, 0x00, 0x00, 0x00,
    0x00, 0x2E, 0xFF, 0xF8, 0x00, 0x00, 0x00, 0x00, 0x00, 0x00, 0x00, 0x00, 0xCF, 0xFF, 0x80, 0x00,
    0x00, 0x00, 0x00, 0x00, 0x00, 0x00, 0x09, 0xFF, 0xF7, 0x00, 0x00, 0x00, 0x00, 0x00, 0x00, 0x00,
    0x00, 0x6F, 0xFF, 0x70, 0x00, 0x00, 0x00, 0x00, 0x00, 0x00, 0x00, 0x03, 0xFF, 0xF7, 0x00, 0x00,
    0x00, 0x00, 0x00, 0x00, 0x00, 0x00, 0x1D, 0xFF, 0x60, 0x00, 0x00, 0x00, 0x00, 0x00, 0x00, 0x00,
    0x00, 0x00, 0x00, 0x00, 0x00, 0x00, 0x00, 0x00, 0x00, 0x00, 0x00, 0x00, 0x00, 0x00, 0x00, 0x00,
    0x00, 0x00, 0x00, 0x6F, 0xFF, 0xFF, 0x80, 0x00, 0x00, 0x00, 0x08, 0xFF, 0xFF, 0xF5, 0x0E, 0xFF,
    0xFF, 0xE0, 0x00, 0x00, 0x00, 0x0D, 0xFF, 0xFF, 0xE0, 0x08, 0xFF, 0xFF, 0xF5, 0x00, 0x00, 0x00,
    0x3F, 0xFF, 0xFF, 0x90, 0x02, 0xFF, 0xFF, 0xFB, 0x00, 0x00, 0x00, 0x8F, 0xFF, 0xFF, 0x30, 0x00,
    0xAF, 0xFF, 0xFF, 0x20, 0x00, 0x00, 0xDF, 0xFF, 0xFC, 0x00, 0x00, 0x4F, 0xFF, 0xFF, 0x70, 0x00,
    0x03, 0xFF, 0xFF, 0xF6, 0x00, 0x00, 0x0C, 0xFF, 0xFF, 0xD0, 0x00, 0x08, 0xFF, 0xFF, 0xF1, 0x00,
    0x00, 0x06, 0xFF, 0xFF, 0xF4, 0x00, 0x0D, 0xFF, 0xFF, 0xA0, 0x00, 0x00, 0x01, 0xEF, 0xFF, 0xFA,
    0x00, 0x3F, 0xFF, 0xFF, 0x40, 0x00, 0x00, 0x00, 0x8F, 0xFF, 0xFF, 0x10, 0x8F, 0xFF, 0xFD, 0x00,
    0x00, 0x00, 0x00, 0x2F, 0xFF, 0xFF, 0x60, 0xDF, 0xFF, 0xF8, 0x00, 0x00, 0x00, 0x00, 0x0B, 0xFF,
    0xFF, 0xC3, 0xFF, 0xFF, 0xF2, 0x00, 0x00, 0x00, 0x00, 0x04, 0xFF, 0xFF, 0xFB, 0xFF, 0xFF, 0xB0,
    0x00, 0x00, 0x00, 0x00, 0x00, 0xDF, 0xFF, 0xFF, 0xFF, 0xFF, 0x50, 0x00, 0x00, 0x00, 0x00, 0x00,
    0x7F, 0xFF, 0xFF, 0xFF, 0xFE, 0x10, 0x00, 0x00, 0x00, 0x00, 0x00, 0x1E, 0xFF, 0xFF, 0xFF, 0xF9,
    0x00, 0x00, 0x00, 0x00, 0x00, 0x00, 0x09, 0xFF, 0xFF, 0xFF, 0xF3, 0x00, 0x00, 0x00, 0x00, 0x00,
    0x00, 0x03, 0xFF, 0xFF, 0xFF, 0xC0, 0x00, 0x00, 0x00, 0x00, 0x00, 0x00, 0x00, 0xBF, 0xFF, 0xFF,
    0x70, 0x00, 0x00, 0x00, 0x00, 0x00, 0x00, 0x00, 0x6F, 0xFF, 0xFF, 0x10, 0x00, 0x00, 0x00, 0x00,
    0x00, 0x00, 0x00, 0xAF, 0xFF, 0xFA, 0x00, 0x00, 0x00, 0x00, 0x00, 0x00, 0x00, 0x28, 0xFF, 0xFF,
    0xF4, 0x00, 0x00, 0x00, 0x00, 0x00, 0x09, 0xFF, 0xFF, 0xFF, 0xFF, 0xB0, 0x00, 0x00, 0x00, 0x00,
    0x00, 0x09, 0xFF, 0xFF, 0xFF, 0xFE, 0x20, 0x00, 0x00, 0x00, 0x00, 0x00, 0x09, 0xFF, 0xFF, 0xFF,
    0xE4, 0x00, 0x00, 0x00, 0x00, 0x00, 0x00, 0x09, 0xFF, 0xFE, 0xC8, 0x20, 0x00, 0x00, 0x00, 0x00,
    0x00, 0x2F, 0xFF, 0xFF, 0xC0, 0x00, 0x00, 0x00, 0x00, 0x00, 0x00, 0x00, 0x2F, 0xFF, 0xFF, 0xC0,
    0x00, 0x00, 0x00, 0x00, 0x00, 0x00, 0x00, 0x2F, 0xFF, 0xFF, 0xC0, 0x00, 0x00, 0x00, 0x00, 0x00,
    0x00, 0x00, 0x2F, 0xFF, 0xFF, 0xC0, 0x00, 0x00, 0x00, 0x00, 0x00, 0x00, 0x00, 0x2F, 0xFF, 0xFF,
    0xC0, 0x00, 0x00, 0x00, 0x00, 0x00, 0x00, 0x00, 0x2F, 0xFF, 0xFF, 0xC0, 0x00, 0x00, 0x00, 0x00,
    0x00, 0x00, 0x00, 0x2F, 0xFF, 0xFF, 0xC0, 0x00, 0x00, 0x00, 0x00, 0x00, 0x00, 0x00, 0x2F, 0xFF,
    0xFF, 0xC0, 0x03, 0x9D, 0xEE, 0xC8, 0x20, 0x00, 0x00, 0x2F, 0xFF, 0xFF, 0xC0, 0x9F, 0xFF, 0xFF,
    0xFF, 0xE6, 0x00, 0x00, 0x2F, 0xFF, 0xFF, 0xCA, 0xFF, 0xFF, 0xFF, 0xFF, 0xFF, 0x60, 0x00, 0x2F,
    0xFF, 0xFF, 0xFF, 0xFF, 0xFF, 0xFF, 0xFF, 0xFF, 0xF3, 0x00, 0x2F, 0xFF, 0xFF, 0xFF, 0xB3, 0x01,
    0x6E, 0xFF, 0xFF, 0xFB, 0x00, 0x2F, 0xFF, 0xFF, 0xFC, 0x00, 0x00, 0x05, 0xFF, 0xFF, 0xFF, 0x20,
    0x2F, 0xFF, 0xFF, 0xF4, 0x00, 0x00, 0x00, 0xCF, 0xFF, 0xFF, 0x70, 0x2F, 0xFF, 0xFF, 0xF0, 0x00,
    0x00, 0x00, 0x8F, 0xFF, 0xFF, 0xA0, 0x2F, 0xFF, 0xFF, 0xD0, 0x00, 0x00, 0x00, 0x6F, 0xFF, 0xFF,
    0xB0, 0x2F, 0xFF, 0xFF, 0xC0, 0x00, 0x00, 0x00, 0x5F, 0xFF, 0xFF, 0xC0, 0x2F, 0xFF, 0xFF, 0xD0,
    0x00, 0x00, 0x00, 0x6F, 0xFF, 0xFF, 0xB0, 0x2F, 0xFF, 0xFF, 0xF0, 0x00, 0x00, 0x00, 0x8F, 0xFF,
    0xFF, 0xA0, 0x2F, 0xFF, 0xFF, 0xF4, 0x00, 0x00, 0x00, 0xCF, 0xFF, 0xFF, 0x70, 0x2F, 0xFF, 0xFF,
    0xFC, 0x00, 0x00, 0x05, 0xFF, 0xFF, 0xFF, 0x20, 0x2F, 0xFF, 0xFF, 0xFF, 0xB3, 0x01, 0x6E, 0xFF,
    0xFF, 0xFB, 0x00, 0x2F, 0xFF, 0xFF, 0xFF, 0xFF, 0xFF, 0xFF, 0xFF, 0xFF, 0xF3, 0x00, 0x2F, 0xFF,
    0xFF, 0xCB, 0xFF, 0xFF, 0xFF, 0xFF, 0xFF, 0x60, 0x00, 0x2F, 0xFF, 0xFF, 0xC0, 0x9F, 0xFF, 0xFF,
    0xFF, 0xE6, 0x00, 0x00, 0x2F, 0xFF, 0xFF, 0xC0, 0x04, 0x9D, 0xEE, 0xC8, 0x20, 0x00, 0x00, 0x2F,
    0xFF, 0xFF, 0xC0, 0x00, 0x00, 0x00, 0x00, 0x00, 0x00, 0x00, 0x2F, 0xFF, 0xFF, 0xC0, 0x00, 0x00,
    0x00, 0x00, 0x00, 0x00, 0x00, 0x2F, 0xFF, 0xFF, 0xC0, 0x00, 0x00, 0x00, 0x00, 0x00, 0x00, 0x00,
    0x2F, 0xFF, 0xFF, 0xC0, 0x00, 0x00, 0x00, 0x00, 0x00, 0x00, 0x00, 0x2F, 0xFF, 0xFF, 0xC0, 0x00,
    0x00, 0x00, 0x00, 0x00, 0x00, 0x00, 0x2F, 0xFF, 0xFF, 0xC0, 0x00, 0x00, 0x00, 0x00, 0x00, 0x00,
    0x00, 0x2F, 0xFF, 0xFF, 0xC0, 0x00, 0x00, 0x00, 0x00, 0x00, 0x00, 0x00, 0x00, 0x00, 0x02, 0xFF,
    0xFC, 0x00, 0x9F, 0xFF, 0x50, 0x00, 0x00, 0x00, 0x00, 0x02, 0xFF, 0xFC, 0x00, 0x9F, 0xFF, 0x50,
    0x00, 0x00, 0x00, 0x00, 0x02, 0xFF, 0xFC, 0x00, 0x9F, 0xFF, 0x50, 0x00, 0x00, 0x00, 0x00, 0x02,
    0xFF, 0xFC, 0x00, 0x9F, 0xFF, 0x50, 0x00, 0x00, 0x00, 0x00, 0x00, 0x00, 0x00, 0x00, 0x00, 0x00,
    0x00, 0x00, 0x00, 0x00, 0x00, 0x00, 0x00, 0x00, 0x00, 0x00, 0x00, 0x00, 0x00, 0x00, 0x00, 0x00,
    0x00, 0x00, 0x00, 0x00, 0x00, 0x00, 0x00, 0x00, 0x00, 0x6F, 0xFF, 0xFF, 0x80, 0x00, 0x00, 0x00,
    0x08, 0xFF, 0xFF, 0xF5, 0x0E, 0xFF, 0xFF, 0xE0, 0x00, 0x00, 0x00, 0x0D, 0xFF, 0xFF, 0xE0, 0x08,
    0xFF, 0xFF, 0xF5, 0x00, 0x00, 0x00, 0x3F, 0xFF, 0xFF, 0x90, 0x02, 0xFF, 0xFF, 0xFB, 0x00, 0x00,
    0x00, 0x8F, 0xFF, 0xFF, 0x30, 0x00, 0xAF, 0xFF, 0xFF, 0x20, 0x00, 0x00, 0xDF, 0xFF, 0xFC, 0x00,
    0x00, 0x4F, 0xFF, 0xFF, 0x70, 0x00, 0x03, 0xFF, 0xFF, 0xF6, 0x00, 0x00, 0x0C, 0xFF, 0xFF, 0xD0,
    0x00, 0x08, 0xFF, 0xFF, 0xF1, 0x00, 0x00, 0x06, 0xFF, 0xFF, 0xF4, 0x00, 0x0D, 0xFF, 0xFF, 0xA0,
    0x00, 0x00, 0x01, 0xEF, 0xFF, 0xFA, 0x00, 0x3F, 0xFF, 0xFF, 0x40, 0x00, 0x00, 0x00, 0x8F, 0xFF,
    0xFF, 0x10, 0x8F, 0xFF, 0xFD, 0x00, 0x00, 0x00, 0x00, 0x2F, 0xFF, 0xFF, 0x60, 0xDF, 0xFF, 0xF8,
    0x00, 0x00, 0x00, 0x00, 0x0B, 0xFF, 0xFF, 0xC3, 0xFF, 0xFF, 0xF2, 0x00, 0x00, 0x00, 0x00, 0x04,
    0xFF, 0xFF, 0xFB, 0xFF, 0xFF, 0xB0, 0x00, 0x00, 0x00, 0x00, 0x00, 0xDF, 0xFF, 0xFF, 0xFF, 0xFF,
    0x50, 0x00, 0x00, 0x00, 0x00, 0x00, 0x7F, 0xFF, 0xFF, 0xFF, 0xFE, 0x10, 0x00, 0x00, 0x00, 0x00,
    0x00, 0x1E, 0xFF, 0xFF, 0xFF, 0xF9, 0x00, 0x00, 0x00, 0x00, 0x00, 0x00, 0x09, 0xFF, 0xFF, 0xFF,
    0xF3, 0x00, 0x00, 0x00, 0x00, 0x00, 0x00, 0x03, 0xFF, 0xFF, 0xFF, 0xC0, 0x00, 0x00, 0x00, 0x00,
    0x00, 0x00, 0x00, 0xBF, 0xFF, 0xFF, 0x70, 0x00, 0x00, 0x00, 0x00, 0x00, 0x00, 0x00, 0x6F, 0xFF,
    0xFF, 0x10, 0x00, 0x00, 0x00, 0x00, 0x00, 0x00, 0x00, 0xAF, 0xFF, 0xFA, 0x00, 0x00, 0x00, 0x00,
    0x00, 0x00, 0x00, 0x28, 0xFF, 0xFF, 0xF4, 0x00, 0x00, 0x00, 0x00, 0x00, 0x09, 0xFF, 0xFF, 0xFF,
    0xFF, 0xB0, 0x00, 0x00, 0x00, 0x00, 0x00, 0x09, 0xFF, 0xFF, 0xFF, 0xFE, 0x20, 0x00, 0x00, 0x00,
    0x00, 0x00, 0x09, 0xFF, 0xFF, 0xFF, 0xE4, 0x00, 0x00, 0x00, 0x00, 0x00, 0x00, 0x09, 0xFF, 0xFE,
    0xC8, 0x20, 0x00, 0x00, 0x00, 0x00, 0x00, 0x00, 0x00, 0x00, 0x01, 0xFF, 0xFF, 0xFF, 0xFF, 0xFF,
    0x60, 0x00, 0x00, 0x00, 0x00, 0x00, 0x00, 0x01, 0xFF, 0xFF, 0xFF, 0xFF, 0xFF, 0x60, 0x00, 0x00,
    0x00, 0x00, 0x00, 0x00, 0x01, 0xFF, 0xFF, 0xFF, 0xFF, 0xFF, 0x60, 0x00, 0x00, 0x00, 0x00, 0x00,
    0x00, 0x00, 0x00, 0x00, 0x00, 0x00, 0x00, 0x00, 0x00, 0x00, 0x00, 0x00, 0x00, 0x00, 0x00, 0x00,
    0x00, 0x00, 0x00, 0x00, 0x00, 0x00, 0x00, 0x00, 0x00, 0x00, 0x00, 0x00, 0x00, 0x00, 0x00, 0x00,
    0x00, 0x00, 0x00, 0x00, 0x00, 0x00, 0x00, 0x00, 0x00, 0x0D, 0xFF, 0xFF, 0xFF, 0xF2, 0x00, 0x00,
    0x00, 0x00, 0x00, 0x00, 0x00, 0x00, 0x3F, 0xFF, 0xFF, 0xFF, 0xF8, 0x00, 0x00, 0x00, 0x00, 0x00,
    0x00, 0x00, 0x00, 0x9F, 0xFF, 0xFF, 0xFF, 0xFD, 0x00, 0x00, 0x00, 0x00, 0x00, 0x00, 0x00, 0x00,
    0xEF, 0xFF, 0xFF, 0xFF, 0xFF, 0x40, 0x00, 0x00, 0x00, 0x00, 0x00, 0x00, 0x05, 0xFF, 0xFF, 0xFF,
    0xFF, 0xFF, 0x90, 0x00, 0x00, 0x00, 0x00, 0x00, 0x00, 0x0A, 0xFF, 0xFF, 0xFF, 0xFF, 0xFF, 0xE1,
    0x00, 0x00, 0x00, 0x00, 0x00, 0x00, 0x1F, 0xFF, 0xFF, 0xEA, 0xFF, 0xFF, 0xF5, 0x00, 0x00, 0x00,
    0x00, 0x00, 0x00, 0x6F, 0xFF, 0xFF, 0xA5, 0xFF, 0xFF, 0xFB, 0x00, 0x00, 0x00, 0x00, 0x00, 0x00,
    0xCF, 0xFF, 0xFF, 0x50, 0xEF, 0xFF, 0xFF, 0x10, 0x00, 0x00, 0x00, 0x00, 0x02, 0xFF, 0xFF, 0xFE,
    0x00, 0xAF, 0xFF, 0xFF, 0x70, 0x00, 0x00, 0x00, 0x00, 0x08, 0xFF, 0xFF, 0xF9, 0x00, 0x5F, 0xFF,
    0xFF, 0xC0, 0x00, 0x00, 0x00, 0x00, 0x0D, 0xFF, 0xFF, 0xF4, 0x00, 0x0E, 0xFF, 0xFF, 0xF3, 0x00,
    0x00, 0x00, 0x00, 0x4F, 0xFF, 0xFF, 0xE0, 0x00, 0x09, 0xFF, 0xFF, 0xF8, 0x00, 0x00, 0x00, 0x00,
    0x9F, 0xFF, 0xFF, 0x90, 0x00, 0x04, 0xFF, 0xFF, 0xFE, 0x00, 0x00, 0x00, 0x00, 0xEF, 0xFF, 0xFF,
    0x40, 0x00, 0x00, 0xEF, 0xFF, 0xFF, 0x40, 0x00, 0x00, 0x05, 0xFF, 0xFF, 0xFE, 0x00, 0x00, 0x00,
    0x9F, 0xFF, 0xFF, 0xA0, 0x00, 0x00, 0x0B, 0xFF, 0xFF, 0xFF, 0xFF, 0xFF, 0xFF, 0xFF, 0xFF, 0xFF,
    0xE1, 0x00, 0x00, 0x1F, 0xFF, 0xFF, 0xFF, 0xFF, 0xFF, 0xFF, 0xFF, 0xFF, 0xFF, 0xF6, 0x00, 0x00,
    0x7F, 0xFF, 0xFF, 0xFF, 0xFF, 0xFF, 0xFF, 0xFF, 0xFF, 0xFF, 0xFB, 0x00, 0x00, 0xCF, 0xFF, 0xFF,
    0xFF, 0xFF, 0xFF, 0xFF, 0xFF, 0xFF, 0xFF, 0xFF, 0x20, 0x03, 0xFF, 0xFF, 0xFF, 0xFF, 0xFF, 0xFF,
    0xFF, 0xFF, 0xFF, 0xFF, 0xFF, 0x70, 0x08, 0xFF, 0xFF, 0xFE, 0x10, 0x00, 0x00, 0x00, 0x00, 0xAF,
    0xFF, 0xFF, 0xD0, 0x0E, 0xFF, 0xFF, 0xF9, 0x00, 0x00, 0x00, 0x00, 0x00, 0x4F, 0xFF, 0xFF, 0xF3,
    0x4F, 0xFF, 0xFF, 0xF3, 0x00, 0x00, 0x00, 0x00, 0x00, 0x0D, 0xFF, 0xFF, 0xF9, 0xAF, 0xFF, 0xFF,
    0xC0, 0x00, 0x00, 0x00, 0x00, 0x00, 0x07, 0xFF, 0xFF, 0xFE, 0x00, 0x00, 0x7F, 0xFF, 0xFF, 0xFF,
    0xFF, 0xF0, 0x00, 0x00, 0x00, 0x00, 0x7F, 0xFF, 0xFF, 0xFF, 0xFF, 0xF0, 0x00, 0x00, 0x00, 0x00,
    0x7F, 0xFF, 0xFF, 0xFF, 0xFF, 0xF0, 0x00, 0x00, 0x00, 0x00, 0x00, 0x00, 0x00, 0x00, 0x00, 0x00,
    0x00, 0x00, 0x00, 0x00, 0x00, 0x00, 0x00, 0x00, 0x00, 0x00, 0x00, 0x00, 0x00, 0x00, 0x00, 0x00,
    0x00, 0x00, 0x00, 0x00, 0x00, 0x00, 0x00, 0x00, 0x00, 0x00, 0x00, 0x00, 0x00, 0x00, 0x00, 0x00,
    0x00, 0x14, 0x7A, 0xCD, 0xEF, 0xEE, 0xC9, 0x50, 0x00, 0x00, 0x00, 0xEF, 0xFF, 0xFF, 0xFF, 0xFF,
    0xFF, 0xFE, 0x50, 0x00, 0x00, 0xEF, 0xFF, 0xFF, 0xFF, 0xFF, 0xFF, 0xFF, 0xF7, 0x00, 0x00, 0xEF,
    0xFF, 0xFF, 0xFF, 0xFF, 0xFF, 0xFF, 0xFF, 0x30, 0x00, 0xEF, 0xB6, 0x31, 0x00, 0x26, 0xDF, 0xFF,
    0xFF, 0xA0, 0x00, 0xA3, 0x00, 0x00, 0x00, 0x00, 0x1E, 0xFF, 0xFF, 0xE0, 0x00, 0x00, 0x00, 0x00,
    0x00, 0x00, 0x0B, 0xFF, 0xFF, 0xF2, 0x00, 0x00, 0x59, 0xBD, 0xEF, 0xFF, 0xFF, 0xFF, 0xFF, 0xF3,
    0x00, 0x5D, 0xFF, 0xFF, 0xFF, 0xFF, 0xFF, 0xFF, 0xFF, 0xF4, 0x05, 0xFF, 0xFF, 0xFF, 0xFF, 0xFF,
    0xFF, 0xFF, 0xFF, 0xF4, 0x1E, 0xFF, 0xFF, 0xFF, 0xFF, 0xFF, 0xFF, 0xFF, 0xFF, 0xF4, 0x5F, 0xFF,
    0xFF, 0xF8, 0x31, 0x00, 0x0B, 0xFF, 0xFF, 0xF4, 0x7F, 0xFF, 0xFF, 0x90, 0x00, 0x00, 0x0D, 0xFF,
    0xFF, 0xF4, 0x7F, 0xFF, 0xFF, 0x90, 0x00, 0x00, 0x6F, 0xFF, 0xFF, 0xF4, 0x6F, 0xFF, 0xFF, 0xF6,
    0x11, 0x39, 0xFF, 0xFF, 0xFF, 0xF4, 0x1E, 0xFF, 0xFF, 0xFF, 0xFF, 0xFF, 0xFF, 0xFF, 0xFF, 0xF4,
    0x07, 0xFF, 0xFF, 0xFF, 0xFF, 0xFF, 0xCB, 0xFF, 0xFF, 0xF4, 0x00, 0x8F, 0xFF, 0xFF, 0xFF, 0xFA,
    0x1B, 0xFF, 0xFF, 0xF4, 0x00, 0x03, 0x9D, 0xFE, 0xDA, 0x40, 0x0B, 0xFF, 0xFF, 0xF4, 0x00, 0x00,
    0x00, 0x06, 0xFF, 0x20, 0x00, 0x00, 0xDF, 0x90, 0x00, 0x00, 0x00, 0x00, 0x00, 0x00, 0x04, 0xFF,
    0xC4, 0x11, 0x3B, 0xFF, 0x60, 0x00, 0x00, 0x00, 0x00, 0x00, 0x00, 0x00, 0xDF, 0xFF, 0xFF, 0xFF,
    0xFE, 0x10, 0x00, 0x00, 0x00, 0x00, 0x00, 0x00, 0x00, 0x3E, 0xFF, 0xFF, 0xFF, 0xF5, 0x00, 0x00,
    0x00, 0x00, 0x00, 0x00, 0x00, 0x00, 0x02, 0x8D, 0xFF, 0xD9, 0x30, 0x00, 0x00, 0x00, 0x00, 0x00,
    0x00, 0x00, 0x00, 0x00, 0x00, 0x00, 0x00, 0x00, 0x00, 0x00, 0x00, 0x00, 0x00, 0x00, 0x00, 0x00,
    0x00, 0x00, 0x00, 0x00, 0x00, 0x00, 0x00, 0x00, 0x00, 0x00, 0x00, 0x00, 0x00, 0x0D, 0xFF, 0xFF,
    0xFF, 0xF2, 0x00, 0x00, 0x00, 0x00, 0x00, 0x00, 0x00, 0x00, 0x3F, 0xFF, 0xFF, 0xFF, 0xF8, 0x00,
    0x00, 0x00, 0x00, 0x00, 0x00, 0x00, 0x00, 0x9F, 0xFF, 0xFF, 0xFF, 0xFD, 0x00, 0x00, 0x00, 0x00,
    0x00, 0x00, 0x00, 0x00, 0xEF, 0xFF, 0xFF, 0xFF, 0xFF, 0x40, 0x00, 0x00, 0x00, 0x00, 0x00, 0x00,
    0x05, 0xFF, 0xFF, 0xFF, 0xFF, 0xFF, 0x90, 0x00, 0x00, 0x00, 0x00, 0x00, 0x00, 0x0A, 0xFF, 0xFF,
    0xFF, 0xFF, 0xFF, 0xE1, 0x00, 0x00, 0x00, 0x00, 0x00, 0x00, 0x1F, 0xFF, 0xFF, 0xEA, 0xFF, 0xFF,
    0xF5, 0x00, 0x00, 0x00, 0x00, 0x00, 0x00, 0x6F, 0xFF, 0xFF, 0xA5, 0xFF, 0xFF, 0xFB, 0x00, 0x00,
    0x00, 0x00, 0x00, 0x00, 0xCF, 0xFF, 0xFF, 0x50, 0xEF, 0xFF, 0xFF, 0x10, 0x00, 0x00, 0x00, 0x00,
    0x02, 0xFF, 0xFF, 0xFE, 0x00, 0xAF, 0xFF, 0xFF, 0x70, 0x00, 0x00, 0x00, 0x00, 0x08, 0xFF, 0xFF,
    0xF9, 0x00, 0x5F, 0xFF, 0xFF, 0xC0, 0x00, 0x00, 0x00, 0x00, 0x0D, 0xFF, 0xFF, 0xF4, 0x00, 0x0E,
    0xFF, 0xFF, 0xF3, 0x00, 0x00, 0x00, 0x00, 0x4F, 0xFF, 0xFF, 0xE0, 0x00, 0x09, 0xFF, 0xFF, 0xF8,
    0x00, 0x00, 0x00, 0x00, 0x9F, 0xFF, 0xFF, 0x90, 0x00, 0x04, 0xFF, 0xFF, 0xFE, 0x00, 0x00, 0x00,
    0x00, 0xEF, 0xFF, 0xFF, 0x40, 0x00, 0x00, 0xEF, 0xFF, 0xFF, 0x40, 0x00, 0x00, 0x05, 0xFF, 0xFF,
    0xFE, 0x00, 0x00, 0x00, 0x9F, 0xFF, 0xFF, 0xA0, 0x00, 0x00, 0x0B, 0xFF, 0xFF, 0xFF, 0xFF, 0xFF,
    0xFF, 0xFF, 0xFF, 0xFF, 0xE1, 0x00, 0x00, 0x1F, 0xFF, 0xFF, 0xFF, 0xFF, 0xFF, 0xFF, 0xFF, 0xFF,
    0xFF, 0xF6, 0x00, 0x00, 0x7F, 0xFF, 0xFF, 0xFF, 0xFF, 0xFF, 0xFF, 0xFF, 0xFF, 0xFF, 0xFB, 0x00,
    0x00, 0xCF, 0xFF, 0xFF, 0xFF, 0xFF, 0xFF, 0xFF, 0xFF, 0xFF, 0xFF, 0xFF, 0x20, 0x03, 0xFF, 0xFF,
    0xFF, 0xFF, 0xFF, 0xFF, 0xFF, 0xFF, 0xFF, 0xFF, 0xFF, 0x70, 0x08, 0xFF, 0xFF, 0xFE, 0x10, 0x00,
    0x00, 0x00, 0x00, 0xAF, 0xFF, 0xFF, 0xD0, 0x0E, 0xFF, 0xFF, 0xF9, 0x00, 0x00, 0x00, 0x00, 0x00,
    0x4F, 0xFF, 0xFF, 0xF3, 0x4F, 0xFF, 0xFF, 0xF3, 0x00, 0x00, 0x00, 0x00, 0x00, 0x0D, 0xFF, 0xFF,
    0xF9, 0xAF, 0xFF, 0xFF, 0xC0, 0x00, 0x00, 0x00, 0x00, 0x00, 0x07, 0xFF, 0xFF, 0xFE, 0x00, 0x00,
    0x06, 0xFF, 0x20, 0x00, 0x00, 0xDF, 0xA0, 0x00, 0x00, 0x00, 0x03, 0xFF, 0xD4, 0x11, 0x3B, 0xFF,
    0x70, 0x00, 0x00, 0x00, 0x00, 0xCF, 0xFF, 0xFF, 0xFF, 0xFE, 0x20, 0x00, 0x00, 0x00, 0x00, 0x3E,
    0xFF, 0xFF, 0xFF, 0xF5, 0x00, 0x00, 0x00, 0x00, 0x00, 0x01, 0x8D, 0xEF, 0xD9, 0x30, 0x00, 0x00,
    0x00, 0x00, 0x00, 0x00, 0x00, 0x00, 0x00, 0x00, 0x00, 0x00, 0x00, 0x00, 0x00, 0x00, 0x00, 0x00,
    0x00, 0x00, 0x00, 0x00, 0x00, 0x00, 0x00, 0x00, 0x00, 0x00, 0x00, 0x00, 0x00, 0x00, 0x00, 0x14,
    0x7A, 0xCD, 0xEF, 0xEE, 0xC9, 0x50, 0x00, 0x00, 0x00, 0xEF, 0xFF, 0xFF, 0xFF, 0xFF, 0xFF, 0xFE,
    0x50, 0x00, 0x00, 0xEF, 0xFF, 0xFF, 0xFF, 0xFF, 0xFF, 0xFF, 0xF7, 0x00, 0x00, 0xEF, 0xFF, 0xFF,
    0xFF, 0xFF, 0xFF, 0xFF, 0xFF, 0x30, 0x00, 0xEF, 0xB6, 0x31, 0x00, 0x26, 0xDF, 0xFF, 0xFF, 0xA0,
    0x00, 0xA3, 0x00, 0x00, 0x00, 0x00, 0x1E, 0xFF, 0xFF, 0xE0, 0x00, 0x00, 0x00, 0x00, 0x00, 0x00,
    0x0B, 0xFF, 0xFF, 0xF2, 0x00, 0x00, 0x59, 0xBD, 0xEF, 0xFF, 0xFF, 0xFF, 0xFF, 0xF3, 0x00, 0x5D,
    0xFF, 0xFF, 0xFF, 0xFF, 0xFF, 0xFF, 0xFF, 0xF4, 0x05, 0xFF, 0xFF, 0xFF, 0xFF, 0xFF, 0xFF, 0xFF,
    0xFF, 0xF4, 0x1E, 0xFF, 0xFF, 0xFF, 0xFF, 0xFF, 0xFF, 0xFF, 0xFF, 0xF4, 0x5F, 0xFF, 0xFF, 0xF8,
    0x31, 0x00, 0x0B, 0xFF, 0xFF, 0xF4, 0x7F, 0xFF, 0xFF, 0x90, 0x00, 0x00, 0x0D, 0xFF, 0xFF, 0xF4,
    0x7F, 0xFF, 0xFF, 0x90, 0x00, 0x00, 0x6F, 0xFF, 0xFF, 0xF4, 0x6F, 0xFF, 0xFF, 0xF6, 0x11, 0x39,
    0xFF, 0xFF, 0xFF, 0xF4, 0x1E, 0xFF, 0xFF, 0xFF, 0xFF, 0xFF, 0xFF, 0xFF, 0xFF, 0xF4, 0x07, 0xFF,
    0xFF, 0xFF, 0xFF, 0xFF, 0xCB, 0xFF, 0xFF, 0xF4, 0x00, 0x8F, 0xFF, 0xFF, 0xFF, 0xFA, 0x1B, 0xFF,
    0xFF, 0xF4, 0x00, 0x03, 0x9D, 0xFE, 0xDA, 0x40, 0x0B, 0xFF, 0xFF, 0xF4, 0x00, 0x00, 0x00, 0x00,
    0x0D, 0xFF, 0xFF, 0xFF, 0xF2, 0x00, 0x00, 0x00, 0x00, 0x00, 0x00, 0x00, 0x00, 0x3F, 0xFF, 0xFF,
    0xFF, 0xF8, 0x00, 0x00, 0x00, 0x00, 0x00, 0x00, 0x00, 0x00, 0x9F, 0xFF, 0xFF, 0xFF, 0xFD, 0x00,
    0x00, 0x00, 0x00, 0x00, 0x00, 0x00, 0x00, 0xEF, 0xFF, 0xFF, 0xFF, 0xFF, 0x40, 0x00, 0x00, 0x00,
    0x00, 0x00, 0x00, 0x05, 0xFF, 0xFF, 0xFF, 0xFF, 0xFF, 0x90, 0x00, 0x00, 0x00, 0x00, 0x00, 0x00,
    0x0A, 0xFF, 0xFF, 0xFF, 0xFF, 0xFF, 0xE1, 0x00, 0x00, 0x00, 0x00, 0x00, 0x00, 0x1F, 0xFF, 0xFF,
    0xEA, 0xFF, 0xFF, 0xF5, 0x00, 0x00, 0x00, 0x00, 0x00, 0x00, 0x6F, 0xFF, 0xFF, 0xA5, 0xFF, 0xFF,
    0xFB, 0x00, 0x00, 0x00, 0x00, 0x00, 0x00, 0xCF, 0xFF, 0xFF, 0x50, 0xEF, 0xFF, 0xFF, 0x10, 0x00,
    0x00, 0x00, 0x00, 0x02, 0xFF, 0xFF, 0xFE, 0x00, 0xAF, 0xFF, 0xFF, 0x70, 0x00, 0x00, 0x00, 0x00,
    0x08, 0xFF, 0xFF, 0xF9, 0x00, 0x5F, 0xFF, 0xFF, 0xC0, 0x00, 0x00, 0x00, 0x00, 0x0D, 0xFF, 0xFF,
    0xF4, 0x00, 0x0E, 0xFF, 0xFF, 0xF3, 0x00, 0x00, 0x00, 0x00, 0x4F, 0xFF, 0xFF, 0xE0, 0x00, 0x09,
    0xFF, 0xFF, 0xF8, 0x00, 0x00, 0x00, 0x00, 0x9F, 0xFF, 0xFF, 0x90, 0x00, 0x04, 0xFF, 0xFF, 0xFE,
    0x00, 0x00, 0x00, 0x00, 0xEF, 0xFF, 0xFF, 0x40, 0x00, 0x00, 0xEF, 0xFF, 0xFF, 0x40, 0x00, 0x00,
    0x05, 0xFF, 0xFF, 0xFE, 0x00, 0x00, 0x00, 0x9F, 0xFF, 0xFF, 0xA0, 0x00, 0x00, 0x0B, 0xFF, 0xFF,
    0xFF, 0xFF, 0xFF, 0xFF, 0xFF, 0xFF, 0xFF, 0xE1, 0x00, 0x00, 0x1F, 0xFF, 0xFF, 0xFF, 0xFF, 0xFF,
    0xFF, 0xFF, 0xFF, 0xFF, 0xF6, 0x00, 0x00, 0x7F, 0xFF, 0xFF, 0xFF, 0xFF, 0xFF, 0xFF, 0xFF, 0xFF,
    0xFF, 0xFB, 0x00, 0x00, 0xCF, 0xFF, 0xFF, 0xFF, 0xFF, 0xFF, 0xFF, 0xFF, 0xFF, 0xFF, 0xFF, 0x20,
    0x03, 0xFF, 0xFF, 0xFF, 0xFF, 0xFF, 0xFF, 0xFF, 0xFF, 0xFF, 0xFF, 0xFF, 0x70, 0x08, 0xFF, 0xFF,
    0xFE, 0x10, 0x00, 0x00, 0x00, 0x00, 0xAF, 0xFF, 0xFF, 0xD0, 0x0E, 0xFF, 0xFF, 0xF9, 0x00, 0x00,
    0x00, 0x00, 0x00, 0x4F, 0xFF, 0xFF, 0xF3, 0x4F, 0xFF, 0xFF, 0xF3, 0x00, 0x00, 0x00, 0x00, 0x00,
    0x0D, 0xFF, 0xFF, 0xF9, 0xAF, 0xFF, 0xFF, 0xC0, 0x00, 0x00, 0x00, 0x00, 0x00, 0x07, 0xFF, 0xFF,
    0xFE, 0x00, 0x00, 0x00, 0x00, 0x00, 0x00, 0x00, 0x00, 0x00, 0x0A, 0xFB, 0x00, 0x00, 0x00, 0x00,
    0x00, 0x00, 0x00, 0x00, 0x00, 0x00, 0x00, 0x6F, 0xF3, 0x00, 0x00, 0x00, 0x00, 0x00, 0x00, 0x00,
    0x00, 0x00, 0x00, 0x00, 0xDF, 0xC0, 0x00, 0x00, 0x00, 0x00, 0x00, 0x00, 0x00, 0x00, 0x00, 0x00,
    0x01, 0xFF, 0xA0, 0x00, 0x00, 0x00, 0x00, 0x00, 0x00, 0x00, 0x00, 0x00, 0x00, 0x01, 0xFF, 0xE4,
    0x13, 0xA0, 0x00, 0x00, 0x00, 0x00, 0x00, 0x00, 0x00, 0x00, 0x00, 0xAF, 0xFF, 0xFF, 0xF0, 0x00,
    0x00, 0x00, 0x00, 0x00, 0x00, 0x00, 0x00, 0x00, 0x17, 0xDE, 0xFF, 0xF0, 0x00, 0x14, 0x7A, 0xCD,
    0xEF, 0xEE, 0xC9, 0x50, 0x00, 0x00, 0x00, 0xEF, 0xFF, 0xFF, 0xFF, 0xFF, 0xFF, 0xFE, 0x50, 0x00,
    0x00, 0xEF, 0xFF, 0xFF, 0xFF, 0xFF, 0xFF, 0xFF, 0xF7, 0x00, 0x00, 0xEF, 0xFF, 0xFF, 0xFF, 0xFF,
    0xFF, 0xFF, 0xFF, 0x30, 0x00, 0xEF, 0xB6, 0x31, 0x00, 0x26, 0xDF, 0xFF, 0xFF, 0xA0, 0x00, 0xA3,
    0x00, 0x00, 0x00, 0x00, 0x1E, 0xFF, 0xFF, 0xE0, 0x00, 0x00, 0x00, 0x00, 0x00, 0x00, 0x0B, 0xFF,
    0xFF, 0xF2, 0x00, 0x00, 0x59, 0xBD, 0xEF, 0xFF, 0xFF, 0xFF, 0xFF, 0xF3, 0x00, 0x5D, 0xFF, 0xFF,
    0xFF, 0xFF, 0xFF, 0xFF, 0xFF, 0xF4, 0x05, 0xFF, 0xFF, 0xFF, 0xFF, 0xFF, 0xFF, 0xFF, 0xFF, 0xF4,
    0x1E, 0xFF, 0xFF, 0xFF, 0xFF, 0xFF, 0xFF, 0xFF, 0xFF, 0xF4, 0x5F, 0xFF, 0xFF, 0xF8, 0x31, 0x00,
    0x0B, 0xFF, 0xFF, 0xF4, 0x7F, 0xFF, 0xFF, 0x90, 0x00, 0x00, 0x0D, 0xFF, 0xFF, 0xF4, 0x7F, 0xFF,
    0xFF, 0x90, 0x00, 0x00, 0x6F, 0xFF, 0xFF, 0xF4, 0x6F, 0xFF, 0xFF, 0xF6, 0x11, 0x39, 0xFF, 0xFF,
    0xFF, 0xF4, 0x1E, 0xFF, 0xFF, 0xFF, 0xFF, 0xFF, 0xFF, 0xFF, 0xFF, 0xF4, 0x07, 0xFF, 0xFF, 0xFF,
    0xFF, 0xFF, 0xCB, 0xFF, 0xFF, 0xF4, 0x00, 0x8F, 0xFF, 0xFF, 0xFF, 0xFA, 0x1B, 0xFF, 0xFF, 0xF4,
    0x00, 0x03, 0x9D, 0xFE, 0xDA, 0x40, 0x0B, 0xFF, 0xFF, 0xF4, 0x00, 0x00, 0x00, 0x00, 0x00, 0x00,
    0x2E, 0xF6, 0x00, 0x00, 0x00, 0x00, 0x00, 0x00, 0x00, 0x00, 0xBF, 0xC0, 0x00, 0x00, 0x00, 0x00,
    0x00, 0x00, 0x00, 0x03, 0xFF, 0x60, 0x00, 0x00, 0x00, 0x00, 0x00, 0x00, 0x00, 0x07, 0xFF, 0x50,
    0x00, 0x00, 0x00, 0x00, 0x00, 0x00, 0x00, 0x06, 0xFF, 0xB2, 0x15, 0x70, 0x00, 0x00, 0x00, 0x00,
    0x00, 0x02, 0xEF, 0xFF, 0xFF, 0x90, 0x00, 0x00, 0x00, 0x00, 0x00, 0x00, 0x3A, 0xDF, 0xFF, 0x90,
    0x00, 0x00, 0x00, 0x00, 0x00, 0x00, 0x03, 0xEF, 0xFF, 0x60, 0x00, 0x00, 0x00, 0x00, 0x00, 0x00,
    0x00, 0x1D, 0xFF, 0xE4, 0x00, 0x00, 0x00, 0x00, 0x00, 0x00, 0x00, 0x00, 0xBF, 0xFD, 0x20, 0x00,
    0x00, 0x00, 0x00, 0x00, 0x00, 0x00, 0x09, 0xFF, 0xB1, 0x00, 0x00, 0x00, 0x00, 0x00, 0x00, 0x00,
    0x00, 0x00, 0x00, 0x00, 0x00, 0x00, 0x00, 0x00, 0x00, 0x00, 0x00, 0x00, 0x00, 0x00, 0x00, 0x00,
    0x00, 0x00, 0x00, 0x00, 0x00, 0x00, 0x26, 0x9C, 0xDE, 0xFE, 0xC9, 0x61, 0x00, 0x00, 0x00, 0x00,
    0x3A, 0xFF, 0xFF, 0xFF, 0xFF, 0xFF, 0xFF, 0x92, 0x00, 0x00, 0x08, 0xFF, 0xFF, 0xFF, 0xFF, 0xFF,
    0xFF, 0xFF, 0xFC, 0x00, 0x00, 0xBF, 0xFF, 0xFF, 0xFF, 0xFF, 0xFF, 0xFF, 0xFF, 0xFC, 0x00, 0x0A,
    0xFF, 0xFF, 0xFF, 0xFF, 0xFF, 0xFF, 0xFF, 0xFF, 0xFC, 0x00, 0x7F, 0xFF, 0xFF, 0xFF, 0xE8, 0x41,
    0x01, 0x25, 0x9E, 0xFC, 0x01, 0xEF, 0xFF, 0xFF, 0xFC, 0x10, 0x00, 0x00, 0x00, 0x00, 0x59, 0x07,
    0xFF, 0xFF, 0xFF, 0xC1, 0x00, 0x00, 0x00, 0x00, 0x00, 0x00, 0x0B, 0xFF, 0xFF, 0xFF, 0x30, 0x00,
    0x00, 0x00, 0x00, 0x00, 0x00, 0x1F, 0xFF, 0xFF, 0xFC, 0x00, 0x00, 0x00, 0x00, 0x00, 0x00, 0x00,
    0x2F, 0xFF, 0xFF, 0xF8, 0x00, 0x00, 0x00, 0x00, 0x00, 0x00, 0x00, 0x3F, 0xFF, 0xFF, 0xF6, 0x00,
    0x00, 0x00, 0x00, 0x00, 0x00, 0x00, 0x4F, 0xFF, 0xFF, 0xF5, 0x00, 0x00, 0x00, 0x00, 0x00, 0x00,
    0x00, 0x3F, 0xFF, 0xFF, 0xF6, 0x00, 0x00, 0x00, 0x00, 0x00, 0x00, 0x00, 0x2F, 0xFF, 0xFF, 0xF8,
    0x00, 0x00, 0x00, 0x00, 0x00, 0x00, 0x00, 0x1F, 0xFF, 0xFF, 0xFC, 0x00, 0x00, 0x00, 0x00, 0x00,
    0x00, 0x00, 0x0B, 0xFF, 0xFF, 0xFF, 0x30, 0x00, 0x00, 0x00, 0x00, 0x00, 0x00, 0x07, 0xFF, 0xFF,
    0xFF, 0xC1, 0x00, 0x00, 0x00, 0x00, 0x00, 0x00, 0x01, 0xEF, 0xFF, 0xFF, 0xFC, 0x10, 0x00, 0x00,
    0x00, 0x00, 0x59, 0x00, 0x7F, 0xFF, 0xFF, 0xFF, 0xE8, 0x41, 0x01, 0x25, 0x9E, 0xFC, 0x00, 0x0A,
    0xFF, 0xFF, 0xFF, 0xFF, 0xFF, 0xFF, 0xFF, 0xFF, 0xFC, 0x00, 0x01, 0xBF, 0xFF, 0xFF, 0xFF, 0xFF,
    0xFF, 0xFF, 0xFF, 0xFC, 0x00, 0x00, 0x08, 0xFF, 0xFF, 0xFF, 0xFF, 0xFF, 0xFF, 0xFF, 0xFC, 0x00,
    0x00, 0x00, 0x3A, 0xFF, 0xFF, 0xFF, 0xFF, 0xFF, 0xFF, 0x92, 0x00, 0x00, 0x00, 0x00, 0x26, 0x9C,
    0xDE, 0xFE, 0xC9, 0x61, 0x00, 0x00, 0x00, 0x00, 0x00, 0x00, 0x00, 0x3F, 0xFF, 0xF6, 0x00, 0x00,
    0x00, 0x00, 0x00, 0x01, 0xDF, 0xFF, 0x60, 0x00, 0x00, 0x00, 0x00, 0x00, 0x0B, 0xFF, 0xF6, 0x00,
    0x00, 0x00, 0x00, 0x00, 0x00, 0x7F, 0xFF, 0x60, 0x00, 0x00, 0x00, 0x00, 0x00, 0x04, 0xFF, 0xF5,
    0x00, 0x00, 0x00, 0x00, 0x00, 0x00, 0x2E, 0xFF, 0x50, 0x00, 0x00, 0x00, 0x00, 0x00, 0x00, 0x00,
    0x00, 0x00, 0x00, 0x00, 0x00, 0x00, 0x00, 0x00, 0x00, 0x00, 0x00, 0x00, 0x00, 0x00, 0x00, 0x00,
    0x48, 0xCD, 0xEF, 0xDC, 0x95, 0x10, 0x00, 0x00, 0x5D, 0xFF, 0xFF, 0xFF, 0xFF, 0xFF, 0xD0, 0x00,
    0x09, 0xFF, 0xFF, 0xFF, 0xFF, 0xFF, 0xFF, 0xD0, 0x00, 0x9F, 0xFF, 0xFF, 0xFF, 0xFF, 0xFF, 0xFF,
    0xD0, 0x04, 0xFF, 0xFF, 0xFF, 0xE7, 0x20, 0x13, 0x8E, 0xD0, 0x0C, 0xFF, 0xFF, 0xFE, 0x20, 0x00,
    0x00, 0x01, 0x90, 0x2F, 0xFF, 0xFF, 0xF5, 0x00, 0x00, 0x00, 0x00, 0x00, 0x5F, 0xFF, 0xFF, 0xE0,
    0x00, 0x00, 0x00, 0x00, 0x00, 0x7F, 0xFF, 0xFF, 0xB0, 0x00, 0x00, 0x00, 0x00, 0x00, 0x8F, 0xFF,
    0xFF, 0xA0, 0x00, 0x00, 0x00, 0x00, 0x00, 0x7F, 0xFF, 0xFF, 0xB0, 0x00, 0x00, 0x00, 0x00, 0x00,
    0x5F, 0xFF, 0xFF, 0xE0, 0x00, 0x00, 0x00, 0x00, 0x00, 0x2F, 0xFF, 0xFF, 0xF5, 0x00, 0x00, 0x00,
    0x00, 0x00, 0x0C, 0xFF, 0xFF, 0xFE, 0x20, 0x00, 0x00, 0x01, 0x90, 0x04, 0xFF, 0xFF, 0xFF, 0xE7,
    0x20, 0x13, 0x8E, 0xD0, 0x00, 0x9F, 0xFF, 0xFF, 0xFF, 0xFF, 0xFF, 0xFF, 0xD0, 0x00, 0x09, 0xFF,
    0xFF, 0xFF, 0xFF, 0xFF, 0xFF, 0xD0, 0x00, 0x00, 0x5D, 0xFF, 0xFF, 0xFF, 0xFF, 0xFF, 0xD0, 0x00,
    0x00, 0x00, 0x48, 0xCD, 0xEF, 0xDC, 0x96, 0x20, 0x00, 0x00, 0x00, 0x00, 0x00, 0x1C, 0xFF, 0xFF,
    0xE3, 0x00, 0x00, 0x00, 0x00, 0x00, 0x00, 0x01, 0xCF, 0xFE, 0xCF, 0xFE, 0x20, 0x00, 0x00, 0x00,
    0x00, 0x00, 0x0B, 0xFF, 0xB2, 0x09, 0xFF, 0xD2, 0x00, 0x00, 0x00, 0x00, 0x00, 0xAF, 0xF7, 0x00,
    0x00, 0x5E, 0xFD, 0x10, 0x00, 0x00, 0x00, 0x00, 0x00, 0x00, 0x00, 0x00, 0x00, 0x00, 0x00, 0x00,
    0x00, 0x00, 0x00, 0x00, 0x00, 0x00, 0x00, 0x00, 0x00, 0x00, 0x00, 0x00, 0x00, 0x00, 0x26, 0x9C,
    0xDE, 0xFE, 0xC9, 0x61, 0x00, 0x00, 0x00, 0x00, 0x3A, 0xFF, 0xFF, 0xFF, 0xFF, 0xFF, 0xFF, 0x92,
    0x00, 0x00, 0x08, 0xFF, 0xFF, 0xFF, 0xFF, 0xFF, 0xFF, 0xFF, 0xFC, 0x00, 0x00, 0xBF, 0xFF, 0xFF,
    0xFF, 0xFF, 0xFF, 0xFF, 0xFF, 0xFC, 0x00, 0x0A, 0xFF, 0xFF, 0xFF, 0xFF, 0xFF, 0xFF, 0xFF, 0xFF,
    0xFC, 0x00, 0x7F, 0xFF, 0xFF, 0xFF, 0xE8, 0x41, 0x01, 0x25, 0x9E, 0xFC, 0x01, 0xEF, 0xFF, 0xFF,
    0xFC, 0x10, 0x00, 0x00, 0x00, 0x00, 0x59, 0x07, 0xFF, 0xFF, 0xFF, 0xC1, 0x00, 0x00, 0x00, 0x00,
    0x00, 0x00, 0x0B, 0xFF, 0xFF, 0xFF, 0x30, 0x00, 0x00, 0x00, 0x00, 0x00, 0x00, 0x1F, 0xFF, 0xFF,
    0xFC, 0x00, 0x00, 0x00, 0x00, 0x00, 0x00, 0x00, 0x2F, 0xFF, 0xFF, 0xF8, 0x00, 0x00, 0x00, 0x00,
    0x00, 0x00, 0x00, 0x3F, 0xFF, 0xFF, 0xF6, 0x00, 0x00, 0x00, 0x00, 0x00, 0x00, 0x00, 0x4F, 0xFF,
    0xFF, 0xF5, 0x00, 0x00, 0x00, 0x00, 0x00, 0x00, 0x00, 0x3F, 0xFF, 0xFF, 0xF6, 0x00, 0x00, 0x00,
    0x00, 0x00, 0x00, 0x00, 0x2F, 0xFF, 0xFF, 0xF8, 0x00, 0x00, 0x00, 0x00, 0x00, 0x00, 0x00, 0x1F,
    0xFF, 0xFF, 0xFC, 0x00, 0x00, 0x00, 0x00, 0x00, 0x00, 0x00, 0x0B, 0xFF, 0xFF, 0xFF, 0x30, 0x00,
    0x00, 0x00, 0x00, 0x00, 0x00, 0x07, 0xFF, 0xFF, 0xFF, 0xC1, 0x00, 0x00, 0x00, 0x00, 0x00, 0x00,
    0x01, 0xEF, 0xFF, 0xFF, 0xFC, 0x10, 0x00, 0x00, 0x00, 0x00, 0x59, 0x00, 0x7F, 0xFF, 0xFF, 0xFF,
    0xE8, 0x41, 0x01, 0x25, 0x9E, 0xFC, 0x00, 0x0A, 0xFF, 0xFF, 0xFF, 0xFF, 0xFF, 0xFF, 0xFF, 0xFF,
    0xFC, 0x00, 0x01, 0xBF, 0xFF, 0xFF, 0xFF, 0xFF, 0xFF, 0xFF, 0xFF, 0xFC, 0x00, 0x00, 0x08, 0xFF,
    0xFF, 0xFF, 0xFF, 0xFF, 0xFF, 0xFF, 0xFC, 0x00, 0x00, 0x00, 0x3A, 0xFF, 0xFF, 0xFF, 0xFF, 0xFF,
    0xFF, 0x92, 0x00, 0x00, 0x00, 0x00, 0x26, 0x9C, 0xDE, 0xFE, 0xC9, 0x61, 0x00, 0x00, 0x00, 0x00,
    0x00, 0x3F, 0xFF, 0xF8, 0x00, 0x00, 0x00, 0x00, 0x00, 0x01, 0xDF, 0xFF, 0xFF, 0x40, 0x00, 0x00,
    0x00, 0x00, 0x09, 0xFF, 0xEB, 0xFF, 0xD1, 0x00, 0x00, 0x00, 0x00, 0x5F, 0xFE, 0x31, 0xCF, 0xFA,
    0x00, 0x00, 0x00, 0x02, 0xEF, 0xF4, 0x00, 0x1C, 0xFF, 0x60, 0x00, 0x00, 0x0B, 0xFF, 0x50, 0x00,
    0x02, 0xDF, 0xE2, 0x00, 0x00, 0x00, 0x00, 0x00, 0x00, 0x00, 0x00, 0x00, 0x00, 0x00, 0x00, 0x00,
    0x00, 0x00, 0x00, 0x00, 0x00, 0x00, 0x00, 0x00, 0x48, 0xCD, 0xEF, 0xDC, 0x95, 0x10, 0x00, 0x00,
    0x5D, 0xFF, 0xFF, 0xFF, 0xFF, 0xFF, 0xD0, 0x00, 0x09, 0xFF, 0xFF, 0xFF, 0xFF, 0xFF, 0xFF, 0xD0,
    0x00, 0x9F, 0xFF, 0xFF, 0xFF, 0xFF, 0xFF, 0xFF, 0xD0, 0x04, 0xFF, 0xFF, 0xFF, 0xE7, 0x20, 0x13,
    0x8E, 0xD0, 0x0C, 0xFF, 0xFF, 0xFE, 0x20, 0x00, 0x00, 0x01, 0x90, 0x2F, 0xFF, 0xFF, 0xF5, 0x00,
    0x00, 0x00, 0x00, 0x00, 0x5F, 0xFF, 0xFF, 0xE0, 0x00, 0x00, 0x00, 0x00, 0x00, 0x7F, 0xFF, 0xFF,
    0xB0, 0x00, 0x00, 0x00, 0x00, 0x00, 0x8F, 0xFF, 0xFF, 0xA0, 0x00, 0x00, 0x00, 0x00, 0x00, 0x7F,
    0xFF, 0xFF, 0xB0, 0x00, 0x00, 0x00, 0x00, 0x00, 0x5F, 0xFF, 0xFF, 0xE0, 0x00, 0x00, 0x00, 0x00,
    0x00, 0x2F, 0xFF, 0xFF, 0xF5, 0x00, 0x00, 0x00, 0x00, 0x00, 0x0C, 0xFF, 0xFF, 0xFE, 0x20, 0x00,
    0x00, 0x01, 0x90, 0x04, 0xFF, 0xFF, 0xFF, 0xE7, 0x20, 0x13, 0x8E, 0xD0, 0x00, 0x9F, 0xFF, 0xFF,
    0xFF, 0xFF, 0xFF, 0xFF, 0xD0, 0x00, 0x09, 0xFF, 0xFF, 0xFF, 0xFF, 0xFF, 0xFF, 0xD0, 0x00, 0x00,
    0x5D, 0xFF, 0xFF, 0xFF, 0xFF, 0xFF, 0xD0, 0x00, 0x00, 0x00, 0x48, 0xCD, 0xEF, 0xDC, 0x96, 0x20,
    0x00, 0x00, 0x00, 0x00, 0x00, 0x02, 0xFF, 0xFF, 0x60, 0x00, 0x00, 0x00, 0x00, 0x00, 0x00, 0x00,
    0x02, 0xFF, 0xFF, 0x60, 0x00, 0x00, 0x00, 0x00, 0x00, 0x00, 0x00, 0x02, 0xFF, 0xFF, 0x60, 0x00,
    0x00, 0x00, 0x00, 0x00, 0x00, 0x00, 0x02, 0xFF, 0xFF, 0x60, 0x00, 0x00, 0x00, 0x00, 0x00, 0x00,
    0x00, 0x00, 0x00, 0x00, 0x00, 0x00, 0x00, 0x00, 0x00, 0x00, 0x00, 0x00, 0x00, 0x00, 0x00, 0x00,
    0x00, 0x00, 0x00, 0x00, 0x00, 0x00, 0x26, 0x9C, 0xDE, 0xFE, 0xC9, 0x61, 0x00, 0x00, 0x00, 0x00,
    0x3A, 0xFF, 0xFF, 0xFF, 0xFF, 0xFF, 0xFF, 0x92, 0x00, 0x00, 0x08, 0xFF, 0xFF, 0xFF, 0xFF, 0xFF,
    0xFF, 0xFF, 0xFC, 0x00, 0x00, 0xBF, 0xFF, 0xFF, 0xFF, 0xFF, 0xFF, 0xFF, 0xFF, 0xFC, 0x00, 0x0A,
    0xFF, 0xFF, 0xFF, 0xFF, 0xFF, 0xFF, 0xFF, 0xFF, 0xFC, 0x00, 0x7F, 0xFF, 0xFF, 0xFF, 0xE8, 0x41,
    0x01, 0x25, 0x9E, 0xFC, 0x01, 0xEF, 0xFF, 0xFF, 0xFC, 0x10, 0x00, 0x00, 0x00, 0x00, 0x59, 0x07,
    0xFF, 0xFF, 0xFF, 0xC1, 0x00, 0x00, 0x00, 0x00, 0x00, 0x00, 0x0B, 0xFF, 0xFF, 0xFF, 0x30, 0x00,
    0x00, 0x00, 0x00, 0x00, 0x00, 0x1F, 0xFF, 0xFF, 0xFC, 0x00, 0x00, 0x00, 0x00, 0x00, 0x00, 0x00,
    0x2F, 0xFF, 0xFF, 0xF8, 0x00, 0x00, 0x00, 0x00, 0x00, 0x00, 0x00, 0x3F, 0xFF, 0xFF, 0xF6, 0x00,
    0x00, 0x00, 0x00, 0x00, 0x00, 0x00, 0x4F, 0xFF, 0xFF, 0xF5, 0x00, 0x00, 0x00, 0x00, 0x00, 0x00,
    0x00, 0x3F, 0xFF, 0xFF, 0xF6, 0x00, 0x00, 0x00, 0x00, 0x00, 0x00, 0x00, 0x2F, 0xFF, 0xFF, 0xF8,
    0x00, 0x00, 0x00, 0x00, 0x00, 0x00, 0x00, 0x1F, 0xFF, 0xFF, 0xFC, 0x00, 0x00, 0x00, 0x00, 0x00,
    0x00, 0x00, 0x0B, 0xFF, 0xFF, 0xFF, 0x30, 0x00, 0x00, 0x00, 0x00, 0x00, 0x00, 0x07, 0xFF, 0xFF,
    0xFF, 0xC1, 0x00, 0x00, 0x00, 0x00, 0x00, 0x00, 0x01, 0xEF, 0xFF, 0xFF, 0xFC, 0x10, 0x00, 0x00,
    0x00, 0x00, 0x59, 0x00, 0x7F, 0xFF, 0xFF, 0xFF, 0xE8, 0x41, 0x01, 0x25, 0x9E, 0xFC, 0x00, 0x0A,
    0xFF, 0xFF, 0xFF, 0xFF, 0xFF, 0xFF, 0xFF, 0xFF, 0xFC, 0x00, 0x01, 0xBF, 0xFF, 0xFF, 0xFF, 0xFF,
    0xFF, 0xFF, 0xFF, 0xFC, 0x00, 0x00, 0x08, 0xFF, 0xFF, 0xFF, 0xFF, 0xFF, 0xFF, 0xFF, 0xFC, 0x00,
    0x00, 0x00, 0x3A, 0xFF, 0xFF, 0xFF, 0xFF, 0xFF, 0xFF, 0x92, 0x00, 0x00, 0x00, 0x00, 0x26, 0x9C,
    0xDE, 0xFE, 0xC9, 0x61, 0x00, 0x00, 0x00, 0x00, 0x00, 0xCF, 0xFF, 0xFF, 0x20, 0x00, 0x00, 0x00,
    0x00, 0x00, 0xCF, 0xFF, 0xFF, 0x20, 0x00, 0x00, 0x00, 0x00, 0x00, 0xCF, 0xFF, 0xFF, 0x20, 0x00,
    0x00, 0x00, 0x00, 0x00, 0xCF, 0xFF, 0xFF, 0x20, 0x00, 0x00, 0x00, 0x00, 0x00, 0xCF, 0xFF, 0xFF,
    0x20, 0x00, 0x00, 0x00, 0x00, 0x00, 0xCF, 0xFF, 0xFF, 0x20, 0x00, 0x00, 0x00, 0x00, 0x00, 0x00,
    0x00, 0x00, 0x00, 0x00, 0x00, 0x00, 0x00, 0x00, 0x00, 0x00, 0x00, 0x00, 0x00, 0x00, 0x00, 0x00,
    0x48, 0xCD, 0xEF, 0xDC, 0x95, 0x10, 0x00, 0x00, 0x5D, 0xFF, 0xFF, 0xFF, 0xFF, 0xFF, 0xD0, 0x00,
    0x09, 0xFF, 0xFF, 0xFF, 0xFF, 0xFF, 0xFF, 0xD0, 0x00, 0x9F, 0xFF, 0xFF, 0xFF, 0xFF, 0xFF, 0xFF,
    0xD0, 0x04, 0xFF, 0xFF, 0xFF, 0xE7, 0x20, 0x13, 0x8E, 0xD0, 0x0C, 0xFF, 0xFF, 0xFE, 0x20, 0x00,
    0x00, 0x01, 0x90, 0x2F, 0xFF, 0xFF, 0xF5, 0x00, 0x00, 0x00, 0x00, 0x00, 0x5F, 0xFF, 0xFF, 0xE0,
    0x00, 0x00, 0x00, 0x00, 0x00, 0x7F, 0xFF, 0xFF, 0xB0, 0x00, 0x00, 0x00, 0x00, 0x00, 0x8F, 0xFF,
    0xFF, 0xA0, 0x00, 0x00, 0x00, 0x00, 0x00, 0x7F, 0xFF, 0xFF, 0xB0, 0x00, 0x00, 0x00, 0x00, 0x00,
    0x5F, 0xFF, 0xFF, 0xE0, 0x00, 0x00, 0x00, 0x00, 0x00, 0x2F, 0xFF, 0xFF, 0xF5, 0x00, 0x00, 0x00,
    0x00, 0x00, 0x0C, 0xFF, 0xFF, 0xFE, 0x20, 0x00, 0x00, 0x01, 0x90, 0x04, 0xFF, 0xFF, 0xFF, 0xE7,
    0x20, 0x13, 0x8E, 0xD0, 0x00, 0x9F, 0xFF, 0xFF, 0xFF, 0xFF, 0xFF, 0xFF, 0xD0, 0x00, 0x09, 0xFF,
    0xFF, 0xFF, 0xFF, 0xFF, 0xFF, 0xD0, 0x00, 0x00, 0x5D, 0xFF, 0xFF, 0xFF, 0xFF, 0xFF, 0xD0, 0x00,
    0x00, 0x00, 0x48, 0xCD, 0xEF, 0xDC, 0x96, 0x20, 0x00, 0x00, 0x00, 0x06, 0xFF, 0xB1, 0x00, 0x02,
    0xCF, 0xF4, 0x00, 0x00, 0x00, 0x00, 0x00, 0x7F, 0xFD, 0x40, 0x5E, 0xFF, 0x50, 0x00, 0x00, 0x00,
    0x00, 0x00, 0x08, 0xFF, 0xFB, 0xFF, 0xF6, 0x00, 0x00, 0x00, 0x00, 0x00, 0x00, 0x00, 0x9F, 0xFF,
    0xFF, 0x70, 0x00, 0x00, 0x00, 0x00, 0x00, 0x00, 0x00, 0x00, 0x00, 0x00, 0x00, 0x00, 0x00, 0x00,
    0x00, 0x00, 0x00, 0x00, 0x00, 0x00, 0x00, 0x00, 0x00, 0x00, 0x00, 0x00, 0x00, 0x00, 0x26, 0x9C,
    0xDE, 0xFE, 0xC9, 0x61, 0x00, 0x00, 0x00, 0x00, 0x3A, 0xFF, 0xFF, 0xFF, 0xFF, 0xFF, 0xFF, 0x92,
    0x00, 0x00, 0x08, 0xFF, 0xFF, 0xFF, 0xFF, 0xFF, 0xFF, 0xFF, 0xFC, 0x00, 0x00, 0xBF, 0xFF, 0xFF,
    0xFF, 0xFF, 0xFF, 0xFF, 0xFF, 0xFC, 0x00, 0x0A, 0xFF, 0xFF, 0xFF, 0xFF, 0xFF, 0xFF, 0xFF, 0xFF,
    0xFC, 0x00, 0x7F, 0xFF, 0xFF, 0xFF, 0xE8, 0x41, 0x01, 0x25, 0x9E, 0xFC, 0x01, 0xEF, 0xFF, 0xFF,
    0xFC, 0x10, 0x00, 0x00, 0x00, 0x00, 0x59, 0x07, 0xFF, 0xFF, 0xFF, 0xC1, 0x00, 0x00, 0x00, 0x00,
    0x00, 0x00, 0x0B, 0xFF, 0xFF, 0xFF, 0x30, 0x00, 0x00, 0x00, 0x00, 0x00, 0x00, 0x1F, 0xFF, 0xFF,
    0xFC, 0x00, 0x00, 0x00, 0x00, 0x00, 0x00, 0x00, 0x2F, 0xFF, 0xFF, 0xF8, 0x00, 0x00, 0x00, 0x00,
    0x00, 0x00, 0x00, 0x3F, 0xFF, 0xFF, 0xF6, 0x00, 0x00, 0x00, 0x00, 0x00, 0x00, 0x00, 0x4F, 0xFF,
    0xFF, 0xF5, 0x00, 0x00, 0x00, 0x00, 0x00, 0x00, 0x00, 0x3F, 0xFF, 0xFF, 0xF6, 0x00, 0x00, 0x00,
    0x00, 0x00, 0x00, 0x00, 0x2F, 0xFF, 0xFF, 0xF8, 0x00, 0x00, 0x00, 0x00, 0x00, 0x00, 0x00, 0x1F,
    0xFF, 0xFF, 0xFC, 0x00, 0x00, 0x00, 0x00, 0x00, 0x00, 0x00, 0x0B, 0xFF, 0xFF, 0xFF, 0x30, 0x00,
    0x00, 0x00, 0x00, 0x00, 0x00, 0x07, 0xFF, 0xFF, 0xFF, 0xC1, 0x00, 0x00, 0x00, 0x00, 0x00, 0x00,
    0x01, 0xEF, 0xFF, 0xFF, 0xFC, 0x10, 0x00, 0x00, 0x00, 0x00, 0x59, 0x00, 0x7F, 0xFF, 0xFF, 0xFF,
    0xE8, 0x41, 0x01, 0x25, 0x9E, 0xFC, 0x00, 0x0A, 0xFF, 0xFF, 0xFF, 0xFF, 0xFF, 0xFF, 0xFF, 0xFF,
    0xFC, 0x00, 0x01, 0xBF, 0xFF, 0xFF, 0xFF, 0xFF, 0xFF, 0xFF, 0xFF, 0xFC, 0x00, 0x00, 0x08, 0xFF,
    0xFF, 0xFF, 0xFF, 0xFF, 0xFF, 0xFF, 0xFC, 0x00, 0x00, 0x00, 0x3A, 0xFF, 0xFF, 0xFF, 0xFF, 0xFF,
    0xFF, 0x92, 0x00, 0x00, 0x00, 0x00, 0x26, 0x9C, 0xDE, 0xFE, 0xC9, 0x61, 0x00, 0x00, 0x00, 0x1D,
    0xFE, 0x30, 0x00, 0x03, 0xEF, 0xD1, 0x00, 0x00, 0x03, 0xFF, 0xE2, 0x00, 0x2E, 0xFF, 0x30, 0x00,
    0x00, 0x00, 0x7F, 0xFD, 0x11, 0xDF, 0xF7, 0x00, 0x00, 0x00, 0x00, 0x0C, 0xFF, 0xCC, 0xFF, 0xC0,
    0x00, 0x00, 0x00, 0x00, 0x02, 0xEF, 0xFF, 0xFE, 0x20, 0x00, 0x00, 0x00, 0x00, 0x00, 0x6F, 0xFF,
    0xF6, 0x00, 0x00, 0x00, 0x00, 0x00, 0x00, 0x00, 0x00, 0x00, 0x00, 0x00, 0x00, 0x00, 0x00, 0x00,
    0x00, 0x00, 0x00, 0x00, 0x00, 0x00, 0x00, 0x00, 0x48, 0xCD, 0xEF, 0xDC, 0x95, 0x10, 0x00, 0x00,
    0x5D, 0xFF, 0xFF, 0xFF, 0xFF, 0xFF, 0xD0, 0x00, 0x09, 0xFF, 0xFF, 0xFF, 0xFF, 0xFF, 0xFF, 0xD0,
    0x00, 0x9F, 0xFF, 0xFF, 0xFF, 0xFF, 0xFF, 0xFF, 0xD0, 0x04, 0xFF, 0xFF, 0xFF, 0xE7, 0x20, 0x13,
    0x8E, 0xD0, 0x0C, 0xFF, 0xFF, 0xFE, 0x20, 0x00, 0x00, 0x01, 0x90, 0x2F, 0xFF, 0xFF, 0xF5, 0x00,
    0x00, 0x00, 0x00, 0x00, 0x5F, 0xFF, 0xFF, 0xE0, 0x00, 0x00, 0x00, 0x00, 0x00, 0x7F, 0xFF, 0xFF,
    0xB0, 0x00, 0x00, 0x00, 0x00, 0x00, 0x8F, 0xFF, 0xFF, 0xA0, 0x00, 0x00, 0x00, 0x00, 0x00, 0x7F,
    0xFF, 0xFF, 0xB0, 0x00, 0x00, 0x00, 0x00, 0x00, 0x5F, 0xFF, 0xFF, 0xE0, 0x00, 0x00, 0x00, 0x00,
    0x00, 0x2F, 0xFF, 0xFF, 0xF5, 0x00, 0x00, 0x00, 0x00, 0x00, 0x0C, 0xFF, 0xFF, 0xFE, 0x20, 0x00,
    0x00, 0x01, 0x90, 0x04, 0xFF, 0xFF, 0xFF, 0xE7, 0x20, 0x13, 0x8E, 0xD0, 0x00, 0x9F, 0xFF, 0xFF,
    0xFF, 0xFF, 0xFF, 0xFF, 0xD0, 0x00, 0x09, 0xFF, 0xFF, 0xFF, 0xFF, 0xFF, 0xFF, 0xD0, 0x00, 0x00,
    0x5D, 0xFF, 0xFF, 0xFF, 0xFF, 0xFF, 0xD0, 0x00, 0x00, 0x00, 0x48, 0xCD, 0xEF, 0xDC, 0x96, 0x20,
    0x00, 0x01, 0xCF, 0xE5, 0x00, 0x00, 0x7F, 0xFB, 0x00, 0x00, 0x00, 0x00, 0x00, 0x00, 0x1D, 0xFF,
    0x91, 0x1B, 0xFF, 0xC1, 0x00, 0x00, 0x00, 0x00, 0x00, 0x00, 0x02, 0xDF, 0xFD, 0xDF, 0xFC, 0x10,
    0x00, 0x00, 0x00, 0x00, 0x00, 0x00, 0x00, 0x2E, 0xFF, 0xFF, 0xD1, 0x00, 0x00, 0x00, 0x00, 0x00,
    0x00, 0x00, 0x00, 0x00, 0x00, 0x00, 0x00, 0x00, 0x00, 0x00, 0x00, 0x00, 0x00, 0x00, 0x00, 0x00,
    0x00, 0x00, 0x00, 0x00, 0x00, 0x00, 0x00, 0x00, 0xDF, 0xFF, 0xFF, 0xFF, 0xFE, 0xDC, 0xB8, 0x52,
    0x00, 0x00, 0x00, 0x00, 0xDF, 0xFF, 0xFF, 0xFF, 0xFF, 0xFF, 0xFF, 0xFF, 0xB4, 0x00, 0x00, 0x00,
    0xDF, 0xFF, 0xFF, 0xFF, 0xFF, 0xFF, 0xFF, 0xFF, 0xFF, 0xA1, 0x00, 0x00, 0xDF, 0xFF, 0xFF, 0xFF,
    0xFF, 0xFF, 0xFF, 0xFF, 0xFF, 0xFC, 0x10, 0x00, 0xDF, 0xFF, 0xFF, 0xFF, 0xFF, 0xFF, 0xFF, 0xFF,
    0xFF, 0xFF, 0xC0, 0x00, 0xDF, 0xFF, 0xFF, 0x80, 0x01, 0x25, 0x9E, 0xFF, 0xFF, 0xFF, 0xF9, 0x00,
    0xDF, 0xFF, 0xFF, 0x80, 0x00, 0x00, 0x01, 0xAF, 0xFF, 0xFF, 0xFF, 0x20, 0xDF, 0xFF, 0xFF, 0x80,
    0x00, 0x00, 0x00, 0x0A, 0xFF, 0xFF, 0xFF, 0x90, 0xDF, 0xFF, 0xFF, 0x80, 0x00, 0x00, 0x00, 0x01,
    0xEF, 0xFF, 0xFF, 0xD0, 0xDF, 0xFF, 0xFF, 0x80, 0x00, 0x00, 0x00, 0x00, 0x9F, 0xFF, 0xFF, 0xF2,
    0xDF, 0xFF, 0xFF, 0x80, 0x00, 0x00, 0x00, 0x00, 0x5F, 0xFF, 0xFF, 0xF4, 0xDF, 0xFF, 0xFF, 0x80,
    0x00, 0x00, 0x00, 0x00, 0x3F, 0xFF, 0xFF, 0xF6, 0xDF, 0xFF, 0xFF, 0x80, 0x00, 0x00, 0x00, 0x00,
    0x2F, 0xFF, 0xFF, 0xF6, 0xDF, 0xFF, 0xFF, 0x80, 0x00, 0x00, 0x00, 0x00, 0x3F, 0xFF, 0xFF, 0xF6,
    0xDF, 0xFF, 0xFF, 0x80, 0x00, 0x00, 0x00, 0x00, 0x5F, 0xFF, 0xFF, 0xF4, 0xDF, 0xFF, 0xFF, 0x80,
    0x00, 0x00, 0x00, 0x00, 0x9F, 0xFF, 0xFF, 0xF2, 0xDF, 0xFF, 0xFF, 0x80, 0x00, 0x00, 0x00, 0x01,
    0xEF, 0xFF, 0xFF, 0xD0, 0xDF, 0xFF, 0xFF, 0x80, 0x00, 0x00, 0x00, 0x0B, 0xFF, 0xFF, 0xFF, 0x90,
    0xDF, 0xFF, 0xFF, 0x80, 0x00, 0x00, 0x01, 0xBF, 0xFF, 0xFF, 0xFF, 0x20, 0xDF, 0xFF, 0xFF, 0x80,
    0x01, 0x25, 0x9E, 0xFF, 0xFF, 0xFF, 0xF9, 0x00, 0xDF, 0xFF, 0xFF, 0xFF, 0xFF, 0xFF, 0xFF, 0xFF,
    0xFF, 0xFF, 0xC0, 0x00, 0xDF, 0xFF, 0xFF, 0xFF, 0xFF, 0xFF, 0xFF, 0xFF, 0xFF, 0xFC, 0x10, 0x00,
    0xDF, 0xFF, 0xFF, 0xFF, 0xFF, 0xFF, 0xFF, 0xFF, 0xFF, 0xA1, 0x00, 0x00, 0xDF, 0xFF, 0xFF, 0xFF,
    0xFF, 0xFF, 0xFF, 0xFF, 0xB4, 0x00, 0x00, 0x00, 0xDF, 0xFF, 0xFF, 0xFF, 0xFE, 0xDC, 0xB8, 0x51,
    0x00, 0x00, 0x00, 0x00, 0x00, 0x00, 0x00, 0x00, 0x00, 0x00, 0x00, 0x8F, 0xFF, 0xFF, 0x70, 0x03,
    0xFF, 0xFF, 0x60, 0x00, 0x00, 0x00, 0x00, 0x00, 0x00, 0x00, 0x8F, 0xFF, 0xFF, 0x70, 0x06, 0xFF,
    0xFD, 0x00, 0x00, 0x00, 0x00, 0x00, 0x00, 0x00, 0x00, 0x8F, 0xFF, 0xFF, 0x70, 0x0A, 0xFF, 0xF7,
    0x00, 0x00, 0x00, 0x00, 0x00, 0x00, 0x00, 0x00, 0x8F, 0xFF, 0xFF, 0x70, 0x0D, 0xFF, 0xE1, 0x00,
    0x00, 0x00, 0x00, 0x00, 0x00, 0x00, 0x00, 0x8F, 0xFF, 0xFF, 0x70, 0x1F, 0xFF, 0x80, 0x00, 0x00,
    0x00, 0x00, 0x00, 0x00, 0x00, 0x00, 0x8F, 0xFF, 0xFF, 0x70, 0x4F, 0xFF, 0x10, 0x00, 0x00, 0x00,
    0x00, 0x00, 0x00, 0x00, 0x00, 0x8F, 0xFF, 0xFF, 0x70, 0x00, 0x00, 0x00, 0x00, 0x00, 0x00, 0x06,
    0xBE, 0xFD, 0xB5, 0x00, 0x8F, 0xFF, 0xFF, 0x70, 0x00, 0x00, 0x00, 0x00, 0x00, 0x03, 0xDF, 0xFF,
    0xFF, 0xFF, 0xC2, 0x8F, 0xFF, 0xFF, 0x70, 0x00, 0x00, 0x00, 0x00, 0x00, 0x2E, 0xFF, 0xFF, 0xFF,
    0xFF, 0xFD, 0x9F, 0xFF, 0xFF, 0x70, 0x00, 0x00, 0x00, 0x00, 0x00, 0xCF, 0xFF, 0xFF, 0xFF, 0xFF,
    0xFF, 0xFF, 0xFF, 0xFF, 0x70, 0x00, 0x00, 0x00, 0x00, 0x06, 0xFF, 0xFF, 0xFF, 0xA2, 0x02, 0x8F,
    0xFF, 0xFF, 0xFF, 0x70, 0x00, 0x00, 0x00, 0x00, 0x0C, 0xFF, 0xFF, 0xFA, 0x00, 0x00, 0x07, 0xFF,
    0xFF, 0xFF, 0x70, 0x00, 0x00, 0x00, 0x00, 0x2F, 0xFF, 0xFF, 0xF2, 0x00, 0x00, 0x00, 0xEF, 0xFF,
    0xFF, 0x70, 0x00, 0x00, 0x00, 0x00, 0x5F, 0xFF, 0xFF, 0xD0, 0x00, 0x00, 0x00, 0xAF, 0xFF, 0xFF,
    0x70, 0x00, 0x00, 0x00, 0x00, 0x6F, 0xFF, 0xFF, 0xB0, 0x00, 0x00, 0x00, 0x8F, 0xFF, 0xFF, 0x70,
    0x00, 0x00, 0x00, 0x00, 0x7F, 0xFF, 0xFF, 0xB0, 0x00, 0x00, 0x00, 0x8F, 0xFF, 0xFF, 0x70, 0x00,
    0x00, 0x00, 0x00, 0x6F, 0xFF, 0xFF, 0xB0, 0x00, 0x00, 0x00, 0x8F, 0xFF, 0xFF, 0x70, 0x00, 0x00,
    0x00, 0x00, 0x5F, 0xFF, 0xFF, 0xD0, 0x00, 0x00, 0x00, 0xAF, 0xFF, 0xFF, 0x70, 0x00, 0x00, 0x00,
    0x00, 0x2F, 0xFF, 0xFF, 0xF2, 0x00, 0x00, 0x00, 0xEF, 0xFF, 0xFF, 0x70, 0x00, 0x00, 0x00, 0x00,
    0x0C, 0xFF, 0xFF, 0xFA, 0x00, 0x00, 0x07, 0xFF, 0xFF, 0xFF, 0x70, 0x00, 0x00, 0x00, 0x00, 0x06,
    0xFF, 0xFF, 0xFF, 0xA2, 0x02, 0x8F, 0xFF, 0xFF, 0xFF, 0x70, 0x00, 0x00, 0x00, 0x00, 0x00, 0xCF,
    0xFF, 0xFF, 0xFF, 0xFF, 0xFF, 0xFF, 0xFF, 0xFF, 0x70, 0x00, 0x00, 0x00, 0x00, 0x00, 0x2E, 0xFF,
    0xFF, 0xFF, 0xFF, 0xFD, 0x9F, 0xFF, 0xFF, 0x70, 0x00, 0x00, 0x00, 0x00, 0x00, 0x03, 0xDF, 0xFF,
    0xFF, 0xFF, 0xC2, 0x8F, 0xFF, 0xFF, 0x70, 0x00, 0x00, 0x00, 0x00, 0x00, 0x00, 0x06, 0xBE, 0xFD,
    0xB6, 0x00, 0x8F, 0xFF, 0xFF, 0x70, 0x00, 0x00, 0x00, 0x00, 0x00, 0x08, 0xFF, 0xFF, 0xFF, 0xFF,
    0xEE, 0xDB, 0x96, 0x30, 0x00, 0x00, 0x00, 0x00, 0x00, 0x08, 0xFF, 0xFF, 0xFF, 0xFF, 0xFF, 0xFF,
    0xFF, 0xFD, 0x60, 0x00, 0x00, 0x00, 0x00, 0x08, 0xFF, 0xFF, 0xFF, 0xFF, 0xFF, 0xFF, 0xFF, 0xFF,
    0xFC, 0x30, 0x00, 0x00, 0x00, 0x08, 0xFF, 0xFF, 0xFF, 0xFF, 0xFF, 0xFF, 0xFF, 0xFF, 0xFF, 0xE4,
    0x00, 0x00, 0x00, 0x08, 0xFF, 0xFF, 0xFF, 0xFF, 0xFF, 0xFF, 0xFF, 0xFF, 0xFF, 0xFE, 0x20, 0x00,
    0x00, 0x08, 0xFF, 0xFF, 0xFC, 0x00, 0x01, 0x47, 0xDF, 0xFF, 0xFF, 0xFF, 0xD0, 0x00, 0x00, 0x08,
    0xFF, 0xFF, 0xFC, 0x00, 0x00, 0x00, 0x07, 0xFF, 0xFF, 0xFF, 0xF6, 0x00, 0x00, 0x08, 0xFF, 0xFF,
    0xFC, 0x00, 0x00, 0x00, 0x00, 0x6F, 0xFF, 0xFF, 0xFD, 0x00, 0x00, 0x08, 0xFF, 0xFF, 0xFC, 0x00,
    0x00, 0x00, 0x00, 0x0B, 0xFF, 0xFF, 0xFF, 0x30, 0x00, 0x08, 0xFF, 0xFF, 0xFC, 0x00, 0x00, 0x00,
    0x00, 0x05, 0xFF, 0xFF, 0xFF, 0x70, 0x7F, 0xFF, 0xFF, 0xFF, 0xFF, 0xFF, 0xFB, 0x00, 0x00, 0x01,
    0xFF, 0xFF, 0xFF, 0x90, 0x7F, 0xFF, 0xFF, 0xFF, 0xFF, 0xFF, 0xFB, 0x00, 0x00, 0x00, 0xEF, 0xFF,
    0xFF, 0xA0, 0x7F, 0xFF, 0xFF, 0xFF, 0xFF, 0xFF, 0xFB, 0x00, 0x00, 0x00, 0xDF, 0xFF, 0xFF, 0xB0,
    0x7F, 0xFF, 0xFF, 0xFF, 0xFF, 0xFF, 0xFB, 0x00, 0x00, 0x00, 0xEF, 0xFF, 0xFF, 0xA0, 0x00, 0x08,
    0xFF, 0xFF, 0xFC, 0x00, 0x00, 0x00, 0x00, 0x01, 0xFF, 0xFF, 0xFF, 0x90, 0x00, 0x08, 0xFF, 0xFF,
    0xFC, 0x00, 0x00, 0x00, 0x00, 0x05, 0xFF, 0xFF, 0xFF, 0x70, 0x00, 0x08, 0xFF, 0xFF, 0xFC, 0x00,
    0x00, 0x00, 0x00, 0x0B, 0xFF, 0xFF, 0xFF, 0x30, 0x00, 0x08, 0xFF, 0xFF, 0xFC, 0x00, 0x00, 0x00,
    0x00, 0x6F, 0xFF, 0xFF, 0xFD, 0x00, 0x00, 0x08, 0xFF, 0xFF, 0xFC, 0x00, 0x00, 0x00, 0x07, 0xFF,
    0xFF, 0xFF, 0xF6, 0x00, 0x00, 0x08, 0xFF, 0xFF, 0xFC, 0x00, 0x01, 0x47, 0xDF, 0xFF, 0xFF, 0xFF,
    0xD0, 0x00, 0x00, 0x08, 0xFF, 0xFF, 0xFF, 0xFF, 0xFF, 0xFF, 0xFF, 0xFF, 0xFF, 0xFE, 0x20, 0x00,
    0x00, 0x08, 0xFF, 0xFF, 0xFF, 0xFF, 0xFF, 0xFF, 0xFF, 0xFF, 0xFF, 0xE4, 0x00, 0x00, 0x00, 0x08,
    0xFF, 0xFF, 0xFF, 0xFF, 0xFF, 0xFF, 0xFF, 0xFF, 0xFC, 0x30, 0x00, 0x00, 0x00, 0x08, 0xFF, 0xFF,
    0xFF, 0xFF, 0xFF, 0xFF, 0xFF, 0xFD, 0x60, 0x00, 0x00, 0x00, 0x00, 0x08, 0xFF, 0xFF, 0xFF, 0xFF,
    0xEE, 0xDB, 0x96, 0x30, 0x00, 0x00, 0x00, 0x00, 0x00, 0x00, 0x00, 0x00, 0x00, 0x00, 0x00, 0x8F,
    0xFF, 0xFF, 0x70, 0x00, 0x00, 0x00, 0x00, 0x00, 0x00, 0x00, 0x00, 0x8F, 0xFF, 0xFF, 0x70, 0x00,
    0x00, 0x00, 0x00, 0x00, 0x0E, 0xFF, 0xFF, 0xFF, 0xFF, 0xFF, 0xFF, 0xF1, 0x00, 0x00, 0x00, 0x00,
    0x0E, 0xFF, 0xFF, 0xFF, 0xFF, 0xFF, 0xFF, 0xF1, 0x00, 0x00, 0x00, 0x00, 0x0E, 0xFF, 0xFF, 0xFF,
    0xFF, 0xFF, 0xFF, 0xF1, 0x00, 0x00, 0x00, 0x00, 0x00, 0x00, 0x00, 0x8F, 0xFF, 0xFF, 0x70, 0x00,
    0x00, 0x00, 0x00, 0x00, 0x00, 0x00, 0x00, 0x8F, 0xFF, 0xFF, 0x70, 0x00, 0x00, 0x00, 0x06, 0xBE,
    0xFD, 0xB5, 0x00, 0x8F, 0xFF, 0xFF, 0x70, 0x00, 0x00, 0x03, 0xDF, 0xFF, 0xFF, 0xFF, 0xC2, 0x8F,
    0xFF, 0xFF, 0x70, 0x00, 0x00, 0x2E, 0xFF, 0xFF, 0xFF, 0xFF, 0xFD, 0x9F, 0xFF, 0xFF, 0x70, 0x00,
    0x00, 0xCF, 0xFF, 0xFF, 0xFF, 0xFF, 0xFF, 0xFF, 0xFF, 0xFF, 0x70, 0x00, 0x06, 0xFF, 0xFF, 0xFF,
    0xA2, 0x02, 0x8F, 0xFF, 0xFF, 0xFF, 0x70, 0x00, 0x0C, 0xFF, 0xFF, 0xFA, 0x00, 0x00, 0x07, 0xFF,
    0xFF, 0xFF, 0x70, 0x00, 0x2F, 0xFF, 0xFF, 0xF2, 0x00, 0x00, 0x00, 0xEF, 0xFF, 0xFF, 0x70, 0x00,
    0x5F, 0xFF, 0xFF, 0xD0, 0x00, 0x00, 0x00, 0xAF, 0xFF, 0xFF, 0x70, 0x00, 0x6F, 0xFF, 0xFF, 0xB0,
    0x00, 0x00, 0x00, 0x8F, 0xFF, 0xFF, 0x70, 0x00, 0x7F, 0xFF, 0xFF, 0xB0, 0x00, 0x00, 0x00, 0x8F,
    0xFF, 0xFF, 0x70, 0x00, 0x6F, 0xFF, 0xFF, 0xB0, 0x00, 0x00, 0x00, 0x8F, 0xFF, 0xFF, 0x70, 0x00,
    0x5F, 0xFF, 0xFF, 0xD0, 0x00, 0x00, 0x00, 0xAF, 0xFF, 0xFF, 0x70, 0x00, 0x2F, 0xFF, 0xFF, 0xF2,
    0x00, 0x00, 0x00, 0xEF, 0xFF, 0xFF, 0x70, 0x00, 0x0C, 0xFF, 0xFF, 0xFA, 0x00, 0x00, 0x07, 0xFF,
    0xFF, 0xFF, 0x70, 0x00, 0x06, 0xFF, 0xFF, 0xFF, 0xA2, 0x02, 0x8F, 0xFF, 0xFF, 0xFF, 0x70, 0x00,
    0x00, 0xCF, 0xFF, 0xFF, 0xFF, 0xFF, 0xFF, 0xFF, 0xFF, 0xFF, 0x70, 0x00, 0x00, 0x2E, 0xFF, 0xFF,
    0xFF, 0xFF, 0xFD, 0x9F, 0xFF, 0xFF, 0x70, 0x00, 0x00, 0x03, 0xDF, 0xFF, 0xFF, 0xFF, 0xC2, 0x8F,
    0xFF, 0xFF, 0x70, 0x00, 0x00, 0x00, 0x06, 0xBE, 0xFD, 0xB6, 0x00, 0x8F, 0xFF, 0xFF, 0x70, 0x00,
    0x00, 0x07, 0xFF, 0xFF, 0xFF, 0xFF, 0xFF, 0x00, 0x00, 0x00, 0x07, 0xFF, 0xFF, 0xFF, 0xFF, 0xFF,
    0x00, 0x00, 0x00, 0x07, 0xFF, 0xFF, 0xFF, 0xFF, 0xFF, 0x00, 0x00, 0x00, 0x00, 0x00, 0x00, 0x00,
    0x00, 0x00, 0x00, 0x00, 0x00, 0x00, 0x00, 0x00, 0x00, 0x00, 0x00, 0x00, 0x00, 0x00, 0x00, 0x00,
    0x00, 0x00, 0x00, 0x00, 0x00, 0x00, 0xDF, 0xFF, 0xFF, 0xFF, 0xFF, 0xFF, 0xFF, 0xFF, 0xF6, 0xDF,
    0xFF, 0xFF, 0xFF, 0xFF, 0xFF, 0xFF, 0xFF, 0xF6, 0xDF, 0xFF, 0xFF, 0xFF, 0xFF, 0xFF, 0xFF, 0xFF,
    0xF6, 0xDF, 0xFF, 0xFF, 0xFF, 0xFF, 0xFF, 0xFF, 0xFF, 0xF6, 0xDF, 0xFF, 0xFF, 0xFF, 0xFF, 0xFF,
    0xFF, 0xFF, 0xF6, 0xDF, 0xFF, 0xFF, 0x80, 0x00, 0x00, 0x00, 0x00, 0x00, 0xDF, 0xFF, 0xFF, 0x80,
    0x00, 0x00, 0x00, 0x00, 0x00, 0xDF, 0xFF, 0xFF, 0x80, 0x00, 0x00, 0x00, 0x00, 0x00, 0xDF, 0xFF,
    0xFF, 0x80, 0x00, 0x00, 0x00, 0x00, 0x00, 0xDF, 0xFF, 0xFF, 0xFF, 0xFF, 0xFF, 0xFF, 0xFF, 0xB0,
    0xDF, 0xFF, 0xFF, 0xFF, 0xFF, 0xFF, 0xFF, 0xFF, 0xB0, 0xDF, 0xFF, 0xFF, 0xFF, 0xFF, 0xFF, 0xFF,
    0xFF, 0xB0, 0xDF, 0xFF, 0xFF, 0xFF, 0xFF, 0xFF, 0xFF, 0xFF, 0xB0, 0xDF, 0xFF, 0xFF, 0xFF, 0xFF,
    0xFF, 0xFF, 0xFF, 0xB0, 0xDF, 0xFF, 0xFF, 0x80, 0x00, 0x00, 0x00, 0x00, 0x00, 0xDF, 0xFF, 0xFF,
    0x80, 0x00, 0x00, 0x00, 0x00, 0x00, 0xDF, 0xFF, 0xFF, 0x80, 0x00, 0x00, 0x00, 0x00, 0x00, 0xDF,
    0xFF, 0xFF, 0x80, 0x00, 0x00, 0x00, 0x00, 0x00, 0xDF, 0xFF, 0xFF, 0x80, 0x00, 0x00, 0x00, 0x00,
    0x00, 0xDF, 0xFF, 0xFF, 0x80, 0x00, 0x00, 0x00, 0x00, 0x00, 0xDF, 0xFF, 0xFF, 0xFF, 0xFF, 0xFF,
    0xFF, 0xFF, 0xFB, 0xDF, 0xFF, 0xFF, 0xFF, 0xFF, 0xFF, 0xFF, 0xFF, 0xFB, 0xDF, 0xFF, 0xFF, 0xFF,
    0xFF, 0xFF, 0xFF, 0xFF, 0xFB, 0xDF, 0xFF, 0xFF, 0xFF, 0xFF, 0xFF, 0xFF, 0xFF, 0xFB, 0xDF, 0xFF,
    0xFF, 0xFF, 0xFF, 0xFF, 0xFF, 0xFF, 0xFB, 0x00, 0x00, 0x0D, 0xFF, 0xFF, 0xFF, 0xFF, 0xF9, 0x00,
    0x00, 0x00, 0x00, 0x00, 0x0D, 0xFF, 0xFF, 0xFF, 0xFF, 0xF9, 0x00, 0x00, 0x00, 0x00, 0x00, 0x0D,
    0xFF, 0xFF, 0xFF, 0xFF, 0xF9, 0x00, 0x00, 0x00, 0x00, 0x00, 0x00, 0x00, 0x00, 0x00, 0x00, 0x00,
    0x00, 0x00, 0x00, 0x00, 0x00, 0x00, 0x00, 0x00, 0x00, 0x00, 0x00, 0x00, 0x00, 0x00, 0x00, 0x00,
    0x00, 0x00, 0x00, 0x00, 0x00, 0x00, 0x00, 0x00, 0x00, 0x00, 0x00, 0x00, 0x00, 0x00, 0x00, 0x00,
    0x00, 0x00, 0x00, 0x00, 0x00, 0x00, 0x00, 0x59, 0xCE, 0xFE, 0xDA, 0x61, 0x00, 0x00, 0x00, 0x00,
    0x00, 0x6D, 0xFF, 0xFF, 0xFF, 0xFF, 0xFE, 0x70, 0x00, 0x00, 0x00, 0x0A, 0xFF, 0xFF, 0xFF, 0xFF,
    0xFF, 0xFF, 0xFB, 0x00, 0x00, 0x00, 0x9F, 0xFF, 0xFF, 0xFF, 0xFF, 0xFF, 0xFF, 0xFF, 0x90, 0x00,
    0x04, 0xFF, 0xFF, 0xFE, 0x82, 0x12, 0x6E, 0xFF, 0xFF, 0xF4, 0x00, 0x0C, 0xFF, 0xFF, 0xF4, 0x00,
    0x00, 0x03, 0xFF, 0xFF, 0xFC, 0x00, 0x2F, 0xFF, 0xFF, 0xC0, 0x00, 0x00, 0x00, 0xCF, 0xFF, 0xFF,
    0x10, 0x5F, 0xFF, 0xFF, 0xFF, 0xFF, 0xFF, 0xFF, 0xFF, 0xFF, 0xFF, 0x40, 0x7F, 0xFF, 0xFF, 0xFF,
    0xFF, 0xFF, 0xFF, 0xFF, 0xFF, 0xFF, 0x50, 0x8F, 0xFF, 0xFF, 0xFF, 0xFF, 0xFF, 0xFF, 0xFF, 0xFF,
    0xFF, 0x60, 0x7F, 0xFF, 0xFF, 0xFF, 0xFF, 0xFF, 0xFF, 0xFF, 0xFF, 0xFF, 0x60, 0x5F, 0xFF, 0xFF,
    0x90, 0x00, 0x00, 0x00, 0x00, 0x00, 0x00, 0x00, 0x2F, 0xFF, 0xFF, 0xD0, 0x00, 0x00, 0x00, 0x00,
    0x00, 0x00, 0x00, 0x0C, 0xFF, 0xFF, 0xF8, 0x00, 0x00, 0x00, 0x00, 0x02, 0x87, 0x00, 0x04, 0xFF,
    0xFF, 0xFF, 0xB4, 0x10, 0x12, 0x58, 0xCF, 0xF8, 0x00, 0x00, 0x9F, 0xFF, 0xFF, 0xFF, 0xFF, 0xFF,
    0xFF, 0xFF, 0xF8, 0x00, 0x00, 0x0A, 0xFF, 0xFF, 0xFF, 0xFF, 0xFF, 0xFF, 0xFF, 0xF8, 0x00, 0x00,
    0x00, 0x6D, 0xFF, 0xFF, 0xFF, 0xFF, 0xFF, 0xFF, 0xF8, 0x00, 0x00, 0x00, 0x00, 0x59, 0xCD, 0xEF,
    0xED, 0xCB, 0x85, 0x30, 0x00, 0x00, 0x0E, 0xF8, 0x00, 0x00, 0x09, 0xFE, 0x00, 0x00, 0x00, 0x09,
    0xFF, 0x72, 0x02, 0x8F, 0xF9, 0x00, 0x00, 0x00, 0x01, 0xDF, 0xFF, 0xFF, 0xFF, 0xC1, 0x00, 0x00,
    0x00, 0x00, 0x17, 0xCE, 0xFE, 0xC7, 0x00, 0x00, 0x00, 0x00, 0x00, 0x00, 0x00, 0x00, 0x00, 0x00,
    0x00, 0x00, 0x00, 0x00, 0x00, 0x00, 0x00, 0x00, 0x00, 0x00, 0x00, 0xDF, 0xFF, 0xFF, 0xFF, 0xFF,
    0xFF, 0xFF, 0xFF, 0xF6, 0xDF, 0xFF, 0xFF, 0xFF, 0xFF, 0xFF, 0xFF, 0xFF, 0xF6, 0xDF, 0xFF, 0xFF,
    0xFF, 0xFF, 0xFF, 0xFF, 0xFF, 0xF6, 0xDF, 0xFF, 0xFF, 0xFF, 0xFF, 0xFF, 0xFF, 0xFF, 0xF6, 0xDF,
    0xFF, 0xFF, 0xFF, 0xFF, 0xFF, 0xFF, 0xFF, 0xF6, 0xDF, 0xFF, 0xFF, 0x80, 0x00, 0x00, 0x00, 0x00,
    0x00, 0xDF, 0xFF, 0xFF, 0x80, 0x00, 0x00, 0x00, 0x00, 0x00, 0xDF, 0xFF, 0xFF, 0x80, 0x00, 0x00,
    0x00, 0x00, 0x00, 0xDF, 0xFF, 0xFF, 0x80, 0x00, 0x00, 0x00, 0x00, 0x00, 0xDF, 0xFF, 0xFF, 0xFF,
    0xFF, 0xFF, 0xFF, 0xFF, 0xB0, 0xDF, 0xFF, 0xFF, 0xFF, 0xFF, 0xFF, 0xFF, 0xFF, 0xB0, 0xDF, 0xFF,
    0xFF, 0xFF, 0xFF, 0xFF, 0xFF, 0xFF, 0xB0, 0xDF, 0xFF, 0xFF, 0xFF, 0xFF, 0xFF, 0xFF, 0xFF, 0xB0,
    0xDF, 0xFF, 0xFF, 0xFF, 0xFF, 0xFF, 0xFF, 0xFF, 0xB0, 0xDF, 0xFF, 0xFF, 0x80, 0x00, 0x00, 0x00,
    0x00, 0x00, 0xDF, 0xFF, 0xFF, 0x80, 0x00, 0x00, 0x00, 0x00, 0x00, 0xDF, 0xFF, 0xFF, 0x80, 0x00,
    0x00, 0x00, 0x00, 0x00, 0xDF, 0xFF, 0xFF, 0x80, 0x00, 0x00, 0x00, 0x00, 0x00, 0xDF, 0xFF, 0xFF,
    0x80, 0x00, 0x00, 0x00, 0x00, 0x00, 0xDF, 0xFF, 0xFF, 0x80, 0x00, 0x00, 0x00, 0x00, 0x00, 0xDF,
    0xFF, 0xFF, 0xFF, 0xFF, 0xFF, 0xFF, 0xFF, 0xFB, 0xDF, 0xFF, 0xFF, 0xFF, 0xFF, 0xFF, 0xFF, 0xFF,
    0xFB, 0xDF, 0xFF, 0xFF, 0xFF, 0xFF, 0xFF, 0xFF, 0xFF, 0xFB, 0xDF, 0xFF, 0xFF, 0xFF, 0xFF, 0xFF,
    0xFF, 0xFF, 0xFB, 0xDF, 0xFF, 0xFF, 0xFF, 0xFF, 0xFF, 0xFF, 0xFF, 0xFB, 0x00, 0x00, 0x06, 0xFF,
    0x20, 0x00, 0x00, 0xDF, 0x90, 0x00, 0x00, 0x00, 0x00, 0x03, 0xFF, 0xC4, 0x11, 0x3B, 0xFF, 0x70,
    0x00, 0x00, 0x00, 0x00, 0x00, 0xDF, 0xFF, 0xFF, 0xFF, 0xFE, 0x10, 0x00, 0x00, 0x00, 0x00, 0x00,
    0x3E, 0xFF, 0xFF, 0xFF, 0xF5, 0x00, 0x00, 0x00, 0x00, 0x00, 0x00, 0x01, 0x8D, 0xEF, 0xD9, 0x30,
    0x00, 0x00, 0x00, 0x00, 0x00, 0x00, 0x00, 0x00, 0x00, 0x00, 0x00, 0x00, 0x00, 0x00, 0x00, 0x00,
    0x00, 0x00, 0x00, 0x00, 0x00, 0x00, 0x00, 0x00, 0x00, 0x00, 0x00, 0x00, 0x00, 0x00, 0x00, 0x00,
    0x00, 0x00, 0x00, 0x00, 0x00, 0x00, 0x00, 0x59, 0xCE, 0xFE, 0xDA, 0x61, 0x00, 0x00, 0x00, 0x00,
    0x00, 0x6D, 0xFF, 0xFF, 0xFF, 0xFF, 0xFE, 0x70, 0x00, 0x00, 0x00, 0x0A, 0xFF, 0xFF, 0xFF, 0xFF,
    0xFF, 0xFF, 0xFB, 0x00, 0x00, 0x00, 0x9F, 0xFF, 0xFF, 0xFF, 0xFF, 0xFF, 0xFF, 0xFF, 0x90, 0x00,
    0x04, 0xFF, 0xFF, 0xFE, 0x82, 0x12, 0x6E, 0xFF, 0xFF, 0xF4, 0x00, 0x0C, 0xFF, 0xFF, 0xF4, 0x00,
    0x00, 0x03, 0xFF, 0xFF, 0xFC, 0x00, 0x2F, 0xFF, 0xFF, 0xC0, 0x00, 0x00, 0x00, 0xCF, 0xFF, 0xFF,
    0x10, 0x5F, 0xFF, 0xFF, 0xFF, 0xFF, 0xFF, 0xFF, 0xFF, 0xFF, 0xFF, 0x40, 0x7F, 0xFF, 0xFF, 0xFF,
    0xFF, 0xFF, 0xFF, 0xFF, 0xFF, 0xFF, 0x50, 0x8F, 0xFF, 0xFF, 0xFF, 0xFF, 0xFF, 0xFF, 0xFF, 0xFF,
    0xFF, 0x60, 0x7F, 0xFF, 0xFF, 0xFF, 0xFF, 0xFF, 0xFF, 0xFF, 0xFF, 0xFF, 0x60, 0x5F, 0xFF, 0xFF,
    0x90, 0x00, 0x00, 0x00, 0x00, 0x00, 0x00, 0x00, 0x2F, 0xFF, 0xFF, 0xD0, 0x00, 0x00, 0x00, 0x00,
    0x00, 0x00, 0x00, 0x0C, 0xFF, 0xFF, 0xF8, 0x00, 0x00, 0x00, 0x00, 0x02, 0x87, 0x00, 0x04, 0xFF,
    0xFF, 0xFF, 0xB4, 0x10, 0x12, 0x58, 0xCF, 0xF8, 0x00, 0x00, 0x9F, 0xFF, 0xFF, 0xFF, 0xFF, 0xFF,
    0xFF, 0xFF, 0xF8, 0x00, 0x00, 0x0A, 0xFF, 0xFF, 0xFF, 0xFF, 0xFF, 0xFF, 0xFF, 0xF8, 0x00, 0x00,
    0x00, 0x6D, 0xFF, 0xFF, 0xFF, 0xFF, 0xFF, 0xFF, 0xF8, 0x00, 0x00, 0x00, 0x00, 0x59, 0xCD, 0xEF,
    0xED, 0xCB, 0x85, 0x30, 0x00, 0x00, 0x00, 0x00, 0xCF, 0xFF, 0xC0, 0x00, 0x00, 0x00, 0x00, 0x00,
    0x00, 0xCF, 0xFF, 0xC0, 0x00, 0x00, 0x00, 0x00, 0x00, 0x00, 0xCF, 0xFF, 0xC0, 0x00, 0x00, 0x00,
    0x00, 0x00, 0x00, 0xCF, 0xFF, 0xC0, 0x00, 0x00, 0x00, 0x00, 0x00, 0x00, 0x00, 0x00, 0x00, 0x00,
    0x00, 0x00, 0x00, 0x00, 0x00, 0x00, 0x00, 0x00, 0x00, 0x00, 0x00, 0xDF, 0xFF, 0xFF, 0xFF, 0xFF,
    0xFF, 0xFF, 0xFF, 0xF6, 0xDF, 0xFF, 0xFF, 0xFF, 0xFF, 0xFF, 0xFF, 0xFF, 0xF6, 0xDF, 0xFF, 0xFF,
    0xFF, 0xFF, 0xFF, 0xFF, 0xFF, 0xF6, 0xDF, 0xFF, 0xFF, 0xFF, 0xFF, 0xFF, 0xFF, 0xFF, 0xF6, 0xDF,
    0xFF, 0xFF, 0xFF, 0xFF, 0xFF, 0xFF, 0xFF, 0xF6, 0xDF, 0xFF, 0xFF, 0x80, 0x00, 0x00, 0x00, 0x00,
    0x00, 0xDF, 0xFF, 0xFF, 0x80, 0x00, 0x00, 0x00, 0x00, 0x00, 0xDF, 0xFF, 0xFF, 0x80, 0x00, 0x00,
    0x00, 0x00, 0x00, 0xDF, 0xFF, 0xFF, 0x80, 0x00, 0x00, 0x00, 0x00, 0x00, 0xDF, 0xFF, 0xFF, 0xFF,
    0xFF, 0xFF, 0xFF, 0xFF, 0xB0, 0xDF, 0xFF, 0xFF, 0xFF, 0xFF, 0xFF, 0xFF, 0xFF, 0xB0, 0xDF, 0xFF,
    0xFF, 0xFF, 0xFF, 0xFF, 0xFF, 0xFF, 0xB0, 0xDF, 0xFF, 0xFF, 0xFF, 0xFF, 0xFF, 0xFF, 0xFF, 0xB0,
    0xDF, 0xFF, 0xFF, 0xFF, 0xFF, 0xFF, 0xFF, 0xFF, 0xB0, 0xDF, 0xFF, 0xFF, 0x80, 0x00, 0x00, 0x00,
    0x00, 0x00, 0xDF, 0xFF, 0xFF, 0x80, 0x00, 0x00, 0x00, 0x00, 0x00, 0xDF, 0xFF, 0xFF, 0x80, 0x00,
    0x00, 0x00, 0x00, 0x00, 0xDF, 0xFF, 0xFF, 0x80, 0x00, 0x00, 0x00, 0x00, 0x00, 0xDF, 0xFF, 0xFF,
    0x80, 0x00, 0x00, 0x00, 0x00, 0x00, 0xDF, 0xFF, 0xFF, 0x80, 0x00, 0x00, 0x00, 0x00, 0x00, 0xDF,
    0xFF, 0xFF, 0xFF, 0xFF, 0xFF, 0xFF, 0xFF, 0xFB, 0xDF, 0xFF, 0xFF, 0xFF, 0xFF, 0xFF, 0xFF, 0xFF,
    0xFB, 0xDF, 0xFF, 0xFF, 0xFF, 0xFF, 0xFF, 0xFF, 0xFF, 0xFB, 0xDF, 0xFF, 0xFF, 0xFF, 0xFF, 0xFF,
    0xFF, 0xFF, 0xFB, 0xDF, 0xFF, 0xFF, 0xFF, 0xFF, 0xFF, 0xFF, 0xFF, 0xFB, 0x00, 0x00, 0x00, 0x00,
    0xDF, 0xFF, 0xFF, 0x10, 0x00, 0x00, 0x00, 0x00, 0x00, 0x00, 0x00, 0xDF, 0xFF, 0xFF, 0x10, 0x00,
    0x00, 0x00, 0x00, 0x00, 0x00, 0x00, 0xDF, 0xFF, 0xFF, 0x10, 0x00, 0x00, 0x00, 0x00, 0x00, 0x00,
    0x00, 0xDF, 0xFF, 0xFF, 0x10, 0x00, 0x00, 0x00, 0x00, 0x00, 0x00, 0x00, 0xDF, 0xFF, 0xFF, 0x10,
    0x00, 0x00, 0x00, 0x00, 0x00, 0x00, 0x00, 0xDF, 0xFF, 0xFF, 0x10, 0x00, 0x00, 0x00, 0x00, 0x00,
    0x00, 0x00, 0x00, 0x00, 0x00, 0x00, 0x00, 0x00, 0x00, 0x00, 0x00, 0x00, 0x00, 0x00, 0x00, 0x00,
    0x00, 0x00, 0x00, 0x00, 0x00, 0x00, 0x00, 0x59, 0xCE, 0xFE, 0xDA, 0x61, 0x00, 0x00, 0x00, 0x00,
    0x00, 0x6D, 0xFF, 0xFF, 0xFF, 0xFF, 0xFE, 0x70, 0x00, 0x00, 0x00, 0x0A, 0xFF, 0xFF, 0xFF, 0xFF,
    0xFF, 0xFF, 0xFB, 0x00, 0x00, 0x00, 0x9F, 0xFF, 0xFF, 0xFF, 0xFF, 0xFF, 0xFF, 0xFF, 0x90, 0x00,
    0x04, 0xFF, 0xFF, 0xFE, 0x82, 0x12, 0x6E, 0xFF, 0xFF, 0xF4, 0x00, 0x0C, 0xFF, 0xFF, 0xF4, 0x00,
    0x00, 0x03, 0xFF, 0xFF, 0xFC, 0x00, 0x2F, 0xFF, 0xFF, 0xC0, 0x00, 0x00, 0x00, 0xCF, 0xFF, 0xFF,
    0x10, 0x5F, 0xFF, 0xFF, 0xFF, 0xFF, 0xFF, 0xFF, 0xFF, 0xFF, 0xFF, 0x40, 0x7F, 0xFF, 0xFF, 0xFF,
    0xFF, 0xFF, 0xFF, 0xFF, 0xFF, 0xFF, 0x50, 0x8F, 0xFF, 0xFF, 0xFF, 0xFF, 0xFF, 0xFF, 0xFF, 0xFF,
    0xFF, 0x60, 0x7F, 0xFF, 0xFF, 0xFF, 0xFF, 0xFF, 0xFF, 0xFF, 0xFF, 0xFF, 0x60, 0x5F, 0xFF, 0xFF,
    0x90, 0x00, 0x00, 0x00, 0x00, 0x00, 0x00, 0x00, 0x2F, 0xFF, 0xFF, 0xD0, 0x00, 0x00, 0x00, 0x00,
    0x00, 0x00, 0x00, 0x0C, 0xFF, 0xFF, 0xF8, 0x00, 0x00, 0x00, 0x00, 0x02, 0x87, 0x00, 0x04, 0xFF,
    0xFF, 0xFF, 0xB4, 0x10, 0x12, 0x58, 0xCF, 0xF8, 0x00, 0x00, 0x9F, 0xFF, 0xFF, 0xFF, 0xFF, 0xFF,
    0xFF, 0xFF, 0xF8, 0x00, 0x00, 0x0A, 0xFF, 0xFF, 0xFF, 0xFF, 0xFF, 0xFF, 0xFF, 0xF8, 0x00, 0x00,
    0x00, 0x6D, 0xFF, 0xFF, 0xFF, 0xFF, 0xFF, 0xFF, 0xF8, 0x00, 0x00, 0x00, 0x00, 0x59, 0xCD, 0xEF,
    0xED, 0xCB, 0x85, 0x30, 0x00, 0xDF, 0xFF, 0xFF, 0xFF, 0xFF, 0xFF, 0xFF, 0xFF, 0xF6, 0xDF, 0xFF,
    0xFF, 0xFF, 0xFF, 0xFF, 0xFF, 0xFF, 0xF6, 0xDF, 0xFF, 0xFF, 0xFF, 0xFF, 0xFF, 0xFF, 0xFF, 0xF6,
    0xDF, 0xFF, 0xFF, 0xFF, 0xFF, 0xFF, 0xFF, 0xFF, 0xF6, 0xDF, 0xFF, 0xFF, 0xFF, 0xFF, 0xFF, 0xFF,
    0xFF, 0xF6, 0xDF, 0xFF, 0xFF, 0x80, 0x00, 0x00, 0x00, 0x00, 0x00, 0xDF, 0xFF, 0xFF, 0x80, 0x00,
    0x00, 0x00, 0x00, 0x00, 0xDF, 0xFF, 0xFF, 0x80, 0x00, 0x00, 0x00, 0x00, 0x00, 0xDF, 0xFF, 0xFF,
    0x80, 0x00, 0x00, 0x00, 0x00, 0x00, 0xDF, 0xFF, 0xFF, 0xFF, 0xFF, 0xFF, 0xFF, 0xFF, 0xB0, 0xDF,
    0xFF, 0xFF, 0xFF, 0xFF, 0xFF, 0xFF, 0xFF, 0xB0, 0xDF, 0xFF, 0xFF, 0xFF, 0xFF, 0xFF, 0xFF, 0xFF,
    0xB0, 0xDF, 0xFF, 0xFF, 0xFF, 0xFF, 0xFF, 0xFF, 0xFF, 0xB0, 0xDF, 0xFF, 0xFF, 0xFF, 0xFF, 0xFF,
    0xFF, 0xFF, 0xB0, 0xDF, 0xFF, 0xFF, 0x80, 0x00, 0x00, 0x00, 0x00, 0x00, 0xDF, 0xFF, 0xFF, 0x80,
    0x00, 0x00, 0x00, 0x00, 0x00, 0xDF, 0xFF, 0xFF, 0x80, 0x00, 0x00, 0x00, 0x00, 0x00, 0xDF, 0xFF,
    0xFF, 0x80, 0x00, 0x00, 0x00, 0x00, 0x00, 0xDF, 0xFF, 0xFF, 0x80, 0x00, 0x00, 0x00, 0x00, 0x00,
    0xDF, 0xFF, 0xFF, 0x80, 0x00, 0x00, 0x00, 0x00, 0x00, 0xDF, 0xFF, 0xFF, 0xFF, 0xFF, 0xFF, 0xFF,
    0xFF, 0xFB, 0xDF, 0xFF, 0xFF, 0xFF, 0xFF, 0xFF, 0xFF, 0xFF, 0xFB, 0xDF, 0xFF, 0xFF, 0xFF, 0xFF,
    0xFF, 0xFF, 0xFF, 0xFB, 0xDF, 0xFF, 0xFF, 0xFF, 0xFF, 0xFF, 0xFF, 0xFF, 0xFB, 0xDF, 0xFF, 0xFF,
    0xFF, 0xFF, 0xFF, 0xFF, 0xFF, 0xFB, 0x00, 0x00, 0x00, 0x00, 0x00, 0x01, 0xDF, 0x80, 0x00, 0x00,
    0x00, 0x00, 0x00, 0x00, 0x09, 0xFE, 0x10, 0x00, 0x00, 0x00, 0x00, 0x00, 0x00, 0x1F, 0xF8, 0x00,
    0x00, 0x00, 0x00, 0x00, 0x00, 0x00, 0x5F, 0xF6, 0x00, 0x00, 0x00, 0x00, 0x00, 0x00, 0x00, 0x4F,
    0xFD, 0x21, 0x48, 0x00, 0x00, 0x00, 0x00, 0x00, 0x1D, 0xFF, 0xFF, 0xFB, 0x00, 0x00, 0x00, 0x00,
    0x00, 0x02, 0x9D, 0xFF, 0xFB, 0x00, 0x00, 0x00, 0x59, 0xCE, 0xFE, 0xDA, 0x61, 0x00, 0x00, 0x00,
    0x00, 0x00, 0x6D, 0xFF, 0xFF, 0xFF, 0xFF, 0xFE, 0x70, 0x00, 0x00, 0x00, 0x0A, 0xFF, 0xFF, 0xFF,
    0xFF, 0xFF, 0xFF, 0xFB, 0x00, 0x00, 0x00, 0x9F, 0xFF, 0xFF, 0xFF, 0xFF, 0xFF, 0xFF, 0xFF, 0x90,
    0x00, 0x04, 0xFF, 0xFF, 0xFE, 0x82, 0x12, 0x6E, 0xFF, 0xFF, 0xF4, 0x00, 0x0C, 0xFF, 0xFF, 0xF4,
    0x00, 0x00, 0x03, 0xFF, 0xFF, 0xFC, 0x00, 0x2F, 0xFF, 0xFF, 0xC0, 0x00, 0x00, 0x00, 0xCF, 0xFF,
    0xFF, 0x10, 0x5F, 0xFF, 0xFF, 0xFF, 0xFF, 0xFF, 0xFF, 0xFF, 0xFF, 0xFF, 0x40, 0x7F, 0xFF, 0xFF,
    0xFF, 0xFF, 0xFF, 0xFF, 0xFF, 0xFF, 0xFF, 0x50, 0x8F, 0xFF, 0xFF, 0xFF, 0xFF, 0xFF, 0xFF, 0xFF,
    0xFF, 0xFF, 0x60, 0x7F, 0xFF, 0xFF, 0xFF, 0xFF, 0xFF, 0xFF, 0xFF, 0xFF, 0xFF, 0x60, 0x5F, 0xFF,
    0xFF, 0x90, 0x00, 0x00, 0x00, 0x00, 0x00, 0x00, 0x00, 0x2F, 0xFF, 0xFF, 0xD0, 0x00, 0x00, 0x00,
    0x00, 0x00, 0x00, 0x00, 0x0C, 0xFF, 0xFF, 0xF8, 0x00, 0x00, 0x00, 0x00, 0x02, 0x87, 0x00, 0x04,
    0xFF, 0xFF, 0xFF, 0xB4, 0x10, 0x12, 0x58, 0xCF, 0xF8, 0x00, 0x00, 0x9F, 0xFF, 0xFF, 0xFF, 0xFF,
    0xFF, 0xFF, 0xFF, 0xF8, 0x00, 0x00, 0x0A, 0xFF, 0xFF, 0xFF, 0xFF, 0xFF, 0xFF, 0xFF, 0xF8, 0x00,
    0x00, 0x00, 0x6D, 0xFF, 0xFF, 0xFF, 0xFF, 0xFF, 0xFF, 0xF8, 0x00, 0x00, 0x00, 0x00, 0x59, 0xCD,
    0xEF, 0xED, 0xCB, 0x85, 0x30, 0x00, 0x00, 0x00, 0x00, 0x00, 0x00, 0x00, 0x2E, 0xF5, 0x00, 0x00,
    0x00, 0x00, 0x00, 0x00, 0x00, 0x00, 0x00, 0xCF, 0xC0, 0x00, 0x00, 0x00, 0x00, 0x00, 0x00, 0x00,
    0x00, 0x04, 0xFF, 0x50, 0x00, 0x00, 0x00, 0x00, 0x00, 0x00, 0x00, 0x00, 0x08, 0xFF, 0x40, 0x00,
    0x00, 0x00, 0x00, 0x00, 0x00, 0x00, 0x00, 0x07, 0xFF, 0xB1, 0x15, 0x70, 0x00, 0x00, 0x00, 0x00,
    0x00, 0x00, 0x02, 0xEF, 0xFF, 0xFF, 0x80, 0x00, 0x00, 0x00, 0x00, 0x00, 0x00, 0x00, 0x3A, 0xDF,
    0xFF, 0x80, 0x00, 0x00, 0x1D, 0xFE, 0x40, 0x00, 0x08, 0xFF, 0xA0, 0x00, 0x00, 0x02, 0xEF, 0xF8,
    0x02, 0xBF, 0xFB, 0x00, 0x00, 0x00, 0x00, 0x3E, 0xFF, 0xCE, 0xFF, 0xB1, 0x00, 0x00, 0x00, 0x00,
    0x03, 0xEF, 0xFF, 0xFC, 0x10, 0x00, 0x00, 0x00, 0x00, 0x00, 0x00, 0x00, 0x00, 0x00, 0x00, 0x00,
    0x00, 0x00, 0x00, 0x00, 0x00, 0x00, 0x00, 0x00, 0x00, 0xDF, 0xFF, 0xFF, 0xFF, 0xFF, 0xFF, 0xFF,
    0xFF, 0xF6, 0xDF, 0xFF, 0xFF, 0xFF, 0xFF, 0xFF, 0xFF, 0xFF, 0xF6, 0xDF, 0xFF, 0xFF, 0xFF, 0xFF,
    0xFF, 0xFF, 0xFF, 0xF6, 0xDF, 0xFF, 0xFF, 0xFF, 0xFF, 0xFF, 0xFF, 0xFF, 0xF6, 0xDF, 0xFF, 0xFF,
    0xFF, 0xFF, 0xFF, 0xFF, 0xFF, 0xF6, 0xDF, 0xFF, 0xFF, 0x80, 0x00, 0x00, 0x00, 0x00, 0x00, 0xDF,
    0xFF, 0xFF, 0x80, 0x00, 0x00, 0x00, 0x00, 0x00, 0xDF, 0xFF, 0xFF, 0x80, 0x00, 0x00, 0x00, 0x00,
    0x00, 0xDF, 0xFF, 0xFF, 0x80, 0x00, 0x00, 0x00, 0x00, 0x00, 0xDF, 0xFF, 0xFF, 0xFF, 0xFF, 0xFF,
    0xFF, 0xFF, 0xB0, 0xDF, 0xFF, 0xFF, 0xFF, 0xFF, 0xFF, 0xFF, 0xFF, 0xB0, 0xDF, 0xFF, 0xFF, 0xFF,
    0xFF, 0xFF, 0xFF, 0xFF, 0xB0, 0xDF, 0xFF, 0xFF, 0xFF, 0xFF, 0xFF, 0xFF, 0xFF, 0xB0, 0xDF, 0xFF,
    0xFF, 0xFF, 0xFF, 0xFF, 0xFF, 0xFF, 0xB0, 0xDF, 0xFF, 0xFF, 0x80, 0x00, 0x00, 0x00, 0x00, 0x00,
    0xDF, 0xFF, 0xFF, 0x80, 0x00, 0x00, 0x00, 0x00, 0x00, 0xDF, 0xFF, 0xFF, 0x80, 0x00, 0x00, 0x00,
    0x00, 0x00, 0xDF, 0xFF, 0xFF, 0x80, 0x00, 0x00, 0x00, 0x00, 0x00, 0xDF, 0xFF, 0xFF, 0x80, 0x00,
    0x00, 0x00, 0x00, 0x00, 0xDF, 0xFF, 0xFF, 0x80, 0x00, 0x00, 0x00, 0x00, 0x00, 0xDF, 0xFF, 0xFF,
    0xFF, 0xFF, 0xFF, 0xFF, 0xFF, 0xFB, 0xDF, 0xFF, 0xFF, 0xFF, 0xFF, 0xFF, 0xFF, 0xFF, 0xFB, 0xDF,
    0xFF, 0xFF, 0xFF, 0xFF, 0xFF, 0xFF, 0xFF, 0xFB, 0xDF, 0xFF, 0xFF, 0xFF, 0xFF, 0xFF, 0xFF, 0xFF,
    0xFB, 0xDF, 0xFF, 0xFF, 0xFF, 0xFF, 0xFF, 0xFF, 0xFF, 0xFB, 0x00, 0x00, 0x1D, 0xFE, 0x30, 0x00,
    0x03, 0xEF, 0xD1, 0x00, 0x00, 0x00, 0x00, 0x03, 0xFF, 0xE2, 0x00, 0x2E, 0xFF, 0x30, 0x00, 0x00,
    0x00, 0x00, 0x00, 0x7F, 0xFD, 0x11, 0xDF, 0xF7, 0x00, 0x00, 0x00, 0x00, 0x00, 0x00, 0x0C, 0xFF,
    0xCC, 0xFF, 0xC0, 0x00, 0x00, 0x00, 0x00, 0x00, 0x00, 0x02, 0xEF, 0xFF, 0xFE, 0x20, 0x00, 0x00,
    0x00, 0x00, 0x00, 0x00, 0x00, 0x6F, 0xFF, 0xF6, 0x00, 0x00, 0x00, 0x00, 0x00, 0x00, 0x00, 0x00,
    0x00, 0x00, 0x00, 0x00, 0x00, 0x00, 0x00, 0x00, 0x00, 0x00, 0x00, 0x00, 0x00, 0x00, 0x00, 0x00,
    0x00, 0x00, 0x00, 0x00, 0x00, 0x59, 0xCE, 0xFE, 0xDA, 0x61, 0x00, 0x00, 0x00, 0x00, 0x00, 0x6D,
    0xFF, 0xFF, 0xFF, 0xFF, 0xFE, 0x70, 0x00, 0x00, 0x00, 0x0A, 0xFF, 0xFF, 0xFF, 0xFF, 0xFF, 0xFF,
    0xFB, 0x00, 0x00, 0x00, 0x9F, 0xFF, 0xFF, 0xFF, 0xFF, 0xFF, 0xFF, 0xFF, 0x90, 0x00, 0x04, 0xFF,
    0xFF, 0xFE, 0x82, 0x12, 0x6E, 0xFF, 0xFF, 0xF4, 0x00, 0x0C, 0xFF, 0xFF, 0xF4, 0x00, 0x00, 0x03,
    0xFF, 0xFF, 0xFC, 0x00, 0x2F, 0xFF, 0xFF, 0xC0, 0x00, 0x00, 0x00, 0xCF, 0xFF, 0xFF, 0x10, 0x5F,
    0xFF, 0xFF, 0xFF, 0xFF, 0xFF, 0xFF, 0xFF, 0xFF, 0xFF, 0x40, 0x7F, 0xFF, 0xFF, 0xFF, 0xFF, 0xFF,
    0xFF, 0xFF, 0xFF, 0xFF, 0x50, 0x8F, 0xFF, 0xFF, 0xFF, 0xFF, 0xFF, 0xFF, 0xFF, 0xFF, 0xFF, 0x60,
    0x7F, 0xFF, 0xFF, 0xFF, 0xFF, 0xFF, 0xFF, 0xFF, 0xFF, 0xFF, 0x60, 0x5F, 0xFF, 0xFF, 0x90, 0x00,
    0x00, 0x00, 0x00, 0x00, 0x00, 0x00, 0x2F, 0xFF, 0xFF, 0xD0, 0x00, 0x00, 0x00, 0x00, 0x00, 0x00,
    0x00, 0x0C, 0xFF, 0xFF, 0xF8, 0x00, 0x00, 0x00, 0x00, 0x02, 0x87, 0x00, 0x04, 0xFF, 0xFF, 0xFF,
    0xB4, 0x10, 0x12, 0x58, 0xCF, 0xF8, 0x00, 0x00, 0x9F, 0xFF, 0xFF, 0xFF, 0xFF, 0xFF, 0xFF, 0xFF,
    0xF8, 0x00, 0x00, 0x0A, 0xFF, 0xFF, 0xFF, 0xFF, 0xFF, 0xFF, 0xFF, 0xF8, 0x00, 0x00, 0x00, 0x6D,
    0xFF, 0xFF, 0xFF, 0xFF, 0xFF, 0xFF, 0xF8, 0x00, 0x00, 0x00, 0x00, 0x59, 0xCD, 0xEF, 0xED, 0xCB,
    0x85, 0x30, 0x00, 0x00, 0x00, 0x00, 0x00, 0x00, 0x08, 0xFF, 0xFF, 0xF7, 0x00, 0x00, 0x00, 0x00,
    0x00, 0x00, 0x00, 0x00, 0x00, 0x7F, 0xFF, 0xBF, 0xFF, 0x60, 0x00, 0x00, 0x00, 0x00, 0x00, 0x00,
    0x00, 0x06, 0xFF, 0xE4, 0x05, 0xEF, 0xF5, 0x00, 0x00, 0x00, 0x00, 0x00, 0x00, 0x00, 0x5F, 0xFB,
    0x10, 0x00, 0x2C, 0xFF, 0x40, 0x00, 0x00, 0x00, 0x00, 0x00, 0x00, 0x00, 0x00, 0x00, 0x00, 0x00,
    0x00, 0x00, 0x00, 0x00, 0x00, 0x00, 0x00, 0x00, 0x00, 0x00, 0x00, 0x00, 0x00, 0x00, 0x00, 0x00,
    0x00, 0x00, 0x00, 0x00, 0x00, 0x15, 0x9C, 0xDE, 0xFE, 0xDC, 0x96, 0x20, 0x00, 0x00, 0x00, 0x00,
    0x00, 0x29, 0xFF, 0xFF, 0xFF, 0xFF, 0xFF, 0xFF, 0xFC, 0x61, 0x00, 0x00, 0x00, 0x07, 0xFF, 0xFF,
    0xFF, 0xFF, 0xFF, 0xFF, 0xFF, 0xFF, 0xF7, 0x00, 0x00, 0x00, 0xBF, 0xFF, 0xFF, 0xFF, 0xFF, 0xFF,
    0xFF, 0xFF, 0xFF, 0xF7, 0x00, 0x00, 0x0A, 0xFF, 0xFF, 0xFF, 0xFF, 0xFF, 0xFF, 0xFF, 0xFF, 0xFF,
    0xF7, 0x00, 0x00, 0x6F, 0xFF, 0xFF, 0xFF, 0xFA, 0x52, 0x10, 0x12, 0x58, 0xDF, 0xF7, 0x00, 0x01,
    0xEF, 0xFF, 0xFF, 0xFC, 0x20, 0x00, 0x00, 0x00, 0x00, 0x03, 0x97, 0x00, 0x06, 0xFF, 0xFF, 0xFF,
    0xD1, 0x00, 0x00, 0x00, 0x00, 0x00, 0x00, 0x00, 0x00, 0x0B, 0xFF, 0xFF, 0xFF, 0x30, 0x00, 0x00,
    0x00, 0x00, 0x00, 0x00, 0x00, 0x00, 0x0F, 0xFF, 0xFF, 0xFC, 0x00, 0x00, 0x00, 0x00, 0x00, 0x00,
    0x00, 0x00, 0x00, 0x2F, 0xFF, 0xFF, 0xF8, 0x00, 0x00, 0x00, 0x00, 0x00, 0x00, 0x00, 0x00, 0x00,
    0x3F, 0xFF, 0xFF, 0xF6, 0x00, 0x00, 0x00, 0x8F, 0xFF, 0xFF, 0xFF, 0xFF, 0x60, 0x4F, 0xFF, 0xFF,
    0xF5, 0x00, 0x00, 0x00, 0x8F, 0xFF, 0xFF, 0xFF, 0xFF, 0x60, 0x3F, 0xFF, 0xFF, 0xF6, 0x00, 0x00,
    0x00, 0x8F, 0xFF, 0xFF, 0xFF, 0xFF, 0x60, 0x2F, 0xFF, 0xFF, 0xF7, 0x00, 0x00, 0x00, 0x8F, 0xFF,
    0xFF, 0xFF, 0xFF, 0x60, 0x1F, 0xFF, 0xFF, 0xFB, 0x00, 0x00, 0x00, 0x00, 0x00, 0xAF, 0xFF, 0xFF,
    0x60, 0x0B, 0xFF, 0xFF, 0xFF, 0x30, 0x00, 0x00, 0x00, 0x00, 0xAF, 0xFF, 0xFF, 0x60, 0x07, 0xFF,
    0xFF, 0xFF, 0xC1, 0x00, 0x00, 0x00, 0x00, 0xAF, 0xFF, 0xFF, 0x60, 0x01, 0xEF, 0xFF, 0xFF, 0xFB,
    0x20, 0x00, 0x00, 0x00, 0xAF, 0xFF, 0xFF, 0x60, 0x00, 0x7F, 0xFF, 0xFF, 0xFF, 0xE9, 0x42, 0x00,
    0x14, 0xCF, 0xFF, 0xFF, 0x60, 0x00, 0x0A, 0xFF, 0xFF, 0xFF, 0xFF, 0xFF, 0xFF, 0xFF, 0xFF, 0xFF,
    0xFF, 0x60, 0x00, 0x01, 0xBF, 0xFF, 0xFF, 0xFF, 0xFF, 0xFF, 0xFF, 0xFF, 0xFF, 0xFF, 0x60, 0x00,
    0x00, 0x08, 0xFF, 0xFF, 0xFF, 0xFF, 0xFF, 0xFF, 0xFF, 0xFF, 0xFD, 0x40, 0x00, 0x00, 0x00, 0x3A,
    0xFF, 0xFF, 0xFF, 0xFF, 0xFF, 0xFF, 0xFB, 0x50, 0x00, 0x00, 0x00, 0x00, 0x00, 0x26, 0x9C, 0xDE,
    0xFE, 0xDB, 0x85, 0x10, 0x00, 0x00, 0x00, 0x00, 0x00, 0x00, 0xBF, 0xFF, 0xD1, 0x00, 0x00, 0x00,
    0x00, 0x00, 0x00, 0x00, 0x07, 0xFF, 0xFF, 0xFA, 0x00, 0x00, 0x00, 0x00, 0x00, 0x00, 0x00, 0x3F,
    0xFF, 0xAF, 0xFF, 0x60, 0x00, 0x00, 0x00, 0x00, 0x00, 0x01, 0xDF, 0xF9, 0x06, 0xFF, 0xE2, 0x00,
    0x00, 0x00, 0x00, 0x00, 0x09, 0xFF, 0xA0, 0x00, 0x7F, 0xFC, 0x00, 0x00, 0x00, 0x00, 0x00, 0x5F,
    0xFB, 0x00, 0x00, 0x08, 0xFF, 0x80, 0x00, 0x00, 0x00, 0x00, 0x00, 0x00, 0x00, 0x00, 0x00, 0x00,
    0x00, 0x00, 0x00, 0x00, 0x00, 0x00, 0x00, 0x00, 0x00, 0x00, 0x00, 0x00, 0x00, 0x00, 0x00, 0x00,
    0x06, 0xBE, 0xFD, 0xB6, 0x00, 0x8F, 0xFF, 0xFF, 0x70, 0x00, 0x02, 0xCF, 0xFF, 0xFF, 0xFF, 0xC2,
    0x8F, 0xFF, 0xFF, 0x70, 0x00, 0x2E, 0xFF, 0xFF, 0xFF, 0xFF, 0xFD, 0x9F, 0xFF, 0xFF, 0x70, 0x00,
    0xCF, 0xFF, 0xFF, 0xFF, 0xFF, 0xFF, 0xFF, 0xFF, 0xFF, 0x70, 0x06, 0xFF, 0xFF, 0xFF, 0xA3, 0x02,
    0x8F, 0xFF, 0xFF, 0xFF, 0x70, 0x0C, 0xFF, 0xFF, 0xFB, 0x00, 0x00, 0x08, 0xFF, 0xFF, 0xFF, 0x70,
    0x1F, 0xFF, 0xFF, 0xF3, 0x00, 0x00, 0x01, 0xEF, 0xFF, 0xFF, 0x70, 0x5F, 0xFF, 0xFF, 0xD0, 0x00,
    0x00, 0x00, 0xBF, 0xFF, 0xFF, 0x70, 0x6F, 0xFF, 0xFF, 0xB0, 0x00, 0x00, 0x00, 0x8F, 0xFF, 0xFF,
    0x70, 0x7F, 0xFF, 0xFF, 0xA0, 0x00, 0x00, 0x00, 0x8F, 0xFF, 0xFF, 0x70, 0x6F, 0xFF, 0xFF, 0xB0,
    0x00, 0x00, 0x00, 0x8F, 0xFF, 0xFF, 0x70, 0x5F, 0xFF, 0xFF, 0xD0, 0x00, 0x00, 0x00, 0xBF, 0xFF,
    0xFF, 0x70, 0x1F, 0xFF, 0xFF, 0xF2, 0x00, 0x00, 0x01, 0xEF, 0xFF, 0xFF, 0x70, 0x0C, 0xFF, 0xFF,
    0xFA, 0x00, 0x00, 0x08, 0xFF, 0xFF, 0xFF, 0x70, 0x06, 0xFF, 0xFF, 0xFF, 0x92, 0x02, 0x8F, 0xFF,
    0xFF, 0xFF, 0x70, 0x00, 0xCF, 0xFF, 0xFF, 0xFF, 0xFF, 0xFF, 0xFF, 0xFF, 0xFF, 0x70, 0x00, 0x2E,
    0xFF, 0xFF, 0xFF, 0xFF, 0xFD, 0x9F, 0xFF, 0xFF, 0x70, 0x00, 0x02, 0xCF, 0xFF, 0xFF, 0xFF, 0xC2,
    0x8F, 0xFF, 0xFF, 0x70, 0x00, 0x00, 0x06, 0xBE, 0xFD, 0xB6, 0x00, 0x9F, 0xFF, 0xFF, 0x60, 0x00,
    0x00, 0x00, 0x00, 0x00, 0x00, 0x00, 0xEF, 0xFF, 0xFF, 0x30, 0x00, 0x39, 0x10, 0x00, 0x00, 0x00,
    0x08, 0xFF, 0xFF, 0xFE, 0x00, 0x00, 0x3F, 0xF9, 0x52, 0x00, 0x25, 0xBF, 0xFF, 0xFF, 0xF7, 0x00,
    0x00, 0x3F, 0xFF, 0xFF, 0xFF, 0xFF, 0xFF, 0xFF, 0xFF, 0xC0, 0x00, 0x00, 0x3F, 0xFF, 0xFF, 0xFF,
    0xFF, 0xFF, 0xFF, 0xFC, 0x10, 0x00, 0x00, 0x3F, 0xFF, 0xFF, 0xFF, 0xFF, 0xFF, 0xFE, 0x70, 0x00,
    0x00, 0x00, 0x02, 0x69, 0xCD, 0xEF, 0xED, 0xB9, 0x50, 0x00, 0x00, 0x00, 0x00, 0x00, 0x00, 0x0E,
    0xF9, 0x00, 0x00, 0x07, 0xFF, 0x10, 0x00, 0x00, 0x00, 0x00, 0x00, 0x00, 0x08, 0xFF, 0x82, 0x02,
    0x7F, 0xFA, 0x00, 0x00, 0x00, 0x00, 0x00, 0x00, 0x00, 0x01, 0xCF, 0xFF, 0xFF, 0xFF, 0xD1, 0x00,
    0x00, 0x00, 0x00, 0x00, 0x00, 0x00, 0x00, 0x06, 0xBE, 0xFE, 0xC7, 0x10, 0x00, 0x00, 0x00, 0x00,
    0x00, 0x00, 0x00, 0x00, 0x00, 0x00, 0x00, 0x00, 0x00, 0x00, 0x00, 0x00, 0x00, 0x00, 0x00, 0x00,
    0x00, 0x00, 0x00, 0x00, 0x00, 0x00, 0x00, 0x00, 0x00, 0x00, 0x00, 0x00, 0x00, 0x00, 0x15, 0x9C,
    0xDE, 0xFE, 0xDC, 0x96, 0x20, 0x00, 0x00, 0x00, 0x00, 0x00, 0x29, 0xFF, 0xFF, 0xFF, 0xFF, 0xFF,
    0xFF, 0xFC, 0x61, 0x00, 0x00, 0x00, 0x07, 0xFF, 0xFF, 0xFF, 0xFF, 0xFF, 0xFF, 0xFF, 0xFF, 0xF7,
    0x00, 0x00, 0x00, 0xBF, 0xFF, 0xFF, 0xFF, 0xFF, 0xFF, 0xFF, 0xFF, 0xFF, 0xF7, 0x00, 0x00, 0x0A,
    0xFF, 0xFF, 0xFF, 0xFF, 0xFF, 0xFF, 0xFF, 0xFF, 0xFF, 0xF7, 0x00, 0x00, 0x6F, 0xFF, 0xFF, 0xFF,
    0xFA, 0x52, 0x10, 0x12, 0x58, 0xDF, 0xF7, 0x00, 0x01, 0xEF, 0xFF, 0xFF, 0xFC, 0x20, 0x00, 0x00,
    0x00, 0x00, 0x03, 0x97, 0x00, 0x06, 0xFF, 0xFF, 0xFF, 0xD1, 0x00, 0x00, 0x00, 0x00, 0x00, 0x00,
    0x00, 0x00, 0x0B, 0xFF, 0xFF, 0xFF, 0x30, 0x00, 0x00, 0x00, 0x00, 0x00, 0x00, 0x00, 0x00, 0x0F,
    0xFF, 0xFF, 0xFC, 0x00, 0x00, 0x00, 0x00, 0x00, 0x00, 0x00, 0x00, 0x00, 0x2F, 0xFF, 0xFF, 0xF8,
    0x00, 0x00, 0x00, 0x00, 0x00, 0x00, 0x00, 0x00, 0x00, 0x3F, 0xFF, 0xFF, 0xF6, 0x00, 0x00, 0x00,
    0x8F, 0xFF, 0xFF, 0xFF, 0xFF, 0x60, 0x4F, 0xFF, 0xFF, 0xF5, 0x00, 0x00, 0x00, 0x8F, 0xFF, 0xFF,
    0xFF, 0xFF, 0x60, 0x3F, 0xFF, 0xFF, 0xF6, 0x00, 0x00, 0x00, 0x8F, 0xFF, 0xFF, 0xFF, 0xFF, 0x60,
    0x2F, 0xFF, 0xFF, 0xF7, 0x00, 0x00, 0x00, 0x8F, 0xFF, 0xFF, 0xFF, 0xFF, 0x60, 0x1F, 0xFF, 0xFF,
    0xFB, 0x00, 0x00, 0x00, 0x00, 0x00, 0xAF, 0xFF, 0xFF, 0x60, 0x0B, 0xFF, 0xFF, 0xFF, 0x30, 0x00,
    0x00, 0x00, 0x00, 0xAF, 0xFF, 0xFF, 0x60, 0x07, 0xFF, 0xFF, 0xFF, 0xC1, 0x00, 0x00, 0x00, 0x00,
    0xAF, 0xFF, 0xFF, 0x60, 0x01, 0xEF, 0xFF, 0xFF, 0xFB, 0x20, 0x00, 0x00, 0x00, 0xAF, 0xFF, 0xFF,
    0x60, 0x00, 0x7F, 0xFF, 0xFF, 0xFF, 0xE9, 0x42, 0x00, 0x14, 0xCF, 0xFF, 0xFF, 0x60, 0x00, 0x0A,
    0xFF, 0xFF, 0xFF, 0xFF, 0xFF, 0xFF, 0xFF, 0xFF, 0xFF, 0xFF, 0x60, 0x00, 0x01, 0xBF, 0xFF, 0xFF,
    0xFF, 0xFF, 0xFF, 0xFF, 0xFF, 0xFF, 0xFF, 0x60, 0x00, 0x00, 0x08, 0xFF, 0xFF, 0xFF, 0xFF, 0xFF,
    0xFF, 0xFF, 0xFF, 0xFD, 0x40, 0x00, 0x00, 0x00, 0x3A, 0xFF, 0xFF, 0xFF, 0xFF, 0xFF, 0xFF, 0xFB,
    0x50, 0x00, 0x00, 0x00, 0x00, 0x00, 0x26, 0x9C, 0xDE, 0xFE, 0xDB, 0x85, 0x10, 0x00, 0x00, 0x00,
    0x00, 0x05, 0xFF, 0x30, 0x00, 0x00, 0xCF, 0xA0, 0x00, 0x00, 0x00, 0x00, 0x02, 0xFF, 0xD5, 0x11,
    0x3A, 0xFF, 0x80, 0x00, 0x00, 0x00, 0x00, 0x00, 0xCF, 0xFF, 0xFF, 0xFF, 0xFF, 0x20, 0x00, 0x00,
    0x00, 0x00, 0x00, 0x2E, 0xFF, 0xFF, 0xFF, 0xF6, 0x00, 0x00, 0x00, 0x00, 0x00, 0x00, 0x01, 0x8C,
    0xEF, 0xDA, 0x30, 0x00, 0x00, 0x00, 0x00, 0x00, 0x00, 0x00, 0x00, 0x00, 0x00, 0x00, 0x00, 0x00,
    0x00, 0x00, 0x00, 0x00, 0x00, 0x00, 0x00, 0x00, 0x00, 0x00, 0x00, 0x00, 0x00, 0x00, 0x00, 0x00,
    0x00, 0x00, 0x00, 0x00, 0x00, 0x00, 0x00, 0x00, 0x00, 0x06, 0xBE, 0xFD, 0xB6, 0x00, 0x8F, 0xFF,
    0xFF, 0x70, 0x00, 0x02, 0xCF, 0xFF, 0xFF, 0xFF, 0xC2, 0x8F, 0xFF, 0xFF, 0x70, 0x00, 0x2E, 0xFF,
    0xFF, 0xFF, 0xFF, 0xFD, 0x9F, 0xFF, 0xFF, 0x70, 0x00, 0xCF, 0xFF, 0xFF, 0xFF, 0xFF, 0xFF, 0xFF,
    0xFF, 0xFF, 0x70, 0x06, 0xFF, 0xFF, 0xFF, 0xA3, 0x02, 0x8F, 0xFF, 0xFF, 0xFF, 0x70, 0x0C, 0xFF,
    0xFF, 0xFB, 0x00, 0x00, 0x08, 0xFF, 0xFF, 0xFF, 0x70, 0x1F, 0xFF, 0xFF, 0xF3, 0x00, 0x00, 0x01,
    0xEF, 0xFF, 0xFF, 0x70, 0x5F, 0xFF, 0xFF, 0xD0, 0x00, 0x00, 0x00, 0xBF, 0xFF, 0xFF, 0x70, 0x6F,
    0xFF, 0xFF, 0xB0, 0x00, 0x00, 0x00, 0x8F, 0xFF, 0xFF, 0x70, 0x7F, 0xFF, 0xFF, 0xA0, 0x00, 0x00,
    0x00, 0x8F, 0xFF, 0xFF, 0x70, 0x6F, 0xFF, 0xFF, 0xB0, 0x00, 0x00, 0x00, 0x8F, 0xFF, 0xFF, 0x70,
    0x5F, 0xFF, 0xFF, 0xD0, 0x00, 0x00, 0x00, 0xBF, 0xFF, 0xFF, 0x70, 0x1F, 0xFF, 0xFF, 0xF2, 0x00,
    0x00, 0x01, 0xEF, 0xFF, 0xFF, 0x70, 0x0C, 0xFF, 0xFF, 0xFA, 0x00, 0x00, 0x08, 0xFF, 0xFF, 0xFF,
    0x70, 0x06, 0xFF, 0xFF, 0xFF, 0x92, 0x02, 0x8F, 0xFF, 0xFF, 0xFF, 0x70, 0x00, 0xCF, 0xFF, 0xFF,
    0xFF, 0xFF, 0xFF, 0xFF, 0xFF, 0xFF, 0x70, 0x00, 0x2E, 0xFF, 0xFF, 0xFF, 0xFF, 0xFD, 0x9F, 0xFF,
    0xFF, 0x70, 0x00, 0x02, 0xCF, 0xFF, 0xFF, 0xFF, 0xC2, 0x8F, 0xFF, 0xFF, 0x70, 0x00, 0x00, 0x06,
    0xBE, 0xFD, 0xB6, 0x00, 0x9F, 0xFF, 0xFF, 0x60, 0x00, 0x00, 0x00, 0x00, 0x00, 0x00, 0x00, 0xEF,
    0xFF, 0xFF, 0x30, 0x00, 0x39, 0x10, 0x00, 0x00, 0x00, 0x08, 0xFF, 0xFF, 0xFE, 0x00, 0x00, 0x3F,
    0xF9, 0x52, 0x00, 0x25, 0xBF, 0xFF, 0xFF, 0xF7, 0x00, 0x00, 0x3F, 0xFF, 0xFF, 0xFF, 0xFF, 0xFF,
    0xFF, 0xFF, 0xC0, 0x00, 0x00, 0x3F, 0xFF, 0xFF, 0xFF, 0xFF, 0xFF, 0xFF, 0xFC, 0x10, 0x00, 0x00,
    0x3F, 0xFF, 0xFF, 0xFF, 0xFF, 0xFF, 0xFE, 0x70, 0x00, 0x00, 0x00, 0x02, 0x69, 0xCD, 0xEF, 0xED,
    0xB9, 0x50, 0x00, 0x00, 0x00, 0x00, 0x00, 0x00, 0x00, 0x00, 0x00, 0xCF, 0xFF, 0xB0, 0x00, 0x00,
    0x00, 0x00, 0x00, 0x00, 0x00, 0x00, 0x00, 0x00, 0xCF, 0xFF, 0xB0, 0x00, 0x00, 0x00, 0x00, 0x00,
    0x00, 0x00, 0x00, 0x00, 0x00, 0xCF, 0xFF, 0xB0, 0x00, 0x00, 0x00, 0x00, 0x00, 0x00, 0x00, 0x00,
    0x00, 0x00, 0xCF, 0xFF, 0xB0, 0x00, 0x00, 0x00, 0x00, 0x00, 0x00, 0x00, 0x00, 0x00, 0x00, 0x00,
    0x00, 0x00, 0x00, 0x00, 0x00, 0x00, 0x00, 0x00, 0x00, 0x00, 0x00, 0x00, 0x00, 0x00, 0x00, 0x00,
    0x00, 0x00, 0x00, 0x00, 0x00, 0x00, 0x00, 0x15, 0x9C, 0xDE, 0xFE, 0xDC, 0x96, 0x20, 0x00, 0x00,
    0x00, 0x00, 0x00, 0x29, 0xFF, 0xFF, 0xFF, 0xFF, 0xFF, 0xFF, 0xFC, 0x61, 0x00, 0x00, 0x00, 0x07,
    0xFF, 0xFF, 0xFF, 0xFF, 0xFF, 0xFF, 0xFF, 0xFF, 0xF7, 0x00, 0x00, 0x00, 0xBF, 0xFF, 0xFF, 0xFF,
    0xFF, 0xFF, 0xFF, 0xFF, 0xFF, 0xF7, 0x00, 0x00, 0x0A, 0xFF, 0xFF, 0xFF, 0xFF, 0xFF, 0xFF, 0xFF,
    0xFF, 0xFF, 0xF7, 0x00, 0x00, 0x6F, 0xFF, 0xFF, 0xFF, 0xFA, 0x52, 0x10, 0x12, 0x58, 0xDF, 0xF7,
    0x00, 0x01, 0xEF, 0xFF, 0xFF, 0xFC, 0x20, 0x00, 0x00, 0x00, 0x00, 0x03, 0x97, 0x00, 0x06, 0xFF,
    0xFF, 0xFF, 0xD1, 0x00, 0x00, 0x00, 0x00, 0x00, 0x00, 0x00, 0x00, 0x0B, 0xFF, 0xFF, 0xFF, 0x30,
    0x00, 0x00, 0x00, 0x00, 0x00, 0x00, 0x00, 0x00, 0x0F, 0xFF, 0xFF, 0xFC, 0x00, 0x00, 0x00, 0x00,
    0x00, 0x00, 0x00, 0x00, 0x00, 0x2F, 0xFF, 0xFF, 0xF8, 0x00, 0x00, 0x00, 0x00, 0x00, 0x00, 0x00,
    0x00, 0x00, 0x3F, 0xFF, 0xFF, 0xF6, 0x00, 0x00, 0x00, 0x8F, 0xFF, 0xFF, 0xFF, 0xFF, 0x60, 0x4F,
    0xFF, 0xFF, 0xF5, 0x00, 0x00, 0x00, 0x8F, 0xFF, 0xFF, 0xFF, 0xFF, 0x60, 0x3F, 0xFF, 0xFF, 0xF6,
    0x00, 0x00, 0x00, 0x8F, 0xFF, 0xFF, 0xFF, 0xFF, 0x60, 0x2F, 0xFF, 0xFF, 0xF7, 0x00, 0x00, 0x00,
    0x8F, 0xFF, 0xFF, 0xFF, 0xFF, 0x60, 0x1F, 0xFF, 0xFF, 0xFB, 0x00, 0x00, 0x00, 0x00, 0x00, 0xAF,
    0xFF, 0xFF, 0x60, 0x0B, 0xFF, 0xFF, 0xFF, 0x30, 0x00, 0x00, 0x00, 0x00, 0xAF, 0xFF, 0xFF, 0x60,
    0x07, 0xFF, 0xFF, 0xFF, 0xC1, 0x00, 0x00, 0x00, 0x00, 0xAF, 0xFF, 0xFF, 0x60, 0x01, 0xEF, 0xFF,
    0xFF, 0xFB, 0x20, 0x00, 0x00, 0x00, 0xAF, 0xFF, 0xFF, 0x60, 0x00, 0x7F, 0xFF, 0xFF, 0xFF, 0xE9,
    0x42, 0x00, 0x14, 0xCF, 0xFF, 0xFF, 0x60, 0x00, 0x0A, 0xFF, 0xFF, 0xFF, 0xFF, 0xFF, 0xFF, 0xFF,
    0xFF, 0xFF, 0xFF, 0x60, 0x00, 0x01, 0xBF, 0xFF, 0xFF, 0xFF, 0xFF, 0xFF, 0xFF, 0xFF, 0xFF, 0xFF,
    0x60, 0x00, 0x00, 0x08, 0xFF, 0xFF, 0xFF, 0xFF, 0xFF, 0xFF, 0xFF, 0xFF, 0xFD, 0x40, 0x00, 0x00,
    0x00, 0x3A, 0xFF, 0xFF, 0xFF, 0xFF, 0xFF, 0xFF, 0xFB, 0x50, 0x00, 0x00, 0x00, 0x00, 0x00, 0x26,
    0x9C, 0xDE, 0xFE, 0xDB, 0x85, 0x10, 0x00, 0x00, 0x00, 0x00, 0x00, 0x06, 0xFF, 0xFF, 0xF8, 0x00,
    0x00, 0x00, 0x00, 0x00, 0x00, 0x00, 0x06, 0xFF, 0xFF, 0xF8, 0x00, 0x00, 0x00, 0x00, 0x00, 0x00,
    0x00, 0x06, 0xFF, 0xFF, 0xF8, 0x00, 0x00, 0x00, 0x00, 0x00, 0x00, 0x00, 0x06, 0xFF, 0xFF, 0xF8,
    0x00, 0x00, 0x00, 0x00, 0x00, 0x00, 0x00, 0x06, 0xFF, 0xFF, 0xF8, 0x00, 0x00, 0x00, 0x00, 0x00,
    0x00, 0x00, 0x06, 0xFF, 0xFF, 0xF8, 0x00, 0x00, 0x00, 0x00, 0x00, 0x00, 0x00, 0x00, 0x00, 0x00,
    0x00, 0x00, 0x00, 0x00, 0x00, 0x00, 0x00, 0x00, 0x00, 0x00, 0x00, 0x00, 0x00, 0x00, 0x00, 0x00,
    0x00, 0x00, 0x06, 0xBE, 0xFD, 0xB6, 0x00, 0x8F, 0xFF, 0xFF, 0x70, 0x00, 0x02, 0xCF, 0xFF, 0xFF,
    0xFF, 0xC2, 0x8F, 0xFF, 0xFF, 0x70, 0x00, 0x2E, 0xFF, 0xFF, 0xFF, 0xFF, 0xFD, 0x9F, 0xFF, 0xFF,
    0x70, 0x00, 0xCF, 0xFF, 0xFF, 0xFF, 0xFF, 0xFF, 0xFF, 0xFF, 0xFF, 0x70, 0x06, 0xFF, 0xFF, 0xFF,
    0xA3, 0x02, 0x8F, 0xFF, 0xFF, 0xFF, 0x70, 0x0C, 0xFF, 0xFF, 0xFB, 0x00, 0x00, 0x08, 0xFF, 0xFF,
    0xFF, 0x70, 0x1F, 0xFF, 0xFF, 0xF3, 0x00, 0x00, 0x01, 0xEF, 0xFF, 0xFF, 0x70, 0x5F, 0xFF, 0xFF,
    0xD0, 0x00, 0x00, 0x00, 0xBF, 0xFF, 0xFF, 0x70, 0x6F, 0xFF, 0xFF, 0xB0, 0x00, 0x00, 0x00, 0x8F,
    0xFF, 0xFF, 0x70, 0x7F, 0xFF, 0xFF, 0xA0, 0x00, 0x00, 0x00, 0x8F, 0xFF, 0xFF, 0x70, 0x6F, 0xFF,
    0xFF, 0xB0, 0x00, 0x00, 0x00, 0x8F, 0xFF, 0xFF, 0x70, 0x5F, 0xFF, 0xFF, 0xD0, 0x00, 0x00, 0x00,
    0xBF, 0xFF, 0xFF, 0x70, 0x1F, 0xFF, 0xFF, 0xF2, 0x00, 0x00, 0x01, 0xEF, 0xFF, 0xFF, 0x70, 0x0C,
    0xFF, 0xFF, 0xFA, 0x00, 0x00, 0x08, 0xFF, 0xFF, 0xFF, 0x70, 0x06, 0xFF, 0xFF, 0xFF, 0x92, 0x02,
    0x8F, 0xFF, 0xFF, 0xFF, 0x70, 0x00, 0xCF, 0xFF, 0xFF, 0xFF, 0xFF, 0xFF, 0xFF, 0xFF, 0xFF, 0x70,
    0x00, 0x2E, 0xFF, 0xFF, 0xFF, 0xFF, 0xFD, 0x9F, 0xFF, 0xFF, 0x70, 0x00, 0x02, 0xCF, 0xFF, 0xFF,
    0xFF, 0xC2, 0x8F, 0xFF, 0xFF, 0x70, 0x00, 0x00, 0x06, 0xBE, 0xFD, 0xB6, 0x00, 0x9F, 0xFF, 0xFF,
    0x60, 0x00, 0x00, 0x00, 0x00, 0x00, 0x00, 0x00, 0xEF, 0xFF, 0xFF, 0x30, 0x00, 0x39, 0x10, 0x00,
    0x00, 0x00, 0x08, 0xFF, 0xFF, 0xFE, 0x00, 0x00, 0x3F, 0xF9, 0x52, 0x00, 0x25, 0xBF, 0xFF, 0xFF,
    0xF7, 0x00, 0x00, 0x3F, 0xFF, 0xFF, 0xFF, 0xFF, 0xFF, 0xFF, 0xFF, 0xC0, 0x00, 0x00, 0x3F, 0xFF,
    0xFF, 0xFF, 0xFF, 0xFF, 0xFF, 0xFC, 0x10, 0x00, 0x00, 0x3F, 0xFF, 0xFF, 0xFF, 0xFF, 0xFF, 0xFE,
    0x70, 0x00, 0x00, 0x00, 0x02, 0x69, 0xCD, 0xEF, 0xED, 0xB9, 0x50, 0x00, 0x00, 0x00, 0x00, 0x00,
    0x00, 0x00, 0x15, 0x9C, 0xDE, 0xFE, 0xDC, 0x96, 0x20, 0x00, 0x00, 0x00, 0x00, 0x00, 0x29, 0xFF,
    0xFF, 0xFF, 0xFF, 0xFF, 0xFF, 0xFC, 0x61, 0x00, 0x00, 0x00, 0x07, 0xFF, 0xFF, 0xFF, 0xFF, 0xFF,
    0xFF, 0xFF, 0xFF, 0xF7, 0x00, 0x00, 0x00, 0xBF, 0xFF, 0xFF, 0xFF, 0xFF, 0xFF, 0xFF, 0xFF, 0xFF,
    0xF7, 0x00, 0x00, 0x0A, 0xFF, 0xFF, 0xFF, 0xFF, 0xFF, 0xFF, 0xFF, 0xFF, 0xFF, 0xF7, 0x00, 0x00,
    0x6F, 0xFF, 0xFF, 0xFF, 0xFA, 0x52, 0x10, 0x12, 0x58, 0xDF, 0xF7, 0x00, 0x01, 0xEF, 0xFF, 0xFF,
    0xFC, 0x20, 0x00, 0x00, 0x00, 0x00, 0x03, 0x97, 0x00, 0x06, 0xFF, 0xFF, 0xFF, 0xD1, 0x00, 0x00,
    0x00, 0x00, 0x00, 0x00, 0x00, 0x00, 0x0B, 0xFF, 0xFF, 0xFF, 0x30, 0x00, 0x00, 0x00, 0x00, 0x00,
    0x00, 0x00, 0x00, 0x0F, 0xFF, 0xFF, 0xFC, 0x00, 0x00, 0x00, 0x00, 0x00, 0x00, 0x00, 0x00, 0x00,
    0x2F, 0xFF, 0xFF, 0xF8, 0x00, 0x00, 0x00, 0x00, 0x00, 0x00, 0x00, 0x00, 0x00, 0x3F, 0xFF, 0xFF,
    0xF6, 0x00, 0x00, 0x00, 0x8F, 0xFF, 0xFF, 0xFF, 0xFF, 0x60, 0x4F, 0xFF, 0xFF, 0xF5, 0x00, 0x00,
    0x00, 0x8F, 0xFF, 0xFF, 0xFF, 0xFF, 0x60, 0x3F, 0xFF, 0xFF, 0xF6, 0x00, 0x00, 0x00, 0x8F, 0xFF,
    0xFF, 0xFF, 0xFF, 0x60, 0x2F, 0xFF, 0xFF, 0xF7, 0x00, 0x00, 0x00, 0x8F, 0xFF, 0xFF, 0xFF, 0xFF,
    0x60, 0x1F, 0xFF, 0xFF, 0xFB, 0x00, 0x00, 0x00, 0x00, 0x00, 0xAF, 0xFF, 0xFF, 0x60, 0x0B, 0xFF,
    0xFF, 0xFF, 0x30, 0x00, 0x00, 0x00, 0x00, 0xAF, 0xFF, 0xFF, 0x60, 0x07, 0xFF, 0xFF, 0xFF, 0xC1,
    0x00, 0x00, 0x00, 0x00, 0xAF, 0xFF, 0xFF, 0x60, 0x01, 0xEF, 0xFF, 0xFF, 0xFB, 0x20, 0x00, 0x00,
    0x00, 0xAF, 0xFF, 0xFF, 0x60, 0x00, 0x7F, 0xFF, 0xFF, 0xFF, 0xE9, 0x42, 0x00, 0x14, 0xCF, 0xFF,
    0xFF, 0x60, 0x00, 0x0A, 0xFF, 0xFF, 0xFF, 0xFF, 0xFF, 0xFF, 0xFF, 0xFF, 0xFF, 0xFF, 0x60, 0x00,
    0x01, 0xBF, 0xFF, 0xFF, 0xFF, 0xFF, 0xFF, 0xFF, 0xFF, 0xFF, 0xFF, 0x60, 0x00, 0x00, 0x08, 0xFF,
    0xFF, 0xFF, 0xFF, 0xFF, 0xFF, 0xFF, 0xFF, 0xFD, 0x40, 0x00, 0x00, 0x00, 0x3A, 0xFF, 0xFF, 0xFF,
    0xFF, 0xFF, 0xFF, 0xFB, 0x50, 0x00, 0x00, 0x00, 0x00, 0x00, 0x26, 0x9C, 0xDE, 0xFE, 0xDB, 0x85,
    0x10, 0x00, 0x00, 0x00, 0x00, 0x00, 0x00, 0x00, 0x00, 0x00, 0x00, 0x00, 0x00, 0x00, 0x00, 0x00,
    0x00, 0x00, 0x00, 0x00, 0x00, 0x00, 0x00, 0x00, 0x00, 0x00, 0x00, 0x00, 0x00, 0x00, 0x00, 0x00,
    0x00, 0x00, 0x00, 0xEF, 0xFF, 0xF3, 0x00, 0x00, 0x00, 0x00, 0x00, 0x00, 0x00, 0x00, 0x00, 0x04,
    0xFF, 0xFF, 0x70, 0x00, 0x00, 0x00, 0x00, 0x00, 0x00, 0x00, 0x00, 0x00, 0x08, 0xFF, 0xFB, 0x00,
    0x00, 0x00, 0x00, 0x00, 0x00, 0x00, 0x00, 0x00, 0x00, 0x0D, 0xFF, 0xE1, 0x00, 0x00, 0x00, 0x00,
    0x00, 0x00, 0x00, 0x00, 0x00, 0x00, 0x2F, 0xFF, 0x40, 0x00, 0x00, 0x00, 0x00, 0x00, 0x00, 0x00,
    0x00, 0x00, 0x00, 0x0A, 0xFF, 0xB0, 0x00, 0x00, 0x00, 0x00, 0x00, 0x00, 0x00, 0x00, 0x6F, 0xFF,
    0x60, 0x00, 0x00, 0x00, 0x00, 0x00, 0x00, 0x00, 0x03, 0xFF, 0xFF, 0x20, 0x00, 0x00, 0x00, 0x00,
    0x00, 0x00, 0x00, 0x1D, 0xFF, 0xFC, 0x00, 0x00, 0x00, 0x00, 0x00, 0x00, 0x00, 0x00, 0xAF, 0xFF,
    0xF8, 0x00, 0x00, 0x00, 0x00, 0x00, 0x00, 0x00, 0x00, 0x00, 0x00, 0x00, 0x00, 0x00, 0x00, 0x00,
    0x00, 0x00, 0x00, 0x00, 0x00, 0x00, 0x00, 0x00, 0x00, 0x00, 0x00, 0x00, 0x00, 0x06, 0xBE, 0xFD,
    0xB6, 0x00, 0x8F, 0xFF, 0xFF, 0x70, 0x00, 0x02, 0xCF, 0xFF, 0xFF, 0xFF, 0xC2, 0x8F, 0xFF, 0xFF,
    0x70, 0x00, 0x2E, 0xFF, 0xFF, 0xFF, 0xFF, 0xFD, 0x9F, 0xFF, 0xFF, 0x70, 0x00, 0xCF, 0xFF, 0xFF,
    0xFF, 0xFF, 0xFF, 0xFF, 0xFF, 0xFF, 0x70, 0x06, 0xFF, 0xFF, 0xFF, 0xA3, 0x02, 0x8F, 0xFF, 0xFF,
    0xFF, 0x70, 0x0C, 0xFF, 0xFF, 0xFB, 0x00, 0x00, 0x08, 0xFF, 0xFF, 0xFF, 0x70, 0x1F, 0xFF, 0xFF,
    0xF3, 0x00, 0x00, 0x01, 0xEF, 0xFF, 0xFF, 0x70, 0x5F, 0xFF, 0xFF, 0xD0, 0x00, 0x00, 0x00, 0xBF,
    0xFF, 0xFF, 0x70, 0x6F, 0xFF, 0xFF, 0xB0, 0x00, 0x00, 0x00, 0x8F, 0xFF, 0xFF, 0x70, 0x7F, 0xFF,
    0xFF, 0xA0, 0x00, 0x00, 0x00, 0x8F, 0xFF, 0xFF, 0x70, 0x6F, 0xFF, 0xFF, 0xB0, 0x00, 0x00, 0x00,
    0x8F, 0xFF, 0xFF, 0x70, 0x5F, 0xFF, 0xFF, 0xD0, 0x00, 0x00, 0x00, 0xBF, 0xFF, 0xFF, 0x70, 0x1F,
    0xFF, 0xFF, 0xF2, 0x00, 0x00, 0x01, 0xEF, 0xFF, 0xFF, 0x70, 0x0C, 0xFF, 0xFF, 0xFA, 0x00, 0x00,
    0x08, 0xFF, 0xFF, 0xFF, 0x70, 0x06, 0xFF, 0xFF, 0xFF, 0x92, 0x02, 0x8F, 0xFF, 0xFF, 0xFF, 0x70,
    0x00, 0xCF, 0xFF, 0xFF, 0xFF, 0xFF, 0xFF, 0xFF, 0xFF, 0xFF, 0x70, 0x00, 0x2E, 0xFF, 0xFF, 0xFF,
    0xFF, 0xFD, 0x9F, 0xFF, 0xFF, 0x70, 0x00, 0x02, 0xCF, 0xFF, 0xFF, 0xFF, 0xC2, 0x8F, 0xFF, 0xFF,
    0x70, 0x00, 0x00, 0x06, 0xBE, 0xFD, 0xB6, 0x00, 0x9F, 0xFF, 0xFF, 0x60, 0x00, 0x00, 0x00, 0x00,
    0x00, 0x00, 0x00, 0xEF, 0xFF, 0xFF, 0x30, 0x00, 0x39, 0x10, 0x00, 0x00, 0x00, 0x08, 0xFF, 0xFF,
    0xFE, 0x00, 0x00, 0x3F, 0xF9, 0x52, 0x00, 0x25, 0xBF, 0xFF, 0xFF, 0xF7, 0x00, 0x00, 0x3F, 0xFF,
    0xFF, 0xFF, 0xFF, 0xFF, 0xFF, 0xFF, 0xC0, 0x00, 0x00, 0x3F, 0xFF, 0xFF, 0xFF, 0xFF, 0xFF, 0xFF,
    0xFC, 0x10, 0x00, 0x00, 0x3F, 0xFF, 0xFF, 0xFF, 0xFF, 0xFF, 0xFE, 0x70, 0x00, 0x00, 0x00, 0x02,
    0x69, 0xCD, 0xEF, 0xED, 0xB9, 0x50, 0x00, 0x00, 0x00, 0x00, 0x00, 0x00, 0x01, 0xBF, 0xFF, 0xFF,
    0x40, 0x00, 0x00, 0x00, 0x00, 0x00, 0x00, 0x00, 0x0B, 0xFF, 0xEC, 0xFF, 0xE3, 0x00, 0x00, 0x00,
    0x00, 0x00, 0x00, 0x00, 0xAF, 0xFC, 0x20, 0x7F, 0xFE, 0x30, 0x00, 0x00, 0x00, 0x00, 0x00, 0x09,
    0xFF, 0x90, 0x00, 0x04, 0xDF, 0xE2, 0x00, 0x00, 0x00, 0x00, 0x00, 0x00, 0x00, 0x00, 0x00, 0x00,
    0x00, 0x00, 0x00, 0x00, 0x00, 0x00, 0x00, 0x00, 0x00, 0x00, 0x00, 0x00, 0x00, 0x00, 0x00, 0x00,
    0x00, 0xDF, 0xFF, 0xFF, 0x80, 0x00, 0x00, 0x00, 0x01, 0xFF, 0xFF, 0xFF, 0x50, 0xDF, 0xFF, 0xFF,
    0x80, 0x00, 0x00, 0x00, 0x01, 0xFF, 0xFF, 0xFF, 0x50, 0xDF, 0xFF, 0xFF, 0x80, 0x00, 0x00, 0x00,
    0x01, 0xFF, 0xFF, 0xFF, 0x50, 0xDF, 0xFF, 0xFF, 0x80, 0x00, 0x00, 0x00, 0x01, 0xFF, 0xFF, 0xFF,
    0x50, 0xDF, 0xFF, 0xFF, 0x80, 0x00, 0x00, 0x00, 0x01, 0xFF, 0xFF, 0xFF, 0x50, 0xDF, 0xFF, 0xFF,
    0x80, 0x00, 0x00, 0x00, 0x01, 0xFF, 0xFF, 0xFF, 0x50, 0xDF, 0xFF, 0xFF, 0x80, 0x00, 0x00, 0x00,
    0x01, 0xFF, 0xFF, 0xFF, 0x50, 0xDF, 0xFF, 0xFF, 0x80, 0x00, 0x00, 0x00, 0x01, 0xFF, 0xFF, 0xFF,
    0x50, 0xDF, 0xFF, 0xFF, 0x80, 0x00, 0x00, 0x00, 0x01, 0xFF, 0xFF, 0xFF, 0x50, 0xDF, 0xFF, 0xFF,
    0xFF, 0xFF, 0xFF, 0xFF, 0xFF, 0xFF, 0xFF, 0xFF, 0x50, 0xDF, 0xFF, 0xFF, 0xFF, 0xFF, 0xFF, 0xFF,
    0xFF, 0xFF, 0xFF, 0xFF, 0x50, 0xDF, 0xFF, 0xFF, 0xFF, 0xFF, 0xFF, 0xFF, 0xFF, 0xFF, 0xFF, 0xFF,
    0x50, 0xDF, 0xFF, 0xFF, 0xFF, 0xFF, 0xFF, 0xFF, 0xFF, 0xFF, 0xFF, 0xFF, 0x50, 0xDF, 0xFF, 0xFF,
    0xFF, 0xFF, 0xFF, 0xFF, 0xFF, 0xFF, 0xFF, 0xFF, 0x50, 0xDF, 0xFF, 0xFF, 0x80, 0x00, 0x00, 0x00,
    0x01, 0xFF, 0xFF, 0xFF, 0x50, 0xDF, 0xFF, 0xFF, 0x80, 0x00, 0x00, 0x00, 0x01, 0xFF, 0xFF, 0xFF,
    0x50, 0xDF, 0xFF, 0xFF, 0x80, 0x00, 0x00, 0x00, 0x01, 0xFF, 0xFF, 0xFF, 0x50, 0xDF, 0xFF, 0xFF,
    0x80, 0x00, 0x00, 0x00, 0x01, 0xFF, 0xFF, 0xFF, 0x50, 0xDF, 0xFF, 0xFF, 0x80, 0x00, 0x00, 0x00,
    0x01, 0xFF, 0xFF, 0xFF, 0x50, 0xDF, 0xFF, 0xFF, 0x80, 0x00, 0x00, 0x00, 0x01, 0xFF, 0xFF, 0xFF,
    0x50, 0xDF, 0xFF, 0xFF, 0x80, 0x00, 0x00, 0x00, 0x01, 0xFF, 0xFF, 0xFF, 0x50, 0xDF, 0xFF, 0xFF,
    0x80, 0x00, 0x00, 0x00, 0x01, 0xFF, 0xFF, 0xFF, 0x50, 0xDF, 0xFF, 0xFF, 0x80, 0x00, 0x00, 0x00,
    0x01, 0xFF, 0xFF, 0xFF, 0x50, 0xDF, 0xFF, 0xFF, 0x80, 0x00, 0x00, 0x00, 0x01, 0xFF, 0xFF, 0xFF,
    0x50, 0xDF, 0xFF, 0xFF, 0x80, 0x00, 0x00, 0x00, 0x01, 0xFF, 0xFF, 0xFF, 0x50, 0x00, 0x02, 0xEF,
    0xFF, 0xFD, 0x10, 0x00, 0x00, 0x00, 0x00, 0x00, 0x00, 0x00, 0x2D, 0xFF, 0xDD, 0xFF, 0xC1, 0x00,
    0x00, 0x00, 0x00, 0x00, 0x00, 0x01, 0xDF, 0xF9, 0x11, 0xBF, 0xFC, 0x10, 0x00, 0x00, 0x00, 0x00,
    0x00, 0x1C, 0xFE, 0x50, 0x00, 0x07, 0xFF, 0xB0, 0x00, 0x00, 0x00, 0x00, 0x00, 0x00, 0x00, 0x00,
    0x00, 0x00, 0x00, 0x00, 0x00, 0x00, 0x00, 0x00, 0x00, 0x00, 0x02, 0xFF, 0xFF, 0xFC, 0x00, 0x00,
    0x00, 0x00, 0x00, 0x00, 0x00, 0x00, 0x02, 0xFF, 0xFF, 0xFC, 0x00, 0x00, 0x00, 0x00, 0x00, 0x00,
    0x00, 0x00, 0x02, 0xFF, 0xFF, 0xFC, 0x00, 0x00, 0x00, 0x00, 0x00, 0x00, 0x00, 0x00, 0x02, 0xFF,
    0xFF, 0xFC, 0x00, 0x00, 0x00, 0x00, 0x00, 0x00, 0x00, 0x00, 0x02, 0xFF, 0xFF, 0xFC, 0x00, 0x00,
    0x00, 0x00, 0x00, 0x00, 0x00, 0x00, 0x02, 0xFF, 0xFF, 0xFC, 0x00, 0x00, 0x00, 0x00, 0x00, 0x00,
    0x00, 0x00, 0x02, 0xFF, 0xFF, 0xFC, 0x00, 0x00, 0x00, 0x00, 0x00, 0x00, 0x00, 0x00, 0x02, 0xFF,
    0xFF, 0xFC, 0x00, 0x38, 0xDE, 0xED, 0x92, 0x00, 0x00, 0x00, 0x02, 0xFF, 0xFF, 0xFC, 0x08, 0xFF,
    0xFF, 0xFF, 0xFE, 0x50, 0x00, 0x00, 0x02, 0xFF, 0xFF, 0xFC, 0xAF, 0xFF, 0xFF, 0xFF, 0xFF, 0xF2,
    0x00, 0x00, 0x02, 0xFF, 0xFF, 0xFF, 0xFF, 0xFF, 0xFF, 0xFF, 0xFF, 0xFA, 0x00, 0x00, 0x02, 0xFF,
    0xFF, 0xFF, 0xFF, 0xFF, 0xFF, 0xFF, 0xFF, 0xFF, 0x10, 0x00, 0x02, 0xFF, 0xFF, 0xFF, 0xFB, 0x30,
    0x29, 0xFF, 0xFF, 0xFF, 0x40, 0x00, 0x02, 0xFF, 0xFF, 0xFF, 0xC0, 0x00, 0x00, 0xCF, 0xFF, 0xFF,
    0x70, 0x00, 0x02, 0xFF, 0xFF, 0xFF, 0x40, 0x00, 0x00, 0x8F, 0xFF, 0xFF, 0x80, 0x00, 0x02, 0xFF,
    0xFF, 0xFE, 0x00, 0x00, 0x00, 0x7F, 0xFF, 0xFF, 0x80, 0x00, 0x02, 0xFF, 0xFF, 0xFD, 0x00, 0x00,
    0x00, 0x7F, 0xFF, 0xFF, 0x80, 0x00, 0x02, 0xFF, 0xFF, 0xFC, 0x00, 0x00, 0x00, 0x6F, 0xFF, 0xFF,
    0x80, 0x00, 0x02, 0xFF, 0xFF, 0xFC, 0x00, 0x00, 0x00, 0x6F, 0xFF, 0xFF, 0x80, 0x00, 0x02, 0xFF,
    0xFF, 0xFC, 0x00, 0x00, 0x00, 0x6F, 0xFF, 0xFF, 0x80, 0x00, 0x02, 0xFF, 0xFF, 0xFC, 0x00, 0x00,
    0x00, 0x6F, 0xFF, 0xFF, 0x80, 0x00, 0x02, 0xFF, 0xFF, 0xFC, 0x00, 0x00, 0x00, 0x6F, 0xFF, 0xFF,
    0x80, 0x00, 0x02, 0xFF, 0xFF, 0xFC, 0x00, 0x00, 0x00, 0x6F, 0xFF, 0xFF, 0x80, 0x00, 0x02, 0xFF,
    0xFF, 0xFC, 0x00, 0x00, 0x00, 0x6F, 0xFF, 0xFF, 0x80, 0x00, 0x02, 0xFF, 0xFF, 0xFC, 0x00, 0x00,
    0x00, 0x6F, 0xFF, 0xFF, 0x80, 0x00, 0x02, 0xFF, 0xFF, 0xFC, 0x00, 0x00, 0x00, 0x6F, 0xFF, 0xFF,
    0x80, 0x00, 0x8F, 0xFF, 0xFF, 0xD0, 0x00, 0x00, 0x00, 0x00, 0xBF, 0xFF, 0xFF, 0xA0, 0x00, 0x00,
    0x8F, 0xFF, 0xFF, 0xD0, 0x00, 0x00, 0x00, 0x00, 0xBF, 0xFF, 0xFF, 0xA0, 0x00, 0x00, 0x8F, 0xFF,
    0xFF, 0xD0, 0x00, 0x00, 0x00, 0x00, 0xBF, 0xFF, 0xFF, 0xA0, 0x00, 0xDF, 0xFF, 0xFF, 0xFF, 0xFF,
    0xFF, 0xFF, 0xFF, 0xFF, 0xFF, 0xFF, 0xFF, 0xFF, 0xF0, 0xDF, 0xFF, 0xFF, 0xFF, 0xFF, 0xFF, 0xFF,
    0xFF, 0xFF, 0xFF, 0xFF, 0xFF, 0xFF, 0xF0, 0xDF, 0xFF, 0xFF, 0xFF, 0xFF, 0xFF, 0xFF, 0xFF, 0xFF,
    0xFF, 0xFF, 0xFF, 0xFF, 0xF0, 0x00, 0x8F, 0xFF, 0xFF, 0xD0, 0x00, 0x00, 0x00, 0x00, 0xBF, 0xFF,
    0xFF, 0xA0, 0x00, 0x00, 0x8F, 0xFF, 0xFF, 0xD0, 0x00, 0x00, 0x00, 0x00, 0xBF, 0xFF, 0xFF, 0xA0,
    0x00, 0x00, 0x8F, 0xFF, 0xFF, 0xD0, 0x00, 0x00, 0x00, 0x00, 0xBF, 0xFF, 0xFF, 0xA0, 0x00, 0x00,
    0x8F, 0xFF, 0xFF, 0xFF, 0xFF, 0xFF, 0xFF, 0xFF, 0xFF, 0xFF, 0xFF, 0xA0, 0x00, 0x00, 0x8F, 0xFF,
    0xFF, 0xFF, 0xFF, 0xFF, 0xFF, 0xFF, 0xFF, 0xFF, 0xFF, 0xA0, 0x00, 0x00, 0x8F, 0xFF, 0xFF, 0xFF,
    0xFF, 0xFF, 0xFF, 0xFF, 0xFF, 0xFF, 0xFF, 0xA0, 0x00, 0x00, 0x8F, 0xFF, 0xFF, 0xFF, 0xFF, 0xFF,
    0xFF, 0xFF, 0xFF, 0xFF, 0xFF, 0xA0, 0x00, 0x00, 0x8F, 0xFF, 0xFF, 0xFF, 0xFF, 0xFF, 0xFF, 0xFF,
    0xFF, 0xFF, 0xFF, 0xA0, 0x00, 0x00, 0x8F, 0xFF, 0xFF, 0xD0, 0x00, 0x00, 0x00, 0x00, 0xBF, 0xFF,
    0xFF, 0xA0, 0x00, 0x00, 0x8F, 0xFF, 0xFF, 0xD0, 0x00, 0x00, 0x00, 0x00, 0xBF, 0xFF, 0xFF, 0xA0,
    0x00, 0x00, 0x8F, 0xFF, 0xFF, 0xD0, 0x00, 0x00, 0x00, 0x00, 0xBF, 0xFF, 0xFF, 0xA0, 0x00, 0x00,
    0x8F, 0xFF, 0xFF, 0xD0, 0x00, 0x00, 0x00, 0x00, 0xBF, 0xFF, 0xFF, 0xA0, 0x00, 0x00, 0x8F, 0xFF,
    0xFF, 0xD0, 0x00, 0x00, 0x00, 0x00, 0xBF, 0xFF, 0xFF, 0xA0, 0x00, 0x00, 0x8F, 0xFF, 0xFF, 0xD0,
    0x00, 0x00, 0x00, 0x00, 0xBF, 0xFF, 0xFF, 0xA0, 0x00, 0x00, 0x8F, 0xFF, 0xFF, 0xD0, 0x00, 0x00,
    0x00, 0x00, 0xBF, 0xFF, 0xFF, 0xA0, 0x00, 0x00, 0x8F, 0xFF, 0xFF, 0xD0, 0x00, 0x00, 0x00, 0x00,
    0xBF, 0xFF, 0xFF, 0xA0, 0x00, 0x00, 0x8F, 0xFF, 0xFF, 0xD0, 0x00, 0x00, 0x00, 0x00, 0xBF, 0xFF,
    0xFF, 0xA0, 0x00, 0x00, 0x8F, 0xFF, 0xFF, 0xD0, 0x00, 0x00, 0x00, 0x00, 0xBF, 0xFF, 0xFF, 0xA0,
    0x00, 0x00, 0x8F, 0xFF, 0xFF, 0xD0, 0x00, 0x00, 0x00, 0x00, 0xBF, 0xFF, 0xFF, 0xA0, 0x00, 0x00,
    0x09, 0xFF, 0xFF, 0xF5, 0x00, 0x00, 0x00, 0x00, 0x00, 0x00, 0x00, 0x00, 0x09, 0xFF, 0xFF, 0xF5,
    0x00, 0x00, 0x00, 0x00, 0x00, 0x00, 0x00, 0x4F, 0xFF, 0xFF, 0xFF, 0xFF, 0xFF, 0xFF, 0xF6, 0x00,
    0x00, 0x00, 0x00, 0x4F, 0xFF, 0xFF, 0xFF, 0xFF, 0xFF, 0xFF, 0xF6, 0x00, 0x00, 0x00, 0x00, 0x4F,
    0xFF, 0xFF, 0xFF, 0xFF, 0xFF, 0xFF, 0xF6, 0x00, 0x00, 0x00, 0x00, 0x00, 0x09, 0xFF, 0xFF, 0xF5,
    0x00, 0x00, 0x00, 0x00, 0x00, 0x00, 0x00, 0x00, 0x09, 0xFF, 0xFF, 0xF5, 0x00, 0x00, 0x00, 0x00,
    0x00, 0x00, 0x00, 0x00, 0x09, 0xFF, 0xFF, 0xF5, 0x00, 0x5B, 0xDF, 0xEB, 0x60, 0x00, 0x00, 0x00,
    0x09, 0xFF, 0xFF, 0xF5, 0x3C, 0xFF, 0xFF, 0xFF, 0xFC, 0x20, 0x00, 0x00, 0x09, 0xFF, 0xFF, 0xF8,
    0xEF, 0xFF, 0xFF, 0xFF, 0xFF, 0xC0, 0x00, 0x00, 0x09, 0xFF, 0xFF, 0xFF, 0xFF, 0xFF, 0xFF, 0xFF,
    0xFF, 0xF5, 0x00, 0x00, 0x09, 0xFF, 0xFF, 0xFF, 0xFF, 0xFF, 0xFF, 0xFF, 0xFF, 0xFA, 0x00, 0x00,
    0x09, 0xFF, 0xFF, 0xFF, 0xE7, 0x20, 0x4D, 0xFF, 0xFF, 0xFE, 0x00, 0x00, 0x09, 0xFF, 0xFF, 0xFF,
    0x50, 0x00, 0x03, 0xFF, 0xFF, 0xFF, 0x10, 0x00, 0x09, 0xFF, 0xFF, 0xFB, 0x00, 0x00, 0x00, 0xFF,
    0xFF, 0xFF, 0x10, 0x00, 0x09, 0xFF, 0xFF, 0xF7, 0x00, 0x00, 0x00, 0xEF, 0xFF, 0xFF, 0x20, 0x00,
    0x09, 0xFF, 0xFF, 0xF6, 0x00, 0x00, 0x00, 0xDF, 0xFF, 0xFF, 0x20, 0x00, 0x09, 0xFF, 0xFF, 0xF5,
    0x00, 0x00, 0x00, 0xDF, 0xFF, 0xFF, 0x20, 0x00, 0x09, 0xFF, 0xFF, 0xF5, 0x00, 0x00, 0x00, 0xDF,
    0xFF, 0xFF, 0x20, 0x00, 0x09, 0xFF, 0xFF, 0xF5, 0x00, 0x00, 0x00, 0xDF, 0xFF, 0xFF, 0x20, 0x00,
    0x09, 0xFF, 0xFF, 0xF5, 0x00, 0x00, 0x00, 0xDF, 0xFF, 0xFF, 0x20, 0x00, 0x09, 0xFF, 0xFF, 0xF5,
    0x00, 0x00, 0x00, 0xDF, 0xFF, 0xFF, 0x20, 0x00, 0x09, 0xFF, 0xFF, 0xF5, 0x00, 0x00, 0x00, 0xDF,
    0xFF, 0xFF, 0x20, 0x00, 0x09, 0xFF, 0xFF, 0xF5, 0x00, 0x00, 0x00, 0xDF, 0xFF, 0xFF, 0x20, 0x00,
    0x09, 0xFF, 0xFF, 0xF5, 0x00, 0x00, 0x00, 0xDF, 0xFF, 0xFF, 0x20, 0x00, 0x09, 0xFF, 0xFF, 0xF5,
    0x00, 0x00, 0x00, 0xDF, 0xFF, 0xFF, 0x20, 0x01, 0xAE, 0xD5, 0x00, 0x04, 0xFF, 0x10, 0x0A, 0xFF,
    0xFF, 0x80, 0x05, 0xFE, 0x00, 0x2F, 0xFF, 0xFF, 0xF8, 0x1B, 0xFB, 0x00, 0x5F, 0xF4, 0x29, 0xFF,
    0xFF, 0xF5, 0x00, 0x7F, 0xD0, 0x00, 0x4B, 0xEE, 0x60, 0x00, 0x00, 0x00, 0x00, 0x00, 0x00, 0x00,
    0x00, 0x00, 0x00, 0x00, 0x00, 0x00, 0x00, 0x00, 0x00, 0x0D, 0xFF, 0xFF, 0xF8, 0x00, 0x00, 0x00,
    0x0D, 0xFF, 0xFF, 0xF8, 0x00, 0x00, 0x00, 0x0D, 0xFF, 0xFF, 0xF8, 0x00, 0x00, 0x00, 0x0D, 0xFF,
    0xFF, 0xF8, 0x00, 0x00, 0x00, 0x0D, 0xFF, 0xFF, 0xF8, 0x00, 0x00, 0x00, 0x0D, 0xFF, 0xFF, 0xF8,
    0x00, 0x00, 0x00, 0x0D, 0xFF, 0xFF, 0xF8, 0x00, 0x00, 0x00, 0x0D, 0xFF, 0xFF, 0xF8, 0x00, 0x00,
    0x00, 0x0D, 0xFF, 0xFF, 0xF8, 0x00, 0x00, 0x00, 0x0D, 0xFF, 0xFF, 0xF8, 0x00, 0x00, 0x00, 0x0D,
    0xFF, 0xFF, 0xF8, 0x00, 0x00, 0x00, 0x0D, 0xFF, 0xFF, 0xF8, 0x00, 0x00, 0x00, 0x0D, 0xFF, 0xFF,
    0xF8, 0x00, 0x00, 0x00, 0x0D, 0xFF, 0xFF, 0xF8, 0x00, 0x00, 0x00, 0x0D, 0xFF, 0xFF, 0xF8, 0x00,
    0x00, 0x00, 0x0D, 0xFF, 0xFF, 0xF8, 0x00, 0x00, 0x00, 0x0D, 0xFF, 0xFF, 0xF8, 0x00, 0x00, 0x00,
    0x0D, 0xFF, 0xFF, 0xF8, 0x00, 0x00, 0x00, 0x0D, 0xFF, 0xFF, 0xF8, 0x00, 0x00, 0x00, 0x0D, 0xFF,
    0xFF, 0xF8, 0x00, 0x00, 0x00, 0x0D, 0xFF, 0xFF, 0xF8, 0x00, 0x00, 0x00, 0x0D, 0xFF, 0xFF, 0xF8,
    0x00, 0x00, 0x00, 0x0D, 0xFF, 0xFF, 0xF8, 0x00, 0x00, 0x00, 0x0D, 0xFF, 0xFF, 0xF8, 0x00, 0x00,
    0x00, 0x0D, 0xFF, 0xFF, 0xF8, 0x00, 0x00, 0x05, 0xDE, 0xB4, 0x00, 0x0B, 0xF8, 0x3F, 0xFF, 0xFF,
    0xA2, 0x3E, 0xF7, 0x9F, 0xFF, 0xFF, 0xFF, 0xFF, 0xF4, 0xDF, 0xB1, 0x5D, 0xFF, 0xFF, 0xC0, 0xEF,
    0x60, 0x01, 0x7D, 0xFB, 0x20, 0x00, 0x00, 0x00, 0x00, 0x00, 0x00, 0x00, 0x00, 0x00, 0x00, 0x00,
    0x00, 0x00, 0x00, 0x00, 0x00, 0x00, 0x00, 0x00, 0x2F, 0xFF, 0xFF, 0xC0, 0x00, 0x00, 0x2F, 0xFF,
    0xFF, 0xC0, 0x00, 0x00, 0x2F, 0xFF, 0xFF, 0xC0, 0x00, 0x00, 0x2F, 0xFF, 0xFF, 0xC0, 0x00, 0x00,
    0x2F, 0xFF, 0xFF, 0xC0, 0x00, 0x00, 0x2F, 0xFF, 0xFF, 0xC0, 0x00, 0x00, 0x2F, 0xFF, 0xFF, 0xC0,
    0x00, 0x00, 0x2F, 0xFF, 0xFF, 0xC0, 0x00, 0x00, 0x2F, 0xFF, 0xFF, 0xC0, 0x00, 0x00, 0x2F, 0xFF,
    0xFF, 0xC0, 0x00, 0x00, 0x2F, 0xFF, 0xFF, 0xC0, 0x00, 0x00, 0x2F, 0xFF, 0xFF, 0xC0, 0x00, 0x00,
    0x2F, 0xFF, 0xFF, 0xC0, 0x00, 0x00, 0x2F, 0xFF, 0xFF, 0xC0, 0x00, 0x00, 0x2F, 0xFF, 0xFF, 0xC0,
    0x00, 0x00, 0x2F, 0xFF, 0xFF, 0xC0, 0x00, 0x00, 0x2F, 0xFF, 0xFF, 0xC0, 0x00, 0x00, 0x2F, 0xFF,
    0xFF, 0xC0, 0x00, 0x00, 0x2F, 0xFF, 0xFF, 0xC0, 0x00, 0xEF, 0xFF, 0xFF, 0xFF, 0xFF, 0x80, 0xEF,
    0xFF, 0xFF, 0xFF, 0xFF, 0x80, 0xEF, 0xFF, 0xFF, 0xFF, 0xFF, 0x80, 0x00, 0x00, 0x00, 0x00, 0x00,
    0x00, 0x00, 0x00, 0x00, 0x00, 0x00, 0x00, 0x00, 0x00, 0x00, 0x00, 0x00, 0x00, 0x00, 0xDF, 0xFF,
    0xFF, 0x80, 0x00, 0x00, 0xDF, 0xFF, 0xFF, 0x80, 0x00, 0x00, 0xDF, 0xFF, 0xFF, 0x80, 0x00, 0x00,
    0xDF, 0xFF, 0xFF, 0x80, 0x00, 0x00, 0xDF, 0xFF, 0xFF, 0x80, 0x00, 0x00, 0xDF, 0xFF, 0xFF, 0x80,
    0x00, 0x00, 0xDF, 0xFF, 0xFF, 0x80, 0x00, 0x00, 0xDF, 0xFF, 0xFF, 0x80, 0x00, 0x00, 0xDF, 0xFF,
    0xFF, 0x80, 0x00, 0x00, 0xDF, 0xFF, 0xFF, 0x80, 0x00, 0x00, 0xDF, 0xFF, 0xFF, 0x80, 0x00, 0x00,
    0xDF, 0xFF, 0xFF, 0x80, 0x00, 0x00, 0xDF, 0xFF, 0xFF, 0x80, 0x00, 0x00, 0xDF, 0xFF, 0xFF, 0x80,
    0x00, 0x00, 0xDF, 0xFF, 0xFF, 0x80, 0x00, 0x00, 0xDF, 0xFF, 0xFF, 0x80, 0x00, 0x00, 0xDF, 0xFF,
    0xFF, 0x80, 0x00, 0x00, 0xDF, 0xFF, 0xFF, 0x80, 0x00, 0x00, 0xDF, 0xFF, 0xFF, 0x80, 0x00, 0x00,
    0xDF, 0xFF, 0xFF, 0x80, 0x00, 0x00, 0xDF, 0xFF, 0xFF, 0x80, 0x00, 0x00, 0xDF, 0xFF, 0xFF, 0x80,
    0x00, 0x00, 0xDF, 0xFF, 0xFF, 0x80, 0x00, 0x00, 0xDF, 0xFF, 0xFF, 0x80, 0x00, 0x00, 0xDF, 0xFF,
    0xFF, 0x80, 0x00, 0x6F, 0xFF, 0xFF, 0xFF, 0xFF, 0xF1, 0x6F, 0xFF, 0xFF, 0xFF, 0xFF, 0xF1, 0x6F,
    0xFF, 0xFF, 0xFF, 0xFF, 0xF1, 0x00, 0x00, 0x00, 0x00, 0x00, 0x00, 0x00, 0x00, 0x00, 0x00, 0x00,
    0x00, 0x00, 0x00, 0x00, 0x00, 0x00, 0x00, 0x00, 0x00, 0x00, 0x00, 0x00, 0x00, 0x00, 0x2F, 0xFF,
    0xFF, 0xC0, 0x00, 0x00, 0x2F, 0xFF, 0xFF, 0xC0, 0x00, 0x00, 0x2F, 0xFF, 0xFF, 0xC0, 0x00, 0x00,
    0x2F, 0xFF, 0xFF, 0xC0, 0x00, 0x00, 0x2F, 0xFF, 0xFF, 0xC0, 0x00, 0x00, 0x2F, 0xFF, 0xFF, 0xC0,
    0x00, 0x00, 0x2F, 0xFF, 0xFF, 0xC0, 0x00, 0x00, 0x2F, 0xFF, 0xFF, 0xC0, 0x00, 0x00, 0x2F, 0xFF,
    0xFF, 0xC0, 0x00, 0x00, 0x2F, 0xFF, 0xFF, 0xC0, 0x00, 0x00, 0x2F, 0xFF, 0xFF, 0xC0, 0x00, 0x00,
    0x2F, 0xFF, 0xFF, 0xC0, 0x00, 0x00, 0x2F, 0xFF, 0xFF, 0xC0, 0x00, 0x00, 0x2F, 0xFF, 0xFF, 0xC0,
    0x00, 0x00, 0x2F, 0xFF, 0xFF, 0xC0, 0x00, 0x00, 0x2F, 0xFF, 0xFF, 0xC0, 0x00, 0x00, 0x2F, 0xFF,
    0xFF, 0xC0, 0x00, 0x00, 0x2F, 0xFF, 0xFF, 0xC0, 0x00, 0x00, 0x2F, 0xFF, 0xFF, 0xC0, 0x00, 0x2F,
    0xF6, 0x00, 0x00, 0x0B, 0xFC, 0x0C, 0xFE, 0x61, 0x02, 0xAF, 0xF6, 0x03, 0xEF, 0xFF, 0xFF, 0xFF,
    0xA0, 0x00, 0x18, 0xCE, 0xFE, 0xB5, 0x00, 0x00, 0x00, 0x00, 0x00, 0x00, 0x00, 0x00, 0x00, 0x00,
    0x00, 0x00, 0x00, 0x00, 0x0D, 0xFF, 0xFF, 0xF8, 0x00, 0x00, 0x0D, 0xFF, 0xFF, 0xF8, 0x00, 0x00,
    0x0D, 0xFF, 0xFF, 0xF8, 0x00, 0x00, 0x0D, 0xFF, 0xFF, 0xF8, 0x00, 0x00, 0x0D, 0xFF, 0xFF, 0xF8,
    0x00, 0x00, 0x0D, 0xFF, 0xFF, 0xF8, 0x00, 0x00, 0x0D, 0xFF, 0xFF, 0xF8, 0x00, 0x00, 0x0D, 0xFF,
    0xFF, 0xF8, 0x00, 0x00, 0x0D, 0xFF, 0xFF, 0xF8, 0x00, 0x00, 0x0D, 0xFF, 0xFF, 0xF8, 0x00, 0x00,
    0x0D, 0xFF, 0xFF, 0xF8, 0x00, 0x00, 0x0D, 0xFF, 0xFF, 0xF8, 0x00, 0x00, 0x0D, 0xFF, 0xFF, 0xF8,
    0x00, 0x00, 0x0D, 0xFF, 0xFF, 0xF8, 0x00, 0x00, 0x0D, 0xFF, 0xFF, 0xF8, 0x00, 0x00, 0x0D, 0xFF,
    0xFF, 0xF8, 0x00, 0x00, 0x0D, 0xFF, 0xFF, 0xF8, 0x00, 0x00, 0x0D, 0xFF, 0xFF, 0xF8, 0x00, 0x00,
    0x0D, 0xFF, 0xFF, 0xF8, 0x00, 0x00, 0x0D, 0xFF, 0xFF, 0xF8, 0x00, 0x00, 0x0D, 0xFF, 0xFF, 0xF8,
    0x00, 0x00, 0x0D, 0xFF, 0xFF, 0xF8, 0x00, 0x00, 0x0D, 0xFF, 0xFF, 0xF8, 0x00, 0x00, 0x0D, 0xFF,
    0xFF, 0xF8, 0x00, 0x00, 0x0D, 0xFF, 0xFF, 0xF8, 0x00, 0xAF, 0xC0, 0x00, 0x00, 0x3F, 0xF5, 0x8F,
    0xFA, 0x31, 0x15, 0xDF, 0xF2, 0x2F, 0xFF, 0xFF, 0xFF, 0xFF, 0xC0, 0x06, 0xFF, 0xFF, 0xFF, 0xFD,
    0x20, 0x00, 0x3A, 0xDF, 0xEC, 0x81, 0x00, 0x00, 0x00, 0x00, 0x00, 0x00, 0x00, 0x00, 0x00, 0x00,
    0x00, 0x00, 0x00, 0x00, 0x00, 0x00, 0x00, 0x00, 0x00, 0x00, 0x2F, 0xFF, 0xFF, 0xC0, 0x00, 0x00,
    0x2F, 0xFF, 0xFF, 0xC0, 0x00, 0x00, 0x2F, 0xFF, 0xFF, 0xC0, 0x00, 0x00, 0x2F, 0xFF, 0xFF, 0xC0,
    0x00, 0x00, 0x2F, 0xFF, 0xFF, 0xC0, 0x00, 0x00, 0x2F, 0xFF, 0xFF, 0xC0, 0x00, 0x00, 0x2F, 0xFF,
    0xFF, 0xC0, 0x00, 0x00, 0x2F, 0xFF, 0xFF, 0xC0, 0x00, 0x00, 0x2F, 0xFF, 0xFF, 0xC0, 0x00, 0x00,
    0x2F, 0xFF, 0xFF, 0xC0, 0x00, 0x00, 0x2F, 0xFF, 0xFF, 0xC0, 0x00, 0x00, 0x2F, 0xFF, 0xFF, 0xC0,
    0x00, 0x00, 0x2F, 0xFF, 0xFF, 0xC0, 0x00, 0x00, 0x2F, 0xFF, 0xFF, 0xC0, 0x00, 0x00, 0x2F, 0xFF,
    0xFF, 0xC0, 0x00, 0x00, 0x2F, 0xFF, 0xFF, 0xC0, 0x00, 0x00, 0x2F, 0xFF, 0xFF, 0xC0, 0x00, 0x00,
    0x2F, 0xFF, 0xFF, 0xC0, 0x00, 0x00, 0x2F, 0xFF, 0xFF, 0xC0, 0x00, 0xDF, 0xFF, 0xFF, 0x80, 0x00,
    0xDF, 0xFF, 0xFF, 0x80, 0x00, 0xDF, 0xFF, 0xFF, 0x80, 0x00, 0xDF, 0xFF, 0xFF, 0x80, 0x00, 0xDF,
    0xFF, 0xFF, 0x80, 0x00, 0xDF, 0xFF, 0xFF, 0x80, 0x00, 0xDF, 0xFF, 0xFF, 0x80, 0x00, 0xDF, 0xFF,
    0xFF, 0x80, 0x00, 0xDF, 0xFF, 0xFF, 0x80, 0x00, 0xDF, 0xFF, 0xFF, 0x80, 0x00, 0xDF, 0xFF, 0xFF,
    0x80, 0x00, 0xDF, 0xFF, 0xFF, 0x80, 0x00, 0xDF, 0xFF, 0xFF, 0x80, 0x00, 0xDF, 0xFF, 0xFF, 0x80,
    0x00, 0xDF, 0xFF, 0xFF, 0x80, 0x00, 0xDF, 0xFF, 0xFF, 0x80, 0x00, 0xDF, 0xFF, 0xFF, 0x80, 0x00,
    0xDF, 0xFF, 0xFF, 0x80, 0x00, 0xDF, 0xFF, 0xFF, 0x80, 0x00, 0xDF, 0xFF, 0xFF, 0x80, 0x00, 0xDF,
    0xFF, 0xFF, 0x80, 0x00, 0xDF, 0xFF, 0xFF, 0x80, 0x00, 0xDF, 0xFF, 0xFF, 0x80, 0x00, 0xDF, 0xFF,
    0xFF, 0x80, 0x00, 0xDF, 0xFF, 0xFF, 0x80, 0x00, 0x00, 0x04, 0xFF, 0x30, 0x00, 0x00, 0x1D, 0xFA,
    0x00, 0x00, 0x00, 0x6F, 0xF3, 0x00, 0x00, 0x00, 0x9F, 0xF2, 0x00, 0x00, 0x00, 0x9F, 0xF9, 0x12,
    0x66, 0x00, 0x4F, 0xFF, 0xFF, 0xF7, 0x00, 0x04, 0xBE, 0xFF, 0xF7, 0x2F, 0xFF, 0xFF, 0xC0, 0x00,
    0x2F, 0xFF, 0xFF, 0xC0, 0x00, 0x2F, 0xFF, 0xFF, 0xC0, 0x00, 0x2F, 0xFF, 0xFF, 0xC0, 0x00, 0x2F,
    0xFF, 0xFF, 0xC0, 0x00, 0x00, 0x00, 0x00, 0x00, 0x00, 0x00, 0x00, 0x00, 0x00, 0x00, 0x2F, 0xFF,
    0xFF, 0xC0, 0x00, 0x2F, 0xFF, 0xFF, 0xC0, 0x00, 0x2F, 0xFF, 0xFF, 0xC0, 0x00, 0x2F, 0xFF, 0xFF,
    0xC0, 0x00, 0x2F, 0xFF, 0xFF, 0xC0, 0x00, 0x2F, 0xFF, 0xFF, 0xC0, 0x00, 0x2F, 0xFF, 0xFF, 0xC0,
    0x00, 0x2F, 0xFF, 0xFF, 0xC0, 0x00, 0x2F, 0xFF, 0xFF, 0xC0, 0x00, 0x2F, 0xFF, 0xFF, 0xC0, 0x00,
    0x2F, 0xFF, 0xFF, 0xC0, 0x00, 0x2F, 0xFF, 0xFF, 0xC0, 0x00, 0x2F, 0xFF, 0xFF, 0xC0, 0x00, 0x2F,
    0xFF, 0xFF, 0xC0, 0x00, 0x2F, 0xFF, 0xFF, 0xC0, 0x00, 0x2F, 0xFF, 0xFF, 0xC0, 0x00, 0x2F, 0xFF,
    0xFF, 0xC0, 0x00, 0x2F, 0xFF, 0xFF, 0xC0, 0x00, 0x2F, 0xFF, 0xFF, 0xC0, 0x00, 0x00, 0x01, 0xDF,
    0x70, 0x00, 0x00, 0x0A, 0xFD, 0x00, 0x00, 0x00, 0x2F, 0xF8, 0x00, 0x00, 0x00, 0x5F, 0xF6, 0x00,
    0x00, 0x00, 0x5F, 0xFC, 0x21, 0x48, 0x00, 0x1E, 0xFF, 0xFF, 0xFB, 0x00, 0x02, 0x9D, 0xFF, 0xFB,
    0x0E, 0xFF, 0xFA, 0x00, 0x0E, 0xFF, 0xFA, 0x00, 0x0E, 0xFF, 0xFA, 0x00, 0x0E, 0xFF, 0xFA, 0x00,
    0x00, 0x00, 0x00, 0x00, 0x00, 0x00, 0x00, 0x00, 0xDF, 0xFF, 0xFF, 0x80, 0xDF, 0xFF, 0xFF, 0x80,
    0xDF, 0xFF, 0xFF, 0x80, 0xDF, 0xFF, 0xFF, 0x80, 0xDF, 0xFF, 0xFF, 0x80, 0xDF, 0xFF, 0xFF, 0x80,
    0xDF, 0xFF, 0xFF, 0x80, 0xDF, 0xFF, 0xFF, 0x80, 0xDF, 0xFF, 0xFF, 0x80, 0xDF, 0xFF, 0xFF, 0x80,
    0xDF, 0xFF, 0xFF, 0x80, 0xDF, 0xFF, 0xFF, 0x80, 0xDF, 0xFF, 0xFF, 0x80, 0xDF, 0xFF, 0xFF, 0x80,
    0xDF, 0xFF, 0xFF, 0x80, 0xDF, 0xFF, 0xFF, 0x80, 0xDF, 0xFF, 0xFF, 0x80, 0xDF, 0xFF, 0xFF, 0x80,
    0xDF, 0xFF, 0xFF, 0x80, 0xDF, 0xFF, 0xFF, 0x80, 0xDF, 0xFF, 0xFF, 0x80, 0xDF, 0xFF, 0xFF, 0x80,
    0xDF, 0xFF, 0xFF, 0x80, 0xDF, 0xFF, 0xFF, 0x80, 0xDF, 0xFF, 0xFF, 0x80, 0x2F, 0xFF, 0xFF, 0xC0,
    0x2F, 0xFF, 0xFF, 0xC0, 0x2F, 0xFF, 0xFF, 0xC0, 0x2F, 0xFF, 0xFF, 0xC0, 0x2F, 0xFF, 0xFF, 0xC0,
    0x2F, 0xFF, 0xFF, 0xC0, 0x2F, 0xFF, 0xFF, 0xC0, 0x2F, 0xFF, 0xFF, 0xC0, 0x2F, 0xFF, 0xFF, 0xC0,
    0x2F, 0xFF, 0xFF, 0xC0, 0x2F, 0xFF, 0xFF, 0xC0, 0x2F, 0xFF, 0xFF, 0xC0, 0x2F, 0xFF, 0xFF, 0xC0,
    0x2F, 0xFF, 0xFF, 0xC0, 0x2F, 0xFF, 0xFF, 0xC0, 0x2F, 0xFF, 0xFF, 0xC0, 0x2F, 0xFF, 0xFF, 0xC0,
    0x2F, 0xFF, 0xFF, 0xC0, 0x2F, 0xFF, 0xFF, 0xC0, 0xDF, 0xFF, 0xFF, 0x80, 0x00, 0x00, 0x4F, 0xFF,
    0xFF, 0xF2, 0xDF, 0xFF, 0xFF, 0x80, 0x00, 0x00, 0x4F, 0xFF, 0xFF, 0xF2, 0xDF, 0xFF, 0xFF, 0x80,
    0x00, 0x00, 0x4F, 0xFF, 0xFF, 0xF2, 0xDF, 0xFF, 0xFF, 0x80, 0x00, 0x00, 0x4F, 0xFF, 0xFF, 0xF2,
    0xDF, 0xFF, 0xFF, 0x80, 0x00, 0x00, 0x4F, 0xFF, 0xFF, 0xF2, 0xDF, 0xFF, 0xFF, 0x80, 0x00, 0x00,
    0x4F, 0xFF, 0xFF, 0xF2, 0xDF, 0xFF, 0xFF, 0x80, 0x00, 0x00, 0x4F, 0xFF, 0xFF, 0xF2, 0xDF, 0xFF,
    0xFF, 0x80, 0x00, 0x00, 0x4F, 0xFF, 0xFF, 0xF2, 0xDF, 0xFF, 0xFF, 0x80, 0x00, 0x00, 0x4F, 0xFF,
    0xFF, 0xF2, 0xDF, 0xFF, 0xFF, 0x80, 0x00, 0x00, 0x4F, 0xFF, 0xFF, 0xF2, 0xDF, 0xFF, 0xFF, 0x80,
    0x00, 0x00, 0x4F, 0xFF, 0xFF, 0xF2, 0xDF, 0xFF, 0xFF, 0x80, 0x00, 0x00, 0x4F, 0xFF, 0xFF, 0xF2,
    0xDF, 0xFF, 0xFF, 0x80, 0x00, 0x00, 0x4F, 0xFF, 0xFF, 0xF2, 0xDF, 0xFF, 0xFF, 0x80, 0x00, 0x00,
    0x4F, 0xFF, 0xFF, 0xF2, 0xDF, 0xFF, 0xFF, 0x80, 0x00, 0x00, 0x4F, 0xFF, 0xFF, 0xF2, 0xDF, 0xFF,
    0xFF, 0x80, 0x00, 0x00, 0x4F, 0xFF, 0xFF, 0xF2, 0xDF, 0xFF, 0xFF, 0x80, 0x00, 0x00, 0x4F, 0xFF,
    0xFF, 0xF2, 0xDF, 0xFF, 0xFF, 0x80, 0x00, 0x00, 0x4F, 0xFF, 0xFF, 0xF2, 0xDF, 0xFF, 0xFF, 0x80,
    0x00, 0x00, 0x4F, 0xFF, 0xFF, 0xF2, 0xDF, 0xFF, 0xFF, 0x80, 0x00, 0x00, 0x4F, 0xFF, 0xFF, 0xF2,
    0xDF, 0xFF, 0xFF, 0x80, 0x00, 0x00, 0x4F, 0xFF, 0xFF, 0xF2, 0xDF, 0xFF, 0xFF, 0x80, 0x00, 0x00,
    0x4F, 0xFF, 0xFF, 0xF2, 0xDF, 0xFF, 0xFF, 0x80, 0x00, 0x00, 0x4F, 0xFF, 0xFF, 0xF2, 0xDF, 0xFF,
    0xFF, 0x80, 0x00, 0x00, 0x5F, 0xFF, 0xFF, 0xF1, 0xDF, 0xFF, 0xFF, 0x80, 0x00, 0x00, 0x8F, 0xFF,
    0xFF, 0xF0, 0x00, 0x00, 0x00, 0x00, 0x00, 0x01, 0xEF, 0xFF, 0xFF, 0xC0, 0x00, 0x00, 0x00, 0x00,
    0x01, 0x5D, 0xFF, 0xFF, 0xFF, 0x90, 0x00, 0x00, 0x00, 0x04, 0xFF, 0xFF, 0xFF, 0xFF, 0xFF, 0x20,
    0x00, 0x00, 0x00, 0x04, 0xFF, 0xFF, 0xFF, 0xFF, 0xF9, 0x00, 0x00, 0x00, 0x00, 0x04, 0xFF, 0xFF,
    0xFF, 0xFF, 0xB0, 0x00, 0x00, 0x00, 0x00, 0x04, 0xFF, 0xFF, 0xFF, 0xE7, 0x00, 0x00, 0x00, 0x00,
    0x00, 0x04, 0xFF, 0xEC, 0x96, 0x10, 0x00, 0x00, 0x2F, 0xFF, 0xFF, 0xC0, 0x00, 0x00, 0x7F, 0xFF,
    0xFF, 0x70, 0x2F, 0xFF, 0xFF, 0xC0, 0x00, 0x00, 0x7F, 0xFF, 0xFF, 0x70, 0x2F, 0xFF, 0xFF, 0xC0,
    0x00, 0x00, 0x7F, 0xFF, 0xFF, 0x70, 0x2F, 0xFF, 0xFF, 0xC0, 0x00, 0x00, 0x7F, 0xFF, 0xFF, 0x70,
    0x2F, 0xFF, 0xFF, 0xC0, 0x00, 0x00, 0x7F, 0xFF, 0xFF, 0x70, 0x00, 0x00, 0x00, 0x00, 0x00, 0x00,
    0x00, 0x00, 0x00, 0x00, 0x00, 0x00, 0x00, 0x00, 0x00, 0x00, 0x00, 0x00, 0x00, 0x00, 0x2F, 0xFF,
    0xFF, 0xC0, 0x00, 0x00, 0x7F, 0xFF, 0xFF, 0x70, 0x2F, 0xFF, 0xFF, 0xC0, 0x00, 0x00, 0x7F, 0xFF,
    0xFF, 0x70, 0x2F, 0xFF, 0xFF, 0xC0, 0x00, 0x00, 0x7F, 0xFF, 0xFF, 0x70, 0x2F, 0xFF, 0xFF, 0xC0,
    0x00, 0x00, 0x7F, 0xFF, 0xFF, 0x70, 0x2F, 0xFF, 0xFF, 0xC0, 0x00, 0x00, 0x7F, 0xFF, 0xFF, 0x70,
    0x2F, 0xFF, 0xFF, 0xC0, 0x00, 0x00, 0x7F, 0xFF, 0xFF, 0x70, 0x2F, 0xFF, 0xFF, 0xC0, 0x00, 0x00,
    0x7F, 0xFF, 0xFF, 0x70, 0x2F, 0xFF, 0xFF, 0xC0, 0x00, 0x00, 0x7F, 0xFF, 0xFF, 0x70, 0x2F, 0xFF,
    0xFF, 0xC0, 0x00, 0x00, 0x7F, 0xFF, 0xFF, 0x70, 0x2F, 0xFF, 0xFF, 0xC0, 0x00, 0x00, 0x7F, 0xFF,
    0xFF, 0x70, 0x2F, 0xFF, 0xFF, 0xC0, 0x00, 0x00, 0x7F, 0xFF, 0xFF, 0x70, 0x2F, 0xFF, 0xFF, 0xC0,
    0x00, 0x00, 0x7F, 0xFF, 0xFF, 0x70, 0x2F, 0xFF, 0xFF, 0xC0, 0x00, 0x00, 0x7F, 0xFF, 0xFF, 0x70,
    0x2F, 0xFF, 0xFF, 0xC0, 0x00, 0x00, 0x7F, 0xFF, 0xFF, 0x70, 0x2F, 0xFF, 0xFF, 0xC0, 0x00, 0x00,
    0x7F, 0xFF, 0xFF, 0x70, 0x2F, 0xFF, 0xFF, 0xC0, 0x00, 0x00, 0x7F, 0xFF, 0xFF, 0x70, 0x2F, 0xFF,
    0xFF, 0xC0, 0x00, 0x00, 0x7F, 0xFF, 0xFF, 0x70, 0x2F, 0xFF, 0xFF, 0xC0, 0x00, 0x00, 0x7F, 0xFF,
    0xFF, 0x70, 0x2F, 0xFF, 0xFF, 0xC0, 0x00, 0x00, 0x7F, 0xFF, 0xFF, 0x70, 0x00, 0x00, 0x00, 0x00,
    0x00, 0x00, 0x8F, 0xFF, 0xFF, 0x60, 0x00, 0x00, 0x00, 0x00, 0x00, 0x00, 0xCF, 0xFF, 0xFF, 0x30,
    0x00, 0x00, 0x00, 0x00, 0x00, 0x17, 0xFF, 0xFF, 0xFE, 0x10, 0x00, 0x00, 0x00, 0x00, 0x7F, 0xFF,
    0xFF, 0xFF, 0xF9, 0x00, 0x00, 0x00, 0x00, 0x00, 0x7F, 0xFF, 0xFF, 0xFF, 0xE1, 0x00, 0x00, 0x00,
    0x00, 0x00, 0x7F, 0xFF, 0xFF, 0xFE, 0x30, 0x00, 0x00, 0x00, 0x00, 0x00, 0x7F, 0xFF, 0xEB, 0x71,
    0x00, 0x00, 0x00, 0x00, 0x0A, 0xFF, 0xFF, 0xF5, 0x00, 0x00, 0x00, 0x00, 0xAF, 0xFF, 0xCF, 0xFF,
    0x40, 0x00, 0x00, 0x08, 0xFF, 0xD3, 0x07, 0xFF, 0xE3, 0x00, 0x00, 0x7F, 0xFA, 0x10, 0x00, 0x3D,
    0xFE, 0x30, 0x00, 0x00, 0x00, 0x00, 0x00, 0x00, 0x00, 0x00, 0x00, 0x00, 0x00, 0x00, 0x00, 0x00,
    0x00, 0x00, 0x00, 0x00, 0x0D, 0xFF, 0xFF, 0xF8, 0x00, 0x00, 0x00, 0x00, 0x0D, 0xFF, 0xFF, 0xF8,
    0x00, 0x00, 0x00, 0x00, 0x0D, 0xFF, 0xFF, 0xF8, 0x00, 0x00, 0x00, 0x00, 0x0D, 0xFF, 0xFF, 0xF8,
    0x00, 0x00, 0x00, 0x00, 0x0D, 0xFF, 0xFF, 0xF8, 0x00, 0x00, 0x00, 0x00, 0x0D, 0xFF, 0xFF, 0xF8,
    0x00, 0x00, 0x00, 0x00, 0x0D, 0xFF, 0xFF, 0xF8, 0x00, 0x00, 0x00, 0x00, 0x0D, 0xFF, 0xFF, 0xF8,
    0x00, 0x00, 0x00, 0x00, 0x0D, 0xFF, 0xFF, 0xF8, 0x00, 0x00, 0x00, 0x00, 0x0D, 0xFF, 0xFF, 0xF8,
    0x00, 0x00, 0x00, 0x00, 0x0D, 0xFF, 0xFF, 0xF8, 0x00, 0x00, 0x00, 0x00, 0x0D, 0xFF, 0xFF, 0xF8,
    0x00, 0x00, 0x00, 0x00, 0x0D, 0xFF, 0xFF, 0xF8, 0x00, 0x00, 0x00, 0x00, 0x0D, 0xFF, 0xFF, 0xF8,
    0x00, 0x00, 0x00, 0x00, 0x0D, 0xFF, 0xFF, 0xF8, 0x00, 0x00, 0x00, 0x00, 0x0D, 0xFF, 0xFF, 0xF8,
    0x00, 0x00, 0x00, 0x00, 0x0D, 0xFF, 0xFF, 0xF8, 0x00, 0x00, 0x00, 0x00, 0x0D, 0xFF, 0xFF, 0xF8,
    0x00, 0x00, 0x00, 0x00, 0x0D, 0xFF, 0xFF, 0xF8, 0x00, 0x00, 0x00, 0x00, 0x0D, 0xFF, 0xFF, 0xF8,
    0x00, 0x00, 0x00, 0x00, 0x0D, 0xFF, 0xFF, 0xF8, 0x00, 0x00, 0x00, 0x00, 0x0D, 0xFF, 0xFF, 0xF8,
    0x00, 0x00, 0x00, 0x00, 0x0D, 0xFF, 0xFF, 0xF8, 0x00, 0x00, 0x00, 0x00, 0x0E, 0xFF, 0xFF, 0xF7,
    0x00, 0x00, 0x00, 0x00, 0x2F, 0xFF, 0xFF, 0xF6, 0x00, 0x00, 0x00, 0x00, 0xAF, 0xFF, 0xFF, 0xF3,
    0x00, 0x00, 0x00, 0x3A, 0xFF, 0xFF, 0xFF, 0xE0, 0x00, 0x00, 0xEF, 0xFF, 0xFF, 0xFF, 0xFF, 0x80,
    0x00, 0x00, 0xEF, 0xFF, 0xFF, 0xFF, 0xFD, 0x10, 0x00, 0x00, 0xEF, 0xFF, 0xFF, 0xFF, 0xE3, 0x00,
    0x00, 0x00, 0xEF, 0xFF, 0xFF, 0xFA, 0x10, 0x00, 0x00, 0x00, 0xEF, 0xED, 0xB7, 0x20, 0x00, 0x00,
    0x00, 0x00, 0x00, 0x00, 0x08, 0xFF, 0xFF, 0x30, 0x00, 0x00, 0x00, 0x4F, 0xFF, 0xFF, 0xD1, 0x00,
    0x00, 0x01, 0xDF, 0xFB, 0xEF, 0xF9, 0x00, 0x00, 0x0A, 0xFF, 0xC1, 0x3E, 0xFF, 0x50, 0x00, 0x6F,
    0xFC, 0x10, 0x04, 0xFF, 0xE2, 0x02, 0xEF, 0xD2, 0x00, 0x00, 0x5F, 0xFB, 0x00, 0x00, 0x00, 0x00,
    0x00, 0x00, 0x00, 0x00, 0x00, 0x00, 0x00, 0x00, 0x00, 0x00, 0x00, 0x00, 0x2F, 0xFF, 0xFF, 0xC0,
    0x00, 0x00, 0x00, 0x2F, 0xFF, 0xFF, 0xC0, 0x00, 0x00, 0x00, 0x2F, 0xFF, 0xFF, 0xC0, 0x00, 0x00,
    0x00, 0x2F, 0xFF, 0xFF, 0xC0, 0x00, 0x00, 0x00, 0x2F, 0xFF, 0xFF, 0xC0, 0x00, 0x00, 0x00, 0x2F,
    0xFF, 0xFF, 0xC0, 0x00, 0x00, 0x00, 0x2F, 0xFF, 0xFF, 0xC0, 0x00, 0x00, 0x00, 0x2F, 0xFF, 0xFF,
    0xC0, 0x00, 0x00, 0x00, 0x2F, 0xFF, 0xFF, 0xC0, 0x00, 0x00, 0x00, 0x2F, 0xFF, 0xFF, 0xC0, 0x00,
    0x00, 0x00, 0x2F, 0xFF, 0xFF, 0xC0, 0x00, 0x00, 0x00, 0x2F, 0xFF, 0xFF, 0xC0, 0x00, 0x00, 0x00,
    0x2F, 0xFF, 0xFF, 0xC0, 0x00, 0x00, 0x00, 0x2F, 0xFF, 0xFF, 0xC0, 0x00, 0x00, 0x00, 0x2F, 0xFF,
    0xFF, 0xC0, 0x00, 0x00, 0x00, 0x2F, 0xFF, 0xFF, 0xC0, 0x00, 0x00, 0x00, 0x2F, 0xFF, 0xFF, 0xC0,
    0x00, 0x00, 0x00, 0x2F, 0xFF, 0xFF, 0xC0, 0x00, 0x00, 0x00, 0x2F, 0xFF, 0xFF, 0xC0, 0x00, 0x00,
    0x00, 0x3F, 0xFF, 0xFF, 0xB0, 0x00, 0x00, 0x00, 0x6F, 0xFF, 0xFF, 0x90, 0x00, 0x00, 0x14, 0xEF,
    0xFF, 0xFF, 0x50, 0x00, 0x2F, 0xFF, 0xFF, 0xFF, 0xFE, 0x00, 0x00, 0x2F, 0xFF, 0xFF, 0xFF, 0xF5,
    0x00, 0x00, 0x2F, 0xFF, 0xFF, 0xFF, 0x70, 0x00, 0x00, 0x2F, 0xFF, 0xED, 0x92, 0x00, 0x00, 0x00,
    0xDF, 0xFF, 0xFF, 0x80, 0x00, 0x00, 0x00, 0x1B, 0xFF, 0xFF, 0xFF, 0x90, 0x00, 0xDF, 0xFF, 0xFF,
    0x80, 0x00, 0x00, 0x01, 0xBF, 0xFF, 0xFF, 0xF9, 0x00, 0x00, 0xDF, 0xFF, 0xFF, 0x80, 0x00, 0x00,
    0x1B, 0xFF, 0xFF, 0xFF, 0x90, 0x00, 0x00, 0xDF, 0xFF, 0xFF, 0x80, 0x00, 0x01, 0xBF, 0xFF, 0xFF,
    0xF9, 0x00, 0x00, 0x00, 0xDF, 0xFF, 0xFF, 0x80, 0x00, 0x1C, 0xFF, 0xFF, 0xFF, 0x90, 0x00, 0x00,
    0x00, 0xDF, 0xFF, 0xFF, 0x80, 0x01, 0xCF, 0xFF, 0xFF, 0xF9, 0x00, 0x00, 0x00, 0x00, 0xDF, 0xFF,
    0xFF, 0x80, 0x1C, 0xFF, 0xFF, 0xFF, 0x90, 0x00, 0x00, 0x00, 0x00, 0xDF, 0xFF, 0xFF, 0x81, 0xCF,
    0xFF, 0xFF, 0xF9, 0x00, 0x00, 0x00, 0x00, 0x00, 0xDF, 0xFF, 0xFF, 0x9C, 0xFF, 0xFF, 0xFF, 0x90,
    0x00, 0x00, 0x00, 0x00, 0x00, 0xDF, 0xFF, 0xFF, 0xFF, 0xFF, 0xFF, 0xF9, 0x00, 0x00, 0x00, 0x00,
    0x00, 0x00, 0xDF, 0xFF, 0xFF, 0xFF, 0xFF, 0xFF, 0x90, 0x00, 0x00, 0x00, 0x00, 0x00, 0x00, 0xDF,
    0xFF, 0xFF, 0xFF, 0xFF, 0xF9, 0x00, 0x00, 0x00, 0x00, 0x00, 0x00, 0x00, 0xDF, 0xFF, 0xFF, 0xFF,
    0xFF, 0xFC, 0x10, 0x00, 0x00, 0x00, 0x00, 0x00, 0x00, 0xDF, 0xFF, 0xFF, 0xFF, 0xFF, 0xFF, 0xC1,
    0x00, 0x00, 0x00, 0x00, 0x00, 0x00, 0xDF, 0xFF, 0xFF, 0xFF, 0xFF, 0xFF, 0xFC, 0x10, 0x00, 0x00,
    0x00, 0x00, 0x00, 0xDF, 0xFF, 0xFF, 0xBE, 0xFF, 0xFF, 0xFF, 0xC1, 0x00, 0x00, 0x00, 0x00, 0x00,
    0xDF, 0xFF, 0xFF, 0x83, 0xEF, 0xFF, 0xFF, 0xFC, 0x10, 0x00, 0x00, 0x00, 0x00, 0xDF, 0xFF, 0xFF,
    0x80, 0x3E, 0xFF, 0xFF, 0xFF, 0xC1, 0x00, 0x00, 0x00, 0x00, 0xDF, 0xFF, 0xFF, 0x80, 0x03, 0xEF,
    0xFF, 0xFF, 0xFC, 0x10, 0x00, 0x00, 0x00, 0xDF, 0xFF, 0xFF, 0x80, 0x00, 0x3E, 0xFF, 0xFF, 0xFF,
    0xC1, 0x00, 0x00, 0x00, 0xDF, 0xFF, 0xFF, 0x80, 0x00, 0x03, 0xEF, 0xFF, 0xFF, 0xFC, 0x10, 0x00,
    0x00, 0xDF, 0xFF, 0xFF, 0x80, 0x00, 0x00, 0x3E, 0xFF, 0xFF, 0xFF, 0xC1, 0x00, 0x00, 0xDF, 0xFF,
    0xFF, 0x80, 0x00, 0x00, 0x03, 0xEF, 0xFF, 0xFF, 0xFC, 0x10, 0x00, 0xDF, 0xFF, 0xFF, 0x80, 0x00,
    0x00, 0x00, 0x3E, 0xFF, 0xFF, 0xFF, 0xC1, 0x00, 0xDF, 0xFF, 0xFF, 0x80, 0x00, 0x00, 0x00, 0x03,
    0xEF, 0xFF, 0xFF, 0xFC, 0x10, 0x00, 0x00, 0x00, 0x00, 0x00, 0x00, 0x00, 0x00, 0x00, 0x00, 0x00,
    0x00, 0x00, 0x00, 0x00, 0x00, 0x00, 0x00, 0x00, 0x00, 0x00, 0x00, 0x00, 0x00, 0x00, 0x00, 0x00,
    0x00, 0x00, 0x00, 0x00, 0xDF, 0xFF, 0xF5, 0x00, 0x00, 0x00, 0x00, 0x00, 0x00, 0x00, 0x00, 0x00,
    0x02, 0xFF, 0xFF, 0x90, 0x00, 0x00, 0x00, 0x00, 0x00, 0x00, 0x00, 0x00, 0x00, 0x07, 0xFF, 0xFC,
    0x00, 0x00, 0x00, 0x00, 0x00, 0x00, 0x00, 0x00, 0x00, 0x00, 0x0B, 0xFF, 0xE2, 0x00, 0x00, 0x00,
    0x00, 0x00, 0x00, 0x00, 0x00, 0x00, 0x00, 0x1F, 0xFF, 0x60, 0x00, 0x00, 0x00, 0x00, 0x00, 0x00,
    0x2F, 0xFF, 0xFF, 0xC0, 0x00, 0x00, 0x00, 0x00, 0x00, 0x00, 0x00, 0x2F, 0xFF, 0xFF, 0xC0, 0x00,
    0x00, 0x00, 0x00, 0x00, 0x00, 0x00, 0x2F, 0xFF, 0xFF, 0xC0, 0x00, 0x00, 0x00, 0x00, 0x00, 0x00,
    0x00, 0x2F, 0xFF, 0xFF, 0xC0, 0x00, 0x00, 0x00, 0x00, 0x00, 0x00, 0x00, 0x2F, 0xFF, 0xFF, 0xC0,
    0x00, 0x00, 0x00, 0x00, 0x00, 0x00, 0x00, 0x2F, 0xFF, 0xFF, 0xC0, 0x00, 0x00, 0x00, 0x00, 0x00,
    0x00, 0x00, 0x2F, 0xFF, 0xFF, 0xC0, 0x00, 0x00, 0x00, 0x00, 0x00, 0x00, 0x00, 0x2F, 0xFF, 0xFF,
    0xC0, 0x00, 0x00, 0x1C, 0xFF, 0xFF, 0xFD, 0x20, 0x2F, 0xFF, 0xFF, 0xC0, 0x00, 0x01, 0xCF, 0xFF,
    0xFF, 0xD2, 0x00, 0x2F, 0xFF, 0xFF, 0xC0, 0x00, 0x1C, 0xFF, 0xFF, 0xFD, 0x20, 0x00, 0x2F, 0xFF,
    0xFF, 0xC0, 0x01, 0xBF, 0xFF, 0xFF, 0xC1, 0x00, 0x00, 0x2F, 0xFF, 0xFF, 0xC0, 0x1B, 0xFF, 0xFF,
    0xFC, 0x10, 0x00, 0x00, 0x2F, 0xFF, 0xFF, 0xC0, 0xBF, 0xFF, 0xFF, 0xB1, 0x00, 0x00, 0x00, 0x2F,
    0xFF, 0xFF, 0xCB, 0xFF, 0xFF, 0xFB, 0x10, 0x00, 0x00, 0x00, 0x2F, 0xFF, 0xFF, 0xFF, 0xFF, 0xFF,
    0xB0, 0x00, 0x00, 0x00, 0x00, 0x2F, 0xFF, 0xFF, 0xFF, 0xFF, 0xFB, 0x00, 0x00, 0x00, 0x00, 0x00,
    0x2F, 0xFF, 0xFF, 0xFF, 0xFF, 0xFE, 0x40, 0x00, 0x00, 0x00, 0x00, 0x2F, 0xFF, 0xFF, 0xFF, 0xFF,
    0xFF, 0xE3, 0x00, 0x00, 0x00, 0x00, 0x2F, 0xFF, 0xFF, 0xDC, 0xFF, 0xFF, 0xFE, 0x30, 0x00, 0x00,
    0x00, 0x2F, 0xFF, 0xFF, 0xC1, 0xCF, 0xFF, 0xFF, 0xE2, 0x00, 0x00, 0x00, 0x2F, 0xFF, 0xFF, 0xC0,
    0x2D, 0xFF, 0xFF, 0xFD, 0x20, 0x00, 0x00, 0x2F, 0xFF, 0xFF, 0xC0, 0x02, 0xEF, 0xFF, 0xFF, 0xD2,
    0x00, 0x00, 0x2F, 0xFF, 0xFF, 0xC0, 0x00, 0x3E, 0xFF, 0xFF, 0xFD, 0x10, 0x00, 0x2F, 0xFF, 0xFF,
    0xC0, 0x00, 0x04, 0xFF, 0xFF, 0xFF, 0xC1, 0x00, 0x2F, 0xFF, 0xFF, 0xC0, 0x00, 0x00, 0x5F, 0xFF,
    0xFF, 0xFC, 0x10, 0x2F, 0xFF, 0xFF, 0xC0, 0x00, 0x00, 0x06, 0xFF, 0xFF, 0xFF, 0xB1, 0x00, 0x00,
    0x00, 0x00, 0x00, 0x00, 0x00, 0x00, 0x00, 0x00, 0x00, 0x00, 0x00, 0x00, 0x00, 0x00, 0x00, 0x00,
    0x00, 0x00, 0x00, 0x00, 0x00, 0x00, 0x00, 0x00, 0x1F, 0xFF, 0xFE, 0x30, 0x00, 0x00, 0x00, 0x00,
    0x00, 0x00, 0x00, 0x5F, 0xFF, 0xF6, 0x00, 0x00, 0x00, 0x00, 0x00, 0x00, 0x00, 0x00, 0x9F, 0xFF,
    0xA0, 0x00, 0x00, 0x00, 0x00, 0x00, 0x00, 0x00, 0x00, 0xEF, 0xFD, 0x10, 0x00, 0x00, 0x00, 0x00,
    0x00, 0x00, 0x00, 0x03, 0xFF, 0xF3, 0x00, 0x00, 0x00, 0x00, 0x00, 0x2F, 0xFF, 0xFF, 0xC0, 0x00,
    0x00, 0x1C, 0xFF, 0xFF, 0xFD, 0x20, 0x2F, 0xFF, 0xFF, 0xC0, 0x00, 0x01, 0xCF, 0xFF, 0xFF, 0xD2,
    0x00, 0x2F, 0xFF, 0xFF, 0xC0, 0x00, 0x1C, 0xFF, 0xFF, 0xFD, 0x20, 0x00, 0x2F, 0xFF, 0xFF, 0xC0,
    0x01, 0xBF, 0xFF, 0xFF, 0xC1, 0x00, 0x00, 0x2F, 0xFF, 0xFF, 0xC0, 0x1B, 0xFF, 0xFF, 0xFC, 0x10,
    0x00, 0x00, 0x2F, 0xFF, 0xFF, 0xC0, 0xBF, 0xFF, 0xFF, 0xB1, 0x00, 0x00, 0x00, 0x2F, 0xFF, 0xFF,
    0xCB, 0xFF, 0xFF, 0xFB, 0x10, 0x00, 0x00, 0x00, 0x2F, 0xFF, 0xFF, 0xFF, 0xFF, 0xFF, 0xB0, 0x00,
    0x00, 0x00, 0x00, 0x2F, 0xFF, 0xFF, 0xFF, 0xFF, 0xFB, 0x00, 0x00, 0x00, 0x00, 0x00, 0x2F, 0xFF,
    0xFF, 0xFF, 0xFF, 0xFE, 0x40, 0x00, 0x00, 0x00, 0x00, 0x2F, 0xFF, 0xFF, 0xFF, 0xFF, 0xFF, 0xE3,
    0x00, 0x00, 0x00, 0x00, 0x2F, 0xFF, 0xFF, 0xDC, 0xFF, 0xFF, 0xFE, 0x30, 0x00, 0x00, 0x00, 0x2F,
    0xFF, 0xFF, 0xC1, 0xCF, 0xFF, 0xFF, 0xE2, 0x00, 0x00, 0x00, 0x2F, 0xFF, 0xFF, 0xC0, 0x2D, 0xFF,
    0xFF, 0xFD, 0x20, 0x00, 0x00, 0x2F, 0xFF, 0xFF, 0xC0, 0x02, 0xEF, 0xFF, 0xFF, 0xD2, 0x00, 0x00,
    0x2F, 0xFF, 0xFF, 0xC0, 0x00, 0x3E, 0xFF, 0xFF, 0xFD, 0x10, 0x00, 0x2F, 0xFF, 0xFF, 0xC0, 0x00,
    0x04, 0xFF, 0xFF, 0xFF, 0xC1, 0x00, 0x2F, 0xFF, 0xFF, 0xC0, 0x00, 0x00, 0x5F, 0xFF, 0xFF, 0xFC,
    0x10, 0x2F, 0xFF, 0xFF, 0xC0, 0x00, 0x00, 0x06, 0xFF, 0xFF, 0xFF, 0xB1, 0x00, 0x00, 0x3E, 0xFF,
    0xF6, 0x00, 0x00, 0x00, 0x00, 0x00, 0x01, 0xDF, 0xFE, 0x40, 0x00, 0x00, 0x00, 0x00, 0x00, 0x0B,
    0xFF, 0xD2, 0x00, 0x00, 0x00, 0x00, 0x00, 0x00, 0x9F, 0xFB, 0x10, 0x00, 0x00, 0x00, 0x00, 0x00,
    0x00, 0x00, 0x00, 0x00, 0x00, 0x00, 0x00, 0x00, 0x00, 0x00, 0x00, 0x00, 0x00, 0x00, 0x00, 0x00,
    0x00, 0x00, 0xDF, 0xFF, 0xFF, 0x80, 0x00, 0x00, 0x00, 0x00, 0x00, 0xDF, 0xFF, 0xFF, 0x80, 0x00,
    0x00, 0x00, 0x00, 0x00, 0xDF, 0xFF, 0xFF, 0x80, 0x00, 0x00, 0x00, 0x00, 0x00, 0xDF, 0xFF, 0xFF,
    0x80, 0x00, 0x00, 0x00, 0x00, 0x00, 0xDF, 0xFF, 0xFF, 0x80, 0x00, 0x00, 0x00, 0x00, 0x00, 0xDF,
    0xFF, 0xFF, 0x80, 0x00, 0x00, 0x00, 0x00, 0x00, 0xDF, 0xFF, 0xFF, 0x80, 0x00, 0x00, 0x00, 0x00,
    0x00, 0xDF, 0xFF, 0xFF, 0x80, 0x00, 0x00, 0x00, 0x00, 0x00, 0xDF, 0xFF, 0xFF, 0x80, 0x00, 0x00,
    0x00, 0x00, 0x00, 0xDF, 0xFF, 0xFF, 0x80, 0x00, 0x00, 0x00, 0x00, 0x00, 0xDF, 0xFF, 0xFF, 0x80,
    0x00, 0x00, 0x00, 0x00, 0x00, 0xDF, 0xFF, 0xFF, 0x80, 0x00, 0x00, 0x00, 0x00, 0x00, 0xDF, 0xFF,
    0xFF, 0x80, 0x00, 0x00, 0x00, 0x00, 0x00, 0xDF, 0xFF, 0xFF, 0x80, 0x00, 0x00, 0x00, 0x00, 0x00,
    0xDF, 0xFF, 0xFF, 0x80, 0x00, 0x00, 0x00, 0x00, 0x00, 0xDF, 0xFF, 0xFF, 0x80, 0x00, 0x00, 0x00,
    0x00, 0x00, 0xDF, 0xFF, 0xFF, 0x80, 0x00, 0x00, 0x00, 0x00, 0x00, 0xDF, 0xFF, 0xFF, 0x80, 0x00,
    0x00, 0x00, 0x00, 0x00, 0xDF, 0xFF, 0xFF, 0x80, 0x00, 0x00, 0x00, 0x00, 0x00, 0xDF, 0xFF, 0xFF,
    0x80, 0x00, 0x00, 0x00, 0x00, 0x00, 0xDF, 0xFF, 0xFF, 0xFF, 0xFF, 0xFF, 0xFF, 0xFF, 0xFB, 0xDF,
    0xFF, 0xFF, 0xFF, 0xFF, 0xFF, 0xFF, 0xFF, 0xFB, 0xDF, 0xFF, 0xFF, 0xFF, 0xFF, 0xFF, 0xFF, 0xFF,
    0xFB, 0xDF, 0xFF, 0xFF, 0xFF, 0xFF, 0xFF, 0xFF, 0xFF, 0xFB, 0xDF, 0xFF, 0xFF, 0xFF, 0xFF, 0xFF,
    0xFF, 0xFF, 0xFB, 0x00, 0x00, 0x1D, 0xFF, 0xF8, 0x00, 0x00, 0xCF, 0xFF, 0x60, 0x00, 0x09, 0xFF,
    0xE4, 0x00, 0x00, 0x7F, 0xFD, 0x20, 0x00, 0x00, 0x00, 0x00, 0x00, 0x00, 0x2F, 0xFF, 0xFF, 0xC0,
    0x00, 0x2F, 0xFF, 0xFF, 0xC0, 0x00, 0x2F, 0xFF, 0xFF, 0xC0, 0x00, 0x2F, 0xFF, 0xFF, 0xC0, 0x00,
    0x2F, 0xFF, 0xFF, 0xC0, 0x00, 0x2F, 0xFF, 0xFF, 0xC0, 0x00, 0x2F, 0xFF, 0xFF, 0xC0, 0x00, 0x2F,
    0xFF, 0xFF, 0xC0, 0x00, 0x2F, 0xFF, 0xFF, 0xC0, 0x00, 0x2F, 0xFF, 0xFF, 0xC0, 0x00, 0x2F, 0xFF,
    0xFF, 0xC0, 0x00, 0x2F, 0xFF, 0xFF, 0xC0, 0x00, 0x2F, 0xFF, 0xFF, 0xC0, 0x00, 0x2F, 0xFF, 0xFF,
    0xC0, 0x00, 0x2F, 0xFF, 0xFF, 0xC0, 0x00, 0x2F, 0xFF, 0xFF, 0xC0, 0x00, 0x2F, 0xFF, 0xFF, 0xC0,
    0x00, 0x2F, 0xFF, 0xFF, 0xC0, 0x00, 0x2F, 0xFF, 0xFF, 0xC0, 0x00, 0x2F, 0xFF, 0xFF, 0xC0, 0x00,
    0x2F, 0xFF, 0xFF, 0xC0, 0x00, 0x2F, 0xFF, 0xFF, 0xC0, 0x00, 0x2F, 0xFF, 0xFF, 0xC0, 0x00, 0x2F,
    0xFF, 0xFF, 0xC0, 0x00, 0x2F, 0xFF, 0xFF, 0xC0, 0x00, 0x2F, 0xFF, 0xFF, 0xC0, 0x00, 0xDF, 0xFF,
    0xFF, 0x80, 0x00, 0x00, 0x00, 0x00, 0x00, 0xDF, 0xFF, 0xFF, 0x80, 0x00, 0x00, 0x00, 0x00, 0x00,
    0xDF, 0xFF, 0xFF, 0x80, 0x00, 0x00, 0x00, 0x00, 0x00, 0xDF, 0xFF, 0xFF, 0x80, 0x00, 0x00, 0x00,
    0x00, 0x00, 0xDF, 0xFF, 0xFF, 0x80, 0x00, 0x00, 0x00, 0x00, 0x00, 0xDF, 0xFF, 0xFF, 0x80, 0x00,
    0x00, 0x00, 0x00, 0x00, 0xDF, 0xFF, 0xFF, 0x80, 0x00, 0x00, 0x00, 0x00, 0x00, 0xDF, 0xFF, 0xFF,
    0x80, 0x00, 0x00, 0x00, 0x00, 0x00, 0xDF, 0xFF, 0xFF, 0x80, 0x00, 0x00, 0x00, 0x00, 0x00, 0xDF,
    0xFF, 0xFF, 0x80, 0x00, 0x00, 0x00, 0x00, 0x00, 0xDF, 0xFF, 0xFF, 0x80, 0x00, 0x00, 0x00, 0x00,
    0x00, 0xDF, 0xFF, 0xFF, 0x80, 0x00, 0x00, 0x00, 0x00, 0x00, 0xDF, 0xFF, 0xFF, 0x80, 0x00, 0x00,
    0x00, 0x00, 0x00, 0xDF, 0xFF, 0xFF, 0x80, 0x00, 0x00, 0x00, 0x00, 0x00, 0xDF, 0xFF, 0xFF, 0x80,
    0x00, 0x00, 0x00, 0x00, 0x00, 0xDF, 0xFF, 0xFF, 0x80, 0x00, 0x00, 0x00, 0x00, 0x00, 0xDF, 0xFF,
    0xFF, 0x80, 0x00, 0x00, 0x00, 0x00, 0x00, 0xDF, 0xFF, 0xFF, 0x80, 0x00, 0x00, 0x00, 0x00, 0x00,
    0xDF, 0xFF, 0xFF, 0x80, 0x00, 0x00, 0x00, 0x00, 0x00, 0xDF, 0xFF, 0xFF, 0x80, 0x00, 0x00, 0x00,
    0x00, 0x00, 0xDF, 0xFF, 0xFF, 0xFF, 0xFF, 0xFF, 0xFF, 0xFF, 0xFB, 0xDF, 0xFF, 0xFF, 0xFF, 0xFF,
    0xFF, 0xFF, 0xFF, 0xFB, 0xDF, 0xFF, 0xFF, 0xFF, 0xFF, 0xFF, 0xFF, 0xFF, 0xFB, 0xDF, 0xFF, 0xFF,
    0xFF, 0xFF, 0xFF, 0xFF, 0xFF, 0xFB, 0xDF, 0xFF, 0xFF, 0xFF, 0xFF, 0xFF, 0xFF, 0xFF, 0xFB, 0x00,
    0x00, 0x00, 0x00, 0x00, 0x00, 0x00, 0x00, 0x00, 0x00, 0x00, 0x00, 0x00, 0x00, 0x00, 0x00, 0x00,
    0x00, 0x00, 0x00, 0x00, 0x2F, 0xFF, 0xFE, 0x10, 0x00, 0x00, 0x00, 0x00, 0x00, 0x7F, 0xFF, 0xF4,
    0x00, 0x00, 0x00, 0x00, 0x00, 0x00, 0xBF, 0xFF, 0x80, 0x00, 0x00, 0x00, 0x00, 0x00, 0x01, 0xFF,
    0xFC, 0x00, 0x00, 0x00, 0x00, 0x00, 0x00, 0x05, 0xFF, 0xE2, 0x00, 0x00, 0x00, 0x00, 0x2F, 0xFF,
    0xFF, 0xC0, 0x2F, 0xFF, 0xFF, 0xC0, 0x2F, 0xFF, 0xFF, 0xC0, 0x2F, 0xFF, 0xFF, 0xC0, 0x2F, 0xFF,
    0xFF, 0xC0, 0x2F, 0xFF, 0xFF, 0xC0, 0x2F, 0xFF, 0xFF, 0xC0, 0x2F, 0xFF, 0xFF, 0xC0, 0x2F, 0xFF,
    0xFF, 0xC0, 0x2F, 0xFF, 0xFF, 0xC0, 0x2F, 0xFF, 0xFF, 0xC0, 0x2F, 0xFF, 0xFF, 0xC0, 0x2F, 0xFF,
    0xFF, 0xC0, 0x2F, 0xFF, 0xFF, 0xC0, 0x2F, 0xFF, 0xFF, 0xC0, 0x2F, 0xFF, 0xFF, 0xC0, 0x2F, 0xFF,
    0xFF, 0xC0, 0x2F, 0xFF, 0xFF, 0xC0, 0x2F, 0xFF, 0xFF, 0xC0, 0x2F, 0xFF, 0xFF, 0xC0, 0x2F, 0xFF,
    0xFF, 0xC0, 0x2F, 0xFF, 0xFF, 0xC0, 0x2F, 0xFF, 0xFF, 0xC0, 0x2F, 0xFF, 0xFF, 0xC0, 0x2F, 0xFF,
    0xFF, 0xC0, 0x2F, 0xFF, 0xFF, 0xC0, 0x00, 0x00, 0x00, 0x00, 0x00, 0x00, 0x00, 0x00, 0x04, 0xFF,
    0xFF, 0xD1, 0x08, 0xFF, 0xFF, 0x30, 0x0D, 0xFF, 0xF7, 0x00, 0x2F, 0xFF, 0xA0, 0x00, 0x7F, 0xFD,
    0x10, 0x00, 0xDF, 0xFF, 0xFF, 0x80, 0x00, 0x00, 0x2F, 0xFF, 0xF7, 0xDF, 0xFF, 0xFF, 0x80, 0x00,
    0x00, 0x5F, 0xFF, 0xE1, 0xDF, 0xFF, 0xFF, 0x80, 0x00, 0x00, 0x9F, 0xFF, 0x80, 0xDF, 0xFF, 0xFF,
    0x80, 0x00, 0x00, 0xCF, 0xFF, 0x10, 0xDF, 0xFF, 0xFF, 0x80, 0x00, 0x00, 0xFF, 0xF9, 0x00, 0xDF,
    0xFF, 0xFF, 0x80, 0x00, 0x04, 0xFF, 0xF2, 0x00, 0xDF, 0xFF, 0xFF, 0x80, 0x00, 0x00, 0x00, 0x00,
    0x00, 0xDF, 0xFF, 0xFF, 0x80, 0x00, 0x00, 0x00, 0x00, 0x00, 0xDF, 0xFF, 0xFF, 0x80, 0x00, 0x00,
    0x00, 0x00, 0x00, 0xDF, 0xFF, 0xFF, 0x80, 0x00, 0x00, 0x00, 0x00, 0x00, 0xDF, 0xFF, 0xFF, 0x80,
    0x00, 0x00, 0x00, 0x00, 0x00, 0xDF, 0xFF, 0xFF, 0x80, 0x00, 0x00, 0x00, 0x00, 0x00, 0xDF, 0xFF,
    0xFF, 0x80, 0x00, 0x00, 0x00, 0x00, 0x00, 0xDF, 0xFF, 0xFF, 0x80, 0x00, 0x00, 0x00, 0x00, 0x00,
    0xDF, 0xFF, 0xFF, 0x80, 0x00, 0x00, 0x00, 0x00, 0x00, 0xDF, 0xFF, 0xFF, 0x80, 0x00, 0x00, 0x00,
    0x00, 0x00, 0xDF, 0xFF, 0xFF, 0x80, 0x00, 0x00, 0x00, 0x00, 0x00, 0xDF, 0xFF, 0xFF, 0x80, 0x00,
    0x00, 0x00, 0x00, 0x00, 0xDF, 0xFF, 0xFF, 0x80, 0x00, 0x00, 0x00, 0x00, 0x00, 0xDF, 0xFF, 0xFF,
    0x80, 0x00, 0x00, 0x00, 0x00, 0x00, 0xDF, 0xFF, 0xFF, 0xFF, 0xFF, 0xFF, 0xFF, 0xFF, 0xFB, 0xDF,
    0xFF, 0xFF, 0xFF, 0xFF, 0xFF, 0xFF, 0xFF, 0xFB, 0xDF, 0xFF, 0xFF, 0xFF, 0xFF, 0xFF, 0xFF, 0xFF,
    0xFB, 0xDF, 0xFF, 0xFF, 0xFF, 0xFF, 0xFF, 0xFF, 0xFF, 0xFB, 0xDF, 0xFF, 0xFF, 0xFF, 0xFF, 0xFF,
    0xFF, 0xFF, 0xFB, 0x2F, 0xFF, 0xFF, 0xC0, 0x08, 0xFF, 0xFF, 0x10, 0x2F, 0xFF, 0xFF, 0xC0, 0x0B,
    0xFF, 0xF9, 0x00, 0x2F, 0xFF, 0xFF, 0xC0, 0x0E, 0xFF, 0xF2, 0x00, 0x2F, 0xFF, 0xFF, 0xC0, 0x3F,
    0xFF, 0xA0, 0x00, 0x2F, 0xFF, 0xFF, 0xC0, 0x6F, 0xFF, 0x30, 0x00, 0x2F, 0xFF, 0xFF, 0xC0, 0x9F,
    0xFB, 0x00, 0x00, 0x2F, 0xFF, 0xFF, 0xC0, 0x00, 0x00, 0x00, 0x00, 0x2F, 0xFF, 0xFF, 0xC0, 0x00,
    0x00, 0x00, 0x00, 0x2F, 0xFF, 0xFF, 0xC0, 0x00, 0x00, 0x00, 0x00, 0x2F, 0xFF, 0xFF, 0xC0, 0x00,
    0x00, 0x00, 0x00, 0x2F, 0xFF, 0xFF, 0xC0, 0x00, 0x00, 0x00, 0x00, 0x2F, 0xFF, 0xFF, 0xC0, 0x00,
    0x00, 0x00, 0x00, 0x2F, 0xFF, 0xFF, 0xC0, 0x00, 0x00, 0x00, 0x00, 0x2F, 0xFF, 0xFF, 0xC0, 0x00,
    0x00, 0x00, 0x00, 0x2F, 0xFF, 0xFF, 0xC0, 0x00, 0x00, 0x00, 0x00, 0x2F, 0xFF, 0xFF, 0xC0, 0x00,
    0x00, 0x00, 0x00, 0x2F, 0xFF, 0xFF, 0xC0, 0x00, 0x00, 0x00, 0x00, 0x2F, 0xFF, 0xFF, 0xC0, 0x00,
    0x00, 0x00, 0x00, 0x2F, 0xFF, 0xFF, 0xC0, 0x00, 0x00, 0x00, 0x00, 0x2F, 0xFF, 0xFF, 0xC0, 0x00,
    0x00, 0x00, 0x00, 0x2F, 0xFF, 0xFF, 0xC0, 0x00, 0x00, 0x00, 0x00, 0x2F, 0xFF, 0xFF, 0xC0, 0x00,
    0x00, 0x00, 0x00, 0x2F, 0xFF, 0xFF, 0xC0, 0x00, 0x00, 0x00, 0x00, 0x2F, 0xFF, 0xFF, 0xC0, 0x00,
    0x00, 0x00, 0x00, 0x2F, 0xFF, 0xFF, 0xC0, 0x00, 0x00, 0x00, 0x00, 0x2F, 0xFF, 0xFF, 0xC0, 0x00,
    0x00, 0x00, 0x00, 0xDF, 0xFF, 0xFF, 0x80, 0x00, 0x00, 0x00, 0x00, 0x00, 0xDF, 0xFF, 0xFF, 0x80,
    0x00, 0x00, 0x00, 0x00, 0x00, 0xDF, 0xFF, 0xFF, 0x80, 0x00, 0x00, 0x00, 0x00, 0x00, 0xDF, 0xFF,
    0xFF, 0x80, 0x00, 0x00, 0x00, 0x00, 0x00, 0xDF, 0xFF, 0xFF, 0x80, 0x00, 0x00, 0x00, 0x00, 0x00,
    0xDF, 0xFF, 0xFF, 0x80, 0x00, 0x00, 0x00, 0x00, 0x00, 0xDF, 0xFF, 0xFF, 0x80, 0x00, 0x00, 0x00,
    0x00, 0x00, 0xDF, 0xFF, 0xFF, 0x80, 0x00, 0x0D, 0xFF, 0xFF, 0xF2, 0xDF, 0xFF, 0xFF, 0x80, 0x00,
    0x0D, 0xFF, 0xFF, 0xF2, 0xDF, 0xFF, 0xFF, 0x80, 0x00, 0x0D, 0xFF, 0xFF, 0xF2, 0xDF, 0xFF, 0xFF,
    0x80, 0x00, 0x0D, 0xFF, 0xFF, 0xF2, 0xDF, 0xFF, 0xFF, 0x80, 0x00, 0x0D, 0xFF, 0xFF, 0xF2, 0xDF,
    0xFF, 0xFF, 0x80, 0x00, 0x0D, 0xFF, 0xFF, 0xF2, 0xDF, 0xFF, 0xFF, 0x80, 0x00, 0x00, 0x00, 0x00,
    0x00, 0xDF, 0xFF, 0xFF, 0x80, 0x00, 0x00, 0x00, 0x00, 0x00, 0xDF, 0xFF, 0xFF, 0x80, 0x00, 0x00,
    0x00, 0x00, 0x00, 0xDF, 0xFF, 0xFF, 0x80, 0x00, 0x00, 0x00, 0x00, 0x00, 0xDF, 0xFF, 0xFF, 0x80,
    0x00, 0x00, 0x00, 0x00, 0x00, 0xDF, 0xFF, 0xFF, 0x80, 0x00, 0x00, 0x00, 0x00, 0x00, 0xDF, 0xFF,
    0xFF, 0x80, 0x00, 0x00, 0x00, 0x00, 0x00, 0xDF, 0xFF, 0xFF, 0xFF, 0xFF, 0xFF, 0xFF, 0xFF, 0xFB,
    0xDF, 0xFF, 0xFF, 0xFF, 0xFF, 0xFF, 0xFF, 0xFF, 0xFB, 0xDF, 0xFF, 0xFF, 0xFF, 0xFF, 0xFF, 0xFF,
    0xFF, 0xFB, 0xDF, 0xFF, 0xFF, 0xFF, 0xFF, 0xFF, 0xFF, 0xFF, 0xFB, 0xDF, 0xFF, 0xFF, 0xFF, 0xFF,
    0xFF, 0xFF, 0xFF, 0xFB, 0x2F, 0xFF, 0xFF, 0xC0, 0x00, 0x00, 0x00, 0x00, 0x2F, 0xFF, 0xFF, 0xC0,
    0x00, 0x00, 0x00, 0x00, 0x2F, 0xFF, 0xFF, 0xC0, 0x00, 0x00, 0x00, 0x00, 0x2F, 0xFF, 0xFF, 0xC0,
    0x00, 0x00, 0x00, 0x00, 0x2F, 0xFF, 0xFF, 0xC0, 0x00, 0x00, 0x00, 0x00, 0x2F, 0xFF, 0xFF, 0xC0,
    0x00, 0x00, 0x00, 0x00, 0x2F, 0xFF, 0xFF, 0xC0, 0x00, 0x00, 0x00, 0x00, 0x2F, 0xFF, 0xFF, 0xC0,
    0x00, 0x00, 0x00, 0x00, 0x2F, 0xFF, 0xFF, 0xC0, 0x8F, 0xFF, 0xFF, 0x70, 0x2F, 0xFF, 0xFF, 0xC0,
    0x8F, 0xFF, 0xFF, 0x70, 0x2F, 0xFF, 0xFF, 0xC0, 0x8F, 0xFF, 0xFF, 0x70, 0x2F, 0xFF, 0xFF, 0xC0,
    0x8F, 0xFF, 0xFF, 0x70, 0x2F, 0xFF, 0xFF, 0xC0, 0x8F, 0xFF, 0xFF, 0x70, 0x2F, 0xFF, 0xFF, 0xC0,
    0x8F, 0xFF, 0xFF, 0x70, 0x2F, 0xFF, 0xFF, 0xC0, 0x00, 0x00, 0x00, 0x00, 0x2F, 0xFF, 0xFF, 0xC0,
    0x00, 0x00, 0x00, 0x00, 0x2F, 0xFF, 0xFF, 0xC0, 0x00, 0x00, 0x00, 0x00, 0x2F, 0xFF, 0xFF, 0xC0,
    0x00, 0x00, 0x00, 0x00, 0x2F, 0xFF, 0xFF, 0xC0, 0x00, 0x00, 0x00, 0x00, 0x2F, 0xFF, 0xFF, 0xC0,
    0x00, 0x00, 0x00, 0x00, 0x2F, 0xFF, 0xFF, 0xC0, 0x00, 0x00, 0x00, 0x00, 0x2F, 0xFF, 0xFF, 0xC0,
    0x00, 0x00, 0x00, 0x00, 0x2F, 0xFF, 0xFF, 0xC0, 0x00, 0x00, 0x00, 0x00, 0x2F, 0xFF, 0xFF, 0xC0,
    0x00, 0x00, 0x00, 0x00, 0x2F, 0xFF, 0xFF, 0xC0, 0x00, 0x00, 0x00, 0x00, 0x2F, 0xFF, 0xFF, 0xC0,
    0x00, 0x00, 0x00, 0x00, 0x00, 0x00, 0x0B, 0xFF, 0xFF, 0xFB, 0x00, 0x00, 0x00, 0x00, 0x00, 0x00,
    0x00, 0x00, 0x0B, 0xFF, 0xFF, 0xFB, 0x00, 0x00, 0x00, 0x00, 0x00, 0x00, 0x00, 0x00, 0x0B, 0xFF,
    0xFF, 0xFB, 0x00, 0x00, 0x00, 0x00, 0x00, 0x00, 0x00, 0x00, 0x0B, 0xFF, 0xFF, 0xFB, 0x00, 0x00,
    0x00, 0x00, 0x00, 0x00, 0x00, 0x00, 0x0B, 0xFF, 0xFF, 0xFB, 0x00, 0x2C, 0x60, 0x00, 0x00, 0x00,
    0x00, 0x00, 0x0B, 0xFF, 0xFF, 0xFB, 0x06, 0xEF, 0xE2, 0x00, 0x00, 0x00, 0x00, 0x00, 0x0B, 0xFF,
    0xFF, 0xFB, 0xAF, 0xFF, 0xFC, 0x10, 0x00, 0x00, 0x00, 0x00, 0x0B, 0xFF, 0xFF, 0xFF, 0xFF, 0xFF,
    0xF9, 0x10, 0x00, 0x00, 0x00, 0x00, 0x0B, 0xFF, 0xFF, 0xFF, 0xFF, 0xFE, 0x40, 0x00, 0x00, 0x00,
    0x00, 0x00, 0x0B, 0xFF, 0xFF, 0xFF, 0xFF, 0xA1, 0x00, 0x00, 0x00, 0x00, 0x00, 0x00, 0x0B, 0xFF,
    0xFF, 0xFF, 0xE5, 0x00, 0x00, 0x00, 0x00, 0x00, 0x00, 0x00, 0x1D, 0xFF, 0xFF, 0xFD, 0x20, 0x00,
    0x00, 0x00, 0x00, 0x00, 0x00, 0x05, 0xEF, 0xFF, 0xFF, 0xFB, 0x00, 0x00, 0x00, 0x00, 0x00, 0x00,
    0x01, 0xAF, 0xFF, 0xFF, 0xFF, 0xFB, 0x00, 0x00, 0x00, 0x00, 0x00, 0x00, 0x3E, 0xFF, 0xFF, 0xFF,
    0xFF, 0xFB, 0x00, 0x00, 0x00, 0x00, 0x00, 0x00, 0x1D, 0xFF, 0xFF, 0xFF, 0xFF, 0xFB, 0x00, 0x00,
    0x00, 0x00, 0x00, 0x00, 0x03, 0xFF, 0xAC, 0xFF, 0xFF, 0xFB, 0x00, 0x00, 0x00, 0x00, 0x00, 0x00,
    0x00, 0x66, 0x0B, 0xFF, 0xFF, 0xFB, 0x00, 0x00, 0x00, 0x00, 0x00, 0x00, 0x00, 0x00, 0x0B, 0xFF,
    0xFF, 0xFB, 0x00, 0x00, 0x00, 0x00, 0x00, 0x00, 0x00, 0x00, 0x0B, 0xFF, 0xFF, 0xFB, 0x00, 0x00,
    0x00, 0x00, 0x00, 0x00, 0x00, 0x00, 0x0B, 0xFF, 0xFF, 0xFF, 0xFF, 0xFF, 0xFF, 0xFF, 0xFF, 0xE0,
    0x00, 0x00, 0x0B, 0xFF, 0xFF, 0xFF, 0xFF, 0xFF, 0xFF, 0xFF, 0xFF, 0xE0, 0x00, 0x00, 0x0B, 0xFF,
    0xFF, 0xFF, 0xFF, 0xFF, 0xFF, 0xFF, 0xFF, 0xE0, 0x00, 0x00, 0x0B, 0xFF, 0xFF, 0xFF, 0xFF, 0xFF,
    0xFF, 0xFF, 0xFF, 0xE0, 0x00, 0x00, 0x0B, 0xFF, 0xFF, 0xFF, 0xFF, 0xFF, 0xFF, 0xFF, 0xFF, 0xE0,
    0x00, 0x00, 0xBF, 0xFF, 0xFF, 0x40, 0x00, 0x00, 0x00, 0x00, 0xBF, 0xFF, 0xFF, 0x40, 0x00, 0x00,
    0x00, 0x00, 0xBF, 0xFF, 0xFF, 0x40, 0x00, 0x00, 0x00, 0x00, 0xBF, 0xFF, 0xFF, 0x40, 0x00, 0x00,
    0x00, 0x00, 0xBF, 0xFF, 0xFF, 0x40, 0x00, 0x00, 0x00, 0x00, 0xBF, 0xFF, 0xFF, 0x40, 0x00, 0x00,
    0x00, 0x00, 0xBF, 0xFF, 0xFF, 0x40, 0x00, 0x00, 0x00, 0x00, 0xBF, 0xFF, 0xFF, 0x47, 0xC0, 0x00,
    0x00, 0x00, 0xBF, 0xFF, 0xFF, 0xDF, 0xF9, 0x00, 0x00, 0x00, 0xBF, 0xFF, 0xFF, 0xFF, 0xFE, 0x10,
    0x00, 0x00, 0xBF, 0xFF, 0xFF, 0xFF, 0xA1, 0x00, 0x00, 0x01, 0xDF, 0xFF, 0xFF, 0xE6, 0x00, 0x00,
    0x00, 0x5E, 0xFF, 0xFF, 0xFF, 0x50, 0x00, 0x00, 0x19, 0xFF, 0xFF, 0xFF, 0xFF, 0x40, 0x00, 0x00,
    0x5F, 0xFF, 0xFF, 0xFF, 0xFF, 0x40, 0x00, 0x00, 0x0A, 0xFC, 0xCF, 0xFF, 0xFF, 0x40, 0x00, 0x00,
    0x01, 0x70, 0xBF, 0xFF, 0xFF, 0x40, 0x00, 0x00, 0x00, 0x00, 0xBF, 0xFF, 0xFF, 0x40, 0x00, 0x00,
    0x00, 0x00, 0xBF, 0xFF, 0xFF, 0x40, 0x00, 0x00, 0x00, 0x00, 0xBF, 0xFF, 0xFF, 0x40, 0x00, 0x00,
    0x00, 0x00, 0xBF, 0xFF, 0xFF, 0x40, 0x00, 0x00, 0x00, 0x00, 0xBF, 0xFF, 0xFF, 0x40, 0x00, 0x00,
    0x00, 0x00, 0xBF, 0xFF, 0xFF, 0x40, 0x00, 0x00, 0x00, 0x00, 0xBF, 0xFF, 0xFF, 0x40, 0x00, 0x00,
    0x00, 0x00, 0xBF, 0xFF, 0xFF, 0x40, 0x00, 0x00, 0x00, 0x00, 0xBF, 0xFF, 0xFF, 0x40, 0x00, 0x00,
    0x00, 0x00, 0x00, 0x00, 0x00, 0x2E, 0xFF, 0xF7, 0x00, 0x00, 0x00, 0x00, 0x00, 0x00, 0x00, 0x00,
    0x01, 0xDF, 0xFE, 0x40, 0x00, 0x00, 0x00, 0x00, 0x00, 0x00, 0x00, 0x00, 0x0B, 0xFF, 0xD3, 0x00,
    0x00, 0x00, 0x00, 0x00, 0x00, 0x00, 0x00, 0x00, 0x8F, 0xFC, 0x10, 0x00, 0x00, 0x00, 0x00, 0x00,
    0x00, 0x00, 0x00, 0x00, 0x00, 0x00, 0x00, 0x00, 0x00, 0x00, 0x00, 0x00, 0x00, 0x00, 0x00, 0x00,
    0x00, 0x00, 0x00, 0x00, 0x00, 0x00, 0x00, 0x00, 0xDF, 0xFF, 0xFF, 0xF8, 0x00, 0x00, 0x00, 0x00,
    0xBF, 0xFF, 0xFF, 0x50, 0xDF, 0xFF, 0xFF, 0xFE, 0x10, 0x00, 0x00, 0x00, 0xBF, 0xFF, 0xFF, 0x50,
    0xDF, 0xFF, 0xFF, 0xFF, 0x90, 0x00, 0x00, 0x00, 0xBF, 0xFF, 0xFF, 0x50, 0xDF, 0xFF, 0xFF, 0xFF,
    0xF2, 0x00, 0x00, 0x00, 0xBF, 0xFF, 0xFF, 0x50, 0xDF, 0xFF, 0xFF, 0xFF, 0xF9, 0x00, 0x00, 0x00,
    0xBF, 0xFF, 0xFF, 0x50, 0xDF, 0xFF, 0xFF, 0xFF, 0xFF, 0x20, 0x00, 0x00, 0xBF, 0xFF, 0xFF, 0x50,
    0xDF, 0xFF, 0xFF, 0xFF, 0xFF, 0xA0, 0x00, 0x00, 0xBF, 0xFF, 0xFF, 0x50, 0xDF, 0xFF, 0xFF, 0xFF,
    0xFF, 0xF3, 0x00, 0x00, 0xBF, 0xFF, 0xFF, 0x50, 0xDF, 0xFF, 0xFF, 0xAF, 0xFF, 0xFB, 0x00, 0x00,
    0xBF, 0xFF, 0xFF, 0x50, 0xDF, 0xFF, 0xFF, 0x3E, 0xFF, 0xFF, 0x40, 0x00, 0xBF, 0xFF, 0xFF, 0x50,
    0xDF, 0xFF, 0xFF, 0x36, 0xFF, 0xFF, 0xC0, 0x00, 0xBF, 0xFF, 0xFF, 0x50, 0xDF, 0xFF, 0xFF, 0x30,
    0xDF, 0xFF, 0xF5, 0x00, 0xBF, 0xFF, 0xFF, 0x50, 0xDF, 0xFF, 0xFF, 0x30, 0x6F, 0xFF, 0xFC, 0x00,
    0xBF, 0xFF, 0xFF, 0x50, 0xDF, 0xFF, 0xFF, 0x30, 0x0D, 0xFF, 0xFF, 0x50, 0xBF, 0xFF, 0xFF, 0x50,
    0xDF, 0xFF, 0xFF, 0x30, 0x05, 0xFF, 0xFF, 0xD0, 0xBF, 0xFF, 0xFF, 0x50, 0xDF, 0xFF, 0xFF, 0x30,
    0x00, 0xCF, 0xFF, 0xF6, 0xBF, 0xFF, 0xFF, 0x50, 0xDF, 0xFF, 0xFF, 0x30, 0x00, 0x4F, 0xFF, 0xFE,
    0xBF, 0xFF, 0xFF, 0x50, 0xDF, 0xFF, 0xFF, 0x30, 0x00, 0x0B, 0xFF, 0xFF, 0xFF, 0xFF, 0xFF, 0x50,
    0xDF, 0xFF, 0xFF, 0x30, 0x00, 0x03, 0xFF, 0xFF, 0xFF, 0xFF, 0xFF, 0x50, 0xDF, 0xFF, 0xFF, 0x30,
    0x00, 0x00, 0xAF, 0xFF, 0xFF, 0xFF, 0xFF, 0x50, 0xDF, 0xFF, 0xFF, 0x30, 0x00, 0x00, 0x3F, 0xFF,
    0xFF, 0xFF, 0xFF, 0x50, 0xDF, 0xFF, 0xFF, 0x30, 0x00, 0x00, 0x0A, 0xFF, 0xFF, 0xFF, 0xFF, 0x50,
    0xDF, 0xFF, 0xFF, 0x30, 0x00, 0x00, 0x02, 0xFF, 0xFF, 0xFF, 0xFF, 0x50, 0xDF, 0xFF, 0xFF, 0x30,
    0x00, 0x00, 0x00, 0x9F, 0xFF, 0xFF, 0xFF, 0x50, 0xDF, 0xFF, 0xFF, 0x30, 0x00, 0x00, 0x00, 0x1E,
    0xFF, 0xFF, 0xFF, 0x50, 0x00, 0x00, 0x00, 0x00, 0x00, 0x9F, 0xFF, 0xD2, 0x00, 0x00, 0x00, 0x00,
    0x00, 0x00, 0x05, 0xFF, 0xFD, 0x20, 0x00, 0x00, 0x00, 0x00, 0x00, 0x00, 0x3E, 0xFF, 0xD2, 0x00,
    0x00, 0x00, 0x00, 0x00, 0x00, 0x01, 0xDF, 0xFD, 0x10, 0x00, 0x00, 0x00, 0x00, 0x00, 0x00, 0x0A,
    0xFF, 0xC1, 0x00, 0x00, 0x00, 0x00, 0x00, 0x00, 0x00, 0x7F, 0xFC, 0x10, 0x00, 0x00, 0x00, 0x00,
    0x00, 0x00, 0x00, 0x00, 0x00, 0x00, 0x00, 0x00, 0x00, 0x00, 0x00, 0x00, 0x00, 0x00, 0x00, 0x00,
    0x00, 0x00, 0x00, 0x00, 0x2F, 0xFF, 0xFF, 0xC0, 0x03, 0x8D, 0xEE, 0xD9, 0x20, 0x00, 0x2F, 0xFF,
    0xFF, 0xC0, 0x8F, 0xFF, 0xFF, 0xFF, 0xE5, 0x00, 0x2F, 0xFF, 0xFF, 0xCA, 0xFF, 0xFF, 0xFF, 0xFF,
    0xFF, 0x20, 0x2F, 0xFF, 0xFF, 0xFF, 0xFF, 0xFF, 0xFF, 0xFF, 0xFF, 0xA0, 0x2F, 0xFF, 0xFF, 0xFF,
    0xFF, 0xFF, 0xFF, 0xFF, 0xFF, 0xF1, 0x2F, 0xFF, 0xFF, 0xFF, 0xB3, 0x02, 0x9F, 0xFF, 0xFF, 0xF4,
    0x2F, 0xFF, 0xFF, 0xFC, 0x00, 0x00, 0x0C, 0xFF, 0xFF, 0xF7, 0x2F, 0xFF, 0xFF, 0xF4, 0x00, 0x00,
    0x08, 0xFF, 0xFF, 0xF8, 0x2F, 0xFF, 0xFF, 0xE0, 0x00, 0x00, 0x07, 0xFF, 0xFF, 0xF8, 0x2F, 0xFF,
    0xFF, 0xD0, 0x00, 0x00, 0x07, 0xFF, 0xFF, 0xF8, 0x2F, 0xFF, 0xFF, 0xC0, 0x00, 0x00, 0x06, 0xFF,
    0xFF, 0xF8, 0x2F, 0xFF, 0xFF, 0xC0, 0x00, 0x00, 0x06, 0xFF, 0xFF, 0xF8, 0x2F, 0xFF, 0xFF, 0xC0,
    0x00, 0x00, 0x06, 0xFF, 0xFF, 0xF8, 0x2F, 0xFF, 0xFF, 0xC0, 0x00, 0x00, 0x06, 0xFF, 0xFF, 0xF8,
    0x2F, 0xFF, 0xFF, 0xC0, 0x00, 0x00, 0x06, 0xFF, 0xFF, 0xF8, 0x2F, 0xFF, 0xFF, 0xC0, 0x00, 0x00,
    0x06, 0xFF, 0xFF, 0xF8, 0x2F, 0xFF, 0xFF, 0xC0, 0x00, 0x00, 0x06, 0xFF, 0xFF, 0xF8, 0x2F, 0xFF,
    0xFF, 0xC0, 0x00, 0x00, 0x06, 0xFF, 0xFF, 0xF8, 0x2F, 0xFF, 0xFF, 0xC0, 0x00, 0x00, 0x06, 0xFF,
    0xFF, 0xF8, 0xDF, 0xFF, 0xFF, 0xF8, 0x00, 0x00, 0x00, 0x00, 0xBF, 0xFF, 0xFF, 0x50, 0xDF, 0xFF,
    0xFF, 0xFE, 0x10, 0x00, 0x00, 0x00, 0xBF, 0xFF, 0xFF, 0x50, 0xDF, 0xFF, 0xFF, 0xFF, 0x90, 0x00,
    0x00, 0x00, 0xBF, 0xFF, 0xFF, 0x50, 0xDF, 0xFF, 0xFF, 0xFF, 0xF2, 0x00, 0x00, 0x00, 0xBF, 0xFF,
    0xFF, 0x50, 0xDF, 0xFF, 0xFF, 0xFF, 0xF9, 0x00, 0x00, 0x00, 0xBF, 0xFF, 0xFF, 0x50, 0xDF, 0xFF,
    0xFF, 0xFF, 0xFF, 0x20, 0x00, 0x00, 0xBF, 0xFF, 0xFF, 0x50, 0xDF, 0xFF, 0xFF, 0xFF, 0xFF, 0xA0,
    0x00, 0x00, 0xBF, 0xFF, 0xFF, 0x50, 0xDF, 0xFF, 0xFF, 0xFF, 0xFF, 0xF3, 0x00, 0x00, 0xBF, 0xFF,
    0xFF, 0x50, 0xDF, 0xFF, 0xFF, 0xAF, 0xFF, 0xFB, 0x00, 0x00, 0xBF, 0xFF, 0xFF, 0x50, 0xDF, 0xFF,
    0xFF, 0x3E, 0xFF, 0xFF, 0x40, 0x00, 0xBF, 0xFF, 0xFF, 0x50, 0xDF, 0xFF, 0xFF, 0x36, 0xFF, 0xFF,
    0xC0, 0x00, 0xBF, 0xFF, 0xFF, 0x50, 0xDF, 0xFF, 0xFF, 0x30, 0xDF, 0xFF, 0xF5, 0x00, 0xBF, 0xFF,
    0xFF, 0x50, 0xDF, 0xFF, 0xFF, 0x30, 0x6F, 0xFF, 0xFC, 0x00, 0xBF, 0xFF, 0xFF, 0x50, 0xDF, 0xFF,
    0xFF, 0x30, 0x0D, 0xFF, 0xFF, 0x50, 0xBF, 0xFF, 0xFF, 0x50, 0xDF, 0xFF, 0xFF, 0x30, 0x05, 0xFF,
    0xFF, 0xD0, 0xBF, 0xFF, 0xFF, 0x50, 0xDF, 0xFF, 0xFF, 0x30, 0x00, 0xCF, 0xFF, 0xF6, 0xBF, 0xFF,
    0xFF, 0x50, 0xDF, 0xFF, 0xFF, 0x30, 0x00, 0x4F, 0xFF, 0xFE, 0xBF, 0xFF, 0xFF, 0x50, 0xDF, 0xFF,
    0xFF, 0x30, 0x00, 0x0B, 0xFF, 0xFF, 0xFF, 0xFF, 0xFF, 0x50, 0xDF, 0xFF, 0xFF, 0x30, 0x00, 0x03,
    0xFF, 0xFF, 0xFF, 0xFF, 0xFF, 0x50, 0xDF, 0xFF, 0xFF, 0x30, 0x00, 0x00, 0xAF, 0xFF, 0xFF, 0xFF,
    0xFF, 0x50, 0xDF, 0xFF, 0xFF, 0x30, 0x00, 0x00, 0x3F, 0xFF, 0xFF, 0xFF, 0xFF, 0x50, 0xDF, 0xFF,
    0xFF, 0x30, 0x00, 0x00, 0x0A, 0xFF, 0xFF, 0xFF, 0xFF, 0x50, 0xDF, 0xFF, 0xFF, 0x30, 0x00, 0x00,
    0x02, 0xFF, 0xFF, 0xFF, 0xFF, 0x50, 0xDF, 0xFF, 0xFF, 0x30, 0x00, 0x00, 0x00, 0x9F, 0xFF, 0xFF,
    0xFF, 0x50, 0xDF, 0xFF, 0xFF, 0x30, 0x00, 0x00, 0x00, 0x1E, 0xFF, 0xFF, 0xFF, 0x50, 0x00, 0x00,
    0x00, 0x00, 0x00, 0x00, 0x00, 0x00, 0x00, 0x00, 0x00, 0x00, 0x00, 0x00, 0x00, 0x00, 0x00, 0x00,
    0x00, 0x00, 0x00, 0x00, 0x00, 0x00, 0x00, 0x00, 0x00, 0x00, 0x0D, 0xFF, 0xFF, 0x50, 0x00, 0x00,
    0x00, 0x00, 0x00, 0x00, 0x00, 0x00, 0x2F, 0xFF, 0xF9, 0x00, 0x00, 0x00, 0x00, 0x00, 0x00, 0x00,
    0x00, 0x00, 0x7F, 0xFF, 0xC0, 0x00, 0x00, 0x00, 0x00, 0x00, 0x00, 0x00, 0x00, 0x00, 0xBF, 0xFE,
    0x20, 0x00, 0x00, 0x00, 0x00, 0x00, 0x00, 0x00, 0x00, 0x01, 0xFF, 0xF6, 0x00, 0x00, 0x00, 0x00,
    0x00, 0x00, 0x2F, 0xFF, 0xFF, 0xC0, 0x03, 0x8D, 0xEE, 0xD9, 0x20, 0x00, 0x2F, 0xFF, 0xFF, 0xC0,
    0x8F, 0xFF, 0xFF, 0xFF, 0xE5, 0x00, 0x2F, 0xFF, 0xFF, 0xCA, 0xFF, 0xFF, 0xFF, 0xFF, 0xFF, 0x20,
    0x2F, 0xFF, 0xFF, 0xFF, 0xFF, 0xFF, 0xFF, 0xFF, 0xFF, 0xA0, 0x2F, 0xFF, 0xFF, 0xFF, 0xFF, 0xFF,
    0xFF, 0xFF, 0xFF, 0xF1, 0x2F, 0xFF, 0xFF, 0xFF, 0xB3, 0x02, 0x9F, 0xFF, 0xFF, 0xF4, 0x2F, 0xFF,
    0xFF, 0xFC, 0x00, 0x00, 0x0C, 0xFF, 0xFF, 0xF7, 0x2F, 0xFF, 0xFF, 0xF4, 0x00, 0x00, 0x08, 0xFF,
    0xFF, 0xF8, 0x2F, 0xFF, 0xFF, 0xE0, 0x00, 0x00, 0x07, 0xFF, 0xFF, 0xF8, 0x2F, 0xFF, 0xFF, 0xD0,
    0x00, 0x00, 0x07, 0xFF, 0xFF, 0xF8, 0x2F, 0xFF, 0xFF, 0xC0, 0x00, 0x00, 0x06, 0xFF, 0xFF, 0xF8,
    0x2F, 0xFF, 0xFF, 0xC0, 0x00, 0x00, 0x06, 0xFF, 0xFF, 0xF8, 0x2F, 0xFF, 0xFF, 0xC0, 0x00, 0x00,
    0x06, 0xFF, 0xFF, 0xF8, 0x2F, 0xFF, 0xFF, 0xC0, 0x00, 0x00, 0x06, 0xFF, 0xFF, 0xF8, 0x2F, 0xFF,
    0xFF, 0xC0, 0x00, 0x00, 0x06, 0xFF, 0xFF, 0xF8, 0x2F, 0xFF, 0xFF, 0xC0, 0x00, 0x00, 0x06, 0xFF,
    0xFF, 0xF8, 0x2F, 0xFF, 0xFF, 0xC0, 0x00, 0x00, 0x06, 0xFF, 0xFF, 0xF8, 0x2F, 0xFF, 0xFF, 0xC0,
    0x00, 0x00, 0x06, 0xFF, 0xFF, 0xF8, 0x2F, 0xFF, 0xFF, 0xC0, 0x00, 0x00, 0x06, 0xFF, 0xFF, 0xF8,
    0x00, 0x00, 0x00, 0x00, 0x00, 0x00, 0x00, 0x00, 0x00, 0x00, 0x00, 0x00, 0x00, 0x00, 0x00, 0x00,
    0x00, 0x00, 0x00, 0x00, 0x00, 0x00, 0x00, 0x00, 0xDF, 0xFF, 0xF4, 0x00, 0x00, 0x00, 0x00, 0x00,
    0x00, 0x03, 0xFF, 0xFF, 0x80, 0x00, 0x00, 0x00, 0x00, 0x00, 0x00, 0x07, 0xFF, 0xFC, 0x00, 0x00,
    0x00, 0x00, 0x00, 0x00, 0x00, 0x0C, 0xFF, 0xE2, 0x00, 0x00, 0x00, 0x00, 0x00, 0x00, 0x00, 0x1F,
    0xFF, 0x50, 0x00, 0x00, 0x00, 0x00, 0x00, 0x00, 0x03, 0xEF, 0xC2, 0x00, 0x01, 0xAF, 0xF6, 0x00,
    0x00, 0x00, 0x00, 0x00, 0x00, 0x4F, 0xFE, 0x60, 0x3D, 0xFF, 0x70, 0x00, 0x00, 0x00, 0x00, 0x00,
    0x00, 0x05, 0xFF, 0xFB, 0xFF, 0xF9, 0x00, 0x00, 0x00, 0x00, 0x00, 0x00, 0x00, 0x00, 0x6F, 0xFF,
    0xFF, 0xA0, 0x00, 0x00, 0x00, 0x00, 0x00, 0x00, 0x00, 0x00, 0x00, 0x00, 0x00, 0x00, 0x00, 0x00,
    0x00, 0x00, 0x00, 0x00, 0x00, 0x00, 0x00, 0x00, 0x00, 0x00, 0x00, 0x00, 0x00, 0x00, 0xDF, 0xFF,
    0xFF, 0xF8, 0x00, 0x00, 0x00, 0x00, 0xBF, 0xFF, 0xFF, 0x50, 0xDF, 0xFF, 0xFF, 0xFE, 0x10, 0x00,
    0x00, 0x00, 0xBF, 0xFF, 0xFF, 0x50, 0xDF, 0xFF, 0xFF, 0xFF, 0x90, 0x00, 0x00, 0x00, 0xBF, 0xFF,
    0xFF, 0x50, 0xDF, 0xFF, 0xFF, 0xFF, 0xF2, 0x00, 0x00, 0x00, 0xBF, 0xFF, 0xFF, 0x50, 0xDF, 0xFF,
    0xFF, 0xFF, 0xF9, 0x00, 0x00, 0x00, 0xBF, 0xFF, 0xFF, 0x50, 0xDF, 0xFF, 0xFF, 0xFF, 0xFF, 0x20,
    0x00, 0x00, 0xBF, 0xFF, 0xFF, 0x50, 0xDF, 0xFF, 0xFF, 0xFF, 0xFF, 0xA0, 0x00, 0x00, 0xBF, 0xFF,
    0xFF, 0x50, 0xDF, 0xFF, 0xFF, 0xFF, 0xFF, 0xF3, 0x00, 0x00, 0xBF, 0xFF, 0xFF, 0x50, 0xDF, 0xFF,
    0xFF, 0xAF, 0xFF, 0xFB, 0x00, 0x00, 0xBF, 0xFF, 0xFF, 0x50, 0xDF, 0xFF, 0xFF, 0x3E, 0xFF, 0xFF,
    0x40, 0x00, 0xBF, 0xFF, 0xFF, 0x50, 0xDF, 0xFF, 0xFF, 0x36, 0xFF, 0xFF, 0xC0, 0x00, 0xBF, 0xFF,
    0xFF, 0x50, 0xDF, 0xFF, 0xFF, 0x30, 0xDF, 0xFF, 0xF5, 0x00, 0xBF, 0xFF, 0xFF, 0x50, 0xDF, 0xFF,
    0xFF, 0x30, 0x6F, 0xFF, 0xFC, 0x00, 0xBF, 0xFF, 0xFF, 0x50, 0xDF, 0xFF, 0xFF, 0x30, 0x0D, 0xFF,
    0xFF, 0x50, 0xBF, 0xFF, 0xFF, 0x50, 0xDF, 0xFF, 0xFF, 0x30, 0x05, 0xFF, 0xFF, 0xD0, 0xBF, 0xFF,
    0xFF, 0x50, 0xDF, 0xFF, 0xFF, 0x30, 0x00, 0xCF, 0xFF, 0xF6, 0xBF, 0xFF, 0xFF, 0x50, 0xDF, 0xFF,
    0xFF, 0x30, 0x00, 0x4F, 0xFF, 0xFE, 0xBF, 0xFF, 0xFF, 0x50, 0xDF, 0xFF, 0xFF, 0x30, 0x00, 0x0B,
    0xFF, 0xFF, 0xFF, 0xFF, 0xFF, 0x50, 0xDF, 0xFF, 0xFF, 0x30, 0x00, 0x03, 0xFF, 0xFF, 0xFF, 0xFF,
    0xFF, 0x50, 0xDF, 0xFF, 0xFF, 0x30, 0x00, 0x00, 0xAF, 0xFF, 0xFF, 0xFF, 0xFF, 0x50, 0xDF, 0xFF,
    0xFF, 0x30, 0x00, 0x00, 0x3F, 0xFF, 0xFF, 0xFF, 0xFF, 0x50, 0xDF, 0xFF, 0xFF, 0x30, 0x00, 0x00,
    0x0A, 0xFF, 0xFF, 0xFF, 0xFF, 0x50, 0xDF, 0xFF, 0xFF, 0x30, 0x00, 0x00, 0x02, 0xFF, 0xFF, 0xFF,
    0xFF, 0x50, 0xDF, 0xFF, 0xFF, 0x30, 0x00, 0x00, 0x00, 0x9F, 0xFF, 0xFF, 0xFF, 0x50, 0xDF, 0xFF,
    0xFF, 0x30, 0x00, 0x00, 0x00, 0x1E, 0xFF, 0xFF, 0xFF, 0x50, 0x00, 0x09, 0xFF, 0x70, 0x00, 0x01,
    0xCF, 0xF4, 0x00, 0x00, 0x00, 0x01, 0xDF, 0xF6, 0x00, 0x0B, 0xFF, 0x80, 0x00, 0x00, 0x00, 0x00,
    0x3F, 0xFF, 0x40, 0xAF, 0xFC, 0x00, 0x00, 0x00, 0x00, 0x00, 0x07, 0xFF, 0xEA, 0xFF, 0xE2, 0x00,
    0x00, 0x00, 0x00, 0x00, 0x00, 0xBF, 0xFF, 0xFF, 0x60, 0x00, 0x00, 0x00, 0x00, 0x00, 0x00, 0x2E,
    0xFF, 0xFA, 0x00, 0x00, 0x00, 0x00, 0x00, 0x00, 0x00, 0x00, 0x00, 0x00, 0x00, 0x00, 0x00, 0x00,
    0x00, 0x00, 0x00, 0x00, 0x00, 0x00, 0x00, 0x00, 0x00, 0x00, 0x2F, 0xFF, 0xFF, 0xC0, 0x03, 0x8D,
    0xEE, 0xD9, 0x20, 0x00, 0x2F, 0xFF, 0xFF, 0xC0, 0x8F, 0xFF, 0xFF, 0xFF, 0xE5, 0x00, 0x2F, 0xFF,
    0xFF, 0xCA, 0xFF, 0xFF, 0xFF, 0xFF, 0xFF, 0x20, 0x2F, 0xFF, 0xFF, 0xFF, 0xFF, 0xFF, 0xFF, 0xFF,
    0xFF, 0xA0, 0x2F, 0xFF, 0xFF, 0xFF, 0xFF, 0xFF, 0xFF, 0xFF, 0xFF, 0xF1, 0x2F, 0xFF, 0xFF, 0xFF,
    0xB3, 0x02, 0x9F, 0xFF, 0xFF, 0xF4, 0x2F, 0xFF, 0xFF, 0xFC, 0x00, 0x00, 0x0C, 0xFF, 0xFF, 0xF7,
    0x2F, 0xFF, 0xFF, 0xF4, 0x00, 0x00, 0x08, 0xFF, 0xFF, 0xF8, 0x2F, 0xFF, 0xFF, 0xE0, 0x00, 0x00,
    0x07, 0xFF, 0xFF, 0xF8, 0x2F, 0xFF, 0xFF, 0xD0, 0x00, 0x00, 0x07, 0xFF, 0xFF, 0xF8, 0x2F, 0xFF,
    0xFF, 0xC0, 0x00, 0x00, 0x06, 0xFF, 0xFF, 0xF8, 0x2F, 0xFF, 0xFF, 0xC0, 0x00, 0x00, 0x06, 0xFF,
    0xFF, 0xF8, 0x2F, 0xFF, 0xFF, 0xC0, 0x00, 0x00, 0x06, 0xFF, 0xFF, 0xF8, 0x2F, 0xFF, 0xFF, 0xC0,
    0x00, 0x00, 0x06, 0xFF, 0xFF, 0xF8, 0x2F, 0xFF, 0xFF, 0xC0, 0x00, 0x00, 0x06, 0xFF, 0xFF, 0xF8,
    0x2F, 0xFF, 0xFF, 0xC0, 0x00, 0x00, 0x06, 0xFF, 0xFF, 0xF8, 0x2F, 0xFF, 0xFF, 0xC0, 0x00, 0x00,
    0x06, 0xFF, 0xFF, 0xF8, 0x2F, 0xFF, 0xFF, 0xC0, 0x00, 0x00, 0x06, 0xFF, 0xFF, 0xF8, 0x2F, 0xFF,
    0xFF, 0xC0, 0x00, 0x00, 0x06, 0xFF, 0xFF, 0xF8, 0x00, 0x9F, 0xFF, 0xFF, 0x10, 0x00, 0x00, 0x00,
    0x00, 0x00, 0x00, 0x00, 0x00, 0x00, 0x00, 0x00, 0x9F, 0xFF, 0xFF, 0x10, 0x00, 0x00, 0x00, 0x00,
    0x00, 0x00, 0x00, 0x00, 0x00, 0x00, 0x00, 0x9F, 0xFF, 0xFF, 0x10, 0x00, 0x00, 0x00, 0x00, 0x00,
    0x00, 0x00, 0x00, 0x00, 0x00, 0x00, 0x9F, 0xFF, 0xFF, 0x10, 0x00, 0x00, 0x00, 0x00, 0x00, 0x00,
    0x00, 0x00, 0x00, 0x00, 0x00, 0x9F, 0xFF, 0xFF, 0x10, 0x00, 0x00, 0x00, 0x00, 0x00, 0x00, 0x00,
    0x00, 0x00, 0x00, 0x00, 0xCF, 0xFF, 0xFA, 0x00, 0x00, 0x00, 0x00, 0x00, 0x00, 0x00, 0x00, 0x00,
    0x00, 0x00, 0x01, 0xFF, 0xFF, 0xE2, 0x00, 0x6F, 0xFF, 0xFF, 0x80, 0x04, 0xAD, 0xFE, 0xC7, 0x10,
    0x00, 0x05, 0xFF, 0xFF, 0x70, 0x00, 0x6F, 0xFF, 0xFF, 0x81, 0xBF, 0xFF, 0xFF, 0xFF, 0xD2, 0x00,
    0x09, 0xFF, 0xFC, 0x00, 0x00, 0x6F, 0xFF, 0xFF, 0xAD, 0xFF, 0xFF, 0xFF, 0xFF, 0xFD, 0x00, 0x0D,
    0xFF, 0xF3, 0x00, 0x00, 0x6F, 0xFF, 0xFF, 0xFF, 0xFF, 0xFF, 0xFF, 0xFF, 0xFF, 0x70, 0x2F, 0xFF,
    0x90, 0x00, 0x00, 0x6F, 0xFF, 0xFF, 0xFF, 0xFF, 0xFF, 0xFF, 0xFF, 0xFF, 0xC0, 0x00, 0x00, 0x00,
    0x00, 0x00, 0x6F, 0xFF, 0xFF, 0xFF, 0x92, 0x03, 0xBF, 0xFF, 0xFF, 0xF1, 0x00, 0x00, 0x00, 0x00,
    0x00, 0x6F, 0xFF, 0xFF, 0xF9, 0x00, 0x00, 0x1F, 0xFF, 0xFF, 0xF3, 0x00, 0x00, 0x00, 0x00, 0x00,
    0x6F, 0xFF, 0xFF, 0xE1, 0x00, 0x00, 0x0C, 0xFF, 0xFF, 0xF4, 0x00, 0x00, 0x00, 0x00, 0x00, 0x6F,
    0xFF, 0xFF, 0xB0, 0x00, 0x00, 0x0B, 0xFF, 0xFF, 0xF4, 0x00, 0x00, 0x00, 0x00, 0x00, 0x6F, 0xFF,
    0xFF, 0x90, 0x00, 0x00, 0x0A, 0xFF, 0xFF, 0xF4, 0x00, 0x00, 0x00, 0x00, 0x00, 0x6F, 0xFF, 0xFF,
    0x80, 0x00, 0x00, 0x0A, 0xFF, 0xFF, 0xF4, 0x00, 0x00, 0x00, 0x00, 0x00, 0x6F, 0xFF, 0xFF, 0x80,
    0x00, 0x00, 0x0A, 0xFF, 0xFF, 0xF4, 0x00, 0x00, 0x00, 0x00, 0x00, 0x6F, 0xFF, 0xFF, 0x80, 0x00,
    0x00, 0x0A, 0xFF, 0xFF, 0xF4, 0x00, 0x00, 0x00, 0x00, 0x00, 0x6F, 0xFF, 0xFF, 0x80, 0x00, 0x00,
    0x0A, 0xFF, 0xFF, 0xF4, 0x00, 0x00, 0x00, 0x00, 0x00, 0x6F, 0xFF, 0xFF, 0x80, 0x00, 0x00, 0x0A,
    0xFF, 0xFF, 0xF4, 0x00, 0x00, 0x00, 0x00, 0x00, 0x6F, 0xFF, 0xFF, 0x80, 0x00, 0x00, 0x0A, 0xFF,
    0xFF, 0xF4, 0x00, 0x00, 0x00, 0x00, 0x00, 0x6F, 0xFF, 0xFF, 0x80, 0x00, 0x00, 0x0A, 0xFF, 0xFF,
    0xF4, 0x00, 0x00, 0x00, 0x00, 0x00, 0x6F, 0xFF, 0xFF, 0x80, 0x00, 0x00, 0x0A, 0xFF, 0xFF, 0xF4,
    0x00, 0x00, 0x00, 0x00, 0x00, 0x6F, 0xFF, 0xFF, 0x80, 0x00, 0x00, 0x0A, 0xFF, 0xFF, 0xF4, 0x2F,
    0xFF, 0xFF, 0xF0, 0x00, 0x26, 0xBD, 0xEE, 0xDA, 0x40, 0x00, 0x00, 0x2F, 0xFF, 0xFF, 0xF0, 0x08,
    0xFF, 0xFF, 0xFF, 0xFF, 0xFA, 0x10, 0x00, 0x2F, 0xFF, 0xFF, 0xF1, 0xBF, 0xFF, 0xFF, 0xFF, 0xFF,
    0xFF, 0xB0, 0x00, 0x2F, 0xFF, 0xFF, 0xFB, 0xFF, 0xFF, 0xFF, 0xFF, 0xFF, 0xFF, 0xF6, 0x00, 0x2F,
    0xFF, 0xFF, 0xFF, 0xFF, 0xFF, 0xFF, 0xFF, 0xFF, 0xFF, 0xFD, 0x00, 0x2F, 0xFF, 0xFF, 0xFF, 0xFD,
    0x62, 0x01, 0x6E, 0xFF, 0xFF, 0xFF, 0x30, 0x2F, 0xFF, 0xFF, 0xFF, 0xC1, 0x00, 0x00, 0x02, 0xEF,
    0xFF, 0xFF, 0x70, 0x2F, 0xFF, 0xFF, 0xFF, 0x20, 0x00, 0x00, 0x00, 0x9F, 0xFF, 0xFF, 0xA0, 0x2F,
    0xFF, 0xFF, 0xFA, 0x00, 0x00, 0x00, 0x00, 0x6F, 0xFF, 0xFF, 0xB0, 0x2F, 0xFF, 0xFF, 0xF5, 0x00,
    0x00, 0x00, 0x00, 0x4F, 0xFF, 0xFF, 0xC0, 0x2F, 0xFF, 0xFF, 0xF2, 0x00, 0x00, 0x00, 0x00, 0x3F,
    0xFF, 0xFF, 0xD0, 0x2F, 0xFF, 0xFF, 0xF0, 0x00, 0x00, 0x00, 0x00, 0x3F, 0xFF, 0xFF, 0xD0, 0x2F,
    0xFF, 0xFF, 0xF0, 0x00, 0x00, 0x00, 0x00, 0x2F, 0xFF, 0xFF, 0xD0, 0x2F, 0xFF, 0xFF, 0xF0, 0x00,
    0x00, 0x00, 0x00, 0x2F, 0xFF, 0xFF, 0xD0, 0x2F, 0xFF, 0xFF, 0xF0, 0x00, 0x00, 0x00, 0x00, 0x2F,
    0xFF, 0xFF, 0xD0, 0x2F, 0xFF, 0xFF, 0xF0, 0x00, 0x00, 0x00, 0x00, 0x2F, 0xFF, 0xFF, 0xD0, 0x2F,
    0xFF, 0xFF, 0xF0, 0x00, 0x00, 0x00, 0x00, 0x2F, 0xFF, 0xFF, 0xD0, 0x2F, 0xFF, 0xFF, 0xF0, 0x00,
    0x00, 0x00, 0x00, 0x2F, 0xFF, 0xFF, 0xD0, 0x2F, 0xFF, 0xFF, 0xF0, 0x00, 0x00, 0x00, 0x00, 0x2F,
    0xFF, 0xFF, 0xD0, 0x2F, 0xFF, 0xFF, 0xF0, 0x00, 0x00, 0x00, 0x00, 0x2F, 0xFF, 0xFF, 0xD0, 0x2F,
    0xFF, 0xFF, 0xF0, 0x00, 0x00, 0x00, 0x00, 0x2F, 0xFF, 0xFF, 0xD0, 0x2F, 0xFF, 0xFF, 0xF0, 0x00,
    0x00, 0x00, 0x00, 0x2F, 0xFF, 0xFF, 0xD0, 0x2F, 0xFF, 0xFF, 0xF0, 0x00, 0x00, 0x00, 0x00, 0x2F,
    0xFF, 0xFF, 0xD0, 0x2F, 0xFF, 0xFF, 0xF0, 0x00, 0x00, 0x00, 0x00, 0x4F, 0xFF, 0xFF, 0xC0, 0x2F,
    0xFF, 0xFF, 0xF0, 0x00, 0x00, 0x00, 0x00, 0x7F, 0xFF, 0xFF, 0xB0, 0x00, 0x00, 0x00, 0x00, 0x00,
    0x00, 0x00, 0x01, 0xEF, 0xFF, 0xFF, 0x90, 0x00, 0x00, 0x00, 0x00, 0x00, 0x00, 0x01, 0x5D, 0xFF,
    0xFF, 0xFF, 0x60, 0x00, 0x00, 0x00, 0x00, 0x00, 0x04, 0xFF, 0xFF, 0xFF, 0xFF, 0xFF, 0x10, 0x00,
    0x00, 0x00, 0x00, 0x00, 0x04, 0xFF, 0xFF, 0xFF, 0xFF, 0xF9, 0x00, 0x00, 0x00, 0x00, 0x00, 0x00,
    0x04, 0xFF, 0xFF, 0xFF, 0xFF, 0xC1, 0x00, 0x00, 0x00, 0x00, 0x00, 0x00, 0x04, 0xFF, 0xFF, 0xFF,
    0xE8, 0x00, 0x00, 0x00, 0x00, 0x00, 0x00, 0x00, 0x04, 0xFF, 0xEC, 0xA6, 0x10, 0x00, 0x00, 0x2F,
    0xFF, 0xFF, 0xC0, 0x03, 0x8D, 0xEE, 0xD9, 0x20, 0x00, 0x2F, 0xFF, 0xFF, 0xC0, 0x8F, 0xFF, 0xFF,
    0xFF, 0xF6, 0x00, 0x2F, 0xFF, 0xFF, 0xCA, 0xFF, 0xFF, 0xFF, 0xFF, 0xFF, 0x40, 0x2F, 0xFF, 0xFF,
    0xFF, 0xFF, 0xFF, 0xFF, 0xFF, 0xFF, 0xC0, 0x2F, 0xFF, 0xFF, 0xFF, 0xFF, 0xFF, 0xFF, 0xFF, 0xFF,
    0xF2, 0x2F, 0xFF, 0xFF, 0xFF, 0xB3, 0x02, 0x9F, 0xFF, 0xFF, 0xF5, 0x2F, 0xFF, 0xFF, 0xFC, 0x00,
    0x00, 0x0C, 0xFF, 0xFF, 0xF7, 0x2F, 0xFF, 0xFF, 0xF4, 0x00, 0x00, 0x08, 0xFF, 0xFF, 0xF8, 0x2F,
    0xFF, 0xFF, 0xE0, 0x00, 0x00, 0x07, 0xFF, 0xFF, 0xF8, 0x2F, 0xFF, 0xFF, 0xD0, 0x00, 0x00, 0x06,
    0xFF, 0xFF, 0xF8, 0x2F, 0xFF, 0xFF, 0xC0, 0x00, 0x00, 0x06, 0xFF, 0xFF, 0xF8, 0x2F, 0xFF, 0xFF,
    0xC0, 0x00, 0x00, 0x06, 0xFF, 0xFF, 0xF8, 0x2F, 0xFF, 0xFF, 0xC0, 0x00, 0x00, 0x06, 0xFF, 0xFF,
    0xF8, 0x2F, 0xFF, 0xFF, 0xC0, 0x00, 0x00, 0x06, 0xFF, 0xFF, 0xF8, 0x2F, 0xFF, 0xFF, 0xC0, 0x00,
    0x00, 0x06, 0xFF, 0xFF, 0xF8, 0x2F, 0xFF, 0xFF, 0xC0, 0x00, 0x00, 0x06, 0xFF, 0xFF, 0xF8, 0x2F,
    0xFF, 0xFF, 0xC0, 0x00, 0x00, 0x06, 0xFF, 0xFF, 0xF8, 0x2F, 0xFF, 0xFF, 0xC0, 0x00, 0x00, 0x06,
    0xFF, 0xFF, 0xF8, 0x2F, 0xFF, 0xFF, 0xC0, 0x00, 0x00, 0x06, 0xFF, 0xFF, 0xF8, 0x00, 0x00, 0x00,
    0x00, 0x00, 0x00, 0x07, 0xFF, 0xFF, 0xF7, 0x00, 0x00, 0x00, 0x00, 0x00, 0x00, 0x0A, 0xFF, 0xFF,
    0xF5, 0x00, 0x00, 0x00, 0x00, 0x00, 0x01, 0x6F, 0xFF, 0xFF, 0xF2, 0x00, 0x00, 0x00, 0x02, 0xFF,
    0xFF, 0xFF, 0xFF, 0xFF, 0xB0, 0x00, 0x00, 0x00, 0x02, 0xFF, 0xFF, 0xFF, 0xFF, 0xFE, 0x20, 0x00,
    0x00, 0x00, 0x02, 0xFF, 0xFF, 0xFF, 0xFF, 0xE4, 0x00, 0x00, 0x00, 0x00, 0x02, 0xFF, 0xFF, 0xFE,
    0xC7, 0x10, 0x00, 0x00, 0x00, 0x00, 0x00, 0xCF, 0xFF, 0xFF, 0xFF, 0xFF, 0xA0, 0x00, 0x00, 0x00,
    0x00, 0x00, 0x00, 0x00, 0x00, 0xCF, 0xFF, 0xFF, 0xFF, 0xFF, 0xA0, 0x00, 0x00, 0x00, 0x00, 0x00,
    0x00, 0x00, 0x00, 0xCF, 0xFF, 0xFF, 0xFF, 0xFF, 0xA0, 0x00, 0x00, 0x00, 0x00, 0x00, 0x00, 0x00,
    0x00, 0x00, 0x00, 0x00, 0x00, 0x00, 0x00, 0x00, 0x00, 0x00, 0x00, 0x00, 0x00, 0x00, 0x00, 0x00,
    0x00, 0x00, 0x00, 0x00, 0x00, 0x00, 0x00, 0x00, 0x00, 0x00, 0x00, 0x00, 0x00, 0x00, 0x00, 0x00,
    0x00, 0x00, 0x00, 0x00, 0x00, 0x00, 0x00, 0x00, 0x00, 0x00, 0x00, 0x48, 0xBD, 0xEF, 0xED, 0xB7,
    0x30, 0x00, 0x00, 0x00, 0x00, 0x00, 0x00, 0x00, 0x6D, 0xFF, 0xFF, 0xFF, 0xFF, 0xFF, 0xFC, 0x50,
    0x00, 0x00, 0x00, 0x00, 0x00, 0x1B, 0xFF, 0xFF, 0xFF, 0xFF, 0xFF, 0xFF, 0xFF, 0xFA, 0x10, 0x00,
    0x00, 0x00, 0x02, 0xEF, 0xFF, 0xFF, 0xFF, 0xFF, 0xFF, 0xFF, 0xFF, 0xFF, 0xD1, 0x00, 0x00, 0x00,
    0x1C, 0xFF, 0xFF, 0xFF, 0xFF, 0xFF, 0xFF, 0xFF, 0xFF, 0xFF, 0xFB, 0x00, 0x00, 0x00, 0x9F, 0xFF,
    0xFF, 0xFF, 0xA4, 0x10, 0x15, 0xBF, 0xFF, 0xFF, 0xFF, 0x70, 0x00, 0x02, 0xFF, 0xFF, 0xFF, 0xF6,
    0x00, 0x00, 0x00, 0x07, 0xFF, 0xFF, 0xFF, 0xE1, 0x00, 0x08, 0xFF, 0xFF, 0xFF, 0x80, 0x00, 0x00,
    0x00, 0x00, 0xAF, 0xFF, 0xFF, 0xF6, 0x00, 0x0C, 0xFF, 0xFF, 0xFE, 0x10, 0x00, 0x00, 0x00, 0x00,
    0x2F, 0xFF, 0xFF, 0xFA, 0x00, 0x1F, 0xFF, 0xFF, 0xFA, 0x00, 0x00, 0x00, 0x00, 0x00, 0x0C, 0xFF,
    0xFF, 0xFE, 0x00, 0x2F, 0xFF, 0xFF, 0xF7, 0x00, 0x00, 0x00, 0x00, 0x00, 0x08, 0xFF, 0xFF, 0xFF,
    0x00, 0x4F, 0xFF, 0xFF, 0xF5, 0x00, 0x00, 0x00, 0x00, 0x00, 0x07, 0xFF, 0xFF, 0xFF, 0x20, 0x4F,
    0xFF, 0xFF, 0xF5, 0x00, 0x00, 0x00, 0x00, 0x00, 0x06, 0xFF, 0xFF, 0xFF, 0x20, 0x4F, 0xFF, 0xFF,
    0xF5, 0x00, 0x00, 0x00, 0x00, 0x00, 0x07, 0xFF, 0xFF, 0xFF, 0x20, 0x2F, 0xFF, 0xFF, 0xF7, 0x00,
    0x00, 0x00, 0x00, 0x00, 0x08, 0xFF, 0xFF, 0xFF, 0x00, 0x1F, 0xFF, 0xFF, 0xFA, 0x00, 0x00, 0x00,
    0x00, 0x00, 0x0C, 0xFF, 0xFF, 0xFE, 0x00, 0x0C, 0xFF, 0xFF, 0xFE, 0x10, 0x00, 0x00, 0x00, 0x00,
    0x2F, 0xFF, 0xFF, 0xFA, 0x00, 0x08, 0xFF, 0xFF, 0xFF, 0x80, 0x00, 0x00, 0x00, 0x00, 0xAF, 0xFF,
    0xFF, 0xF6, 0x00, 0x02, 0xFF, 0xFF, 0xFF, 0xF6, 0x00, 0x00, 0x00, 0x07, 0xFF, 0xFF, 0xFF, 0xE1,
    0x00, 0x00, 0x9F, 0xFF, 0xFF, 0xFF, 0xA4, 0x10, 0x15, 0xBF, 0xFF, 0xFF, 0xFF, 0x70, 0x00, 0x00,
    0x1C, 0xFF, 0xFF, 0xFF, 0xFF, 0xFF, 0xFF, 0xFF, 0xFF, 0xFF, 0xFB, 0x00, 0x00, 0x00, 0x02, 0xEF,
    0xFF, 0xFF, 0xFF, 0xFF, 0xFF, 0xFF, 0xFF, 0xFF, 0xD1, 0x00, 0x00, 0x00, 0x00, 0x1C, 0xFF, 0xFF,
    0xFF, 0xFF, 0xFF, 0xFF, 0xFF, 0xFA, 0x10, 0x00, 0x00, 0x00, 0x00, 0x00, 0x6D, 0xFF, 0xFF, 0xFF,
    0xFF, 0xFF, 0xFC, 0x50, 0x00, 0x00, 0x00, 0x00, 0x00, 0x00, 0x00, 0x48, 0xBD, 0xEF, 0xED, 0xB7,
    0x30, 0x00, 0x00, 0x00, 0x00, 0x00, 0x00, 0x08, 0xFF, 0xFF, 0xFF, 0xFF, 0xFE, 0x00, 0x00, 0x00,
    0x00, 0x00, 0x08, 0xFF, 0xFF, 0xFF, 0xFF, 0xFE, 0x00, 0x00, 0x00, 0x00, 0x00, 0x08, 0xFF, 0xFF,
    0xFF, 0xFF, 0xFE, 0x00, 0x00, 0x00, 0x00, 0x00, 0x00, 0x00, 0x00, 0x00, 0x00, 0x00, 0x00, 0x00,
    0x00, 0x00, 0x00, 0x00, 0x00, 0x00, 0x00, 0x00, 0x00, 0x00, 0x00, 0x00, 0x00, 0x00, 0x00, 0x00,
    0x00, 0x00, 0x00, 0x00, 0x00, 0x00, 0x00, 0x00, 0x00, 0x00, 0x00, 0x00, 0x00, 0x00, 0x00, 0x00,
    0x00, 0x00, 0x00, 0x00, 0x01, 0x69, 0xCE, 0xFE, 0xDB, 0x72, 0x00, 0x00, 0x00, 0x00, 0x00, 0x7E,
    0xFF, 0xFF, 0xFF, 0xFF, 0xFF, 0xA1, 0x00, 0x00, 0x00, 0x0B, 0xFF, 0xFF, 0xFF, 0xFF, 0xFF, 0xFF,
    0xFD, 0x30, 0x00, 0x00, 0xAF, 0xFF, 0xFF, 0xFF, 0xFF, 0xFF, 0xFF, 0xFF, 0xE2, 0x00, 0x05, 0xFF,
    0xFF, 0xFF, 0xA3, 0x01, 0x7E, 0xFF, 0xFF, 0xFA, 0x00, 0x0C, 0xFF, 0xFF, 0xFA, 0x00, 0x00, 0x05,
    0xFF, 0xFF, 0xFF, 0x30, 0x2F, 0xFF, 0xFF, 0xF2, 0x00, 0x00, 0x00, 0xCF, 0xFF, 0xFF, 0x70, 0x5F,
    0xFF, 0xFF, 0xD0, 0x00, 0x00, 0x00, 0x7F, 0xFF, 0xFF, 0xB0, 0x7F, 0xFF, 0xFF, 0xB0, 0x00, 0x00,
    0x00, 0x5F, 0xFF, 0xFF, 0xC0, 0x8F, 0xFF, 0xFF, 0xA0, 0x00, 0x00, 0x00, 0x5F, 0xFF, 0xFF, 0xD0,
    0x7F, 0xFF, 0xFF, 0xB0, 0x00, 0x00, 0x00, 0x5F, 0xFF, 0xFF, 0xC0, 0x5F, 0xFF, 0xFF, 0xD0, 0x00,
    0x00, 0x00, 0x7F, 0xFF, 0xFF, 0xB0, 0x2F, 0xFF, 0xFF, 0xF2, 0x00, 0x00, 0x00, 0xCF, 0xFF, 0xFF,
    0x70, 0x0C, 0xFF, 0xFF, 0xFA, 0x00, 0x00, 0x05, 0xFF, 0xFF, 0xFF, 0x30, 0x05, 0xFF, 0xFF, 0xFF,
    0xA3, 0x01, 0x6E, 0xFF, 0xFF, 0xFA, 0x00, 0x00, 0xAF, 0xFF, 0xFF, 0xFF, 0xFF, 0xFF, 0xFF, 0xFF,
    0xE2, 0x00, 0x00, 0x0B, 0xFF, 0xFF, 0xFF, 0xFF, 0xFF, 0xFF, 0xFE, 0x30, 0x00, 0x00, 0x00, 0x7E,
    0xFF, 0xFF, 0xFF, 0xFF, 0xFF, 0xA1, 0x00, 0x00, 0x00, 0x00, 0x01, 0x69, 0xDE, 0xFE, 0xDB, 0x72,
    0x00, 0x00, 0x00, 0x00, 0x00, 0x00, 0x02, 0xFF, 0x60, 0x00, 0x00, 0xBF, 0xC0, 0x00, 0x00, 0x00,
    0x00, 0x00, 0x00, 0x00, 0x00, 0xCF, 0xE6, 0x10, 0x29, 0xFF, 0x70, 0x00, 0x00, 0x00, 0x00, 0x00,
    0x00, 0x00, 0x00, 0x2E, 0xFF, 0xFF, 0xFF, 0xFB, 0x00, 0x00, 0x00, 0x00, 0x00, 0x00, 0x00, 0x00,
    0x00, 0x01, 0x8C, 0xEF, 0xEB, 0x60, 0x00, 0x00, 0x00, 0x00, 0x00, 0x00, 0x00, 0x00, 0x00, 0x00,
    0x00, 0x00, 0x00, 0x00, 0x00, 0x00, 0x00, 0x00, 0x00, 0x00, 0x00, 0x00, 0x00, 0x00, 0x00, 0x00,
    0x00, 0x00, 0x00, 0x00, 0x00, 0x00, 0x00, 0x00, 0x00, 0x00, 0x00, 0x48, 0xBD, 0xEF, 0xED, 0xB7,
    0x30, 0x00, 0x00, 0x00, 0x00, 0x00, 0x00, 0x00, 0x6D, 0xFF, 0xFF, 0xFF, 0xFF, 0xFF, 0xFC, 0x50,
    0x00, 0x00, 0x00, 0x00, 0x00, 0x1B, 0xFF, 0xFF, 0xFF, 0xFF, 0xFF, 0xFF, 0xFF, 0xFA, 0x10, 0x00,
    0x00, 0x00, 0x02, 0xEF, 0xFF, 0xFF, 0xFF, 0xFF, 0xFF, 0xFF, 0xFF, 0xFF, 0xD1, 0x00, 0x00, 0x00,
    0x1C, 0xFF, 0xFF, 0xFF, 0xFF, 0xFF, 0xFF, 0xFF, 0xFF, 0xFF, 0xFB, 0x00, 0x00, 0x00, 0x9F, 0xFF,
    0xFF, 0xFF, 0xA4, 0x10, 0x15, 0xBF, 0xFF, 0xFF, 0xFF, 0x70, 0x00, 0x02, 0xFF, 0xFF, 0xFF, 0xF6,
    0x00, 0x00, 0x00, 0x07, 0xFF, 0xFF, 0xFF, 0xE1, 0x00, 0x08, 0xFF, 0xFF, 0xFF, 0x80, 0x00, 0x00,
    0x00, 0x00, 0xAF, 0xFF, 0xFF, 0xF6, 0x00, 0x0C, 0xFF, 0xFF, 0xFE, 0x10, 0x00, 0x00, 0x00, 0x00,
    0x2F, 0xFF, 0xFF, 0xFA, 0x00, 0x1F, 0xFF, 0xFF, 0xFA, 0x00, 0x00, 0x00, 0x00, 0x00, 0x0C, 0xFF,
    0xFF, 0xFE, 0x00, 0x2F, 0xFF, 0xFF, 0xF7, 0x00, 0x00, 0x00, 0x00, 0x00, 0x08, 0xFF, 0xFF, 0xFF,
    0x00, 0x4F, 0xFF, 0xFF, 0xF5, 0x00, 0x00, 0x00, 0x00, 0x00, 0x07, 0xFF, 0xFF, 0xFF, 0x20, 0x4F,
    0xFF, 0xFF, 0xF5, 0x00, 0x00, 0x00, 0x00, 0x00, 0x06, 0xFF, 0xFF, 0xFF, 0x20, 0x4F, 0xFF, 0xFF,
    0xF5, 0x00, 0x00, 0x00, 0x00, 0x00, 0x07, 0xFF, 0xFF, 0xFF, 0x20, 0x2F, 0xFF, 0xFF, 0xF7, 0x00,
    0x00, 0x00, 0x00, 0x00, 0x08, 0xFF, 0xFF, 0xFF, 0x00, 0x1F, 0xFF, 0xFF, 0xFA, 0x00, 0x00, 0x00,
    0x00, 0x00, 0x0C, 0xFF, 0xFF, 0xFE, 0x00, 0x0C, 0xFF, 0xFF, 0xFE, 0x10, 0x00, 0x00, 0x00, 0x00,
    0x2F, 0xFF, 0xFF, 0xFA, 0x00, 0x08, 0xFF, 0xFF, 0xFF, 0x80, 0x00, 0x00, 0x00, 0x00, 0xAF, 0xFF,
    0xFF, 0xF6, 0x00, 0x02, 0xFF, 0xFF, 0xFF, 0xF6, 0x00, 0x00, 0x00, 0x07, 0xFF, 0xFF, 0xFF, 0xE1,
    0x00, 0x00, 0x9F, 0xFF, 0xFF, 0xFF, 0xA4, 0x10, 0x15, 0xBF, 0xFF, 0xFF, 0xFF, 0x70, 0x00, 0x00,
    0x1C, 0xFF, 0xFF, 0xFF, 0xFF, 0xFF, 0xFF, 0xFF, 0xFF, 0xFF, 0xFB, 0x00, 0x00, 0x00, 0x02, 0xEF,
    0xFF, 0xFF, 0xFF, 0xFF, 0xFF, 0xFF, 0xFF, 0xFF, 0xD1, 0x00, 0x00, 0x00, 0x00, 0x1C, 0xFF, 0xFF,
    0xFF, 0xFF, 0xFF, 0xFF, 0xFF, 0xFA, 0x10, 0x00, 0x00, 0x00, 0x00, 0x00, 0x6D, 0xFF, 0xFF, 0xFF,
    0xFF, 0xFF, 0xFC, 0x50, 0x00, 0x00, 0x00, 0x00, 0x00, 0x00, 0x00, 0x48, 0xBD, 0xEF, 0xED, 0xB7,
    0x30, 0x00, 0x00, 0x00, 0x00, 0x00, 0x00, 0x0D, 0xFA, 0x00, 0x00, 0x05, 0xFF, 0x30, 0x00, 0x00,
    0x00, 0x00, 0x0A, 0xFF, 0x82, 0x01, 0x6E, 0xFF, 0x10, 0x00, 0x00, 0x00, 0x00, 0x04, 0xFF, 0xFF,
    0xFF, 0xFF, 0xF9, 0x00, 0x00, 0x00, 0x00, 0x00, 0x00, 0x8F, 0xFF, 0xFF, 0xFF, 0xC1, 0x00, 0x00,
    0x00, 0x00, 0x00, 0x00, 0x04, 0xAE, 0xFE, 0xC7, 0x00, 0x00, 0x00, 0x00, 0x00, 0x00, 0x00, 0x00,
    0x00, 0x00, 0x00, 0x00, 0x00, 0x00, 0x00, 0x00, 0x00, 0x00, 0x00, 0x00, 0x00, 0x00, 0x00, 0x00,
    0x00, 0x00, 0x00, 0x00, 0x00, 0x00, 0x00, 0x00, 0x00, 0x00, 0x00, 0x00, 0x00, 0x00, 0x00, 0x01,
    0x69, 0xCE, 0xFE, 0xDB, 0x72, 0x00, 0x00, 0x00, 0x00, 0x00, 0x7E, 0xFF, 0xFF, 0xFF, 0xFF, 0xFF,
    0xA1, 0x00, 0x00, 0x00, 0x0B, 0xFF, 0xFF, 0xFF, 0xFF, 0xFF, 0xFF, 0xFD, 0x30, 0x00, 0x00, 0xAF,
    0xFF, 0xFF, 0xFF, 0xFF, 0xFF, 0xFF, 0xFF, 0xE2, 0x00, 0x05, 0xFF, 0xFF, 0xFF, 0xA3, 0x01, 0x7E,
    0xFF, 0xFF, 0xFA, 0x00, 0x0C, 0xFF, 0xFF, 0xFA, 0x00, 0x00, 0x05, 0xFF, 0xFF, 0xFF, 0x30, 0x2F,
    0xFF, 0xFF, 0xF2, 0x00, 0x00, 0x00, 0xCF, 0xFF, 0xFF, 0x70, 0x5F, 0xFF, 0xFF, 0xD0, 0x00, 0x00,
    0x00, 0x7F, 0xFF, 0xFF, 0xB0, 0x7F, 0xFF, 0xFF, 0xB0, 0x00, 0x00, 0x00, 0x5F, 0xFF, 0xFF, 0xC0,
    0x8F, 0xFF, 0xFF, 0xA0, 0x00, 0x00, 0x00, 0x5F, 0xFF, 0xFF, 0xD0, 0x7F, 0xFF, 0xFF, 0xB0, 0x00,
    0x00, 0x00, 0x5F, 0xFF, 0xFF, 0xC0, 0x5F, 0xFF, 0xFF, 0xD0, 0x00, 0x00, 0x00, 0x7F, 0xFF, 0xFF,
    0xB0, 0x2F, 0xFF, 0xFF, 0xF2, 0x00, 0x00, 0x00, 0xCF, 0xFF, 0xFF, 0x70, 0x0C, 0xFF, 0xFF, 0xFA,
    0x00, 0x00, 0x05, 0xFF, 0xFF, 0xFF, 0x30, 0x05, 0xFF, 0xFF, 0xFF, 0xA3, 0x01, 0x6E, 0xFF, 0xFF,
    0xFA, 0x00, 0x00, 0xAF, 0xFF, 0xFF, 0xFF, 0xFF, 0xFF, 0xFF, 0xFF, 0xE2, 0x00, 0x00, 0x0B, 0xFF,
    0xFF, 0xFF, 0xFF, 0xFF, 0xFF, 0xFE, 0x30, 0x00, 0x00, 0x00, 0x7E, 0xFF, 0xFF, 0xFF, 0xFF, 0xFF,
    0xA1, 0x00, 0x00, 0x00, 0x00, 0x01, 0x69, 0xDE, 0xFE, 0xDB, 0x72, 0x00, 0x00, 0x00, 0x00, 0x00,
    0x00, 0x00, 0x01, 0xDF, 0xFF, 0x90, 0xBF, 0xFF, 0xB1, 0x00, 0x00, 0x00, 0x00, 0x00, 0x00, 0x00,
    0x0B, 0xFF, 0xF6, 0x08, 0xFF, 0xF9, 0x00, 0x00, 0x00, 0x00, 0x00, 0x00, 0x00, 0x00, 0x9F, 0xFE,
    0x40, 0x5F, 0xFF, 0x70, 0x00, 0x00, 0x00, 0x00, 0x00, 0x00, 0x00, 0x06, 0xFF, 0xD3, 0x03, 0xEF,
    0xE5, 0x00, 0x00, 0x00, 0x00, 0x00, 0x00, 0x00, 0x00, 0x00, 0x00, 0x00, 0x00, 0x00, 0x00, 0x00,
    0x00, 0x00, 0x00, 0x00, 0x00, 0x00, 0x00, 0x00, 0x00, 0x00, 0x00, 0x00, 0x00, 0x00, 0x00, 0x00,
    0x00, 0x00, 0x00, 0x00, 0x00, 0x00, 0x48, 0xBD, 0xEF, 0xED, 0xB7, 0x30, 0x00, 0x00, 0x00, 0x00,
    0x00, 0x00, 0x00, 0x6D, 0xFF, 0xFF, 0xFF, 0xFF, 0xFF, 0xFC, 0x50, 0x00, 0x00, 0x00, 0x00, 0x00,
    0x1B, 0xFF, 0xFF, 0xFF, 0xFF, 0xFF, 0xFF, 0xFF, 0xFA, 0x10, 0x00, 0x00, 0x00, 0x02, 0xEF, 0xFF,
    0xFF, 0xFF, 0xFF, 0xFF, 0xFF, 0xFF, 0xFF, 0xD1, 0x00, 0x00, 0x00, 0x1C, 0xFF, 0xFF, 0xFF, 0xFF,
    0xFF, 0xFF, 0xFF, 0xFF, 0xFF, 0xFB, 0x00, 0x00, 0x00, 0x9F, 0xFF, 0xFF, 0xFF, 0xA4, 0x10, 0x15,
    0xBF, 0xFF, 0xFF, 0xFF, 0x70, 0x00, 0x02, 0xFF, 0xFF, 0xFF, 0xF6, 0x00, 0x00, 0x00, 0x07, 0xFF,
    0xFF, 0xFF, 0xE1, 0x00, 0x08, 0xFF, 0xFF, 0xFF, 0x80, 0x00, 0x00, 0x00, 0x00, 0xAF, 0xFF, 0xFF,
    0xF6, 0x00, 0x0C, 0xFF, 0xFF, 0xFE, 0x10, 0x00, 0x00, 0x00, 0x00, 0x2F, 0xFF, 0xFF, 0xFA, 0x00,
    0x1F, 0xFF, 0xFF, 0xFA, 0x00, 0x00, 0x00, 0x00, 0x00, 0x0C, 0xFF, 0xFF, 0xFE, 0x00, 0x2F, 0xFF,
    0xFF, 0xF7, 0x00, 0x00, 0x00, 0x00, 0x00, 0x08, 0xFF, 0xFF, 0xFF, 0x00, 0x4F, 0xFF, 0xFF, 0xF5,
    0x00, 0x00, 0x00, 0x00, 0x00, 0x07, 0xFF, 0xFF, 0xFF, 0x20, 0x4F, 0xFF, 0xFF, 0xF5, 0x00, 0x00,
    0x00, 0x00, 0x00, 0x06, 0xFF, 0xFF, 0xFF, 0x20, 0x4F, 0xFF, 0xFF, 0xF5, 0x00, 0x00, 0x00, 0x00,
    0x00, 0x07, 0xFF, 0xFF, 0xFF, 0x20, 0x2F, 0xFF, 0xFF, 0xF7, 0x00, 0x00, 0x00, 0x00, 0x00, 0x08,
    0xFF, 0xFF, 0xFF, 0x00, 0x1F, 0xFF, 0xFF, 0xFA, 0x00, 0x00, 0x00, 0x00, 0x00, 0x0C, 0xFF, 0xFF,
    0xFE, 0x00, 0x0C, 0xFF, 0xFF, 0xFE, 0x10, 0x00, 0x00, 0x00, 0x00, 0x2F, 0xFF, 0xFF, 0xFA, 0x00,
    0x08, 0xFF, 0xFF, 0xFF, 0x80, 0x00, 0x00, 0x00, 0x00, 0xAF, 0xFF, 0xFF, 0xF6, 0x00, 0x02, 0xFF,
    0xFF, 0xFF, 0xF6, 0x00, 0x00, 0x00, 0x07, 0xFF, 0xFF, 0xFF, 0xE1, 0x00, 0x00, 0x9F, 0xFF, 0xFF,
    0xFF, 0xA4, 0x10, 0x15, 0xBF, 0xFF, 0xFF, 0xFF, 0x70, 0x00, 0x00, 0x1C, 0xFF, 0xFF, 0xFF, 0xFF,
    0xFF, 0xFF, 0xFF, 0xFF, 0xFF, 0xFB, 0x00, 0x00, 0x00, 0x02, 0xEF, 0xFF, 0xFF, 0xFF, 0xFF, 0xFF,
    0xFF, 0xFF, 0xFF, 0xD1, 0x00, 0x00, 0x00, 0x00, 0x1C, 0xFF, 0xFF, 0xFF, 0xFF, 0xFF, 0xFF, 0xFF,
    0xFA, 0x10, 0x00, 0x00, 0x00, 0x00, 0x00, 0x6D, 0xFF, 0xFF, 0xFF, 0xFF, 0xFF, 0xFC, 0x50, 0x00,
    0x00, 0x00, 0x00, 0x00, 0x00, 0x00, 0x48, 0xBD, 0xEF, 0xED, 0xB7, 0x30, 0x00, 0x00, 0x00, 0x00,
    0x00, 0x00, 0x00, 0x00, 0x4F, 0xFF, 0x40, 0x4F, 0xFF, 0x70, 0x00, 0x00, 0x00, 0x00, 0x00, 0xCF,
    0xF8, 0x00, 0xDF, 0xFB, 0x00, 0x00, 0x00, 0x00, 0x00, 0x05, 0xFF, 0xD0, 0x07, 0xFF, 0xD1, 0x00,
    0x00, 0x00, 0x00, 0x00, 0x0D, 0xFF, 0x30, 0x2E, 0xFF, 0x30, 0x00, 0x00, 0x00, 0x00, 0x00, 0x6F,
    0xF7, 0x00, 0xAF, 0xF7, 0x00, 0x00, 0x00, 0x00, 0x00, 0x01, 0xEF, 0xC0, 0x04, 0xFF, 0xB0, 0x00,
    0x00, 0x00, 0x00, 0x00, 0x00, 0x00, 0x00, 0x00, 0x00, 0x00, 0x00, 0x00, 0x00, 0x00, 0x00, 0x00,
    0x00, 0x00, 0x00, 0x00, 0x00, 0x00, 0x00, 0x00, 0x00, 0x00, 0x01, 0x69, 0xCE, 0xFE, 0xDB, 0x72,
    0x00, 0x00, 0x00, 0x00, 0x00, 0x7E, 0xFF, 0xFF, 0xFF, 0xFF, 0xFF, 0xA1, 0x00, 0x00, 0x00, 0x0B,
    0xFF, 0xFF, 0xFF, 0xFF, 0xFF, 0xFF, 0xFD, 0x30, 0x00, 0x00, 0xAF, 0xFF, 0xFF, 0xFF, 0xFF, 0xFF,
    0xFF, 0xFF, 0xE2, 0x00, 0x05, 0xFF, 0xFF, 0xFF, 0xA3, 0x01, 0x7E, 0xFF, 0xFF, 0xFA, 0x00, 0x0C,
    0xFF, 0xFF, 0xFA, 0x00, 0x00, 0x05, 0xFF, 0xFF, 0xFF, 0x30, 0x2F, 0xFF, 0xFF, 0xF2, 0x00, 0x00,
    0x00, 0xCF, 0xFF, 0xFF, 0x70, 0x5F, 0xFF, 0xFF, 0xD0, 0x00, 0x00, 0x00, 0x7F, 0xFF, 0xFF, 0xB0,
    0x7F, 0xFF, 0xFF, 0xB0, 0x00, 0x00, 0x00, 0x5F, 0xFF, 0xFF, 0xC0, 0x8F, 0xFF, 0xFF, 0xA0, 0x00,
    0x00, 0x00, 0x5F, 0xFF, 0xFF, 0xD0, 0x7F, 0xFF, 0xFF, 0xB0, 0x00, 0x00, 0x00, 0x5F, 0xFF, 0xFF,
    0xC0, 0x5F, 0xFF, 0xFF, 0xD0, 0x00, 0x00, 0x00, 0x7F, 0xFF, 0xFF, 0xB0, 0x2F, 0xFF, 0xFF, 0xF2,
    0x00, 0x00, 0x00, 0xCF, 0xFF, 0xFF, 0x70, 0x0C, 0xFF, 0xFF, 0xFA, 0x00, 0x00, 0x05, 0xFF, 0xFF,
    0xFF, 0x30, 0x05, 0xFF, 0xFF, 0xFF, 0xA3, 0x01, 0x6E, 0xFF, 0xFF, 0xFA, 0x00, 0x00, 0xAF, 0xFF,
    0xFF, 0xFF, 0xFF, 0xFF, 0xFF, 0xFF, 0xE2, 0x00, 0x00, 0x0B, 0xFF, 0xFF, 0xFF, 0xFF, 0xFF, 0xFF,
    0xFE, 0x30, 0x00, 0x00, 0x00, 0x7E, 0xFF, 0xFF, 0xFF, 0xFF, 0xFF, 0xA1, 0x00, 0x00, 0x00, 0x00,
    0x01, 0x69, 0xDE, 0xFE, 0xDB, 0x72, 0x00, 0x00, 0x00, 0x00, 0x00, 0x00, 0x00, 0x03, 0x7A, 0xCD,
    0xEF, 0xFF, 0xFF, 0xFF, 0xFF, 0xFF, 0xFF, 0xFF, 0xFF, 0xFF, 0xFC, 0x00, 0x00, 0x00, 0x00, 0x17,
    0xDF, 0xFF, 0xFF, 0xFF, 0xFF, 0xFF, 0xFF, 0xFF, 0xFF, 0xFF, 0xFF, 0xFF, 0xFF, 0xFC, 0x00, 0x00,
    0x00, 0x05, 0xEF, 0xFF, 0xFF, 0xFF, 0xFF, 0xFF, 0xFF, 0xFF, 0xFF, 0xFF, 0xFF, 0xFF, 0xFF, 0xFF,
    0xFC, 0x00, 0x00, 0x00, 0x9F, 0xFF, 0xFF, 0xFF, 0xFF, 0xFF, 0xFF, 0xFF, 0xFF, 0xFF, 0xFF, 0xFF,
    0xFF, 0xFF, 0xFF, 0xFC, 0x00, 0x00, 0x09, 0xFF, 0xFF, 0xFF, 0xFF, 0xFF, 0xFF, 0xFF, 0xFF, 0xFF,
    0xFF, 0xFF, 0xFF, 0xFF, 0xFF, 0xFF, 0xFC, 0x00, 0x00, 0x6F, 0xFF, 0xFF, 0xFF, 0xFD, 0x85, 0x21,
    0x00, 0x6F, 0xFF, 0xFF, 0xF0, 0x00, 0x00, 0x00, 0x00, 0x00, 0x00, 0x01, 0xEF, 0xFF, 0xFF, 0xFE,
    0x50, 0x00, 0x00, 0x00, 0x6F, 0xFF, 0xFF, 0xF0, 0x00, 0x00, 0x00, 0x00, 0x00, 0x00, 0x06, 0xFF,
    0xFF, 0xFF, 0xD2, 0x00, 0x00, 0x00, 0x00, 0x6F, 0xFF, 0xFF, 0xF0, 0x00, 0x00, 0x00, 0x00, 0x00,
    0x00, 0x0B, 0xFF, 0xFF, 0xFF, 0x40, 0x00, 0x00, 0x00, 0x00, 0x6F, 0xFF, 0xFF, 0xF0, 0x00, 0x00,
    0x00, 0x00, 0x00, 0x00, 0x1F, 0xFF, 0xFF, 0xFC, 0x00, 0x00, 0x00, 0x00, 0x00, 0x6F, 0xFF, 0xFF,
    0xFF, 0xFF, 0xFF, 0xFF, 0xFF, 0xF3, 0x00, 0x2F, 0xFF, 0xFF, 0xF8, 0x00, 0x00, 0x00, 0x00, 0x00,
    0x6F, 0xFF, 0xFF, 0xFF, 0xFF, 0xFF, 0xFF, 0xFF, 0xF3, 0x00, 0x3F, 0xFF, 0xFF, 0xF6, 0x00, 0x00,
    0x00, 0x00, 0x00, 0x6F, 0xFF, 0xFF, 0xFF, 0xFF, 0xFF, 0xFF, 0xFF, 0xF3, 0x00, 0x4F, 0xFF, 0xFF,
    0xF5, 0x00, 0x00, 0x00, 0x00, 0x00, 0x6F, 0xFF, 0xFF, 0xFF, 0xFF, 0xFF, 0xFF, 0xFF, 0xF3, 0x00,
    0x3F, 0xFF, 0xFF, 0xF6, 0x00, 0x00, 0x00, 0x00, 0x00, 0x6F, 0xFF, 0xFF, 0xFF, 0xFF, 0xFF, 0xFF,
    0xFF, 0xF3, 0x00, 0x2F, 0xFF, 0xFF, 0xF8, 0x00, 0x00, 0x00, 0x00, 0x00, 0x6F, 0xFF, 0xFF, 0xF0,
    0x00, 0x00, 0x00, 0x00, 0x00, 0x00, 0x0F, 0xFF, 0xFF, 0xFC, 0x00, 0x00, 0x00, 0x00, 0x00, 0x6F,
    0xFF, 0xFF, 0xF0, 0x00, 0x00, 0x00, 0x00, 0x00, 0x00, 0x0B, 0xFF, 0xFF, 0xFF, 0x50, 0x00, 0x00,
    0x00, 0x00, 0x6F, 0xFF, 0xFF, 0xF0, 0x00, 0x00, 0x00, 0x00, 0x00, 0x00, 0x06, 0xFF, 0xFF, 0xFF,
    0xE2, 0x00, 0x00, 0x00, 0x00, 0x6F, 0xFF, 0xFF, 0xF0, 0x00, 0x00, 0x00, 0x00, 0x00, 0x00, 0x01,
    0xDF, 0xFF, 0xFF, 0xFE, 0x60, 0x00, 0x00, 0x00, 0x6F, 0xFF, 0xFF, 0xF0, 0x00, 0x00, 0x00, 0x00,
    0x00, 0x00, 0x00, 0x6F, 0xFF, 0xFF, 0xFF, 0xFD, 0x85, 0x21, 0x00, 0x6F, 0xFF, 0xFF, 0xF0, 0x00,
    0x00, 0x00, 0x00, 0x00, 0x00, 0x00, 0x09, 0xFF, 0xFF, 0xFF, 0xFF, 0xFF, 0xFF, 0xFF, 0xFF, 0xFF,
    0xFF, 0xFF, 0xFF, 0xFF, 0xFF, 0xFF, 0xFF, 0x30, 0x00, 0x00, 0x9F, 0xFF, 0xFF, 0xFF, 0xFF, 0xFF,
    0xFF, 0xFF, 0xFF, 0xFF, 0xFF, 0xFF, 0xFF, 0xFF, 0xFF, 0xFF, 0x30, 0x00, 0x00, 0x05, 0xEF, 0xFF,
    0xFF, 0xFF, 0xFF, 0xFF, 0xFF, 0xFF, 0xFF, 0xFF, 0xFF, 0xFF, 0xFF, 0xFF, 0xFF, 0x30, 0x00, 0x00,
    0x00, 0x17, 0xDF, 0xFF, 0xFF, 0xFF, 0xFF, 0xFF, 0xFF, 0xFF, 0xFF, 0xFF, 0xFF, 0xFF, 0xFF, 0xFF,
    0x30, 0x00, 0x00, 0x00, 0x00, 0x03, 0x7A, 0xCD, 0xEF, 0xFF, 0xFF, 0xFF, 0xFF, 0xFF, 0xFF, 0xFF,
    0xFF, 0xFF, 0xFF, 0x30, 0x00, 0x00, 0x01, 0x69, 0xCE, 0xFE, 0xD9, 0x50, 0x00, 0x00, 0x38, 0xCE,
    0xFE, 0xDA, 0x61, 0x00, 0x00, 0x00, 0x00, 0x00, 0x7E, 0xFF, 0xFF, 0xFF, 0xFF, 0xFC, 0x30, 0x1A,
    0xFF, 0xFF, 0xFF, 0xFF, 0xFE, 0x80, 0x00, 0x00, 0x00, 0x0B, 0xFF, 0xFF, 0xFF, 0xFF, 0xFF, 0xFF,
    0xF6, 0xCF, 0xFF, 0xFF, 0xFF, 0xFF, 0xFF, 0xFC, 0x10, 0x00, 0x00, 0xAF, 0xFF, 0xFF, 0xFF, 0xFF,
    0xFF, 0xFF, 0xFF, 0xFF, 0xFF, 0xFF, 0xFF, 0xFF, 0xFF, 0xFF, 0xB0, 0x00, 0x05, 0xFF, 0xFF, 0xFF,
    0xA3, 0x01, 0x7E, 0xFF, 0xFF, 0xFF, 0xFF, 0x93, 0x11, 0x5D, 0xFF, 0xFF, 0xF6, 0x00, 0x0C, 0xFF,
    0xFF, 0xFA, 0x00, 0x00, 0x05, 0xFF, 0xFF, 0xFF, 0xF6, 0x00, 0x00, 0x02, 0xEF, 0xFF, 0xFE, 0x00,
    0x2F, 0xFF, 0xFF, 0xF2, 0x00, 0x00, 0x00, 0xCF, 0xFF, 0xFF, 0xE0, 0x00, 0x00, 0x00, 0xAF, 0xFF,
    0xFF, 0x30, 0x5F, 0xFF, 0xFF, 0xD0, 0x00, 0x00, 0x00, 0x7F, 0xFF, 0xFF, 0xFF, 0xFF, 0xFF, 0xFF,
    0xFF, 0xFF, 0xFF, 0x60, 0x7F, 0xFF, 0xFF, 0xB0, 0x00, 0x00, 0x00, 0x5F, 0xFF, 0xFF, 0xFF, 0xFF,
    0xFF, 0xFF, 0xFF, 0xFF, 0xFF, 0x80, 0x8F, 0xFF, 0xFF, 0xA0, 0x00, 0x00, 0x00, 0x5F, 0xFF, 0xFF,
    0xFF, 0xFF, 0xFF, 0xFF, 0xFF, 0xFF, 0xFF, 0x80, 0x7F, 0xFF, 0xFF, 0xB0, 0x00, 0x00, 0x00, 0x5F,
    0xFF, 0xFF, 0xFF, 0xFF, 0xFF, 0xFF, 0xFF, 0xFF, 0xFF, 0x80, 0x5F, 0xFF, 0xFF, 0xD0, 0x00, 0x00,
    0x00, 0x7F, 0xFF, 0xFF, 0xB0, 0x00, 0x00, 0x00, 0x00, 0x00, 0x00, 0x00, 0x2F, 0xFF, 0xFF, 0xF2,
    0x00, 0x00, 0x00, 0xCF, 0xFF, 0xFF, 0xF1, 0x00, 0x00, 0x00, 0x00, 0x00, 0x00, 0x00, 0x0C, 0xFF,
    0xFF, 0xFA, 0x00, 0x00, 0x05, 0xFF, 0xFF, 0xFF, 0xFA, 0x00, 0x00, 0x00, 0x00, 0x01, 0x79, 0x00,
    0x05, 0xFF, 0xFF, 0xFF, 0xA3, 0x01, 0x6E, 0xFF, 0xFF, 0xFF, 0xFF, 0xC5, 0x20, 0x12, 0x47, 0xCF,
    0xFA, 0x00, 0x00, 0xAF, 0xFF, 0xFF, 0xFF, 0xFF, 0xFF, 0xFF, 0xFF, 0xFF, 0xFF, 0xFF, 0xFF, 0xFF,
    0xFF, 0xFF, 0xFA, 0x00, 0x00, 0x0B, 0xFF, 0xFF, 0xFF, 0xFF, 0xFF, 0xFF, 0xFB, 0xEF, 0xFF, 0xFF,
    0xFF, 0xFF, 0xFF, 0xFF, 0xFA, 0x00, 0x00, 0x00, 0x7E, 0xFF, 0xFF, 0xFF, 0xFF, 0xFE, 0x60, 0x2C,
    0xFF, 0xFF, 0xFF, 0xFF, 0xFF, 0xFF, 0xFA, 0x00, 0x00, 0x00, 0x01, 0x69, 0xDE, 0xFE, 0xDA, 0x61,
    0x00, 0x00, 0x49, 0xCD, 0xEF, 0xED, 0xCB, 0x96, 0x31, 0x00, 0x00, 0x00, 0x00, 0x00, 0x1D, 0xFF,
    0xF8, 0x00, 0x00, 0x00, 0x00, 0x00, 0x00, 0x00, 0x00, 0x00, 0xCF, 0xFF, 0x60, 0x00, 0x00, 0x00,
    0x00, 0x00, 0x00, 0x00, 0x00, 0x09, 0xFF, 0xE4, 0x00, 0x00, 0x00, 0x00, 0x00, 0x00, 0x00, 0x00,
    0x00, 0x7F, 0xFD, 0x20, 0x00, 0x00, 0x00, 0x00, 0x00, 0x00, 0x00, 0x00, 0x00, 0x00, 0x00, 0x00,
    0x00, 0x00, 0x00, 0x00, 0x00, 0x00, 0x00, 0x00, 0x00, 0x00, 0x00, 0x00, 0x00, 0x00, 0x00, 0x00,
    0x00, 0x00, 0xDF, 0xFF, 0xFF, 0xFF, 0xFF, 0xFE, 0xDB, 0x73, 0x00, 0x00, 0x00, 0x00, 0xDF, 0xFF,
    0xFF, 0xFF, 0xFF, 0xFF, 0xFF, 0xFF, 0xB2, 0x00, 0x00, 0x00, 0xDF, 0xFF, 0xFF, 0xFF, 0xFF, 0xFF,
    0xFF, 0xFF, 0xFE, 0x20, 0x00, 0x00, 0xDF, 0xFF, 0xFF, 0xFF, 0xFF, 0xFF, 0xFF, 0xFF, 0xFF, 0xA0,
    0x00, 0x00, 0xDF, 0xFF, 0xFF, 0xFF, 0xFF, 0xFF, 0xFF, 0xFF, 0xFF, 0xF1, 0x00, 0x00, 0xDF, 0xFF,
    0xFF, 0x80, 0x00, 0x15, 0xDF, 0xFF, 0xFF, 0xF4, 0x00, 0x00, 0xDF, 0xFF, 0xFF, 0x80, 0x00, 0x00,
    0x4F, 0xFF, 0xFF, 0xF5, 0x00, 0x00, 0xDF, 0xFF, 0xFF, 0x80, 0x00, 0x00, 0x1F, 0xFF, 0xFF, 0xF4,
    0x00, 0x00, 0xDF, 0xFF, 0xFF, 0x80, 0x00, 0x00, 0x4F, 0xFF, 0xFF, 0xF1, 0x00, 0x00, 0xDF, 0xFF,
    0xFF, 0x80, 0x00, 0x15, 0xDF, 0xFF, 0xFF, 0xA0, 0x00, 0x00, 0xDF, 0xFF, 0xFF, 0xFF, 0xFF, 0xFF,
    0xFF, 0xFF, 0xFD, 0x10, 0x00, 0x00, 0xDF, 0xFF, 0xFF, 0xFF, 0xFF, 0xFF, 0xFF, 0xFF, 0xA1, 0x00,
    0x00, 0x00, 0xDF, 0xFF, 0xFF, 0xFF, 0xFF, 0xFF, 0xFF, 0xE4, 0x00, 0x00, 0x00, 0x00, 0xDF, 0xFF,
    0xFF, 0xFF, 0xFF, 0xFF, 0xFF, 0xFF, 0x60, 0x00, 0x00, 0x00, 0xDF, 0xFF, 0xFF, 0xFF, 0xFF, 0xFF,
    0xFF, 0xFF, 0xF5, 0x00, 0x00, 0x00, 0xDF, 0xFF, 0xFF, 0x80, 0x02, 0x9F, 0xFF, 0xFF, 0xFE, 0x10,
    0x00, 0x00, 0xDF, 0xFF, 0xFF, 0x80, 0x00, 0x07, 0xFF, 0xFF, 0xFF, 0x80, 0x00, 0x00, 0xDF, 0xFF,
    0xFF, 0x80, 0x00, 0x00, 0xCF, 0xFF, 0xFF, 0xE1, 0x00, 0x00, 0xDF, 0xFF, 0xFF, 0x80, 0x00, 0x00,
    0x5F, 0xFF, 0xFF, 0xF7, 0x00, 0x00, 0xDF, 0xFF, 0xFF, 0x80, 0x00, 0x00, 0x0D, 0xFF, 0xFF, 0xFE,
    0x10, 0x00, 0xDF, 0xFF, 0xFF, 0x80, 0x00, 0x00, 0x06, 0xFF, 0xFF, 0xFF, 0x60, 0x00, 0xDF, 0xFF,
    0xFF, 0x80, 0x00, 0x00, 0x00, 0xDF, 0xFF, 0xFF, 0xD0, 0x00, 0xDF, 0xFF, 0xFF, 0x80, 0x00, 0x00,
    0x00, 0x7F, 0xFF, 0xFF, 0xF5, 0x00, 0xDF, 0xFF, 0xFF, 0x80, 0x00, 0x00, 0x00, 0x1E, 0xFF, 0xFF,
    0xFC, 0x00, 0xDF, 0xFF, 0xFF, 0x80, 0x00, 0x00, 0x00, 0x08, 0xFF, 0xFF, 0xFF, 0x40, 0x00, 0x00,
    0x00, 0x00, 0x00, 0x9F, 0xFF, 0xD2, 0x00, 0x00, 0x00, 0x00, 0x05, 0xFF, 0xFD, 0x20, 0x00, 0x00,
    0x00, 0x00, 0x3E, 0xFF, 0xD2, 0x00, 0x00, 0x00, 0x00, 0x01, 0xDF, 0xFD, 0x10, 0x00, 0x00, 0x00,
    0x00, 0x0A, 0xFF, 0xC1, 0x00, 0x00, 0x00, 0x00, 0x00, 0x7F, 0xFC, 0x10, 0x00, 0x00, 0x00, 0x00,
    0x00, 0x00, 0x00, 0x00, 0x00, 0x00, 0x00, 0x00, 0x00, 0x00, 0x00, 0x00, 0x00, 0x00, 0x2F, 0xFF,
    0xFF, 0xC0, 0x01, 0x8C, 0xEF, 0xA0, 0x2F, 0xFF, 0xFF, 0xC0, 0x4E, 0xFF, 0xFF, 0xA0, 0x2F, 0xFF,
    0xFF, 0xC3, 0xFF, 0xFF, 0xFF, 0xA0, 0x2F, 0xFF, 0xFF, 0xCD, 0xFF, 0xFF, 0xFF, 0xA0, 0x2F, 0xFF,
    0xFF, 0xFF, 0xFF, 0xFF, 0xFF, 0xA0, 0x2F, 0xFF, 0xFF, 0xFF, 0xE6, 0x20, 0x26, 0x80, 0x2F, 0xFF,
    0xFF, 0xFE, 0x20, 0x00, 0x00, 0x00, 0x2F, 0xFF, 0xFF, 0xF6, 0x00, 0x00, 0x00, 0x00, 0x2F, 0xFF,
    0xFF, 0xF1, 0x00, 0x00, 0x00, 0x00, 0x2F, 0xFF, 0xFF, 0xD0, 0x00, 0x00, 0x00, 0x00, 0x2F, 0xFF,
    0xFF, 0xC0, 0x00, 0x00, 0x00, 0x00, 0x2F, 0xFF, 0xFF, 0xC0, 0x00, 0x00, 0x00, 0x00, 0x2F, 0xFF,
    0xFF, 0xC0, 0x00, 0x00, 0x00, 0x00, 0x2F, 0xFF, 0xFF, 0xC0, 0x00, 0x00, 0x00, 0x00, 0x2F, 0xFF,
    0xFF, 0xC0, 0x00, 0x00, 0x00, 0x00, 0x2F, 0xFF, 0xFF, 0xC0, 0x00, 0x00, 0x00, 0x00, 0x2F, 0xFF,
    0xFF, 0xC0, 0x00, 0x00, 0x00, 0x00, 0x2F, 0xFF, 0xFF, 0xC0, 0x00, 0x00, 0x00, 0x00, 0x2F, 0xFF,
    0xFF, 0xC0, 0x00, 0x00, 0x00, 0x00, 0xDF, 0xFF, 0xFF, 0xFF, 0xFF, 0xFE, 0xDB, 0x73, 0x00, 0x00,
    0x00, 0x00, 0xDF, 0xFF, 0xFF, 0xFF, 0xFF, 0xFF, 0xFF, 0xFF, 0xB2, 0x00, 0x00, 0x00, 0xDF, 0xFF,
    0xFF, 0xFF, 0xFF, 0xFF, 0xFF, 0xFF, 0xFE, 0x20, 0x00, 0x00, 0xDF, 0xFF, 0xFF, 0xFF, 0xFF, 0xFF,
    0xFF, 0xFF, 0xFF, 0xA0, 0x00, 0x00, 0xDF, 0xFF, 0xFF, 0xFF, 0xFF, 0xFF, 0xFF, 0xFF, 0xFF, 0xF1,
    0x00, 0x00, 0xDF, 0xFF, 0xFF, 0x80, 0x00, 0x15, 0xDF, 0xFF, 0xFF, 0xF4, 0x00, 0x00, 0xDF, 0xFF,
    0xFF, 0x80, 0x00, 0x00, 0x4F, 0xFF, 0xFF, 0xF5, 0x00, 0x00, 0xDF, 0xFF, 0xFF, 0x80, 0x00, 0x00,
    0x1F, 0xFF, 0xFF, 0xF4, 0x00, 0x00, 0xDF, 0xFF, 0xFF, 0x80, 0x00, 0x00, 0x4F, 0xFF, 0xFF, 0xF1,
    0x00, 0x00, 0xDF, 0xFF, 0xFF, 0x80, 0x00, 0x15, 0xDF, 0xFF, 0xFF, 0xA0, 0x00, 0x00, 0xDF, 0xFF,
    0xFF, 0xFF, 0xFF, 0xFF, 0xFF, 0xFF, 0xFD, 0x10, 0x00, 0x00, 0xDF, 0xFF, 0xFF, 0xFF, 0xFF, 0xFF,
    0xFF, 0xFF, 0xA1, 0x00, 0x00, 0x00, 0xDF, 0xFF, 0xFF, 0xFF, 0xFF, 0xFF, 0xFF, 0xE4, 0x00, 0x00,
    0x00, 0x00, 0xDF, 0xFF, 0xFF, 0xFF, 0xFF, 0xFF, 0xFF, 0xFF, 0x60, 0x00, 0x00, 0x00, 0xDF, 0xFF,
    0xFF, 0xFF, 0xFF, 0xFF, 0xFF, 0xFF, 0xF5, 0x00, 0x00, 0x00, 0xDF, 0xFF, 0xFF, 0x80, 0x02, 0x9F,
    0xFF, 0xFF, 0xFE, 0x10, 0x00, 0x00, 0xDF, 0xFF, 0xFF, 0x80, 0x00, 0x07, 0xFF, 0xFF, 0xFF, 0x80,
    0x00, 0x00, 0xDF, 0xFF, 0xFF, 0x80, 0x00, 0x00, 0xCF, 0xFF, 0xFF, 0xE1, 0x00, 0x00, 0xDF, 0xFF,
    0xFF, 0x80, 0x00, 0x00, 0x5F, 0xFF, 0xFF, 0xF7, 0x00, 0x00, 0xDF, 0xFF, 0xFF, 0x80, 0x00, 0x00,
    0x0D, 0xFF, 0xFF, 0xFE, 0x10, 0x00, 0xDF, 0xFF, 0xFF, 0x80, 0x00, 0x00, 0x06, 0xFF, 0xFF, 0xFF,
    0x60, 0x00, 0xDF, 0xFF, 0xFF, 0x80, 0x00, 0x00, 0x00, 0xDF, 0xFF, 0xFF, 0xD0, 0x00, 0xDF, 0xFF,
    0xFF, 0x80, 0x00, 0x00, 0x00, 0x7F, 0xFF, 0xFF, 0xF5, 0x00, 0xDF, 0xFF, 0xFF, 0x80, 0x00, 0x00,
    0x00, 0x1E, 0xFF, 0xFF, 0xFC, 0x00, 0xDF, 0xFF, 0xFF, 0x80, 0x00, 0x00, 0x00, 0x08, 0xFF, 0xFF,
    0xFF, 0x40, 0x00, 0x00, 0x00, 0x00, 0x00, 0x00, 0x00, 0x00, 0x00, 0x00, 0x00, 0x00, 0x00, 0x00,
    0x00, 0x00, 0x00, 0x00, 0x00, 0x00, 0x00, 0x00, 0x00, 0x00, 0x00, 0x00, 0x00, 0x00, 0x0B, 0xFF,
    0xFF, 0x60, 0x00, 0x00, 0x00, 0x00, 0x00, 0x00, 0x00, 0x00, 0x1F, 0xFF, 0xFA, 0x00, 0x00, 0x00,
    0x00, 0x00, 0x00, 0x00, 0x00, 0x00, 0x5F, 0xFF, 0xD1, 0x00, 0x00, 0x00, 0x00, 0x00, 0x00, 0x00,
    0x00, 0x00, 0xAF, 0xFF, 0x30, 0x00, 0x00, 0x00, 0x00, 0x00, 0x00, 0x00, 0x00, 0x00, 0xEF, 0xF7,
    0x00, 0x00, 0x00, 0x00, 0x00, 0x00, 0x2F, 0xFF, 0xFF, 0xC0, 0x01, 0x8C, 0xEF, 0xA0, 0x2F, 0xFF,
    0xFF, 0xC0, 0x4E, 0xFF, 0xFF, 0xA0, 0x2F, 0xFF, 0xFF, 0xC3, 0xFF, 0xFF, 0xFF, 0xA0, 0x2F, 0xFF,
    0xFF, 0xCD, 0xFF, 0xFF, 0xFF, 0xA0, 0x2F, 0xFF, 0xFF, 0xFF, 0xFF, 0xFF, 0xFF, 0xA0, 0x2F, 0xFF,
    0xFF, 0xFF, 0xE6, 0x20, 0x26, 0x80, 0x2F, 0xFF, 0xFF, 0xFE, 0x20, 0x00, 0x00, 0x00, 0x2F, 0xFF,
    0xFF, 0xF6, 0x00, 0x00, 0x00, 0x00, 0x2F, 0xFF, 0xFF, 0xF1, 0x00, 0x00, 0x00, 0x00, 0x2F, 0xFF,
    0xFF, 0xD0, 0x00, 0x00, 0x00, 0x00, 0x2F, 0xFF, 0xFF, 0xC0, 0x00, 0x00, 0x00, 0x00, 0x2F, 0xFF,
    0xFF, 0xC0, 0x00, 0x00, 0x00, 0x00, 0x2F, 0xFF, 0xFF, 0xC0, 0x00, 0x00, 0x00, 0x00, 0x2F, 0xFF,
    0xFF, 0xC0, 0x00, 0x00, 0x00, 0x00, 0x2F, 0xFF, 0xFF, 0xC0, 0x00, 0x00, 0x00, 0x00, 0x2F, 0xFF,
    0xFF, 0xC0, 0x00, 0x00, 0x00, 0x00, 0x2F, 0xFF, 0xFF, 0xC0, 0x00, 0x00, 0x00, 0x00, 0x2F, 0xFF,
    0xFF, 0xC0, 0x00, 0x00, 0x00, 0x00, 0x2F, 0xFF, 0xFF, 0xC0, 0x00, 0x00, 0x00, 0x00, 0x00, 0x00,
    0x00, 0x00, 0x00, 0x00, 0x00, 0x00, 0x00, 0x00, 0x00, 0x00, 0x00, 0x00, 0x00, 0x00, 0x04, 0xFF,
    0xFF, 0xD1, 0x00, 0x00, 0x00, 0x00, 0x08, 0xFF, 0xFF, 0x30, 0x00, 0x00, 0x00, 0x00, 0x0D, 0xFF,
    0xF7, 0x00, 0x00, 0x00, 0x00, 0x00, 0x2F, 0xFF, 0xA0, 0x00, 0x00, 0x00, 0x00, 0x00, 0x7F, 0xFD,
    0x10, 0x00, 0x00, 0x00, 0x00, 0x00, 0x00, 0x1D, 0xFE, 0x40, 0x00, 0x08, 0xFF, 0xA0, 0x00, 0x00,
    0x00, 0x00, 0x00, 0x02, 0xEF, 0xF8, 0x02, 0xBF, 0xFB, 0x00, 0x00, 0x00, 0x00, 0x00, 0x00, 0x00,
    0x3E, 0xFF, 0xCE, 0xFF, 0xB1, 0x00, 0x00, 0x00, 0x00, 0x00, 0x00, 0x00, 0x03, 0xEF, 0xFF, 0xFC,
    0x10, 0x00, 0x00, 0x00, 0x00, 0x00, 0x00, 0x00, 0x00, 0x00, 0x00, 0x00, 0x00, 0x00, 0x00, 0x00,
    0x00, 0x00, 0x00, 0x00, 0x00, 0x00, 0x00, 0x00, 0x00, 0x00, 0x00, 0x00, 0x00, 0x00, 0xDF, 0xFF,
    0xFF, 0xFF, 0xFF, 0xFE, 0xDB, 0x73, 0x00, 0x00, 0x00, 0x00, 0xDF, 0xFF, 0xFF, 0xFF, 0xFF, 0xFF,
    0xFF, 0xFF, 0xB2, 0x00, 0x00, 0x00, 0xDF, 0xFF, 0xFF, 0xFF, 0xFF, 0xFF, 0xFF, 0xFF, 0xFE, 0x20,
    0x00, 0x00, 0xDF, 0xFF, 0xFF, 0xFF, 0xFF, 0xFF, 0xFF, 0xFF, 0xFF, 0xA0, 0x00, 0x00, 0xDF, 0xFF,
    0xFF, 0xFF, 0xFF, 0xFF, 0xFF, 0xFF, 0xFF, 0xF1, 0x00, 0x00, 0xDF, 0xFF, 0xFF, 0x80, 0x00, 0x15,
    0xDF, 0xFF, 0xFF, 0xF4, 0x00, 0x00, 0xDF, 0xFF, 0xFF, 0x80, 0x00, 0x00, 0x4F, 0xFF, 0xFF, 0xF5,
    0x00, 0x00, 0xDF, 0xFF, 0xFF, 0x80, 0x00, 0x00, 0x1F, 0xFF, 0xFF, 0xF4, 0x00, 0x00, 0xDF, 0xFF,
    0xFF, 0x80, 0x00, 0x00, 0x4F, 0xFF, 0xFF, 0xF1, 0x00, 0x00, 0xDF, 0xFF, 0xFF, 0x80, 0x00, 0x15,
    0xDF, 0xFF, 0xFF, 0xA0, 0x00, 0x00, 0xDF, 0xFF, 0xFF, 0xFF, 0xFF, 0xFF, 0xFF, 0xFF, 0xFD, 0x10,
    0x00, 0x00, 0xDF, 0xFF, 0xFF, 0xFF, 0xFF, 0xFF, 0xFF, 0xFF, 0xA1, 0x00, 0x00, 0x00, 0xDF, 0xFF,
    0xFF, 0xFF, 0xFF, 0xFF, 0xFF, 0xE4, 0x00, 0x00, 0x00, 0x00, 0xDF, 0xFF, 0xFF, 0xFF, 0xFF, 0xFF,
    0xFF, 0xFF, 0x60, 0x00, 0x00, 0x00, 0xDF, 0xFF, 0xFF, 0xFF, 0xFF, 0xFF, 0xFF, 0xFF, 0xF5, 0x00,
    0x00, 0x00, 0xDF, 0xFF, 0xFF, 0x80, 0x02, 0x9F, 0xFF, 0xFF, 0xFE, 0x10, 0x00, 0x00, 0xDF, 0xFF,
    0xFF, 0x80, 0x00, 0x07, 0xFF, 0xFF, 0xFF, 0x80, 0x00, 0x00, 0xDF, 0xFF, 0xFF, 0x80, 0x00, 0x00,
    0xCF, 0xFF, 0xFF, 0xE1, 0x00, 0x00, 0xDF, 0xFF, 0xFF, 0x80, 0x00, 0x00, 0x5F, 0xFF, 0xFF, 0xF7,
    0x00, 0x00, 0xDF, 0xFF, 0xFF, 0x80, 0x00, 0x00, 0x0D, 0xFF, 0xFF, 0xFE, 0x10, 0x00, 0xDF, 0xFF,
    0xFF, 0x80, 0x00, 0x00, 0x06, 0xFF, 0xFF, 0xFF, 0x60, 0x00, 0xDF, 0xFF, 0xFF, 0x80, 0x00, 0x00,
    0x00, 0xDF, 0xFF, 0xFF, 0xD0, 0x00, 0xDF, 0xFF, 0xFF, 0x80, 0x00, 0x00, 0x00, 0x7F, 0xFF, 0xFF,
    0xF5, 0x00, 0xDF, 0xFF, 0xFF, 0x80, 0x00, 0x00, 0x00, 0x1E, 0xFF, 0xFF, 0xFC, 0x00, 0xDF, 0xFF,
    0xFF, 0x80, 0x00, 0x00, 0x00, 0x08, 0xFF, 0xFF, 0xFF, 0x40, 0x01, 0xEF, 0xE2, 0x00, 0x00, 0x4F,
    0xFC, 0x00, 0x00, 0x4F, 0xFD, 0x10, 0x03, 0xEF, 0xE2, 0x00, 0x00, 0x09, 0xFF, 0xC1, 0x2E, 0xFF,
    0x60, 0x00, 0x00, 0x01, 0xDF, 0xFC, 0xDF, 0xFA, 0x00, 0x00, 0x00, 0x00, 0x3F, 0xFF, 0xFF, 0xE1,
    0x00, 0x00, 0x00, 0x00, 0x07, 0xFF, 0xFF, 0x40, 0x00, 0x00, 0x00, 0x00, 0x00, 0x00, 0x00, 0x00,
    0x00, 0x00, 0x00, 0x00, 0x00, 0x00, 0x00, 0x00, 0x00, 0x00, 0x2F, 0xFF, 0xFF, 0xC0, 0x01, 0x8C,
    0xEF, 0xA0, 0x2F, 0xFF, 0xFF, 0xC0, 0x4E, 0xFF, 0xFF, 0xA0, 0x2F, 0xFF, 0xFF, 0xC3, 0xFF, 0xFF,
    0xFF, 0xA0, 0x2F, 0xFF, 0xFF, 0xCD, 0xFF, 0xFF, 0xFF, 0xA0, 0x2F, 0xFF, 0xFF, 0xFF, 0xFF, 0xFF,
    0xFF, 0xA0, 0x2F, 0xFF, 0xFF, 0xFF, 0xE6, 0x20, 0x26, 0x80, 0x2F, 0xFF, 0xFF, 0xFE, 0x20, 0x00,
    0x00, 0x00, 0x2F, 0xFF, 0xFF, 0xF6, 0x00, 0x00, 0x00, 0x00, 0x2F, 0xFF, 0xFF, 0xF1, 0x00, 0x00,
    0x00, 0x00, 0x2F, 0xFF, 0xFF, 0xD0, 0x00, 0x00, 0x00, 0x00, 0x2F, 0xFF, 0xFF, 0xC0, 0x00, 0x00,
    0x00, 0x00, 0x2F, 0xFF, 0xFF, 0xC0, 0x00, 0x00, 0x00, 0x00, 0x2F, 0xFF, 0xFF, 0xC0, 0x00, 0x00,
    0x00, 0x00, 0x2F, 0xFF, 0xFF, 0xC0, 0x00, 0x00, 0x00, 0x00, 0x2F, 0xFF, 0xFF, 0xC0, 0x00, 0x00,
    0x00, 0x00, 0x2F, 0xFF, 0xFF, 0xC0, 0x00, 0x00, 0x00, 0x00, 0x2F, 0xFF, 0xFF, 0xC0, 0x00, 0x00,
    0x00, 0x00, 0x2F, 0xFF, 0xFF, 0xC0, 0x00, 0x00, 0x00, 0x00, 0x2F, 0xFF, 0xFF, 0xC0, 0x00, 0x00,
    0x00, 0x00, 0x00, 0x00, 0x00, 0x00, 0x01, 0xDF, 0xFF, 0x80, 0x00, 0x00, 0x00, 0x00, 0x00, 0x00,
    0x0C, 0xFF, 0xF6, 0x00, 0x00, 0x00, 0x00, 0x00, 0x00, 0x00, 0x9F, 0xFE, 0x40, 0x00, 0x00, 0x00,
    0x00, 0x00, 0x00, 0x07, 0xFF, 0xD2, 0x00, 0x00, 0x00, 0x00, 0x00, 0x00, 0x00, 0x00, 0x00, 0x00,
    0x00, 0x00, 0x00, 0x00, 0x00, 0x00, 0x00, 0x00, 0x00, 0x00, 0x00, 0x00, 0x00, 0x00, 0x00, 0x00,
    0x17, 0xAD, 0xEF, 0xFE, 0xDB, 0x86, 0x20, 0x00, 0x00, 0x18, 0xFF, 0xFF, 0xFF, 0xFF, 0xFF, 0xFF,
    0xFD, 0x40, 0x01, 0xBF, 0xFF, 0xFF, 0xFF, 0xFF, 0xFF, 0xFF, 0xFF, 0x60, 0x09, 0xFF, 0xFF, 0xFF,
    0xFF, 0xFF, 0xFF, 0xFF, 0xFF, 0x60, 0x1F, 0xFF, 0xFF, 0xFF, 0xFF, 0xFF, 0xFF, 0xFF, 0xFF, 0x60,
    0x6F, 0xFF, 0xFF, 0xF8, 0x31, 0x01, 0x25, 0x8D, 0xFF, 0x60, 0x8F, 0xFF, 0xFF, 0x70, 0x00, 0x00,
    0x00, 0x00, 0x39, 0x50, 0x8F, 0xFF, 0xFF, 0x40, 0x00, 0x00, 0x00, 0x00, 0x00, 0x00, 0x7F, 0xFF,
    0xFF, 0xA0, 0x00, 0x00, 0x00, 0x00, 0x00, 0x00, 0x3F, 0xFF, 0xFF, 0xFD, 0x95, 0x20, 0x00, 0x00,
    0x00, 0x00, 0x0B, 0xFF, 0xFF, 0xFF, 0xFF, 0xFF, 0xC9, 0x50, 0x00, 0x00, 0x01, 0xDF, 0xFF, 0xFF,
    0xFF, 0xFF, 0xFF, 0xFE, 0x81, 0x00, 0x00, 0x19, 0xFF, 0xFF, 0xFF, 0xFF, 0xFF, 0xFF, 0xFD, 0x30,
    0x00, 0x00, 0x17, 0xBE, 0xFF, 0xFF, 0xFF, 0xFF, 0xFF, 0xE1, 0x00, 0x00, 0x00, 0x00, 0x35, 0x8D,
    0xFF, 0xFF, 0xFF, 0xF8, 0x00, 0x00, 0x00, 0x00, 0x00, 0x00, 0x4D, 0xFF, 0xFF, 0xFC, 0x00, 0x00,
    0x00, 0x00, 0x00, 0x00, 0x05, 0xFF, 0xFF, 0xFE, 0x58, 0x10, 0x00, 0x00, 0x00, 0x00, 0x03, 0xFF,
    0xFF, 0xFF, 0x5F, 0xE7, 0x10, 0x00, 0x00, 0x00, 0x07, 0xFF, 0xFF, 0xFD, 0x5F, 0xFF, 0xFA, 0x63,
    0x10, 0x14, 0x9F, 0xFF, 0xFF, 0xFB, 0x5F, 0xFF, 0xFF, 0xFF, 0xFF, 0xFF, 0xFF, 0xFF, 0xFF, 0xF6,
    0x5F, 0xFF, 0xFF, 0xFF, 0xFF, 0xFF, 0xFF, 0xFF, 0xFF, 0xD0, 0x5F, 0xFF, 0xFF, 0xFF, 0xFF, 0xFF,
    0xFF, 0xFF, 0xFE, 0x30, 0x16, 0xBF, 0xFF, 0xFF, 0xFF, 0xFF, 0xFF, 0xFF, 0xB2, 0x00, 0x00, 0x01,
    0x48, 0xAD, 0xEF, 0xFE, 0xDB, 0x72, 0x00, 0x00, 0x00, 0x00, 0x00, 0x00, 0x00, 0x09, 0xFF, 0xFD,
    0x20, 0x00, 0x00, 0x00, 0x00, 0x00, 0x5F, 0xFF, 0xD2, 0x00, 0x00, 0x00, 0x00, 0x00, 0x03, 0xEF,
    0xFD, 0x20, 0x00, 0x00, 0x00, 0x00, 0x00, 0x1D, 0xFF, 0xD1, 0x00, 0x00, 0x00, 0x00, 0x00, 0x00,
    0xAF, 0xFC, 0x10, 0x00, 0x00, 0x00, 0x00, 0x00, 0x07, 0xFF, 0xC1, 0x00, 0x00, 0x00, 0x00, 0x00,
    0x00, 0x00, 0x00, 0x00, 0x00, 0x00, 0x00, 0x00, 0x00, 0x00, 0x00, 0x00, 0x00, 0x00, 0x00, 0x00,
    0x00, 0x01, 0x6A, 0xCE, 0xFE, 0xDC, 0xB9, 0x63, 0x00, 0x00, 0x6E, 0xFF, 0xFF, 0xFF, 0xFF, 0xFF,
    0xFF, 0x60, 0x05, 0xFF, 0xFF, 0xFF, 0xFF, 0xFF, 0xFF, 0xFF, 0x60, 0x0D, 0xFF, 0xFF, 0xFF, 0xFF,
    0xFF, 0xFF, 0xFF, 0x60, 0x2F, 0xFF, 0xFF, 0xB3, 0x10, 0x14, 0x7C, 0xFF, 0x60, 0x3F, 0xFF, 0xFF,
    0x10, 0x00, 0x00, 0x00, 0x29, 0x50, 0x2F, 0xFF, 0xFF, 0x40, 0x00, 0x00, 0x00, 0x00, 0x00, 0x0E,
    0xFF, 0xFF, 0xFB, 0x86, 0x42, 0x00, 0x00, 0x00, 0x07, 0xFF, 0xFF, 0xFF, 0xFF, 0xFF, 0xEA, 0x50,
    0x00, 0x00, 0x8F, 0xFF, 0xFF, 0xFF, 0xFF, 0xFF, 0xFD, 0x30, 0x00, 0x02, 0x8C, 0xFF, 0xFF, 0xFF,
    0xFF, 0xFF, 0xD0, 0x00, 0x00, 0x00, 0x02, 0x46, 0x9E, 0xFF, 0xFF, 0xF5, 0x00, 0x00, 0x00, 0x00,
    0x00, 0x03, 0xFF, 0xFF, 0xF8, 0x0B, 0x40, 0x00, 0x00, 0x00, 0x02, 0xFF, 0xFF, 0xF9, 0x0E, 0xFD,
    0x95, 0x21, 0x01, 0x4C, 0xFF, 0xFF, 0xF7, 0x0E, 0xFF, 0xFF, 0xFF, 0xFF, 0xFF, 0xFF, 0xFF, 0xF3,
    0x0E, 0xFF, 0xFF, 0xFF, 0xFF, 0xFF, 0xFF, 0xFF, 0x90, 0x0E, 0xFF, 0xFF, 0xFF, 0xFF, 0xFF, 0xFF,
    0xF8, 0x00, 0x01, 0x47, 0xAC, 0xDE, 0xFF, 0xED, 0xA6, 0x10, 0x00, 0x00, 0x00, 0x00, 0x5F, 0xFF,
    0xFF, 0xB0, 0x00, 0x00, 0x00, 0x00, 0x00, 0x04, 0xFF, 0xFC, 0xFF, 0xFA, 0x00, 0x00, 0x00, 0x00,
    0x00, 0x3E, 0xFF, 0x70, 0x3D, 0xFF, 0x90, 0x00, 0x00, 0x00, 0x03, 0xEF, 0xD3, 0x00, 0x01, 0x9F,
    0xF8, 0x00, 0x00, 0x00, 0x00, 0x00, 0x00, 0x00, 0x00, 0x00, 0x00, 0x00, 0x00, 0x00, 0x00, 0x00,
    0x00, 0x00, 0x00, 0x00, 0x00, 0x00, 0x00, 0x00, 0x00, 0x17, 0xAD, 0xEF, 0xFE, 0xDB, 0x86, 0x20,
    0x00, 0x00, 0x18, 0xFF, 0xFF, 0xFF, 0xFF, 0xFF, 0xFF, 0xFD, 0x40, 0x01, 0xBF, 0xFF, 0xFF, 0xFF,
    0xFF, 0xFF, 0xFF, 0xFF, 0x60, 0x09, 0xFF, 0xFF, 0xFF, 0xFF, 0xFF, 0xFF, 0xFF, 0xFF, 0x60, 0x1F,
    0xFF, 0xFF, 0xFF, 0xFF, 0xFF, 0xFF, 0xFF, 0xFF, 0x60, 0x6F, 0xFF, 0xFF, 0xF8, 0x31, 0x01, 0x25,
    0x8D, 0xFF, 0x60, 0x8F, 0xFF, 0xFF, 0x70, 0x00, 0x00, 0x00, 0x00, 0x39, 0x50, 0x8F, 0xFF, 0xFF,
    0x40, 0x00, 0x00, 0x00, 0x00, 0x00, 0x00, 0x7F, 0xFF, 0xFF, 0xA0, 0x00, 0x00, 0x00, 0x00, 0x00,
    0x00, 0x3F, 0xFF, 0xFF, 0xFD, 0x95, 0x20, 0x00, 0x00, 0x00, 0x00, 0x0B, 0xFF, 0xFF, 0xFF, 0xFF,
    0xFF, 0xC9, 0x50, 0x00, 0x00, 0x01, 0xDF, 0xFF, 0xFF, 0xFF, 0xFF, 0xFF, 0xFE, 0x81, 0x00, 0x00,
    0x19, 0xFF, 0xFF, 0xFF, 0xFF, 0xFF, 0xFF, 0xFD, 0x30, 0x00, 0x00, 0x17, 0xBE, 0xFF, 0xFF, 0xFF,
    0xFF, 0xFF, 0xE1, 0x00, 0x00, 0x00, 0x00, 0x35, 0x8D, 0xFF, 0xFF, 0xFF, 0xF8, 0x00, 0x00, 0x00,
    0x00, 0x00, 0x00, 0x4D, 0xFF, 0xFF, 0xFC, 0x00, 0x00, 0x00, 0x00, 0x00, 0x00, 0x05, 0xFF, 0xFF,
    0xFE, 0x58, 0x10, 0x00, 0x00, 0x00, 0x00, 0x03, 0xFF, 0xFF, 0xFF, 0x5F, 0xE7, 0x10, 0x00, 0x00,
    0x00, 0x07, 0xFF, 0xFF, 0xFD, 0x5F, 0xFF, 0xFA, 0x63, 0x10, 0x14, 0x9F, 0xFF, 0xFF, 0xFB, 0x5F,
    0xFF, 0xFF, 0xFF, 0xFF, 0xFF, 0xFF, 0xFF, 0xFF, 0xF6, 0x5F, 0xFF, 0xFF, 0xFF, 0xFF, 0xFF, 0xFF,
    0xFF, 0xFF, 0xD0, 0x5F, 0xFF, 0xFF, 0xFF, 0xFF, 0xFF, 0xFF, 0xFF, 0xFE, 0x30, 0x16, 0xBF, 0xFF,
    0xFF, 0xFF, 0xFF, 0xFF, 0xFF, 0xB2, 0x00, 0x00, 0x01, 0x48, 0xAD, 0xEF, 0xFE, 0xDB, 0x72, 0x00,
    0x00, 0x00, 0x00, 0x00, 0x6F, 0xFF, 0xF6, 0x00, 0x00, 0x00, 0x00, 0x00, 0x02, 0xEF, 0xFF, 0xFE,
    0x20, 0x00, 0x00, 0x00, 0x00, 0x0C, 0xFF, 0xDD, 0xFF, 0xC0, 0x00, 0x00, 0x00, 0x00, 0x7F, 0xFD,
    0x22, 0xDF, 0xF7, 0x00, 0x00, 0x00, 0x03, 0xFF, 0xE2, 0x00, 0x2E, 0xFF, 0x30, 0x00, 0x00, 0x1D,
    0xFE, 0x30, 0x00, 0x03, 0xEF, 0xD1, 0x00, 0x00, 0x00, 0x00, 0x00, 0x00, 0x00, 0x00, 0x00, 0x00,
    0x00, 0x00, 0x00, 0x00, 0x00, 0x00, 0x00, 0x00, 0x00, 0x00, 0x01, 0x6A, 0xCE, 0xFE, 0xDC, 0xB9,
    0x63, 0x00, 0x00, 0x6E, 0xFF, 0xFF, 0xFF, 0xFF, 0xFF, 0xFF, 0x60, 0x05, 0xFF, 0xFF, 0xFF, 0xFF,
    0xFF, 0xFF, 0xFF, 0x60, 0x0D, 0xFF, 0xFF, 0xFF, 0xFF, 0xFF, 0xFF, 0xFF, 0x60, 0x2F, 0xFF, 0xFF,
    0xB3, 0x10, 0x14, 0x7C, 0xFF, 0x60, 0x3F, 0xFF, 0xFF, 0x10, 0x00, 0x00, 0x00, 0x29, 0x50, 0x2F,
    0xFF, 0xFF, 0x40, 0x00, 0x00, 0x00, 0x00, 0x00, 0x0E, 0xFF, 0xFF, 0xFB, 0x86, 0x42, 0x00, 0x00,
    0x00, 0x07, 0xFF, 0xFF, 0xFF, 0xFF, 0xFF, 0xEA, 0x50, 0x00, 0x00, 0x8F, 0xFF, 0xFF, 0xFF, 0xFF,
    0xFF, 0xFD, 0x30, 0x00, 0x02, 0x8C, 0xFF, 0xFF, 0xFF, 0xFF, 0xFF, 0xD0, 0x00, 0x00, 0x00, 0x02,
    0x46, 0x9E, 0xFF, 0xFF, 0xF5, 0x00, 0x00, 0x00, 0x00, 0x00, 0x03, 0xFF, 0xFF, 0xF8, 0x0B, 0x40,
    0x00, 0x00, 0x00, 0x02, 0xFF, 0xFF, 0xF9, 0x0E, 0xFD, 0x95, 0x21, 0x01, 0x4C, 0xFF, 0xFF, 0xF7,
    0x0E, 0xFF, 0xFF, 0xFF, 0xFF, 0xFF, 0xFF, 0xFF, 0xF3, 0x0E, 0xFF, 0xFF, 0xFF, 0xFF, 0xFF, 0xFF,
    0xFF, 0x90, 0x0E, 0xFF, 0xFF, 0xFF, 0xFF, 0xFF, 0xFF, 0xF8, 0x00, 0x01, 0x47, 0xAC, 0xDE, 0xFF,
    0xED, 0xA6, 0x10, 0x00, 0x00, 0x00, 0x17, 0xAD, 0xEF, 0xFE, 0xDB, 0x86, 0x20, 0x00, 0x00, 0x18,
    0xFF, 0xFF, 0xFF, 0xFF, 0xFF, 0xFF, 0xFD, 0x40, 0x01, 0xBF, 0xFF, 0xFF, 0xFF, 0xFF, 0xFF, 0xFF,
    0xFF, 0x60, 0x09, 0xFF, 0xFF, 0xFF, 0xFF, 0xFF, 0xFF, 0xFF, 0xFF, 0x60, 0x1F, 0xFF, 0xFF, 0xFF,
    0xFF, 0xFF, 0xFF, 0xFF, 0xFF, 0x60, 0x6F, 0xFF, 0xFF, 0xF8, 0x31, 0x01, 0x25, 0x8D, 0xFF, 0x60,
    0x8F, 0xFF, 0xFF, 0x70, 0x00, 0x00, 0x00, 0x00, 0x39, 0x50, 0x8F, 0xFF, 0xFF, 0x40, 0x00, 0x00,
    0x00, 0x00, 0x00, 0x00, 0x7F, 0xFF, 0xFF, 0xA0, 0x00, 0x00, 0x00, 0x00, 0x00, 0x00, 0x3F, 0xFF,
    0xFF, 0xFD, 0x95, 0x20, 0x00, 0x00, 0x00, 0x00, 0x0B, 0xFF, 0xFF, 0xFF, 0xFF, 0xFF, 0xC9, 0x50,
    0x00, 0x00, 0x01, 0xDF, 0xFF, 0xFF, 0xFF, 0xFF, 0xFF, 0xFE, 0x81, 0x00, 0x00, 0x19, 0xFF, 0xFF,
    0xFF, 0xFF, 0xFF, 0xFF, 0xFD, 0x30, 0x00, 0x00, 0x17, 0xBE, 0xFF, 0xFF, 0xFF, 0xFF, 0xFF, 0xE1,
    0x00, 0x00, 0x00, 0x00, 0x35, 0x8D, 0xFF, 0xFF, 0xFF, 0xF8, 0x00, 0x00, 0x00, 0x00, 0x00, 0x00,
    0x4D, 0xFF, 0xFF, 0xFC, 0x00, 0x00, 0x00, 0x00, 0x00, 0x00, 0x05, 0xFF, 0xFF, 0xFE, 0x58, 0x10,
    0x00, 0x00, 0x00, 0x00, 0x03, 0xFF, 0xFF, 0xFF, 0x5F, 0xE7, 0x10, 0x00, 0x00, 0x00, 0x07, 0xFF,
    0xFF, 0xFD, 0x5F, 0xFF, 0xFA, 0x63, 0x10, 0x14, 0x9F, 0xFF, 0xFF, 0xFB, 0x5F, 0xFF, 0xFF, 0xFF,
    0xFF, 0xFF, 0xFF, 0xFF, 0xFF, 0xF6, 0x5F, 0xFF, 0xFF, 0xFF, 0xFF, 0xFF, 0xFF, 0xFF, 0xFF, 0xD0,
    0x5F, 0xFF, 0xFF, 0xFF, 0xFF, 0xFF, 0xFF, 0xFF, 0xFE, 0x30, 0x16, 0xBF, 0xFF, 0xFF, 0xFF, 0xFF,
    0xFF, 0xFF, 0xB2, 0x00, 0x00, 0x01, 0x48, 0xAD, 0xEF, 0xFE, 0xDB, 0x72, 0x00, 0x00, 0x00, 0x00,
    0x00, 0x00, 0x05, 0xFE, 0x20, 0x00, 0x00, 0x00, 0x00, 0x00, 0x00, 0x00, 0x00, 0xCF, 0xC0, 0x00,
    0x00, 0x00, 0x00, 0x00, 0x00, 0x00, 0x00, 0x6F, 0xF4, 0x00, 0x00, 0x00, 0x00, 0x00, 0x00, 0x00,
    0x00, 0x4F, 0xF8, 0x00, 0x00, 0x00, 0x00, 0x00, 0x00, 0xB4, 0x12, 0xBF, 0xF7, 0x00, 0x00, 0x00,
    0x00, 0x00, 0x00, 0xFF, 0xFF, 0xFF, 0xE2, 0x00, 0x00, 0x00, 0x00, 0x00, 0x00, 0xFF, 0xFF, 0xEB,
    0x30, 0x00, 0x00, 0x00, 0x00, 0x01, 0x6A, 0xCE, 0xFE, 0xDC, 0xB9, 0x63, 0x00, 0x00, 0x6E, 0xFF,
    0xFF, 0xFF, 0xFF, 0xFF, 0xFF, 0x60, 0x05, 0xFF, 0xFF, 0xFF, 0xFF, 0xFF, 0xFF, 0xFF, 0x60, 0x0D,
    0xFF, 0xFF, 0xFF, 0xFF, 0xFF, 0xFF, 0xFF, 0x60, 0x2F, 0xFF, 0xFF, 0xB3, 0x10, 0x14, 0x7C, 0xFF,
    0x60, 0x3F, 0xFF, 0xFF, 0x10, 0x00, 0x00, 0x00, 0x29, 0x50, 0x2F, 0xFF, 0xFF, 0x40, 0x00, 0x00,
    0x00, 0x00, 0x00, 0x0E, 0xFF, 0xFF, 0xFB, 0x86, 0x42, 0x00, 0x00, 0x00, 0x07, 0xFF, 0xFF, 0xFF,
    0xFF, 0xFF, 0xEA, 0x50, 0x00, 0x00, 0x8F, 0xFF, 0xFF, 0xFF, 0xFF, 0xFF, 0xFD, 0x30, 0x00, 0x02,
    0x8C, 0xFF, 0xFF, 0xFF, 0xFF, 0xFF, 0xD0, 0x00, 0x00, 0x00, 0x02, 0x46, 0x9E, 0xFF, 0xFF, 0xF5,
    0x00, 0x00, 0x00, 0x00, 0x00, 0x03, 0xFF, 0xFF, 0xF8, 0x0B, 0x40, 0x00, 0x00, 0x00, 0x02, 0xFF,
    0xFF, 0xF9, 0x0E, 0xFD, 0x95, 0x21, 0x01, 0x4C, 0xFF, 0xFF, 0xF7, 0x0E, 0xFF, 0xFF, 0xFF, 0xFF,
    0xFF, 0xFF, 0xFF, 0xF3, 0x0E, 0xFF, 0xFF, 0xFF, 0xFF, 0xFF, 0xFF, 0xFF, 0x90, 0x0E, 0xFF, 0xFF,
    0xFF, 0xFF, 0xFF, 0xFF, 0xF8, 0x00, 0x01, 0x47, 0xAC, 0xDE, 0xFF, 0xED, 0xA6, 0x10, 0x00, 0x00,
    0x00, 0x00, 0x00, 0x6F, 0xE2, 0x00, 0x00, 0x00, 0x00, 0x00, 0x00, 0x00, 0x0D, 0xFB, 0x00, 0x00,
    0x00, 0x00, 0x00, 0x00, 0x00, 0x06, 0xFF, 0x30, 0x00, 0x00, 0x00, 0x00, 0x00, 0x00, 0x04, 0xFF,
    0x70, 0x00, 0x00, 0x00, 0x00, 0x0B, 0x41, 0x2B, 0xFF, 0x60, 0x00, 0x00, 0x00, 0x00, 0x0F, 0xFF,
    0xFF, 0xFE, 0x20, 0x00, 0x00, 0x00, 0x00, 0x0F, 0xFF, 0xFE, 0xA3, 0x00, 0x00, 0x00, 0x00, 0x01,
    0xDF, 0xE4, 0x00, 0x00, 0x8F, 0xFA, 0x00, 0x00, 0x00, 0x00, 0x2E, 0xFF, 0x80, 0x2B, 0xFF, 0xB0,
    0x00, 0x00, 0x00, 0x00, 0x03, 0xEF, 0xFC, 0xEF, 0xFB, 0x10, 0x00, 0x00, 0x00, 0x00, 0x00, 0x3E,
    0xFF, 0xFF, 0xC1, 0x00, 0x00, 0x00, 0x00, 0x00, 0x00, 0x00, 0x00, 0x00, 0x00, 0x00, 0x00, 0x00,
    0x00, 0x00, 0x00, 0x00, 0x00, 0x00, 0x00, 0x00, 0x00, 0x00, 0x00, 0x00, 0x17, 0xAD, 0xEF, 0xFE,
    0xDB, 0x86, 0x20, 0x00, 0x00, 0x18, 0xFF, 0xFF, 0xFF, 0xFF, 0xFF, 0xFF, 0xFD, 0x40, 0x01, 0xBF,
    0xFF, 0xFF, 0xFF, 0xFF, 0xFF, 0xFF, 0xFF, 0x60, 0x09, 0xFF, 0xFF, 0xFF, 0xFF, 0xFF, 0xFF, 0xFF,
    0xFF, 0x60, 0x1F, 0xFF, 0xFF, 0xFF, 0xFF, 0xFF, 0xFF, 0xFF, 0xFF, 0x60, 0x6F, 0xFF, 0xFF, 0xF8,
    0x31, 0x01, 0x25, 0x8D, 0xFF, 0x60, 0x8F, 0xFF, 0xFF, 0x70, 0x00, 0x00, 0x00, 0x00, 0x39, 0x50,
    0x8F, 0xFF, 0xFF, 0x40, 0x00, 0x00, 0x00, 0x00, 0x00, 0x00, 0x7F, 0xFF, 0xFF, 0xA0, 0x00, 0x00,
    0x00, 0x00, 0x00, 0x00, 0x3F, 0xFF, 0xFF, 0xFD, 0x95, 0x20, 0x00, 0x00, 0x00, 0x00, 0x0B, 0xFF,
    0xFF, 0xFF, 0xFF, 0xFF, 0xC9, 0x50, 0x00, 0x00, 0x01, 0xDF, 0xFF, 0xFF, 0xFF, 0xFF, 0xFF, 0xFE,
    0x81, 0x00, 0x00, 0x19, 0xFF, 0xFF, 0xFF, 0xFF, 0xFF, 0xFF, 0xFD, 0x30, 0x00, 0x00, 0x17, 0xBE,
    0xFF, 0xFF, 0xFF, 0xFF, 0xFF, 0xE1, 0x00, 0x00, 0x00, 0x00, 0x35, 0x8D, 0xFF, 0xFF, 0xFF, 0xF8,
    0x00, 0x00, 0x00, 0x00, 0x00, 0x00, 0x4D, 0xFF, 0xFF, 0xFC, 0x00, 0x00, 0x00, 0x00, 0x00, 0x00,
    0x05, 0xFF, 0xFF, 0xFE, 0x58, 0x10, 0x00, 0x00, 0x00, 0x00, 0x03, 0xFF, 0xFF, 0xFF, 0x5F, 0xE7,
    0x10, 0x00, 0x00, 0x00, 0x07, 0xFF, 0xFF, 0xFD, 0x5F, 0xFF, 0xFA, 0x63, 0x10, 0x14, 0x9F, 0xFF,
    0xFF, 0xFB, 0x5F, 0xFF, 0xFF, 0xFF, 0xFF, 0xFF, 0xFF, 0xFF, 0xFF, 0xF6, 0x5F, 0xFF, 0xFF, 0xFF,
    0xFF, 0xFF, 0xFF, 0xFF, 0xFF, 0xD0, 0x5F, 0xFF, 0xFF, 0xFF, 0xFF, 0xFF, 0xFF, 0xFF, 0xFE, 0x30,
    0x16, 0xBF, 0xFF, 0xFF, 0xFF, 0xFF, 0xFF, 0xFF, 0xB2, 0x00, 0x00, 0x01, 0x48, 0xAD, 0xEF, 0xFE,
    0xDB, 0x72, 0x00, 0x00, 0x00, 0x1D, 0xFE, 0x30, 0x00, 0x03, 0xEF, 0xD1, 0x00, 0x00, 0x03, 0xFF,
    0xE2, 0x00, 0x2E, 0xFF, 0x30, 0x00, 0x00, 0x00, 0x7F, 0xFD, 0x11, 0xDF, 0xF7, 0x00, 0x00, 0x00,
    0x00, 0x0C, 0xFF, 0xCC, 0xFF, 0xC0, 0x00, 0x00, 0x00, 0x00, 0x02, 0xEF, 0xFF, 0xFE, 0x20, 0x00,
    0x00, 0x00, 0x00, 0x00, 0x6F, 0xFF, 0xF6, 0x00, 0x00, 0x00, 0x00, 0x00, 0x00, 0x00, 0x00, 0x00,
    0x00, 0x00, 0x00, 0x00, 0x00, 0x00, 0x00, 0x00, 0x00, 0x00, 0x00, 0x00, 0x00, 0x01, 0x6A, 0xCE,
    0xFE, 0xDC, 0xB9, 0x63, 0x00, 0x00, 0x6E, 0xFF, 0xFF, 0xFF, 0xFF, 0xFF, 0xFF, 0x60, 0x05, 0xFF,
    0xFF, 0xFF, 0xFF, 0xFF, 0xFF, 0xFF, 0x60, 0x0D, 0xFF, 0xFF, 0xFF, 0xFF, 0xFF, 0xFF, 0xFF, 0x60,
    0x2F, 0xFF, 0xFF, 0xB3, 0x10, 0x14, 0x7C, 0xFF, 0x60, 0x3F, 0xFF, 0xFF, 0x10, 0x00, 0x00, 0x00,
    0x29, 0x50, 0x2F, 0xFF, 0xFF, 0x40, 0x00, 0x00, 0x00, 0x00, 0x00, 0x0E, 0xFF, 0xFF, 0xFB, 0x86,
    0x42, 0x00, 0x00, 0x00, 0x07, 0xFF, 0xFF, 0xFF, 0xFF, 0xFF, 0xEA, 0x50, 0x00, 0x00, 0x8F, 0xFF,
    0xFF, 0xFF, 0xFF, 0xFF, 0xFD, 0x30, 0x00, 0x02, 0x8C, 0xFF, 0xFF, 0xFF, 0xFF, 0xFF, 0xD0, 0x00,
    0x00, 0x00, 0x02, 0x46, 0x9E, 0xFF, 0xFF, 0xF5, 0x00, 0x00, 0x00, 0x00, 0x00, 0x03, 0xFF, 0xFF,
    0xF8, 0x0B, 0x40, 0x00, 0x00, 0x00, 0x02, 0xFF, 0xFF, 0xF9, 0x0E, 0xFD, 0x95, 0x21, 0x01, 0x4C,
    0xFF, 0xFF, 0xF7, 0x0E, 0xFF, 0xFF, 0xFF, 0xFF, 0xFF, 0xFF, 0xFF, 0xF3, 0x0E, 0xFF, 0xFF, 0xFF,
    0xFF, 0xFF, 0xFF, 0xFF, 0x90, 0x0E, 0xFF, 0xFF, 0xFF, 0xFF, 0xFF, 0xFF, 0xF8, 0x00, 0x01, 0x47,
    0xAC, 0xDE, 0xFF, 0xED, 0xA6, 0x10, 0x00, 0xCF, 0xFF, 0xFF, 0xFF, 0xFF, 0xFF, 0xFF, 0xFF, 0xFF,
    0xFF, 0xFF, 0xF0, 0xCF, 0xFF, 0xFF, 0xFF, 0xFF, 0xFF, 0xFF, 0xFF, 0xFF, 0xFF, 0xFF, 0xF0, 0xCF,
    0xFF, 0xFF, 0xFF, 0xFF, 0xFF, 0xFF, 0xFF, 0xFF, 0xFF, 0xFF, 0xF0, 0xCF, 0xFF, 0xFF, 0xFF, 0xFF,
    0xFF, 0xFF, 0xFF, 0xFF, 0xFF, 0xFF, 0xF0, 0xCF, 0xFF, 0xFF, 0xFF, 0xFF, 0xFF, 0xFF, 0xFF, 0xFF,
    0xFF, 0xFF, 0xF0, 0x00, 0x00, 0x00, 0x00, 0x9F, 0xFF, 0xFF, 0xC0, 0x00, 0x00, 0x00, 0x00, 0x00,
    0x00, 0x00, 0x00, 0x9F, 0xFF, 0xFF, 0xC0, 0x00, 0x00, 0x00, 0x00, 0x00, 0x00, 0x00, 0x00, 0x9F,
    0xFF, 0xFF, 0xC0, 0x00, 0x00, 0x00, 0x00, 0x00, 0x00, 0x00, 0x00, 0x9F, 0xFF, 0xFF, 0xC0, 0x00,
    0x00, 0x00, 0x00, 0x00, 0x00, 0x00, 0x00, 0x9F, 0xFF, 0xFF, 0xC0, 0x00, 0x00, 0x00, 0x00, 0x00,
    0x00, 0x00, 0x00, 0x9F, 0xFF, 0xFF, 0xC0, 0x00, 0x00, 0x00, 0x00, 0x00, 0x00, 0x00, 0x00, 0x9F,
    0xFF, 0xFF, 0xC0, 0x00, 0x00, 0x00, 0x00, 0x00, 0x00, 0x00, 0x00, 0x9F, 0xFF, 0xFF, 0xC0, 0x00,
    0x00, 0x00, 0x00, 0x00, 0x00, 0x00, 0x00, 0x9F, 0xFF, 0xFF, 0xC0, 0x00, 0x00, 0x00, 0x00, 0x00,
    0x00, 0x00, 0x00, 0x9F, 0xFF, 0xFF, 0xC0, 0x00, 0x00, 0x00, 0x00, 0x00, 0x00, 0x00, 0x00, 0x9F,
    0xFF, 0xFF, 0xC0, 0x00, 0x00, 0x00, 0x00, 0x00, 0x00, 0x00, 0x00, 0x9F, 0xFF, 0xFF, 0xC0, 0x00,
    0x00, 0x00, 0x00, 0x00, 0x00, 0x00, 0x00, 0x9F, 0xFF, 0xFF, 0xC0, 0x00, 0x00, 0x00, 0x00, 0x00,
    0x00, 0x00, 0x00, 0x9F, 0xFF, 0xFF, 0xC0, 0x00, 0x00, 0x00, 0x00, 0x00, 0x00, 0x00, 0x00, 0x9F,
    0xFF, 0xFF, 0xC0, 0x00, 0x00, 0x00, 0x00, 0x00, 0x00, 0x00, 0x00, 0x9F, 0xFF, 0xFF, 0xC0, 0x00,
    0x00, 0x00, 0x00, 0x00, 0x00, 0x00, 0x00, 0x9F, 0xFF, 0xFF, 0xC0, 0x00, 0x00, 0x00, 0x00, 0x00,
    0x00, 0x00, 0x00, 0x9F, 0xFF, 0xFF, 0xC0, 0x00, 0x00, 0x00, 0x00, 0x00, 0x00, 0x00, 0x00, 0x9F,
    0xFF, 0xFF, 0xC0, 0x00, 0x00, 0x00, 0x00, 0x00, 0x00, 0x00, 0x00, 0x9F, 0xFF, 0xFF, 0xC0, 0x00,
    0x00, 0x00, 0x00, 0x00, 0x00, 0x00, 0x00, 0x00, 0x0D, 0xF8, 0x00, 0x00, 0x00, 0x00, 0x00, 0x00,
    0x00, 0x00, 0x00, 0x00, 0x05, 0xFF, 0x40, 0x00, 0x00, 0x00, 0x00, 0x00, 0x00, 0x00, 0x00, 0x00,
    0x00, 0xDF, 0xB0, 0x00, 0x00, 0x00, 0x00, 0x00, 0x00, 0x00, 0x00, 0x00, 0x00, 0xCF, 0xF0, 0x00,
    0x00, 0x00, 0x00, 0x00, 0x00, 0x00, 0x07, 0x72, 0x15, 0xFF, 0xE0, 0x00, 0x00, 0x00, 0x00, 0x00,
    0x00, 0x00, 0x08, 0xFF, 0xFF, 0xFF, 0x80, 0x00, 0x00, 0x00, 0x00, 0x00, 0x00, 0x00, 0x08, 0xFF,
    0xFF, 0xC7, 0x00, 0x00, 0x00, 0x00, 0x00, 0x00, 0x09, 0xFF, 0xFF, 0xF5, 0x00, 0x00, 0x00, 0x00,
    0x09, 0xFF, 0xFF, 0xF5, 0x00, 0x00, 0x00, 0x00, 0x09, 0xFF, 0xFF, 0xF5, 0x00, 0x00, 0x00, 0x00,
    0x09, 0xFF, 0xFF, 0xF5, 0x00, 0x00, 0x00, 0x00, 0x09, 0xFF, 0xFF, 0xF5, 0x00, 0x00, 0x00, 0x8F,
    0xFF, 0xFF, 0xFF, 0xFF, 0xFF, 0xFF, 0xF7, 0x8F, 0xFF, 0xFF, 0xFF, 0xFF, 0xFF, 0xFF, 0xF7, 0x8F,
    0xFF, 0xFF, 0xFF, 0xFF, 0xFF, 0xFF, 0xF7, 0x8F, 0xFF, 0xFF, 0xFF, 0xFF, 0xFF, 0xFF, 0xF7, 0x00,
    0x09, 0xFF, 0xFF, 0xF5, 0x00, 0x00, 0x00, 0x00, 0x09, 0xFF, 0xFF, 0xF5, 0x00, 0x00, 0x00, 0x00,
    0x09, 0xFF, 0xFF, 0xF5, 0x00, 0x00, 0x00, 0x00, 0x09, 0xFF, 0xFF, 0xF5, 0x00, 0x00, 0x00, 0x00,
    0x09, 0xFF, 0xFF, 0xF5, 0x00, 0x00, 0x00, 0x00, 0x09, 0xFF, 0xFF, 0xF5, 0x00, 0x00, 0x00, 0x00,
    0x09, 0xFF, 0xFF, 0xF5, 0x00, 0x00, 0x00, 0x00, 0x09, 0xFF, 0xFF, 0xF5, 0x00, 0x00, 0x00, 0x00,
    0x09, 0xFF, 0xFF, 0xF5, 0x00, 0x00, 0x00, 0x00, 0x08, 0xFF, 0xFF, 0xF7, 0x00, 0x00, 0x00, 0x00,
    0x07, 0xFF, 0xFF, 0xFD, 0x30, 0x00, 0x00, 0x00, 0x03, 0xFF, 0xFF, 0xFF, 0xFF, 0xFF, 0xE0, 0x00,
    0x00, 0xCF, 0xFF, 0xFF, 0xFF, 0xFF, 0xE0, 0x00, 0x00, 0x3E, 0xFF, 0xFF, 0xFF, 0xFF, 0xE0, 0x00,
    0x00, 0x01, 0x7C, 0xEF, 0xFF, 0xFF, 0xE0, 0x00, 0x00, 0x00, 0x01, 0xEF, 0x60, 0x00, 0x00, 0x00,
    0x00, 0x00, 0x00, 0x7F, 0xF2, 0x00, 0x00, 0x00, 0x00, 0x00, 0x00, 0x1F, 0xF9, 0x00, 0x00, 0x00,
    0x00, 0x00, 0x00, 0x0E, 0xFD, 0x00, 0x00, 0x00, 0x00, 0x86, 0x21, 0x7F, 0xFC, 0x00, 0x00, 0x00,
    0x00, 0xAF, 0xFF, 0xFF, 0xF6, 0x00, 0x00, 0x00, 0x00, 0xAF, 0xFF, 0xEC, 0x60, 0x00, 0x00, 0x00,
    0x00, 0x04, 0xFF, 0xC2, 0x00, 0x01, 0xBF, 0xF5, 0x00, 0x00, 0x00, 0x00, 0x00, 0x00, 0x5F, 0xFE,
    0x50, 0x4E, 0xFF, 0x60, 0x00, 0x00, 0x00, 0x00, 0x00, 0x00, 0x06, 0xFF, 0xFB, 0xFF, 0xF7, 0x00,
    0x00, 0x00, 0x00, 0x00, 0x00, 0x00, 0x00, 0x7F, 0xFF, 0xFF, 0x80, 0x00, 0x00, 0x00, 0x00, 0x00,
    0x00, 0x00, 0x00, 0x00, 0x00, 0x00, 0x00, 0x00, 0x00, 0x00, 0x00, 0x00, 0x00, 0x00, 0x00, 0x00,
    0x00, 0x00, 0x00, 0x00, 0x00, 0x00, 0x00, 0xCF, 0xFF, 0xFF, 0xFF, 0xFF, 0xFF, 0xFF, 0xFF, 0xFF,
    0xFF, 0xFF, 0xF0, 0xCF, 0xFF, 0xFF, 0xFF, 0xFF, 0xFF, 0xFF, 0xFF, 0xFF, 0xFF, 0xFF, 0xF0, 0xCF,
    0xFF, 0xFF, 0xFF, 0xFF, 0xFF, 0xFF, 0xFF, 0xFF, 0xFF, 0xFF, 0xF0, 0xCF, 0xFF, 0xFF, 0xFF, 0xFF,
    0xFF, 0xFF, 0xFF, 0xFF, 0xFF, 0xFF, 0xF0, 0xCF, 0xFF, 0xFF, 0xFF, 0xFF, 0xFF, 0xFF, 0xFF, 0xFF,
    0xFF, 0xFF, 0xF0, 0x00, 0x00, 0x00, 0x00, 0x9F, 0xFF, 0xFF, 0xC0, 0x00, 0x00, 0x00, 0x00, 0x00,
    0x00, 0x00, 0x00, 0x9F, 0xFF, 0xFF, 0xC0, 0x00, 0x00, 0x00, 0x00, 0x00, 0x00, 0x00, 0x00, 0x9F,
    0xFF, 0xFF, 0xC0, 0x00, 0x00, 0x00, 0x00, 0x00, 0x00, 0x00, 0x00, 0x9F, 0xFF, 0xFF, 0xC0, 0x00,
    0x00, 0x00, 0x00, 0x00, 0x00, 0x00, 0x00, 0x9F, 0xFF, 0xFF, 0xC0, 0x00, 0x00, 0x00, 0x00, 0x00,
    0x00, 0x00, 0x00, 0x9F, 0xFF, 0xFF, 0xC0, 0x00, 0x00, 0x00, 0x00, 0x00, 0x00, 0x00, 0x00, 0x9F,
    0xFF, 0xFF, 0xC0, 0x00, 0x00, 0x00, 0x00, 0x00, 0x00, 0x00, 0x00, 0x9F, 0xFF, 0xFF, 0xC0, 0x00,
    0x00, 0x00, 0x00, 0x00, 0x00, 0x00, 0x00, 0x9F, 0xFF, 0xFF, 0xC0, 0x00, 0x00, 0x00, 0x00, 0x00,
    0x00, 0x00, 0x00, 0x9F, 0xFF, 0xFF, 0xC0, 0x00, 0x00, 0x00, 0x00, 0x00, 0x00, 0x00, 0x00, 0x9F,
    0xFF, 0xFF, 0xC0, 0x00, 0x00, 0x00, 0x00, 0x00, 0x00, 0x00, 0x00, 0x9F, 0xFF, 0xFF, 0xC0, 0x00,
    0x00, 0x00, 0x00, 0x00, 0x00, 0x00, 0x00, 0x9F, 0xFF, 0xFF, 0xC0, 0x00, 0x00, 0x00, 0x00, 0x00,
    0x00, 0x00, 0x00, 0x9F, 0xFF, 0xFF, 0xC0, 0x00, 0x00, 0x00, 0x00, 0x00, 0x00, 0x00, 0x00, 0x9F,
    0xFF, 0xFF, 0xC0, 0x00, 0x00, 0x00, 0x00, 0x00, 0x00, 0x00, 0x00, 0x9F, 0xFF, 0xFF, 0xC0, 0x00,
    0x00, 0x00, 0x00, 0x00, 0x00, 0x00, 0x00, 0x9F, 0xFF, 0xFF, 0xC0, 0x00, 0x00, 0x00, 0x00, 0x00,
    0x00, 0x00, 0x00, 0x9F, 0xFF, 0xFF, 0xC0, 0x00, 0x00, 0x00, 0x00, 0x00, 0x00, 0x00, 0x00, 0x9F,
    0xFF, 0xFF, 0xC0, 0x00, 0x00, 0x00, 0x00, 0x00, 0x00, 0x00, 0x00, 0x9F, 0xFF, 0xFF, 0xC0, 0x00,
    0x00, 0x00, 0x00, 0x00, 0x00, 0x00, 0x00, 0x00, 0x00, 0x9F, 0xFF, 0xE1, 0x00, 0x00, 0x00, 0x00,
    0x00, 0x00, 0xCF, 0xFF, 0x80, 0x00, 0x00, 0x00, 0x00, 0x00, 0x00, 0xFF, 0xFF, 0x20, 0x00, 0x09,
    0xFF, 0xFF, 0xF5, 0x03, 0xFF, 0xF9, 0x00, 0x00, 0x09, 0xFF, 0xFF, 0xF5, 0x07, 0xFF, 0xF2, 0x00,
    0x00, 0x09, 0xFF, 0xFF, 0xF5, 0x0A, 0xFF, 0xA0, 0x00, 0x00, 0x09, 0xFF, 0xFF, 0xF5, 0x00, 0x00,
    0x00, 0x00, 0x00, 0x09, 0xFF, 0xFF, 0xF5, 0x00, 0x00, 0x00, 0x00, 0x8F, 0xFF, 0xFF, 0xFF, 0xFF,
    0xFF, 0xFF, 0xF7, 0x00, 0x8F, 0xFF, 0xFF, 0xFF, 0xFF, 0xFF, 0xFF, 0xF7, 0x00, 0x8F, 0xFF, 0xFF,
    0xFF, 0xFF, 0xFF, 0xFF, 0xF7, 0x00, 0x8F, 0xFF, 0xFF, 0xFF, 0xFF, 0xFF, 0xFF, 0xF7, 0x00, 0x00,
    0x09, 0xFF, 0xFF, 0xF5, 0x00, 0x00, 0x00, 0x00, 0x00, 0x09, 0xFF, 0xFF, 0xF5, 0x00, 0x00, 0x00,
    0x00, 0x00, 0x09, 0xFF, 0xFF, 0xF5, 0x00, 0x00, 0x00, 0x00, 0x00, 0x09, 0xFF, 0xFF, 0xF5, 0x00,
    0x00, 0x00, 0x00, 0x00, 0x09, 0xFF, 0xFF, 0xF5, 0x00, 0x00, 0x00, 0x00, 0x00, 0x09, 0xFF, 0xFF,
    0xF5, 0x00, 0x00, 0x00, 0x00, 0x00, 0x09, 0xFF, 0xFF, 0xF5, 0x00, 0x00, 0x00, 0x00, 0x00, 0x09,
    0xFF, 0xFF, 0xF5, 0x00, 0x00, 0x00, 0x00, 0x00, 0x09, 0xFF, 0xFF, 0xF5, 0x00, 0x00, 0x00, 0x00,
    0x00, 0x08, 0xFF, 0xFF, 0xF7, 0x00, 0x00, 0x00, 0x00, 0x00, 0x07, 0xFF, 0xFF, 0xFD, 0x30, 0x00,
    0x00, 0x00, 0x00, 0x03, 0xFF, 0xFF, 0xFF, 0xFF, 0xFF, 0xE0, 0x00, 0x00, 0x00, 0xCF, 0xFF, 0xFF,
    0xFF, 0xFF, 0xE0, 0x00, 0x00, 0x00, 0x3E, 0xFF, 0xFF, 0xFF, 0xFF, 0xE0, 0x00, 0x00, 0x00, 0x01,
    0x7C, 0xEF, 0xFF, 0xFF, 0xE0, 0x00, 0xCF, 0xFF, 0xFF, 0xFF, 0xFF, 0xFF, 0xFF, 0xFF, 0xFF, 0xFF,
    0xFF, 0xF0, 0xCF, 0xFF, 0xFF, 0xFF, 0xFF, 0xFF, 0xFF, 0xFF, 0xFF, 0xFF, 0xFF, 0xF0, 0xCF, 0xFF,
    0xFF, 0xFF, 0xFF, 0xFF, 0xFF, 0xFF, 0xFF, 0xFF, 0xFF, 0xF0, 0xCF, 0xFF, 0xFF, 0xFF, 0xFF, 0xFF,
    0xFF, 0xFF, 0xFF, 0xFF, 0xFF, 0xF0, 0xCF, 0xFF, 0xFF, 0xFF, 0xFF, 0xFF, 0xFF, 0xFF, 0xFF, 0xFF,
    0xFF, 0xF0, 0x00, 0x00, 0x00, 0x00, 0x9F, 0xFF, 0xFF, 0xC0, 0x00, 0x00, 0x00, 0x00, 0x00, 0x00,
    0x00, 0x00, 0x9F, 0xFF, 0xFF, 0xC0, 0x00, 0x00, 0x00, 0x00, 0x00, 0x00, 0x00, 0x00, 0x9F, 0xFF,
    0xFF, 0xC0, 0x00, 0x00, 0x00, 0x00, 0x00, 0x00, 0x00, 0x00, 0x9F, 0xFF, 0xFF, 0xC0, 0x00, 0x00,
    0x00, 0x00, 0x00, 0x00, 0x00, 0x00, 0x9F, 0xFF, 0xFF, 0xC0, 0x00, 0x00, 0x00, 0x00, 0x00, 0x00,
    0x00, 0x00, 0x9F, 0xFF, 0xFF, 0xC0, 0x00, 0x00, 0x00, 0x00, 0x00, 0x00, 0x00, 0x00, 0x9F, 0xFF,
    0xFF, 0xC0, 0x00, 0x00, 0x00, 0x00, 0x00, 0x00, 0xBF, 0xFF, 0xFF, 0xFF, 0xFF, 0xFF, 0xFF, 0xD0,
    0x00, 0x00, 0x00, 0x00, 0xBF, 0xFF, 0xFF, 0xFF, 0xFF, 0xFF, 0xFF, 0xD0, 0x00, 0x00, 0x00, 0x00,
    0xBF, 0xFF, 0xFF, 0xFF, 0xFF, 0xFF, 0xFF, 0xD0, 0x00, 0x00, 0x00, 0x00, 0xBF, 0xFF, 0xFF, 0xFF,
    0xFF, 0xFF, 0xFF, 0xD0, 0x00, 0x00, 0x00, 0x00, 0x00, 0x00, 0x9F, 0xFF, 0xFF, 0xC0, 0x00, 0x00,
    0x00, 0x00, 0x00, 0x00, 0x00, 0x00, 0x9F, 0xFF, 0xFF, 0xC0, 0x00, 0x00, 0x00, 0x00, 0x00, 0x00,
    0x00, 0x00, 0x9F, 0xFF, 0xFF, 0xC0, 0x00, 0x00, 0x00, 0x00, 0x00, 0x00, 0x00, 0x00, 0x9F, 0xFF,
    0xFF, 0xC0, 0x00, 0x00, 0x00, 0x00, 0x00, 0x00, 0x00, 0x00, 0x9F, 0xFF, 0xFF, 0xC0, 0x00, 0x00,
    0x00, 0x00, 0x00, 0x00, 0x00, 0x00, 0x9F, 0xFF, 0xFF, 0xC0, 0x00, 0x00, 0x00, 0x00, 0x00, 0x00,
    0x00, 0x00, 0x9F, 0xFF, 0xFF, 0xC0, 0x00, 0x00, 0x00, 0x00, 0x00, 0x00, 0x00, 0x00, 0x9F, 0xFF,
    0xFF, 0xC0, 0x00, 0x00, 0x00, 0x00, 0x00, 0x00, 0x00, 0x00, 0x9F, 0xFF, 0xFF, 0xC0, 0x00, 0x00,
    0x00, 0x00, 0x00, 0x09, 0xFF, 0xFF, 0xF5, 0x00, 0x00, 0x00, 0x00, 0x09, 0xFF, 0xFF, 0xF5, 0x00,
    0x00, 0x00, 0x00, 0x09, 0xFF, 0xFF, 0xF5, 0x00, 0x00, 0x00, 0x00, 0x09, 0xFF, 0xFF, 0xF5, 0x00,
    0x00, 0x00, 0x00, 0x09, 0xFF, 0xFF, 0xF5, 0x00, 0x00, 0x00, 0x8F, 0xFF, 0xFF, 0xFF, 0xFF, 0xFF,
    0xFF, 0xF7, 0x8F, 0xFF, 0xFF, 0xFF, 0xFF, 0xFF, 0xFF, 0xF7, 0x8F, 0xFF, 0xFF, 0xFF, 0xFF, 0xFF,
    0xFF, 0xF7, 0x8F, 0xFF, 0xFF, 0xFF, 0xFF, 0xFF, 0xFF, 0xF7, 0x00, 0x09, 0xFF, 0xFF, 0xF5, 0x00,
    0x00, 0x00, 0x00, 0x09, 0xFF, 0xFF, 0xF5, 0x00, 0x00, 0x00, 0x8F, 0xFF, 0xFF, 0xFF, 0xFF, 0xFF,
    0xFF, 0xF7, 0x8F, 0xFF, 0xFF, 0xFF, 0xFF, 0xFF, 0xFF, 0xF7, 0x8F, 0xFF, 0xFF, 0xFF, 0xFF, 0xFF,
    0xFF, 0xF7, 0x8F, 0xFF, 0xFF, 0xFF, 0xFF, 0xFF, 0xFF, 0xF7, 0x00, 0x09, 0xFF, 0xFF, 0xF5, 0x00,
    0x00, 0x00, 0x00, 0x09, 0xFF, 0xFF, 0xF5, 0x00, 0x00, 0x00, 0x00, 0x08, 0xFF, 0xFF, 0xF6, 0x00,
    0x00, 0x00, 0x00, 0x07, 0xFF, 0xFF, 0xF8, 0x00, 0x00, 0x00, 0x00, 0x05, 0xFF, 0xFF, 0xFE, 0x40,
    0x00, 0x00, 0x00, 0x01, 0xFF, 0xFF, 0xFF, 0xFF, 0xFF, 0xE0, 0x00, 0x00, 0x9F, 0xFF, 0xFF, 0xFF,
    0xFF, 0xE0, 0x00, 0x00, 0x1C, 0xFF, 0xFF, 0xFF, 0xFF, 0xE0, 0x00, 0x00, 0x00, 0x6B, 0xEF, 0xFF,
    0xFF, 0xE0, 0x00, 0x00, 0x00, 0x5D, 0xEA, 0x10, 0x00, 0xCF, 0x80, 0x00, 0x00, 0x00, 0x00, 0x03,
    0xFF, 0xFF, 0xD2, 0x00, 0xDF, 0x60, 0x00, 0x00, 0x00, 0x00, 0x0A, 0xFF, 0xFF, 0xFD, 0x34, 0xFF,
    0x40, 0x00, 0x00, 0x00, 0x00, 0x0D, 0xFB, 0x15, 0xDF, 0xFF, 0xFC, 0x00, 0x00, 0x00, 0x00, 0x00,
    0x0E, 0xF6, 0x00, 0x18, 0xDF, 0xB2, 0x00, 0x00, 0x00, 0x00, 0x00, 0x00, 0x00, 0x00, 0x00, 0x00,
    0x00, 0x00, 0x00, 0x00, 0x00, 0x00, 0x00, 0x00, 0x00, 0x00, 0x00, 0x00, 0x00, 0x00, 0x00, 0xDF,
    0xFF, 0xFF, 0x80, 0x00, 0x00, 0x00, 0x0E, 0xFF, 0xFF, 0xF7, 0xDF, 0xFF, 0xFF, 0x80, 0x00, 0x00,
    0x00, 0x0E, 0xFF, 0xFF, 0xF7, 0xDF, 0xFF, 0xFF, 0x80, 0x00, 0x00, 0x00, 0x0E, 0xFF, 0xFF, 0xF7,
    0xDF, 0xFF, 0xFF, 0x80, 0x00, 0x00, 0x00, 0x0E, 0xFF, 0xFF, 0xF7, 0xDF, 0xFF, 0xFF, 0x80, 0x00,
    0x00, 0x00, 0x0E, 0xFF, 0xFF, 0xF7, 0xDF, 0xFF, 0xFF, 0x80, 0x00, 0x00, 0x00, 0x0E, 0xFF, 0xFF,
    0xF7, 0xDF, 0xFF, 0xFF, 0x80, 0x00, 0x00, 0x00, 0x0E, 0xFF, 0xFF, 0xF7, 0xDF, 0xFF, 0xFF, 0x80,
    0x00, 0x00, 0x00, 0x0E, 0xFF, 0xFF, 0xF7, 0xDF, 0xFF, 0xFF, 0x80, 0x00, 0x00, 0x00, 0x0E, 0xFF,
    0xFF, 0xF7, 0xDF, 0xFF, 0xFF, 0x80, 0x00, 0x00, 0x00, 0x0E, 0xFF, 0xFF, 0xF7, 0xDF, 0xFF, 0xFF,
    0x80, 0x00, 0x00, 0x00, 0x0E, 0xFF, 0xFF, 0xF7, 0xDF, 0xFF, 0xFF, 0x80, 0x00, 0x00, 0x00, 0x0E,
    0xFF, 0xFF, 0xF7, 0xDF, 0xFF, 0xFF, 0x80, 0x00, 0x00, 0x00, 0x0E, 0xFF, 0xFF, 0xF7, 0xDF, 0xFF,
    0xFF, 0x80, 0x00, 0x00, 0x00, 0x0E, 0xFF, 0xFF, 0xF7, 0xDF, 0xFF, 0xFF, 0x80, 0x00, 0x00, 0x00,
    0x0E, 0xFF, 0xFF, 0xF7, 0xCF, 0xFF, 0xFF, 0x80, 0x00, 0x00, 0x00, 0x0E, 0xFF, 0xFF, 0xF6, 0xBF,
    0xFF, 0xFF, 0xA0, 0x00, 0x00, 0x00, 0x1F, 0xFF, 0xFF, 0xF5, 0x9F, 0xFF, 0xFF, 0xE0, 0x00, 0x00,
    0x00, 0x5F, 0xFF, 0xFF, 0xF3, 0x5F, 0xFF, 0xFF, 0xF6, 0x00, 0x00, 0x00, 0xCF, 0xFF, 0xFF, 0xE0,
    0x1E, 0xFF, 0xFF, 0xFF, 0x82, 0x01, 0x4B, 0xFF, 0xFF, 0xFF, 0xA0, 0x09, 0xFF, 0xFF, 0xFF, 0xFF,
    0xFF, 0xFF, 0xFF, 0xFF, 0xFF, 0x30, 0x01, 0xDF, 0xFF, 0xFF, 0xFF, 0xFF, 0xFF, 0xFF, 0xFF, 0xF8,
    0x00, 0x00, 0x3D, 0xFF, 0xFF, 0xFF, 0xFF, 0xFF, 0xFF, 0xFF, 0xA0, 0x00, 0x00, 0x01, 0xAF, 0xFF,
    0xFF, 0xFF, 0xFF, 0xFF, 0xD6, 0x00, 0x00, 0x00, 0x00, 0x02, 0x7A, 0xDE, 0xFE, 0xDC, 0x95, 0x00,
    0x00, 0x00, 0x00, 0x00, 0x00, 0x8E, 0xE9, 0x20, 0x01, 0xFF, 0x40, 0x00, 0x00, 0x00, 0x08, 0xFF,
    0xFF, 0xF7, 0x16, 0xFF, 0x30, 0x00, 0x00, 0x00, 0x0E, 0xFF, 0xFF, 0xFF, 0xFF, 0xFE, 0x00, 0x00,
    0x00, 0x00, 0x2F, 0xF7, 0x17, 0xEF, 0xFF, 0xF8, 0x00, 0x00, 0x00, 0x00, 0x4F, 0xF1, 0x00, 0x2A,
    0xEE, 0x90, 0x00, 0x00, 0x00, 0x00, 0x00, 0x00, 0x00, 0x00, 0x00, 0x00, 0x00, 0x00, 0x00, 0x00,
    0x00, 0x00, 0x00, 0x00, 0x00, 0x00, 0x00, 0x00, 0x00, 0x00, 0x00, 0x00, 0x00, 0x00, 0x00, 0x00,
    0x00, 0x00, 0x5F, 0xFF, 0xFF, 0xA0, 0x00, 0x00, 0x09, 0xFF, 0xFF, 0xF5, 0x5F, 0xFF, 0xFF, 0xA0,
    0x00, 0x00, 0x09, 0xFF, 0xFF, 0xF5, 0x5F, 0xFF, 0xFF, 0xA0, 0x00, 0x00, 0x09, 0xFF, 0xFF, 0xF5,
    0x5F, 0xFF, 0xFF, 0x90, 0x00, 0x00, 0x09, 0xFF, 0xFF, 0xF5, 0x5F, 0xFF, 0xFF, 0x90, 0x00, 0x00,
    0x09, 0xFF, 0xFF, 0xF5, 0x5F, 0xFF, 0xFF, 0x90, 0x00, 0x00, 0x09, 0xFF, 0xFF, 0xF5, 0x5F, 0xFF,
    0xFF, 0x90, 0x00, 0x00, 0x09, 0xFF, 0xFF, 0xF5, 0x5F, 0xFF, 0xFF, 0x90, 0x00, 0x00, 0x09, 0xFF,
    0xFF, 0xF5, 0x5F, 0xFF, 0xFF, 0x90, 0x00, 0x00, 0x09, 0xFF, 0xFF, 0xF5, 0x5F, 0xFF, 0xFF, 0x90,
    0x00, 0x00, 0x0A, 0xFF, 0xFF, 0xF5, 0x5F, 0xFF, 0xFF, 0xA0, 0x00, 0x00, 0x0B, 0xFF, 0xFF, 0xF5,
    0x5F, 0xFF, 0xFF, 0xB0, 0x00, 0x00, 0x1F, 0xFF, 0xFF, 0xF5, 0x4F, 0xFF, 0xFF, 0xE1, 0x00, 0x00,
    0x9F, 0xFF, 0xFF, 0xF5, 0x1F, 0xFF, 0xFF, 0xFC, 0x20, 0x29, 0xFF, 0xFF, 0xFF, 0xF5, 0x0D, 0xFF,
    0xFF, 0xFF, 0xFF, 0xFF, 0xFF, 0xFF, 0xFF, 0xF5, 0x07, 0xFF, 0xFF, 0xFF, 0xFF, 0xFF, 0xFF, 0xFF,
    0xFF, 0xF5, 0x01, 0xDF, 0xFF, 0xFF, 0xFF, 0xFF, 0xCA, 0xFF, 0xFF, 0xF5, 0x00, 0x3D, 0xFF, 0xFF,
    0xFF, 0xFA, 0x19, 0xFF, 0xFF, 0xF5, 0x00, 0x01, 0x7C, 0xEF, 0xDA, 0x40, 0x09, 0xFF, 0xFF, 0xF5,
    0x00, 0x00, 0x06, 0xFF, 0xFF, 0xFF, 0xFF, 0xFF, 0x10, 0x00, 0x00, 0x00, 0x00, 0x06, 0xFF, 0xFF,
    0xFF, 0xFF, 0xFF, 0x10, 0x00, 0x00, 0x00, 0x00, 0x06, 0xFF, 0xFF, 0xFF, 0xFF, 0xFF, 0x10, 0x00,
    0x00, 0x00, 0x00, 0x00, 0x00, 0x00, 0x00, 0x00, 0x00, 0x00, 0x00, 0x00, 0x00, 0x00, 0x00, 0x00,
    0x00, 0x00, 0x00, 0x00, 0x00, 0x00, 0x00, 0x00, 0x00, 0x00, 0x00, 0x00, 0x00, 0x00, 0x00, 0x00,
    0x00, 0x00, 0xDF, 0xFF, 0xFF, 0x80, 0x00, 0x00, 0x00, 0x0E, 0xFF, 0xFF, 0xF7, 0xDF, 0xFF, 0xFF,
    0x80, 0x00, 0x00, 0x00, 0x0E, 0xFF, 0xFF, 0xF7, 0xDF, 0xFF, 0xFF, 0x80, 0x00, 0x00, 0x00, 0x0E,
    0xFF, 0xFF, 0xF7, 0xDF, 0xFF, 0xFF, 0x80, 0x00, 0x00, 0x00, 0x0E, 0xFF, 0xFF, 0xF7, 0xDF, 0xFF,
    0xFF, 0x80, 0x00, 0x00, 0x00, 0x0E, 0xFF, 0xFF, 0xF7, 0xDF, 0xFF, 0xFF, 0x80, 0x00, 0x00, 0x00,
    0x0E, 0xFF, 0xFF, 0xF7, 0xDF, 0xFF, 0xFF, 0x80, 0x00, 0x00, 0x00, 0x0E, 0xFF, 0xFF, 0xF7, 0xDF,
    0xFF, 0xFF, 0x80, 0x00, 0x00, 0x00, 0x0E, 0xFF, 0xFF, 0xF7, 0xDF, 0xFF, 0xFF, 0x80, 0x00, 0x00,
    0x00, 0x0E, 0xFF, 0xFF, 0xF7, 0xDF, 0xFF, 0xFF, 0x80, 0x00, 0x00, 0x00, 0x0E, 0xFF, 0xFF, 0xF7,
    0xDF, 0xFF, 0xFF, 0x80, 0x00, 0x00, 0x00, 0x0E, 0xFF, 0xFF, 0xF7, 0xDF, 0xFF, 0xFF, 0x80, 0x00,
    0x00, 0x00, 0x0E, 0xFF, 0xFF, 0xF7, 0xDF, 0xFF, 0xFF, 0x80, 0x00, 0x00, 0x00, 0x0E, 0xFF, 0xFF,
    0xF7, 0xDF, 0xFF, 0xFF, 0x80, 0x00, 0x00, 0x00, 0x0E, 0xFF, 0xFF, 0xF7, 0xDF, 0xFF, 0xFF, 0x80,
    0x00, 0x00, 0x00, 0x0E, 0xFF, 0xFF, 0xF7, 0xCF, 0xFF, 0xFF, 0x80, 0x00, 0x00, 0x00, 0x0E, 0xFF,
    0xFF, 0xF6, 0xBF, 0xFF, 0xFF, 0xA0, 0x00, 0x00, 0x00, 0x1F, 0xFF, 0xFF, 0xF5, 0x9F, 0xFF, 0xFF,
    0xE0, 0x00, 0x00, 0x00, 0x5F, 0xFF, 0xFF, 0xF3, 0x5F, 0xFF, 0xFF, 0xF6, 0x00, 0x00, 0x00, 0xCF,
    0xFF, 0xFF, 0xE0, 0x1E, 0xFF, 0xFF, 0xFF, 0x82, 0x01, 0x4B, 0xFF, 0xFF, 0xFF, 0xA0, 0x09, 0xFF,
    0xFF, 0xFF, 0xFF, 0xFF, 0xFF, 0xFF, 0xFF, 0xFF, 0x30, 0x01, 0xDF, 0xFF, 0xFF, 0xFF, 0xFF, 0xFF,
    0xFF, 0xFF, 0xF8, 0x00, 0x00, 0x3D, 0xFF, 0xFF, 0xFF, 0xFF, 0xFF, 0xFF, 0xFF, 0xA0, 0x00, 0x00,
    0x01, 0xAF, 0xFF, 0xFF, 0xFF, 0xFF, 0xFF, 0xD6, 0x00, 0x00, 0x00, 0x00, 0x02, 0x7A, 0xDE, 0xFE,
    0xDC, 0x95, 0x00, 0x00, 0x00, 0x00, 0x00, 0x4F, 0xFF, 0xFF, 0xFF, 0xFF, 0xF4, 0x00, 0x00, 0x00,
    0x00, 0x4F, 0xFF, 0xFF, 0xFF, 0xFF, 0xF4, 0x00, 0x00, 0x00, 0x00, 0x4F, 0xFF, 0xFF, 0xFF, 0xFF,
    0xF4, 0x00, 0x00, 0x00, 0x00, 0x00, 0x00, 0x00, 0x00, 0x00, 0x00, 0x00, 0x00, 0x00, 0x00, 0x00,
    0x00, 0x00, 0x00, 0x00, 0x00, 0x00, 0x00, 0x00, 0x00, 0x00, 0x00, 0x00, 0x00, 0x00, 0x00, 0x00,
    0x00, 0x00, 0x00, 0x00, 0x00, 0x00, 0x00, 0x00, 0x00, 0x00, 0x00, 0x5F, 0xFF, 0xFF, 0xA0, 0x00,
    0x00, 0x09, 0xFF, 0xFF, 0xF5, 0x5F, 0xFF, 0xFF, 0xA0, 0x00, 0x00, 0x09, 0xFF, 0xFF, 0xF5, 0x5F,
    0xFF, 0xFF, 0xA0, 0x00, 0x00, 0x09, 0xFF, 0xFF, 0xF5, 0x5F, 0xFF, 0xFF, 0x90, 0x00, 0x00, 0x09,
    0xFF, 0xFF, 0xF5, 0x5F, 0xFF, 0xFF, 0x90, 0x00, 0x00, 0x09, 0xFF, 0xFF, 0xF5, 0x5F, 0xFF, 0xFF,
    0x90, 0x00, 0x00, 0x09, 0xFF, 0xFF, 0xF5, 0x5F, 0xFF, 0xFF, 0x90, 0x00, 0x00, 0x09, 0xFF, 0xFF,
    0xF5, 0x5F, 0xFF, 0xFF, 0x90, 0x00, 0x00, 0x09, 0xFF, 0xFF, 0xF5, 0x5F, 0xFF, 0xFF, 0x90, 0x00,
    0x00, 0x09, 0xFF, 0xFF, 0xF5, 0x5F, 0xFF, 0xFF, 0x90, 0x00, 0x00, 0x0A, 0xFF, 0xFF, 0xF5, 0x5F,
    0xFF, 0xFF, 0xA0, 0x00, 0x00, 0x0B, 0xFF, 0xFF, 0xF5, 0x5F, 0xFF, 0xFF, 0xB0, 0x00, 0x00, 0x1F,
    0xFF, 0xFF, 0xF5, 0x4F, 0xFF, 0xFF, 0xE1, 0x00, 0x00, 0x9F, 0xFF, 0xFF, 0xF5, 0x1F, 0xFF, 0xFF,
    0xFC, 0x20, 0x29, 0xFF, 0xFF, 0xFF, 0xF5, 0x0D, 0xFF, 0xFF, 0xFF, 0xFF, 0xFF, 0xFF, 0xFF, 0xFF,
    0xF5, 0x07, 0xFF, 0xFF, 0xFF, 0xFF, 0xFF, 0xFF, 0xFF, 0xFF, 0xF5, 0x01, 0xDF, 0xFF, 0xFF, 0xFF,
    0xFF, 0xCA, 0xFF, 0xFF, 0xF5, 0x00, 0x3D, 0xFF, 0xFF, 0xFF, 0xFA, 0x19, 0xFF, 0xFF, 0xF5, 0x00,
    0x01, 0x7C, 0xEF, 0xDA, 0x40, 0x09, 0xFF, 0xFF, 0xF5, 0x00, 0x00, 0x0A, 0xFD, 0x00, 0x00, 0x04,
    0xFF, 0x40, 0x00, 0x00, 0x00, 0x00, 0x04, 0xFF, 0xB3, 0x11, 0x5E, 0xFD, 0x00, 0x00, 0x00, 0x00,
    0x00, 0x00, 0x9F, 0xFF, 0xFF, 0xFF, 0xE4, 0x00, 0x00, 0x00, 0x00, 0x00, 0x00, 0x05, 0xAE, 0xFE,
    0xD9, 0x20, 0x00, 0x00, 0x00, 0x00, 0x00, 0x00, 0x00, 0x00, 0x00, 0x00, 0x00, 0x00, 0x00, 0x00,
    0x00, 0x00, 0x00, 0x00, 0x00, 0x00, 0x00, 0x00, 0x00, 0x00, 0x00, 0xDF, 0xFF, 0xFF, 0x80, 0x00,
    0x00, 0x00, 0x0E, 0xFF, 0xFF, 0xF7, 0xDF, 0xFF, 0xFF, 0x80, 0x00, 0x00, 0x00, 0x0E, 0xFF, 0xFF,
    0xF7, 0xDF, 0xFF, 0xFF, 0x80, 0x00, 0x00, 0x00, 0x0E, 0xFF, 0xFF, 0xF7, 0xDF, 0xFF, 0xFF, 0x80,
    0x00, 0x00, 0x00, 0x0E, 0xFF, 0xFF, 0xF7, 0xDF, 0xFF, 0xFF, 0x80, 0x00, 0x00, 0x00, 0x0E, 0xFF,
    0xFF, 0xF7, 0xDF, 0xFF, 0xFF, 0x80, 0x00, 0x00, 0x00, 0x0E, 0xFF, 0xFF, 0xF7, 0xDF, 0xFF, 0xFF,
    0x80, 0x00, 0x00, 0x00, 0x0E, 0xFF, 0xFF, 0xF7, 0xDF, 0xFF, 0xFF, 0x80, 0x00, 0x00, 0x00, 0x0E,
    0xFF, 0xFF, 0xF7, 0xDF, 0xFF, 0xFF, 0x80, 0x00, 0x00, 0x00, 0x0E, 0xFF, 0xFF, 0xF7, 0xDF, 0xFF,
    0xFF, 0x80, 0x00, 0x00, 0x00, 0x0E, 0xFF, 0xFF, 0xF7, 0xDF, 0xFF, 0xFF, 0x80, 0x00, 0x00, 0x00,
    0x0E, 0xFF, 0xFF, 0xF7, 0xDF, 0xFF, 0xFF, 0x80, 0x00, 0x00, 0x00, 0x0E, 0xFF, 0xFF, 0xF7, 0xDF,
    0xFF, 0xFF, 0x80, 0x00, 0x00, 0x00, 0x0E, 0xFF, 0xFF, 0xF7, 0xDF, 0xFF, 0xFF, 0x80, 0x00, 0x00,
    0x00, 0x0E, 0xFF, 0xFF, 0xF7, 0xDF, 0xFF, 0xFF, 0x80, 0x00, 0x00, 0x00, 0x0E, 0xFF, 0xFF, 0xF7,
    0xCF, 0xFF, 0xFF, 0x80, 0x00, 0x00, 0x00, 0x0E, 0xFF, 0xFF, 0xF6, 0xBF, 0xFF, 0xFF, 0xA0, 0x00,
    0x00, 0x00, 0x1F, 0xFF, 0xFF, 0xF5, 0x9F, 0xFF, 0xFF, 0xE0, 0x00, 0x00, 0x00, 0x5F, 0xFF, 0xFF,
    0xF3, 0x5F, 0xFF, 0xFF, 0xF6, 0x00, 0x00, 0x00, 0xCF, 0xFF, 0xFF, 0xE0, 0x1E, 0xFF, 0xFF, 0xFF,
    0x82, 0x01, 0x4B, 0xFF, 0xFF, 0xFF, 0xA0, 0x09, 0xFF, 0xFF, 0xFF, 0xFF, 0xFF, 0xFF, 0xFF, 0xFF,
    0xFF, 0x30, 0x01, 0xDF, 0xFF, 0xFF, 0xFF, 0xFF, 0xFF, 0xFF, 0xFF, 0xF8, 0x00, 0x00, 0x3D, 0xFF,
    0xFF, 0xFF, 0xFF, 0xFF, 0xFF, 0xFF, 0xA0, 0x00, 0x00, 0x01, 0xAF, 0xFF, 0xFF, 0xFF, 0xFF, 0xFF,
    0xD6, 0x00, 0x00, 0x00, 0x00, 0x02, 0x7A, 0xDE, 0xFE, 0xDC, 0x95, 0x00, 0x00, 0x00, 0x00, 0x00,
    0x0F, 0xF8, 0x00, 0x00, 0x07, 0xFF, 0x10, 0x00, 0x00, 0x00, 0x0C, 0xFF, 0x72, 0x02, 0x7F, 0xFD,
    0x00, 0x00, 0x00, 0x00, 0x07, 0xFF, 0xFF, 0xFF, 0xFF, 0xF7, 0x00, 0x00, 0x00, 0x00, 0x00, 0xAF,
    0xFF, 0xFF, 0xFF, 0xB0, 0x00, 0x00, 0x00, 0x00, 0x00, 0x06, 0xBE, 0xFE, 0xB6, 0x00, 0x00, 0x00,
    0x00, 0x00, 0x00, 0x00, 0x00, 0x00, 0x00, 0x00, 0x00, 0x00, 0x00, 0x00, 0x00, 0x00, 0x00, 0x00,
    0x00, 0x00, 0x00, 0x00, 0x00, 0x00, 0x00, 0x00, 0x00, 0x00, 0x00, 0x00, 0x00, 0x00, 0x5F, 0xFF,
    0xFF, 0xA0, 0x00, 0x00, 0x09, 0xFF, 0xFF, 0xF5, 0x5F, 0xFF, 0xFF, 0xA0, 0x00, 0x00, 0x09, 0xFF,
    0xFF, 0xF5, 0x5F, 0xFF, 0xFF, 0xA0, 0x00, 0x00, 0x09, 0xFF, 0xFF, 0xF5, 0x5F, 0xFF, 0xFF, 0x90,
    0x00, 0x00, 0x09, 0xFF, 0xFF, 0xF5, 0x5F, 0xFF, 0xFF, 0x90, 0x00, 0x00, 0x09, 0xFF, 0xFF, 0xF5,
    0x5F, 0xFF, 0xFF, 0x90, 0x00, 0x00, 0x09, 0xFF, 0xFF, 0xF5, 0x5F, 0xFF, 0xFF, 0x90, 0x00, 0x00,
    0x09, 0xFF, 0xFF, 0xF5, 0x5F, 0xFF, 0xFF, 0x90, 0x00, 0x00, 0x09, 0xFF, 0xFF, 0xF5, 0x5F, 0xFF,
    0xFF, 0x90, 0x00, 0x00, 0x09, 0xFF, 0xFF, 0xF5, 0x5F, 0xFF, 0xFF, 0x90, 0x00, 0x00, 0x0A, 0xFF,
    0xFF, 0xF5, 0x5F, 0xFF, 0xFF, 0xA0, 0x00, 0x00, 0x0B, 0xFF, 0xFF, 0xF5, 0x5F, 0xFF, 0xFF, 0xB0,
    0x00, 0x00, 0x1F, 0xFF, 0xFF, 0xF5, 0x4F, 0xFF, 0xFF, 0xE1, 0x00, 0x00, 0x9F, 0xFF, 0xFF, 0xF5,
    0x1F, 0xFF, 0xFF, 0xFC, 0x20, 0x29, 0xFF, 0xFF, 0xFF, 0xF5, 0x0D, 0xFF, 0xFF, 0xFF, 0xFF, 0xFF,
    0xFF, 0xFF, 0xFF, 0xF5, 0x07, 0xFF, 0xFF, 0xFF, 0xFF, 0xFF, 0xFF, 0xFF, 0xFF, 0xF5, 0x01, 0xDF,
    0xFF, 0xFF, 0xFF, 0xFF, 0xCA, 0xFF, 0xFF, 0xF5, 0x00, 0x3D, 0xFF, 0xFF, 0xFF, 0xFA, 0x19, 0xFF,
    0xFF, 0xF5, 0x00, 0x01, 0x7C, 0xEF, 0xDA, 0x40, 0x09, 0xFF, 0xFF, 0xF5, 0x00, 0x00, 0x00, 0x00,
    0x5C, 0xEE, 0xB3, 0x00, 0x00, 0x00, 0x00, 0x00, 0x00, 0x00, 0x09, 0xFF, 0xFF, 0xFF, 0x50, 0x00,
    0x00, 0x00, 0x00, 0x00, 0x00, 0x5F, 0xFF, 0xFF, 0xFF, 0xF2, 0x00, 0x00, 0x00, 0x00, 0x00, 0x00,
    0xBF, 0xF6, 0x11, 0x9F, 0xF7, 0x00, 0x00, 0x00, 0x00, 0x00, 0x00, 0xDF, 0xC0, 0x00, 0x0F, 0xF9,
    0x00, 0x00, 0x00, 0x00, 0x00, 0x00, 0xBF, 0xF6, 0x11, 0x9F, 0xF7, 0x00, 0x00, 0x00, 0xDF, 0xFF,
    0xFF, 0xDF, 0xFF, 0xFF, 0xFF, 0xFF, 0xFF, 0xFF, 0xF7, 0xDF, 0xFF, 0xFF, 0x89, 0xFF, 0xFF, 0xFF,
    0x6E, 0xFF, 0xFF, 0xF7, 0xDF, 0xFF, 0xFF, 0x80, 0x6C, 0xFE, 0xB3, 0x0E, 0xFF, 0xFF, 0xF7, 0xDF,
    0xFF, 0xFF, 0x80, 0x00, 0x00, 0x00, 0x0E, 0xFF, 0xFF, 0xF7, 0xDF, 0xFF, 0xFF, 0x80, 0x00, 0x00,
    0x00, 0x0E, 0xFF, 0xFF, 0xF7, 0xDF, 0xFF, 0xFF, 0x80, 0x00, 0x00, 0x00, 0x0E, 0xFF, 0xFF, 0xF7,
    0xDF, 0xFF, 0xFF, 0x80, 0x00, 0x00, 0x00, 0x0E, 0xFF, 0xFF, 0xF7, 0xDF, 0xFF, 0xFF, 0x80, 0x00,
    0x00, 0x00, 0x0E, 0xFF, 0xFF, 0xF7, 0xDF, 0xFF, 0xFF, 0x80, 0x00, 0x00, 0x00, 0x0E, 0xFF, 0xFF,
    0xF7, 0xDF, 0xFF, 0xFF, 0x80, 0x00, 0x00, 0x00, 0x0E, 0xFF, 0xFF, 0xF7, 0xDF, 0xFF, 0xFF, 0x80,
    0x00, 0x00, 0x00, 0x0E, 0xFF, 0xFF, 0xF7, 0xDF, 0xFF, 0xFF, 0x80, 0x00, 0x00, 0x00, 0x0E, 0xFF,
    0xFF, 0xF7, 0xDF, 0xFF, 0xFF, 0x80, 0x00, 0x00, 0x00, 0x0E, 0xFF, 0xFF, 0xF7, 0xDF, 0xFF, 0xFF,
    0x80, 0x00, 0x00, 0x00, 0x0E, 0xFF, 0xFF, 0xF7, 0xDF, 0xFF, 0xFF, 0x80, 0x00, 0x00, 0x00, 0x0E,
    0xFF, 0xFF, 0xF7, 0xCF, 0xFF, 0xFF, 0x80, 0x00, 0x00, 0x00, 0x0E, 0xFF, 0xFF, 0xF6, 0xBF, 0xFF,
    0xFF, 0xA0, 0x00, 0x00, 0x00, 0x1F, 0xFF, 0xFF, 0xF5, 0x9F, 0xFF, 0xFF, 0xE0, 0x00, 0x00, 0x00,
    0x5F, 0xFF, 0xFF, 0xF3, 0x5F, 0xFF, 0xFF, 0xF6, 0x00, 0x00, 0x00, 0xCF, 0xFF, 0xFF, 0xE0, 0x1E,
    0xFF, 0xFF, 0xFF, 0x82, 0x01, 0x4B, 0xFF, 0xFF, 0xFF, 0xA0, 0x09, 0xFF, 0xFF, 0xFF, 0xFF, 0xFF,
    0xFF, 0xFF, 0xFF, 0xFF, 0x30, 0x01, 0xDF, 0xFF, 0xFF, 0xFF, 0xFF, 0xFF, 0xFF, 0xFF, 0xF8, 0x00,
    0x00, 0x3D, 0xFF, 0xFF, 0xFF, 0xFF, 0xFF, 0xFF, 0xFF, 0xA0, 0x00, 0x00, 0x01, 0xAF, 0xFF, 0xFF,
    0xFF, 0xFF, 0xFF, 0xD6, 0x00, 0x00, 0x00, 0x00, 0x02, 0x7A, 0xDE, 0xFE, 0xDC, 0x95, 0x00, 0x00,
    0x00, 0x00, 0x00, 0x00, 0x03, 0xAE, 0xFC, 0x60, 0x00, 0x00, 0x00, 0x00, 0x00, 0x00, 0x5F, 0xFF,
    0xFF, 0xF9, 0x00, 0x00, 0x00, 0x00, 0x00, 0x02, 0xEF, 0xFF, 0xFF, 0xFF, 0x60, 0x00, 0x00, 0x00,
    0x00, 0x07, 0xFF, 0x92, 0x16, 0xFF, 0xB0, 0x00, 0x00, 0x00, 0x00, 0x08, 0xFF, 0x10, 0x00, 0xBF,
    0xD0, 0x00, 0x00, 0x00, 0x00, 0x07, 0xFF, 0x92, 0x16, 0xFF, 0xB0, 0x00, 0x00, 0x00, 0x00, 0x02,
    0xEF, 0xFF, 0xFF, 0xFF, 0x60, 0x00, 0x00, 0x00, 0x00, 0x00, 0x5F, 0xFF, 0xFF, 0xFA, 0x00, 0x00,
    0x00, 0x00, 0x00, 0x00, 0x03, 0xBE, 0xFC, 0x60, 0x00, 0x00, 0x00, 0x00, 0x00, 0x00, 0x00, 0x00,
    0x00, 0x00, 0x00, 0x00, 0x00, 0x00, 0x00, 0x00, 0x00, 0x00, 0x00, 0x00, 0x00, 0x00, 0x00, 0x5F,
    0xFF, 0xFF, 0xA0, 0x00, 0x00, 0x09, 0xFF, 0xFF, 0xF5, 0x5F, 0xFF, 0xFF, 0xA0, 0x00, 0x00, 0x09,
    0xFF, 0xFF, 0xF5, 0x5F, 0xFF, 0xFF, 0xA0, 0x00, 0x00, 0x09, 0xFF, 0xFF, 0xF5, 0x5F, 0xFF, 0xFF,
    0x90, 0x00, 0x00, 0x09, 0xFF, 0xFF, 0xF5, 0x5F, 0xFF, 0xFF, 0x90, 0x00, 0x00, 0x09, 0xFF, 0xFF,
    0xF5, 0x5F, 0xFF, 0xFF, 0x90, 0x00, 0x00, 0x09, 0xFF, 0xFF, 0xF5, 0x5F, 0xFF, 0xFF, 0x90, 0x00,
    0x00, 0x09, 0xFF, 0xFF, 0xF5, 0x5F, 0xFF, 0xFF, 0x90, 0x00, 0x00, 0x09, 0xFF, 0xFF, 0xF5, 0x5F,
    0xFF, 0xFF, 0x90, 0x00, 0x00, 0x09, 0xFF, 0xFF, 0xF5, 0x5F, 0xFF, 0xFF, 0x90, 0x00, 0x00, 0x0A,
    0xFF, 0xFF, 0xF5, 0x5F, 0xFF, 0xFF, 0xA0, 0x00, 0x00, 0x0B, 0xFF, 0xFF, 0xF5, 0x5F, 0xFF, 0xFF,
    0xB0, 0x00, 0x00, 0x1F, 0xFF, 0xFF, 0xF5, 0x4F, 0xFF, 0xFF, 0xE1, 0x00, 0x00, 0x9F, 0xFF, 0xFF,
    0xF5, 0x1F, 0xFF, 0xFF, 0xFC, 0x20, 0x29, 0xFF, 0xFF, 0xFF, 0xF5, 0x0D, 0xFF, 0xFF, 0xFF, 0xFF,
    0xFF, 0xFF, 0xFF, 0xFF, 0xF5, 0x07, 0xFF, 0xFF, 0xFF, 0xFF, 0xFF, 0xFF, 0xFF, 0xFF, 0xF5, 0x01,
    0xDF, 0xFF, 0xFF, 0xFF, 0xFF, 0xCA, 0xFF, 0xFF, 0xF5, 0x00, 0x3D, 0xFF, 0xFF, 0xFF, 0xFA, 0x19,
    0xFF, 0xFF, 0xF5, 0x00, 0x01, 0x7C, 0xEF, 0xDA, 0x40, 0x09, 0xFF, 0xFF, 0xF5, 0x00, 0x00, 0x00,
    0x09, 0xFF, 0xFC, 0x25, 0xFF, 0xFE, 0x40, 0x00, 0x00, 0x00, 0x00, 0x6F, 0xFF, 0xB1, 0x3F, 0xFF,
    0xD2, 0x00, 0x00, 0x00, 0x00, 0x04, 0xFF, 0xF8, 0x02, 0xEF, 0xFB, 0x10, 0x00, 0x00, 0x00, 0x00,
    0x2E, 0xFF, 0x60, 0x0C, 0xFF, 0x90, 0x00, 0x00, 0x00, 0x00, 0x00, 0x00, 0x00, 0x00, 0x00, 0x00,
    0x00, 0x00, 0x00, 0x00, 0x00, 0x00, 0x00, 0x00, 0x00, 0x00, 0x00, 0x00, 0x00, 0x00, 0x00, 0xDF,
    0xFF, 0xFF, 0x80, 0x00, 0x00, 0x00, 0x0E, 0xFF, 0xFF, 0xF7, 0xDF, 0xFF, 0xFF, 0x80, 0x00, 0x00,
    0x00, 0x0E, 0xFF, 0xFF, 0xF7, 0xDF, 0xFF, 0xFF, 0x80, 0x00, 0x00, 0x00, 0x0E, 0xFF, 0xFF, 0xF7,
    0xDF, 0xFF, 0xFF, 0x80, 0x00, 0x00, 0x00, 0x0E, 0xFF, 0xFF, 0xF7, 0xDF, 0xFF, 0xFF, 0x80, 0x00,
    0x00, 0x00, 0x0E, 0xFF, 0xFF, 0xF7, 0xDF, 0xFF, 0xFF, 0x80, 0x00, 0x00, 0x00, 0x0E, 0xFF, 0xFF,
    0xF7, 0xDF, 0xFF, 0xFF, 0x80, 0x00, 0x00, 0x00, 0x0E, 0xFF, 0xFF, 0xF7, 0xDF, 0xFF, 0xFF, 0x80,
    0x00, 0x00, 0x00, 0x0E, 0xFF, 0xFF, 0xF7, 0xDF, 0xFF, 0xFF, 0x80, 0x00, 0x00, 0x00, 0x0E, 0xFF,
    0xFF, 0xF7, 0xDF, 0xFF, 0xFF, 0x80, 0x00, 0x00, 0x00, 0x0E, 0xFF, 0xFF, 0xF7, 0xDF, 0xFF, 0xFF,
    0x80, 0x00, 0x00, 0x00, 0x0E, 0xFF, 0xFF, 0xF7, 0xDF, 0xFF, 0xFF, 0x80, 0x00, 0x00, 0x00, 0x0E,
    0xFF, 0xFF, 0xF7, 0xDF, 0xFF, 0xFF, 0x80, 0x00, 0x00, 0x00, 0x0E, 0xFF, 0xFF, 0xF7, 0xDF, 0xFF,
    0xFF, 0x80, 0x00, 0x00, 0x00, 0x0E, 0xFF, 0xFF, 0xF7, 0xDF, 0xFF, 0xFF, 0x80, 0x00, 0x00, 0x00,
    0x0E, 0xFF, 0xFF, 0xF7, 0xCF, 0xFF, 0xFF, 0x80, 0x00, 0x00, 0x00, 0x0E, 0xFF, 0xFF, 0xF6, 0xBF,
    0xFF, 0xFF, 0xA0, 0x00, 0x00, 0x00, 0x1F, 0xFF, 0xFF, 0xF5, 0x9F, 0xFF, 0xFF, 0xE0, 0x00, 0x00,
    0x00, 0x5F, 0xFF, 0xFF, 0xF3, 0x5F, 0xFF, 0xFF, 0xF6, 0x00, 0x00, 0x00, 0xCF, 0xFF, 0xFF, 0xE0,
    0x1E, 0xFF, 0xFF, 0xFF, 0x82, 0x01, 0x4B, 0xFF, 0xFF, 0xFF, 0xA0, 0x09, 0xFF, 0xFF, 0xFF, 0xFF,
    0xFF, 0xFF, 0xFF, 0xFF, 0xFF, 0x30, 0x01, 0xDF, 0xFF, 0xFF, 0xFF, 0xFF, 0xFF, 0xFF, 0xFF, 0xF8,
    0x00, 0x00, 0x3D, 0xFF, 0xFF, 0xFF, 0xFF, 0xFF, 0xFF, 0xFF, 0xA0, 0x00, 0x00, 0x01, 0xAF, 0xFF,
    0xFF, 0xFF, 0xFF, 0xFF, 0xD6, 0x00, 0x00, 0x00, 0x00, 0x02, 0x7A, 0xDE, 0xFE, 0xDC, 0x95, 0x00,
    0x00, 0x00, 0x00, 0x00, 0x00, 0x00, 0xCF, 0xFB, 0x00, 0xCF, 0xFD, 0x10, 0x00, 0x00, 0x00, 0x06,
    0xFF, 0xE1, 0x07, 0xFF, 0xF3, 0x00, 0x00, 0x00, 0x00, 0x0D, 0xFF, 0x50, 0x1E, 0xFF, 0x60, 0x00,
    0x00, 0x00, 0x00, 0x7F, 0xFA, 0x00, 0x9F, 0xFA, 0x00, 0x00, 0x00, 0x00, 0x01, 0xEF, 0xD1, 0x03,
    0xFF, 0xD1, 0x00, 0x00, 0x00, 0x00, 0x08, 0xFF, 0x40, 0x0C, 0xFF, 0x30, 0x00, 0x00, 0x00, 0x00,
    0x00, 0x00, 0x00, 0x00, 0x00, 0x00, 0x00, 0x00, 0x00, 0x00, 0x00, 0x00, 0x00, 0x00, 0x00, 0x00,
    0x00, 0x00, 0x5F, 0xFF, 0xFF, 0xA0, 0x00, 0x00, 0x09, 0xFF, 0xFF, 0xF5, 0x5F, 0xFF, 0xFF, 0xA0,
    0x00, 0x00, 0x09, 0xFF, 0xFF, 0xF5, 0x5F, 0xFF, 0xFF, 0xA0, 0x00, 0x00, 0x09, 0xFF, 0xFF, 0xF5,
    0x5F, 0xFF, 0xFF, 0x90, 0x00, 0x00, 0x09, 0xFF, 0xFF, 0xF5, 0x5F, 0xFF, 0xFF, 0x90, 0x00, 0x00,
    0x09, 0xFF, 0xFF, 0xF5, 0x5F, 0xFF, 0xFF, 0x90, 0x00, 0x00, 0x09, 0xFF, 0xFF, 0xF5, 0x5F, 0xFF,
    0xFF, 0x90, 0x00, 0x00, 0x09, 0xFF, 0xFF, 0xF5, 0x5F, 0xFF, 0xFF, 0x90, 0x00, 0x00, 0x09, 0xFF,
    0xFF, 0xF5, 0x5F, 0xFF, 0xFF, 0x90, 0x00, 0x00, 0x09, 0xFF, 0xFF, 0xF5, 0x5F, 0xFF, 0xFF, 0x90,
    0x00, 0x00, 0x0A, 0xFF, 0xFF, 0xF5, 0x5F, 0xFF, 0xFF, 0xA0, 0x00, 0x00, 0x0B, 0xFF, 0xFF, 0xF5,
    0x5F, 0xFF, 0xFF, 0xB0, 0x00, 0x00, 0x1F, 0xFF, 0xFF, 0xF5, 0x4F, 0xFF, 0xFF, 0xE1, 0x00, 0x00,
    0x9F, 0xFF, 0xFF, 0xF5, 0x1F, 0xFF, 0xFF, 0xFC, 0x20, 0x29, 0xFF, 0xFF, 0xFF, 0xF5, 0x0D, 0xFF,
    0xFF, 0xFF, 0xFF, 0xFF, 0xFF, 0xFF, 0xFF, 0xF5, 0x07, 0xFF, 0xFF, 0xFF, 0xFF, 0xFF, 0xFF, 0xFF,
    0xFF, 0xF5, 0x01, 0xDF, 0xFF, 0xFF, 0xFF, 0xFF, 0xCA, 0xFF, 0xFF, 0xF5, 0x00, 0x3D, 0xFF, 0xFF,
    0xFF, 0xFA, 0x19, 0xFF, 0xFF, 0xF5, 0x00, 0x01, 0x7C, 0xEF, 0xDA, 0x40, 0x09, 0xFF, 0xFF, 0xF5,
    0xDF, 0xFF, 0xFF, 0x80, 0x00, 0x00, 0x00, 0x0E, 0xFF, 0xFF, 0xF7, 0xDF, 0xFF, 0xFF, 0x80, 0x00,
    0x00, 0x00, 0x0E, 0xFF, 0xFF, 0xF7, 0xDF, 0xFF, 0xFF, 0x80, 0x00, 0x00, 0x00, 0x0E, 0xFF, 0xFF,
    0xF7, 0xDF, 0xFF, 0xFF, 0x80, 0x00, 0x00, 0x00, 0x0E, 0xFF, 0xFF, 0xF7, 0xDF, 0xFF, 0xFF, 0x80,
    0x00, 0x00, 0x00, 0x0E, 0xFF, 0xFF, 0xF7, 0xDF, 0xFF, 0xFF, 0x80, 0x00, 0x00, 0x00, 0x0E, 0xFF,
    0xFF, 0xF7, 0xDF, 0xFF, 0xFF, 0x80, 0x00, 0x00, 0x00, 0x0E, 0xFF, 0xFF, 0xF7, 0xDF, 0xFF, 0xFF,
    0x80, 0x00, 0x00, 0x00, 0x0E, 0xFF, 0xFF, 0xF7, 0xDF, 0xFF, 0xFF, 0x80, 0x00, 0x00, 0x00, 0x0E,
    0xFF, 0xFF, 0xF7, 0xDF, 0xFF, 0xFF, 0x80, 0x00, 0x00, 0x00, 0x0E, 0xFF, 0xFF, 0xF7, 0xDF, 0xFF,
    0xFF, 0x80, 0x00, 0x00, 0x00, 0x0E, 0xFF, 0xFF, 0xF7, 0xDF, 0xFF, 0xFF, 0x80, 0x00, 0x00, 0x00,
    0x0E, 0xFF, 0xFF, 0xF7, 0xDF, 0xFF, 0xFF, 0x80, 0x00, 0x00, 0x00, 0x0E, 0xFF, 0xFF, 0xF7, 0xDF,
    0xFF, 0xFF, 0x80, 0x00, 0x00, 0x00, 0x0E, 0xFF, 0xFF, 0xF7, 0xDF, 0xFF, 0xFF, 0x80, 0x00, 0x00,
    0x00, 0x0E, 0xFF, 0xFF, 0xF7, 0xCF, 0xFF, 0xFF, 0x80, 0x00, 0x00, 0x00, 0x0E, 0xFF, 0xFF, 0xF6,
    0xBF, 0xFF, 0xFF, 0xA0, 0x00, 0x00, 0x00, 0x1F, 0xFF, 0xFF, 0xF5, 0x9F, 0xFF, 0xFF, 0xE0, 0x00,
    0x00, 0x00, 0x5F, 0xFF, 0xFF, 0xF3, 0x5F, 0xFF, 0xFF, 0xF6, 0x00, 0x00, 0x00, 0xCF, 0xFF, 0xFF,
    0xE0, 0x1E, 0xFF, 0xFF, 0xFF, 0x82, 0x01, 0x4B, 0xFF, 0xFF, 0xFF, 0xA0, 0x09, 0xFF, 0xFF, 0xFF,
    0xFF, 0xFF, 0xFF, 0xFF, 0xFF, 0xFF, 0x30, 0x01, 0xDF, 0xFF, 0xFF, 0xFF, 0xFF, 0xFF, 0xFF, 0xFF,
    0xF8, 0x00, 0x00, 0x3D, 0xFF, 0xFF, 0xFF, 0xFF, 0xFF, 0xFF, 0xFF, 0xA0, 0x00, 0x00, 0x01, 0xAF,
    0xFF, 0xFF, 0xFF, 0xFF, 0xFF, 0xD6, 0x00, 0x00, 0x00, 0x00, 0x02, 0x7A, 0xDE, 0xFE, 0xDC, 0x95,
    0x00, 0x00, 0x00, 0x00, 0x00, 0x00, 0x00, 0x0B, 0xFA, 0x00, 0x00, 0x00, 0x00, 0x00, 0x00, 0x00,
    0x00, 0x00, 0x7F, 0xF2, 0x00, 0x00, 0x00, 0x00, 0x00, 0x00, 0x00, 0x00, 0x00, 0xEF, 0xA0, 0x00,
    0x00, 0x00, 0x00, 0x00, 0x00, 0x00, 0x00, 0x03, 0xFF, 0x90, 0x00, 0x00, 0x00, 0x00, 0x00, 0x00,
    0x00, 0x00, 0x02, 0xFF, 0xE3, 0x14, 0x90, 0x00, 0x00, 0x00, 0x00, 0x00, 0x00, 0x00, 0xCF, 0xFF,
    0xFF, 0xD0, 0x00, 0x00, 0x00, 0x00, 0x00, 0x00, 0x00, 0x18, 0xDF, 0xFF, 0xD0, 0x00, 0x00, 0x00,
    0x5F, 0xFF, 0xFF, 0xA0, 0x00, 0x00, 0x09, 0xFF, 0xFF, 0xF5, 0x00, 0x00, 0x5F, 0xFF, 0xFF, 0xA0,
    0x00, 0x00, 0x09, 0xFF, 0xFF, 0xF5, 0x00, 0x00, 0x5F, 0xFF, 0xFF, 0xA0, 0x00, 0x00, 0x09, 0xFF,
    0xFF, 0xF5, 0x00, 0x00, 0x5F, 0xFF, 0xFF, 0x90, 0x00, 0x00, 0x09, 0xFF, 0xFF, 0xF5, 0x00, 0x00,
    0x5F, 0xFF, 0xFF, 0x90, 0x00, 0x00, 0x09, 0xFF, 0xFF, 0xF5, 0x00, 0x00, 0x5F, 0xFF, 0xFF, 0x90,
    0x00, 0x00, 0x09, 0xFF, 0xFF, 0xF5, 0x00, 0x00, 0x5F, 0xFF, 0xFF, 0x90, 0x00, 0x00, 0x09, 0xFF,
    0xFF, 0xF5, 0x00, 0x00, 0x5F, 0xFF, 0xFF, 0x90, 0x00, 0x00, 0x09, 0xFF, 0xFF, 0xF5, 0x00, 0x00,
    0x5F, 0xFF, 0xFF, 0x90, 0x00, 0x00, 0x09, 0xFF, 0xFF, 0xF5, 0x00, 0x00, 0x5F, 0xFF, 0xFF, 0x90,
    0x00, 0x00, 0x0A, 0xFF, 0xFF, 0xF5, 0x00, 0x00, 0x5F, 0xFF, 0xFF, 0xA0, 0x00, 0x00, 0x0B, 0xFF,
    0xFF, 0xF5, 0x00, 0x00, 0x5F, 0xFF, 0xFF, 0xB0, 0x00, 0x00, 0x1F, 0xFF, 0xFF, 0xF5, 0x00, 0x00,
    0x4F, 0xFF, 0xFF, 0xE1, 0x00, 0x00, 0x9F, 0xFF, 0xFF, 0xF5, 0x00, 0x00, 0x1F, 0xFF, 0xFF, 0xFC,
    0x20, 0x29, 0xFF, 0xFF, 0xFF, 0xF5, 0x00, 0x00, 0x0D, 0xFF, 0xFF, 0xFF, 0xFF, 0xFF, 0xFF, 0xFF,
    0xFF, 0xF5, 0x00, 0x00, 0x07, 0xFF, 0xFF, 0xFF, 0xFF, 0xFF, 0xFF, 0xFF, 0xFF, 0xF5, 0x00, 0x00,
    0x01, 0xDF, 0xFF, 0xFF, 0xFF, 0xFF, 0xCA, 0xFF, 0xFF, 0xF5, 0x00, 0x00, 0x00, 0x3D, 0xFF, 0xFF,
    0xFF, 0xFA, 0x19, 0xFF, 0xFF, 0xF5, 0x00, 0x00, 0x00, 0x01, 0x7C, 0xEF, 0xDA, 0x40, 0x09, 0xFF,
    0xFF, 0xF5, 0x00, 0x00, 0x00, 0x00, 0x00, 0x00, 0x00, 0x00, 0x00, 0x00, 0x5F, 0xF2, 0x00, 0x00,
    0x00, 0x00, 0x00, 0x00, 0x00, 0x00, 0x00, 0x01, 0xEF, 0x80, 0x00, 0x00, 0x00, 0x00, 0x00, 0x00,
    0x00, 0x00, 0x00, 0x07, 0xFF, 0x20, 0x00, 0x00, 0x00, 0x00, 0x00, 0x00, 0x00, 0x00, 0x00, 0x0B,
    0xFF, 0x00, 0x00, 0x00, 0x00, 0x00, 0x00, 0x00, 0x00, 0x00, 0x00, 0x0A, 0xFF, 0x81, 0x27, 0x50,
    0x00, 0x00, 0x00, 0x00, 0x00, 0x00, 0x00, 0x05, 0xFF, 0xFF, 0xFF, 0x50, 0x00, 0x00, 0x00, 0x00,
    0x00, 0x00, 0x00, 0x00, 0x5B, 0xEF, 0xFF, 0x50, 0x00, 0x00, 0x00, 0x00, 0x00, 0x00, 0x00, 0x5F,
    0xFF, 0xFF, 0xB0, 0x00, 0x00, 0x00, 0x00, 0x00, 0x00, 0x00, 0x00, 0x00, 0x00, 0x00, 0x00, 0x00,
    0x04, 0xFF, 0xFC, 0xEF, 0xFA, 0x00, 0x00, 0x00, 0x00, 0x00, 0x00, 0x00, 0x00, 0x00, 0x00, 0x00,
    0x00, 0x00, 0x3E, 0xFF, 0x70, 0x2C, 0xFF, 0x90, 0x00, 0x00, 0x00, 0x00, 0x00, 0x00, 0x00, 0x00,
    0x00, 0x00, 0x00, 0x02, 0xEF, 0xD3, 0x00, 0x01, 0x9F, 0xF8, 0x00, 0x00, 0x00, 0x00, 0x00, 0x00,
    0x00, 0x00, 0x00, 0x00, 0x00, 0x00, 0x00, 0x00, 0x00, 0x00, 0x00, 0x00, 0x00, 0x00, 0x00, 0x00,
    0x00, 0x00, 0x00, 0x00, 0x00, 0x00, 0x00, 0x00, 0x00, 0x00, 0x00, 0x00, 0x00, 0x00, 0x00, 0x00,
    0x00, 0x00, 0x00, 0x00, 0xDF, 0xFF, 0xFF, 0x40, 0x00, 0x00, 0x00, 0x7F, 0xFF, 0xFF, 0xE0, 0x00,
    0x00, 0x00, 0x0B, 0xFF, 0xFF, 0xF5, 0xAF, 0xFF, 0xFF, 0x70, 0x00, 0x00, 0x00, 0xAF, 0xFF, 0xFF,
    0xF3, 0x00, 0x00, 0x00, 0x0F, 0xFF, 0xFF, 0xF1, 0x6F, 0xFF, 0xFF, 0xB0, 0x00, 0x00, 0x00, 0xEF,
    0xFF, 0xFF, 0xF6, 0x00, 0x00, 0x00, 0x3F, 0xFF, 0xFF, 0xD0, 0x2F, 0xFF, 0xFF, 0xE0, 0x00, 0x00,
    0x02, 0xFF, 0xFF, 0xFF, 0xFA, 0x00, 0x00, 0x00, 0x7F, 0xFF, 0xFF, 0x90, 0x0E, 0xFF, 0xFF, 0xF3,
    0x00, 0x00, 0x06, 0xFF, 0xFF, 0xFF, 0xFD, 0x00, 0x00, 0x00, 0xBF, 0xFF, 0xFF, 0x60, 0x0A, 0xFF,
    0xFF, 0xF7, 0x00, 0x00, 0x09, 0xFF, 0xFF, 0xFF, 0xFF, 0x20, 0x00, 0x00, 0xEF, 0xFF, 0xFF, 0x20,
    0x07, 0xFF, 0xFF, 0xFA, 0x00, 0x00, 0x0D, 0xFF, 0xFB, 0xFF, 0xFF, 0x50, 0x00, 0x03, 0xFF, 0xFF,
    0xFE, 0x00, 0x03, 0xFF, 0xFF, 0xFE, 0x00, 0x00, 0x1F, 0xFF, 0xF6, 0xEF, 0xFF, 0x90, 0x00, 0x06,
    0xFF, 0xFF, 0xFA, 0x00, 0x00, 0xEF, 0xFF, 0xFF, 0x20, 0x00, 0x5F, 0xFF, 0xF2, 0xAF, 0xFF, 0xC0,
    0x00, 0x0A, 0xFF, 0xFF, 0xF7, 0x00, 0x00, 0xBF, 0xFF, 0xFF, 0x60, 0x00, 0x8F, 0xFF, 0xE0, 0x7F,
    0xFF, 0xF1, 0x00, 0x0D, 0xFF, 0xFF, 0xF3, 0x00, 0x00, 0x8F, 0xFF, 0xFF, 0x90, 0x00, 0xCF, 0xFF,
    0xA0, 0x3F, 0xFF, 0xF4, 0x00, 0x2F, 0xFF, 0xFF, 0xE0, 0x00, 0x00, 0x4F, 0xFF, 0xFF, 0xD0, 0x01,
    0xFF, 0xFF, 0x70, 0x0E, 0xFF, 0xF8, 0x00, 0x5F, 0xFF, 0xFF, 0xB0, 0x00, 0x00, 0x1F, 0xFF, 0xFF,
    0xF1, 0x04, 0xFF, 0xFF, 0x30, 0x0B, 0xFF, 0xFB, 0x00, 0x9F, 0xFF, 0xFF, 0x80, 0x00, 0x00, 0x0C,
    0xFF, 0xFF, 0xF5, 0x07, 0xFF, 0xFE, 0x00, 0x07, 0xFF, 0xFE, 0x00, 0xCF, 0xFF, 0xFF, 0x40, 0x00,
    0x00, 0x09, 0xFF, 0xFF, 0xF8, 0x0B, 0xFF, 0xFB, 0x00, 0x04, 0xFF, 0xFF, 0x31, 0xFF, 0xFF, 0xFF,
    0x10, 0x00, 0x00, 0x05, 0xFF, 0xFF, 0xFC, 0x0E, 0xFF, 0xF8, 0x00, 0x01, 0xFF, 0xFF, 0x74, 0xFF,
    0xFF, 0xFC, 0x00, 0x00, 0x00, 0x01, 0xFF, 0xFF, 0xFF, 0x3F, 0xFF, 0xF4, 0x00, 0x00, 0xCF, 0xFF,
    0xA8, 0xFF, 0xFF, 0xF9, 0x00, 0x00, 0x00, 0x00, 0xDF, 0xFF, 0xFF, 0xAF, 0xFF, 0xF1, 0x00, 0x00,
    0x8F, 0xFF, 0xEC, 0xFF, 0xFF, 0xF5, 0x00, 0x00, 0x00, 0x00, 0x9F, 0xFF, 0xFF, 0xFF, 0xFF, 0xC0,
    0x00, 0x00, 0x5F, 0xFF, 0xFF, 0xFF, 0xFF, 0xF2, 0x00, 0x00, 0x00, 0x00, 0x6F, 0xFF, 0xFF, 0xFF,
    0xFF, 0x90, 0x00, 0x00, 0x1F, 0xFF, 0xFF, 0xFF, 0xFF, 0xD0, 0x00, 0x00, 0x00, 0x00, 0x2F, 0xFF,
    0xFF, 0xFF, 0xFF, 0x50, 0x00, 0x00, 0x0D, 0xFF, 0xFF, 0xFF, 0xFF, 0xA0, 0x00, 0x00, 0x00, 0x00,
    0x0E, 0xFF, 0xFF, 0xFF, 0xFF, 0x10, 0x00, 0x00, 0x09, 0xFF, 0xFF, 0xFF, 0xFF, 0x60, 0x00, 0x00,
    0x00, 0x00, 0x0A, 0xFF, 0xFF, 0xFF, 0xFD, 0x00, 0x00, 0x00, 0x06, 0xFF, 0xFF, 0xFF, 0xFF, 0x30,
    0x00, 0x00, 0x00, 0x00, 0x07, 0xFF, 0xFF, 0xFF, 0xF9, 0x00, 0x00, 0x00, 0x02, 0xFF, 0xFF, 0xFF,
    0xFE, 0x00, 0x00, 0x00, 0x00, 0x00, 0x03, 0xFF, 0xFF, 0xFF, 0xF6, 0x00, 0x00, 0x00, 0x00, 0xEF,
    0xFF, 0xFF, 0xFB, 0x00, 0x00, 0x00, 0x00, 0x00, 0x00, 0x00, 0x00, 0x00, 0xAF, 0xFF, 0xE2, 0x00,
    0x00, 0x00, 0x00, 0x00, 0x00, 0x00, 0x00, 0x00, 0x00, 0x00, 0x06, 0xFF, 0xFF, 0xFC, 0x00, 0x00,
    0x00, 0x00, 0x00, 0x00, 0x00, 0x00, 0x00, 0x00, 0x00, 0x2E, 0xFF, 0xBF, 0xFF, 0x70, 0x00, 0x00,
    0x00, 0x00, 0x00, 0x00, 0x00, 0x00, 0x00, 0x00, 0xCF, 0xFA, 0x05, 0xFF, 0xF3, 0x00, 0x00, 0x00,
    0x00, 0x00, 0x00, 0x00, 0x00, 0x00, 0x08, 0xFF, 0xB0, 0x00, 0x6F, 0xFD, 0x10, 0x00, 0x00, 0x00,
    0x00, 0x00, 0x00, 0x00, 0x00, 0x3F, 0xFC, 0x10, 0x00, 0x07, 0xFF, 0x90, 0x00, 0x00, 0x00, 0x00,
    0x00, 0x00, 0x00, 0x00, 0x00, 0x00, 0x00, 0x00, 0x00, 0x00, 0x00, 0x00, 0x00, 0x00, 0x00, 0x00,
    0x00, 0x00, 0x00, 0x00, 0x00, 0x00, 0x00, 0x00, 0x00, 0x00, 0x00, 0x00, 0x00, 0x00, 0xAF, 0xFF,
    0xFF, 0x10, 0x00, 0x00, 0xDF, 0xFF, 0xF5, 0x00, 0x00, 0x0A, 0xFF, 0xFF, 0xF2, 0x6F, 0xFF, 0xFF,
    0x50, 0x00, 0x02, 0xFF, 0xFF, 0xF8, 0x00, 0x00, 0x0E, 0xFF, 0xFF, 0xD0, 0x2F, 0xFF, 0xFF, 0x80,
    0x00, 0x06, 0xFF, 0xFF, 0xFC, 0x00, 0x00, 0x2F, 0xFF, 0xFF, 0x90, 0x0D, 0xFF, 0xFF, 0xC0, 0x00,
    0x09, 0xFF, 0xFF, 0xFF, 0x10, 0x00, 0x6F, 0xFF, 0xFF, 0x50, 0x0A, 0xFF, 0xFF, 0xF1, 0x00, 0x0D,
    0xFF, 0xFF, 0xFF, 0x40, 0x00, 0xAF, 0xFF, 0xFF, 0x10, 0x06, 0xFF, 0xFF, 0xF4, 0x00, 0x1F, 0xFF,
    0xFF, 0xFF, 0x80, 0x00, 0xDF, 0xFF, 0xFC, 0x00, 0x02, 0xFF, 0xFF, 0xF8, 0x00, 0x5F, 0xFF, 0xBF,
    0xFF, 0xB0, 0x02, 0xFF, 0xFF, 0xF8, 0x00, 0x00, 0xDF, 0xFF, 0xFB, 0x00, 0x9F, 0xFF, 0x5E, 0xFF,
    0xF0, 0x06, 0xFF, 0xFF, 0xF4, 0x00, 0x00, 0x9F, 0xFF, 0xFF, 0x00, 0xCF, 0xFF, 0x1A, 0xFF, 0xF4,
    0x09, 0xFF, 0xFF, 0xF1, 0x00, 0x00, 0x5F, 0xFF, 0xFF, 0x31, 0xFF, 0xFD, 0x07, 0xFF, 0xF7, 0x0D,
    0xFF, 0xFF, 0xC0, 0x00, 0x00, 0x1F, 0xFF, 0xFF, 0x74, 0xFF, 0xF9, 0x03, 0xFF, 0xFB, 0x1F, 0xFF,
    0xFF, 0x80, 0x00, 0x00, 0x0D, 0xFF, 0xFF, 0xB8, 0xFF, 0xF6, 0x00, 0xEF, 0xFE, 0x5F, 0xFF, 0xFF,
    0x40, 0x00, 0x00, 0x09, 0xFF, 0xFF, 0xEC, 0xFF, 0xF2, 0x00, 0xBF, 0xFF, 0xCF, 0xFF, 0xFF, 0x00,
    0x00, 0x00, 0x05, 0xFF, 0xFF, 0xFF, 0xFF, 0xD0, 0x00, 0x7F, 0xFF, 0xFF, 0xFF, 0xFB, 0x00, 0x00,
    0x00, 0x01, 0xFF, 0xFF, 0xFF, 0xFF, 0xA0, 0x00, 0x4F, 0xFF, 0xFF, 0xFF, 0xF7, 0x00, 0x00, 0x00,
    0x00, 0xCF, 0xFF, 0xFF, 0xFF, 0x60, 0x00, 0x0F, 0xFF, 0xFF, 0xFF, 0xF3, 0x00, 0x00, 0x00, 0x00,
    0x8F, 0xFF, 0xFF, 0xFF, 0x30, 0x00, 0x0B, 0xFF, 0xFF, 0xFF, 0xE0, 0x00, 0x00, 0x00, 0x00, 0x4F,
    0xFF, 0xFF, 0xFE, 0x00, 0x00, 0x08, 0xFF, 0xFF, 0xFF, 0xB0, 0x00, 0x00, 0x00, 0x00, 0x1F, 0xFF,
    0xFF, 0xFA, 0x00, 0x00, 0x04, 0xFF, 0xFF, 0xFF, 0x70, 0x00, 0x00, 0x00, 0x00, 0x00, 0x00, 0x00,
    0xBF, 0xFF, 0xFF, 0x50, 0x00, 0x00, 0x00, 0x00, 0x00, 0x00, 0x00, 0x00, 0x0A, 0xFF, 0xFC, 0xFF,
    0xF4, 0x00, 0x00, 0x00, 0x00, 0x00, 0x00, 0x00, 0x00, 0x9F, 0xFD, 0x30, 0x7F, 0xFE, 0x30, 0x00,
    0x00, 0x00, 0x00, 0x00, 0x00, 0x08, 0xFF, 0x91, 0x00, 0x03, 0xDF, 0xE3, 0x00, 0x00, 0x00, 0x00,
    0x00, 0x00, 0x00, 0x00, 0x00, 0x00, 0x00, 0x00, 0x00, 0x00, 0x00, 0x00, 0x00, 0x00, 0x00, 0x00,
    0x00, 0x00, 0x00, 0x00, 0x00, 0x00, 0x00, 0x00, 0x00, 0x1E, 0xFF, 0xFF, 0xFE, 0x10, 0x00, 0x00,
    0x00, 0x00, 0x6F, 0xFF, 0xFF, 0xF9, 0x05, 0xFF, 0xFF, 0xFF, 0x90, 0x00, 0x00, 0x00, 0x01, 0xEF,
    0xFF, 0xFF, 0xE1, 0x00, 0xBF, 0xFF, 0xFF, 0xF4, 0x00, 0x00, 0x00, 0x0A, 0xFF, 0xFF, 0xFF, 0x50,
    0x00, 0x2E, 0xFF, 0xFF, 0xFD, 0x00, 0x00, 0x00, 0x4F, 0xFF, 0xFF, 0xFA, 0x00, 0x00, 0x06, 0xFF,
    0xFF, 0xFF, 0x80, 0x00, 0x01, 0xDF, 0xFF, 0xFF, 0xE1, 0x00, 0x00, 0x00, 0xBF, 0xFF, 0xFF, 0xF2,
    0x00, 0x08, 0xFF, 0xFF, 0xFF, 0x50, 0x00, 0x00, 0x00, 0x2E, 0xFF, 0xFF, 0xFB, 0x00, 0x3F, 0xFF,
    0xFF, 0xFB, 0x00, 0x00, 0x00, 0x00, 0x07, 0xFF, 0xFF, 0xFF, 0x60, 0xCF, 0xFF, 0xFF, 0xE2, 0x00,
    0x00, 0x00, 0x00, 0x00, 0xCF, 0xFF, 0xFF, 0xE8, 0xFF, 0xFF, 0xFF, 0x60, 0x00, 0x00, 0x00, 0x00,
    0x00, 0x2F, 0xFF, 0xFF, 0xFF, 0xFF, 0xFF, 0xFB, 0x00, 0x00, 0x00, 0x00, 0x00, 0x00, 0x07, 0xFF,
    0xFF, 0xFF, 0xFF, 0xFF, 0xE2, 0x00, 0x00, 0x00, 0x00, 0x00, 0x00, 0x00, 0xCF, 0xFF, 0xFF, 0xFF,
    0xFF, 0x70, 0x00, 0x00, 0x00, 0x00, 0x00, 0x00, 0x00, 0x3F, 0xFF, 0xFF, 0xFF, 0xFC, 0x00, 0x00,
    0x00, 0x00, 0x00, 0x00, 0x00, 0x00, 0x08, 0xFF, 0xFF, 0xFF, 0xF2, 0x00, 0x00, 0x00, 0x00, 0x00,
    0x00, 0x00, 0x00, 0x00, 0xEF, 0xFF, 0xFF, 0x90, 0x00, 0x00, 0x00, 0x00, 0x00, 0x00, 0x00, 0x00,
    0x00, 0xDF, 0xFF, 0xFF, 0x80, 0x00, 0x00, 0x00, 0x00, 0x00, 0x00, 0x00, 0x00, 0x00, 0xDF, 0xFF,
    0xFF, 0x80, 0x00, 0x00, 0x00, 0x00, 0x00, 0x00, 0x00, 0x00, 0x00, 0xDF, 0xFF, 0xFF, 0x80, 0x00,
    0x00, 0x00, 0x00, 0x00, 0x00, 0x00, 0x00, 0x00, 0xDF, 0xFF, 0xFF, 0x80, 0x00, 0x00, 0x00, 0x00,
    0x00, 0x00, 0x00, 0x00, 0x00, 0xDF, 0xFF, 0xFF, 0x80, 0x00, 0x00, 0x00, 0x00, 0x00, 0x00, 0x00,
    0x00, 0x00, 0xDF, 0xFF, 0xFF, 0x80, 0x00, 0x00, 0x00, 0x00, 0x00, 0x00, 0x00, 0x00, 0x00, 0xDF,
    0xFF, 0xFF, 0x80, 0x00, 0x00, 0x00, 0x00, 0x00, 0x00, 0x00, 0x00, 0x00, 0xDF, 0xFF, 0xFF, 0x80,
    0x00, 0x00, 0x00, 0x00, 0x00, 0x00, 0x00, 0x00, 0x00, 0xDF, 0xFF, 0xFF, 0x80, 0x00, 0x00, 0x00,
    0x00, 0x00, 0x00, 0x00, 0x00, 0x00, 0xDF, 0xFF, 0xFF, 0x80, 0x00, 0x00, 0x00, 0x00, 0x00, 0x00,
    0x00, 0x00, 0x6F, 0xFF, 0xF5, 0x00, 0x00, 0x00, 0x00, 0x00, 0x00, 0x00, 0x02, 0xEF, 0xFF, 0xFE,
    0x20, 0x00, 0x00, 0x00, 0x00, 0x00, 0x00, 0x0C, 0xFF, 0xCD, 0xFF, 0xB0, 0x00, 0x00, 0x00, 0x00,
    0x00, 0x00, 0x8F, 0xFD, 0x12, 0xDF, 0xF7, 0x00, 0x00, 0x00, 0x00, 0x00, 0x04, 0xFF, 0xE2, 0x00,
    0x3E, 0xFF, 0x30, 0x00, 0x00, 0x00, 0x00, 0x1D, 0xFE, 0x30, 0x00, 0x03, 0xEF, 0xD1, 0x00, 0x00,
    0x00, 0x00, 0x00, 0x00, 0x00, 0x00, 0x00, 0x00, 0x00, 0x00, 0x00, 0x00, 0x00, 0x00, 0x00, 0x00,
    0x00, 0x00, 0x00, 0x00, 0x00, 0x00, 0x6F, 0xFF, 0xFF, 0x80, 0x00, 0x00, 0x00, 0x08, 0xFF, 0xFF,
    0xF5, 0x0E, 0xFF, 0xFF, 0xE0, 0x00, 0x00, 0x00, 0x0D, 0xFF, 0xFF, 0xE0, 0x08, 0xFF, 0xFF, 0xF5,
    0x00, 0x00, 0x00, 0x3F, 0xFF, 0xFF, 0x90, 0x02, 0xFF, 0xFF, 0xFB, 0x00, 0x00, 0x00, 0x8F, 0xFF,
    0xFF, 0x30, 0x00, 0xAF, 0xFF, 0xFF, 0x20, 0x00, 0x00, 0xDF, 0xFF, 0xFC, 0x00, 0x00, 0x4F, 0xFF,
    0xFF, 0x70, 0x00, 0x03, 0xFF, 0xFF, 0xF6, 0x00, 0x00, 0x0C, 0xFF, 0xFF, 0xD0, 0x00, 0x08, 0xFF,
    0xFF, 0xF1, 0x00, 0x00, 0x06, 0xFF, 0xFF, 0xF4, 0x00, 0x0D, 0xFF, 0xFF, 0xA0, 0x00, 0x00, 0x01,
    0xEF, 0xFF, 0xFA, 0x00, 0x3F, 0xFF, 0xFF, 0x40, 0x00, 0x00, 0x00, 0x8F, 0xFF, 0xFF, 0x10, 0x8F,
    0xFF, 0xFD, 0x00, 0x00, 0x00, 0x00, 0x2F, 0xFF, 0xFF, 0x60, 0xDF, 0xFF, 0xF8, 0x00, 0x00, 0x00,
    0x00, 0x0B, 0xFF, 0xFF, 0xC3, 0xFF, 0xFF, 0xF2, 0x00, 0x00, 0x00, 0x00, 0x04, 0xFF, 0xFF, 0xFB,
    0xFF, 0xFF, 0xB0, 0x00, 0x00, 0x00, 0x00, 0x00, 0xDF, 0xFF, 0xFF, 0xFF, 0xFF, 0x50, 0x00, 0x00,
    0x00, 0x00, 0x00, 0x7F, 0xFF, 0xFF, 0xFF, 0xFE, 0x10, 0x00, 0x00, 0x00, 0x00, 0x00, 0x1E, 0xFF,
    0xFF, 0xFF, 0xF9, 0x00, 0x00, 0x00, 0x00, 0x00, 0x00, 0x09, 0xFF, 0xFF, 0xFF, 0xF3, 0x00, 0x00,
    0x00, 0x00, 0x00, 0x00, 0x03, 0xFF, 0xFF, 0xFF, 0xC0, 0x00, 0x00, 0x00, 0x00, 0x00, 0x00, 0x00,
    0xBF, 0xFF, 0xFF, 0x70, 0x00, 0x00, 0x00, 0x00, 0x00, 0x00, 0x00, 0x6F, 0xFF, 0xFF, 0x10, 0x00,
    0x00, 0x00, 0x00, 0x00, 0x00, 0x00, 0xAF, 0xFF, 0xFA, 0x00, 0x00, 0x00, 0x00, 0x00, 0x00, 0x00,
    0x28, 0xFF, 0xFF, 0xF4, 0x00, 0x00, 0x00, 0x00, 0x00, 0x09, 0xFF, 0xFF, 0xFF, 0xFF, 0xB0, 0x00,
    0x00, 0x00, 0x00, 0x00, 0x09, 0xFF, 0xFF, 0xFF, 0xFE, 0x20, 0x00, 0x00, 0x00, 0x00, 0x00, 0x09,
    0xFF, 0xFF, 0xFF, 0xE4, 0x00, 0x00, 0x00, 0x00, 0x00, 0x00, 0x09, 0xFF, 0xFE, 0xC8, 0x20, 0x00,
    0x00, 0x00, 0x00, 0x00, 0x00, 0x00, 0x00, 0x00, 0xEF, 0xFF, 0x00, 0x6F, 0xFF, 0x80, 0x00, 0x00,
    0x00, 0x00, 0x00, 0x00, 0x00, 0xEF, 0xFF, 0x00, 0x6F, 0xFF, 0x80, 0x00, 0x00, 0x00, 0x00, 0x00,
    0x00, 0x00, 0xEF, 0xFF, 0x00, 0x6F, 0xFF, 0x80, 0x00, 0x00, 0x00, 0x00, 0x00, 0x00, 0x00, 0xEF,
    0xFF, 0x00, 0x6F, 0xFF, 0x80, 0x00, 0x00, 0x00, 0x00, 0x00, 0x00, 0x00, 0x00, 0x00, 0x00, 0x00,
    0x00, 0x00, 0x00, 0x00, 0x00, 0x00, 0x00, 0x00, 0x00, 0x00, 0x00, 0x00, 0x00, 0x00, 0x00, 0x00,
    0x00, 0x00, 0x1E, 0xFF, 0xFF, 0xFE, 0x10, 0x00, 0x00, 0x00, 0x00, 0x6F, 0xFF, 0xFF, 0xF9, 0x05,
    0xFF, 0xFF, 0xFF, 0x90, 0x00, 0x00, 0x00, 0x01, 0xEF, 0xFF, 0xFF, 0xE1, 0x00, 0xBF, 0xFF, 0xFF,
    0xF4, 0x00, 0x00, 0x00, 0x0A, 0xFF, 0xFF, 0xFF, 0x50, 0x00, 0x2E, 0xFF, 0xFF, 0xFD, 0x00, 0x00,
    0x00, 0x4F, 0xFF, 0xFF, 0xFA, 0x00, 0x00, 0x06, 0xFF, 0xFF, 0xFF, 0x80, 0x00, 0x01, 0xDF, 0xFF,
    0xFF, 0xE1, 0x00, 0x00, 0x00, 0xBF, 0xFF, 0xFF, 0xF2, 0x00, 0x08, 0xFF, 0xFF, 0xFF, 0x50, 0x00,
    0x00, 0x00, 0x2E, 0xFF, 0xFF, 0xFB, 0x00, 0x3F, 0xFF, 0xFF, 0xFB, 0x00, 0x00, 0x00, 0x00, 0x07,
    0xFF, 0xFF, 0xFF, 0x60, 0xCF, 0xFF, 0xFF, 0xE2, 0x00, 0x00, 0x00, 0x00, 0x00, 0xCF, 0xFF, 0xFF,
    0xE8, 0xFF, 0xFF, 0xFF, 0x60, 0x00, 0x00, 0x00, 0x00, 0x00, 0x2F, 0xFF, 0xFF, 0xFF, 0xFF, 0xFF,
    0xFB, 0x00, 0x00, 0x00, 0x00, 0x00, 0x00, 0x07, 0xFF, 0xFF, 0xFF, 0xFF, 0xFF, 0xE2, 0x00, 0x00,
    0x00, 0x00, 0x00, 0x00, 0x00, 0xCF, 0xFF, 0xFF, 0xFF, 0xFF, 0x70, 0x00, 0x00, 0x00, 0x00, 0x00,
    0x00, 0x00, 0x3F, 0xFF, 0xFF, 0xFF, 0xFC, 0x00, 0x00, 0x00, 0x00, 0x00, 0x00, 0x00, 0x00, 0x08,
    0xFF, 0xFF, 0xFF, 0xF2, 0x00, 0x00, 0x00, 0x00, 0x00, 0x00, 0x00, 0x00, 0x00, 0xEF, 0xFF, 0xFF,
    0x90, 0x00, 0x00, 0x00, 0x00, 0x00, 0x00, 0x00, 0x00, 0x00, 0xDF, 0xFF, 0xFF, 0x80, 0x00, 0x00,
    0x00, 0x00, 0x00, 0x00, 0x00, 0x00, 0x00, 0xDF, 0xFF, 0xFF, 0x80, 0x00, 0x00, 0x00, 0x00, 0x00,
    0x00, 0x00, 0x00, 0x00, 0xDF, 0xFF, 0xFF, 0x80, 0x00, 0x00, 0x00, 0x00, 0x00, 0x00, 0x00, 0x00,
    0x00, 0xDF, 0xFF, 0xFF, 0x80, 0x00, 0x00, 0x00, 0x00, 0x00, 0x00, 0x00, 0x00, 0x00, 0xDF, 0xFF,
    0xFF, 0x80, 0x00, 0x00, 0x00, 0x00, 0x00, 0x00, 0x00, 0x00, 0x00, 0xDF, 0xFF, 0xFF, 0x80, 0x00,
    0x00, 0x00, 0x00, 0x00, 0x00, 0x00, 0x00, 0x00, 0xDF, 0xFF, 0xFF, 0x80, 0x00, 0x00, 0x00, 0x00,
    0x00, 0x00, 0x00, 0x00, 0x00, 0xDF, 0xFF, 0xFF, 0x80, 0x00, 0x00, 0x00, 0x00, 0x00, 0x00, 0x00,
    0x00, 0x00, 0xDF, 0xFF, 0xFF, 0x80, 0x00, 0x00, 0x00, 0x00, 0x00, 0x00, 0x00, 0x00, 0x00, 0xDF,
    0xFF, 0xFF, 0x80, 0x00, 0x00, 0x00, 0x00, 0x00, 0x00, 0x00, 0x00, 0x00, 0x1D, 0xFF, 0xF8, 0x00,
    0x00, 0x00, 0x00, 0x00, 0x00, 0x00, 0x00, 0x00, 0xCF, 0xFF, 0x60, 0x00, 0x00, 0x00, 0x00, 0x00,
    0x00, 0x00, 0x00, 0x09, 0xFF, 0xE4, 0x00, 0x00, 0x00, 0x00, 0x00, 0x00, 0x00, 0x00, 0x00, 0x7F,
    0xFD, 0x20, 0x00, 0x00, 0x00, 0x00, 0x00, 0x00, 0x00, 0x00, 0x00, 0x00, 0x00, 0x00, 0x00, 0x00,
    0x00, 0x00, 0x00, 0x00, 0x00, 0x00, 0x00, 0x00, 0x00, 0x00, 0x00, 0x00, 0x00, 0x00, 0x00, 0x1F,
    0xFF, 0xFF, 0xFF, 0xFF, 0xFF, 0xFF, 0xFF, 0xFF, 0xFF, 0xFB, 0x00, 0x1F, 0xFF, 0xFF, 0xFF, 0xFF,
    0xFF, 0xFF, 0xFF, 0xFF, 0xFF, 0xFB, 0x00, 0x1F, 0xFF, 0xFF, 0xFF, 0xFF, 0xFF, 0xFF, 0xFF, 0xFF,
    0xFF, 0xFB, 0x00, 0x1F, 0xFF, 0xFF, 0xFF, 0xFF, 0xFF, 0xFF, 0xFF, 0xFF, 0xFF, 0xFB, 0x00, 0x1F,
    0xFF, 0xFF, 0xFF, 0xFF, 0xFF, 0xFF, 0xFF, 0xFF, 0xFF, 0xF4, 0x00, 0x00, 0x00, 0x00, 0x00, 0x00,
    0x00, 0x09, 0xFF, 0xFF, 0xFF, 0x60, 0x00, 0x00, 0x00, 0x00, 0x00, 0x00, 0x00, 0x6F, 0xFF, 0xFF,
    0xF9, 0x00, 0x00, 0x00, 0x00, 0x00, 0x00, 0x00, 0x04, 0xFF, 0xFF, 0xFF, 0xB0, 0x00, 0x00, 0x00,
    0x00, 0x00, 0x00, 0x00, 0x2E, 0xFF, 0xFF, 0xFD, 0x10, 0x00, 0x00, 0x00, 0x00, 0x00, 0x00, 0x01,
    0xCF, 0xFF, 0xFF, 0xE2, 0x00, 0x00, 0x00, 0x00, 0x00, 0x00, 0x00, 0x0B, 0xFF, 0xFF, 0xFF, 0x40,
    0x00, 0x00, 0x00, 0x00, 0x00, 0x00, 0x00, 0x8F, 0xFF, 0xFF, 0xF7, 0x00, 0x00, 0x00, 0x00, 0x00,
    0x00, 0x00, 0x05, 0xFF, 0xFF, 0xFF, 0xA0, 0x00, 0x00, 0x00, 0x00, 0x00, 0x00, 0x00, 0x3F, 0xFF,
    0xFF, 0xFC, 0x00, 0x00, 0x00, 0x00, 0x00, 0x00, 0x00, 0x02, 0xEF, 0xFF, 0xFF, 0xD1, 0x00, 0x00,
    0x00, 0x00, 0x00, 0x00, 0x00, 0x1C, 0xFF, 0xFF, 0xFE, 0x30, 0x00, 0x00, 0x00, 0x00, 0x00, 0x00,
    0x00, 0xAF, 0xFF, 0xFF, 0xF5, 0x00, 0x00, 0x00, 0x00, 0x00, 0x00, 0x00, 0x07, 0xFF, 0xFF, 0xFF,
    0x80, 0x00, 0x00, 0x00, 0x00, 0x00, 0x00, 0x00, 0x5F, 0xFF, 0xFF, 0xFA, 0x00, 0x00, 0x00, 0x00,
    0x00, 0x00, 0x00, 0x03, 0xEF, 0xFF, 0xFF, 0xC1, 0x00, 0x00, 0x00, 0x00, 0x00, 0x00, 0x00, 0x1D,
    0xFF, 0xFF, 0xFF, 0xFF, 0xFF, 0xFF, 0xFF, 0xFF, 0xFF, 0xFF, 0x20, 0x7F, 0xFF, 0xFF, 0xFF, 0xFF,
    0xFF, 0xFF, 0xFF, 0xFF, 0xFF, 0xFF, 0x20, 0x7F, 0xFF, 0xFF, 0xFF, 0xFF, 0xFF, 0xFF, 0xFF, 0xFF,
    0xFF, 0xFF, 0x20, 0x7F, 0xFF, 0xFF, 0xFF, 0xFF, 0xFF, 0xFF, 0xFF, 0xFF, 0xFF, 0xFF, 0x20, 0x7F,
    0xFF, 0xFF, 0xFF, 0xFF, 0xFF, 0xFF, 0xFF, 0xFF, 0xFF, 0xFF, 0x20, 0x00, 0x00, 0x00, 0x00, 0x00,
    0x09, 0xFF, 0xFD, 0x20, 0x00, 0x00, 0x00, 0x00, 0x00, 0x5F, 0xFF, 0xD2, 0x00, 0x00, 0x00, 0x00,
    0x00, 0x03, 0xEF, 0xFD, 0x20, 0x00, 0x00, 0x00, 0x00, 0x00, 0x1D, 0xFF, 0xD1, 0x00, 0x00, 0x00,
    0x00, 0x00, 0x00, 0xAF, 0xFC, 0x10, 0x00, 0x00, 0x00, 0x00, 0x00, 0x07, 0xFF, 0xC1, 0x00, 0x00,
    0x00, 0x00, 0x00, 0x00, 0x00, 0x00, 0x00, 0x00, 0x00, 0x00, 0x00, 0x00, 0x00, 0x00, 0x00, 0x00,
    0x00, 0x00, 0x00, 0x1F, 0xFF, 0xFF, 0xFF, 0xFF, 0xFF, 0xFF, 0xFF, 0xF2, 0x1F, 0xFF, 0xFF, 0xFF,
    0xFF, 0xFF, 0xFF, 0xFF, 0xF2, 0x1F, 0xFF, 0xFF, 0xFF, 0xFF, 0xFF, 0xFF, 0xFF, 0xF2, 0x1F, 0xFF,
    0xFF, 0xFF, 0xFF, 0xFF, 0xFF, 0xFF, 0xF2, 0x00, 0x00, 0x00, 0x00, 0x03, 0xEF, 0xFF, 0xFF, 0xD1,
    0x00, 0x00, 0x00, 0x00, 0x2E, 0xFF, 0xFF, 0xFE, 0x20, 0x00, 0x00, 0x00, 0x01, 0xDF, 0xFF, 0xFF,
    0xE3, 0x00, 0x00, 0x00, 0x00, 0x1C, 0xFF, 0xFF, 0xFF, 0x40, 0x00, 0x00, 0x00, 0x01, 0xCF, 0xFF,
    0xFF, 0xF5, 0x00, 0x00, 0x00, 0x00, 0x0B, 0xFF, 0xFF, 0xFF, 0x60, 0x00, 0x00, 0x00, 0x00, 0xAF,
    0xFF, 0xFF, 0xF8, 0x00, 0x00, 0x00, 0x00, 0x09, 0xFF, 0xFF, 0xFF, 0x90, 0x00, 0x00, 0x00, 0x00,
    0x7F, 0xFF, 0xFF, 0xFA, 0x00, 0x00, 0x00, 0x00, 0x06, 0xFF, 0xFF, 0xFF, 0xB0, 0x00, 0x00, 0x00,
    0x00, 0x4F, 0xFF, 0xFF, 0xFC, 0x10, 0x00, 0x00, 0x00, 0x00, 0x7F, 0xFF, 0xFF, 0xFF, 0xFF, 0xFF,
    0xFF, 0xFF, 0xF2, 0x7F, 0xFF, 0xFF, 0xFF, 0xFF, 0xFF, 0xFF, 0xFF, 0xF2, 0x7F, 0xFF, 0xFF, 0xFF,
    0xFF, 0xFF, 0xFF, 0xFF, 0xF2, 0x7F, 0xFF, 0xFF, 0xFF, 0xFF, 0xFF, 0xFF, 0xFF, 0xF2, 0x00, 0x00,
    0x00, 0x00, 0x4F, 0xFF, 0xF4, 0x00, 0x00, 0x00, 0x00, 0x00, 0x00, 0x00, 0x00, 0x00, 0x4F, 0xFF,
    0xF4, 0x00, 0x00, 0x00, 0x00, 0x00, 0x00, 0x00, 0x00, 0x00, 0x4F, 0xFF, 0xF4, 0x00, 0x00, 0x00,
    0x00, 0x00, 0x00, 0x00, 0x00, 0x00, 0x4F, 0xFF, 0xF4, 0x00, 0x00, 0x00, 0x00, 0x00, 0x00, 0x00,
    0x00, 0x00, 0x00, 0x00, 0x00, 0x00, 0x00, 0x00, 0x00, 0x00, 0x00, 0x00, 0x00, 0x00, 0x00, 0x00,
    0x00, 0x00, 0x00, 0x00, 0x00, 0x00, 0x1F, 0xFF, 0xFF, 0xFF, 0xFF, 0xFF, 0xFF, 0xFF, 0xFF, 0xFF,
    0xFB, 0x00, 0x1F, 0xFF, 0xFF, 0xFF, 0xFF, 0xFF, 0xFF, 0xFF, 0xFF, 0xFF, 0xFB, 0x00, 0x1F, 0xFF,
    0xFF, 0xFF, 0xFF, 0xFF, 0xFF, 0xFF, 0xFF, 0xFF, 0xFB, 0x00, 0x1F, 0xFF, 0xFF, 0xFF, 0xFF, 0xFF,
    0xFF, 0xFF, 0xFF, 0xFF, 0xFB, 0x00, 0x1F, 0xFF, 0xFF, 0xFF, 0xFF, 0xFF, 0xFF, 0xFF, 0xFF, 0xFF,
    0xF4, 0x00, 0x00, 0x00, 0x00, 0x00, 0x00, 0x00, 0x09, 0xFF, 0xFF, 0xFF, 0x60, 0x00, 0x00, 0x00,
    0x00, 0x00, 0x00, 0x00, 0x6F, 0xFF, 0xFF, 0xF9, 0x00, 0x00, 0x00, 0x00, 0x00, 0x00, 0x00, 0x04,
    0xFF, 0xFF, 0xFF, 0xB0, 0x00, 0x00, 0x00, 0x00, 0x00, 0x00, 0x00, 0x2E, 0xFF, 0xFF, 0xFD, 0x10,
    0x00, 0x00, 0x00, 0x00, 0x00, 0x00, 0x01, 0xCF, 0xFF, 0xFF, 0xE2, 0x00, 0x00, 0x00, 0x00, 0x00,
    0x00, 0x00, 0x0B, 0xFF, 0xFF, 0xFF, 0x40, 0x00, 0x00, 0x00, 0x00, 0x00, 0x00, 0x00, 0x8F, 0xFF,
    0xFF, 0xF7, 0x00, 0x00, 0x00, 0x00, 0x00, 0x00, 0x00, 0x05, 0xFF, 0xFF, 0xFF, 0xA0, 0x00, 0x00,
    0x00, 0x00, 0x00, 0x00, 0x00, 0x3F, 0xFF, 0xFF, 0xFC, 0x00, 0x00, 0x00, 0x00, 0x00, 0x00, 0x00,
    0x02, 0xEF, 0xFF, 0xFF, 0xD1, 0x00, 0x00, 0x00, 0x00, 0x00, 0x00, 0x00, 0x1C, 0xFF, 0xFF, 0xFE,
    0x30, 0x00, 0x00, 0x00, 0x00, 0x00, 0x00, 0x00, 0xAF, 0xFF, 0xFF, 0xF5, 0x00, 0x00, 0x00, 0x00,
    0x00, 0x00, 0x00, 0x07, 0xFF, 0xFF, 0xFF, 0x80, 0x00, 0x00, 0x00, 0x00, 0x00, 0x00, 0x00, 0x5F,
    0xFF, 0xFF, 0xFA, 0x00, 0x00, 0x00, 0x00, 0x00, 0x00, 0x00, 0x03, 0xEF, 0xFF, 0xFF, 0xC1, 0x00,
    0x00, 0x00, 0x00, 0x00, 0x00, 0x00, 0x1D, 0xFF, 0xFF, 0xFF, 0xFF, 0xFF, 0xFF, 0xFF, 0xFF, 0xFF,
    0xFF, 0x20, 0x7F, 0xFF, 0xFF, 0xFF, 0xFF, 0xFF, 0xFF, 0xFF, 0xFF, 0xFF, 0xFF, 0x20, 0x7F, 0xFF,
    0xFF, 0xFF, 0xFF, 0xFF, 0xFF, 0xFF, 0xFF, 0xFF, 0xFF, 0x20, 0x7F, 0xFF, 0xFF, 0xFF, 0xFF, 0xFF,
    0xFF, 0xFF, 0xFF, 0xFF, 0xFF, 0x20, 0x7F, 0xFF, 0xFF, 0xFF, 0xFF, 0xFF, 0xFF, 0xFF, 0xFF, 0xFF,
    0xFF, 0x20, 0x00, 0x00, 0x01, 0xFF, 0xFF, 0xFD, 0x00, 0x00, 0x00, 0x00, 0x00, 0x01, 0xFF, 0xFF,
    0xFD, 0x00, 0x00, 0x00, 0x00, 0x00, 0x01, 0xFF, 0xFF, 0xFD, 0x00, 0x00, 0x00, 0x00, 0x00, 0x01,
    0xFF, 0xFF, 0xFD, 0x00, 0x00, 0x00, 0x00, 0x00, 0x01, 0xFF, 0xFF, 0xFD, 0x00, 0x00, 0x00, 0x00,
    0x00, 0x01, 0xFF, 0xFF, 0xFD, 0x00, 0x00, 0x00, 0x00, 0x00, 0x00, 0x00, 0x00, 0x00, 0x00, 0x00,
    0x00, 0x00, 0x00, 0x00, 0x00, 0x00, 0x00, 0x00, 0x00, 0x00, 0x1F, 0xFF, 0xFF, 0xFF, 0xFF, 0xFF,
    0xFF, 0xFF, 0xF2, 0x1F, 0xFF, 0xFF, 0xFF, 0xFF, 0xFF, 0xFF, 0xFF, 0xF2, 0x1F, 0xFF, 0xFF, 0xFF,
    0xFF, 0xFF, 0xFF, 0xFF, 0xF2, 0x1F, 0xFF, 0xFF, 0xFF, 0xFF, 0xFF, 0xFF, 0xFF, 0xF2, 0x00, 0x00,
    0x00, 0x00, 0x03, 0xEF, 0xFF, 0xFF, 0xD1, 0x00, 0x00, 0x00, 0x00, 0x2E, 0xFF, 0xFF, 0xFE, 0x20,
    0x00, 0x00, 0x00, 0x01, 0xDF, 0xFF, 0xFF, 0xE3, 0x00, 0x00, 0x00, 0x00, 0x1C, 0xFF, 0xFF, 0xFF,
    0x40, 0x00, 0x00, 0x00, 0x01, 0xCF, 0xFF, 0xFF, 0xF5, 0x00, 0x00, 0x00, 0x00, 0x0B, 0xFF, 0xFF,
    0xFF, 0x60, 0x00, 0x00, 0x00, 0x00, 0xAF, 0xFF, 0xFF, 0xF8, 0x00, 0x00, 0x00, 0x00, 0x09, 0xFF,
    0xFF, 0xFF, 0x90, 0x00, 0x00, 0x00, 0x00, 0x7F, 0xFF, 0xFF, 0xFA, 0x00, 0x00, 0x00, 0x00, 0x06,
    0xFF, 0xFF, 0xFF, 0xB0, 0x00, 0x00, 0x00, 0x00, 0x4F, 0xFF, 0xFF, 0xFC, 0x10, 0x00, 0x00, 0x00,
    0x00, 0x7F, 0xFF, 0xFF, 0xFF, 0xFF, 0xFF, 0xFF, 0xFF, 0xF2, 0x7F, 0xFF, 0xFF, 0xFF, 0xFF, 0xFF,
    0xFF, 0xFF, 0xF2, 0x7F, 0xFF, 0xFF, 0xFF, 0xFF, 0xFF, 0xFF, 0xFF, 0xF2, 0x7F, 0xFF, 0xFF, 0xFF,
    0xFF, 0xFF, 0xFF, 0xFF, 0xF2, 0x00, 0x00, 0x1C, 0xFE, 0x50, 0x00, 0x07, 0xFF, 0xB0, 0x00, 0x00,
    0x00, 0x00, 0x00, 0x01, 0xDF, 0xF9, 0x11, 0xBF, 0xFC, 0x10, 0x00, 0x00, 0x00, 0x00, 0x00, 0x00,
    0x2D, 0xFF, 0xDD, 0xFF, 0xC1, 0x00, 0x00, 0x00, 0x00, 0x00, 0x00, 0x00, 0x02, 0xEF, 0xFF, 0xFD,
    0x10, 0x00, 0x00, 0x00, 0x00, 0x00, 0x00, 0x00, 0x00, 0x00, 0x00, 0x00, 0x00, 0x00, 0x00, 0x00,
    0x00, 0x00, 0x00, 0x00, 0x00, 0x00, 0x00, 0x00, 0x00, 0x00, 0x00, 0x00, 0x00, 0x1F, 0xFF, 0xFF,
    0xFF, 0xFF, 0xFF, 0xFF, 0xFF, 0xFF, 0xFF, 0xFB, 0x00, 0x1F, 0xFF, 0xFF, 0xFF, 0xFF, 0xFF, 0xFF,
    0xFF, 0xFF, 0xFF, 0xFB, 0x00, 0x1F, 0xFF, 0xFF, 0xFF, 0xFF, 0xFF, 0xFF, 0xFF, 0xFF, 0xFF, 0xFB,
    0x00, 0x1F, 0xFF, 0xFF, 0xFF, 0xFF, 0xFF, 0xFF, 0xFF, 0xFF, 0xFF, 0xFB, 0x00, 0x1F, 0xFF, 0xFF,
    0xFF, 0xFF, 0xFF, 0xFF, 0xFF, 0xFF, 0xFF, 0xF4, 0x00, 0x00, 0x00, 0x00, 0x00, 0x00, 0x00, 0x09,
    0xFF, 0xFF, 0xFF, 0x60, 0x00, 0x00, 0x00, 0x00, 0x00, 0x00, 0x00, 0x6F, 0xFF, 0xFF, 0xF9, 0x00,
    0x00, 0x00, 0x00, 0x00, 0x00, 0x00, 0x04, 0xFF, 0xFF, 0xFF, 0xB0, 0x00, 0x00, 0x00, 0x00, 0x00,
    0x00, 0x00, 0x2E, 0xFF, 0xFF, 0xFD, 0x10, 0x00, 0x00, 0x00, 0x00, 0x00, 0x00, 0x01, 0xCF, 0xFF,
    0xFF, 0xE2, 0x00, 0x00, 0x00, 0x00, 0x00, 0x00, 0x00, 0x0B, 0xFF, 0xFF, 0xFF, 0x40, 0x00, 0x00,
    0x00, 0x00, 0x00, 0x00, 0x00, 0x8F, 0xFF, 0xFF, 0xF7, 0x00, 0x00, 0x00, 0x00, 0x00, 0x00, 0x00,
    0x05, 0xFF, 0xFF, 0xFF, 0xA0, 0x00, 0x00, 0x00, 0x00, 0x00, 0x00, 0x00, 0x3F, 0xFF, 0xFF, 0xFC,
    0x00, 0x00, 0x00, 0x00, 0x00, 0x00, 0x00, 0x02, 0xEF, 0xFF, 0xFF, 0xD1, 0x00, 0x00, 0x00, 0x00,
    0x00, 0x00, 0x00, 0x1C, 0xFF, 0xFF, 0xFE, 0x30, 0x00, 0x00, 0x00, 0x00, 0x00, 0x00, 0x00, 0xAF,
    0xFF, 0xFF, 0xF5, 0x00, 0x00, 0x00, 0x00, 0x00, 0x00, 0x00, 0x07, 0xFF, 0xFF, 0xFF, 0x80, 0x00,
    0x00, 0x00, 0x00, 0x00, 0x00, 0x00, 0x5F, 0xFF, 0xFF, 0xFA, 0x00, 0x00, 0x00, 0x00, 0x00, 0x00,
    0x00, 0x03, 0xEF, 0xFF, 0xFF, 0xC1, 0x00, 0x00, 0x00, 0x00, 0x00, 0x00, 0x00, 0x1D, 0xFF, 0xFF,
    0xFF, 0xFF, 0xFF, 0xFF, 0xFF, 0xFF, 0xFF, 0xFF, 0x20, 0x7F, 0xFF, 0xFF, 0xFF, 0xFF, 0xFF, 0xFF,
    0xFF, 0xFF, 0xFF, 0xFF, 0x20, 0x7F, 0xFF, 0xFF, 0xFF, 0xFF, 0xFF, 0xFF, 0xFF, 0xFF, 0xFF, 0xFF,
    0x20, 0x7F, 0xFF, 0xFF, 0xFF, 0xFF, 0xFF, 0xFF, 0xFF, 0xFF, 0xFF, 0xFF, 0x20, 0x7F, 0xFF, 0xFF,
    0xFF, 0xFF, 0xFF, 0xFF, 0xFF, 0xFF, 0xFF, 0xFF, 0x20, 0x00, 0x1E, 0xFE, 0x20, 0x00, 0x04, 0xFF,
    0xC0, 0x00, 0x00, 0x05, 0xFF, 0xD1, 0x00, 0x3E, 0xFE, 0x20, 0x00, 0x00, 0x00, 0x9F, 0xFC, 0x12,
    0xEF, 0xF6, 0x00, 0x00, 0x00, 0x00, 0x1D, 0xFF, 0xBD, 0xFF, 0xA0, 0x00, 0x00, 0x00, 0x00, 0x03,
    0xFF, 0xFF, 0xFD, 0x10, 0x00, 0x00, 0x00, 0x00, 0x00, 0x7F, 0xFF, 0xF4, 0x00, 0x00, 0x00, 0x00,
    0x00, 0x00, 0x00, 0x00, 0x00, 0x00, 0x00, 0x00, 0x00, 0x00, 0x00, 0x00, 0x00, 0x00, 0x00, 0x00,
    0x00, 0x1F, 0xFF, 0xFF, 0xFF, 0xFF, 0xFF, 0xFF, 0xFF, 0xF2, 0x1F, 0xFF, 0xFF, 0xFF, 0xFF, 0xFF,
    0xFF, 0xFF, 0xF2, 0x1F, 0xFF, 0xFF, 0xFF, 0xFF, 0xFF, 0xFF, 0xFF, 0xF2, 0x1F, 0xFF, 0xFF, 0xFF,
    0xFF, 0xFF, 0xFF, 0xFF, 0xF2, 0x00, 0x00, 0x00, 0x00, 0x03, 0xEF, 0xFF, 0xFF, 0xD1, 0x00, 0x00,
    0x00, 0x00, 0x2E, 0xFF, 0xFF, 0xFE, 0x20, 0x00, 0x00, 0x00, 0x01, 0xDF, 0xFF, 0xFF, 0xE3, 0x00,
    0x00, 0x00, 0x00, 0x1C, 0xFF, 0xFF, 0xFF, 0x40, 0x00, 0x00, 0x00, 0x01, 0xCF, 0xFF, 0xFF, 0xF5,
    0x00, 0x00, 0x00, 0x00, 0x0B, 0xFF, 0xFF, 0xFF, 0x60, 0x00, 0x00, 0x00, 0x00, 0xAF, 0xFF, 0xFF,
    0xF8, 0x00, 0x00, 0x00, 0x00, 0x09, 0xFF, 0xFF, 0xFF, 0x90, 0x00, 0x00, 0x00, 0x00, 0x7F, 0xFF,
    0xFF, 0xFA, 0x00, 0x00, 0x00, 0x00, 0x06, 0xFF, 0xFF, 0xFF, 0xB0, 0x00, 0x00, 0x00, 0x00, 0x4F,
    0xFF, 0xFF, 0xFC, 0x10, 0x00, 0x00, 0x00, 0x00, 0x7F, 0xFF, 0xFF, 0xFF, 0xFF, 0xFF, 0xFF, 0xFF,
    0xF2, 0x7F, 0xFF, 0xFF, 0xFF, 0xFF, 0xFF, 0xFF, 0xFF, 0xF2, 0x7F, 0xFF, 0xFF, 0xFF, 0xFF, 0xFF,
    0xFF, 0xFF, 0xF2, 0x7F, 0xFF, 0xFF, 0xFF, 0xFF, 0xFF, 0xFF, 0xFF, 0xF2, 0x00, 0x00, 0x00, 0x4A,
    0xDE, 0xFF, 0xFF, 0xF1, 0x00, 0x00, 0x0B, 0xFF, 0xFF, 0xFF, 0xFF, 0xF1, 0x00, 0x00, 0x9F, 0xFF,
    0xFF, 0xFF, 0xFF, 0xF1, 0x00, 0x01, 0xFF, 0xFF, 0xFF, 0xFF, 0xFF, 0xF1, 0x00, 0x04, 0xFF, 0xFF,
    0xFE, 0x40, 0x00, 0x00, 0x00, 0x06, 0xFF, 0xFF, 0xF9, 0x00, 0x00, 0x00, 0x00, 0x06, 0xFF, 0xFF,
    0xF8, 0x00, 0x00, 0x00, 0x5F, 0xFF, 0xFF, 0xFF, 0xF8, 0x00, 0x00, 0x00, 0x5F, 0xFF, 0xFF, 0xFF,
    0xF8, 0x00, 0x00, 0x00, 0x5F, 0xFF, 0xFF, 0xFF, 0xF8, 0x00, 0x00, 0x00, 0x5F, 0xFF, 0xFF, 0xFF,
    0xF8, 0x00, 0x00, 0x00, 0x00, 0x06, 0xFF, 0xFF, 0xF8, 0x00, 0x00, 0x00, 0x00, 0x06, 0xFF, 0xFF,
    0xF8, 0x00, 0x00, 0x00, 0x00, 0x06, 0xFF, 0xFF, 0xF8, 0x00, 0x00, 0x00, 0x00, 0x06, 0xFF, 0xFF,
    0xF8, 0x00, 0x00, 0x00, 0x00, 0x06, 0xFF, 0xFF, 0xF8, 0x00, 0x00, 0x00, 0x00, 0x06, 0xFF, 0xFF,
    0xF8, 0x00, 0x00, 0x00, 0x00, 0x06, 0xFF, 0xFF, 0xF8, 0x00, 0x00, 0x00, 0x00, 0x06, 0xFF, 0xFF,
    0xF8, 0x00, 0x00, 0x00, 0x00, 0x06, 0xFF, 0xFF, 0xF8, 0x00, 0x00, 0x00, 0x00, 0x06, 0xFF, 0xFF,
    0xF8, 0x00, 0x00, 0x00, 0x00, 0x06, 0xFF, 0xFF, 0xF8, 0x00, 0x00, 0x00, 0x00, 0x06, 0xFF, 0xFF,
    0xF8, 0x00, 0x00, 0x00, 0x00, 0x06, 0xFF, 0xFF, 0xF8, 0x00, 0x00, 0x00, 0x00, 0x06, 0xFF, 0xFF,
    0xF8, 0x00, 0x00, 0x00, 0x00, 0x06, 0xFF, 0xFF, 0xF8, 0x00, 0x00, 0x00, 0x3F, 0xFF, 0xFF, 0xFF,
    0xFF, 0xFF, 0xFF, 0x30, 0x3F, 0xFF, 0xFF, 0xFF, 0xFF, 0xFF, 0xFF, 0x30, 0x3F, 0xFF, 0xFF, 0xFF,
    0xFF, 0xFF, 0xFF, 0x30, 0x3F, 0xFF, 0xFF, 0xFF, 0xFF, 0xFF, 0xFF, 0x30, 0x3F, 0xFF, 0xFF, 0xFF,
    0xFF, 0xFF, 0xFF, 0xFF, 0xFF, 0xFF, 0xFF, 0xFF, 0xFF, 0xFF, 0xFF, 0xF3, 0x3F, 0xFF, 0xFF, 0xFF,
    0xFF, 0xFF, 0xFF, 0xFF, 0xFF, 0xFF, 0xFF, 0xFF, 0xFF, 0xFF, 0xFF, 0xF3, 0x3F, 0xFF, 0xFF, 0xFF,
    0xFF, 0xFF, 0xFF, 0xFF, 0xFF, 0xFF, 0xFF, 0xFF, 0xFF, 0xFF, 0xFF, 0xF3, 0x3F, 0xFF, 0xFF, 0xFF,
    0xFF, 0xFF, 0xFF, 0xFF, 0xFF, 0xFF, 0xFF, 0xFF, 0xFF, 0xFF, 0xFF, 0xF3, 0x5F, 0xFF, 0xFF, 0xA0,
    0x00, 0x00, 0xFF, 0xFF, 0xFF, 0x00, 0x00, 0x0A, 0xFF, 0xFF, 0xF5, 0x5F, 0xFF, 0xFF, 0xA0, 0x00,
    0x00, 0xFF, 0xFF, 0xFF, 0x00, 0x00, 0x0A, 0xFF, 0xFF, 0xF5, 0x5F, 0xFF, 0xFF, 0xA0, 0x00, 0x00,
    0xFF, 0xFF, 0xFF, 0x00, 0x00, 0x0A, 0xFF, 0xFF, 0xF5, 0x5F, 0xFF, 0xFF, 0xA0, 0x00, 0x00, 0xFF,
    0xFF, 0xFF, 0x00, 0x00, 0x0A, 0xFF, 0xFF, 0xF5, 0x5F, 0xFF, 0xFF, 0xA0, 0x00, 0x00, 0xFF, 0xFF,
    0xFF, 0x00, 0x00, 0x0A, 0xFF, 0xFF, 0xF5, 0x5F, 0xFF, 0xFF, 0xA0, 0x00, 0x00, 0xFF, 0xFF, 0xFF,
    0x00, 0x00, 0x0A, 0xFF, 0xFF, 0xF5, 0x00, 0x00, 0x00, 0x00, 0x00, 0x27, 0xAD, 0xEF, 0xEC, 0x95,
    0x00, 0x00, 0x00, 0x00, 0x00, 0x00, 0x2A, 0xFF, 0xFF, 0xFF, 0xFF, 0xFF, 0xD6, 0x00, 0x00, 0x00,
    0x00, 0x06, 0xFF, 0xFF, 0xFF, 0xFF, 0xFF, 0xFF, 0xFF, 0x60, 0x00, 0x00, 0x00, 0x7F, 0xFF, 0xFF,
    0xFF, 0xFF, 0xFF, 0xFF, 0xFF, 0x60, 0x00, 0x00, 0x04, 0xFF, 0xFF, 0xFF, 0xFF, 0xFF, 0xFF, 0xFF,
    0xFF, 0x60, 0x00, 0x00, 0x1D, 0xFF, 0xFF, 0xFF, 0xD8, 0x31, 0x02, 0x6C, 0xFF, 0x60, 0x00, 0x00,
    0x7F, 0xFF, 0xFF, 0xFA, 0x10, 0x00, 0x00, 0x00, 0x6E, 0x60, 0x00, 0x00, 0xDF, 0xFF, 0xFF, 0xD1,
    0x00, 0x00, 0x00, 0x00, 0x03, 0x50, 0x07, 0xFF, 0xFF, 0xFF, 0xFF, 0xFF, 0xFF, 0xFF, 0xFF, 0xF3,
    0x00, 0x00, 0x0D, 0xFF, 0xFF, 0xFF, 0xFF, 0xFF, 0xFF, 0xFF, 0xFF, 0xB0, 0x00, 0x00, 0x6F, 0xFF,
    0xFF, 0xFF, 0xFF, 0xFF, 0xFF, 0xFF, 0xFF, 0x40, 0x00, 0x00, 0x00, 0x09, 0xFF, 0xFF, 0xFC, 0x00,
    0x00, 0x00, 0x00, 0x00, 0x00, 0x00, 0x00, 0x09, 0xFF, 0xFF, 0xFC, 0x00, 0x00, 0x00, 0x00, 0x00,
    0x00, 0x00, 0x07, 0xFF, 0xFF, 0xFF, 0xFF, 0xFF, 0xFF, 0xFF, 0xB0, 0x00, 0x00, 0x00, 0x0D, 0xFF,
    0xFF, 0xFF, 0xFF, 0xFF, 0xFF, 0xFF, 0x30, 0x00, 0x00, 0x00, 0x6F, 0xFF, 0xFF, 0xFF, 0xFF, 0xFF,
    0xFF, 0xFB, 0x00, 0x00, 0x00, 0x00, 0x00, 0x00, 0xDF, 0xFF, 0xFF, 0xC0, 0x00, 0x00, 0x00, 0x00,
    0x00, 0x00, 0x00, 0x00, 0x8F, 0xFF, 0xFF, 0xF6, 0x00, 0x00, 0x00, 0x00, 0x03, 0x50, 0x00, 0x00,
    0x2F, 0xFF, 0xFF, 0xFF, 0x50, 0x00, 0x00, 0x00, 0x6E, 0x60, 0x00, 0x00, 0x08, 0xFF, 0xFF, 0xFF,
    0xFA, 0x42, 0x02, 0x6C, 0xFF, 0x60, 0x00, 0x00, 0x01, 0xDF, 0xFF, 0xFF, 0xFF, 0xFF, 0xFF, 0xFF,
    0xFF, 0x60, 0x00, 0x00, 0x00, 0x2E, 0xFF, 0xFF, 0xFF, 0xFF, 0xFF, 0xFF, 0xFF, 0x60, 0x00, 0x00,
    0x00, 0x02, 0xDF, 0xFF, 0xFF, 0xFF, 0xFF, 0xFF, 0xFF, 0x60, 0x00, 0x00, 0x00, 0x00, 0x18, 0xEF,
    0xFF, 0xFF, 0xFF, 0xFF, 0xD6, 0x00, 0x00, 0x00, 0x00, 0x00, 0x00, 0x16, 0xAD, 0xEF, 0xEC, 0x95,
    0x00, 0x00, 0x00, 0x00, 0x00, 0x59, 0x00, 0x00, 0x00, 0x00, 0x00, 0x00, 0x00, 0x00, 0x00, 0x00,
    0x00, 0x04, 0xFF, 0x90, 0x00, 0x00, 0x00, 0x00, 0x00, 0x00, 0x00, 0x00, 0x00, 0x00, 0x4E, 0xFF,
    0xF5, 0x00, 0x00, 0x00, 0x00, 0x00, 0x00, 0x00, 0x00, 0x00, 0x03, 0xEF, 0xFF, 0xA0, 0x00, 0x00,
    0x00, 0x00, 0x00, 0x00, 0x00, 0x00, 0x00, 0x3E, 0xFF, 0xFB, 0x00, 0x00, 0x00, 0x00, 0x00, 0x00,
    0x00, 0x00, 0x00, 0x02, 0xEF, 0xFF, 0xB1, 0x00, 0x00, 0x00, 0x00, 0x00, 0x00, 0x00, 0x00, 0x00,
    0x2D, 0xFF, 0xFF, 0xFF, 0xFF, 0xFF, 0xFF, 0xFF, 0xFF, 0xFF, 0xFF, 0xFF, 0xF8, 0x5F, 0xFF, 0xFF,
    0xFF, 0xFF, 0xFF, 0xFF, 0xFF, 0xFF, 0xFF, 0xFF, 0xFF, 0xF8, 0x5F, 0xFF, 0xFF, 0xFF, 0xFF, 0xFF,
    0xFF, 0xFF, 0xFF, 0xFF, 0xFF, 0xFF, 0xF8, 0x2D, 0xFF, 0xFF, 0xFF, 0xFF, 0xFF, 0xFF, 0xFF, 0xFF,
    0xFF, 0xFF, 0xFF, 0xF8, 0x02, 0xEF, 0xFF, 0xB0, 0x00, 0x00, 0x00, 0x00, 0x00, 0x00, 0x00, 0x00,
    0x00, 0x00, 0x3E, 0xFF, 0xFB, 0x00, 0x00, 0x00, 0x00, 0x00, 0x00, 0x00, 0x00, 0x00, 0x00, 0x03,
    0xEF, 0xFF, 0xA0, 0x00, 0x00, 0x00, 0x00, 0x00, 0x00, 0x00, 0x00, 0x00, 0x00, 0x4E, 0xFF, 0xF5,
    0x00, 0x00, 0x00, 0x00, 0x00, 0x00, 0x00, 0x00, 0x00, 0x00, 0x04, 0xFF, 0x90, 0x00, 0x00, 0x00,
    0x00, 0x00, 0x00, 0x00, 0x00, 0x00, 0x00, 0x00, 0x5A, 0x00, 0x00, 0x00, 0x00, 0x00, 0x00, 0x00,
    0x00, 0x00, 0x00, 0x00, 0x00, 0x6F, 0xFC, 0x10, 0x00, 0x00, 0x00, 0x00, 0x05, 0xFF, 0xFF, 0xC1,
    0x00, 0x00, 0x00, 0x00, 0x4F, 0xFF, 0xFF, 0xFB, 0x00, 0x00, 0x00, 0x03, 0xEF, 0xFF, 0xFF, 0xFF,
    0xA0, 0x00, 0x00, 0x3E, 0xFF, 0xFF, 0xFF, 0xFF, 0xF9, 0x00, 0x02, 0xDF, 0xFF, 0xFF, 0xFF, 0xFF,
    0xFF, 0x80, 0x1D, 0xFF, 0xFC, 0xCF, 0xFF, 0x9F, 0xFF, 0xF7, 0x1C, 0xFF, 0xC1, 0xBF, 0xFF, 0x45,
    0xFF, 0xF7, 0x01, 0xCC, 0x10, 0xBF, 0xFF, 0x40, 0x5F, 0x60, 0x00, 0x11, 0x00, 0xBF, 0xFF, 0x40,
    0x02, 0x00, 0x00, 0x00, 0x00, 0xBF, 0xFF, 0x40, 0x00, 0x00, 0x00, 0x00, 0x00, 0xBF, 0xFF, 0x40,
    0x00, 0x00, 0x00, 0x00, 0x00, 0xBF, 0xFF, 0x40, 0x00, 0x00, 0x00, 0x00, 0x00, 0xBF, 0xFF, 0x40,
    0x00, 0x00, 0x00, 0x00, 0x00, 0xBF, 0xFF, 0x40, 0x00, 0x00, 0x00, 0x00, 0x00, 0xBF, 0xFF, 0x40,
    0x00, 0x00, 0x00, 0x00, 0x00, 0xBF, 0xFF, 0x40, 0x00, 0x00, 0x00, 0x00, 0x00, 0xBF, 0xFF, 0x40,
    0x00, 0x00, 0x00, 0x00, 0x00, 0xBF, 0xFF, 0x40, 0x00, 0x00, 0x00, 0x00, 0x00, 0xBF, 0xFF, 0x40,
    0x00, 0x00, 0x00, 0x00, 0x00, 0xBF, 0xFF, 0x40, 0x00, 0x00, 0x00, 0x00, 0x00, 0xBF, 0xFF, 0x40,
    0x00, 0x00, 0x00, 0x00, 0x00, 0xBF, 0xFF, 0x40, 0x00, 0x00, 0x00, 0x00, 0x00, 0xBF, 0xFF, 0x40,
    0x00, 0x00, 0x00, 0x00, 0x00, 0xBF, 0xFF, 0x40, 0x00, 0x00, 0x00, 0x00, 0x00, 0x00, 0x00, 0x00,
    0x00, 0x00, 0x00, 0x3A, 0x00, 0x00, 0x00, 0x00, 0x00, 0x00, 0x00, 0x00, 0x00, 0x00, 0x00, 0x03,
    0xEF, 0xB0, 0x00, 0x00, 0x00, 0x00, 0x00, 0x00, 0x00, 0x00, 0x00, 0x00, 0x0D, 0xFF, 0xFA, 0x00,
    0x00, 0x00, 0x00, 0x00, 0x00, 0x00, 0x00, 0x00, 0x00, 0x03, 0xEF, 0xFF, 0xA0, 0x00, 0x00, 0x00,
    0x00, 0x00, 0x00, 0x00, 0x00, 0x00, 0x00, 0x4F, 0xFF, 0xF9, 0x00, 0x00, 0x00, 0x00, 0x00, 0x00,
    0x00, 0x00, 0x00, 0x00, 0x05, 0xFF, 0xFF, 0x80, 0x1F, 0xFF, 0xFF, 0xFF, 0xFF, 0xFF, 0xFF, 0xFF,
    0xFF, 0xFF, 0xFF, 0xFF, 0xF7, 0x1F, 0xFF, 0xFF, 0xFF, 0xFF, 0xFF, 0xFF, 0xFF, 0xFF, 0xFF, 0xFF,
    0xFF, 0xFC, 0x1F, 0xFF, 0xFF, 0xFF, 0xFF, 0xFF, 0xFF, 0xFF, 0xFF, 0xFF, 0xFF, 0xFF, 0xFC, 0x1F,
    0xFF, 0xFF, 0xFF, 0xFF, 0xFF, 0xFF, 0xFF, 0xFF, 0xFF, 0xFF, 0xFF, 0xF7, 0x00, 0x00, 0x00, 0x00,
    0x00, 0x00, 0x00, 0x00, 0x00, 0x05, 0xFF, 0xFF, 0x80, 0x00, 0x00, 0x00, 0x00, 0x00, 0x00, 0x00,
    0x00, 0x00, 0x4F, 0xFF, 0xF9, 0x00, 0x00, 0x00, 0x00, 0x00, 0x00, 0x00, 0x00, 0x00, 0x03, 0xEF,
    0xFF, 0xA0, 0x00, 0x00, 0x00, 0x00, 0x00, 0x00, 0x00, 0x00, 0x00, 0x0D, 0xFF, 0xFA, 0x00, 0x00,
    0x00, 0x00, 0x00, 0x00, 0x00, 0x00, 0x00, 0x00, 0x03, 0xEF, 0xB0, 0x00, 0x00, 0x00, 0x00, 0x00,
    0x00, 0x00, 0x00, 0x00, 0x00, 0x00, 0x3A, 0x00, 0x00, 0x00, 0x00, 0x00, 0x00, 0xBF, 0xFF, 0x40,
    0x00, 0x00, 0x00, 0x00, 0x00, 0xBF, 0xFF, 0x40, 0x00, 0x00, 0x00, 0x00, 0x00, 0xBF, 0xFF, 0x40,
    0x00, 0x00, 0x00, 0x00, 0x00, 0xBF, 0xFF, 0x40, 0x00, 0x00, 0x00, 0x00, 0x00, 0xBF, 0xFF, 0x40,
    0x00, 0x00, 0x00, 0x00, 0x00, 0xBF, 0xFF, 0x40, 0x00, 0x00, 0x00, 0x00, 0x00, 0xBF, 0xFF, 0x40,
    0x00, 0x00, 0x00, 0x00, 0x00, 0xBF, 0xFF, 0x40, 0x00, 0x00, 0x00, 0x00, 0x00, 0xBF, 0xFF, 0x40,
    0x00, 0x00, 0x00, 0x00, 0x00, 0xBF, 0xFF, 0x40, 0x00, 0x00, 0x00, 0x00, 0x00, 0xBF, 0xFF, 0x40,
    0x00, 0x00, 0x00, 0x00, 0x00, 0xBF, 0xFF, 0x40, 0x00, 0x00, 0x00, 0x00, 0x00, 0xBF, 0xFF, 0x40,
    0x00, 0x00, 0x00, 0x00, 0x00, 0xBF, 0xFF, 0x40, 0x00, 0x00, 0x00, 0x00, 0x00, 0xBF, 0xFF, 0x40,
    0x00, 0x00, 0x00, 0x11, 0x00, 0xBF, 0xFF, 0x40, 0x02, 0x00, 0x01, 0xCC, 0x10, 0xBF, 0xFF, 0x40,
    0x5F, 0x60, 0x1C, 0xFF, 0xC1, 0xBF, 0xFF, 0x45, 0xFF, 0xF7, 0x1D, 0xFF, 0xFC, 0xCF, 0xFF, 0x9F,
    0xFF, 0xF7, 0x02, 0xDF, 0xFF, 0xFF, 0xFF, 0xFF, 0xFF, 0x80, 0x00, 0x3E, 0xFF, 0xFF, 0xFF, 0xFF,
    0xF9, 0x00, 0x00, 0x03, 0xEF, 0xFF, 0xFF, 0xFF, 0xA0, 0x00, 0x00, 0x00, 0x4F, 0xFF, 0xFF, 0xFB,
    0x00, 0x00, 0x00, 0x00, 0x05, 0xFF, 0xFF, 0xC1, 0x00, 0x00, 0x00, 0x00, 0x00, 0x6F, 0xFC, 0x10,
    0x00, 0x00,
};

static const gfx_glyph_t s_glyphs[] = {
    { 0x0020, 0, 0, 0, 0, 0, 12 },
    { 0x0021, 0, 7, 25, 4, -25, 16 },
    { 0x0022, 100, 12, 9, 3, -25, 18 },
    { 0x0023, 154, 25, 25, 2, -25, 28 },
    { 0x0024, 479, 20, 31, 2, -26, 24 },
    { 0x0025, 789, 32, 25, 1, -25, 34 },
    { 0x0026, 1189, 26, 25, 2, -25, 30 },
    { 0x0027, 1514, 5, 9, 3, -25, 10 },
    { 0x0028, 1541, 11, 30, 2, -26, 16 },
    { 0x0029, 1721, 11, 30, 2, -26, 16 },
    { 0x002A, 1901, 17, 16, 0, -25, 18 },
    { 0x002B, 2045, 22, 22, 3, -22, 28 },
    { 0x002C, 2287, 9, 11, 1, -6, 13 },
    { 0x002D, 2342, 12, 5, 1, -13, 14 },
    { 0x002E, 2372, 7, 6, 3, -6, 13 },
    { 0x002F, 2396, 13, 28, 0, -25, 12 },
    { 0x0030, 2592, 21, 25, 1, -25, 24 },
    { 0x0031, 2867, 19, 25, 3, -25, 24 },
    { 0x0032, 3117, 19, 25, 2, -25, 24 },
    { 0x0033, 3367, 19, 25, 2, -25, 24 },
    { 0x0034, 3617, 22, 25, 1, -25, 24 },
    { 0x0035, 3892, 20, 25, 2, -25, 24 },
    { 0x0036, 4142, 20, 25, 2, -25, 24 },
    { 0x0037, 4392, 19, 25, 2, -25, 24 },
    { 0x0038, 4642, 20, 25, 2, -25, 24 },
    { 0x0039, 4892, 21, 25, 1, -25, 24 },
    { 0x003A, 5167, 7, 19, 3, -19, 14 },
    { 0x003B, 5243, 8, 24, 2, -19, 14 },
    { 0x003C, 5339, 22, 19, 3, -20, 28 },
    { 0x003D, 5548, 22, 12, 3, -17, 28 },
    { 0x003E, 5680, 22, 19, 3, -20, 28 },
    { 0x003F, 5889, 16, 25, 2, -25, 20 },
    { 0x0040, 6089, 30, 30, 2, -25, 34 },
    { 0x0041, 6539, 26, 25, 0, -25, 26 },
    { 0x0042, 6864, 21, 25, 3, -25, 26 },
    { 0x0043, 7139, 22, 25, 1, -25, 25 },
    { 0x0044, 7414, 24, 25, 3, -25, 28 },
    { 0x0045, 7714, 18, 25, 3, -25, 23 },
    { 0x0046, 7939, 18, 25, 3, -25, 23 },
    { 0x0047, 8164, 25, 25, 1, -25, 28 },
    { 0x0048, 8489, 23, 25, 3, -25, 28 },
    { 0x0049, 8789, 7, 25, 3, -25, 13 },
    { 0x004A, 8889, 12, 32, -2, -25, 13 },
    { 0x004B, 9081, 25, 25, 3, -25, 26 },
    { 0x004C, 9406, 18, 25, 3, -25, 22 },
    { 0x004D, 9631, 28, 25, 3, -25, 34 },
    { 0x004E, 9981, 23, 25, 3, -25, 28 },
    { 0x004F, 10281, 27, 25, 1, -25, 29 },
    { 0x0050, 10631, 21, 25, 3, -25, 25 },
    { 0x0051, 10906, 27, 30, 1, -25, 29 },
    { 0x0052, 11326, 23, 25, 3, -25, 26 },
    { 0x0053, 11626, 20, 25, 2, -25, 24 },
    { 0x0054, 11876, 23, 25, 0, -25, 23 },
    { 0x0055, 12176, 22, 25, 3, -25, 28 },
    { 0x0056, 12451, 26, 25, 0, -25, 26 },
    { 0x0057, 12776, 36, 25, 1, -25, 38 },
    { 0x0058, 13226, 26, 25, 0, -25, 26 },
    { 0x0059, 13551, 26, 25, -1, -25, 25 },
    { 0x005A, 13876, 23, 25, 1, -25, 25 },
    { 0x005B, 14176, 12, 30, 2, -26, 16 },
    { 0x005C, 14356, 13, 28, 0, -25, 12 },
    { 0x005D, 14552, 11, 30, 2, -26, 16 },
    { 0x005E, 14732, 22, 9, 3, -25, 28 },
    { 0x005F, 14831, 17, 3, 0, 5, 17 },
    { 0x0060, 14858, 10, 6, 1, -27, 17 },
    { 0x0061, 14888, 20, 19, 1, -19, 23 },
    { 0x0062, 15078, 21, 26, 2, -26, 24 },
    { 0x0063, 15364, 17, 19, 1, -19, 20 },
    { 0x0064, 15535, 21, 26, 1, -26, 24 },
    { 0x0065, 15821, 21, 19, 1, -19, 23 },
    { 0x0066, 16030, 16, 26, 0, -26, 15 },
    { 0x0067, 16238, 21, 26, 1, -19, 24 },
    { 0x0068, 16524, 20, 26, 2, -26, 24 },
    { 0x0069, 16784, 7, 26, 2, -26, 12 },
    { 0x006A, 16888, 11, 33, -2, -26, 12 },
    { 0x006B, 17086, 22, 26, 2, -26, 23 },
    { 0x006C, 17372, 7, 26, 2, -26, 12 },
    { 0x006D, 17476, 31, 19, 2, -19, 35 },
    { 0x006E, 17780, 20, 19, 2, -19, 24 },
    { 0x006F, 17970, 21, 19, 1, -19, 23 },
    { 0x0070, 18179, 21, 26, 2, -19, 24 },
    { 0x0071, 18465, 21, 26, 1, -19, 24 },
    { 0x0072, 18751, 15, 19, 2, -19, 17 },
    { 0x0073, 18903, 18, 19, 1, -19, 20 },
    { 0x0074, 19074, 16, 24, 0, -24, 16 },
    { 0x0075, 19266, 20, 19, 2, -19, 24 },
    { 0x0076, 19456, 22, 19, 0, -19, 22 },
    { 0x0077, 19665, 30, 19, 1, -19, 31 },
    { 0x0078, 19950, 22, 19, 0, -19, 22 },
    { 0x0079, 20159, 22, 26, 0, -19, 22 },
    { 0x007A, 20445, 18, 19, 1, -19, 20 },
    { 0x007B, 20616, 16, 31, 4, -26, 24 },
    { 0x007C, 20864, 5, 34, 4, -26, 12 },
    { 0x007D, 20966, 16, 31, 4, -26, 24 },
    { 0x007E, 21214, 22, 8, 3, -15, 28 },
    { 0x00A0, 21302, 0, 0, 0, 0, 12 },
    { 0x00A1, 21302, 7, 25, 4, -19, 16 },
    { 0x00A2, 21402, 18, 29, 2, -24, 24 },
    { 0x00A3, 21663, 19, 25, 2, -25, 24 },
    { 0x00A4, 21913, 20, 20, 1, -21, 22 },
    { 0x00A5, 22113, 24, 25, 0, -25, 24 },
    { 0x00A6, 22413, 5, 30, 4, -24, 12 },
    { 0x00A7, 22503, 17, 28, 0, -25, 17 },
    { 0x00A8, 22755, 11, 4, 3, -26, 17 },
    { 0x00A9, 22779, 26, 25, 4, -25, 34 },
    { 0x00AA, 23104, 15, 19, 2, -25, 19 },
    { 0x00AB, 23256, 17, 15, 2, -18, 22 },
    { 0x00AC, 23391, 22, 10, 3, -15, 28 },
    { 0x00AD, 23501, 12, 5, 1, -13, 14 },
    { 0x00AE, 23531, 26, 25, 4, -25, 34 },
    { 0x00AF, 23856, 11, 3, 3, -26, 17 },
    { 0x00B0, 23874, 11, 11, 3, -25, 17 },
    { 0x00B1, 23940, 22, 21, 3, -21, 28 },
    { 0x00B2, 24171, 12, 14, 1, -25, 15 },
    { 0x00B3, 24255, 12, 14, 1, -25, 15 },
    { 0x00B4, 24339, 10, 6, 6, -27, 17 },
    { 0x00B5, 24369, 22, 26, 2, -19, 25 },
    { 0x00B6, 24655, 17, 28, 2, -25, 22 },
    { 0x00B7, 24907, 7, 6, 3, -15, 13 },
    { 0x00B8, 24931, 8, 7, 4, 0, 17 },
    { 0x00B9, 24959, 11, 14, 2, -25, 15 },
    { 0x00BA, 25043, 16, 19, 2, -25, 19 },
    { 0x00BB, 25195, 17, 15, 3, -18, 22 },
    { 0x00BC, 25330, 32, 25, 1, -25, 35 },
    { 0x00BD, 25730, 33, 25, 1, -25, 35 },
    { 0x00BE, 26155, 32, 25, 1, -25, 35 },
    { 0x00BF, 26555, 16, 26, 2, -19, 20 },
    { 0x00C0, 26763, 26, 31, 0, -31, 26 },
    { 0x00C1, 27166, 26, 31, 0, -31, 26 },
    { 0x00C2, 27569, 26, 31, 0, -31, 26 },
    { 0x00C3, 27972, 26, 32, 0, -32, 26 },
    { 0x00C4, 28388, 26, 31, 0, -31, 26 },
    { 0x00C5, 28791, 26, 32, 0, -32, 26 },
    { 0x00C6, 29207, 35, 25, 0, -25, 37 },
    { 0x00C7, 29657, 22, 32, 1, -25, 25 },
    { 0x00C8, 30009, 18, 31, 3, -31, 23 },
    { 0x00C9, 30288, 18, 31, 3, -31, 23 },
    { 0x00CA, 30567, 18, 31, 3, -31, 23 },
    { 0x00CB, 30846, 18, 31, 3, -31, 23 },
    { 0x00CC, 31125, 10, 31, 0, -31, 13 },
    { 0x00CD, 31280, 9, 31, 3, -31, 13 },
    { 0x00CE, 31435, 13, 31, 0, -31, 13 },
    { 0x00CF, 31652, 11, 31, 1, -31, 13 },
    { 0x00D0, 31838, 27, 25, 0, -25, 28 },
    { 0x00D1, 32188, 23, 32, 3, -32, 28 },
    { 0x00D2, 32572, 27, 31, 1, -31, 29 },
    { 0x00D3, 33006, 27, 31, 1, -31, 29 },
    { 0x00D4, 33440, 27, 31, 1, -31, 29 },
    { 0x00D5, 33874, 27, 32, 1, -32, 29 },
    { 0x00D6, 34322, 27, 31, 1, -31, 29 },
    { 0x00D7, 34756, 21, 20, 4, -21, 28 },
    { 0x00D8, 34976, 28, 27, 0, -26, 29 },
    { 0x00D9, 35354, 22, 31, 3, -31, 28 },
    { 0x00DA, 35695, 22, 31, 3, -31, 28 },
    { 0x00DB, 36036, 22, 31, 3, -31, 28 },
    { 0x00DC, 36377, 22, 31, 3, -31, 28 },
    { 0x00DD, 36718, 26, 31, -1, -31, 25 },
    { 0x00DE, 37121, 21, 25, 3, -25, 25 },
    { 0x00DF, 37396, 21, 26, 2, -26, 24 },
    { 0x00E0, 37682, 20, 27, 1, -27, 23 },
    { 0x00E1, 37952, 20, 27, 1, -27, 23 },
    { 0x00E2, 38222, 20, 27, 1, -27, 23 },
    { 0x00E3, 38492, 20, 27, 1, -27, 23 },
    { 0x00E4, 38762, 20, 26, 1, -26, 23 },
    { 0x00E5, 39022, 20, 30, 1, -30, 23 },
    { 0x00E6, 39322, 33, 19, 1, -19, 36 },
    { 0x00E7, 39645, 17, 26, 1, -19, 20 },
    { 0x00E8, 39879, 21, 27, 1, -27, 23 },
    { 0x00E9, 40176, 21, 27, 1, -27, 23 },
    { 0x00EA, 40473, 21, 27, 1, -27, 23 },
    { 0x00EB, 40770, 21, 26, 1, -26, 23 },
    { 0x00EC, 41056, 10, 27, -1, -27, 12 },
    { 0x00ED, 41191, 11, 27, 2, -27, 12 },
    { 0x00EE, 41353, 13, 27, -1, -27, 12 },
    { 0x00EF, 41542, 12, 26, 0, -26, 12 },
    { 0x00F0, 41698, 21, 26, 1, -26, 23 },
    { 0x00F1, 41984, 20, 27, 2, -27, 24 },
    { 0x00F2, 42254, 21, 27, 1, -27, 23 },
    { 0x00F3, 42551, 21, 27, 1, -27, 23 },
    { 0x00F4, 42848, 21, 27, 1, -27, 23 },
    { 0x00F5, 43145, 21, 27, 1, -27, 23 },
    { 0x00F6, 43442, 21, 26, 1, -26, 23 },
    { 0x00F7, 43728, 22, 18, 3, -20, 28 },
    { 0x00F8, 43926, 21, 21, 1, -20, 23 },
    { 0x00F9, 44157, 20, 27, 2, -27, 24 },
    { 0x00FA, 44427, 20, 27, 2, -27, 24 },
    { 0x00FB, 44697, 20, 27, 2, -27, 24 },
    { 0x00FC, 44967, 20, 26, 2, -26, 24 },
    { 0x00FD, 45227, 22, 34, 0, -27, 22 },
    { 0x00FE, 45601, 21, 33, 2, -26, 24 },
    { 0x00FF, 45964, 22, 33, 0, -26, 22 },
    { 0x0100, 46327, 26, 31, 0, -31, 26 },
    { 0x0101, 46730, 20, 26, 1, -26, 23 },
    { 0x0102, 46990, 26, 32, 0, -32, 26 },
    { 0x0103, 47406, 20, 27, 1, -27, 23 },
    { 0x0104, 47676, 26, 32, 0, -25, 26 },
    { 0x0105, 48092, 20, 26, 1, -19, 23 },
    { 0x0106, 48352, 22, 31, 1, -31, 25 },
    { 0x0107, 48693, 18, 27, 1, -27, 20 },
    { 0x0108, 48936, 22, 31, 1, -31, 25 },
    { 0x0109, 49277, 18, 27, 1, -27, 20 },
    { 0x010A, 49520, 22, 31, 1, -31, 25 },
    { 0x010B, 49861, 17, 27, 1, -27, 20 },
    { 0x010C, 50104, 22, 31, 1, -31, 25 },
    { 0x010D, 50445, 18, 27, 1, -27, 20 },
    { 0x010E, 50688, 24, 31, 3, -31, 28 },
    { 0x010F, 51060, 29, 26, 1, -26, 24 },
    { 0x0110, 51450, 27, 25, 0, -25, 28 },
    { 0x0111, 51800, 24, 26, 1, -26, 24 },
    { 0x0112, 52112, 18, 31, 3, -31, 23 },
    { 0x0113, 52391, 21, 26, 1, -26, 23 },
    { 0x0114, 52677, 18, 31, 3, -31, 23 },
    { 0x0115, 52956, 21, 27, 1, -27, 23 },
    { 0x0116, 53253, 18, 31, 3, -31, 23 },
    { 0x0117, 53532, 21, 27, 1, -27, 23 },
    { 0x0118, 53829, 18, 32, 3, -25, 23 },
    { 0x0119, 54117, 21, 26, 1, -19, 23 },
    { 0x011A, 54403, 18, 31, 3, -31, 23 },
    { 0x011B, 54682, 21, 27, 1, -27, 23 },
    { 0x011C, 54979, 25, 31, 1, -31, 28 },
    { 0x011D, 55382, 21, 34, 1, -27, 24 },
    { 0x011E, 55756, 25, 31, 1, -31, 28 },
    { 0x011F, 56159, 21, 34, 1, -27, 24 },
    { 0x0120, 56533, 25, 31, 1, -31, 28 },
    { 0x0121, 56936, 21, 34, 1, -27, 24 },
    { 0x0122, 57310, 25, 32, 1, -25, 28 },
    { 0x0123, 57726, 21, 33, 1, -26, 24 },
    { 0x0124, 58089, 23, 31, 3, -31, 28 },
    { 0x0125, 58461, 23, 31, -1, -31, 24 },
    { 0x0126, 58833, 27, 25, 3, -25, 33 },
    { 0x0127, 59183, 23, 26, 2, -26, 27 },
    { 0x0128, 59495, 13, 32, 0, -32, 13 },
    { 0x0129, 59719, 12, 27, 0, -27, 12 },
    { 0x012A, 59881, 11, 31, 1, -31, 13 },
    { 0x012B, 60067, 12, 26, 0, -26, 12 },
    { 0x012C, 60223, 12, 31, 0, -31, 13 },
    { 0x012D, 60409, 12, 27, 0, -27, 12 },
    { 0x012E, 60571, 10, 32, 3, -25, 13 },
    { 0x012F, 60731, 10, 33, 2, -26, 12 },
    { 0x0130, 60896, 7, 31, 3, -31, 13 },
    { 0x0131, 61020, 7, 19, 2, -19, 12 },
    { 0x0132, 61096, 20, 32, 3, -25, 25 },
    { 0x0133, 61416, 19, 33, 2, -26, 23 },
    { 0x0134, 61746, 15, 38, -2, -31, 13 },
    { 0x0135, 62050, 14, 34, -2, -27, 12 },
    { 0x0136, 62288, 25, 32, 3, -25, 26 },
    { 0x0137, 62704, 22, 33, 2, -26, 23 },
    { 0x0138, 63067, 22, 19, 2, -19, 23 },
    { 0x0139, 63276, 18, 31, 3, -31, 22 },
    { 0x013A, 63555, 10, 31, 2, -31, 12 },
    { 0x013B, 63710, 18, 32, 3, -25, 22 },
    { 0x013C, 63998, 8, 33, 2, -26, 12 },
    { 0x013D, 64130, 18, 25, 3, -25, 22 },
    { 0x013E, 64355, 15, 26, 2, -26, 16 },
    { 0x013F, 64563, 18, 25, 3, -25, 22 },
    { 0x0140, 64788, 15, 26, 2, -26, 19 },
    { 0x0141, 64996, 23, 25, -2, -25, 22 },
    { 0x0142, 65296, 15, 26, -1, -26, 13 },
    { 0x0143, 65504, 23, 31, 3, -31, 28 },
    { 0x0144, 65876, 20, 27, 2, -27, 24 },
    { 0x0145, 66146, 23, 32, 3, -25, 28 },
    { 0x0146, 66530, 20, 26, 2, -19, 24 },
    { 0x0147, 66790, 23, 31, 3, -31, 28 },
    { 0x0148, 67162, 20, 27, 2, -27, 24 },
    { 0x0149, 67432, 30, 25, 1, -25, 33 },
    { 0x014A, 67807, 23, 32, 2, -25, 28 },
    { 0x014B, 68191, 20, 26, 2, -19, 24 },
    { 0x014C, 68451, 27, 31, 1, -31, 29 },
    { 0x014D, 68885, 21, 26, 1, -26, 23 },
    { 0x014E, 69171, 27, 31, 1, -31, 29 },
    { 0x014F, 69605, 21, 27, 1, -27, 23 },
    { 0x0150, 69902, 27, 31, 1, -31, 29 },
    { 0x0151, 70336, 21, 27, 1, -27, 23 },
    { 0x0152, 70633, 37, 25, 1, -25, 40 },
    { 0x0153, 71108, 35, 19, 1, -19, 37 },
    { 0x0154, 71450, 23, 31, 3, -31, 26 },
    { 0x0155, 71822, 16, 27, 2, -27, 17 },
    { 0x0156, 72038, 23, 32, 3, -25, 26 },
    { 0x0157, 72422, 15, 26, 2, -19, 17 },
    { 0x0158, 72630, 23, 31, 3, -31, 26 },
    { 0x0159, 73002, 15, 27, 2, -27, 17 },
    { 0x015A, 73218, 20, 31, 2, -31, 24 },
    { 0x015B, 73528, 18, 27, 1, -27, 20 },
    { 0x015C, 73771, 20, 31, 2, -31, 24 },
    { 0x015D, 74081, 18, 27, 1, -27, 20 },
    { 0x015E, 74324, 20, 32, 2, -25, 24 },
    { 0x015F, 74644, 18, 26, 1, -19, 20 },
    { 0x0160, 74878, 20, 31, 2, -31, 24 },
    { 0x0161, 75188, 18, 27, 1, -27, 20 },
    { 0x0162, 75431, 23, 32, 0, -25, 23 },
    { 0x0163, 75815, 16, 31, 0, -24, 16 },
    { 0x0164, 76063, 23, 31, 0, -31, 23 },
    { 0x0165, 76435, 18, 27, 0, -27, 16 },
    { 0x0166, 76678, 23, 25, 0, -25, 23 },
    { 0x0167, 76978, 16, 24, 0, -24, 16 },
    { 0x0168, 77170, 22, 32, 3, -32, 28 },
    { 0x0169, 77522, 20, 27, 2, -27, 24 },
    { 0x016A, 77792, 22, 31, 3, -31, 28 },
    { 0x016B, 78133, 20, 26, 2, -26, 24 },
    { 0x016C, 78393, 22, 31, 3, -31, 28 },
    { 0x016D, 78734, 20, 27, 2, -27, 24 },
    { 0x016E, 79004, 22, 31, 3, -31, 28 },
    { 0x016F, 79345, 20, 30, 2, -30, 24 },
    { 0x0170, 79645, 22, 31, 3, -31, 28 },
    { 0x0171, 79986, 20, 27, 2, -27, 24 },
    { 0x0172, 80256, 22, 32, 3, -25, 28 },
    { 0x0173, 80608, 23, 26, 2, -19, 24 },
    { 0x0174, 80920, 36, 31, 1, -31, 38 },
    { 0x0175, 81478, 30, 27, 1, -27, 31 },
    { 0x0176, 81883, 26, 31, -1, -31, 25 },
    { 0x0177, 82286, 22, 34, 0, -27, 22 },
    { 0x0178, 82660, 26, 31, -1, -31, 25 },
    { 0x0179, 83063, 23, 31, 1, -31, 25 },
    { 0x017A, 83435, 18, 27, 1, -27, 20 },
    { 0x017B, 83678, 23, 31, 1, -31, 25 },
    { 0x017C, 84050, 18, 27, 1, -27, 20 },
    { 0x017D, 84293, 23, 31, 1, -31, 25 },
    { 0x017E, 84665, 18, 27, 1, -27, 20 },
    { 0x017F, 84908, 16, 26, 0, -26, 15 },
    { 0x2013, 85116, 15, 4, 1, -13, 17 },
    { 0x2014, 85148, 32, 4, 1, -13, 34 },
    { 0x2026, 85212, 30, 6, 2, -6, 34 },
    { 0x20AC, 85302, 23, 25, -1, -25, 24 },
    { 0x2190, 85602, 26, 16, 1, -19, 28 },
    { 0x2191, 85810, 16, 25, 6, -25, 28 },
    { 0x2192, 86010, 26, 16, 1, -19, 28 },
    { 0x2193, 86218, 16, 25, 6, -25, 28 },
};

const gfx_font_t gfx_font_t5_bold_34 = { s_bitmap, s_glyphs, 327, 32, 41, 4 };
