/* Generated by tools/fontgen.py from DejaVuSans.ttf at 34 px, 4-bit coverage. Do not edit; run tools/gen_fonts.sh. */
/* Font licence: assets/fonts/LICENSE-DejaVu.txt (it also covers these bitmaps). */
#include "gfx_font.h"

static const uint8_t s_bitmap[] = {
    0xDF, 0xF8, 0xDF, 0xF8, 0xDF, 0xF8, 0xDF, 0xF8, 0xDF, 0xF8, 0xDF, 0xF8, 0xDF, 0xF8, 0xDF, 0xF8,
    0xDF, 0xF8, 0xDF, 0xF8, 0xDF, 0xF8, 0xDF, 0xF7, 0xCF, 0xF6, 0xBF, 0xF5, 0xAF, 0xF5, 0x9F, 0xF4,
    0x8F, 0xF3, 0x00, 0x00, 0x00, 0x00, 0x00, 0x00, 0x00, 0x00, 0xDF, 0xF8, 0xDF, 0xF8, 0xDF, 0xF8,
    0xDF, 0xF8, 0xBF, 0xF1, 0x00, 0x7F, 0xF6, 0xBF, 0xF1, 0x00, 0x7F, 0xF6, 0xBF, 0xF1, 0x00, 0x7F,
    0xF6, 0xBF, 0xF1, 0x00, 0x7F, 0xF6, 0xBF, 0xF1, 0x00, 0x7F, 0xF6, 0xBF, 0xF1, 0x00, 0x7F, 0xF6,
    0xBF, 0xF1, 0x00, 0x7F, 0xF6, 0xBF, 0xF1, 0x00, 0x7F, 0xF6, 0xBF, 0xF1, 0x00, 0x7F, 0xF6, 0x00,
    0x00, 0x00, 0x00, 0x00, 0xEF, 0xC0, 0x00, 0x06, 0xFF, 0x40, 0x00, 0x00, 0x00, 0x00, 0x00, 0x02,
    0xFF, 0x80, 0x00, 0x09, 0xFF, 0x10, 0x00, 0x00, 0x00, 0x00, 0x00, 0x06, 0xFF, 0x40, 0x00, 0x0D,
    0xFC, 0x00, 0x00, 0x00, 0x00, 0x00, 0x00, 0x0A, 0xFF, 0x10, 0x00, 0x2F, 0xF8, 0x00, 0x00, 0x00,
    0x00, 0x00, 0x00, 0x0D, 0xFC, 0x00, 0x00, 0x6F, 0xF5, 0x00, 0x00, 0x00, 0x00, 0x00, 0x00, 0x2F,
    0xF8, 0x00, 0x00, 0x9F, 0xF1, 0x00, 0x00, 0x00, 0x00, 0x00, 0x00, 0x5F, 0xF4, 0x00, 0x00, 0xDF,
    0xC0, 0x00, 0x00, 0x00, 0x7F, 0xFF, 0xFF, 0xFF, 0xFF, 0xFF, 0xFF, 0xFF, 0xFF, 0xFF, 0xFD, 0x00,
    0x7F, 0xFF, 0xFF, 0xFF, 0xFF, 0xFF, 0xFF, 0xFF, 0xFF, 0xFF, 0xFD, 0x00, 0x7F, 0xFF, 0xFF, 0xFF,
    0xFF, 0xFF, 0xFF, 0xFF, 0xFF, 0xFF, 0xFD, 0x00, 0x00, 0x00, 0x04, 0xFF, 0x60, 0x00, 0x0B, 0xFE,
    0x00, 0x00, 0x00, 0x00, 0x00, 0x00, 0x08, 0xFF, 0x20, 0x00, 0x1F, 0xFA, 0x00, 0x00, 0x00, 0x00,
    0x00, 0x00, 0x0D, 0xFD, 0x00, 0x00, 0x5F, 0xF6, 0x00, 0x00, 0x00, 0x00, 0x00, 0x00, 0x2F, 0xF9,
    0x00, 0x00, 0x9F, 0xF2, 0x00, 0x00, 0x00, 0x00, 0x00, 0x00, 0x6F, 0xF4, 0x00, 0x00, 0xDF, 0xC0,
    0x00, 0x00, 0x00, 0x6F, 0xFF, 0xFF, 0xFF, 0xFF, 0xFF, 0xFF, 0xFF, 0xFF, 0xFF, 0xFF, 0x00, 0x6F,
    0xFF, 0xFF, 0xFF, 0xFF, 0xFF, 0xFF, 0xFF, 0xFF, 0xFF, 0xFF, 0x00, 0x6F, 0xFF, 0xFF, 0xFF, 0xFF,
    0xFF, 0xFF, 0xFF, 0xFF, 0xFF, 0xFF, 0x00, 0x00, 0x00, 0x04, 0xFF, 0x60, 0x00, 0x0B, 0xFE, 0x00,
    0x00, 0x00, 0x00, 0x00, 0x00, 0x08, 0xFF, 0x20, 0x00, 0x0F, 0xFA, 0x00, 0x00, 0x00, 0x00, 0x00,
    0x00, 0x0B, 0xFE, 0x00, 0x00, 0x4F, 0xF6, 0x00, 0x00, 0x00, 0x00, 0x00, 0x00, 0x1F, 0xFA, 0x00,
    0x00, 0x7F, 0xF3, 0x00, 0x00, 0x00, 0x00, 0x00, 0x00, 0x4F, 0xF6, 0x00, 0x00, 0xBF, 0xE0, 0x00,
    0x00, 0x00, 0x00, 0x00, 0x00, 0x8F, 0xF2, 0x00, 0x00, 0xEF, 0xA0, 0x00, 0x00, 0x00, 0x00, 0x00,
    0x00, 0xBF, 0xE0, 0x00, 0x03, 0xFF, 0x70, 0x00, 0x00, 0x00, 0x00, 0x00, 0x00, 0x00, 0x03, 0xF7,
    0x00, 0x00, 0x00, 0x00, 0x00, 0x00, 0x00, 0x03, 0xF7, 0x00, 0x00, 0x00, 0x00, 0x00, 0x00, 0x00,
    0x03, 0xF7, 0x00, 0x00, 0x00, 0x00, 0x00, 0x00, 0x00, 0x03, 0xF7, 0x00, 0x00, 0x00, 0x00, 0x00,
    0x00, 0x49, 0xCE, 0xFF, 0xEC, 0xA7, 0x30, 0x00, 0x00, 0x2C, 0xFF, 0xFF, 0xFF, 0xFF, 0xFF, 0xF4,
    0x00, 0x02, 0xEF, 0xFF, 0xFF, 0xFF, 0xFF, 0xFF, 0xF4, 0x00, 0x0A, 0xFF, 0xFA, 0x43, 0xF7, 0x23,
    0x58, 0xC4, 0x00, 0x0E, 0xFF, 0x60, 0x03, 0xF7, 0x00, 0x00, 0x00, 0x00, 0x2F, 0xFE, 0x00, 0x03,
    0xF7, 0x00, 0x00, 0x00, 0x00, 0x2F, 0xFE, 0x00, 0x03, 0xF7, 0x00, 0x00, 0x00, 0x00, 0x0E, 0xFF,
    0x60, 0x03, 0xF7, 0x00, 0x00, 0x00, 0x00, 0x08, 0xFF, 0xF9, 0x33, 0xF7, 0x00, 0x00, 0x00, 0x00,
    0x01, 0xBF, 0xFF, 0xFF, 0xFC, 0x73, 0x00, 0x00, 0x00, 0x00, 0x07, 0xEF, 0xFF, 0xFF, 0xFF, 0xE7,
    0x10, 0x00, 0x00, 0x00, 0x04, 0x8B, 0xFF, 0xFF, 0xFF, 0xD2, 0x00, 0x00, 0x00, 0x00, 0x03, 0xF9,
    0x5A, 0xFF, 0xFD, 0x10, 0x00, 0x00, 0x00, 0x03, 0xF7, 0x00, 0x3E, 0xFF, 0x70, 0x00, 0x00, 0x00,
    0x03, 0xF7, 0x00, 0x07, 0xFF, 0xB0, 0x00, 0x00, 0x00, 0x03, 0xF7, 0x00, 0x04, 0xFF, 0xC0, 0x00,
    0x00, 0x00, 0x03, 0xF7, 0x00, 0x06, 0xFF, 0xB0, 0x2A, 0x20, 0x00, 0x03, 0xF7, 0x00, 0x2D, 0xFF,
    0x80, 0x3F, 0xFB, 0x63, 0x13, 0xF8, 0x37, 0xEF, 0xFF, 0x20, 0x3F, 0xFF, 0xFF, 0xFF, 0xFF, 0xFF,
    0xFF, 0xF7, 0x00, 0x05, 0xCF, 0xFF, 0xFF, 0xFF, 0xFF, 0xFE, 0x50, 0x00, 0x00, 0x03, 0x8B, 0xDF,
    0xFE, 0xCA, 0x61, 0x00, 0x00, 0x00, 0x00, 0x00, 0x03, 0xF7, 0x00, 0x00, 0x00, 0x00, 0x00, 0x00,
    0x00, 0x03, 0xF7, 0x00, 0x00, 0x00, 0x00, 0x00, 0x00, 0x00, 0x03, 0xF7, 0x00, 0x00, 0x00, 0x00,
    0x00, 0x00, 0x00, 0x03, 0xF7, 0x00, 0x00, 0x00, 0x00, 0x00, 0x00, 0x00, 0x03, 0xF7, 0x00, 0x00,
    0x00, 0x00, 0x00, 0x02, 0x9D, 0xFE, 0xA3, 0x00, 0x00, 0x00, 0x00, 0x00, 0x0B, 0xFD, 0x10, 0x00,
    0x00, 0x00, 0x3E, 0xFF, 0xFF, 0xFF, 0x60, 0x00, 0x00, 0x00, 0x00, 0x5F, 0xF5, 0x00, 0x00, 0x00,
    0x01, 0xEF, 0xE4, 0x03, 0xCF, 0xF3, 0x00, 0x00, 0x00, 0x01, 0xEF, 0xA0, 0x00, 0x00, 0x00, 0x07,
    0xFF, 0x40, 0x00, 0x2F, 0xFA, 0x00, 0x00, 0x00, 0x09, 0xFE, 0x20, 0x00, 0x00, 0x00, 0x0C, 0xFD,
    0x00, 0x00, 0x0B, 0xFF, 0x10, 0x00, 0x00, 0x3F, 0xF7, 0x00, 0x00, 0x00, 0x00, 0x0F, 0xFA, 0x00,
    0x00, 0x07, 0xFF, 0x30, 0x00, 0x00, 0xCF, 0xC0, 0x00, 0x00, 0x00, 0x00, 0x1F, 0xF8, 0x00, 0x00,
    0x06, 0xFF, 0x40, 0x00, 0x07, 0xFF, 0x30, 0x00, 0x00, 0x00, 0x00, 0x1F, 0xF8, 0x00, 0x00, 0x05,
    0xFF, 0x40, 0x00, 0x2E, 0xF9, 0x00, 0x00, 0x00, 0x00, 0x00, 0x0F, 0xF9, 0x00, 0x00, 0x07, 0xFF,
    0x30, 0x00, 0xAF, 0xE1, 0x00, 0x00, 0x00, 0x00, 0x00, 0x0C, 0xFD, 0x00, 0x00, 0x0A, 0xFF, 0x10,
    0x05, 0xFF, 0x50, 0x00, 0x00, 0x00, 0x00, 0x00, 0x08, 0xFF, 0x40, 0x00, 0x2F, 0xFA, 0x00, 0x1D,
    0xFB, 0x00, 0x00, 0x00, 0x00, 0x00, 0x00, 0x01, 0xEF, 0xD4, 0x03, 0xCF, 0xF3, 0x00, 0x8F, 0xF2,
    0x00, 0x18, 0xDF, 0xEB, 0x40, 0x00, 0x00, 0x4E, 0xFF, 0xFF, 0xFF, 0x60, 0x03, 0xFF, 0x70, 0x03,
    0xEF, 0xFF, 0xFF, 0xF7, 0x00, 0x00, 0x02, 0x9D, 0xFE, 0xA3, 0x00, 0x0C, 0xFD, 0x00, 0x1D, 0xFE,
    0x51, 0x2B, 0xFF, 0x40, 0x00, 0x00, 0x00, 0x00, 0x00, 0x00, 0x6F, 0xF4, 0x00, 0x6F, 0xF6, 0x00,
    0x01, 0xEF, 0xC0, 0x00, 0x00, 0x00, 0x00, 0x00, 0x01, 0xEF, 0x90, 0x00, 0xBF, 0xE0, 0x00, 0x00,
    0x8F, 0xF2, 0x00, 0x00, 0x00, 0x00, 0x00, 0x0A, 0xFE, 0x10, 0x00, 0xEF, 0xB0, 0x00, 0x00, 0x5F,
    0xF5, 0x00, 0x00, 0x00, 0x00, 0x00, 0x4F, 0xF6, 0x00, 0x00, 0xFF, 0xA0, 0x00, 0x00, 0x4F, 0xF6,
    0x00, 0x00, 0x00, 0x00, 0x00, 0xDF, 0xB0, 0x00, 0x00, 0xFF, 0xA0, 0x00, 0x00, 0x4F, 0xF6, 0x00,
    0x00, 0x00, 0x00, 0x08, 0xFF, 0x20, 0x00, 0x00, 0xEF, 0xC0, 0x00, 0x00, 0x6F, 0xF5, 0x00, 0x00,
    0x00, 0x00, 0x2F, 0xF8, 0x00, 0x00, 0x00, 0xBF, 0xE1, 0x00, 0x00, 0x9F, 0xF2, 0x00, 0x00, 0x00,
    0x00, 0xBF, 0xD1, 0x00, 0x00, 0x00, 0x6F, 0xF6, 0x00, 0x01, 0xEF, 0xC0, 0x00, 0x00, 0x00, 0x06,
    0xFF, 0x40, 0x00, 0x00, 0x00, 0x1D, 0xFE, 0x51, 0x2B, 0xFF, 0x40, 0x00, 0x00, 0x00, 0x1E, 0xFA,
    0x00, 0x00, 0x00, 0x00, 0x03, 0xEF, 0xFF, 0xFF, 0xF7, 0x00, 0x00, 0x00, 0x00, 0x9F, 0xE1, 0x00,
    0x00, 0x00, 0x00, 0x00, 0x19, 0xDF, 0xEB, 0x40, 0x00, 0x00, 0x00, 0x00, 0x6B, 0xEF, 0xED, 0xB7,
    0x30, 0x00, 0x00, 0x00, 0x00, 0x00, 0x00, 0x2C, 0xFF, 0xFF, 0xFF, 0xFF, 0xF4, 0x00, 0x00, 0x00,
    0x00, 0x00, 0x01, 0xDF, 0xFF, 0xFF, 0xFF, 0xFF, 0xF4, 0x00, 0x00, 0x00, 0x00, 0x00, 0x08, 0xFF,
    0xFB, 0x41, 0x02, 0x48, 0xC3, 0x00, 0x00, 0x00, 0x00, 0x00, 0x0D, 0xFF, 0xA0, 0x00, 0x00, 0x00,
    0x00, 0x00, 0x00, 0x00, 0x00, 0x00, 0x0F, 0xFF, 0x30, 0x00, 0x00, 0x00, 0x00, 0x00, 0x00, 0x00,
    0x00, 0x00, 0x0F, 0xFF, 0x30, 0x00, 0x00, 0x00, 0x00, 0x00, 0x00, 0x00, 0x00, 0x00, 0x0C, 0xFF,
    0x80, 0x00, 0x00, 0x00, 0x00, 0x00, 0x00, 0x00, 0x00, 0x00, 0x06, 0xFF, 0xF3, 0x00, 0x00, 0x00,
    0x00, 0x00, 0x00, 0x00, 0x00, 0x00, 0x00, 0xCF, 0xFE, 0x30, 0x00, 0x00, 0x00, 0x00, 0x00, 0x00,
    0x00, 0x00, 0x02, 0xCF, 0xFF, 0xE3, 0x00, 0x00, 0x00, 0x00, 0x00, 0x00, 0x00, 0x00, 0x3E, 0xFF,
    0xFF, 0xFE, 0x30, 0x00, 0x00, 0x00, 0x00, 0x00, 0x00, 0x02, 0xEF, 0xFA, 0x4E, 0xFF, 0xE4, 0x00,
    0x00, 0x00, 0x0D, 0xFF, 0x30, 0x0C, 0xFF, 0xB0, 0x03, 0xEF, 0xFE, 0x40, 0x00, 0x00, 0x0F, 0xFF,
    0x10, 0x4F, 0xFE, 0x10, 0x00, 0x2D, 0xFF, 0xF5, 0x00, 0x00, 0x3F, 0xFB, 0x00, 0x9F, 0xF9, 0x00,
    0x00, 0x01, 0xCF, 0xFF, 0x50, 0x00, 0x8F, 0xF6, 0x00, 0xCF, 0xF6, 0x00, 0x00, 0x00, 0x1C, 0xFF,
    0xF6, 0x01, 0xEF, 0xD0, 0x00, 0xCF, 0xF6, 0x00, 0x00, 0x00, 0x01, 0xBF, 0xFF, 0x79, 0xFF, 0x60,
    0x00, 0xBF, 0xFA, 0x00, 0x00, 0x00, 0x00, 0x0A, 0xFF, 0xFF, 0xFB, 0x00, 0x00, 0x7F, 0xFF, 0x30,
    0x00, 0x00, 0x00, 0x00, 0x9F, 0xFF, 0xE1, 0x00, 0x00, 0x2F, 0xFF, 0xD3, 0x00, 0x00, 0x00, 0x00,
    0x8F, 0xFF, 0xF8, 0x00, 0x00, 0x08, 0xFF, 0xFF, 0x94, 0x10, 0x13, 0x8E, 0xFF, 0xEF, 0xFF, 0x60,
    0x00, 0x00, 0x9F, 0xFF, 0xFF, 0xFF, 0xFF, 0xFF, 0xFD, 0x39, 0xFF, 0xF4, 0x00, 0x00, 0x06, 0xEF,
    0xFF, 0xFF, 0xFF, 0xFF, 0x81, 0x00, 0xCF, 0xFE, 0x30, 0x00, 0x00, 0x16, 0xAD, 0xEF, 0xDB, 0x72,
    0x00, 0x00, 0x2E, 0xFF, 0xE2, 0xBF, 0xF1, 0xBF, 0xF1, 0xBF, 0xF1, 0xBF, 0xF1, 0xBF, 0xF1, 0xBF,
    0xF1, 0xBF, 0xF1, 0xBF, 0xF1, 0xBF, 0xF1, 0x00, 0x00, 0x06, 0xFF, 0x40, 0x00, 0x00, 0x1E, 0xFB,
    0x00, 0x00, 0x00, 0x9F, 0xF3, 0x00, 0x00, 0x02, 0xFF, 0xB0, 0x00, 0x00, 0x09, 0xFF, 0x50, 0x00,
    0x00, 0x1F, 0xFD, 0x00, 0x00, 0x00, 0x7F, 0xF8, 0x00, 0x00, 0x00, 0xCF, 0xF4, 0x00, 0x00, 0x02,
    0xFF, 0xE0, 0x00, 0x00, 0x06, 0xFF, 0xB0, 0x00, 0x00, 0x09, 0xFF, 0x80, 0x00, 0x00, 0x0C, 0xFF,
    0x60, 0x00, 0x00, 0x0E, 0xFF, 0x40, 0x00, 0x00, 0x0F, 0xFF, 0x30, 0x00, 0x00, 0x1F, 0xFF, 0x30,
    0x00, 0x00, 0x1F, 0xFF, 0x30, 0x00, 0x00, 0x0F, 0xFF, 0x30, 0x00, 0x00, 0x0E, 0xFF, 0x40, 0x00,
    0x00, 0x0C, 0xFF, 0x60, 0x00, 0x00, 0x09, 0xFF, 0x80, 0x00, 0x00, 0x06, 0xFF, 0xB0, 0x00, 0x00,
    0x02, 0xFF, 0xE0, 0x00, 0x00, 0x00, 0xCF, 0xF4, 0x00, 0x00, 0x00, 0x7F, 0xF8, 0x00, 0x00, 0x00,
    0x1F, 0xFD, 0x00, 0x00, 0x00, 0x09, 0xFF, 0x50, 0x00, 0x00, 0x02, 0xFF, 0xB0, 0x00, 0x00, 0x00,
    0x9F, 0xF3, 0x00, 0x00, 0x00, 0x1E, 0xFB, 0x00, 0x00, 0x00, 0x06, 0xFF, 0x40, 0x1E, 0xFA, 0x00,
    0x00, 0x00, 0x07, 0xFF, 0x40, 0x00, 0x00, 0x01, 0xEF, 0xD0, 0x00, 0x00, 0x00, 0x7F, 0xF6, 0x00,
    0x00, 0x00, 0x1F, 0xFD, 0x00, 0x00, 0x00, 0x0A, 0xFF, 0x50, 0x00, 0x00, 0x05, 0xFF, 0xB0, 0x00,
    0x00, 0x00, 0xEF, 0xF1, 0x00, 0x00, 0x00, 0xBF, 0xF6, 0x00, 0x00, 0x00, 0x7F, 0xFA, 0x00, 0x00,
    0x00, 0x4F, 0xFD, 0x00, 0x00, 0x00, 0x2F, 0xFF, 0x10, 0x00, 0x00, 0x0F, 0xFF, 0x30, 0x00, 0x00,
    0x0E, 0xFF, 0x40, 0x00, 0x00, 0x0E, 0xFF, 0x50, 0x00, 0x00, 0x0E, 0xFF, 0x50, 0x00, 0x00, 0x0E,
    0xFF, 0x40, 0x00, 0x00, 0x0F, 0xFF, 0x30, 0x00, 0x00, 0x2F, 0xFF, 0x10, 0x00, 0x00, 0x4F, 0xFD,
    0x00, 0x00, 0x00, 0x7F, 0xFA, 0x00, 0x00, 0x00, 0xBF, 0xF6, 0x00, 0x00, 0x00, 0xEF, 0xF1, 0x00,
    0x00, 0x05, 0xFF, 0xB0, 0x00, 0x00, 0x0A, 0xFF, 0x50, 0x00, 0x00, 0x1F, 0xFD, 0x00, 0x00, 0x00,
    0x7F, 0xF6, 0x00, 0x00, 0x01, 0xEF, 0xD0, 0x00, 0x00, 0x07, 0xFF, 0x40, 0x00, 0x00, 0x1E, 0xFA,
    0x00, 0x00, 0x00, 0x00, 0x00, 0x00, 0x7F, 0x70, 0x00, 0x00, 0x00, 0x00, 0x00, 0x00, 0x7F, 0x70,
    0x00, 0x00, 0x00, 0x00, 0x00, 0x00, 0x7F, 0x70, 0x00, 0x00, 0x00, 0x5A, 0x20, 0x00, 0x7F, 0x70,
    0x00, 0x2A, 0x50, 0xBF, 0xE6, 0x00, 0x7F, 0x70, 0x06, 0xEF, 0xB0, 0x18, 0xEF, 0xC3, 0x7F, 0x73,
    0xCF, 0xE8, 0x10, 0x00, 0x29, 0xFF, 0xDF, 0xDF, 0xF9, 0x20, 0x00, 0x00, 0x00, 0x3B, 0xFF, 0xFB,
    0x30, 0x00, 0x00, 0x00, 0x00, 0x3B, 0xFF, 0xFB, 0x30, 0x00, 0x00, 0x00, 0x29, 0xFF, 0xDF, 0xDF,
    0xF9, 0x20, 0x00, 0x17, 0xEF, 0xC3, 0x7F, 0x73, 0xCF, 0xE7, 0x10, 0xBF, 0xE6, 0x00, 0x7F, 0x70,
    0x06, 0xEF, 0xB0, 0x5A, 0x20, 0x00, 0x7F, 0x70, 0x00, 0x2A, 0x50, 0x00, 0x00, 0x00, 0x7F, 0x70,
    0x00, 0x00, 0x00, 0x00, 0x00, 0x00, 0x7F, 0x70, 0x00, 0x00, 0x00, 0x00, 0x00, 0x00, 0x7F, 0x70,
    0x00, 0x00, 0x00, 0x00, 0x00, 0x00, 0x00, 0x02, 0xFF, 0xA0, 0x00, 0x00, 0x00, 0x00, 0x00, 0x00,
    0x00, 0x00, 0x02, 0xFF, 0xA0, 0x00, 0x00, 0x00, 0x00, 0x00, 0x00, 0x00, 0x00, 0x02, 0xFF, 0xA0,
    0x00, 0x00, 0x00, 0x00, 0x00, 0x00, 0x00, 0x00, 0x02, 0xFF, 0xA0, 0x00, 0x00, 0x00, 0x00, 0x00,
    0x00, 0x00, 0x00, 0x02, 0xFF, 0xA0, 0x00, 0x00, 0x00, 0x00, 0x00, 0x00, 0x00, 0x00, 0x02, 0xFF,
    0xA0, 0x00, 0x00, 0x00, 0x00, 0x00, 0x00, 0x00, 0x00, 0x02, 0xFF, 0xA0, 0x00, 0x00, 0x00, 0x00,
    0x00, 0x00, 0x00, 0x00, 0x02, 0xFF, 0xA0, 0x00, 0x00, 0x00, 0x00, 0x00, 0x00, 0x00, 0x00, 0x02,
    0xFF, 0xA0, 0x00, 0x00, 0x00, 0x00, 0x6F, 0xFF, 0xFF, 0xFF, 0xFF, 0xFF, 0xFF, 0xFF, 0xFF, 0xFF,
    0xFD, 0x6F, 0xFF, 0xFF, 0xFF, 0xFF, 0xFF, 0xFF, 0xFF, 0xFF, 0xFF, 0xFD, 0x6F, 0xFF, 0xFF, 0xFF,
    0xFF, 0xFF, 0xFF, 0xFF, 0xFF, 0xFF, 0xFD, 0x00, 0x00, 0x00, 0x00, 0x02, 0xFF, 0xA0, 0x00, 0x00,
    0x00, 0x00, 0x00, 0x00, 0x00, 0x00, 0x02, 0xFF, 0xA0, 0x00, 0x00, 0x00, 0x00, 0x00, 0x00, 0x00,
    0x00, 0x02, 0xFF, 0xA0, 0x00, 0x00, 0x00, 0x00, 0x00, 0x00, 0x00, 0x00, 0x02, 0xFF, 0xA0, 0x00,
    0x00, 0x00, 0x00, 0x00, 0x00, 0x00, 0x00, 0x02, 0xFF, 0xA0, 0x00, 0x00, 0x00, 0x00, 0x00, 0x00,
    0x00, 0x00, 0x02, 0xFF, 0xA0, 0x00, 0x00, 0x00, 0x00, 0x00, 0x00, 0x00, 0x00, 0x02, 0xFF, 0xA0,
    0x00, 0x00, 0x00, 0x00, 0x00, 0x00, 0x00, 0x00, 0x02, 0xFF, 0xA0, 0x00, 0x00, 0x00, 0x00, 0x00,
    0x00, 0x00, 0x00, 0x02, 0xFF, 0xA0, 0x00, 0x00, 0x00, 0x00, 0x00, 0xFF, 0xF7, 0x00, 0xFF, 0xF7,
    0x00, 0xFF, 0xF7, 0x03, 0xFF, 0xF2, 0x07, 0xFF, 0x90, 0x0B, 0xFF, 0x20, 0x0E, 0xF8, 0x00, 0x4F,
    0xE1, 0x00, 0x5F, 0xFF, 0xFF, 0xFF, 0xF9, 0x5F, 0xFF, 0xFF, 0xFF, 0xF9, 0x5F, 0xFF, 0xFF, 0xFF,
    0xF9, 0x5F, 0xFF, 0x20, 0x5F, 0xFF, 0x20, 0x5F, 0xFF, 0x20, 0x5F, 0xFF, 0x20, 0x00, 0x00, 0x00,
    0x00, 0x8F, 0xF4, 0x00, 0x00, 0x00, 0x00, 0xCF, 0xE0, 0x00, 0x00, 0x00, 0x02, 0xFF, 0xA0, 0x00,
    0x00, 0x00, 0x07, 0xFF, 0x60, 0x00, 0x00, 0x00, 0x0B, 0xFF, 0x10, 0x00, 0x00, 0x00, 0x1F, 0xFB,
    0x00, 0x00, 0x00, 0x00, 0x6F, 0xF7, 0x00, 0x00, 0x00, 0x00, 0xAF, 0xF2, 0x00, 0x00, 0x00, 0x00,
    0xEF, 0xD0, 0x00, 0x00, 0x00, 0x04, 0xFF, 0x80, 0x00, 0x00, 0x00, 0x09, 0xFF, 0x30, 0x00, 0x00,
    0x00, 0x0E, 0xFE, 0x00, 0x00, 0x00, 0x00, 0x3F, 0xF9, 0x00, 0x00, 0x00, 0x00, 0x8F, 0xF4, 0x00,
    0x00, 0x00, 0x00, 0xDF, 0xE0, 0x00, 0x00, 0x00, 0x02, 0xFF, 0xA0, 0x00, 0x00, 0x00, 0x07, 0xFF,
    0x60, 0x00, 0x00, 0x00, 0x0B, 0xFF, 0x10, 0x00, 0x00, 0x00, 0x1F, 0xFB, 0x00, 0x00, 0x00, 0x00,
    0x6F, 0xF7, 0x00, 0x00, 0x00, 0x00, 0xAF, 0xF2, 0x00, 0x00, 0x00, 0x01, 0xEF, 0xC0, 0x00, 0x00,
    0x00, 0x05, 0xFF, 0x80, 0x00, 0x00, 0x00, 0x09, 0xFF, 0x30, 0x00, 0x00, 0x00, 0x0E, 0xFE, 0x00,
    0x00, 0x00, 0x00, 0x3F, 0xF9, 0x00, 0x00, 0x00, 0x00, 0x8F, 0xF4, 0x00, 0x00, 0x00, 0x00, 0xDF,
    0xE0, 0x00, 0x00, 0x00, 0x00, 0x00, 0x00, 0x05, 0xAD, 0xEE, 0xC8, 0x20, 0x00, 0x00, 0x00, 0x02,
    0xBF, 0xFF, 0xFF, 0xFF, 0xF7, 0x00, 0x00, 0x00, 0x1D, 0xFF, 0xFF, 0xFF, 0xFF, 0xFF, 0x80, 0x00,
    0x00, 0xBF, 0xFF, 0xA3, 0x11, 0x5D, 0xFF, 0xF5, 0x00, 0x04, 0xFF, 0xF8, 0x00, 0x00, 0x01, 0xDF,
    0xFD, 0x00, 0x0A, 0xFF, 0xD0, 0x00, 0x00, 0x00, 0x4F, 0xFF, 0x40, 0x1F, 0xFF, 0x60, 0x00, 0x00,
    0x00, 0x0C, 0xFF, 0x90, 0x4F, 0xFF, 0x20, 0x00, 0x00, 0x00, 0x08, 0xFF, 0xD0, 0x7F, 0xFE, 0x00,
    0x00, 0x00, 0x00, 0x05, 0xFF, 0xF1, 0x9F, 0xFC, 0x00, 0x00, 0x00, 0x00, 0x02, 0xFF, 0xF3, 0xAF,
    0xFA, 0x00, 0x00, 0x00, 0x00, 0x01, 0xFF, 0xF4, 0xBF, 0xFA, 0x00, 0x00, 0x00, 0x00, 0x00, 0xFF,
    0xF5, 0xBF, 0xF9, 0x00, 0x00, 0x00, 0x00, 0x00, 0xFF, 0xF5, 0xBF, 0xFA, 0x00, 0x00, 0x00, 0x00,
    0x00, 0xFF, 0xF5, 0xAF, 0xFA, 0x00, 0x00, 0x00, 0x00, 0x01, 0xFF, 0xF4, 0x9F, 0xFC, 0x00, 0x00,
    0x00, 0x00, 0x02, 0xFF, 0xF3, 0x7F, 0xFE, 0x00, 0x00, 0x00, 0x00, 0x05, 0xFF, 0xF1, 0x4F, 0xFF,
    0x20, 0x00, 0x00, 0x00, 0x08, 0xFF, 0xD0, 0x1F, 0xFF, 0x60, 0x00, 0x00, 0x00, 0x0C, 0xFF, 0x90,
    0x0A, 0xFF, 0xD0, 0x00, 0x00, 0x00, 0x4F, 0xFF, 0x40, 0x04, 0xFF, 0xF8, 0x00, 0x00, 0x01, 0xDF,
    0xFD, 0x00, 0x00, 0xBF, 0xFF, 0xA3, 0x11, 0x5D, 0xFF, 0xF5, 0x00, 0x00, 0x1D, 0xFF, 0xFF, 0xFF,
    0xFF, 0xFF, 0x80, 0x00, 0x00, 0x02, 0xBF, 0xFF, 0xFF, 0xFF, 0xF8, 0x00, 0x00, 0x00, 0x00, 0x05,
    0xAD, 0xFE, 0xC8, 0x20, 0x00, 0x00, 0x02, 0x47, 0xAC, 0xEF, 0xFF, 0x00, 0x00, 0x00, 0x4F, 0xFF,
    0xFF, 0xFF, 0xFF, 0x00, 0x00, 0x00, 0x4F, 0xFF, 0xFF, 0xFF, 0xFF, 0x00, 0x00, 0x00, 0x4D, 0xB8,
    0x63, 0x5F, 0xFF, 0x00, 0x00, 0x00, 0x00, 0x00, 0x00, 0x4F, 0xFF, 0x00, 0x00, 0x00, 0x00, 0x00,
    0x00, 0x4F, 0xFF, 0x00, 0x00, 0x00, 0x00, 0x00, 0x00, 0x4F, 0xFF, 0x00, 0x00, 0x00, 0x00, 0x00,
    0x00, 0x4F, 0xFF, 0x00, 0x00, 0x00, 0x00, 0x00, 0x00, 0x4F, 0xFF, 0x00, 0x00, 0x00, 0x00, 0x00,
    0x00, 0x4F, 0xFF, 0x00, 0x00, 0x00, 0x00, 0x00, 0x00, 0x4F, 0xFF, 0x00, 0x00, 0x00, 0x00, 0x00,
    0x00, 0x4F, 0xFF, 0x00, 0x00, 0x00, 0x00, 0x00, 0x00, 0x4F, 0xFF, 0x00, 0x00, 0x00, 0x00, 0x00,
    0x00, 0x4F, 0xFF, 0x00, 0x00, 0x00, 0x00, 0x00, 0x00, 0x4F, 0xFF, 0x00, 0x00, 0x00, 0x00, 0x00,
    0x00, 0x4F, 0xFF, 0x00, 0x00, 0x00, 0x00, 0x00, 0x00, 0x4F, 0xFF, 0x00, 0x00, 0x00, 0x00, 0x00,
    0x00, 0x4F, 0xFF, 0x00, 0x00, 0x00, 0x00, 0x00, 0x00, 0x4F, 0xFF, 0x00, 0x00, 0x00, 0x00, 0x00,
    0x00, 0x4F, 0xFF, 0x00, 0x00, 0x00, 0x00, 0x00, 0x00, 0x4F, 0xFF, 0x00, 0x00, 0x00, 0x00, 0x00,
    0x00, 0x4F, 0xFF, 0x00, 0x00, 0x00, 0x0C, 0xFF, 0xFF, 0xFF, 0xFF, 0xFF, 0xFF, 0xF8, 0x0C, 0xFF,
    0xFF, 0xFF, 0xFF, 0xFF, 0xFF, 0xF8, 0x0C, 0xFF, 0xFF, 0xFF, 0xFF, 0xFF, 0xFF, 0xF8, 0x03, 0x69,
    0xBD, 0xEF, 0xED, 0xA6, 0x00, 0x00, 0x00, 0x5F, 0xFF, 0xFF, 0xFF, 0xFF, 0xFF, 0xE5, 0x00, 0x00,
    0x5F, 0xFF, 0xFF, 0xFF, 0xFF, 0xFF, 0xFF, 0x60, 0x00, 0x5F, 0xFC, 0x74, 0x10, 0x14, 0xAF, 0xFF,
    0xF3, 0x00, 0x59, 0x30, 0x00, 0x00, 0x00, 0x06, 0xFF, 0xFA, 0x00, 0x00, 0x00, 0x00, 0x00, 0x00,
    0x00, 0xBF, 0xFE, 0x00, 0x00, 0x00, 0x00, 0x00, 0x00, 0x00, 0x6F, 0xFF, 0x10, 0x00, 0x00, 0x00,
    0x00, 0x00, 0x00, 0x5F, 0xFF, 0x10, 0x00, 0x00, 0x00, 0x00, 0x00, 0x00, 0x7F, 0xFE, 0x00, 0x00,
    0x00, 0x00, 0x00, 0x00, 0x00, 0xDF, 0xF9, 0x00, 0x00, 0x00, 0x00, 0x00, 0x00, 0x07, 0xFF, 0xF2,
    0x00, 0x00, 0x00, 0x00, 0x00, 0x00, 0x3E, 0xFF, 0x80, 0x00, 0x00, 0x00, 0x00, 0x00, 0x02, 0xEF,
    0xFB, 0x00, 0x00, 0x00, 0x00, 0x00, 0x00, 0x1D, 0xFF, 0xD1, 0x00, 0x00, 0x00, 0x00, 0x00, 0x01,
    0xDF, 0xFD, 0x20, 0x00, 0x00, 0x00, 0x00, 0x00, 0x1D, 0xFF, 0xD2, 0x00, 0x00, 0x00, 0x00, 0x00,
    0x02, 0xDF, 0xFD, 0x20, 0x00, 0x00, 0x00, 0x00, 0x00, 0x2D, 0xFF, 0xD2, 0x00, 0x00, 0x00, 0x00,
    0x00, 0x02, 0xDF, 0xFD, 0x20, 0x00, 0x00, 0x00, 0x00, 0x00, 0x2D, 0xFF, 0xD2, 0x00, 0x00, 0x00,
    0x00, 0x00, 0x02, 0xDF, 0xFD, 0x20, 0x00, 0x00, 0x00, 0x00, 0x00, 0x2D, 0xFF, 0xD2, 0x00, 0x00,
    0x00, 0x00, 0x00, 0x00, 0x8F, 0xFF, 0xFF, 0xFF, 0xFF, 0xFF, 0xFF, 0xFF, 0x40, 0x8F, 0xFF, 0xFF,
    0xFF, 0xFF, 0xFF, 0xFF, 0xFF, 0x40, 0x8F, 0xFF, 0xFF, 0xFF, 0xFF, 0xFF, 0xFF, 0xFF, 0x40, 0x01,
    0x47, 0xAC, 0xDE, 0xFE, 0xC8, 0x30, 0x00, 0x00, 0x0A, 0xFF, 0xFF, 0xFF, 0xFF, 0xFF, 0xFA, 0x10,
    0x00, 0x0A, 0xFF, 0xFF, 0xFF, 0xFF, 0xFF, 0xFF, 0xD1, 0x00, 0x09, 0xB7, 0x53, 0x20, 0x12, 0x6D,
    0xFF, 0xFA, 0x00, 0x00, 0x00, 0x00, 0x00, 0x00, 0x00, 0xBF, 0xFF, 0x10, 0x00, 0x00, 0x00, 0x00,
    0x00, 0x00, 0x3F, 0xFF, 0x40, 0x00, 0x00, 0x00, 0x00, 0x00, 0x00, 0x1F, 0xFF, 0x40, 0x00, 0x00,
    0x00, 0x00, 0x00, 0x00, 0x3F, 0xFF, 0x20, 0x00, 0x00, 0x00, 0x00, 0x00, 0x00, 0xAF, 0xFC, 0x00,
    0x00, 0x00, 0x00, 0x00, 0x02, 0x5C, 0xFF, 0xE2, 0x00, 0x00, 0x00, 0x2F, 0xFF, 0xFF, 0xFF, 0xFB,
    0x20, 0x00, 0x00, 0x00, 0x2F, 0xFF, 0xFF, 0xFF, 0x81, 0x00, 0x00, 0x00, 0x00, 0x2F, 0xFF, 0xFF,
    0xFF, 0xFE, 0x70, 0x00, 0x00, 0x00, 0x00, 0x00, 0x12, 0x6D, 0xFF, 0xF8, 0x00, 0x00, 0x00, 0x00,
    0x00, 0x00, 0x00, 0x9F, 0xFF, 0x30, 0x00, 0x00, 0x00, 0x00, 0x00, 0x00, 0x0D, 0xFF, 0x90, 0x00,
    0x00, 0x00, 0x00, 0x00, 0x00, 0x08, 0xFF, 0xC0, 0x00, 0x00, 0x00, 0x00, 0x00, 0x00, 0x07, 0xFF,
    0xD0, 0x00, 0x00, 0x00, 0x00, 0x00, 0x00, 0x09, 0xFF, 0xC0, 0x00, 0x00, 0x00, 0x00, 0x00, 0x00,
    0x1D, 0xFF, 0x90, 0x00, 0x00, 0x00, 0x00, 0x00, 0x01, 0xAF, 0xFF, 0x40, 0x6B, 0x74, 0x32, 0x10,
    0x13, 0x7D, 0xFF, 0xFB, 0x00, 0x6F, 0xFF, 0xFF, 0xFF, 0xFF, 0xFF, 0xFF, 0xC1, 0x00, 0x6F, 0xFF,
    0xFF, 0xFF, 0xFF, 0xFF, 0xF9, 0x10, 0x00, 0x03, 0x6A, 0xCD, 0xEF, 0xED, 0xA7, 0x10, 0x00, 0x00,
    0x00, 0x00, 0x00, 0x00, 0x00, 0x5F, 0xFF, 0xF3, 0x00, 0x00, 0x00, 0x00, 0x00, 0x00, 0x01, 0xEF,
    0xFF, 0xF3, 0x00, 0x00, 0x00, 0x00, 0x00, 0x00, 0x0A, 0xFF, 0xFF, 0xF3, 0x00, 0x00, 0x00, 0x00,
    0x00, 0x00, 0x5F, 0xF9, 0xFF, 0xF3, 0x00, 0x00, 0x00, 0x00, 0x00, 0x01, 0xEF, 0xC3, 0xFF, 0xF3,
    0x00, 0x00, 0x00, 0x00, 0x00, 0x0A, 0xFF, 0x32, 0xFF, 0xF3, 0x00, 0x00, 0x00, 0x00, 0x00, 0x4F,
    0xF8, 0x02, 0xFF, 0xF3, 0x00, 0x00, 0x00, 0x00, 0x01, 0xDF, 0xD0, 0x02, 0xFF, 0xF3, 0x00, 0x00,
    0x00, 0x00, 0x09, 0xFF, 0x30, 0x02, 0xFF, 0xF3, 0x00, 0x00, 0x00, 0x00, 0x4F, 0xF9, 0x00, 0x02,
    0xFF, 0xF3, 0x00, 0x00, 0x00, 0x01, 0xDF, 0xD1, 0x00, 0x02, 0xFF, 0xF3, 0x00, 0x00, 0x00, 0x08,
    0xFF, 0x40, 0x00, 0x02, 0xFF, 0xF3, 0x00, 0x00, 0x00, 0x3F, 0xFA, 0x00, 0x00, 0x02, 0xFF, 0xF3,
    0x00, 0x00, 0x00, 0xDF, 0xE1, 0x00, 0x00, 0x02, 0xFF, 0xF3, 0x00, 0x00, 0x08, 0xFF, 0x50, 0x00,
    0x00, 0x02, 0xFF, 0xF3, 0x00, 0x00, 0x3F, 0xFB, 0x00, 0x00, 0x00, 0x02, 0xFF, 0xF3, 0x00, 0x00,
    0x5F, 0xFF, 0xFF, 0xFF, 0xFF, 0xFF, 0xFF, 0xFF, 0xFF, 0xB0, 0x5F, 0xFF, 0xFF, 0xFF, 0xFF, 0xFF,
    0xFF, 0xFF, 0xFF, 0xB0, 0x5F, 0xFF, 0xFF, 0xFF, 0xFF, 0xFF, 0xFF, 0xFF, 0xFF, 0xB0, 0x00, 0x00,
    0x00, 0x00, 0x00, 0x02, 0xFF, 0xF3, 0x00, 0x00, 0x00, 0x00, 0x00, 0x00, 0x00, 0x02, 0xFF, 0xF3,
    0x00, 0x00, 0x00, 0x00, 0x00, 0x00, 0x00, 0x02, 0xFF, 0xF3, 0x00, 0x00, 0x00, 0x00, 0x00, 0x00,
    0x00, 0x02, 0xFF, 0xF3, 0x00, 0x00, 0x00, 0x00, 0x00, 0x00, 0x00, 0x02, 0xFF, 0xF3, 0x00, 0x00,
    0x00, 0x00, 0x00, 0x00, 0x00, 0x02, 0xFF, 0xF3, 0x00, 0x00, 0x05, 0xFF, 0xFF, 0xFF, 0xFF, 0xFF,
    0xFF, 0xC0, 0x00, 0x05, 0xFF, 0xFF, 0xFF, 0xFF, 0xFF, 0xFF, 0xC0, 0x00, 0x05, 0xFF, 0xFF, 0xFF,
    0xFF, 0xFF, 0xFF, 0xC0, 0x00, 0x05, 0xFF, 0xB0, 0x00, 0x00, 0x00, 0x00, 0x00, 0x00, 0x05, 0xFF,
    0xB0, 0x00, 0x00, 0x00, 0x00, 0x00, 0x00, 0x05, 0xFF, 0xB0, 0x00, 0x00, 0x00, 0x00, 0x00, 0x00,
    0x05, 0xFF, 0xB0, 0x00, 0x00, 0x00, 0x00, 0x00, 0x00, 0x05, 0xFF, 0xB0, 0x00, 0x00, 0x00, 0x00,
    0x00, 0x00, 0x05, 0xFF, 0xB0, 0x00, 0x00, 0x00, 0x00, 0x00, 0x00, 0x05, 0xFF, 0xDA, 0xDF, 0xED,
    0xA6, 0x10, 0x00, 0x00, 0x05, 0xFF, 0xFF, 0xFF, 0xFF, 0xFF, 0xE5, 0x00, 0x00, 0x05, 0xFF, 0xFF,
    0xFF, 0xFF, 0xFF, 0xFF, 0x80, 0x00, 0x05, 0xB7, 0x42, 0x10, 0x25, 0xAF, 0xFF, 0xF5, 0x00, 0x00,
    0x00, 0x00, 0x00, 0x00, 0x04, 0xEF, 0xFD, 0x00, 0x00, 0x00, 0x00, 0x00, 0x00, 0x00, 0x6F, 0xFF,
    0x40, 0x00, 0x00, 0x00, 0x00, 0x00, 0x00, 0x0E, 0xFF, 0x80, 0x00, 0x00, 0x00, 0x00, 0x00, 0x00,
    0x0B, 0xFF, 0x90, 0x00, 0x00, 0x00, 0x00, 0x00, 0x00, 0x0B, 0xFF, 0x90, 0x00, 0x00, 0x00, 0x00,
    0x00, 0x00, 0x0E, 0xFF, 0x80, 0x00, 0x00, 0x00, 0x00, 0x00, 0x00, 0x6F, 0xFF, 0x40, 0x00, 0x00,
    0x00, 0x00, 0x00, 0x04, 0xEF, 0xFE, 0x00, 0x5C, 0x85, 0x32, 0x10, 0x25, 0xAF, 0xFF, 0xF6, 0x00,
    0x6F, 0xFF, 0xFF, 0xFF, 0xFF, 0xFF, 0xFF, 0x80, 0x00, 0x6F, 0xFF, 0xFF, 0xFF, 0xFF, 0xFF, 0xE5,
    0x00, 0x00, 0x03, 0x6A, 0xCD, 0xEF, 0xEC, 0x95, 0x00, 0x00, 0x00, 0x00, 0x00, 0x00, 0x27, 0xCD,
    0xFE, 0xCA, 0x62, 0x00, 0x00, 0x00, 0x19, 0xFF, 0xFF, 0xFF, 0xFF, 0xFD, 0x00, 0x00, 0x01, 0xCF,
    0xFF, 0xFF, 0xFF, 0xFF, 0xFD, 0x00, 0x00, 0x1D, 0xFF, 0xFC, 0x62, 0x01, 0x25, 0x9C, 0x00, 0x00,
    0x9F, 0xFF, 0x80, 0x00, 0x00, 0x00, 0x00, 0x00, 0x02, 0xFF, 0xF9, 0x00, 0x00, 0x00, 0x00, 0x00,
    0x00, 0x09, 0xFF, 0xE1, 0x00, 0x00, 0x00, 0x00, 0x00, 0x00, 0x0E, 0xFF, 0x90, 0x00, 0x00, 0x00,
    0x00, 0x00, 0x00, 0x3F, 0xFF, 0x40, 0x00, 0x00, 0x00, 0x00, 0x00, 0x00, 0x6F, 0xFF, 0x10, 0x4A,
    0xDF, 0xEC, 0x82, 0x00, 0x00, 0x8F, 0xFD, 0x1A, 0xFF, 0xFF, 0xFF, 0xFF, 0x70, 0x00, 0x8F, 0xFC,
    0xAF, 0xFF, 0xFF, 0xFF, 0xFF, 0xF9, 0x00, 0x9F, 0xFF, 0xFF, 0xB4, 0x10, 0x27, 0xEF, 0xFF, 0x50,
    0x9F, 0xFF, 0xF8, 0x00, 0x00, 0x00, 0x3E, 0xFF, 0xD0, 0x8F, 0xFF, 0xD0, 0x00, 0x00, 0x00, 0x06,
    0xFF, 0xF2, 0x7F, 0xFF, 0x80, 0x00, 0x00, 0x00, 0x01, 0xFF, 0xF5, 0x4F, 0xFF, 0x50, 0x00, 0x00,
    0x00, 0x00, 0xEF, 0xF7, 0x2F, 0xFF, 0x50, 0x00, 0x00, 0x00, 0x00, 0xEF, 0xF7, 0x0D, 0xFF, 0x80,
    0x00, 0x00, 0x00, 0x01, 0xFF, 0xF5, 0x08, 0xFF, 0xD0, 0x00, 0x00, 0x00, 0x06, 0xFF, 0xF2, 0x02,
    0xFF, 0xF8, 0x00, 0x00, 0x00, 0x2E, 0xFF, 0xC0, 0x00, 0x8F, 0xFF, 0xB4, 0x10, 0x27, 0xEF, 0xFF,
    0x40, 0x00, 0x0B, 0xFF, 0xFF, 0xFF, 0xFF, 0xFF, 0xF7, 0x00, 0x00, 0x01, 0x9F, 0xFF, 0xFF, 0xFF,
    0xFE, 0x60, 0x00, 0x00, 0x00, 0x03, 0x9C, 0xEF, 0xEB, 0x71, 0x00, 0x00, 0x3F, 0xFF, 0xFF, 0xFF,
    0xFF, 0xFF, 0xFF, 0xFF, 0xB0, 0x3F, 0xFF, 0xFF, 0xFF, 0xFF, 0xFF, 0xFF, 0xFF, 0xA0, 0x3F, 0xFF,
    0xFF, 0xFF, 0xFF, 0xFF, 0xFF, 0xFF, 0x50, 0x00, 0x00, 0x00, 0x00, 0x00, 0x00, 0x8F, 0xFE, 0x00,
    0x00, 0x00, 0x00, 0x00, 0x00, 0x00, 0xDF, 0xF8, 0x00, 0x00, 0x00, 0x00, 0x00, 0x00, 0x04, 0xFF,
    0xF3, 0x00, 0x00, 0x00, 0x00, 0x00, 0x00, 0x0A, 0xFF, 0xC0, 0x00, 0x00, 0x00, 0x00, 0x00, 0x00,
    0x1F, 0xFF, 0x60, 0x00, 0x00, 0x00, 0x00, 0x00, 0x00, 0x6F, 0xFF, 0x10, 0x00, 0x00, 0x00, 0x00,
    0x00, 0x00, 0xCF, 0xFA, 0x00, 0x00, 0x00, 0x00, 0x00, 0x00, 0x03, 0xFF, 0xF4, 0x00, 0x00, 0x00,
    0x00, 0x00, 0x00, 0x09, 0xFF, 0xD0, 0x00, 0x00, 0x00, 0x00, 0x00, 0x00, 0x0E, 0xFF, 0x80, 0x00,
    0x00, 0x00, 0x00, 0x00, 0x00, 0x5F, 0xFF, 0x20, 0x00, 0x00, 0x00, 0x00, 0x00, 0x00, 0xBF, 0xFB,
    0x00, 0x00, 0x00, 0x00, 0x00, 0x00, 0x02, 0xFF, 0xF5, 0x00, 0x00, 0x00, 0x00, 0x00, 0x00, 0x08,
    0xFF, 0xE1, 0x00, 0x00, 0x00, 0x00, 0x00, 0x00, 0x0D, 0xFF, 0x90, 0x00, 0x00, 0x00, 0x00, 0x00,
    0x00, 0x4F, 0xFF, 0x30, 0x00, 0x00, 0x00, 0x00, 0x00, 0x00, 0xAF, 0xFD, 0x00, 0x00, 0x00, 0x00,
    0x00, 0x00, 0x01, 0xFF, 0xF7, 0x00, 0x00, 0x00, 0x00, 0x00, 0x00, 0x07, 0xFF, 0xF1, 0x00, 0x00,
    0x00, 0x00, 0x00, 0x00, 0x0C, 0xFF, 0xA0, 0x00, 0x00, 0x00, 0x00, 0x00, 0x00, 0x3F, 0xFF, 0x50,
    0x00, 0x00, 0x00, 0x00, 0x00, 0x00, 0x9F, 0xFE, 0x00, 0x00, 0x00, 0x00, 0x00, 0x00, 0x00, 0x38,
    0xCE, 0xFE, 0xDB, 0x71, 0x00, 0x00, 0x00, 0x1A, 0xFF, 0xFF, 0xFF, 0xFF, 0xFE, 0x60, 0x00, 0x01,
    0xCF, 0xFF, 0xFF, 0xFF, 0xFF, 0xFF, 0xF7, 0x00, 0x08, 0xFF, 0xFD, 0x62, 0x11, 0x39, 0xFF, 0xFF,
    0x20, 0x0D, 0xFF, 0xD1, 0x00, 0x00, 0x00, 0x4F, 0xFF, 0x80, 0x1F, 0xFF, 0x60, 0x00, 0x00, 0x00,
    0x0B, 0xFF, 0xA0, 0x1F, 0xFF, 0x40, 0x00, 0x00, 0x00, 0x09, 0xFF, 0xA0, 0x0E, 0xFF, 0x60, 0x00,
    0x00, 0x00, 0x0B, 0xFF, 0x80, 0x08, 0xFF, 0xC1, 0x00, 0x00, 0x00, 0x4F, 0xFF, 0x20, 0x01, 0xCF,
    0xFD, 0x62, 0x11, 0x39, 0xFF, 0xF7, 0x00, 0x00, 0x09, 0xEF, 0xFF, 0xFF, 0xFF, 0xFD, 0x50, 0x00,
    0x00, 0x00, 0x6E, 0xFF, 0xFF, 0xFF, 0xB3, 0x00, 0x00, 0x00, 0x3D, 0xFF, 0xFF, 0xFF, 0xFF, 0xFF,
    0xA1, 0x00, 0x04, 0xFF, 0xFD, 0x62, 0x01, 0x38, 0xFF, 0xFC, 0x10, 0x0D, 0xFF, 0xB1, 0x00, 0x00,
    0x00, 0x3E, 0xFF, 0x80, 0x5F, 0xFF, 0x20, 0x00, 0x00, 0x00, 0x07, 0xFF, 0xE0, 0x9F, 0xFC, 0x00,
    0x00, 0x00, 0x00, 0x02, 0xFF, 0xF3, 0xAF, 0xFA, 0x00, 0x00, 0x00, 0x00, 0x01, 0xFF, 0xF4, 0x9F,
    0xFC, 0x00, 0x00, 0x00, 0x00, 0x02, 0xFF, 0xF3, 0x7F, 0xFF, 0x20, 0x00, 0x00, 0x00, 0x07, 0xFF,
    0xF2, 0x3F, 0xFF, 0xB0, 0x00, 0x00, 0x00, 0x3E, 0xFF, 0xC0, 0x0B, 0xFF, 0xFD, 0x62, 0x01, 0x38,
    0xFF, 0xFF, 0x50, 0x02, 0xDF, 0xFF, 0xFF, 0xFF, 0xFF, 0xFF, 0xF9, 0x00, 0x00, 0x2B, 0xFF, 0xFF,
    0xFF, 0xFF, 0xFF, 0x80, 0x00, 0x00, 0x00, 0x49, 0xCE, 0xFE, 0xDB, 0x71, 0x00, 0x00, 0x00, 0x00,
    0x39, 0xCE, 0xFD, 0xB6, 0x10, 0x00, 0x00, 0x00, 0x1A, 0xFF, 0xFF, 0xFF, 0xFF, 0xE5, 0x00, 0x00,
    0x01, 0xCF, 0xFF, 0xFF, 0xFF, 0xFF, 0xFF, 0x50, 0x00, 0x09, 0xFF, 0xFC, 0x51, 0x02, 0x6D, 0xFF,
    0xF2, 0x00, 0x3F, 0xFF, 0xB0, 0x00, 0x00, 0x01, 0xDF, 0xFA, 0x00, 0x8F, 0xFE, 0x10, 0x00, 0x00,
    0x00, 0x3F, 0xFF, 0x20, 0xBF, 0xFB, 0x00, 0x00, 0x00, 0x00, 0x0D, 0xFF, 0x70, 0xCF, 0xF8, 0x00,
    0x00, 0x00, 0x00, 0x0B, 0xFF, 0xB0, 0xCF, 0xF8, 0x00, 0x00, 0x00, 0x00, 0x0B, 0xFF, 0xD0, 0xBF,
    0xFA, 0x00, 0x00, 0x00, 0x00, 0x0D, 0xFF, 0xF1, 0x8F, 0xFE, 0x10, 0x00, 0x00, 0x00, 0x3F, 0xFF,
    0xF2, 0x3F, 0xFF, 0xA0, 0x00, 0x00, 0x01, 0xCF, 0xFF, 0xF3, 0x0B, 0xFF, 0xFC, 0x51, 0x02, 0x6D,
    0xFF, 0xFF, 0xF3, 0x01, 0xDF, 0xFF, 0xFF, 0xFF, 0xFF, 0xF7, 0xFF, 0xF3, 0x00, 0x2C, 0xFF, 0xFF,
    0xFF, 0xFE, 0x54, 0xFF, 0xF2, 0x00, 0x00, 0x4A, 0xDE, 0xED, 0x82, 0x07, 0xFF, 0xF0, 0x00, 0x00,
    0x00, 0x00, 0x00, 0x00, 0x0A, 0xFF, 0xC0, 0x00, 0x00, 0x00, 0x00, 0x00, 0x00, 0x1E, 0xFF, 0x80,
    0x00, 0x00, 0x00, 0x00, 0x00, 0x00, 0x6F, 0xFF, 0x30, 0x00, 0x00, 0x00, 0x00, 0x00, 0x01, 0xEF,
    0xFC, 0x00, 0x00, 0x00, 0x00, 0x00, 0x00, 0x1C, 0xFF, 0xF3, 0x00, 0x04, 0xC7, 0x42, 0x01, 0x37,
    0xEF, 0xFF, 0x70, 0x00, 0x04, 0xFF, 0xFF, 0xFF, 0xFF, 0xFF, 0xF8, 0x00, 0x00, 0x04, 0xFF, 0xFF,
    0xFF, 0xFF, 0xFE, 0x50, 0x00, 0x00, 0x00, 0x37, 0xBD, 0xEE, 0xDA, 0x61, 0x00, 0x00, 0x00, 0xFF,
    0xF7, 0xFF, 0xF7, 0xFF, 0xF7, 0xFF, 0xF7, 0x00, 0x00, 0x00, 0x00, 0x00, 0x00, 0x00, 0x00, 0x00,
    0x00, 0x00, 0x00, 0x00, 0x00, 0x00, 0x00, 0x00, 0x00, 0x00, 0x00, 0xFF, 0xF7, 0xFF, 0xF7, 0xFF,
    0xF7, 0xFF, 0xF7, 0x00, 0xFF, 0xF7, 0x00, 0xFF, 0xF7, 0x00, 0xFF, 0xF7, 0x00, 0xFF, 0xF7, 0x00,
    0x00, 0x00, 0x00, 0x00, 0x00, 0x00, 0x00, 0x00, 0x00, 0x00, 0x00, 0x00, 0x00, 0x00, 0x00, 0x00,
    0x00, 0x00, 0x00, 0x00, 0x00, 0x00, 0x00, 0x00, 0x00, 0x00, 0x00, 0x00, 0x00, 0x00, 0xFF, 0xF7,
    0x00, 0xFF, 0xF7, 0x00, 0xFF, 0xF7, 0x03, 0xFF, 0xF2, 0x07, 0xFF, 0x90, 0x0B, 0xFF, 0x20, 0x0E,
    0xF8, 0x00, 0x4F, 0xE1, 0x00, 0x00, 0x00, 0x00, 0x00, 0x00, 0x00, 0x00, 0x00, 0x00, 0x02, 0x8B,
    0x00, 0x00, 0x00, 0x00, 0x00, 0x00, 0x00, 0x00, 0x16, 0xCF, 0xFD, 0x00, 0x00, 0x00, 0x00, 0x00,
    0x00, 0x01, 0x5B, 0xFF, 0xFF, 0xFD, 0x00, 0x00, 0x00, 0x00, 0x00, 0x04, 0x9E, 0xFF, 0xFF, 0xFC,
    0x72, 0x00, 0x00, 0x00, 0x00, 0x38, 0xEF, 0xFF, 0xFF, 0xD8, 0x30, 0x00, 0x00, 0x00, 0x02, 0x7D,
    0xFF, 0xFF, 0xFE, 0x94, 0x00, 0x00, 0x00, 0x00, 0x16, 0xBF, 0xFF, 0xFF, 0xEA, 0x40, 0x00, 0x00,
    0x00, 0x00, 0x2A, 0xFF, 0xFF, 0xFF, 0xB5, 0x10, 0x00, 0x00, 0x00, 0x00, 0x00, 0x6F, 0xFF, 0xFB,
    0x61, 0x00, 0x00, 0x00, 0x00, 0x00, 0x00, 0x00, 0x6F, 0xFF, 0xFB, 0x61, 0x00, 0x00, 0x00, 0x00,
    0x00, 0x00, 0x00, 0x2A, 0xFF, 0xFF, 0xFF, 0xA5, 0x00, 0x00, 0x00, 0x00, 0x00, 0x00, 0x00, 0x16,
    0xBF, 0xFF, 0xFF, 0xE9, 0x40, 0x00, 0x00, 0x00, 0x00, 0x00, 0x00, 0x02, 0x7D, 0xFF, 0xFF, 0xFE,
    0x93, 0x00, 0x00, 0x00, 0x00, 0x00, 0x00, 0x00, 0x38, 0xEF, 0xFF, 0xFF, 0xD8, 0x30, 0x00, 0x00,
    0x00, 0x00, 0x00, 0x00, 0x04, 0x9E, 0xFF, 0xFF, 0xFC, 0x72, 0x00, 0x00, 0x00, 0x00, 0x00, 0x00,
    0x01, 0x5B, 0xFF, 0xFF, 0xFD, 0x00, 0x00, 0x00, 0x00, 0x00, 0x00, 0x00, 0x00, 0x16, 0xCF, 0xFD,
    0x00, 0x00, 0x00, 0x00, 0x00, 0x00, 0x00, 0x00, 0x00, 0x02, 0x8B, 0x6F, 0xFF, 0xFF, 0xFF, 0xFF,
    0xFF, 0xFF, 0xFF, 0xFF, 0xFF, 0xFD, 0x6F, 0xFF, 0xFF, 0xFF, 0xFF, 0xFF, 0xFF, 0xFF, 0xFF, 0xFF,
    0xFD, 0x6F, 0xFF, 0xFF, 0xFF, 0xFF, 0xFF, 0xFF, 0xFF, 0xFF, 0xFF, 0xFD, 0x00, 0x00, 0x00, 0x00,
    0x00, 0x00, 0x00, 0x00, 0x00, 0x00, 0x00, 0x00, 0x00, 0x00, 0x00, 0x00, 0x00, 0x00, 0x00, 0x00,
    0x00, 0x00, 0x00, 0x00, 0x00, 0x00, 0x00, 0x00, 0x00, 0x00, 0x00, 0x00, 0x00, 0x00, 0x00, 0x00,
    0x00, 0x00, 0x00, 0x00, 0x00, 0x00, 0x00, 0x00, 0x6F, 0xFF, 0xFF, 0xFF, 0xFF, 0xFF, 0xFF, 0xFF,
    0xFF, 0xFF, 0xFD, 0x6F, 0xFF, 0xFF, 0xFF, 0xFF, 0xFF, 0xFF, 0xFF, 0xFF, 0xFF, 0xFD, 0x6F, 0xFF,
    0xFF, 0xFF, 0xFF, 0xFF, 0xFF, 0xFF, 0xFF, 0xFF, 0xFD, 0x5A, 0x50, 0x00, 0x00, 0x00, 0x00, 0x00,
    0x00, 0x00, 0x00, 0x00, 0x6F, 0xFE, 0x94, 0x00, 0x00, 0x00, 0x00, 0x00, 0x00, 0x00, 0x00, 0x6F,
    0xFF, 0xFF, 0xD8, 0x20, 0x00, 0x00, 0x00, 0x00, 0x00, 0x00, 0x05, 0xAE, 0xFF, 0xFF, 0xFC, 0x71,
    0x00, 0x00, 0x00, 0x00, 0x00, 0x00, 0x01, 0x5B, 0xFF, 0xFF, 0xFF, 0xB6, 0x10, 0x00, 0x00, 0x00,
    0x00, 0x00, 0x00, 0x16, 0xCF, 0xFF, 0xFF, 0xEA, 0x40, 0x00, 0x00, 0x00, 0x00, 0x00, 0x00, 0x02,
    0x7C, 0xFF, 0xFF, 0xFE, 0x93, 0x00, 0x00, 0x00, 0x00, 0x00, 0x00, 0x00, 0x38, 0xDF, 0xFF, 0xFF,
    0xD7, 0x00, 0x00, 0x00, 0x00, 0x00, 0x00, 0x00, 0x04, 0x9E, 0xFF, 0xFD, 0x00, 0x00, 0x00, 0x00,
    0x00, 0x00, 0x00, 0x03, 0x8E, 0xFF, 0xFD, 0x00, 0x00, 0x00, 0x00, 0x00, 0x00, 0x28, 0xDF, 0xFF,
    0xFF, 0xD7, 0x00, 0x00, 0x00, 0x00, 0x02, 0x7C, 0xFF, 0xFF, 0xFE, 0x93, 0x00, 0x00, 0x00, 0x00,
    0x16, 0xBF, 0xFF, 0xFF, 0xEA, 0x40, 0x00, 0x00, 0x00, 0x01, 0x5B, 0xFF, 0xFF, 0xFF, 0xB6, 0x10,
    0x00, 0x00, 0x00, 0x04, 0xAE, 0xFF, 0xFF, 0xFC, 0x71, 0x00, 0x00, 0x00, 0x00, 0x00, 0x6F, 0xFF,
    0xFF, 0xD8, 0x20, 0x00, 0x00, 0x00, 0x00, 0x00, 0x00, 0x6F, 0xFE, 0x94, 0x00, 0x00, 0x00, 0x00,
    0x00, 0x00, 0x00, 0x00, 0x5A, 0x50, 0x00, 0x00, 0x00, 0x00, 0x00, 0x00, 0x00, 0x00, 0x00, 0x00,
    0x17, 0xBD, 0xFE, 0xD9, 0x30, 0x00, 0x19, 0xFF, 0xFF, 0xFF, 0xFF, 0xF9, 0x00, 0x8F, 0xFF, 0xFF,
    0xFF, 0xFF, 0xFF, 0x80, 0x8F, 0xE8, 0x41, 0x12, 0x8E, 0xFF, 0xF2, 0x76, 0x00, 0x00, 0x00, 0x04,
    0xFF, 0xF7, 0x00, 0x00, 0x00, 0x00, 0x00, 0xCF, 0xF9, 0x00, 0x00, 0x00, 0x00, 0x00, 0xBF, 0xF9,
    0x00, 0x00, 0x00, 0x00, 0x01, 0xEF, 0xF6, 0x00, 0x00, 0x00, 0x00, 0x0A, 0xFF, 0xE1, 0x00, 0x00,
    0x00, 0x00, 0x8F, 0xFF, 0x50, 0x00, 0x00, 0x00, 0x08, 0xFF, 0xF7, 0x00, 0x00, 0x00, 0x00, 0x8F,
    0xFF, 0x70, 0x00, 0x00, 0x00, 0x05, 0xFF, 0xF8, 0x00, 0x00, 0x00, 0x00, 0x0E, 0xFF, 0x90, 0x00,
    0x00, 0x00, 0x00, 0x3F, 0xFF, 0x10, 0x00, 0x00, 0x00, 0x00, 0x5F, 0xFC, 0x00, 0x00, 0x00, 0x00,
    0x00, 0x6F, 0xFC, 0x00, 0x00, 0x00, 0x00, 0x00, 0x6F, 0xFC, 0x00, 0x00, 0x00, 0x00, 0x00, 0x6F,
    0xFC, 0x00, 0x00, 0x00, 0x00, 0x00, 0x00, 0x00, 0x00, 0x00, 0x00, 0x00, 0x00, 0x00, 0x00, 0x00,
    0x00, 0x00, 0x00, 0x00, 0x8F, 0xFD, 0x00, 0x00, 0x00, 0x00, 0x00, 0x8F, 0xFD, 0x00, 0x00, 0x00,
    0x00, 0x00, 0x8F, 0xFD, 0x00, 0x00, 0x00, 0x00, 0x00, 0x8F, 0xFD, 0x00, 0x00, 0x00, 0x00, 0x00,
    0x00, 0x00, 0x00, 0x37, 0xBD, 0xEF, 0xED, 0xB7, 0x30, 0x00, 0x00, 0x00, 0x00, 0x00, 0x00, 0x00,
    0x00, 0x5D, 0xFF, 0xFF, 0xFF, 0xFF, 0xFF, 0xFC, 0x50, 0x00, 0x00, 0x00, 0x00, 0x00, 0x00, 0x3C,
    0xFF, 0xFF, 0xFF, 0xFF, 0xFF, 0xFF, 0xFF, 0xFC, 0x20, 0x00, 0x00, 0x00, 0x00, 0x06, 0xFF, 0xFF,
    0xD8, 0x52, 0x10, 0x12, 0x58, 0xDF, 0xFF, 0xE4, 0x00, 0x00, 0x00, 0x00, 0x7F, 0xFF, 0xD5, 0x00,
    0x00, 0x00, 0x00, 0x00, 0x06, 0xDF, 0xFF, 0x40, 0x00, 0x00, 0x05, 0xFF, 0xF7, 0x00, 0x00, 0x00,
    0x00, 0x00, 0x00, 0x00, 0x09, 0xFF, 0xE2, 0x00, 0x00, 0x3E, 0xFE, 0x40, 0x00, 0x00, 0x00, 0x00,
    0x00, 0x00, 0x00, 0x00, 0x7F, 0xFC, 0x00, 0x00, 0xBF, 0xF5, 0x00, 0x00, 0x00, 0x00, 0x00, 0x00,
    0x00, 0x00, 0x00, 0x08, 0xFF, 0x50, 0x04, 0xFF, 0x80, 0x00, 0x00, 0x05, 0xBE, 0xFD, 0x93, 0x04,
    0xFF, 0x10, 0x00, 0xDF, 0xC0, 0x0B, 0xFE, 0x10, 0x00, 0x00, 0xAF, 0xFF, 0xFF, 0xFF, 0x54, 0xFF,
    0x10, 0x00, 0x6F, 0xF2, 0x1F, 0xF7, 0x00, 0x00, 0x09, 0xFF, 0xFF, 0xFF, 0xFF, 0xF8, 0xFF, 0x10,
    0x00, 0x1F, 0xF6, 0x5F, 0xF2, 0x00, 0x00, 0x4F, 0xFF, 0xA3, 0x10, 0x39, 0xFF, 0xFF, 0x10, 0x00,
    0x0D, 0xF8, 0x8F, 0xD0, 0x00, 0x00, 0x9F, 0xF7, 0x00, 0x00, 0x00, 0x6F, 0xFF, 0x10, 0x00, 0x0C,
    0xF9, 0xAF, 0xA0, 0x00, 0x00, 0xDF, 0xE0, 0x00, 0x00, 0x00, 0x0C, 0xFF, 0x10, 0x00, 0x0C, 0xF8,
    0xBF, 0x90, 0x00, 0x00, 0xEF, 0xB0, 0x00, 0x00, 0x00, 0x09, 0xFF, 0x10, 0x00, 0x0E, 0xF7, 0xBF,
    0x90, 0x00, 0x00, 0xFF, 0xA0, 0x00, 0x00, 0x00, 0x09, 0xFF, 0x10, 0x00, 0x4F, 0xF4, 0xAF, 0xB0,
    0x00, 0x00, 0xDF, 0xE0, 0x00, 0x00, 0x00, 0x0C, 0xFF, 0x10, 0x00, 0xCF, 0xE0, 0x9F, 0xD0, 0x00,
    0x00, 0xAF, 0xF7, 0x00, 0x00, 0x00, 0x5F, 0xFF, 0x10, 0x09, 0xFF, 0x70, 0x6F, 0xF2, 0x00, 0x00,
    0x4F, 0xFF, 0x93, 0x10, 0x38, 0xFF, 0xFF, 0x35, 0xCF, 0xFC, 0x00, 0x2F, 0xF7, 0x00, 0x00, 0x0A,
    0xFF, 0xFF, 0xFF, 0xFF, 0xF8, 0xFF, 0xFF, 0xFF, 0xC1, 0x00, 0x0C, 0xFE, 0x10, 0x00, 0x01, 0xAF,
    0xFF, 0xFF, 0xFF, 0x64, 0xFF, 0xFF, 0xE8, 0x00, 0x00, 0x06, 0xFF, 0x80, 0x00, 0x00, 0x05, 0xBE,
    0xFD, 0x93, 0x04, 0xED, 0xA6, 0x10, 0x00, 0x00, 0x00, 0xDF, 0xF5, 0x00, 0x00, 0x00, 0x00, 0x00,
    0x00, 0x00, 0x00, 0x00, 0x00, 0x00, 0x00, 0x00, 0x4F, 0xFF, 0x40, 0x00, 0x00, 0x00, 0x00, 0x00,
    0x00, 0x00, 0x00, 0x00, 0x00, 0x00, 0x00, 0x08, 0xFF, 0xF7, 0x00, 0x00, 0x00, 0x00, 0x00, 0x00,
    0x00, 0x79, 0x00, 0x00, 0x00, 0x00, 0x00, 0x9F, 0xFF, 0xC4, 0x00, 0x00, 0x00, 0x00, 0x00, 0x4C,
    0xFF, 0x50, 0x00, 0x00, 0x00, 0x00, 0x07, 0xFF, 0xFF, 0xC8, 0x42, 0x10, 0x24, 0x8C, 0xFF, 0xFD,
    0x30, 0x00, 0x00, 0x00, 0x00, 0x00, 0x4D, 0xFF, 0xFF, 0xFF, 0xFF, 0xFF, 0xFF, 0xFF, 0xB1, 0x00,
    0x00, 0x00, 0x00, 0x00, 0x00, 0x00, 0x6D, 0xFF, 0xFF, 0xFF, 0xFF, 0xFF, 0xC4, 0x00, 0x00, 0x00,
    0x00, 0x00, 0x00, 0x00, 0x00, 0x00, 0x48, 0xBE, 0xFF, 0xEC, 0x83, 0x00, 0x00, 0x00, 0x00, 0x00,
    0x00, 0x00, 0x00, 0x00, 0x07, 0xFF, 0xFB, 0x00, 0x00, 0x00, 0x00, 0x00, 0x00, 0x00, 0x00, 0x00,
    0x0D, 0xFF, 0xFF, 0x20, 0x00, 0x00, 0x00, 0x00, 0x00, 0x00, 0x00, 0x00, 0x3F, 0xFF, 0xFF, 0x70,
    0x00, 0x00, 0x00, 0x00, 0x00, 0x00, 0x00, 0x00, 0x9F, 0xFD, 0xFF, 0xD0, 0x00, 0x00, 0x00, 0x00,
    0x00, 0x00, 0x00, 0x00, 0xEF, 0xF4, 0xEF, 0xF3, 0x00, 0x00, 0x00, 0x00, 0x00, 0x00, 0x00, 0x05,
    0xFF, 0xD0, 0x9F, 0xF9, 0x00, 0x00, 0x00, 0x00, 0x00, 0x00, 0x00, 0x0B, 0xFF, 0x70, 0x4F, 0xFE,
    0x10, 0x00, 0x00, 0x00, 0x00, 0x00, 0x00, 0x2F, 0xFF, 0x20, 0x0D, 0xFF, 0x50, 0x00, 0x00, 0x00,
    0x00, 0x00, 0x00, 0x7F, 0xFC, 0x00, 0x08, 0xFF, 0xB0, 0x00, 0x00, 0x00, 0x00, 0x00, 0x00, 0xDF,
    0xF6, 0x00, 0x02, 0xFF, 0xF2, 0x00, 0x00, 0x00, 0x00, 0x00, 0x04, 0xFF, 0xF1, 0x00, 0x00, 0xCF,
    0xF7, 0x00, 0x00, 0x00, 0x00, 0x00, 0x09, 0xFF, 0xA0, 0x00, 0x00, 0x7F, 0xFD, 0x00, 0x00, 0x00,
    0x00, 0x00, 0x1E, 0xFF, 0x50, 0x00, 0x00, 0x1F, 0xFF, 0x40, 0x00, 0x00, 0x00, 0x00, 0x6F, 0xFE,
    0x00, 0x00, 0x00, 0x0B, 0xFF, 0xA0, 0x00, 0x00, 0x00, 0x00, 0xBF, 0xF9, 0x00, 0x00, 0x00, 0x05,
    0xFF, 0xE1, 0x00, 0x00, 0x00, 0x02, 0xFF, 0xF4, 0x00, 0x00, 0x00, 0x01, 0xEF, 0xF6, 0x00, 0x00,
    0x00, 0x08, 0xFF, 0xFF, 0xFF, 0xFF, 0xFF, 0xFF, 0xFF, 0xFC, 0x00, 0x00, 0x00, 0x0D, 0xFF, 0xFF,
    0xFF, 0xFF, 0xFF, 0xFF, 0xFF, 0xFF, 0x20, 0x00, 0x00, 0x4F, 0xFF, 0xFF, 0xFF, 0xFF, 0xFF, 0xFF,
    0xFF, 0xFF, 0x80, 0x00, 0x00, 0xAF, 0xFD, 0x00, 0x00, 0x00, 0x00, 0x00, 0x09, 0xFF, 0xD0, 0x00,
    0x01, 0xFF, 0xF7, 0x00, 0x00, 0x00, 0x00, 0x00, 0x03, 0xFF, 0xF4, 0x00, 0x06, 0xFF, 0xF2, 0x00,
    0x00, 0x00, 0x00, 0x00, 0x00, 0xCF, 0xFA, 0x00, 0x0C, 0xFF, 0xB0, 0x00, 0x00, 0x00, 0x00, 0x00,
    0x00, 0x7F, 0xFF, 0x10, 0x3F, 0xFF, 0x50, 0x00, 0x00, 0x00, 0x00, 0x00, 0x00, 0x1F, 0xFF, 0x60,
    0x8F, 0xFE, 0x10, 0x00, 0x00, 0x00, 0x00, 0x00, 0x00, 0x0B, 0xFF, 0xC0, 0xAF, 0xFF, 0xFF, 0xFF,
    0xFF, 0xEB, 0x82, 0x00, 0x00, 0xAF, 0xFF, 0xFF, 0xFF, 0xFF, 0xFF, 0xFF, 0x90, 0x00, 0xAF, 0xFF,
    0xFF, 0xFF, 0xFF, 0xFF, 0xFF, 0xFB, 0x00, 0xAF, 0xFA, 0x00, 0x00, 0x01, 0x37, 0xEF, 0xFF, 0x50,
    0xAF, 0xFA, 0x00, 0x00, 0x00, 0x00, 0x2E, 0xFF, 0xA0, 0xAF, 0xFA, 0x00, 0x00, 0x00, 0x00, 0x09,
    0xFF, 0xD0, 0xAF, 0xFA, 0x00, 0x00, 0x00, 0x00, 0x08, 0xFF, 0xD0, 0xAF, 0xFA, 0x00, 0x00, 0x00,
    0x00, 0x09, 0xFF, 0xB0, 0xAF, 0xFA, 0x00, 0x00, 0x00, 0x00, 0x2E, 0xFF, 0x70, 0xAF, 0xFA, 0x00,
    0x00, 0x01, 0x37, 0xEF, 0xFD, 0x10, 0xAF, 0xFF, 0xFF, 0xFF, 0xFF, 0xFF, 0xFF, 0xA1, 0x00, 0xAF,
    0xFF, 0xFF, 0xFF, 0xFF, 0xFF, 0xF8, 0x10, 0x00, 0xAF, 0xFF, 0xFF, 0xFF, 0xFF, 0xFF, 0xFF, 0xE6,
    0x00, 0xAF, 0xFA, 0x00, 0x00, 0x00, 0x25, 0xBF, 0xFF, 0x60, 0xAF, 0xFA, 0x00, 0x00, 0x00, 0x00,
    0x09, 0xFF, 0xF2, 0xAF, 0xFA, 0x00, 0x00, 0x00, 0x00, 0x01, 0xEF, 0xF8, 0xAF, 0xFA, 0x00, 0x00,
    0x00, 0x00, 0x00, 0xBF, 0xFC, 0xAF, 0xFA, 0x00, 0x00, 0x00, 0x00, 0x00, 0xAF, 0xFD, 0xAF, 0xFA,
    0x00, 0x00, 0x00, 0x00, 0x00, 0xBF, 0xFD, 0xAF, 0xFA, 0x00, 0x00, 0x00, 0x00, 0x01, 0xEF, 0xFB,
    0xAF, 0xFA, 0x00, 0x00, 0x00, 0x00, 0x09, 0xFF, 0xF7, 0xAF, 0xFA, 0x00, 0x00, 0x00, 0x25, 0xBF,
    0xFF, 0xE1, 0xAF, 0xFF, 0xFF, 0xFF, 0xFF, 0xFF, 0xFF, 0xFF, 0x50, 0xAF, 0xFF, 0xFF, 0xFF, 0xFF,
    0xFF, 0xFF, 0xD4, 0x00, 0xAF, 0xFF, 0xFF, 0xFF, 0xFF, 0xEC, 0x95, 0x00, 0x00, 0x00, 0x00, 0x00,
    0x00, 0x48, 0xCD, 0xEF, 0xEC, 0x96, 0x10, 0x00, 0x00, 0x00, 0x00, 0x6D, 0xFF, 0xFF, 0xFF, 0xFF,
    0xFF, 0xFA, 0x30, 0x00, 0x00, 0x1B, 0xFF, 0xFF, 0xFF, 0xFF, 0xFF, 0xFF, 0xFF, 0xD0, 0x00, 0x01,
    0xDF, 0xFF, 0xF9, 0x52, 0x10, 0x24, 0x8D, 0xFF, 0xD0, 0x00, 0x0B, 0xFF, 0xFB, 0x20, 0x00, 0x00,
    0x00, 0x00, 0x5D, 0xD0, 0x00, 0x6F, 0xFF, 0xA0, 0x00, 0x00, 0x00, 0x00, 0x00, 0x01, 0x90, 0x00,
    0xDF, 0xFD, 0x10, 0x00, 0x00, 0x00, 0x00, 0x00, 0x00, 0x00, 0x05, 0xFF, 0xF6, 0x00, 0x00, 0x00,
    0x00, 0x00, 0x00, 0x00, 0x00, 0x09, 0xFF, 0xF1, 0x00, 0x00, 0x00, 0x00, 0x00, 0x00, 0x00, 0x00,
    0x0C, 0xFF, 0xC0, 0x00, 0x00, 0x00, 0x00, 0x00, 0x00, 0x00, 0x00, 0x0E, 0xFF, 0x90, 0x00, 0x00,
    0x00, 0x00, 0x00, 0x00, 0x00, 0x00, 0x0F, 0xFF, 0x80, 0x00, 0x00, 0x00, 0x00, 0x00, 0x00, 0x00,
    0x00, 0x1F, 0xFF, 0x70, 0x00, 0x00, 0x00, 0x00, 0x00, 0x00, 0x00, 0x00, 0x0F, 0xFF, 0x80, 0x00,
    0x00, 0x00, 0x00, 0x00, 0x00, 0x00, 0x00, 0x0E, 0xFF, 0x90, 0x00, 0x00, 0x00, 0x00, 0x00, 0x00,
    0x00, 0x00, 0x0C, 0xFF, 0xC0, 0x00, 0x00, 0x00, 0x00, 0x00, 0x00, 0x00, 0x00, 0x09, 0xFF, 0xF1,
    0x00, 0x00, 0x00, 0x00, 0x00, 0x00, 0x00, 0x00, 0x05, 0xFF, 0xF6, 0x00, 0x00, 0x00, 0x00, 0x00,
    0x00, 0x00, 0x00, 0x00, 0xDF, 0xFD, 0x10, 0x00, 0x00, 0x00, 0x00, 0x00, 0x00, 0x00, 0x00, 0x6F,
    0xFF, 0xA0, 0x00, 0x00, 0x00, 0x00, 0x00, 0x01, 0x90, 0x00, 0x0B, 0xFF, 0xFB, 0x20, 0x00, 0x00,
    0x00, 0x00, 0x5D, 0xD0, 0x00, 0x01, 0xDF, 0xFF, 0xF9, 0x52, 0x10, 0x24, 0x8D, 0xFF, 0xD0, 0x00,
    0x00, 0x1B, 0xFF, 0xFF, 0xFF, 0xFF, 0xFF, 0xFF, 0xFF, 0xD0, 0x00, 0x00, 0x00, 0x6D, 0xFF, 0xFF,
    0xFF, 0xFF, 0xFF, 0xFA, 0x30, 0x00, 0x00, 0x00, 0x00, 0x59, 0xCD, 0xEF, 0xEC, 0x96, 0x10, 0x00,
    0xAF, 0xFF, 0xFF, 0xFF, 0xED, 0xC9, 0x63, 0x00, 0x00, 0x00, 0x00, 0xAF, 0xFF, 0xFF, 0xFF, 0xFF,
    0xFF, 0xFF, 0xD7, 0x00, 0x00, 0x00, 0xAF, 0xFF, 0xFF, 0xFF, 0xFF, 0xFF, 0xFF, 0xFF, 0xC3, 0x00,
    0x00, 0xAF, 0xFA, 0x00, 0x00, 0x12, 0x36, 0xBF, 0xFF, 0xFF, 0x30, 0x00, 0xAF, 0xFA, 0x00, 0x00,
    0x00, 0x00, 0x02, 0xBF, 0xFF, 0xE2, 0x00, 0xAF, 0xFA, 0x00, 0x00, 0x00, 0x00, 0x00, 0x09, 0xFF,
    0xFA, 0x00, 0xAF, 0xFA, 0x00, 0x00, 0x00, 0x00, 0x00, 0x00, 0xCF, 0xFF, 0x20, 0xAF, 0xFA, 0x00,
    0x00, 0x00, 0x00, 0x00, 0x00, 0x4F, 0xFF, 0x70, 0xAF, 0xFA, 0x00, 0x00, 0x00, 0x00, 0x00, 0x00,
    0x0D, 0xFF, 0xB0, 0xAF, 0xFA, 0x00, 0x00, 0x00, 0x00, 0x00, 0x00, 0x0A, 0xFF, 0xE0, 0xAF, 0xFA,
    0x00, 0x00, 0x00, 0x00, 0x00, 0x00, 0x07, 0xFF, 0xF0, 0xAF, 0xFA, 0x00, 0x00, 0x00, 0x00, 0x00,
    0x00, 0x06, 0xFF, 0xF2, 0xAF, 0xFA, 0x00, 0x00, 0x00, 0x00, 0x00, 0x00, 0x06, 0xFF, 0xF2, 0xAF,
    0xFA, 0x00, 0x00, 0x00, 0x00, 0x00, 0x00, 0x06, 0xFF, 0xF1, 0xAF, 0xFA, 0x00, 0x00, 0x00, 0x00,
    0x00, 0x00, 0x07, 0xFF, 0xF0, 0xAF, 0xFA, 0x00, 0x00, 0x00, 0x00, 0x00, 0x00, 0x0A, 0xFF, 0xE0,
    0xAF, 0xFA, 0x00, 0x00, 0x00, 0x00, 0x00, 0x00, 0x0E, 0xFF, 0xB0, 0xAF, 0xFA, 0x00, 0x00, 0x00,
    0x00, 0x00, 0x00, 0x4F, 0xFF, 0x70, 0xAF, 0xFA, 0x00, 0x00, 0x00, 0x00, 0x00, 0x00, 0xCF, 0xFF,
    0x20, 0xAF, 0xFA, 0x00, 0x00, 0x00, 0x00, 0x00, 0x09, 0xFF, 0xF9, 0x00, 0xAF, 0xFA, 0x00, 0x00,
    0x00, 0x00, 0x02, 0xBF, 0xFF, 0xE2, 0x00, 0xAF, 0xFA, 0x00, 0x00, 0x12, 0x36, 0xBF, 0xFF, 0xFE,
    0x30, 0x00, 0xAF, 0xFF, 0xFF, 0xFF, 0xFF, 0xFF, 0xFF, 0xFF, 0xC3, 0x00, 0x00, 0xAF, 0xFF, 0xFF,
    0xFF, 0xFF, 0xFF, 0xFF, 0xC7, 0x00, 0x00, 0x00, 0xAF, 0xFF, 0xFF, 0xFF, 0xED, 0xC9, 0x73, 0x00,
    0x00, 0x00, 0x00, 0xAF, 0xFF, 0xFF, 0xFF, 0xFF, 0xFF, 0xFF, 0xFF, 0x00, 0xAF, 0xFF, 0xFF, 0xFF,
    0xFF, 0xFF, 0xFF, 0xFF, 0x00, 0xAF, 0xFF, 0xFF, 0xFF, 0xFF, 0xFF, 0xFF, 0xFF, 0x00, 0xAF, 0xFA,
    0x00, 0x00, 0x00, 0x00, 0x00, 0x00, 0x00, 0xAF, 0xFA, 0x00, 0x00, 0x00, 0x00, 0x00, 0x00, 0x00,
    0xAF, 0xFA, 0x00, 0x00, 0x00, 0x00, 0x00, 0x00, 0x00, 0xAF, 0xFA, 0x00, 0x00, 0x00, 0x00, 0x00,
    0x00, 0x00, 0xAF, 0xFA, 0x00, 0x00, 0x00, 0x00, 0x00, 0x00, 0x00, 0xAF, 0xFA, 0x00, 0x00, 0x00,
    0x00, 0x00, 0x00, 0x00, 0xAF, 0xFA, 0x00, 0x00, 0x00, 0x00, 0x00, 0x00, 0x00, 0xAF, 0xFF, 0xFF,
    0xFF, 0xFF, 0xFF, 0xFF, 0xF8, 0x00, 0xAF, 0xFF, 0xFF, 0xFF, 0xFF, 0xFF, 0xFF, 0xF8, 0x00, 0xAF,
    0xFF, 0xFF, 0xFF, 0xFF, 0xFF, 0xFF, 0xF8, 0x00, 0xAF, 0xFA, 0x00, 0x00, 0x00, 0x00, 0x00, 0x00,
    0x00, 0xAF, 0xFA, 0x00, 0x00, 0x00, 0x00, 0x00, 0x00, 0x00, 0xAF, 0xFA, 0x00, 0x00, 0x00, 0x00,
    0x00, 0x00, 0x00, 0xAF, 0xFA, 0x00, 0x00, 0x00, 0x00, 0x00, 0x00, 0x00, 0xAF, 0xFA, 0x00, 0x00,
    0x00, 0x00, 0x00, 0x00, 0x00, 0xAF, 0xFA, 0x00, 0x00, 0x00, 0x00, 0x00, 0x00, 0x00, 0xAF, 0xFA,
    0x00, 0x00, 0x00, 0x00, 0x00, 0x00, 0x00, 0xAF, 0xFA, 0x00, 0x00, 0x00, 0x00, 0x00, 0x00, 0x00,
    0xAF, 0xFA, 0x00, 0x00, 0x00, 0x00, 0x00, 0x00, 0x00, 0xAF, 0xFF, 0xFF, 0xFF, 0xFF, 0xFF, 0xFF,
    0xFF, 0x50, 0xAF, 0xFF, 0xFF, 0xFF, 0xFF, 0xFF, 0xFF, 0xFF, 0x50, 0xAF, 0xFF, 0xFF, 0xFF, 0xFF,
    0xFF, 0xFF, 0xFF, 0x50, 0xAF, 0xFF, 0xFF, 0xFF, 0xFF, 0xFF, 0xFF, 0x90, 0xAF, 0xFF, 0xFF, 0xFF,
    0xFF, 0xFF, 0xFF, 0x90, 0xAF, 0xFF, 0xFF, 0xFF, 0xFF, 0xFF, 0xFF, 0x90, 0xAF, 0xFA, 0x00, 0x00,
    0x00, 0x00, 0x00, 0x00, 0xAF, 0xFA, 0x00, 0x00, 0x00, 0x00, 0x00, 0x00, 0xAF, 0xFA, 0x00, 0x00,
    0x00, 0x00, 0x00, 0x00, 0xAF, 0xFA, 0x00, 0x00, 0x00, 0x00, 0x00, 0x00, 0xAF, 0xFA, 0x00, 0x00,
    0x00, 0x00, 0x00, 0x00, 0xAF, 0xFA, 0x00, 0x00, 0x00, 0x00, 0x00, 0x00, 0xAF, 0xFA, 0x00, 0x00,
    0x00, 0x00, 0x00, 0x00, 0xAF, 0xFF, 0xFF, 0xFF, 0xFF, 0xFF, 0xF8, 0x00, 0xAF, 0xFF, 0xFF, 0xFF,
    0xFF, 0xFF, 0xF8, 0x00, 0xAF, 0xFF, 0xFF, 0xFF, 0xFF, 0xFF, 0xF8, 0x00, 0xAF, 0xFA, 0x00, 0x00,
    0x00, 0x00, 0x00, 0x00, 0xAF, 0xFA, 0x00, 0x00, 0x00, 0x00, 0x00, 0x00, 0xAF, 0xFA, 0x00, 0x00,
    0x00, 0x00, 0x00, 0x00, 0xAF, 0xFA, 0x00, 0x00, 0x00, 0x00, 0x00, 0x00, 0xAF, 0xFA, 0x00, 0x00,
    0x00, 0x00, 0x00, 0x00, 0xAF, 0xFA, 0x00, 0x00, 0x00, 0x00, 0x00, 0x00, 0xAF, 0xFA, 0x00, 0x00,
    0x00, 0x00, 0x00, 0x00, 0xAF, 0xFA, 0x00, 0x00, 0x00, 0x00, 0x00, 0x00, 0xAF, 0xFA, 0x00, 0x00,
    0x00, 0x00, 0x00, 0x00, 0xAF, 0xFA, 0x00, 0x00, 0x00, 0x00, 0x00, 0x00, 0xAF, 0xFA, 0x00, 0x00,
    0x00, 0x00, 0x00, 0x00, 0xAF, 0xFA, 0x00, 0x00, 0x00, 0x00, 0x00, 0x00, 0x00, 0x00, 0x00, 0x00,
    0x48, 0xBD, 0xEF, 0xED, 0xB8, 0x41, 0x00, 0x00, 0x00, 0x00, 0x00, 0x6D, 0xFF, 0xFF, 0xFF, 0xFF,
    0xFF, 0xFF, 0x93, 0x00, 0x00, 0x00, 0x1B, 0xFF, 0xFF, 0xFF, 0xFF, 0xFF, 0xFF, 0xFF, 0xFE, 0x00,
    0x00, 0x01, 0xDF, 0xFF, 0xFA, 0x62, 0x10, 0x13, 0x6A, 0xEF, 0xFE, 0x00, 0x00, 0x0B, 0xFF, 0xFB,
    0x20, 0x00, 0x00, 0x00, 0x00, 0x17, 0xEE, 0x00, 0x00, 0x7F, 0xFF, 0xA0, 0x00, 0x00, 0x00, 0x00,
    0x00, 0x00, 0x29, 0x00, 0x00, 0xDF, 0xFD, 0x10, 0x00, 0x00, 0x00, 0x00, 0x00, 0x00, 0x00, 0x00,
    0x05, 0xFF, 0xF6, 0x00, 0x00, 0x00, 0x00, 0x00, 0x00, 0x00, 0x00, 0x00, 0x09, 0xFF, 0xF1, 0x00,
    0x00, 0x00, 0x00, 0x00, 0x00, 0x00, 0x00, 0x00, 0x0C, 0xFF, 0xC0, 0x00, 0x00, 0x00, 0x00, 0x00,
    0x00, 0x00, 0x00, 0x00, 0x0E, 0xFF, 0x90, 0x00, 0x00, 0x00, 0x00, 0x00, 0x00, 0x00, 0x00, 0x00,
    0x0F, 0xFF, 0x80, 0x00, 0x00, 0x00, 0x04, 0xFF, 0xFF, 0xFF, 0xFF, 0x80, 0x1F, 0xFF, 0x70, 0x00,
    0x00, 0x00, 0x04, 0xFF, 0xFF, 0xFF, 0xFF, 0x80, 0x0F, 0xFF, 0x80, 0x00, 0x00, 0x00, 0x04, 0xFF,
    0xFF, 0xFF, 0xFF, 0x80, 0x0E, 0xFF, 0x90, 0x00, 0x00, 0x00, 0x00, 0x00, 0x00, 0x0C, 0xFF, 0x80,
    0x0D, 0xFF, 0xC0, 0x00, 0x00, 0x00, 0x00, 0x00, 0x00, 0x0C, 0xFF, 0x80, 0x09, 0xFF, 0xF1, 0x00,
    0x00, 0x00, 0x00, 0x00, 0x00, 0x0C, 0xFF, 0x80, 0x05, 0xFF, 0xF6, 0x00, 0x00, 0x00, 0x00, 0x00,
    0x00, 0x0C, 0xFF, 0x80, 0x00, 0xDF, 0xFD, 0x10, 0x00, 0x00, 0x00, 0x00, 0x00, 0x0C, 0xFF, 0x80,
    0x00, 0x7F, 0xFF, 0xA0, 0x00, 0x00, 0x00, 0x00, 0x00, 0x0C, 0xFF, 0x80, 0x00, 0x0B, 0xFF, 0xFB,
    0x20, 0x00, 0x00, 0x00, 0x00, 0x0C, 0xFF, 0x80, 0x00, 0x01, 0xDF, 0xFF, 0xFA, 0x62, 0x10, 0x12,
    0x48, 0xEF, 0xFF, 0x80, 0x00, 0x00, 0x1B, 0xFF, 0xFF, 0xFF, 0xFF, 0xFF, 0xFF, 0xFF, 0xFA, 0x10,
    0x00, 0x00, 0x00, 0x6D, 0xFF, 0xFF, 0xFF, 0xFF, 0xFF, 0xFB, 0x40, 0x00, 0x00, 0x00, 0x00, 0x00,
    0x48, 0xCD, 0xEF, 0xED, 0xA6, 0x20, 0x00, 0x00, 0xAF, 0xFA, 0x00, 0x00, 0x00, 0x00, 0x00, 0x02,
    0xFF, 0xF4, 0xAF, 0xFA, 0x00, 0x00, 0x00, 0x00, 0x00, 0x02, 0xFF, 0xF4, 0xAF, 0xFA, 0x00, 0x00,
    0x00, 0x00, 0x00, 0x02, 0xFF, 0xF4, 0xAF, 0xFA, 0x00, 0x00, 0x00, 0x00, 0x00, 0x02, 0xFF, 0xF4,
    0xAF, 0xFA, 0x00, 0x00, 0x00, 0x00, 0x00, 0x02, 0xFF, 0xF4, 0xAF, 0xFA, 0x00, 0x00, 0x00, 0x00,
    0x00, 0x02, 0xFF, 0xF4, 0xAF, 0xFA, 0x00, 0x00, 0x00, 0x00, 0x00, 0x02, 0xFF, 0xF4, 0xAF, 0xFA,
    0x00, 0x00, 0x00, 0x00, 0x00, 0x02, 0xFF, 0xF4, 0xAF, 0xFA, 0x00, 0x00, 0x00, 0x00, 0x00, 0x02,
    0xFF, 0xF4, 0xAF, 0xFA, 0x00, 0x00, 0x00, 0x00, 0x00, 0x02, 0xFF, 0xF4, 0xAF, 0xFF, 0xFF, 0xFF,
    0xFF, 0xFF, 0xFF, 0xFF, 0xFF, 0xF4, 0xAF, 0xFF, 0xFF, 0xFF, 0xFF, 0xFF, 0xFF, 0xFF, 0xFF, 0xF4,
    0xAF, 0xFF, 0xFF, 0xFF, 0xFF, 0xFF, 0xFF, 0xFF, 0xFF, 0xF4, 0xAF, 0xFA, 0x00, 0x00, 0x00, 0x00,
    0x00, 0x02, 0xFF, 0xF4, 0xAF, 0xFA, 0x00, 0x00, 0x00, 0x00, 0x00, 0x02, 0xFF, 0xF4, 0xAF, 0xFA,
    0x00, 0x00, 0x00, 0x00, 0x00, 0x02, 0xFF, 0xF4, 0xAF, 0xFA, 0x00, 0x00, 0x00, 0x00, 0x00, 0x02,
    0xFF, 0xF4, 0xAF, 0xFA, 0x00, 0x00, 0x00, 0x00, 0x00, 0x02, 0xFF, 0xF4, 0xAF, 0xFA, 0x00, 0x00,
    0x00, 0x00, 0x00, 0x02, 0xFF, 0xF4, 0xAF, 0xFA, 0x00, 0x00, 0x00, 0x00, 0x00, 0x02, 0xFF, 0xF4,
    0xAF, 0xFA, 0x00, 0x00, 0x00, 0x00, 0x00, 0x02, 0xFF, 0xF4, 0xAF, 0xFA, 0x00, 0x00, 0x00, 0x00,
    0x00, 0x02, 0xFF, 0xF4, 0xAF, 0xFA, 0x00, 0x00, 0x00, 0x00, 0x00, 0x02, 0xFF, 0xF4, 0xAF, 0xFA,
    0x00, 0x00, 0x00, 0x00, 0x00, 0x02, 0xFF, 0xF4, 0xAF, 0xFA, 0x00, 0x00, 0x00, 0x00, 0x00, 0x02,
    0xFF, 0xF4, 0xAF, 0xFA, 0xAF, 0xFA, 0xAF, 0xFA, 0xAF, 0xFA, 0xAF, 0xFA, 0xAF, 0xFA, 0xAF, 0xFA,
    0xAF, 0xFA, 0xAF, 0xFA, 0xAF, 0xFA, 0xAF, 0xFA, 0xAF, 0xFA, 0xAF, 0xFA, 0xAF, 0xFA, 0xAF, 0xFA,
    0xAF, 0xFA, 0xAF, 0xFA, 0xAF, 0xFA, 0xAF, 0xFA, 0xAF, 0xFA, 0xAF, 0xFA, 0xAF, 0xFA, 0xAF, 0xFA,
    0xAF, 0xFA, 0xAF, 0xFA, 0x00, 0x00, 0x0A, 0xFF, 0xA0, 0x00, 0x00, 0x0A, 0xFF, 0xA0, 0x00, 0x00,
    0x0A, 0xFF, 0xA0, 0x00, 0x00, 0x0A, 0xFF, 0xA0, 0x00, 0x00, 0x0A, 0xFF, 0xA0, 0x00, 0x00, 0x0A,
    0xFF, 0xA0, 0x00, 0x00, 0x0A, 0xFF, 0xA0, 0x00, 0x00, 0x0A, 0xFF, 0xA0, 0x00, 0x00, 0x0A, 0xFF,
    0xA0, 0x00, 0x00, 0x0A, 0xFF, 0xA0, 0x00, 0x00, 0x0A, 0xFF, 0xA0, 0x00, 0x00, 0x0A, 0xFF, 0xA0,
    0x00, 0x00, 0x0A, 0xFF, 0xA0, 0x00, 0x00, 0x0A, 0xFF, 0xA0, 0x00, 0x00, 0x0A, 0xFF, 0xA0, 0x00,
    0x00, 0x0A, 0xFF, 0xA0, 0x00, 0x00, 0x0A, 0xFF, 0xA0, 0x00, 0x00, 0x0A, 0xFF, 0xA0, 0x00, 0x00,
    0x0A, 0xFF, 0xA0, 0x00, 0x00, 0x0A, 0xFF, 0xA0, 0x00, 0x00, 0x0A, 0xFF, 0xA0, 0x00, 0x00, 0x0A,
    0xFF, 0xA0, 0x00, 0x00, 0x0A, 0xFF, 0xA0, 0x00, 0x00, 0x0A, 0xFF, 0xA0, 0x00, 0x00, 0x0B, 0xFF,
    0x90, 0x00, 0x00, 0x0C, 0xFF, 0x80, 0x00, 0x00, 0x1F, 0xFF, 0x60, 0x00, 0x00, 0x7F, 0xFF, 0x20,
    0x00, 0x27, 0xFF, 0xFC, 0x00, 0xCF, 0xFF, 0xFF, 0xF4, 0x00, 0xCF, 0xFF, 0xFF, 0x60, 0x00, 0xCF,
    0xEC, 0x82, 0x00, 0x00, 0xAF, 0xFA, 0x00, 0x00, 0x00, 0x00, 0x00, 0xAF, 0xFF, 0x90, 0xAF, 0xFA,
    0x00, 0x00, 0x00, 0x00, 0x1B, 0xFF, 0xF8, 0x00, 0xAF, 0xFA, 0x00, 0x00, 0x00, 0x01, 0xBF, 0xFF,
    0x70, 0x00, 0xAF, 0xFA, 0x00, 0x00, 0x00, 0x1C, 0xFF, 0xF7, 0x00, 0x00, 0xAF, 0xFA, 0x00, 0x00,
    0x01, 0xCF, 0xFF, 0x60, 0x00, 0x00, 0xAF, 0xFA, 0x00, 0x00, 0x2D, 0xFF, 0xF5, 0x00, 0x00, 0x00,
    0xAF, 0xFA, 0x00, 0x02, 0xDF, 0xFF, 0x40, 0x00, 0x00, 0x00, 0xAF, 0xFA, 0x00, 0x3E, 0xFF, 0xE4,
    0x00, 0x00, 0x00, 0x00, 0xAF, 0xFA, 0x03, 0xEF, 0xFE, 0x30, 0x00, 0x00, 0x00, 0x00, 0xAF, 0xFA,
    0x4E, 0xFF, 0xE3, 0x00, 0x00, 0x00, 0x00, 0x00, 0xAF, 0xFD, 0xEF, 0xFD, 0x20, 0x00, 0x00, 0x00,
    0x00, 0x00, 0xAF, 0xFF, 0xFF, 0xF2, 0x00, 0x00, 0x00, 0x00, 0x00, 0x00, 0xAF, 0xFF, 0xFF, 0xFA,
    0x00, 0x00, 0x00, 0x00, 0x00, 0x00, 0xAF, 0xFB, 0xBF, 0xFF, 0xA0, 0x00, 0x00, 0x00, 0x00, 0x00,
    0xAF, 0xFA, 0x1B, 0xFF, 0xF9, 0x00, 0x00, 0x00, 0x00, 0x00, 0xAF, 0xFA, 0x01, 0xBF, 0xFF, 0x90,
    0x00, 0x00, 0x00, 0x00, 0xAF, 0xFA, 0x00, 0x1B, 0xFF, 0xF9, 0x00, 0x00, 0x00, 0x00, 0xAF, 0xFA,
    0x00, 0x01, 0xCF, 0xFF, 0x90, 0x00, 0x00, 0x00, 0xAF, 0xFA, 0x00, 0x00, 0x1C, 0xFF, 0xF9, 0x00,
    0x00, 0x00, 0xAF, 0xFA, 0x00, 0x00, 0x01, 0xCF, 0xFF, 0x90, 0x00, 0x00, 0xAF, 0xFA, 0x00, 0x00,
    0x00, 0x1C, 0xFF, 0xF8, 0x00, 0x00, 0xAF, 0xFA, 0x00, 0x00, 0x00, 0x01, 0xCF, 0xFF, 0x80, 0x00,
    0xAF, 0xFA, 0x00, 0x00, 0x00, 0x00, 0x1C, 0xFF, 0xF8, 0x00, 0xAF, 0xFA, 0x00, 0x00, 0x00, 0x00,
    0x01, 0xCF, 0xFF, 0x80, 0xAF, 0xFA, 0x00, 0x00, 0x00, 0x00, 0x00, 0x1C, 0xFF, 0xF8, 0xAF, 0xFA,
    0x00, 0x00, 0x00, 0x00, 0x00, 0x00, 0xAF, 0xFA, 0x00, 0x00, 0x00, 0x00, 0x00, 0x00, 0xAF, 0xFA,
    0x00, 0x00, 0x00, 0x00, 0x00, 0x00, 0xAF, 0xFA, 0x00, 0x00, 0x00, 0x00, 0x00, 0x00, 0xAF, 0xFA,
    0x00, 0x00, 0x00, 0x00, 0x00, 0x00, 0xAF, 0xFA, 0x00, 0x00, 0x00, 0x00, 0x00, 0x00, 0xAF, 0xFA,
    0x00, 0x00, 0x00, 0x00, 0x00, 0x00, 0xAF, 0xFA, 0x00, 0x00, 0x00, 0x00, 0x00, 0x00, 0xAF, 0xFA,
    0x00, 0x00, 0x00, 0x00, 0x00, 0x00, 0xAF, 0xFA, 0x00, 0x00, 0x00, 0x00, 0x00, 0x00, 0xAF, 0xFA,
    0x00, 0x00, 0x00, 0x00, 0x00, 0x00, 0xAF, 0xFA, 0x00, 0x00, 0x00, 0x00, 0x00, 0x00, 0xAF, 0xFA,
    0x00, 0x00, 0x00, 0x00, 0x00, 0x00, 0xAF, 0xFA, 0x00, 0x00, 0x00, 0x00, 0x00, 0x00, 0xAF, 0xFA,
    0x00, 0x00, 0x00, 0x00, 0x00, 0x00, 0xAF, 0xFA, 0x00, 0x00, 0x00, 0x00, 0x00, 0x00, 0xAF, 0xFA,
    0x00, 0x00, 0x00, 0x00, 0x00, 0x00, 0xAF, 0xFA, 0x00, 0x00, 0x00, 0x00, 0x00, 0x00, 0xAF, 0xFA,
    0x00, 0x00, 0x00, 0x00, 0x00, 0x00, 0xAF, 0xFA, 0x00, 0x00, 0x00, 0x00, 0x00, 0x00, 0xAF, 0xFA,
    0x00, 0x00, 0x00, 0x00, 0x00, 0x00, 0xAF, 0xFA, 0x00, 0x00, 0x00, 0x00, 0x00, 0x00, 0xAF, 0xFF,
    0xFF, 0xFF, 0xFF, 0xFF, 0xFF, 0xFC, 0xAF, 0xFF, 0xFF, 0xFF, 0xFF, 0xFF, 0xFF, 0xFC, 0xAF, 0xFF,
    0xFF, 0xFF, 0xFF, 0xFF, 0xFF, 0xFC, 0xAF, 0xFF, 0xF8, 0x00, 0x00, 0x00, 0x00, 0x00, 0x03, 0xFF,
    0xFF, 0xF0, 0xAF, 0xFF, 0xFD, 0x00, 0x00, 0x00, 0x00, 0x00, 0x08, 0xFF, 0xFF, 0xF0, 0xAF, 0xFF,
    0xFF, 0x40, 0x00, 0x00, 0x00, 0x00, 0x0E, 0xFF, 0xFF, 0xF0, 0xAF, 0xFC, 0xFF, 0xA0, 0x00, 0x00,
    0x00, 0x00, 0x5F, 0xFC, 0xFF, 0xF0, 0xAF, 0xF9, 0xDF, 0xE1, 0x00, 0x00, 0x00, 0x00, 0xAF, 0xF7,
    0xFF, 0xF0, 0xAF, 0xF9, 0x7F, 0xF6, 0x00, 0x00, 0x00, 0x01, 0xFF, 0xC4, 0xFF, 0xF0, 0xAF, 0xF9,
    0x2F, 0xFC, 0x00, 0x00, 0x00, 0x07, 0xFF, 0x74, 0xFF, 0xF0, 0xAF, 0xF9, 0x0B, 0xFF, 0x20, 0x00,
    0x00, 0x0C, 0xFF, 0x14, 0xFF, 0xF0, 0xAF, 0xF9, 0x05, 0xFF, 0x80, 0x00, 0x00, 0x3F, 0xFA, 0x04,
    0xFF, 0xF0, 0xAF, 0xF9, 0x00, 0xEF, 0xD0, 0x00, 0x00, 0x9F, 0xF5, 0x04, 0xFF, 0xF0, 0xAF, 0xF9,
    0x00, 0x9F, 0xF4, 0x00, 0x00, 0xEF, 0xE0, 0x04, 0xFF, 0xF0, 0xAF, 0xF9, 0x00, 0x3F, 0xFA, 0x00,
    0x05, 0xFF, 0x80, 0x04, 0xFF, 0xF0, 0xAF, 0xF9, 0x00, 0x0D, 0xFE, 0x10, 0x0B, 0xFF, 0x30, 0x04,
    0xFF, 0xF0, 0xAF, 0xF9, 0x00, 0x07, 0xFF, 0x60, 0x1F, 0xFC, 0x00, 0x04, 0xFF, 0xF0, 0xAF, 0xF9,
    0x00, 0x01, 0xFF, 0xC0, 0x7F, 0xF6, 0x00, 0x04, 0xFF, 0xF0, 0xAF, 0xF9, 0x00, 0x00, 0xBF, 0xF2,
    0xDF, 0xF1, 0x00, 0x04, 0xFF, 0xF0, 0xAF, 0xF9, 0x00, 0x00, 0x5F, 0xFB, 0xFF, 0xA0, 0x00, 0x04,
    0xFF, 0xF0, 0xAF, 0xF9, 0x00, 0x00, 0x0E, 0xFF, 0xFF, 0x40, 0x00, 0x04, 0xFF, 0xF0, 0xAF, 0xF9,
    0x00, 0x00, 0x09, 0xFF, 0xFE, 0x00, 0x00, 0x04, 0xFF, 0xF0, 0xAF, 0xF9, 0x00, 0x00, 0x03, 0xFF,
    0xF8, 0x00, 0x00, 0x04, 0xFF, 0xF0, 0xAF, 0xF9, 0x00, 0x00, 0x00, 0x00, 0x00, 0x00, 0x00, 0x04,
    0xFF, 0xF0, 0xAF, 0xF9, 0x00, 0x00, 0x00, 0x00, 0x00, 0x00, 0x00, 0x04, 0xFF, 0xF0, 0xAF, 0xF9,
    0x00, 0x00, 0x00, 0x00, 0x00, 0x00, 0x00, 0x04, 0xFF, 0xF0, 0xAF, 0xF9, 0x00, 0x00, 0x00, 0x00,
    0x00, 0x00, 0x00, 0x04, 0xFF, 0xF0, 0xAF, 0xF9, 0x00, 0x00, 0x00, 0x00, 0x00, 0x00, 0x00, 0x04,
    0xFF, 0xF0, 0xAF, 0xFF, 0xF2, 0x00, 0x00, 0x00, 0x00, 0x02, 0xFF, 0xF1, 0xAF, 0xFF, 0xFA, 0x00,
    0x00, 0x00, 0x00, 0x02, 0xFF, 0xF1, 0xAF, 0xFF, 0xFF, 0x30, 0x00, 0x00, 0x00, 0x02, 0xFF, 0xF1,
    0xAF, 0xFF, 0xFF, 0xA0, 0x00, 0x00, 0x00, 0x02, 0xFF, 0xF1, 0xAF, 0xFC, 0xFF, 0xF3, 0x00, 0x00,
    0x00, 0x02, 0xFF, 0xF1, 0xAF, 0xF9, 0xAF, 0xFB, 0x00, 0x00, 0x00, 0x02, 0xFF, 0xF1, 0xAF, 0xF9,
    0x2F, 0xFF, 0x40, 0x00, 0x00, 0x02, 0xFF, 0xF1, 0xAF, 0xF9, 0x09, 0xFF, 0xC0, 0x00, 0x00, 0x02,
    0xFF, 0xF1, 0xAF, 0xF9, 0x02, 0xFF, 0xF5, 0x00, 0x00, 0x02, 0xFF, 0xF1, 0xAF, 0xF9, 0x00, 0x8F,
    0xFD, 0x00, 0x00, 0x02, 0xFF, 0xF1, 0xAF, 0xF9, 0x00, 0x1E, 0xFF, 0x60, 0x00, 0x02, 0xFF, 0xF1,
    0xAF, 0xF9, 0x00, 0x08, 0xFF, 0xD0, 0x00, 0x02, 0xFF, 0xF1, 0xAF, 0xF9, 0x00, 0x01, 0xEF, 0xF6,
    0x00, 0x02, 0xFF, 0xF1, 0xAF, 0xF9, 0x00, 0x00, 0x7F, 0xFE, 0x10, 0x02, 0xFF, 0xF1, 0xAF, 0xF9,
    0x00, 0x00, 0x1E, 0xFF, 0x70, 0x02, 0xFF, 0xF1, 0xAF, 0xF9, 0x00, 0x00, 0x06, 0xFF, 0xE1, 0x02,
    0xFF, 0xF1, 0xAF, 0xF9, 0x00, 0x00, 0x00, 0xDF, 0xF8, 0x02, 0xFF, 0xF1, 0xAF, 0xF9, 0x00, 0x00,
    0x00, 0x5F, 0xFE, 0x12, 0xFF, 0xF1, 0xAF, 0xF9, 0x00, 0x00, 0x00, 0x0C, 0xFF, 0x92, 0xFF, 0xF1,
    0xAF, 0xF9, 0x00, 0x00, 0x00, 0x05, 0xFF, 0xF4, 0xFF, 0xF1, 0xAF, 0xF9, 0x00, 0x00, 0x00, 0x00,
    0xCF, 0xFC, 0xFF, 0xF1, 0xAF, 0xF9, 0x00, 0x00, 0x00, 0x00, 0x4F, 0xFF, 0xFF, 0xF1, 0xAF, 0xF9,
    0x00, 0x00, 0x00, 0x00, 0x0B, 0xFF, 0xFF, 0xF1, 0xAF, 0xF9, 0x00, 0x00, 0x00, 0x00, 0x03, 0xFF,
    0xFF, 0xF1, 0xAF, 0xF9, 0x00, 0x00, 0x00, 0x00, 0x00, 0xAF, 0xFF, 0xF1, 0x00, 0x00, 0x00, 0x01,
    0x6A, 0xDE, 0xFE, 0xC9, 0x50, 0x00, 0x00, 0x00, 0x00, 0x00, 0x01, 0x7E, 0xFF, 0xFF, 0xFF, 0xFF,
    0xFD, 0x60, 0x00, 0x00, 0x00, 0x00, 0x2C, 0xFF, 0xFF, 0xFF, 0xFF, 0xFF, 0xFF, 0xFA, 0x00, 0x00,
    0x00, 0x02, 0xDF, 0xFF, 0xE8, 0x31, 0x02, 0x49, 0xFF, 0xFF, 0xB0, 0x00, 0x00, 0x0B, 0xFF, 0xFA,
    0x10, 0x00, 0x00, 0x00, 0x2D, 0xFF, 0xF8, 0x00, 0x00, 0x7F, 0xFF, 0xA0, 0x00, 0x00, 0x00, 0x00,
    0x01, 0xDF, 0xFF, 0x30, 0x00, 0xDF, 0xFD, 0x10, 0x00, 0x00, 0x00, 0x00, 0x00, 0x3F, 0xFF, 0xA0,
    0x05, 0xFF, 0xF6, 0x00, 0x00, 0x00, 0x00, 0x00, 0x00, 0x0A, 0xFF, 0xF1, 0x09, 0xFF, 0xF1, 0x00,
    0x00, 0x00, 0x00, 0x00, 0x00, 0x04, 0xFF, 0xF5, 0x0C, 0xFF, 0xC0, 0x00, 0x00, 0x00, 0x00, 0x00,
    0x00, 0x01, 0xFF, 0xF9, 0x0E, 0xFF, 0x90, 0x00, 0x00, 0x00, 0x00, 0x00, 0x00, 0x00, 0xDF, 0xFB,
    0x0F, 0xFF, 0x80, 0x00, 0x00, 0x00, 0x00, 0x00, 0x00, 0x00, 0xBF, 0xFC, 0x1F, 0xFF, 0x70, 0x00,
    0x00, 0x00, 0x00, 0x00, 0x00, 0x00, 0xBF, 0xFD, 0x0F, 0xFF, 0x80, 0x00, 0x00, 0x00, 0x00, 0x00,
    0x00, 0x00, 0xBF, 0xFC, 0x0E, 0xFF, 0x90, 0x00, 0x00, 0x00, 0x00, 0x00, 0x00, 0x00, 0xDF, 0xFB,
    0x0C, 0xFF, 0xC0, 0x00, 0x00, 0x00, 0x00, 0x00, 0x00, 0x01, 0xFF, 0xF9, 0x09, 0xFF, 0xF1, 0x00,
    0x00, 0x00, 0x00, 0x00, 0x00, 0x04, 0xFF, 0xF5, 0x05, 0xFF, 0xF6, 0x00, 0x00, 0x00, 0x00, 0x00,
    0x00, 0x0A, 0xFF, 0xF2, 0x00, 0xDF, 0xFD, 0x10, 0x00, 0x00, 0x00, 0x00, 0x00, 0x3F, 0xFF, 0xA0,
    0x00, 0x7F, 0xFF, 0xA0, 0x00, 0x00, 0x00, 0x00, 0x01, 0xDF, 0xFF, 0x30, 0x00, 0x0C, 0xFF, 0xFA,
    0x10, 0x00, 0x00, 0x00, 0x2C, 0xFF, 0xF8, 0x00, 0x00, 0x02, 0xEF, 0xFF, 0xE8, 0x31, 0x01, 0x49,
    0xFF, 0xFF, 0xB0, 0x00, 0x00, 0x00, 0x2C, 0xFF, 0xFF, 0xFF, 0xFF, 0xFF, 0xFF, 0xFA, 0x10, 0x00,
    0x00, 0x00, 0x01, 0x8E, 0xFF, 0xFF, 0xFF, 0xFF, 0xFD, 0x60, 0x00, 0x00, 0x00, 0x00, 0x00, 0x01,
    0x6A, 0xDE, 0xFE, 0xC9, 0x51, 0x00, 0x00, 0x00, 0xAF, 0xFF, 0xFF, 0xFF, 0xEE, 0xB8, 0x20, 0x00,
    0x00, 0xAF, 0xFF, 0xFF, 0xFF, 0xFF, 0xFF, 0xF9, 0x10, 0x00, 0xAF, 0xFF, 0xFF, 0xFF, 0xFF, 0xFF,
    0xFF, 0xB0, 0x00, 0xAF, 0xFA, 0x00, 0x00, 0x13, 0x8F, 0xFF, 0xF6, 0x00, 0xAF, 0xFA, 0x00, 0x00,
    0x00, 0x03, 0xFF, 0xFD, 0x00, 0xAF, 0xFA, 0x00, 0x00, 0x00, 0x00, 0x9F, 0xFF, 0x20, 0xAF, 0xFA,
    0x00, 0x00, 0x00, 0x00, 0x4F, 0xFF, 0x40, 0xAF, 0xFA, 0x00, 0x00, 0x00, 0x00, 0x3F, 0xFF, 0x50,
    0xAF, 0xFA, 0x00, 0x00, 0x00, 0x00, 0x4F, 0xFF, 0x40, 0xAF, 0xFA, 0x00, 0x00, 0x00, 0x00, 0x9F,
    0xFF, 0x20, 0xAF, 0xFA, 0x00, 0x00, 0x00, 0x03, 0xFF, 0xFD, 0x00, 0xAF, 0xFA, 0x00, 0x00, 0x13,
    0x8F, 0xFF, 0xF6, 0x00, 0xAF, 0xFF, 0xFF, 0xFF, 0xFF, 0xFF, 0xFF, 0xB0, 0x00, 0xAF, 0xFF, 0xFF,
    0xFF, 0xFF, 0xFF, 0xF9, 0x10, 0x00, 0xAF, 0xFF, 0xFF, 0xFF, 0xFE, 0xB8, 0x20, 0x00, 0x00, 0xAF,
    0xFA, 0x00, 0x00, 0x00, 0x00, 0x00, 0x00, 0x00, 0xAF, 0xFA, 0x00, 0x00, 0x00, 0x00, 0x00, 0x00,
    0x00, 0xAF, 0xFA, 0x00, 0x00, 0x00, 0x00, 0x00, 0x00, 0x00, 0xAF, 0xFA, 0x00, 0x00, 0x00, 0x00,
    0x00, 0x00, 0x00, 0xAF, 0xFA, 0x00, 0x00, 0x00, 0x00, 0x00, 0x00, 0x00, 0xAF, 0xFA, 0x00, 0x00,
    0x00, 0x00, 0x00, 0x00, 0x00, 0xAF, 0xFA, 0x00, 0x00, 0x00, 0x00, 0x00, 0x00, 0x00, 0xAF, 0xFA,
    0x00, 0x00, 0x00, 0x00, 0x00, 0x00, 0x00, 0xAF, 0xFA, 0x00, 0x00, 0x00, 0x00, 0x00, 0x00, 0x00,
    0xAF, 0xFA, 0x00, 0x00, 0x00, 0x00, 0x00, 0x00, 0x00, 0x00, 0x00, 0x00, 0x01, 0x6A, 0xDE, 0xFE,
    0xC9, 0x51, 0x00, 0x00, 0x00, 0x00, 0x00, 0x01, 0x7E, 0xFF, 0xFF, 0xFF, 0xFF, 0xFD, 0x60, 0x00,
    0x00, 0x00, 0x00, 0x2C, 0xFF, 0xFF, 0xFF, 0xFF, 0xFF, 0xFF, 0xFA, 0x10, 0x00, 0x00, 0x02, 0xDF,
    0xFF, 0xE8, 0x31, 0x02, 0x49, 0xFF, 0xFF, 0xB0, 0x00, 0x00, 0x0B, 0xFF, 0xFA, 0x10, 0x00, 0x00,
    0x00, 0x2D, 0xFF, 0xF8, 0x00, 0x00, 0x7F, 0xFF, 0xA0, 0x00, 0x00, 0x00, 0x00, 0x01, 0xDF, 0xFF,
    0x30, 0x00, 0xDF, 0xFD, 0x10, 0x00, 0x00, 0x00, 0x00, 0x00, 0x3F, 0xFF, 0xA0, 0x05, 0xFF, 0xF6,
    0x00, 0x00, 0x00, 0x00, 0x00, 0x00, 0x0A, 0xFF, 0xF2, 0x09, 0xFF, 0xF1, 0x00, 0x00, 0x00, 0x00,
    0x00, 0x00, 0x04, 0xFF, 0xF5, 0x0C, 0xFF, 0xC0, 0x00, 0x00, 0x00, 0x00, 0x00, 0x00, 0x01, 0xFF,
    0xF9, 0x0E, 0xFF, 0x90, 0x00, 0x00, 0x00, 0x00, 0x00, 0x00, 0x00, 0xDF, 0xFB, 0x0F, 0xFF, 0x80,
    0x00, 0x00, 0x00, 0x00, 0x00, 0x00, 0x00, 0xBF, 0xFC, 0x1F, 0xFF, 0x70, 0x00, 0x00, 0x00, 0x00,
    0x00, 0x00, 0x00, 0xBF, 0xFD, 0x0F, 0xFF, 0x80, 0x00, 0x00, 0x00, 0x00, 0x00, 0x00, 0x00, 0xBF,
    0xFC, 0x0E, 0xFF, 0x90, 0x00, 0x00, 0x00, 0x00, 0x00, 0x00, 0x00, 0xDF, 0xFB, 0x0C, 0xFF, 0xC0,
    0x00, 0x00, 0x00, 0x00, 0x00, 0x00, 0x01, 0xFF, 0xF8, 0x09, 0xFF, 0xF1, 0x00, 0x00, 0x00, 0x00,
    0x00, 0x00, 0x04, 0xFF, 0xF5, 0x05, 0xFF, 0xF6, 0x00, 0x00, 0x00, 0x00, 0x00, 0x00, 0x0A, 0xFF,
    0xF1, 0x00, 0xDF, 0xFD, 0x10, 0x00, 0x00, 0x00, 0x00, 0x00, 0x3F, 0xFF, 0xA0, 0x00, 0x7F, 0xFF,
    0xA0, 0x00, 0x00, 0x00, 0x00, 0x01, 0xDF, 0xFF, 0x30, 0x00, 0x0C, 0xFF, 0xFA, 0x10, 0x00, 0x00,
    0x00, 0x2C, 0xFF, 0xF7, 0x00, 0x00, 0x02, 0xEF, 0xFF, 0xE8, 0x31, 0x01, 0x49, 0xFF, 0xFF, 0xA0,
    0x00, 0x00, 0x00, 0x2C, 0xFF, 0xFF, 0xFF, 0xFF, 0xFF, 0xFF, 0xF8, 0x00, 0x00, 0x00, 0x00, 0x01,
    0x8E, 0xFF, 0xFF, 0xFF, 0xFF, 0xFB, 0x40, 0x00, 0x00, 0x00, 0x00, 0x00, 0x01, 0x6A, 0xDE, 0xFF,
    0xFF, 0xF8, 0x00, 0x00, 0x00, 0x00, 0x00, 0x00, 0x00, 0x00, 0x00, 0x00, 0xBF, 0xFF, 0x70, 0x00,
    0x00, 0x00, 0x00, 0x00, 0x00, 0x00, 0x00, 0x00, 0x1C, 0xFF, 0xF5, 0x00, 0x00, 0x00, 0x00, 0x00,
    0x00, 0x00, 0x00, 0x00, 0x01, 0xDF, 0xFF, 0x30, 0x00, 0x00, 0x00, 0x00, 0x00, 0x00, 0x00, 0x00,
    0x00, 0x2D, 0xFF, 0xE2, 0x00, 0xAF, 0xFF, 0xFF, 0xFF, 0xFE, 0xC9, 0x40, 0x00, 0x00, 0x00, 0xAF,
    0xFF, 0xFF, 0xFF, 0xFF, 0xFF, 0xFB, 0x20, 0x00, 0x00, 0xAF, 0xFF, 0xFF, 0xFF, 0xFF, 0xFF, 0xFF,
    0xD1, 0x00, 0x00, 0xAF, 0xFA, 0x00, 0x00, 0x12, 0x6E, 0xFF, 0xF9, 0x00, 0x00, 0xAF, 0xFA, 0x00,
    0x00, 0x00, 0x01, 0xDF, 0xFE, 0x00, 0x00, 0xAF, 0xFA, 0x00, 0x00, 0x00, 0x00, 0x7F, 0xFF, 0x30,
    0x00, 0xAF, 0xFA, 0x00, 0x00, 0x00, 0x00, 0x3F, 0xFF, 0x50, 0x00, 0xAF, 0xFA, 0x00, 0x00, 0x00,
    0x00, 0x3F, 0xFF, 0x50, 0x00, 0xAF, 0xFA, 0x00, 0x00, 0x00, 0x00, 0x7F, 0xFF, 0x30, 0x00, 0xAF,
    0xFA, 0x00, 0x00, 0x00, 0x02, 0xEF, 0xFD, 0x00, 0x00, 0xAF, 0xFA, 0x00, 0x00, 0x02, 0x6E, 0xFF,
    0xF5, 0x00, 0x00, 0xAF, 0xFF, 0xFF, 0xFF, 0xFF, 0xFF, 0xFF, 0x60, 0x00, 0x00, 0xAF, 0xFF, 0xFF,
    0xFF, 0xFF, 0xFF, 0xA2, 0x00, 0x00, 0x00, 0xAF, 0xFF, 0xFF, 0xFF, 0xFF, 0xFF, 0xE5, 0x00, 0x00,
    0x00, 0xAF, 0xFA, 0x00, 0x00, 0x26, 0xDF, 0xFF, 0x40, 0x00, 0x00, 0xAF, 0xFA, 0x00, 0x00, 0x00,
    0x1C, 0xFF, 0xD1, 0x00, 0x00, 0xAF, 0xFA, 0x00, 0x00, 0x00, 0x02, 0xFF, 0xF8, 0x00, 0x00, 0xAF,
    0xFA, 0x00, 0x00, 0x00, 0x00, 0x8F, 0xFE, 0x10, 0x00, 0xAF, 0xFA, 0x00, 0x00, 0x00, 0x00, 0x1E,
    0xFF, 0x80, 0x00, 0xAF, 0xFA, 0x00, 0x00, 0x00, 0x00, 0x09, 0xFF, 0xE1, 0x00, 0xAF, 0xFA, 0x00,
    0x00, 0x00, 0x00, 0x02, 0xFF, 0xF7, 0x00, 0xAF, 0xFA, 0x00, 0x00, 0x00, 0x00, 0x00, 0x9F, 0xFE,
    0x10, 0xAF, 0xFA, 0x00, 0x00, 0x00, 0x00, 0x00, 0x2F, 0xFF, 0x70, 0xAF, 0xFA, 0x00, 0x00, 0x00,
    0x00, 0x00, 0x0A, 0xFF, 0xD0, 0xAF, 0xFA, 0x00, 0x00, 0x00, 0x00, 0x00, 0x03, 0xFF, 0xF6, 0x00,
    0x00, 0x49, 0xCE, 0xFE, 0xDC, 0xB8, 0x52, 0x00, 0x00, 0x2C, 0xFF, 0xFF, 0xFF, 0xFF, 0xFF, 0xFF,
    0x30, 0x03, 0xEF, 0xFF, 0xFF, 0xFF, 0xFF, 0xFF, 0xFF, 0x30, 0x1D, 0xFF, 0xFB, 0x52, 0x10, 0x13,
    0x47, 0xAD, 0x30, 0x6F, 0xFF, 0x70, 0x00, 0x00, 0x00, 0x00, 0x00, 0x00, 0xAF, 0xFC, 0x00, 0x00,
    0x00, 0x00, 0x00, 0x00, 0x00, 0xBF, 0xFA, 0x00, 0x00, 0x00, 0x00, 0x00, 0x00, 0x00, 0xBF, 0xFC,
    0x00, 0x00, 0x00, 0x00, 0x00, 0x00, 0x00, 0x8F, 0xFF, 0x50, 0x00, 0x00, 0x00, 0x00, 0x00, 0x00,
    0x3F, 0xFF, 0xFA, 0x52, 0x00, 0x00, 0x00, 0x00, 0x00, 0x08, 0xFF, 0xFF, 0xFF, 0xEB, 0x74, 0x00,
    0x00, 0x00, 0x00, 0x6E, 0xFF, 0xFF, 0xFF, 0xFF, 0xE9, 0x20, 0x00, 0x00, 0x01, 0x7C, 0xFF, 0xFF,
    0xFF, 0xFF, 0xE5, 0x00, 0x00, 0x00, 0x00, 0x14, 0x7A, 0xDF, 0xFF, 0xFF, 0x50, 0x00, 0x00, 0x00,
    0x00, 0x00, 0x03, 0xBF, 0xFF, 0xE1, 0x00, 0x00, 0x00, 0x00, 0x00, 0x00, 0x09, 0xFF, 0xF5, 0x00,
    0x00, 0x00, 0x00, 0x00, 0x00, 0x01, 0xFF, 0xF9, 0x00, 0x00, 0x00, 0x00, 0x00, 0x00, 0x00, 0xDF,
    0xFA, 0x00, 0x00, 0x00, 0x00, 0x00, 0x00, 0x00, 0xDF, 0xF9, 0x00, 0x00, 0x00, 0x00, 0x00, 0x00,
    0x03, 0xFF, 0xF7, 0x87, 0x10, 0x00, 0x00, 0x00, 0x00, 0x1C, 0xFF, 0xF3, 0xAF, 0xFB, 0x74, 0x21,
    0x01, 0x38, 0xEF, 0xFF, 0xB0, 0xAF, 0xFF, 0xFF, 0xFF, 0xFF, 0xFF, 0xFF, 0xFD, 0x10, 0xAF, 0xFF,
    0xFF, 0xFF, 0xFF, 0xFF, 0xFF, 0x91, 0x00, 0x13, 0x69, 0xBC, 0xDE, 0xFE, 0xDA, 0x72, 0x00, 0x00,
    0x1F, 0xFF, 0xFF, 0xFF, 0xFF, 0xFF, 0xFF, 0xFF, 0xFF, 0xFF, 0xFD, 0x1F, 0xFF, 0xFF, 0xFF, 0xFF,
    0xFF, 0xFF, 0xFF, 0xFF, 0xFF, 0xFD, 0x1F, 0xFF, 0xFF, 0xFF, 0xFF, 0xFF, 0xFF, 0xFF, 0xFF, 0xFF,
    0xFD, 0x00, 0x00, 0x00, 0x00, 0x04, 0xFF, 0xF1, 0x00, 0x00, 0x00, 0x00, 0x00, 0x00, 0x00, 0x00,
    0x04, 0xFF, 0xF1, 0x00, 0x00, 0x00, 0x00, 0x00, 0x00, 0x00, 0x00, 0x04, 0xFF, 0xF1, 0x00, 0x00,
    0x00, 0x00, 0x00, 0x00, 0x00, 0x00, 0x04, 0xFF, 0xF1, 0x00, 0x00, 0x00, 0x00, 0x00, 0x00, 0x00,
    0x00, 0x04, 0xFF, 0xF1, 0x00, 0x00, 0x00, 0x00, 0x00, 0x00, 0x00, 0x00, 0x04, 0xFF, 0xF1, 0x00,
    0x00, 0x00, 0x00, 0x00, 0x00, 0x00, 0x00, 0x04, 0xFF, 0xF1, 0x00, 0x00, 0x00, 0x00, 0x00, 0x00,
    0x00, 0x00, 0x04, 0xFF, 0xF1, 0x00, 0x00, 0x00, 0x00, 0x00, 0x00, 0x00, 0x00, 0x04, 0xFF, 0xF1,
    0x00, 0x00, 0x00, 0x00, 0x00, 0x00, 0x00, 0x00, 0x04, 0xFF, 0xF1, 0x00, 0x00, 0x00, 0x00, 0x00,
    0x00, 0x00, 0x00, 0x04, 0xFF, 0xF1, 0x00, 0x00, 0x00, 0x00, 0x00, 0x00, 0x00, 0x00, 0x04, 0xFF,
    0xF1, 0x00, 0x00, 0x00, 0x00, 0x00, 0x00, 0x00, 0x00, 0x04, 0xFF, 0xF1, 0x00, 0x00, 0x00, 0x00,
    0x00, 0x00, 0x00, 0x00, 0x04, 0xFF, 0xF1, 0x00, 0x00, 0x00, 0x00, 0x00, 0x00, 0x00, 0x00, 0x04,
    0xFF, 0xF1, 0x00, 0x00, 0x00, 0x00, 0x00, 0x00, 0x00, 0x00, 0x04, 0xFF, 0xF1, 0x00, 0x00, 0x00,
    0x00, 0x00, 0x00, 0x00, 0x00, 0x04, 0xFF, 0xF1, 0x00, 0x00, 0x00, 0x00, 0x00, 0x00, 0x00, 0x00,
    0x04, 0xFF, 0xF1, 0x00, 0x00, 0x00, 0x00, 0x00, 0x00, 0x00, 0x00, 0x04, 0xFF, 0xF1, 0x00, 0x00,
    0x00, 0x00, 0x00, 0x00, 0x00, 0x00, 0x04, 0xFF, 0xF1, 0x00, 0x00, 0x00, 0x00, 0x00, 0x00, 0x00,
    0x00, 0x04, 0xFF, 0xF1, 0x00, 0x00, 0x00, 0x00, 0x00, 0x00, 0x00, 0x00, 0x04, 0xFF, 0xF1, 0x00,
    0x00, 0x00, 0x00, 0x1F, 0xFF, 0x50, 0x00, 0x00, 0x00, 0x00, 0x00, 0x7F, 0xFE, 0x1F, 0xFF, 0x50,
    0x00, 0x00, 0x00, 0x00, 0x00, 0x7F, 0xFE, 0x1F, 0xFF, 0x50, 0x00, 0x00, 0x00, 0x00, 0x00, 0x7F,
    0xFE, 0x1F, 0xFF, 0x50, 0x00, 0x00, 0x00, 0x00, 0x00, 0x7F, 0xFE, 0x1F, 0xFF, 0x50, 0x00, 0x00,
    0x00, 0x00, 0x00, 0x7F, 0xFE, 0x1F, 0xFF, 0x50, 0x00, 0x00, 0x00, 0x00, 0x00, 0x7F, 0xFE, 0x1F,
    0xFF, 0x50, 0x00, 0x00, 0x00, 0x00, 0x00, 0x7F, 0xFE, 0x1F, 0xFF, 0x50, 0x00, 0x00, 0x00, 0x00,
    0x00, 0x7F, 0xFE, 0x1F, 0xFF, 0x50, 0x00, 0x00, 0x00, 0x00, 0x00, 0x7F, 0xFE, 0x1F, 0xFF, 0x50,
    0x00, 0x00, 0x00, 0x00, 0x00, 0x7F, 0xFE, 0x1F, 0xFF, 0x50, 0x00, 0x00, 0x00, 0x00, 0x00, 0x7F,
    0xFE, 0x1F, 0xFF, 0x50, 0x00, 0x00, 0x00, 0x00, 0x00, 0x7F, 0xFE, 0x1F, 0xFF, 0x50, 0x00, 0x00,
    0x00, 0x00, 0x00, 0x7F, 0xFE, 0x1F, 0xFF, 0x50, 0x00, 0x00, 0x00, 0x00, 0x00, 0x7F, 0xFE, 0x1F,
    0xFF, 0x50, 0x00, 0x00, 0x00, 0x00, 0x00, 0x7F, 0xFE, 0x0F, 0xFF, 0x50, 0x00, 0x00, 0x00, 0x00,
    0x00, 0x7F, 0xFE, 0x0E, 0xFF, 0x60, 0x00, 0x00, 0x00, 0x00, 0x00, 0x8F, 0xFD, 0x0D, 0xFF, 0x90,
    0x00, 0x00, 0x00, 0x00, 0x00, 0xBF, 0xFB, 0x0A, 0xFF, 0xD0, 0x00, 0x00, 0x00, 0x00, 0x00, 0xEF,
    0xF8, 0x06, 0xFF, 0xF4, 0x00, 0x00, 0x00, 0x00, 0x06, 0xFF, 0xF4, 0x01, 0xEF, 0xFD, 0x20, 0x00,
    0x00, 0x00, 0x3E, 0xFF, 0xD0, 0x00, 0x6F, 0xFF, 0xE8, 0x31, 0x01, 0x49, 0xFF, 0xFF, 0x40, 0x00,
    0x09, 0xFF, 0xFF, 0xFF, 0xFF, 0xFF, 0xFF, 0xF7, 0x00, 0x00, 0x00, 0x6E, 0xFF, 0xFF, 0xFF, 0xFF,
    0xFD, 0x50, 0x00, 0x00, 0x00, 0x01, 0x6A, 0xDE, 0xFE, 0xDA, 0x60, 0x00, 0x00, 0x8F, 0xFE, 0x00,
    0x00, 0x00, 0x00, 0x00, 0x00, 0x00, 0x0B, 0xFF, 0xC0, 0x3F, 0xFF, 0x50, 0x00, 0x00, 0x00, 0x00,
    0x00, 0x00, 0x1F, 0xFF, 0x60, 0x0C, 0xFF, 0xA0, 0x00, 0x00, 0x00, 0x00, 0x00, 0x00, 0x7F, 0xFF,
    0x10, 0x06, 0xFF, 0xF1, 0x00, 0x00, 0x00, 0x00, 0x00, 0x00, 0xCF, 0xFA, 0x00, 0x01, 0xFF, 0xF7,
    0x00, 0x00, 0x00, 0x00, 0x00, 0x03, 0xFF, 0xF4, 0x00, 0x00, 0xAF, 0xFC, 0x00, 0x00, 0x00, 0x00,
    0x00, 0x09, 0xFF, 0xD0, 0x00, 0x00, 0x4F, 0xFF, 0x30, 0x00, 0x00, 0x00, 0x00, 0x0E, 0xFF, 0x80,
    0x00, 0x00, 0x0D, 0xFF, 0x80, 0x00, 0x00, 0x00, 0x00, 0x5F, 0xFF, 0x20, 0x00, 0x00, 0x08, 0xFF,
    0xE0, 0x00, 0x00, 0x00, 0x00, 0xAF, 0xFC, 0x00, 0x00, 0x00, 0x02, 0xFF, 0xF5, 0x00, 0x00, 0x00,
    0x01, 0xFF, 0xF6, 0x00, 0x00, 0x00, 0x00, 0xBF, 0xFA, 0x00, 0x00, 0x00, 0x07, 0xFF, 0xE1, 0x00,
    0x00, 0x00, 0x00, 0x6F, 0xFF, 0x10, 0x00, 0x00, 0x0C, 0xFF, 0xA0, 0x00, 0x00, 0x00, 0x00, 0x1E,
    0xFF, 0x60, 0x00, 0x00, 0x3F, 0xFF, 0x40, 0x00, 0x00, 0x00, 0x00, 0x09, 0xFF, 0xC0, 0x00, 0x00,
    0x8F, 0xFD, 0x00, 0x00, 0x00, 0x00, 0x00, 0x04, 0xFF, 0xF3, 0x00, 0x00, 0xEF, 0xF7, 0x00, 0x00,
    0x00, 0x00, 0x00, 0x00, 0xDF, 0xF8, 0x00, 0x05, 0xFF, 0xF2, 0x00, 0x00, 0x00, 0x00, 0x00, 0x00,
    0x7F, 0xFE, 0x00, 0x0A, 0xFF, 0xB0, 0x00, 0x00, 0x00, 0x00, 0x00, 0x00, 0x2F, 0xFF, 0x40, 0x1F,
    0xFF, 0x50, 0x00, 0x00, 0x00, 0x00, 0x00, 0x00, 0x0B, 0xFF, 0xA0, 0x6F, 0xFE, 0x10, 0x00, 0x00,
    0x00, 0x00, 0x00, 0x00, 0x05, 0xFF, 0xF1, 0xCF, 0xF9, 0x00, 0x00, 0x00, 0x00, 0x00, 0x00, 0x00,
    0x00, 0xEF, 0xF9, 0xFF, 0xF3, 0x00, 0x00, 0x00, 0x00, 0x00, 0x00, 0x00, 0x00, 0x9F, 0xFF, 0xFF,
    0xD0, 0x00, 0x00, 0x00, 0x00, 0x00, 0x00, 0x00, 0x00, 0x3F, 0xFF, 0xFF, 0x70, 0x00, 0x00, 0x00,
    0x00, 0x00, 0x00, 0x00, 0x00, 0x0D, 0xFF, 0xFF, 0x20, 0x00, 0x00, 0x00, 0x00, 0x00, 0x00, 0x00,
    0x00, 0x07, 0xFF, 0xFB, 0x00, 0x00, 0x00, 0x00, 0x00, 0xBF, 0xFA, 0x00, 0x00, 0x00, 0x00, 0x03,
    0xFF, 0xFC, 0x00, 0x00, 0x00, 0x00, 0x01, 0xFF, 0xF6, 0x8F, 0xFD, 0x00, 0x00, 0x00, 0x00, 0x07,
    0xFF, 0xFF, 0x10, 0x00, 0x00, 0x00, 0x04, 0xFF, 0xF2, 0x4F, 0xFF, 0x20, 0x00, 0x00, 0x00, 0x0A,
    0xFF, 0xFF, 0x50, 0x00, 0x00, 0x00, 0x08, 0xFF, 0xD0, 0x0F, 0xFF, 0x60, 0x00, 0x00, 0x00, 0x0E,
    0xFD, 0xFF, 0x80, 0x00, 0x00, 0x00, 0x0B, 0xFF, 0x90, 0x0B, 0xFF, 0x90, 0x00, 0x00, 0x00, 0x3F,
    0xF8, 0xDF, 0xC0, 0x00, 0x00, 0x00, 0x0F, 0xFF, 0x60, 0x08, 0xFF, 0xD0, 0x00, 0x00, 0x00, 0x6F,
    0xF4, 0xAF, 0xF1, 0x00, 0x00, 0x00, 0x4F, 0xFF, 0x20, 0x04, 0xFF, 0xF2, 0x00, 0x00, 0x00, 0xAF,
    0xF1, 0x6F, 0xF4, 0x00, 0x00, 0x00, 0x7F, 0xFD, 0x00, 0x01, 0xFF, 0xF5, 0x00, 0x00, 0x00, 0xEF,
    0xC0, 0x2F, 0xF8, 0x00, 0x00, 0x00, 0xBF, 0xFA, 0x00, 0x00, 0xBF, 0xF9, 0x00, 0x00, 0x02, 0xFF,
    0x80, 0x0E, 0xFC, 0x00, 0x00, 0x00, 0xEF, 0xF6, 0x00, 0x00, 0x8F, 0xFD, 0x00, 0x00, 0x06, 0xFF,
    0x50, 0x0A, 0xFF, 0x10, 0x00, 0x03, 0xFF, 0xF2, 0x00, 0x00, 0x4F, 0xFF, 0x20, 0x00, 0x0A, 0xFF,
    0x10, 0x07, 0xFF, 0x40, 0x00, 0x07, 0xFF, 0xD0, 0x00, 0x00, 0x1F, 0xFF, 0x50, 0x00, 0x0E, 0xFD,
    0x00, 0x03, 0xFF, 0x80, 0x00, 0x0B, 0xFF, 0xA0, 0x00, 0x00, 0x0C, 0xFF, 0x90, 0x00, 0x2F, 0xF9,
    0x00, 0x00, 0xEF, 0xC0, 0x00, 0x0E, 0xFF, 0x60, 0x00, 0x00, 0x08, 0xFF, 0xD0, 0x00, 0x6F, 0xF5,
    0x00, 0x00, 0xBF, 0xF1, 0x00, 0x3F, 0xFF, 0x20, 0x00, 0x00, 0x04, 0xFF, 0xF1, 0x00, 0xAF, 0xF2,
    0x00, 0x00, 0x7F, 0xF4, 0x00, 0x7F, 0xFD, 0x00, 0x00, 0x00, 0x01, 0xFF, 0xF5, 0x00, 0xDF, 0xD0,
    0x00, 0x00, 0x3F, 0xF8, 0x00, 0xBF, 0xFA, 0x00, 0x00, 0x00, 0x00, 0xCF, 0xF9, 0x02, 0xFF, 0x90,
    0x00, 0x00, 0x0E, 0xFB, 0x00, 0xEF, 0xF6, 0x00, 0x00, 0x00, 0x00, 0x8F, 0xFD, 0x06, 0xFF, 0x60,
    0x00, 0x00, 0x0B, 0xFF, 0x13, 0xFF, 0xF2, 0x00, 0x00, 0x00, 0x00, 0x4F, 0xFF, 0x19, 0xFF, 0x20,
    0x00, 0x00, 0x08, 0xFF, 0x47, 0xFF, 0xD0, 0x00, 0x00, 0x00, 0x00, 0x1F, 0xFF, 0x5D, 0xFD, 0x00,
    0x00, 0x00, 0x04, 0xFF, 0x8A, 0xFF, 0xA0, 0x00, 0x00, 0x00, 0x00, 0x0C, 0xFF, 0xAF, 0xFA, 0x00,
    0x00, 0x00, 0x01, 0xFF, 0xBE, 0xFF, 0x60, 0x00, 0x00, 0x00, 0x00, 0x08, 0xFF, 0xFF, 0xF6, 0x00,
    0x00, 0x00, 0x00, 0xCF, 0xFF, 0xFF, 0x20, 0x00, 0x00, 0x00, 0x00, 0x04, 0xFF, 0xFF, 0xF3, 0x00,
    0x00, 0x00, 0x00, 0x8F, 0xFF, 0xFE, 0x00, 0x00, 0x00, 0x00, 0x00, 0x01, 0xFF, 0xFF, 0xE0, 0x00,
    0x00, 0x00, 0x00, 0x5F, 0xFF, 0xFA, 0x00, 0x00, 0x00, 0x00, 0x00, 0x00, 0xCF, 0xFF, 0xA0, 0x00,
    0x00, 0x00, 0x00, 0x1F, 0xFF, 0xF6, 0x00, 0x00, 0x00, 0x08, 0xFF, 0xE2, 0x00, 0x00, 0x00, 0x00,
    0x00, 0x4F, 0xFF, 0x50, 0x00, 0xDF, 0xFB, 0x00, 0x00, 0x00, 0x00, 0x01, 0xDF, 0xFA, 0x00, 0x00,
    0x3F, 0xFF, 0x60, 0x00, 0x00, 0x00, 0x09, 0xFF, 0xE1, 0x00, 0x00, 0x08, 0xFF, 0xE2, 0x00, 0x00,
    0x00, 0x5F, 0xFF, 0x50, 0x00, 0x00, 0x01, 0xDF, 0xFB, 0x00, 0x00, 0x01, 0xEF, 0xFA, 0x00, 0x00,
    0x00, 0x00, 0x4F, 0xFF, 0x60, 0x00, 0x0A, 0xFF, 0xD1, 0x00, 0x00, 0x00, 0x00, 0x09, 0xFF, 0xE2,
    0x00, 0x5F, 0xFF, 0x40, 0x00, 0x00, 0x00, 0x00, 0x01, 0xDF, 0xFA, 0x02, 0xEF, 0xF9, 0x00, 0x00,
    0x00, 0x00, 0x00, 0x00, 0x4F, 0xFF, 0x5B, 0xFF, 0xD1, 0x00, 0x00, 0x00, 0x00, 0x00, 0x00, 0x09,
    0xFF, 0xFF, 0xFF, 0x30, 0x00, 0x00, 0x00, 0x00, 0x00, 0x00, 0x01, 0xDF, 0xFF, 0xF8, 0x00, 0x00,
    0x00, 0x00, 0x00, 0x00, 0x00, 0x00, 0x4F, 0xFF, 0xD0, 0x00, 0x00, 0x00, 0x00, 0x00, 0x00, 0x00,
    0x00, 0x7F, 0xFF, 0xE1, 0x00, 0x00, 0x00, 0x00, 0x00, 0x00, 0x00, 0x02, 0xFF, 0xFF, 0xFA, 0x00,
    0x00, 0x00, 0x00, 0x00, 0x00, 0x00, 0x0C, 0xFF, 0xDF, 0xFF, 0x50, 0x00, 0x00, 0x00, 0x00, 0x00,
    0x00, 0x7F, 0xFE, 0x2A, 0xFF, 0xE1, 0x00, 0x00, 0x00, 0x00, 0x00, 0x03, 0xFF, 0xF7, 0x01, 0xEF,
    0xF9, 0x00, 0x00, 0x00, 0x00, 0x00, 0x0D, 0xFF, 0xB0, 0x00, 0x5F, 0xFF, 0x40, 0x00, 0x00, 0x00,
    0x00, 0x8F, 0xFE, 0x20, 0x00, 0x0A, 0xFF, 0xD1, 0x00, 0x00, 0x00, 0x04, 0xFF, 0xF6, 0x00, 0x00,
    0x01, 0xEF, 0xF9, 0x00, 0x00, 0x00, 0x1D, 0xFF, 0xB0, 0x00, 0x00, 0x00, 0x5F, 0xFF, 0x40, 0x00,
    0x00, 0x9F, 0xFE, 0x10, 0x00, 0x00, 0x00, 0x0A, 0xFF, 0xD1, 0x00, 0x04, 0xFF, 0xF5, 0x00, 0x00,
    0x00, 0x00, 0x01, 0xEF, 0xF9, 0x00, 0x1D, 0xFF, 0xA0, 0x00, 0x00, 0x00, 0x00, 0x00, 0x5F, 0xFF,
    0x40, 0xAF, 0xFE, 0x10, 0x00, 0x00, 0x00, 0x00, 0x00, 0x0B, 0xFF, 0xD1, 0xBF, 0xFD, 0x00, 0x00,
    0x00, 0x00, 0x00, 0x00, 0x2E, 0xFF, 0x70, 0x2E, 0xFF, 0x80, 0x00, 0x00, 0x00, 0x00, 0x00, 0xBF,
    0xFC, 0x00, 0x06, 0xFF, 0xF3, 0x00, 0x00, 0x00, 0x00, 0x06, 0xFF, 0xF3, 0x00, 0x00, 0xBF, 0xFD,
    0x00, 0x00, 0x00, 0x00, 0x2E, 0xFF, 0x70, 0x00, 0x00, 0x2E, 0xFF, 0x80, 0x00, 0x00, 0x00, 0xBF,
    0xFC, 0x00, 0x00, 0x00, 0x06, 0xFF, 0xF3, 0x00, 0x00, 0x06, 0xFF, 0xF3, 0x00, 0x00, 0x00, 0x00,
    0xBF, 0xFD, 0x00, 0x00, 0x2E, 0xFF, 0x70, 0x00, 0x00, 0x00, 0x00, 0x2E, 0xFF, 0x80, 0x00, 0xBF,
    0xFC, 0x00, 0x00, 0x00, 0x00, 0x00, 0x06, 0xFF, 0xF3, 0x06, 0xFF, 0xF2, 0x00, 0x00, 0x00, 0x00,
    0x00, 0x00, 0xBF, 0xFD, 0x2E, 0xFF, 0x70, 0x00, 0x00, 0x00, 0x00, 0x00, 0x00, 0x2E, 0xFF, 0xEF,
    0xFC, 0x00, 0x00, 0x00, 0x00, 0x00, 0x00, 0x00, 0x05, 0xFF, 0xFF, 0xF2, 0x00, 0x00, 0x00, 0x00,
    0x00, 0x00, 0x00, 0x00, 0xAF, 0xFF, 0x70, 0x00, 0x00, 0x00, 0x00, 0x00, 0x00, 0x00, 0x00, 0x4F,
    0xFF, 0x10, 0x00, 0x00, 0x00, 0x00, 0x00, 0x00, 0x00, 0x00, 0x4F, 0xFF, 0x10, 0x00, 0x00, 0x00,
    0x00, 0x00, 0x00, 0x00, 0x00, 0x4F, 0xFF, 0x10, 0x00, 0x00, 0x00, 0x00, 0x00, 0x00, 0x00, 0x00,
    0x4F, 0xFF, 0x10, 0x00, 0x00, 0x00, 0x00, 0x00, 0x00, 0x00, 0x00, 0x4F, 0xFF, 0x10, 0x00, 0x00,
    0x00, 0x00, 0x00, 0x00, 0x00, 0x00, 0x4F, 0xFF, 0x10, 0x00, 0x00, 0x00, 0x00, 0x00, 0x00, 0x00,
    0x00, 0x4F, 0xFF, 0x10, 0x00, 0x00, 0x00, 0x00, 0x00, 0x00, 0x00, 0x00, 0x4F, 0xFF, 0x10, 0x00,
    0x00, 0x00, 0x00, 0x00, 0x00, 0x00, 0x00, 0x4F, 0xFF, 0x10, 0x00, 0x00, 0x00, 0x00, 0x00, 0x00,
    0x00, 0x00, 0x4F, 0xFF, 0x10, 0x00, 0x00, 0x00, 0x00, 0x00, 0x00, 0x00, 0x00, 0x4F, 0xFF, 0x10,
    0x00, 0x00, 0x00, 0x00, 0x00, 0x00, 0x00, 0x00, 0x4F, 0xFF, 0x10, 0x00, 0x00, 0x00, 0x00, 0x1F,
    0xFF, 0xFF, 0xFF, 0xFF, 0xFF, 0xFF, 0xFF, 0xFF, 0xFF, 0x60, 0x1F, 0xFF, 0xFF, 0xFF, 0xFF, 0xFF,
    0xFF, 0xFF, 0xFF, 0xFF, 0x60, 0x1F, 0xFF, 0xFF, 0xFF, 0xFF, 0xFF, 0xFF, 0xFF, 0xFF, 0xFF, 0x50,
    0x00, 0x00, 0x00, 0x00, 0x00, 0x00, 0x00, 0x03, 0xFF, 0xFA, 0x00, 0x00, 0x00, 0x00, 0x00, 0x00,
    0x00, 0x00, 0x2E, 0xFF, 0xC0, 0x00, 0x00, 0x00, 0x00, 0x00, 0x00, 0x00, 0x00, 0xCF, 0xFE, 0x20,
    0x00, 0x00, 0x00, 0x00, 0x00, 0x00, 0x00, 0x09, 0xFF, 0xF4, 0x00, 0x00, 0x00, 0x00, 0x00, 0x00,
    0x00, 0x00, 0x6F, 0xFF, 0x60, 0x00, 0x00, 0x00, 0x00, 0x00, 0x00, 0x00, 0x04, 0xFF, 0xF9, 0x00,
    0x00, 0x00, 0x00, 0x00, 0x00, 0x00, 0x00, 0x2E, 0xFF, 0xC0, 0x00, 0x00, 0x00, 0x00, 0x00, 0x00,
    0x00, 0x01, 0xCF, 0xFD, 0x10, 0x00, 0x00, 0x00, 0x00, 0x00, 0x00, 0x00, 0x0A, 0xFF, 0xF3, 0x00,
    0x00, 0x00, 0x00, 0x00, 0x00, 0x00, 0x00, 0x7F, 0xFF, 0x60, 0x00, 0x00, 0x00, 0x00, 0x00, 0x00,
    0x00, 0x04, 0xFF, 0xF9, 0x00, 0x00, 0x00, 0x00, 0x00, 0x00, 0x00, 0x00, 0x2E, 0xFF, 0xB0, 0x00,
    0x00, 0x00, 0x00, 0x00, 0x00, 0x00, 0x01, 0xCF, 0xFD, 0x10, 0x00, 0x00, 0x00, 0x00, 0x00, 0x00,
    0x00, 0x0A, 0xFF, 0xE3, 0x00, 0x00, 0x00, 0x00, 0x00, 0x00, 0x00, 0x00, 0x7F, 0xFF, 0x50, 0x00,
    0x00, 0x00, 0x00, 0x00, 0x00, 0x00, 0x05, 0xFF, 0xF8, 0x00, 0x00, 0x00, 0x00, 0x00, 0x00, 0x00,
    0x00, 0x2E, 0xFF, 0xB0, 0x00, 0x00, 0x00, 0x00, 0x00, 0x00, 0x00, 0x01, 0xDF, 0xFD, 0x10, 0x00,
    0x00, 0x00, 0x00, 0x00, 0x00, 0x00, 0x0B, 0xFF, 0xE3, 0x00, 0x00, 0x00, 0x00, 0x00, 0x00, 0x00,
    0x00, 0x6F, 0xFF, 0xFF, 0xFF, 0xFF, 0xFF, 0xFF, 0xFF, 0xFF, 0xFF, 0xC0, 0x7F, 0xFF, 0xFF, 0xFF,
    0xFF, 0xFF, 0xFF, 0xFF, 0xFF, 0xFF, 0xC0, 0x7F, 0xFF, 0xFF, 0xFF, 0xFF, 0xFF, 0xFF, 0xFF, 0xFF,
    0xFF, 0xC0, 0x1F, 0xFF, 0xFF, 0xFF, 0x1F, 0xFF, 0xFF, 0xFF, 0x1F, 0xFF, 0xFF, 0xFF, 0x1F, 0xFF,
    0x00, 0x00, 0x1F, 0xFF, 0x00, 0x00, 0x1F, 0xFF, 0x00, 0x00, 0x1F, 0xFF, 0x00, 0x00, 0x1F, 0xFF,
    0x00, 0x00, 0x1F, 0xFF, 0x00, 0x00, 0x1F, 0xFF, 0x00, 0x00, 0x1F, 0xFF, 0x00, 0x00, 0x1F, 0xFF,
    0x00, 0x00, 0x1F, 0xFF, 0x00, 0x00, 0x1F, 0xFF, 0x00, 0x00, 0x1F, 0xFF, 0x00, 0x00, 0x1F, 0xFF,
    0x00, 0x00, 0x1F, 0xFF, 0x00, 0x00, 0x1F, 0xFF, 0x00, 0x00, 0x1F, 0xFF, 0x00, 0x00, 0x1F, 0xFF,
    0x00, 0x00, 0x1F, 0xFF, 0x00, 0x00, 0x1F, 0xFF, 0x00, 0x00, 0x1F, 0xFF, 0x00, 0x00, 0x1F, 0xFF,
    0x00, 0x00, 0x1F, 0xFF, 0x00, 0x00, 0x1F, 0xFF, 0x00, 0x00, 0x1F, 0xFF, 0x00, 0x00, 0x1F, 0xFF,
    0xFF, 0xFF, 0x1F, 0xFF, 0xFF, 0xFF, 0x1F, 0xFF, 0xFF, 0xFF, 0xDF, 0xE0, 0x00, 0x00, 0x00, 0x00,
    0x8F, 0xF4, 0x00, 0x00, 0x00, 0x00, 0x3F, 0xF9, 0x00, 0x00, 0x00, 0x00, 0x0E, 0xFE, 0x00, 0x00,
    0x00, 0x00, 0x09, 0xFF, 0x30, 0x00, 0x00, 0x00, 0x05, 0xFF, 0x80, 0x00, 0x00, 0x00, 0x01, 0xEF,
    0xC0, 0x00, 0x00, 0x00, 0x00, 0xAF, 0xF2, 0x00, 0x00, 0x00, 0x00, 0x6F, 0xF7, 0x00, 0x00, 0x00,
    0x00, 0x1F, 0xFB, 0x00, 0x00, 0x00, 0x00, 0x0B, 0xFF, 0x10, 0x00, 0x00, 0x00, 0x07, 0xFF, 0x60,
    0x00, 0x00, 0x00, 0x02, 0xFF, 0xA0, 0x00, 0x00, 0x00, 0x00, 0xDF, 0xE0, 0x00, 0x00, 0x00, 0x00,
    0x8F, 0xF4, 0x00, 0x00, 0x00, 0x00, 0x3F, 0xF9, 0x00, 0x00, 0x00, 0x00, 0x0E, 0xFE, 0x00, 0x00,
    0x00, 0x00, 0x09, 0xFF, 0x30, 0x00, 0x00, 0x00, 0x04, 0xFF, 0x80, 0x00, 0x00, 0x00, 0x00, 0xEF,
    0xD0, 0x00, 0x00, 0x00, 0x00, 0xAF, 0xF2, 0x00, 0x00, 0x00, 0x00, 0x6F, 0xF7, 0x00, 0x00, 0x00,
    0x00, 0x1F, 0xFB, 0x00, 0x00, 0x00, 0x00, 0x0B, 0xFF, 0x10, 0x00, 0x00, 0x00, 0x07, 0xFF, 0x60,
    0x00, 0x00, 0x00, 0x02, 0xFF, 0xA0, 0x00, 0x00, 0x00, 0x00, 0xCF, 0xE0, 0x00, 0x00, 0x00, 0x00,
    0x8F, 0xF4, 0xBF, 0xFF, 0xFF, 0xF5, 0xBF, 0xFF, 0xFF, 0xF5, 0xBF, 0xFF, 0xFF, 0xF5, 0x00, 0x00,
    0xBF, 0xF5, 0x00, 0x00, 0xBF, 0xF5, 0x00, 0x00, 0xBF, 0xF5, 0x00, 0x00, 0xBF, 0xF5, 0x00, 0x00,
    0xBF, 0xF5, 0x00, 0x00, 0xBF, 0xF5, 0x00, 0x00, 0xBF, 0xF5, 0x00, 0x00, 0xBF, 0xF5, 0x00, 0x00,
    0xBF, 0xF5, 0x00, 0x00, 0xBF, 0xF5, 0x00, 0x00, 0xBF, 0xF5, 0x00, 0x00, 0xBF, 0xF5, 0x00, 0x00,
    0xBF, 0xF5, 0x00, 0x00, 0xBF, 0xF5, 0x00, 0x00, 0xBF, 0xF5, 0x00, 0x00, 0xBF, 0xF5, 0x00, 0x00,
    0xBF, 0xF5, 0x00, 0x00, 0xBF, 0xF5, 0x00, 0x00, 0xBF, 0xF5, 0x00, 0x00, 0xBF, 0xF5, 0x00, 0x00,
    0xBF, 0xF5, 0x00, 0x00, 0xBF, 0xF5, 0x00, 0x00, 0xBF, 0xF5, 0x00, 0x00, 0xBF, 0xF5, 0xBF, 0xFF,
    0xFF, 0xF5, 0xBF, 0xFF, 0xFF, 0xF5, 0xBF, 0xFF, 0xFF, 0xF5, 0x00, 0x00, 0x00, 0x00, 0x1C, 0xFF,
    0xF6, 0x00, 0x00, 0x00, 0x00, 0x00, 0x00, 0x00, 0x01, 0xCF, 0xFF, 0xFF, 0x60, 0x00, 0x00, 0x00,
    0x00, 0x00, 0x00, 0x1C, 0xFF, 0xFD, 0xFF, 0xF6, 0x00, 0x00, 0x00, 0x00, 0x00, 0x01, 0xCF, 0xFE,
    0x41, 0xBF, 0xFF, 0x60, 0x00, 0x00, 0x00, 0x00, 0x1C, 0xFF, 0xE3, 0x00, 0x09, 0xFF, 0xF6, 0x00,
    0x00, 0x00, 0x01, 0xCF, 0xFD, 0x20, 0x00, 0x00, 0x7F, 0xFF, 0x60, 0x00, 0x00, 0x1C, 0xFF, 0xB1,
    0x00, 0x00, 0x00, 0x05, 0xFF, 0xF6, 0x00, 0x01, 0xCF, 0xFA, 0x00, 0x00, 0x00, 0x00, 0x00, 0x4E,
    0xFF, 0x60, 0x1C, 0xFF, 0x80, 0x00, 0x00, 0x00, 0x00, 0x00, 0x02, 0xDF, 0xF6, 0x5F, 0xFF, 0xFF,
    0xFF, 0xFF, 0xFF, 0xFF, 0xFF, 0xFF, 0x50, 0x5F, 0xFF, 0xFF, 0xFF, 0xFF, 0xFF, 0xFF, 0xFF, 0xFF,
    0x50, 0x5F, 0xFF, 0xFF, 0xFF, 0xFF, 0xFF, 0xFF, 0xFF, 0xFF, 0x50, 0xBF, 0xF7, 0x00, 0x00, 0x1C,
    0xFF, 0x40, 0x00, 0x01, 0xDF, 0xE2, 0x00, 0x00, 0x2D, 0xFC, 0x00, 0x00, 0x03, 0xEF, 0x90, 0x00,
    0x00, 0x4F, 0xF6, 0x00, 0x01, 0x6B, 0xDF, 0xED, 0xA5, 0x00, 0x00, 0x01, 0x9F, 0xFF, 0xFF, 0xFF,
    0xFF, 0xD2, 0x00, 0x09, 0xFF, 0xFF, 0xFF, 0xFF, 0xFF, 0xFE, 0x20, 0x09, 0xFD, 0x73, 0x10, 0x14,
    0x9F, 0xFF, 0xB0, 0x07, 0x50, 0x00, 0x00, 0x00, 0x03, 0xFF, 0xF2, 0x00, 0x00, 0x00, 0x00, 0x00,
    0x00, 0x8F, 0xF6, 0x00, 0x00, 0x00, 0x00, 0x00, 0x00, 0x5F, 0xF9, 0x00, 0x03, 0x8B, 0xDE, 0xFF,
    0xFF, 0xFF, 0xFA, 0x01, 0xAF, 0xFF, 0xFF, 0xFF, 0xFF, 0xFF, 0xFB, 0x0B, 0xFF, 0xFF, 0xFF, 0xFF,
    0xFF, 0xFF, 0xFB, 0x6F, 0xFF, 0xB6, 0x31, 0x00, 0x00, 0x5F, 0xFB, 0xBF, 0xF9, 0x00, 0x00, 0x00,
    0x00, 0x6F, 0xFB, 0xDF, 0xF3, 0x00, 0x00, 0x00, 0x00, 0x9F, 0xFB, 0xEF, 0xF2, 0x00, 0x00, 0x00,
    0x02, 0xEF, 0xFB, 0xCF, 0xF8, 0x00, 0x00, 0x00, 0x1C, 0xFF, 0xFB, 0x8F, 0xFF, 0x93, 0x10, 0x27,
    0xEF, 0xFF, 0xFB, 0x1E, 0xFF, 0xFF, 0xFF, 0xFF, 0xFF, 0x9F, 0xFB, 0x03, 0xEF, 0xFF, 0xFF, 0xFF,
    0xE5, 0x5F, 0xFB, 0x00, 0x18, 0xCE, 0xFD, 0xB7, 0x10, 0x5F, 0xFB, 0xEF, 0xF2, 0x00, 0x00, 0x00,
    0x00, 0x00, 0x00, 0x00, 0xEF, 0xF2, 0x00, 0x00, 0x00, 0x00, 0x00, 0x00, 0x00, 0xEF, 0xF2, 0x00,
    0x00, 0x00, 0x00, 0x00, 0x00, 0x00, 0xEF, 0xF2, 0x00, 0x00, 0x00, 0x00, 0x00, 0x00, 0x00, 0xEF,
    0xF2, 0x00, 0x00, 0x00, 0x00, 0x00, 0x00, 0x00, 0xEF, 0xF2, 0x00, 0x00, 0x00, 0x00, 0x00, 0x00,
    0x00, 0xEF, 0xF2, 0x00, 0x00, 0x00, 0x00, 0x00, 0x00, 0x00, 0xEF, 0xF2, 0x03, 0x8D, 0xEE, 0xD9,
    0x20, 0x00, 0x00, 0xEF, 0xF2, 0x7F, 0xFF, 0xFF, 0xFF, 0xF7, 0x00, 0x00, 0xEF, 0xF9, 0xFF, 0xFF,
    0xFF, 0xFF, 0xFF, 0x70, 0x00, 0xEF, 0xFF, 0xFC, 0x51, 0x02, 0x7E, 0xFF, 0xF3, 0x00, 0xEF, 0xFF,
    0xB1, 0x00, 0x00, 0x02, 0xEF, 0xFB, 0x00, 0xEF, 0xFE, 0x20, 0x00, 0x00, 0x00, 0x5F, 0xFF, 0x20,
    0xEF, 0xF9, 0x00, 0x00, 0x00, 0x00, 0x0E, 0xFF, 0x60, 0xEF, 0xF5, 0x00, 0x00, 0x00, 0x00, 0x0A,
    0xFF, 0x90, 0xEF, 0xF3, 0x00, 0x00, 0x00, 0x00, 0x08, 0xFF, 0xA0, 0xEF, 0xF3, 0x00, 0x00, 0x00,
    0x00, 0x07, 0xFF, 0xB0, 0xEF, 0xF3, 0x00, 0x00, 0x00, 0x00, 0x08, 0xFF, 0xA0, 0xEF, 0xF5, 0x00,
    0x00, 0x00, 0x00, 0x0A, 0xFF, 0x90, 0xEF, 0xF9, 0x00, 0x00, 0x00, 0x00, 0x0E, 0xFF, 0x60, 0xEF,
    0xFE, 0x10, 0x00, 0x00, 0x00, 0x5F, 0xFF, 0x20, 0xEF, 0xFF, 0xB0, 0x00, 0x00, 0x02, 0xEF, 0xFB,
    0x00, 0xEF, 0xFF, 0xFC, 0x51, 0x02, 0x7E, 0xFF, 0xF3, 0x00, 0xEF, 0xF9, 0xFF, 0xFF, 0xFF, 0xFF,
    0xFF, 0x70, 0x00, 0xEF, 0xF2, 0x7F, 0xFF, 0xFF, 0xFF, 0xF7, 0x00, 0x00, 0xEF, 0xF2, 0x03, 0x9D,
    0xEE, 0xD9, 0x20, 0x00, 0x00, 0x00, 0x00, 0x01, 0x6A, 0xDE, 0xFD, 0xC9, 0x51, 0x00, 0x00, 0x5E,
    0xFF, 0xFF, 0xFF, 0xFF, 0xF9, 0x00, 0x08, 0xFF, 0xFF, 0xFF, 0xFF, 0xFF, 0xF9, 0x00, 0x6F, 0xFF,
    0xE8, 0x31, 0x02, 0x36, 0xA8, 0x01, 0xEF, 0xFD, 0x20, 0x00, 0x00, 0x00, 0x00, 0x07, 0xFF, 0xF3,
    0x00, 0x00, 0x00, 0x00, 0x00, 0x0B, 0xFF, 0x90, 0x00, 0x00, 0x00, 0x00, 0x00, 0x0E, 0xFF, 0x50,
    0x00, 0x00, 0x00, 0x00, 0x00, 0x1F, 0xFF, 0x20, 0x00, 0x00, 0x00, 0x00, 0x00, 0x2F, 0xFF, 0x20,
    0x00, 0x00, 0x00, 0x00, 0x00, 0x1F, 0xFF, 0x20, 0x00, 0x00, 0x00, 0x00, 0x00, 0x0E, 0xFF, 0x50,
    0x00, 0x00, 0x00, 0x00, 0x00, 0x0B, 0xFF, 0x90, 0x00, 0x00, 0x00, 0x00, 0x00, 0x07, 0xFF, 0xF2,
    0x00, 0x00, 0x00, 0x00, 0x00, 0x01, 0xEF, 0xFD, 0x20, 0x00, 0x00, 0x00, 0x00, 0x00, 0x6F, 0xFF,
    0xE8, 0x31, 0x02, 0x36, 0xA8, 0x00, 0x08, 0xFF, 0xFF, 0xFF, 0xFF, 0xFF, 0xF9, 0x00, 0x00, 0x6E,
    0xFF, 0xFF, 0xFF, 0xFF, 0xF9, 0x00, 0x00, 0x01, 0x6B, 0xDE, 0xED, 0xC9, 0x51, 0x00, 0x00, 0x00,
    0x00, 0x00, 0x00, 0x00, 0x8F, 0xF8, 0x00, 0x00, 0x00, 0x00, 0x00, 0x00, 0x00, 0x8F, 0xF8, 0x00,
    0x00, 0x00, 0x00, 0x00, 0x00, 0x00, 0x8F, 0xF8, 0x00, 0x00, 0x00, 0x00, 0x00, 0x00, 0x00, 0x8F,
    0xF8, 0x00, 0x00, 0x00, 0x00, 0x00, 0x00, 0x00, 0x8F, 0xF8, 0x00, 0x00, 0x00, 0x00, 0x00, 0x00,
    0x00, 0x8F, 0xF8, 0x00, 0x00, 0x00, 0x00, 0x00, 0x00, 0x00, 0x8F, 0xF8, 0x00, 0x00, 0x05, 0xBE,
    0xFD, 0xB6, 0x10, 0x8F, 0xF8, 0x00, 0x01, 0xBF, 0xFF, 0xFF, 0xFF, 0xD3, 0x8F, 0xF8, 0x00, 0x1C,
    0xFF, 0xFF, 0xFF, 0xFF, 0xFE, 0xAF, 0xF8, 0x00, 0x9F, 0xFF, 0xC4, 0x10, 0x28, 0xFF, 0xFF, 0xF8,
    0x02, 0xFF, 0xFA, 0x00, 0x00, 0x00, 0x4E, 0xFF, 0xF8, 0x08, 0xFF, 0xD1, 0x00, 0x00, 0x00, 0x07,
    0xFF, 0xF8, 0x0C, 0xFF, 0x70, 0x00, 0x00, 0x00, 0x01, 0xFF, 0xF8, 0x0F, 0xFF, 0x30, 0x00, 0x00,
    0x00, 0x00, 0xCF, 0xF8, 0x1F, 0xFF, 0x10, 0x00, 0x00, 0x00, 0x00, 0x9F, 0xF8, 0x2F, 0xFF, 0x10,
    0x00, 0x00, 0x00, 0x00, 0x9F, 0xF8, 0x1F, 0xFF, 0x10, 0x00, 0x00, 0x00, 0x00, 0x9F, 0xF8, 0x0F,
    0xFF, 0x30, 0x00, 0x00, 0x00, 0x00, 0xCF, 0xF8, 0x0C, 0xFF, 0x70, 0x00, 0x00, 0x00, 0x01, 0xFF,
    0xF8, 0x08, 0xFF, 0xD1, 0x00, 0x00, 0x00, 0x07, 0xFF, 0xF8, 0x02, 0xFF, 0xF9, 0x00, 0x00, 0x00,
    0x3E, 0xFF, 0xF8, 0x00, 0x9F, 0xFF, 0xB4, 0x10, 0x28, 0xFF, 0xFF, 0xF8, 0x00, 0x1C, 0xFF, 0xFF,
    0xFF, 0xFF, 0xFE, 0xAF, 0xF8, 0x00, 0x01, 0xBF, 0xFF, 0xFF, 0xFF, 0xD3, 0x8F, 0xF8, 0x00, 0x00,
    0x05, 0xBE, 0xFE, 0xB7, 0x10, 0x8F, 0xF8, 0x00, 0x00, 0x01, 0x6A, 0xDE, 0xED, 0xA5, 0x00, 0x00,
    0x00, 0x00, 0x00, 0x5E, 0xFF, 0xFF, 0xFF, 0xFF, 0xD3, 0x00, 0x00, 0x00, 0x07, 0xFF, 0xFF, 0xFF,
    0xFF, 0xFF, 0xFE, 0x30, 0x00, 0x00, 0x5F, 0xFF, 0xB5, 0x20, 0x02, 0x7E, 0xFF, 0xD0, 0x00, 0x01,
    0xEF, 0xF6, 0x00, 0x00, 0x00, 0x02, 0xDF, 0xF6, 0x00, 0x06, 0xFF, 0xA0, 0x00, 0x00, 0x00, 0x00,
    0x4F, 0xFB, 0x00, 0x0B, 0xFF, 0x40, 0x00, 0x00, 0x00, 0x00, 0x0F, 0xFF, 0x00, 0x0E, 0xFF, 0xFF,
    0xFF, 0xFF, 0xFF, 0xFF, 0xFF, 0xFF, 0x10, 0x1F, 0xFF, 0xFF, 0xFF, 0xFF, 0xFF, 0xFF, 0xFF, 0xFF,
    0x20, 0x2F, 0xFF, 0xFF, 0xFF, 0xFF, 0xFF, 0xFF, 0xFF, 0xFF, 0x20, 0x1F, 0xFF, 0x20, 0x00, 0x00,
    0x00, 0x00, 0x00, 0x00, 0x00, 0x0F, 0xFF, 0x50, 0x00, 0x00, 0x00, 0x00, 0x00, 0x00, 0x00, 0x0B,
    0xFF, 0x90, 0x00, 0x00, 0x00, 0x00, 0x00, 0x00, 0x00, 0x07, 0xFF, 0xF3, 0x00, 0x00, 0x00, 0x00,
    0x00, 0x00, 0x00, 0x01, 0xEF, 0xFD, 0x30, 0x00, 0x00, 0x00, 0x01, 0x85, 0x00, 0x00, 0x5F, 0xFF,
    0xF9, 0x41, 0x01, 0x25, 0xAF, 0xF6, 0x00, 0x00, 0x07, 0xFF, 0xFF, 0xFF, 0xFF, 0xFF, 0xFF, 0xF6,
    0x00, 0x00, 0x00, 0x4D, 0xFF, 0xFF, 0xFF, 0xFF, 0xFE, 0x71, 0x00, 0x00, 0x00, 0x00, 0x59, 0xDE,
    0xFE, 0xC9, 0x50, 0x00, 0x00, 0x00, 0x00, 0x00, 0x6B, 0xEF, 0xFF, 0x90, 0x00, 0x00, 0x1C, 0xFF,
    0xFF, 0xFF, 0x90, 0x00, 0x00, 0x9F, 0xFF, 0xFF, 0xFF, 0x90, 0x00, 0x00, 0xFF, 0xF9, 0x20, 0x00,
    0x00, 0x00, 0x03, 0xFF, 0xE0, 0x00, 0x00, 0x00, 0x00, 0x04, 0xFF, 0xC0, 0x00, 0x00, 0x00, 0x00,
    0x04, 0xFF, 0xC0, 0x00, 0x00, 0x00, 0x3F, 0xFF, 0xFF, 0xFF, 0xFF, 0xFC, 0x00, 0x3F, 0xFF, 0xFF,
    0xFF, 0xFF, 0xFC, 0x00, 0x3F, 0xFF, 0xFF, 0xFF, 0xFF, 0xFC, 0x00, 0x00, 0x04, 0xFF, 0xC0, 0x00,
    0x00, 0x00, 0x00, 0x04, 0xFF, 0xC0, 0x00, 0x00, 0x00, 0x00, 0x04, 0xFF, 0xC0, 0x00, 0x00, 0x00,
    0x00, 0x04, 0xFF, 0xC0, 0x00, 0x00, 0x00, 0x00, 0x04, 0xFF, 0xC0, 0x00, 0x00, 0x00, 0x00, 0x04,
    0xFF, 0xC0, 0x00, 0x00, 0x00, 0x00, 0x04, 0xFF, 0xC0, 0x00, 0x00, 0x00, 0x00, 0x04, 0xFF, 0xC0,
    0x00, 0x00, 0x00, 0x00, 0x04, 0xFF, 0xC0, 0x00, 0x00, 0x00, 0x00, 0x04, 0xFF, 0xC0, 0x00, 0x00,
    0x00, 0x00, 0x04, 0xFF, 0xC0, 0x00, 0x00, 0x00, 0x00, 0x04, 0xFF, 0xC0, 0x00, 0x00, 0x00, 0x00,
    0x04, 0xFF, 0xC0, 0x00, 0x00, 0x00, 0x00, 0x04, 0xFF, 0xC0, 0x00, 0x00, 0x00, 0x00, 0x04, 0xFF,
    0xC0, 0x00, 0x00, 0x00, 0x00, 0x04, 0xFF, 0xC0, 0x00, 0x00, 0x00, 0x00, 0x00, 0x05, 0xBE, 0xFD,
    0xB6, 0x10, 0x8F, 0xF8, 0x00, 0x01, 0xCF, 0xFF, 0xFF, 0xFF, 0xD3, 0x8F, 0xF8, 0x00, 0x1D, 0xFF,
    0xFF, 0xFF, 0xFF, 0xFE, 0xAF, 0xF8, 0x00, 0x9F, 0xFF, 0xB4, 0x10, 0x27, 0xEF, 0xFF, 0xF8, 0x02,
    0xFF, 0xF9, 0x00, 0x00, 0x00, 0x3E, 0xFF, 0xF8, 0x08, 0xFF, 0xD0, 0x00, 0x00, 0x00, 0x07, 0xFF,
    0xF8, 0x0C, 0xFF, 0x70, 0x00, 0x00, 0x00, 0x01, 0xEF, 0xF8, 0x0F, 0xFF, 0x30, 0x00, 0x00, 0x00,
    0x00, 0xBF, 0xF8, 0x1F, 0xFF, 0x10, 0x00, 0x00, 0x00, 0x00, 0x9F, 0xF8, 0x2F, 0xFF, 0x10, 0x00,
    0x00, 0x00, 0x00, 0x9F, 0xF8, 0x1F, 0xFF, 0x10, 0x00, 0x00, 0x00, 0x00, 0x9F, 0xF8, 0x0F, 0xFF,
    0x30, 0x00, 0x00, 0x00, 0x00, 0xBF, 0xF8, 0x0C, 0xFF, 0x70, 0x00, 0x00, 0x00, 0x01, 0xEF, 0xF8,
    0x08, 0xFF, 0xD0, 0x00, 0x00, 0x00, 0x07, 0xFF, 0xF8, 0x02, 0xFF, 0xF9, 0x00, 0x00, 0x00, 0x3E,
    0xFF, 0xF8, 0x00, 0x9F, 0xFF, 0xB4, 0x10, 0x27, 0xEF, 0xFF, 0xF8, 0x00, 0x1D, 0xFF, 0xFF, 0xFF,
    0xFF, 0xFE, 0xAF, 0xF7, 0x00, 0x01, 0xCF, 0xFF, 0xFF, 0xFF, 0xD3, 0x9F, 0xF6, 0x00, 0x00, 0x05,
    0xBE, 0xFE, 0xB6, 0x10, 0xAF, 0xF5, 0x00, 0x00, 0x00, 0x00, 0x00, 0x00, 0x00, 0xEF, 0xF3, 0x00,
    0x00, 0x00, 0x00, 0x00, 0x00, 0x05, 0xFF, 0xE0, 0x00, 0x00, 0x00, 0x00, 0x00, 0x00, 0x3E, 0xFF,
    0x90, 0x00, 0x0B, 0x85, 0x31, 0x01, 0x49, 0xFF, 0xFF, 0x20, 0x00, 0x0D, 0xFF, 0xFF, 0xFF, 0xFF,
    0xFF, 0xF6, 0x00, 0x00, 0x0D, 0xFF, 0xFF, 0xFF, 0xFF, 0xFE, 0x60, 0x00, 0x00, 0x02, 0x7A, 0xCD,
    0xFE, 0xDB, 0x71, 0x00, 0x00, 0xEF, 0xF2, 0x00, 0x00, 0x00, 0x00, 0x00, 0x00, 0xEF, 0xF2, 0x00,
    0x00, 0x00, 0x00, 0x00, 0x00, 0xEF, 0xF2, 0x00, 0x00, 0x00, 0x00, 0x00, 0x00, 0xEF, 0xF2, 0x00,
    0x00, 0x00, 0x00, 0x00, 0x00, 0xEF, 0xF2, 0x00, 0x00, 0x00, 0x00, 0x00, 0x00, 0xEF, 0xF2, 0x00,
    0x00, 0x00, 0x00, 0x00, 0x00, 0xEF, 0xF2, 0x00, 0x00, 0x00, 0x00, 0x00, 0x00, 0xEF, 0xF2, 0x02,
    0x8C, 0xEF, 0xDA, 0x40, 0x00, 0xEF, 0xF2, 0x6E, 0xFF, 0xFF, 0xFF, 0xF8, 0x00, 0xEF, 0xF8, 0xFF,
    0xFF, 0xFF, 0xFF, 0xFF, 0x60, 0xEF, 0xFF, 0xFB, 0x51, 0x02, 0x6E, 0xFF, 0xE0, 0xEF, 0xFF, 0x80,
    0x00, 0x00, 0x03, 0xFF, 0xF4, 0xEF, 0xFC, 0x00, 0x00, 0x00, 0x00, 0xBF, 0xF7, 0xEF, 0xF6, 0x00,
    0x00, 0x00, 0x00, 0x7F, 0xF9, 0xEF, 0xF3, 0x00, 0x00, 0x00, 0x00, 0x6F, 0xFA, 0xEF, 0xF2, 0x00,
    0x00, 0x00, 0x00, 0x6F, 0xFA, 0xEF, 0xF2, 0x00, 0x00, 0x00, 0x00, 0x6F, 0xFA, 0xEF, 0xF2, 0x00,
    0x00, 0x00, 0x00, 0x6F, 0xFA, 0xEF, 0xF2, 0x00, 0x00, 0x00, 0x00, 0x6F, 0xFA, 0xEF, 0xF2, 0x00,
    0x00, 0x00, 0x00, 0x6F, 0xFA, 0xEF, 0xF2, 0x00, 0x00, 0x00, 0x00, 0x6F, 0xFA, 0xEF, 0xF2, 0x00,
    0x00, 0x00, 0x00, 0x6F, 0xFA, 0xEF, 0xF2, 0x00, 0x00, 0x00, 0x00, 0x6F, 0xFA, 0xEF, 0xF2, 0x00,
    0x00, 0x00, 0x00, 0x6F, 0xFA, 0xEF, 0xF2, 0x00, 0x00, 0x00, 0x00, 0x6F, 0xFA, 0xEF, 0xF2, 0x00,
    0x00, 0x00, 0x00, 0x6F, 0xFA, 0xCF, 0xF4, 0xCF, 0xF4, 0xCF, 0xF4, 0xCF, 0xF4, 0x00, 0x00, 0x00,
    0x00, 0x00, 0x00, 0xCF, 0xF4, 0xCF, 0xF4, 0xCF, 0xF4, 0xCF, 0xF4, 0xCF, 0xF4, 0xCF, 0xF4, 0xCF,
    0xF4, 0xCF, 0xF4, 0xCF, 0xF4, 0xCF, 0xF4, 0xCF, 0xF4, 0xCF, 0xF4, 0xCF, 0xF4, 0xCF, 0xF4, 0xCF,
    0xF4, 0xCF, 0xF4, 0xCF, 0xF4, 0xCF, 0xF4, 0xCF, 0xF4, 0x00, 0x00, 0xCF, 0xF4, 0x00, 0x00, 0xCF,
    0xF4, 0x00, 0x00, 0xCF, 0xF4, 0x00, 0x00, 0xCF, 0xF4, 0x00, 0x00, 0x00, 0x00, 0x00, 0x00, 0x00,
    0x00, 0x00, 0x00, 0x00, 0x00, 0x00, 0x00, 0xCF, 0xF4, 0x00, 0x00, 0xCF, 0xF4, 0x00, 0x00, 0xCF,
    0xF4, 0x00, 0x00, 0xCF, 0xF4, 0x00, 0x00, 0xCF, 0xF4, 0x00, 0x00, 0xCF, 0xF4, 0x00, 0x00, 0xCF,
    0xF4, 0x00, 0x00, 0xCF, 0xF4, 0x00, 0x00, 0xCF, 0xF4, 0x00, 0x00, 0xCF, 0xF4, 0x00, 0x00, 0xCF,
    0xF4, 0x00, 0x00, 0xCF, 0xF4, 0x00, 0x00, 0xCF, 0xF4, 0x00, 0x00, 0xCF, 0xF4, 0x00, 0x00, 0xCF,
    0xF4, 0x00, 0x00, 0xCF, 0xF4, 0x00, 0x00, 0xCF, 0xF4, 0x00, 0x00, 0xCF, 0xF4, 0x00, 0x00, 0xCF,
    0xF4, 0x00, 0x00, 0xCF, 0xF3, 0x00, 0x00, 0xEF, 0xF3, 0x00, 0x02, 0xFF, 0xF1, 0x00, 0x3B, 0xFF,
    0xC0, 0x9F, 0xFF, 0xFF, 0x60, 0x9F, 0xFF, 0xFA, 0x00, 0x9F, 0xEB, 0x60, 0x00, 0xEF, 0xF2, 0x00,
    0x00, 0x00, 0x00, 0x00, 0x00, 0x00, 0xEF, 0xF2, 0x00, 0x00, 0x00, 0x00, 0x00, 0x00, 0x00, 0xEF,
    0xF2, 0x00, 0x00, 0x00, 0x00, 0x00, 0x00, 0x00, 0xEF, 0xF2, 0x00, 0x00, 0x00, 0x00, 0x00, 0x00,
    0x00, 0xEF, 0xF2, 0x00, 0x00, 0x00, 0x00, 0x00, 0x00, 0x00, 0xEF, 0xF2, 0x00, 0x00, 0x00, 0x00,
    0x00, 0x00, 0x00, 0xEF, 0xF2, 0x00, 0x00, 0x00, 0x00, 0x00, 0x00, 0x00, 0xEF, 0xF2, 0x00, 0x00,
    0x00, 0x05, 0xFF, 0xF9, 0x00, 0xEF, 0xF2, 0x00, 0x00, 0x00, 0x6F, 0xFF, 0x80, 0x00, 0xEF, 0xF2,
    0x00, 0x00, 0x08, 0xFF, 0xF6, 0x00, 0x00, 0xEF, 0xF2, 0x00, 0x00, 0x9F, 0xFF, 0x50, 0x00, 0x00,
    0xEF, 0xF2, 0x00, 0x1B, 0xFF, 0xE4, 0x00, 0x00, 0x00, 0xEF, 0xF2, 0x01, 0xCF, 0xFD, 0x30, 0x00,
    0x00, 0x00, 0xEF, 0xF2, 0x2D, 0xFF, 0xD2, 0x00, 0x00, 0x00, 0x00, 0xEF, 0xF5, 0xDF, 0xFC, 0x10,
    0x00, 0x00, 0x00, 0x00, 0xEF, 0xFF, 0xFF, 0xB1, 0x00, 0x00, 0x00, 0x00, 0x00, 0xEF, 0xFE, 0xFF,
    0xD1, 0x00, 0x00, 0x00, 0x00, 0x00, 0xEF, 0xF5, 0xDF, 0xFD, 0x20, 0x00, 0x00, 0x00, 0x00, 0xEF,
    0xF2, 0x2D, 0xFF, 0xD2, 0x00, 0x00, 0x00, 0x00, 0xEF, 0xF2, 0x02, 0xDF, 0xFD, 0x20, 0x00, 0x00,
    0x00, 0xEF, 0xF2, 0x00, 0x2D, 0xFF, 0xD2, 0x00, 0x00, 0x00, 0xEF, 0xF2, 0x00, 0x02, 0xDF, 0xFD,
    0x20, 0x00, 0x00, 0xEF, 0xF2, 0x00, 0x00, 0x2D, 0xFF, 0xD2, 0x00, 0x00, 0xEF, 0xF2, 0x00, 0x00,
    0x01, 0xDF, 0xFD, 0x20, 0x00, 0xEF, 0xF2, 0x00, 0x00, 0x00, 0x1C, 0xFF, 0xE2, 0x00, 0xEF, 0xF2,
    0x00, 0x00, 0x00, 0x01, 0xCF, 0xFE, 0x30, 0xCF, 0xF4, 0xCF, 0xF4, 0xCF, 0xF4, 0xCF, 0xF4, 0xCF,
    0xF4, 0xCF, 0xF4, 0xCF, 0xF4, 0xCF, 0xF4, 0xCF, 0xF4, 0xCF, 0xF4, 0xCF, 0xF4, 0xCF, 0xF4, 0xCF,
    0xF4, 0xCF, 0xF4, 0xCF, 0xF4, 0xCF, 0xF4, 0xCF, 0xF4, 0xCF, 0xF4, 0xCF, 0xF4, 0xCF, 0xF4, 0xCF,
    0xF4, 0xCF, 0xF4, 0xCF, 0xF4, 0xCF, 0xF4, 0xCF, 0xF4, 0xCF, 0xF4, 0xEF, 0xF2, 0x02, 0x8C, 0xEE,
    0xC8, 0x20, 0x00, 0x02, 0x8C, 0xEF, 0xD9, 0x20, 0x00, 0xEF, 0xF2, 0x7F, 0xFF, 0xFF, 0xFF, 0xE3,
    0x00, 0x6F, 0xFF, 0xFF, 0xFF, 0xE3, 0x00, 0xEF, 0xF9, 0xFF, 0xFF, 0xFF, 0xFF, 0xFE, 0x16, 0xFF,
    0xFF, 0xFF, 0xFF, 0xFE, 0x10, 0xEF, 0xFF, 0xFB, 0x41, 0x02, 0x9F, 0xFF, 0xBF, 0xFB, 0x41, 0x02,
    0x9F, 0xFF, 0x80, 0xEF, 0xFF, 0x80, 0x00, 0x00, 0x09, 0xFF, 0xFF, 0x80, 0x00, 0x00, 0x09, 0xFF,
    0xD0, 0xEF, 0xFC, 0x00, 0x00, 0x00, 0x02, 0xFF, 0xFC, 0x00, 0x00, 0x00, 0x02, 0xFF, 0xF1, 0xEF,
    0xF6, 0x00, 0x00, 0x00, 0x00, 0xEF, 0xF7, 0x00, 0x00, 0x00, 0x00, 0xEF, 0xF3, 0xEF, 0xF3, 0x00,
    0x00, 0x00, 0x00, 0xDF, 0xF4, 0x00, 0x00, 0x00, 0x00, 0xDF, 0xF3, 0xEF, 0xF2, 0x00, 0x00, 0x00,
    0x00, 0xDF, 0xF3, 0x00, 0x00, 0x00, 0x00, 0xDF, 0xF4, 0xEF, 0xF2, 0x00, 0x00, 0x00, 0x00, 0xDF,
    0xF3, 0x00, 0x00, 0x00, 0x00, 0xDF, 0xF4, 0xEF, 0xF2, 0x00, 0x00, 0x00, 0x00, 0xDF, 0xF3, 0x00,
    0x00, 0x00, 0x00, 0xDF, 0xF4, 0xEF, 0xF2, 0x00, 0x00, 0x00, 0x00, 0xDF, 0xF3, 0x00, 0x00, 0x00,
    0x00, 0xDF, 0xF4, 0xEF, 0xF2, 0x00, 0x00, 0x00, 0x00, 0xDF, 0xF3, 0x00, 0x00, 0x00, 0x00, 0xDF,
    0xF4, 0xEF, 0xF2, 0x00, 0x00, 0x00, 0x00, 0xDF, 0xF3, 0x00, 0x00, 0x00, 0x00, 0xDF, 0xF4, 0xEF,
    0xF2, 0x00, 0x00, 0x00, 0x00, 0xDF, 0xF3, 0x00, 0x00, 0x00, 0x00, 0xDF, 0xF4, 0xEF, 0xF2, 0x00,
    0x00, 0x00, 0x00, 0xDF, 0xF3, 0x00, 0x00, 0x00, 0x00, 0xDF, 0xF4, 0xEF, 0xF2, 0x00, 0x00, 0x00,
    0x00, 0xDF, 0xF3, 0x00, 0x00, 0x00, 0x00, 0xDF, 0xF4, 0xEF, 0xF2, 0x00, 0x00, 0x00, 0x00, 0xDF,
    0xF3, 0x00, 0x00, 0x00, 0x00, 0xDF, 0xF4, 0xEF, 0xF2, 0x00, 0x00, 0x00, 0x00, 0xDF, 0xF3, 0x00,
    0x00, 0x00, 0x00, 0xDF, 0xF4, 0xEF, 0xF2, 0x02, 0x8C, 0xEF, 0xDA, 0x40, 0x00, 0xEF, 0xF2, 0x6E,
    0xFF, 0xFF, 0xFF, 0xF8, 0x00, 0xEF, 0xF8, 0xFF, 0xFF, 0xFF, 0xFF, 0xFF, 0x60, 0xEF, 0xFF, 0xFB,
    0x51, 0x02, 0x6E, 0xFF, 0xE0, 0xEF, 0xFF, 0x80, 0x00, 0x00, 0x03, 0xFF, 0xF4, 0xEF, 0xFC, 0x00,
    0x00, 0x00, 0x00, 0xBF, 0xF7, 0xEF, 0xF6, 0x00, 0x00, 0x00, 0x00, 0x7F, 0xF9, 0xEF, 0xF3, 0x00,
    0x00, 0x00, 0x00, 0x6F, 0xFA, 0xEF, 0xF2, 0x00, 0x00, 0x00, 0x00, 0x6F, 0xFA, 0xEF, 0xF2, 0x00,
    0x00, 0x00, 0x00, 0x6F, 0xFA, 0xEF, 0xF2, 0x00, 0x00, 0x00, 0x00, 0x6F, 0xFA, 0xEF, 0xF2, 0x00,
    0x00, 0x00, 0x00, 0x6F, 0xFA, 0xEF, 0xF2, 0x00, 0x00, 0x00, 0x00, 0x6F, 0xFA, 0xEF, 0xF2, 0x00,
    0x00, 0x00, 0x00, 0x6F, 0xFA, 0xEF, 0xF2, 0x00, 0x00, 0x00, 0x00, 0x6F, 0xFA, 0xEF, 0xF2, 0x00,
    0x00, 0x00, 0x00, 0x6F, 0xFA, 0xEF, 0xF2, 0x00, 0x00, 0x00, 0x00, 0x6F, 0xFA, 0xEF, 0xF2, 0x00,
    0x00, 0x00, 0x00, 0x6F, 0xFA, 0xEF, 0xF2, 0x00, 0x00, 0x00, 0x00, 0x6F, 0xFA, 0x00, 0x00, 0x03,
    0x8C, 0xEF, 0xEC, 0x72, 0x00, 0x00, 0x00, 0x00, 0x9F, 0xFF, 0xFF, 0xFF, 0xFE, 0x70, 0x00, 0x00,
    0x0B, 0xFF, 0xFF, 0xFF, 0xFF, 0xFF, 0xF9, 0x00, 0x00, 0x8F, 0xFF, 0xD5, 0x10, 0x26, 0xEF, 0xFF,
    0x50, 0x02, 0xFF, 0xFB, 0x10, 0x00, 0x00, 0x2D, 0xFF, 0xD0, 0x08, 0xFF, 0xE1, 0x00, 0x00, 0x00,
    0x04, 0xFF, 0xF5, 0x0C, 0xFF, 0x90, 0x00, 0x00, 0x00, 0x00, 0xCF, 0xF9, 0x0F, 0xFF, 0x40, 0x00,
    0x00, 0x00, 0x00, 0x8F, 0xFC, 0x1F, 0xFF, 0x20, 0x00, 0x00, 0x00, 0x00, 0x5F, 0xFD, 0x2F, 0xFF,
    0x20, 0x00, 0x00, 0x00, 0x00, 0x5F, 0xFE, 0x1F, 0xFF, 0x20, 0x00, 0x00, 0x00, 0x00, 0x5F, 0xFD,
    0x0F, 0xFF, 0x40, 0x00, 0x00, 0x00, 0x00, 0x8F, 0xFC, 0x0C, 0xFF, 0x90, 0x00, 0x00, 0x00, 0x00,
    0xCF, 0xF9, 0x08, 0xFF, 0xE1, 0x00, 0x00, 0x00, 0x04, 0xFF, 0xF5, 0x02, 0xFF, 0xFB, 0x00, 0x00,
    0x00, 0x2D, 0xFF, 0xD0, 0x00, 0x8F, 0xFF, 0xC5, 0x10, 0x26, 0xEF, 0xFF, 0x50, 0x00, 0x0B, 0xFF,
    0xFF, 0xFF, 0xFF, 0xFF, 0xF9, 0x00, 0x00, 0x00, 0x9F, 0xFF, 0xFF, 0xFF, 0xFE, 0x70, 0x00, 0x00,
    0x00, 0x03, 0x8C, 0xEF, 0xEC, 0x82, 0x00, 0x00, 0xEF, 0xF2, 0x03, 0x8D, 0xEE, 0xD9, 0x20, 0x00,
    0x00, 0xEF, 0xF2, 0x7F, 0xFF, 0xFF, 0xFF, 0xF7, 0x00, 0x00, 0xEF, 0xF9, 0xFF, 0xFF, 0xFF, 0xFF,
    0xFF, 0x70, 0x00, 0xEF, 0xFF, 0xFC, 0x51, 0x02, 0x7E, 0xFF, 0xF3, 0x00, 0xEF, 0xFF, 0xB1, 0x00,
    0x00, 0x02, 0xEF, 0xFB, 0x00, 0xEF, 0xFE, 0x20, 0x00, 0x00, 0x00, 0x5F, 0xFF, 0x20, 0xEF, 0xF9,
    0x00, 0x00, 0x00, 0x00, 0x0E, 0xFF, 0x60, 0xEF, 0xF5, 0x00, 0x00, 0x00, 0x00, 0x0A, 0xFF, 0x90,
    0xEF, 0xF3, 0x00, 0x00, 0x00, 0x00, 0x08, 0xFF, 0xA0, 0xEF, 0xF3, 0x00, 0x00, 0x00, 0x00, 0x07,
    0xFF, 0xB0, 0xEF, 0xF3, 0x00, 0x00, 0x00, 0x00, 0x08, 0xFF, 0xA0, 0xEF, 0xF5, 0x00, 0x00, 0x00,
    0x00, 0x0A, 0xFF, 0x90, 0xEF, 0xF9, 0x00, 0x00, 0x00, 0x00, 0x0E, 0xFF, 0x60, 0xEF, 0xFE, 0x10,
    0x00, 0x00, 0x00, 0x5F, 0xFF, 0x20, 0xEF, 0xFF, 0xB0, 0x00, 0x00, 0x02, 0xEF, 0xFB, 0x00, 0xEF,
    0xFF, 0xFC, 0x51, 0x02, 0x7E, 0xFF, 0xF3, 0x00, 0xEF, 0xF9, 0xFF, 0xFF, 0xFF, 0xFF, 0xFF, 0x70,
    0x00, 0xEF, 0xF2, 0x7F, 0xFF, 0xFF, 0xFF, 0xF7, 0x00, 0x00, 0xEF, 0xF2, 0x03, 0x9D, 0xEE, 0xD9,
    0x20, 0x00, 0x00, 0xEF, 0xF2, 0x00, 0x00, 0x00, 0x00, 0x00, 0x00, 0x00, 0xEF, 0xF2, 0x00, 0x00,
    0x00, 0x00, 0x00, 0x00, 0x00, 0xEF, 0xF2, 0x00, 0x00, 0x00, 0x00, 0x00, 0x00, 0x00, 0xEF, 0xF2,
    0x00, 0x00, 0x00, 0x00, 0x00, 0x00, 0x00, 0xEF, 0xF2, 0x00, 0x00, 0x00, 0x00, 0x00, 0x00, 0x00,
    0xEF, 0xF2, 0x00, 0x00, 0x00, 0x00, 0x00, 0x00, 0x00, 0xEF, 0xF2, 0x00, 0x00, 0x00, 0x00, 0x00,
    0x00, 0x00, 0x00, 0x00, 0x05, 0xBE, 0xFD, 0xB6, 0x10, 0x8F, 0xF8, 0x00, 0x01, 0xBF, 0xFF, 0xFF,
    0xFF, 0xD3, 0x8F, 0xF8, 0x00, 0x1C, 0xFF, 0xFF, 0xFF, 0xFF, 0xFE, 0xAF, 0xF8, 0x00, 0x9F, 0xFF,
    0xC4, 0x10, 0x28, 0xFF, 0xFF, 0xF8, 0x02, 0xFF, 0xFA, 0x00, 0x00, 0x00, 0x4E, 0xFF, 0xF8, 0x08,
    0xFF, 0xD1, 0x00, 0x00, 0x00, 0x07, 0xFF, 0xF8, 0x0C, 0xFF, 0x70, 0x00, 0x00, 0x00, 0x01, 0xFF,
    0xF8, 0x0F, 0xFF, 0x30, 0x00, 0x00, 0x00, 0x00, 0xCF, 0xF8, 0x1F, 0xFF, 0x10, 0x00, 0x00, 0x00,
    0x00, 0x9F, 0xF8, 0x2F, 0xFF, 0x10, 0x00, 0x00, 0x00, 0x00, 0x9F, 0xF8, 0x1F, 0xFF, 0x10, 0x00,
    0x00, 0x00, 0x00, 0x9F, 0xF8, 0x0F, 0xFF, 0x30, 0x00, 0x00, 0x00, 0x00, 0xCF, 0xF8, 0x0C, 0xFF,
    0x70, 0x00, 0x00, 0x00, 0x01, 0xFF, 0xF8, 0x08, 0xFF, 0xD1, 0x00, 0x00, 0x00, 0x07, 0xFF, 0xF8,
    0x02, 0xFF, 0xF9, 0x00, 0x00, 0x00, 0x3E, 0xFF, 0xF8, 0x00, 0x9F, 0xFF, 0xB4, 0x10, 0x28, 0xFF,
    0xFF, 0xF8, 0x00, 0x1C, 0xFF, 0xFF, 0xFF, 0xFF, 0xFE, 0xAF, 0xF8, 0x00, 0x01, 0xBF, 0xFF, 0xFF,
    0xFF, 0xD3, 0x8F, 0xF8, 0x00, 0x00, 0x05, 0xBE, 0xFE, 0xB7, 0x10, 0x8F, 0xF8, 0x00, 0x00, 0x00,
    0x00, 0x00, 0x00, 0x00, 0x8F, 0xF8, 0x00, 0x00, 0x00, 0x00, 0x00, 0x00, 0x00, 0x8F, 0xF8, 0x00,
    0x00, 0x00, 0x00, 0x00, 0x00, 0x00, 0x8F, 0xF8, 0x00, 0x00, 0x00, 0x00, 0x00, 0x00, 0x00, 0x8F,
    0xF8, 0x00, 0x00, 0x00, 0x00, 0x00, 0x00, 0x00, 0x8F, 0xF8, 0x00, 0x00, 0x00, 0x00, 0x00, 0x00,
    0x00, 0x8F, 0xF8, 0x00, 0x00, 0x00, 0x00, 0x00, 0x00, 0x00, 0x8F, 0xF8, 0xEF, 0xF2, 0x02, 0x8C,
    0xEF, 0xF0, 0xEF, 0xF2, 0x7F, 0xFF, 0xFF, 0xF0, 0xEF, 0xF9, 0xFF, 0xFF, 0xFF, 0xF0, 0xEF, 0xFF,
    0xFC, 0x51, 0x00, 0x00, 0xEF, 0xFF, 0xA0, 0x00, 0x00, 0x00, 0xEF, 0xFD, 0x10, 0x00, 0x00, 0x00,
    0xEF, 0xF8, 0x00, 0x00, 0x00, 0x00, 0xEF, 0xF4, 0x00, 0x00, 0x00, 0x00, 0xEF, 0xF3, 0x00, 0x00,
    0x00, 0x00, 0xEF, 0xF2, 0x00, 0x00, 0x00, 0x00, 0xEF, 0xF2, 0x00, 0x00, 0x00, 0x00, 0xEF, 0xF2,
    0x00, 0x00, 0x00, 0x00, 0xEF, 0xF2, 0x00, 0x00, 0x00, 0x00, 0xEF, 0xF2, 0x00, 0x00, 0x00, 0x00,
    0xEF, 0xF2, 0x00, 0x00, 0x00, 0x00, 0xEF, 0xF2, 0x00, 0x00, 0x00, 0x00, 0xEF, 0xF2, 0x00, 0x00,
    0x00, 0x00, 0xEF, 0xF2, 0x00, 0x00, 0x00, 0x00, 0xEF, 0xF2, 0x00, 0x00, 0x00, 0x00, 0x00, 0x01,
    0x7B, 0xDF, 0xFD, 0xCA, 0x62, 0x00, 0x00, 0x5E, 0xFF, 0xFF, 0xFF, 0xFF, 0xFF, 0x10, 0x04, 0xFF,
    0xFF, 0xFF, 0xFF, 0xFF, 0xFF, 0x10, 0x0B, 0xFF, 0xE6, 0x21, 0x01, 0x34, 0x9D, 0x10, 0x0F, 0xFF,
    0x30, 0x00, 0x00, 0x00, 0x00, 0x00, 0x0F, 0xFF, 0x00, 0x00, 0x00, 0x00, 0x00, 0x00, 0x0D, 0xFF,
    0x70, 0x00, 0x00, 0x00, 0x00, 0x00, 0x06, 0xFF, 0xFD, 0x85, 0x20, 0x00, 0x00, 0x00, 0x00, 0x7F,
    0xFF, 0xFF, 0xFE, 0xA4, 0x00, 0x00, 0x00, 0x02, 0x8C, 0xFF, 0xFF, 0xFF, 0xD3, 0x00, 0x00, 0x00,
    0x00, 0x14, 0x8C, 0xFF, 0xFE, 0x30, 0x00, 0x00, 0x00, 0x00, 0x00, 0x3D, 0xFF, 0xA0, 0x00, 0x00,
    0x00, 0x00, 0x00, 0x04, 0xFF, 0xE0, 0x00, 0x00, 0x00, 0x00, 0x00, 0x02, 0xFF, 0xF0, 0x2A, 0x20,
    0x00, 0x00, 0x00, 0x07, 0xFF, 0xE0, 0x2F, 0xFB, 0x63, 0x10, 0x14, 0x9F, 0xFF, 0x90, 0x2F, 0xFF,
    0xFF, 0xFF, 0xFF, 0xFF, 0xFE, 0x10, 0x05, 0xCF, 0xFF, 0xFF, 0xFF, 0xFF, 0xC2, 0x00, 0x00, 0x03,
    0x8C, 0xEF, 0xEC, 0x94, 0x00, 0x00, 0x00, 0x0D, 0xFF, 0x30, 0x00, 0x00, 0x00, 0x00, 0x0D, 0xFF,
    0x30, 0x00, 0x00, 0x00, 0x00, 0x0D, 0xFF, 0x30, 0x00, 0x00, 0x00, 0x00, 0x0D, 0xFF, 0x30, 0x00,
    0x00, 0x00, 0x00, 0x0D, 0xFF, 0x30, 0x00, 0x00, 0x00, 0x1F, 0xFF, 0xFF, 0xFF, 0xFF, 0xFF, 0x80,
    0x1F, 0xFF, 0xFF, 0xFF, 0xFF, 0xFF, 0x80, 0x1F, 0xFF, 0xFF, 0xFF, 0xFF, 0xFF, 0x80, 0x00, 0x0D,
    0xFF, 0x30, 0x00, 0x00, 0x00, 0x00, 0x0D, 0xFF, 0x30, 0x00, 0x00, 0x00, 0x00, 0x0D, 0xFF, 0x30,
    0x00, 0x00, 0x00, 0x00, 0x0D, 0xFF, 0x30, 0x00, 0x00, 0x00, 0x00, 0x0D, 0xFF, 0x30, 0x00, 0x00,
    0x00, 0x00, 0x0D, 0xFF, 0x30, 0x00, 0x00, 0x00, 0x00, 0x0D, 0xFF, 0x30, 0x00, 0x00, 0x00, 0x00,
    0x0D, 0xFF, 0x30, 0x00, 0x00, 0x00, 0x00, 0x0D, 0xFF, 0x30, 0x00, 0x00, 0x00, 0x00, 0x0D, 0xFF,
    0x30, 0x00, 0x00, 0x00, 0x00, 0x0C, 0xFF, 0x40, 0x00, 0x00, 0x00, 0x00, 0x0B, 0xFF, 0x60, 0x00,
    0x00, 0x00, 0x00, 0x08, 0xFF, 0xD4, 0x10, 0x00, 0x00, 0x00, 0x03, 0xFF, 0xFF, 0xFF, 0xFF, 0x80,
    0x00, 0x00, 0x8F, 0xFF, 0xFF, 0xFF, 0x80, 0x00, 0x00, 0x04, 0xAD, 0xEF, 0xFF, 0x80, 0x2F, 0xFE,
    0x00, 0x00, 0x00, 0x00, 0x09, 0xFF, 0x70, 0x2F, 0xFE, 0x00, 0x00, 0x00, 0x00, 0x09, 0xFF, 0x70,
    0x2F, 0xFE, 0x00, 0x00, 0x00, 0x00, 0x09, 0xFF, 0x70, 0x2F, 0xFE, 0x00, 0x00, 0x00, 0x00, 0x09,
    0xFF, 0x70, 0x2F, 0xFE, 0x00, 0x00, 0x00, 0x00, 0x09, 0xFF, 0x70, 0x2F, 0xFE, 0x00, 0x00, 0x00,
    0x00, 0x09, 0xFF, 0x70, 0x2F, 0xFE, 0x00, 0x00, 0x00, 0x00, 0x09, 0xFF, 0x70, 0x2F, 0xFE, 0x00,
    0x00, 0x00, 0x00, 0x09, 0xFF, 0x70, 0x2F, 0xFE, 0x00, 0x00, 0x00, 0x00, 0x09, 0xFF, 0x70, 0x2F,
    0xFE, 0x00, 0x00, 0x00, 0x00, 0x09, 0xFF, 0x70, 0x2F, 0xFE, 0x00, 0x00, 0x00, 0x00, 0x09, 0xFF,
    0x70, 0x1F, 0xFE, 0x00, 0x00, 0x00, 0x00, 0x0A, 0xFF, 0x70, 0x1F, 0xFF, 0x00, 0x00, 0x00, 0x00,
    0x0D, 0xFF, 0x70, 0x0E, 0xFF, 0x40, 0x00, 0x00, 0x00, 0x4F, 0xFF, 0x70, 0x0B, 0xFF, 0xB0, 0x00,
    0x00, 0x02, 0xDF, 0xFF, 0x70, 0x06, 0xFF, 0xFB, 0x31, 0x02, 0x7E, 0xFF, 0xFF, 0x70, 0x00, 0xCF,
    0xFF, 0xFF, 0xFF, 0xFF, 0xDA, 0xFF, 0x70, 0x00, 0x2D, 0xFF, 0xFF, 0xFF, 0xFC, 0x29, 0xFF, 0x70,
    0x00, 0x01, 0x7C, 0xEF, 0xDB, 0x60, 0x09, 0xFF, 0x70, 0xCF, 0xF6, 0x00, 0x00, 0x00, 0x00, 0x00,
    0x5F, 0xFE, 0x7F, 0xFC, 0x00, 0x00, 0x00, 0x00, 0x00, 0xAF, 0xF8, 0x1F, 0xFF, 0x20, 0x00, 0x00,
    0x00, 0x01, 0xFF, 0xF3, 0x0B, 0xFF, 0x80, 0x00, 0x00, 0x00, 0x06, 0xFF, 0xC0, 0x05, 0xFF, 0xD0,
    0x00, 0x00, 0x00, 0x0C, 0xFF, 0x70, 0x00, 0xEF, 0xF4, 0x00, 0x00, 0x00, 0x2F, 0xFF, 0x20, 0x00,
    0x9F, 0xF9, 0x00, 0x00, 0x00, 0x7F, 0xFB, 0x00, 0x00, 0x4F, 0xFE, 0x10, 0x00, 0x00, 0xDF, 0xF5,
    0x00, 0x00, 0x0D, 0xFF, 0x50, 0x00, 0x03, 0xFF, 0xE1, 0x00, 0x00, 0x08, 0xFF, 0xB0, 0x00, 0x09,
    0xFF, 0x90, 0x00, 0x00, 0x02, 0xFF, 0xF1, 0x00, 0x0E, 0xFF, 0x40, 0x00, 0x00, 0x00, 0xCF, 0xF7,
    0x00, 0x5F, 0xFD, 0x00, 0x00, 0x00, 0x00, 0x6F, 0xFC, 0x00, 0xAF, 0xF8, 0x00, 0x00, 0x00, 0x00,
    0x1F, 0xFF, 0x21, 0xFF, 0xF2, 0x00, 0x00, 0x00, 0x00, 0x0A, 0xFF, 0x86, 0xFF, 0xC0, 0x00, 0x00,
    0x00, 0x00, 0x05, 0xFF, 0xDC, 0xFF, 0x60, 0x00, 0x00, 0x00, 0x00, 0x00, 0xEF, 0xFF, 0xFF, 0x10,
    0x00, 0x00, 0x00, 0x00, 0x00, 0x9F, 0xFF, 0xFA, 0x00, 0x00, 0x00, 0x00, 0x00, 0x00, 0x3F, 0xFF,
    0xF5, 0x00, 0x00, 0x00, 0x7F, 0xF9, 0x00, 0x00, 0x00, 0x1F, 0xFF, 0xC0, 0x00, 0x00, 0x00, 0xCF,
    0xF4, 0x3F, 0xFD, 0x00, 0x00, 0x00, 0x4F, 0xFF, 0xF1, 0x00, 0x00, 0x01, 0xFF, 0xE0, 0x0E, 0xFF,
    0x20, 0x00, 0x00, 0x8F, 0xFF, 0xF5, 0x00, 0x00, 0x05, 0xFF, 0xB0, 0x0A, 0xFF, 0x60, 0x00, 0x00,
    0xCF, 0xEF, 0xF9, 0x00, 0x00, 0x09, 0xFF, 0x70, 0x06, 0xFF, 0xA0, 0x00, 0x01, 0xFF, 0x9C, 0xFD,
    0x00, 0x00, 0x0C, 0xFF, 0x30, 0x03, 0xFF, 0xD0, 0x00, 0x05, 0xFF, 0x68, 0xFF, 0x20, 0x00, 0x1F,
    0xFE, 0x00, 0x00, 0xEF, 0xF2, 0x00, 0x08, 0xFF, 0x25, 0xFF, 0x60, 0x00, 0x5F, 0xFB, 0x00, 0x00,
    0xAF, 0xF6, 0x00, 0x0C, 0xFD, 0x01, 0xFF, 0xA0, 0x00, 0x9F, 0xF7, 0x00, 0x00, 0x6F, 0xFA, 0x00,
    0x1F, 0xF9, 0x00, 0xCF, 0xD0, 0x00, 0xDF, 0xF3, 0x00, 0x00, 0x2F, 0xFE, 0x00, 0x5F, 0xF5, 0x00,
    0x8F, 0xF2, 0x02, 0xFF, 0xE0, 0x00, 0x00, 0x0D, 0xFF, 0x30, 0x9F, 0xF1, 0x00, 0x4F, 0xF6, 0x05,
    0xFF, 0xA0, 0x00, 0x00, 0x09, 0xFF, 0x70, 0xDF, 0xC0, 0x00, 0x1F, 0xFA, 0x09, 0xFF, 0x60, 0x00,
    0x00, 0x06, 0xFF, 0xA2, 0xFF, 0x80, 0x00, 0x0C, 0xFE, 0x0D, 0xFF, 0x30, 0x00, 0x00, 0x02, 0xFF,
    0xE6, 0xFF, 0x50, 0x00, 0x08, 0xFF, 0x5F, 0xFE, 0x00, 0x00, 0x00, 0x00, 0xDF, 0xFC, 0xFF, 0x10,
    0x00, 0x04, 0xFF, 0xCF, 0xFA, 0x00, 0x00, 0x00, 0x00, 0x9F, 0xFF, 0xFC, 0x00, 0x00, 0x00, 0xFF,
    0xFF, 0xF6, 0x00, 0x00, 0x00, 0x00, 0x5F, 0xFF, 0xF8, 0x00, 0x00, 0x00, 0xBF, 0xFF, 0xF2, 0x00,
    0x00, 0x00, 0x00, 0x1F, 0xFF, 0xF4, 0x00, 0x00, 0x00, 0x7F, 0xFF, 0xD0, 0x00, 0x00, 0x00, 0x00,
    0x0D, 0xFF, 0xF1, 0x00, 0x00, 0x00, 0x3F, 0xFF, 0xA0, 0x00, 0x00, 0x2E, 0xFF, 0x80, 0x00, 0x00,
    0x00, 0x05, 0xFF, 0xF4, 0x05, 0xFF, 0xF4, 0x00, 0x00, 0x00, 0x2E, 0xFF, 0x90, 0x00, 0x9F, 0xFE,
    0x10, 0x00, 0x00, 0xBF, 0xFC, 0x00, 0x00, 0x0C, 0xFF, 0xB0, 0x00, 0x08, 0xFF, 0xE2, 0x00, 0x00,
    0x02, 0xEF, 0xF7, 0x00, 0x4F, 0xFF, 0x60, 0x00, 0x00, 0x00, 0x6F, 0xFF, 0x31, 0xDF, 0xFA, 0x00,
    0x00, 0x00, 0x00, 0x0A, 0xFF, 0xDB, 0xFF, 0xD1, 0x00, 0x00, 0x00, 0x00, 0x01, 0xDF, 0xFF, 0xFF,
    0x30, 0x00, 0x00, 0x00, 0x00, 0x00, 0x3F, 0xFF, 0xF7, 0x00, 0x00, 0x00, 0x00, 0x00, 0x00, 0x2E,
    0xFF, 0xF3, 0x00, 0x00, 0x00, 0x00, 0x00, 0x00, 0xCF, 0xFF, 0xFC, 0x00, 0x00, 0x00, 0x00, 0x00,
    0x09, 0xFF, 0xEE, 0xFF, 0x90, 0x00, 0x00, 0x00, 0x00, 0x4F, 0xFF, 0x55, 0xFF, 0xF4, 0x00, 0x00,
    0x00, 0x02, 0xEF, 0xF9, 0x00, 0x9F, 0xFE, 0x20, 0x00, 0x00, 0x0B, 0xFF, 0xC0, 0x00, 0x0C, 0xFF,
    0xB0, 0x00, 0x00, 0x7F, 0xFE, 0x20, 0x00, 0x02, 0xEF, 0xF7, 0x00, 0x03, 0xFF, 0xF6, 0x00, 0x00,
    0x00, 0x6F, 0xFF, 0x30, 0x1D, 0xFF, 0xA0, 0x00, 0x00, 0x00, 0x0A, 0xFF, 0xD1, 0xAF, 0xFD, 0x10,
    0x00, 0x00, 0x00, 0x01, 0xDF, 0xFA, 0xCF, 0xF7, 0x00, 0x00, 0x00, 0x00, 0x00, 0x5F, 0xFD, 0x6F,
    0xFD, 0x00, 0x00, 0x00, 0x00, 0x00, 0xBF, 0xF8, 0x1E, 0xFF, 0x30, 0x00, 0x00, 0x00, 0x02, 0xFF,
    0xF2, 0x09, 0xFF, 0x90, 0x00, 0x00, 0x00, 0x07, 0xFF, 0xA0, 0x02, 0xFF, 0xE1, 0x00, 0x00, 0x00,
    0x0D, 0xFF, 0x40, 0x00, 0xBF, 0xF6, 0x00, 0x00, 0x00, 0x4F, 0xFD, 0x00, 0x00, 0x5F, 0xFC, 0x00,
    0x00, 0x00, 0xAF, 0xF7, 0x00, 0x00, 0x0E, 0xFF, 0x30, 0x00, 0x01, 0xFF, 0xF1, 0x00, 0x00, 0x08,
    0xFF, 0x90, 0x00, 0x07, 0xFF, 0xA0, 0x00, 0x00, 0x02, 0xFF, 0xE0, 0x00, 0x0D, 0xFF, 0x40, 0x00,
    0x00, 0x00, 0xBF, 0xF5, 0x00, 0x4F, 0xFD, 0x00, 0x00, 0x00, 0x00, 0x5F, 0xFB, 0x00, 0x9F, 0xF7,
    0x00, 0x00, 0x00, 0x00, 0x0E, 0xFF, 0x21, 0xEF, 0xF1, 0x00, 0x00, 0x00, 0x00, 0x08, 0xFF, 0x86,
    0xFF, 0xA0, 0x00, 0x00, 0x00, 0x00, 0x02, 0xFF, 0xEC, 0xFF, 0x40, 0x00, 0x00, 0x00, 0x00, 0x00,
    0xBF, 0xFF, 0xFD, 0x00, 0x00, 0x00, 0x00, 0x00, 0x00, 0x5F, 0xFF, 0xF7, 0x00, 0x00, 0x00, 0x00,
    0x00, 0x00, 0x0D, 0xFF, 0xF1, 0x00, 0x00, 0x00, 0x00, 0x00, 0x00, 0x09, 0xFF, 0x90, 0x00, 0x00,
    0x00, 0x00, 0x00, 0x00, 0x0D, 0xFF, 0x30, 0x00, 0x00, 0x00, 0x00, 0x00, 0x00, 0x4F, 0xFC, 0x00,
    0x00, 0x00, 0x00, 0x00, 0x00, 0x00, 0xCF, 0xF6, 0x00, 0x00, 0x00, 0x00, 0x00, 0x00, 0x2A, 0xFF,
    0xE1, 0x00, 0x00, 0x00, 0x00, 0x05, 0xFF, 0xFF, 0xFF, 0x70, 0x00, 0x00, 0x00, 0x00, 0x05, 0xFF,
    0xFF, 0xFB, 0x00, 0x00, 0x00, 0x00, 0x00, 0x05, 0xFF, 0xFD, 0x70, 0x00, 0x00, 0x00, 0x00, 0x00,
    0x2F, 0xFF, 0xFF, 0xFF, 0xFF, 0xFF, 0xFF, 0xF6, 0x2F, 0xFF, 0xFF, 0xFF, 0xFF, 0xFF, 0xFF, 0xF6,
    0x2F, 0xFF, 0xFF, 0xFF, 0xFF, 0xFF, 0xFF, 0xF5, 0x00, 0x00, 0x00, 0x00, 0x00, 0x07, 0xFF, 0xB0,
    0x00, 0x00, 0x00, 0x00, 0x00, 0x5F, 0xFC, 0x10, 0x00, 0x00, 0x00, 0x00, 0x04, 0xFF, 0xE2, 0x00,
    0x00, 0x00, 0x00, 0x00, 0x2E, 0xFE, 0x30, 0x00, 0x00, 0x00, 0x00, 0x01, 0xDF, 0xF4, 0x00, 0x00,
    0x00, 0x00, 0x00, 0x1C, 0xFF, 0x60, 0x00, 0x00, 0x00, 0x00, 0x00, 0xAF, 0xF8, 0x00, 0x00, 0x00,
    0x00, 0x00, 0x08, 0xFF, 0xA0, 0x00, 0x00, 0x00, 0x00, 0x00, 0x6F, 0xFC, 0x00, 0x00, 0x00, 0x00,
    0x00, 0x05, 0xFF, 0xD1, 0x00, 0x00, 0x00, 0x00, 0x00, 0x3E, 0xFE, 0x20, 0x00, 0x00, 0x00, 0x00,
    0x02, 0xEF, 0xF3, 0x00, 0x00, 0x00, 0x00, 0x00, 0x1C, 0xFF, 0x50, 0x00, 0x00, 0x00, 0x00, 0x00,
    0x8F, 0xFF, 0xFF, 0xFF, 0xFF, 0xFF, 0xFF, 0xF6, 0x8F, 0xFF, 0xFF, 0xFF, 0xFF, 0xFF, 0xFF, 0xF6,
    0x8F, 0xFF, 0xFF, 0xFF, 0xFF, 0xFF, 0xFF, 0xF6, 0x00, 0x00, 0x00, 0x02, 0x8C, 0xEE, 0xF6, 0x00,
    0x00, 0x00, 0x5F, 0xFF, 0xFF, 0xF6, 0x00, 0x00, 0x01, 0xEF, 0xFF, 0xFF, 0xF6, 0x00, 0x00, 0x04,
    0xFF, 0xF8, 0x20, 0x00, 0x00, 0x00, 0x07, 0xFF, 0xB0, 0x00, 0x00, 0x00, 0x00, 0x08, 0xFF, 0x80,
    0x00, 0x00, 0x00, 0x00, 0x09, 0xFF, 0x70, 0x00, 0x00, 0x00, 0x00, 0x09, 0xFF, 0x70, 0x00, 0x00,
    0x00, 0x00, 0x09, 0xFF, 0x70, 0x00, 0x00, 0x00, 0x00, 0x09, 0xFF, 0x70, 0x00, 0x00, 0x00, 0x00,
    0x09, 0xFF, 0x70, 0x00, 0x00, 0x00, 0x00, 0x0B, 0xFF, 0x60, 0x00, 0x00, 0x00, 0x00, 0x2F, 0xFF,
    0x40, 0x00, 0x00, 0x00, 0x15, 0xCF, 0xFE, 0x00, 0x00, 0x00, 0xBF, 0xFF, 0xFF, 0xE4, 0x00, 0x00,
    0x00, 0xBF, 0xFF, 0xFC, 0x20, 0x00, 0x00, 0x00, 0xBF, 0xFF, 0xFF, 0xE3, 0x00, 0x00, 0x00, 0x00,
    0x15, 0xDF, 0xFD, 0x00, 0x00, 0x00, 0x00, 0x00, 0x2F, 0xFF, 0x40, 0x00, 0x00, 0x00, 0x00, 0x0C,
    0xFF, 0x60, 0x00, 0x00, 0x00, 0x00, 0x0A, 0xFF, 0x70, 0x00, 0x00, 0x00, 0x00, 0x09, 0xFF, 0x70,
    0x00, 0x00, 0x00, 0x00, 0x09, 0xFF, 0x70, 0x00, 0x00, 0x00, 0x00, 0x09, 0xFF, 0x70, 0x00, 0x00,
    0x00, 0x00, 0x09, 0xFF, 0x70, 0x00, 0x00, 0x00, 0x00, 0x08, 0xFF, 0x80, 0x00, 0x00, 0x00, 0x00,
    0x07, 0xFF, 0xB0, 0x00, 0x00, 0x00, 0x00, 0x04, 0xFF, 0xF7, 0x20, 0x00, 0x00, 0x00, 0x01, 0xEF,
    0xFF, 0xFF, 0xF6, 0x00, 0x00, 0x00, 0x5F, 0xFF, 0xFF, 0xF6, 0x00, 0x00, 0x00, 0x02, 0x8C, 0xEF,
    0xF6, 0xAF, 0xF2, 0xAF, 0xF2, 0xAF, 0xF2, 0xAF, 0xF2, 0xAF, 0xF2, 0xAF, 0xF2, 0xAF, 0xF2, 0xAF,
    0xF2, 0xAF, 0xF2, 0xAF, 0xF2, 0xAF, 0xF2, 0xAF, 0xF2, 0xAF, 0xF2, 0xAF, 0xF2, 0xAF, 0xF2, 0xAF,
    0xF2, 0xAF, 0xF2, 0xAF, 0xF2, 0xAF, 0xF2, 0xAF, 0xF2, 0xAF, 0xF2, 0xAF, 0xF2, 0xAF, 0xF2, 0xAF,
    0xF2, 0xAF, 0xF2, 0xAF, 0xF2, 0xAF, 0xF2, 0xAF, 0xF2, 0xAF, 0xF2, 0xAF, 0xF2, 0xAF, 0xF2, 0xAF,
    0xF2, 0xAF, 0xF2, 0xAF, 0xF2, 0xBF, 0xED, 0xB6, 0x10, 0x00, 0x00, 0x00, 0xBF, 0xFF, 0xFF, 0xD1,
    0x00, 0x00, 0x00, 0xBF, 0xFF, 0xFF, 0xF9, 0x00, 0x00, 0x00, 0x00, 0x13, 0xBF, 0xFE, 0x00, 0x00,
    0x00, 0x00, 0x00, 0x2F, 0xFF, 0x10, 0x00, 0x00, 0x00, 0x00, 0x0E, 0xFF, 0x20, 0x00, 0x00, 0x00,
    0x00, 0x0D, 0xFF, 0x30, 0x00, 0x00, 0x00, 0x00, 0x0D, 0xFF, 0x30, 0x00, 0x00, 0x00, 0x00, 0x0D,
    0xFF, 0x30, 0x00, 0x00, 0x00, 0x00, 0x0D, 0xFF, 0x30, 0x00, 0x00, 0x00, 0x00, 0x0D, 0xFF, 0x30,
    0x00, 0x00, 0x00, 0x00, 0x0C, 0xFF, 0x50, 0x00, 0x00, 0x00, 0x00, 0x0A, 0xFF, 0xA0, 0x00, 0x00,
    0x00, 0x00, 0x05, 0xFF, 0xF9, 0x31, 0x00, 0x00, 0x00, 0x00, 0x9F, 0xFF, 0xFF, 0xF6, 0x00, 0x00,
    0x00, 0x05, 0xEF, 0xFF, 0xF6, 0x00, 0x00, 0x00, 0x8F, 0xFF, 0xFF, 0xF6, 0x00, 0x00, 0x04, 0xFF,
    0xFA, 0x31, 0x00, 0x00, 0x00, 0x09, 0xFF, 0xB0, 0x00, 0x00, 0x00, 0x00, 0x0C, 0xFF, 0x60, 0x00,
    0x00, 0x00, 0x00, 0x0D, 0xFF, 0x40, 0x00, 0x00, 0x00, 0x00, 0x0D, 0xFF, 0x30, 0x00, 0x00, 0x00,
    0x00, 0x0D, 0xFF, 0x30, 0x00, 0x00, 0x00, 0x00, 0x0D, 0xFF, 0x30, 0x00, 0x00, 0x00, 0x00, 0x0D,
    0xFF, 0x30, 0x00, 0x00, 0x00, 0x00, 0x0E, 0xFF, 0x20, 0x00, 0x00, 0x00, 0x00, 0x2F, 0xFF, 0x10,
    0x00, 0x00, 0x00, 0x13, 0xBF, 0xFE, 0x00, 0x00, 0x00, 0xBF, 0xFF, 0xFF, 0xF9, 0x00, 0x00, 0x00,
    0xBF, 0xFF, 0xFF, 0xD1, 0x00, 0x00, 0x00, 0xBF, 0xED, 0xB6, 0x10, 0x00, 0x00, 0x00, 0x00, 0x00,
    0x00, 0x00, 0x00, 0x00, 0x00, 0x00, 0x00, 0x00, 0x02, 0x00, 0x04, 0x9D, 0xEE, 0xC9, 0x51, 0x00,
    0x00, 0x00, 0x00, 0x7D, 0x03, 0xCF, 0xFF, 0xFF, 0xFF, 0xFE, 0xA6, 0x20, 0x13, 0x7D, 0xFD, 0x4F,
    0xFF, 0xFF, 0xFF, 0xFF, 0xFF, 0xFF, 0xFF, 0xFF, 0xFF, 0xFB, 0x6F, 0xFB, 0x52, 0x01, 0x48, 0xDF,
    0xFF, 0xFF, 0xFF, 0xFE, 0x80, 0x6D, 0x40, 0x00, 0x00, 0x00, 0x03, 0x7B, 0xDF, 0xEB, 0x71, 0x00,
    0x31, 0x00, 0x00, 0x00, 0x00, 0x00, 0x00, 0x00, 0x00, 0x00, 0x00, 0xDF, 0xF8, 0xDF, 0xF8, 0xDF,
    0xF8, 0xDF, 0xF8, 0x00, 0x00, 0x00, 0x00, 0x00, 0x00, 0x00, 0x00, 0x8F, 0xF3, 0x9F, 0xF4, 0xAF,
    0xF5, 0xBF, 0xF5, 0xCF, 0xF6, 0xDF, 0xF7, 0xDF, 0xF8, 0xDF, 0xF8, 0xDF, 0xF8, 0xDF, 0xF8, 0xDF,
    0xF8, 0xDF, 0xF8, 0xDF, 0xF8, 0xDF, 0xF8, 0xDF, 0xF8, 0xDF, 0xF8, 0xDF, 0xF8, 0x00, 0x00, 0x00,
    0x00, 0x0B, 0xE0, 0x00, 0x00, 0x00, 0x00, 0x00, 0x00, 0x0B, 0xE0, 0x00, 0x00, 0x00, 0x00, 0x00,
    0x00, 0x0B, 0xE0, 0x00, 0x00, 0x00, 0x00, 0x00, 0x00, 0x0B, 0xE0, 0x00, 0x00, 0x00, 0x00, 0x00,
    0x00, 0x0B, 0xF0, 0x00, 0x00, 0x00, 0x00, 0x01, 0x6A, 0xDF, 0xFE, 0xC9, 0x51, 0x00, 0x00, 0x6E,
    0xFF, 0xFF, 0xFF, 0xFF, 0xF9, 0x00, 0x09, 0xFF, 0xFF, 0xFF, 0xFF, 0xFF, 0xF9, 0x00, 0x6F, 0xFF,
    0xE8, 0x3C, 0xF1, 0x36, 0xA8, 0x01, 0xEF, 0xFD, 0x20, 0x0B, 0xF0, 0x00, 0x00, 0x07, 0xFF, 0xF2,
    0x00, 0x0B, 0xF0, 0x00, 0x00, 0x0C, 0xFF, 0x90, 0x00, 0x0B, 0xE0, 0x00, 0x00, 0x0F, 0xFF, 0x50,
    0x00, 0x0B, 0xE0, 0x00, 0x00, 0x1F, 0xFF, 0x20, 0x00, 0x0B, 0xE0, 0x00, 0x00, 0x2F, 0xFF, 0x20,
    0x00, 0x0B, 0xE0, 0x00, 0x00, 0x1F, 0xFF, 0x20, 0x00, 0x0B, 0xE0, 0x00, 0x00, 0x0F, 0xFF, 0x50,
    0x00, 0x0B, 0xE0, 0x00, 0x00, 0x0C, 0xFF, 0x90, 0x00, 0x0B, 0xE0, 0x00, 0x00, 0x07, 0xFF, 0xF2,
    0x00, 0x0B, 0xE0, 0x00, 0x00, 0x01, 0xFF, 0xFD, 0x20, 0x0B, 0xE0, 0x00, 0x00, 0x00, 0x7F, 0xFF,
    0xE7, 0x3C, 0xE1, 0x36, 0xA8, 0x00, 0x09, 0xFF, 0xFF, 0xFF, 0xFF, 0xFF, 0xF9, 0x00, 0x00, 0x6E,
    0xFF, 0xFF, 0xFF, 0xFF, 0xF9, 0x00, 0x00, 0x01, 0x6B, 0xDF, 0xFF, 0xDA, 0x51, 0x00, 0x00, 0x00,
    0x00, 0x0B, 0xE0, 0x00, 0x00, 0x00, 0x00, 0x00, 0x00, 0x0B, 0xE0, 0x00, 0x00, 0x00, 0x00, 0x00,
    0x00, 0x0B, 0xE0, 0x00, 0x00, 0x00, 0x00, 0x00, 0x00, 0x0B, 0xE0, 0x00, 0x00, 0x00, 0x00, 0x00,
    0x00, 0x0B, 0xE0, 0x00, 0x00, 0x00, 0x00, 0x00, 0x03, 0x9C, 0xEF, 0xEC, 0x83, 0x00, 0x00, 0x00,
    0x00, 0x9F, 0xFF, 0xFF, 0xFF, 0xFF, 0x40, 0x00, 0x00, 0x08, 0xFF, 0xFF, 0xFF, 0xFF, 0xFF, 0x40,
    0x00, 0x00, 0x2F, 0xFF, 0xE6, 0x20, 0x13, 0x7B, 0x40, 0x00, 0x00, 0x7F, 0xFF, 0x20, 0x00, 0x00,
    0x00, 0x00, 0x00, 0x00, 0xAF, 0xFB, 0x00, 0x00, 0x00, 0x00, 0x00, 0x00, 0x00, 0xDF, 0xF8, 0x00,
    0x00, 0x00, 0x00, 0x00, 0x00, 0x00, 0xEF, 0xF6, 0x00, 0x00, 0x00, 0x00, 0x00, 0x00, 0x00, 0xEF,
    0xF6, 0x00, 0x00, 0x00, 0x00, 0x00, 0x00, 0x00, 0xEF, 0xF6, 0x00, 0x00, 0x00, 0x00, 0x00, 0x00,
    0x00, 0xEF, 0xF6, 0x00, 0x00, 0x00, 0x00, 0x00, 0x00, 0x00, 0xEF, 0xF6, 0x00, 0x00, 0x00, 0x00,
    0x00, 0x4F, 0xFF, 0xFF, 0xFF, 0xFF, 0xFF, 0xFD, 0x00, 0x00, 0x4F, 0xFF, 0xFF, 0xFF, 0xFF, 0xFF,
    0xFD, 0x00, 0x00, 0x4F, 0xFF, 0xFF, 0xFF, 0xFF, 0xFF, 0xFD, 0x00, 0x00, 0x00, 0x00, 0xEF, 0xF6,
    0x00, 0x00, 0x00, 0x00, 0x00, 0x00, 0x00, 0xEF, 0xF6, 0x00, 0x00, 0x00, 0x00, 0x00, 0x00, 0x00,
    0xEF, 0xF6, 0x00, 0x00, 0x00, 0x00, 0x00, 0x00, 0x00, 0xEF, 0xF6, 0x00, 0x00, 0x00, 0x00, 0x00,
    0x00, 0x00, 0xEF, 0xF6, 0x00, 0x00, 0x00, 0x00, 0x00, 0x00, 0x00, 0xEF, 0xF6, 0x00, 0x00, 0x00,
    0x00, 0x00, 0x00, 0x00, 0xEF, 0xF6, 0x00, 0x00, 0x00, 0x00, 0x00, 0xDF, 0xFF, 0xFF, 0xFF, 0xFF,
    0xFF, 0xFF, 0xFF, 0x90, 0xDF, 0xFF, 0xFF, 0xFF, 0xFF, 0xFF, 0xFF, 0xFF, 0x90, 0xDF, 0xFF, 0xFF,
    0xFF, 0xFF, 0xFF, 0xFF, 0xFF, 0x90, 0x02, 0xB2, 0x00, 0x00, 0x00, 0x00, 0x00, 0x00, 0x5B, 0x10,
    0x2E, 0xFD, 0x20, 0x00, 0x00, 0x00, 0x00, 0x05, 0xFF, 0xC0, 0x0B, 0xFF, 0xD2, 0x17, 0xCF, 0xEB,
    0x50, 0x5F, 0xFF, 0x60, 0x01, 0xBF, 0xFD, 0xDF, 0xFF, 0xFF, 0xFC, 0xFF, 0xF7, 0x00, 0x00, 0x1C,
    0xFF, 0xFF, 0xFF, 0xFF, 0xFF, 0xFF, 0x80, 0x00, 0x00, 0x02, 0xFF, 0xF9, 0x30, 0x14, 0xCF, 0xFD,
    0x00, 0x00, 0x00, 0x09, 0xFF, 0x50, 0x00, 0x00, 0x0A, 0xFF, 0x50, 0x00, 0x00, 0x1F, 0xFA, 0x00,
    0x00, 0x00, 0x01, 0xEF, 0xA0, 0x00, 0x00, 0x3F, 0xF6, 0x00, 0x00, 0x00, 0x00, 0xBF, 0xD0, 0x00,
    0x00, 0x3F, 0xF6, 0x00, 0x00, 0x00, 0x00, 0xBF, 0xD0, 0x00, 0x00, 0x0E, 0xFA, 0x00, 0x00, 0x00,
    0x01, 0xEF, 0xA0, 0x00, 0x00, 0x09, 0xFF, 0x50, 0x00, 0x00, 0x0A, 0xFF, 0x40, 0x00, 0x00, 0x03,
    0xFF, 0xF9, 0x30, 0x14, 0xCF, 0xFC, 0x00, 0x00, 0x00, 0x1C, 0xFF, 0xFF, 0xFF, 0xFF, 0xFF, 0xFF,
    0x80, 0x00, 0x01, 0xCF, 0xFD, 0xEF, 0xFF, 0xFF, 0xFB, 0xFF, 0xF7, 0x00, 0x0B, 0xFF, 0xD2, 0x17,
    0xCF, 0xEB, 0x50, 0x4F, 0xFF, 0x60, 0x3E, 0xFD, 0x20, 0x00, 0x00, 0x00, 0x00, 0x04, 0xFF, 0xB0,
    0x03, 0xB1, 0x00, 0x00, 0x00, 0x00, 0x00, 0x00, 0x49, 0x00, 0x6F, 0xFC, 0x00, 0x00, 0x00, 0x00,
    0x00, 0x03, 0xFF, 0xE1, 0x0D, 0xFF, 0x50, 0x00, 0x00, 0x00, 0x00, 0x0B, 0xFF, 0x70, 0x05, 0xFF,
    0xC0, 0x00, 0x00, 0x00, 0x00, 0x4F, 0xFD, 0x00, 0x00, 0xCF, 0xF6, 0x00, 0x00, 0x00, 0x00, 0xCF,
    0xF6, 0x00, 0x00, 0x4F, 0xFD, 0x00, 0x00, 0x00, 0x05, 0xFF, 0xD0, 0x00, 0x00, 0x0B, 0xFF, 0x70,
    0x00, 0x00, 0x0C, 0xFF, 0x50, 0x00, 0x00, 0x03, 0xFF, 0xE1, 0x00, 0x00, 0x5F, 0xFC, 0x00, 0x00,
    0x00, 0x00, 0xAF, 0xF7, 0x00, 0x00, 0xDF, 0xF4, 0x00, 0x00, 0x00, 0x00, 0x3F, 0xFE, 0x10, 0x06,
    0xFF, 0xB0, 0x00, 0x00, 0x00, 0x00, 0x0A, 0xFF, 0x80, 0x1E, 0xFF, 0x30, 0x00, 0x00, 0x0C, 0xFF,
    0xFF, 0xFF, 0xF2, 0x7F, 0xFF, 0xFF, 0xFF, 0x50, 0x0C, 0xFF, 0xFF, 0xFF, 0xFA, 0xEF, 0xFF, 0xFF,
    0xFF, 0x50, 0x00, 0x00, 0x00, 0x1D, 0xFF, 0xFF, 0x80, 0x00, 0x00, 0x00, 0x00, 0x00, 0x00, 0x05,
    0xFF, 0xFD, 0x10, 0x00, 0x00, 0x00, 0x00, 0x00, 0x00, 0x00, 0xDF, 0xF7, 0x00, 0x00, 0x00, 0x00,
    0x0C, 0xFF, 0xFF, 0xFF, 0xFF, 0xFF, 0xFF, 0xFF, 0xFF, 0x50, 0x0C, 0xFF, 0xFF, 0xFF, 0xFF, 0xFF,
    0xFF, 0xFF, 0xFF, 0x50, 0x00, 0x00, 0x00, 0x00, 0xDF, 0xF7, 0x00, 0x00, 0x00, 0x00, 0x00, 0x00,
    0x00, 0x00, 0xDF, 0xF7, 0x00, 0x00, 0x00, 0x00, 0x00, 0x00, 0x00, 0x00, 0xDF, 0xF7, 0x00, 0x00,
    0x00, 0x00, 0x00, 0x00, 0x00, 0x00, 0xDF, 0xF7, 0x00, 0x00, 0x00, 0x00, 0x00, 0x00, 0x00, 0x00,
    0xDF, 0xF7, 0x00, 0x00, 0x00, 0x00, 0x00, 0x00, 0x00, 0x00, 0xDF, 0xF7, 0x00, 0x00, 0x00, 0x00,
    0x00, 0x00, 0x00, 0x00, 0xDF, 0xF7, 0x00, 0x00, 0x00, 0x00, 0x00, 0x00, 0x00, 0x00, 0xDF, 0xF7,
    0x00, 0x00, 0x00, 0x00, 0xAF, 0xF2, 0xAF, 0xF2, 0xAF, 0xF2, 0xAF, 0xF2, 0xAF, 0xF2, 0xAF, 0xF2,
    0xAF, 0xF2, 0xAF, 0xF2, 0xAF, 0xF2, 0xAF, 0xF2, 0xAF, 0xF2, 0xAF, 0xF2, 0xAF, 0xF2, 0x00, 0x00,
    0x00, 0x00, 0x00, 0x00, 0x00, 0x00, 0xAF, 0xF2, 0xAF, 0xF2, 0xAF, 0xF2, 0xAF, 0xF2, 0xAF, 0xF2,
    0xAF, 0xF2, 0xAF, 0xF2, 0xAF, 0xF2, 0xAF, 0xF2, 0xAF, 0xF2, 0xAF, 0xF2, 0xAF, 0xF2, 0xAF, 0xF2,
    0x00, 0x00, 0x6B, 0xEF, 0xEC, 0xA5, 0x10, 0x00, 0x00, 0x1C, 0xFF, 0xFF, 0xFF, 0xFF, 0xC0, 0x00,
    0x00, 0xBF, 0xFC, 0x41, 0x14, 0xAF, 0xC0, 0x00, 0x03, 0xFF, 0xE1, 0x00, 0x00, 0x03, 0x90, 0x00,
    0x05, 0xFF, 0xB0, 0x00, 0x00, 0x00, 0x00, 0x00, 0x05, 0xFF, 0xD1, 0x00, 0x00, 0x00, 0x00, 0x00,
    0x01, 0xFF, 0xFA, 0x00, 0x00, 0x00, 0x00, 0x00, 0x00, 0x7F, 0xFF, 0xB2, 0x00, 0x00, 0x00, 0x00,
    0x00, 0x0B, 0xFF, 0xFE, 0x60, 0x00, 0x00, 0x00, 0x00, 0xAF, 0xFD, 0xFF, 0xFD, 0x40, 0x00, 0x00,
    0x0A, 0xFF, 0x50, 0x5D, 0xFF, 0xFA, 0x10, 0x00, 0x3F, 0xF8, 0x00, 0x00, 0x7E, 0xFF, 0xD2, 0x00,
    0x6F, 0xF4, 0x00, 0x00, 0x02, 0xCF, 0xFC, 0x00, 0x6F, 0xF7, 0x00, 0x00, 0x00, 0x1D, 0xFF, 0x40,
    0x3F, 0xFE, 0x30, 0x00, 0x00, 0x05, 0xFF, 0x60, 0x0A, 0xFF, 0xE6, 0x00, 0x00, 0x05, 0xFF, 0x50,
    0x00, 0xAF, 0xFF, 0xB3, 0x00, 0x0B, 0xFE, 0x10, 0x00, 0x06, 0xEF, 0xFF, 0xA3, 0xAF, 0xF5, 0x00,
    0x00, 0x00, 0x18, 0xFF, 0xFF, 0xFE, 0x50, 0x00, 0x00, 0x00, 0x00, 0x2C, 0xFF, 0xFB, 0x10, 0x00,
    0x00, 0x00, 0x00, 0x00, 0x8F, 0xFF, 0x90, 0x00, 0x00, 0x00, 0x00, 0x00, 0x07, 0xFF, 0xF2, 0x00,
    0x00, 0x00, 0x00, 0x00, 0x00, 0xDF, 0xF5, 0x00, 0x00, 0x00, 0x00, 0x00, 0x00, 0xCF, 0xF4, 0x00,
    0x02, 0x91, 0x00, 0x00, 0x02, 0xEF, 0xF1, 0x00, 0x02, 0xFE, 0x83, 0x11, 0x5D, 0xFF, 0x90, 0x00,
    0x02, 0xFF, 0xFF, 0xFF, 0xFF, 0xFA, 0x00, 0x00, 0x00, 0x37, 0xBD, 0xEF, 0xDA, 0x40, 0x00, 0x00,
    0x7F, 0xFE, 0x00, 0x0E, 0xFF, 0x70, 0x7F, 0xFE, 0x00, 0x0E, 0xFF, 0x70, 0x7F, 0xFE, 0x00, 0x0E,
    0xFF, 0x70, 0x00, 0x00, 0x00, 0x00, 0x27, 0xBD, 0xEE, 0xDB, 0x72, 0x00, 0x00, 0x00, 0x00, 0x00,
    0x00, 0x00, 0x29, 0xFF, 0xFF, 0xFF, 0xFF, 0xFF, 0x92, 0x00, 0x00, 0x00, 0x00, 0x00, 0x05, 0xEF,
    0xE9, 0x52, 0x11, 0x25, 0x9E, 0xFE, 0x50, 0x00, 0x00, 0x00, 0x00, 0x7F, 0xF8, 0x10, 0x00, 0x00,
    0x00, 0x01, 0x8F, 0xF7, 0x00, 0x00, 0x00, 0x06, 0xFE, 0x40, 0x00, 0x00, 0x00, 0x00, 0x00, 0x04,
    0xEF, 0x50, 0x00, 0x00, 0x3F, 0xE3, 0x00, 0x02, 0x8C, 0xEF, 0xEC, 0x72, 0x00, 0x3E, 0xF3, 0x00,
    0x00, 0xBF, 0x50, 0x00, 0x9F, 0xFF, 0xFF, 0xFF, 0xFF, 0x00, 0x05, 0xFB, 0x00, 0x04, 0xFB, 0x00,
    0x0A, 0xFF, 0xD5, 0x20, 0x23, 0x7C, 0x00, 0x00, 0xBF, 0x40, 0x09, 0xF3, 0x00, 0x6F, 0xFB, 0x10,
    0x00, 0x00, 0x00, 0x00, 0x00, 0x3F, 0x90, 0x0E, 0xD0, 0x00, 0xDF, 0xE1, 0x00, 0x00, 0x00, 0x00,
    0x00, 0x00, 0x0D, 0xE0, 0x2F, 0x90, 0x02, 0xFF, 0xA0, 0x00, 0x00, 0x00, 0x00, 0x00, 0x00, 0x09,
    0xF2, 0x3F, 0x70, 0x04, 0xFF, 0x70, 0x00, 0x00, 0x00, 0x00, 0x00, 0x00, 0x07, 0xF3, 0x4F, 0x60,
    0x05, 0xFF, 0x60, 0x00, 0x00, 0x00, 0x00, 0x00, 0x00, 0x06, 0xF4, 0x3F, 0x70, 0x04, 0xFF, 0x70,
    0x00, 0x00, 0x00, 0x00, 0x00, 0x00, 0x07, 0xF3, 0x2F, 0x90, 0x02, 0xFF, 0xA0, 0x00, 0x00, 0x00,
    0x00, 0x00, 0x00, 0x09, 0xF2, 0x0E, 0xD0, 0x00, 0xCF, 0xE1, 0x00, 0x00, 0x00, 0x00, 0x00, 0x00,
    0x0D, 0xE0, 0x0A, 0xF3, 0x00, 0x5F, 0xFB, 0x10, 0x00, 0x00, 0x00, 0x00, 0x00, 0x3F, 0x90, 0x04,
    0xFB, 0x00, 0x0A, 0xFF, 0xD6, 0x20, 0x13, 0x6C, 0x00, 0x00, 0xBF, 0x40, 0x00, 0xBF, 0x50, 0x00,
    0x9F, 0xFF, 0xFF, 0xFF, 0xFF, 0x00, 0x05, 0xFB, 0x00, 0x00, 0x3F, 0xE3, 0x00, 0x03, 0x9C, 0xEF,
    0xDC, 0x83, 0x00, 0x3E, 0xF3, 0x00, 0x00, 0x06, 0xFE, 0x40, 0x00, 0x00, 0x00, 0x00, 0x00, 0x04,
    0xEF, 0x50, 0x00, 0x00, 0x00, 0x7F, 0xF9, 0x10, 0x00, 0x00, 0x00, 0x01, 0x8F, 0xF7, 0x00, 0x00,
    0x00, 0x00, 0x05, 0xEF, 0xE9, 0x52, 0x11, 0x25, 0x9E, 0xFE, 0x50, 0x00, 0x00, 0x00, 0x00, 0x00,
    0x2A, 0xFF, 0xFF, 0xFF, 0xFF, 0xFF, 0xA2, 0x00, 0x00, 0x00, 0x00, 0x00, 0x00, 0x00, 0x27, 0xBD,
    0xEE, 0xDB, 0x72, 0x00, 0x00, 0x00, 0x00, 0x00, 0x37, 0xBD, 0xFE, 0xC8, 0x20, 0x00, 0x01, 0xFF,
    0xFF, 0xFF, 0xFF, 0xE4, 0x00, 0x01, 0xC7, 0x31, 0x02, 0x6D, 0xFE, 0x10, 0x00, 0x00, 0x00, 0x00,
    0x03, 0xFF, 0x50, 0x00, 0x00, 0x00, 0x00, 0x00, 0xDF, 0x90, 0x00, 0x05, 0xAD, 0xEF, 0xFF, 0xFF,
    0xA0, 0x01, 0xBF, 0xFF, 0xFF, 0xFF, 0xFF, 0xB0, 0x09, 0xFF, 0x93, 0x10, 0x00, 0xCF, 0xB0, 0x0E,
    0xF9, 0x00, 0x00, 0x00, 0xDF, 0xB0, 0x1F, 0xF6, 0x00, 0x00, 0x02, 0xFF, 0xB0, 0x0F, 0xF9, 0x00,
    0x00, 0x0A, 0xFF, 0xB0, 0x0B, 0xFF, 0x72, 0x03, 0xAF, 0xFF, 0xB0, 0x03, 0xEF, 0xFF, 0xFF, 0xF8,
    0xCF, 0xB0, 0x00, 0x2A, 0xEF, 0xEA, 0x40, 0xCF, 0xB0, 0x00, 0x00, 0x00, 0x00, 0x00, 0x00, 0x00,
    0x00, 0x00, 0x00, 0x00, 0x00, 0x00, 0x00, 0x0A, 0xFF, 0xFF, 0xFF, 0xFF, 0xFF, 0xB0, 0x0A, 0xFF,
    0xFF, 0xFF, 0xFF, 0xFF, 0xB0, 0x00, 0x00, 0x00, 0x04, 0x50, 0x00, 0x00, 0x27, 0x00, 0x00, 0x00,
    0x5F, 0x60, 0x00, 0x03, 0xE9, 0x00, 0x00, 0x07, 0xFF, 0x60, 0x00, 0x4E, 0xF9, 0x00, 0x00, 0x9F,
    0xFD, 0x20, 0x06, 0xFF, 0xE4, 0x00, 0x1A, 0xFF, 0xB1, 0x00, 0x8F, 0xFD, 0x20, 0x01, 0xCF, 0xFA,
    0x00, 0x0A, 0xFF, 0xC1, 0x00, 0x2D, 0xFF, 0x80, 0x01, 0xBF, 0xFB, 0x10, 0x00, 0x6F, 0xFA, 0x00,
    0x03, 0xFF, 0xD0, 0x00, 0x00, 0x2D, 0xFF, 0x80, 0x01, 0xBF, 0xFB, 0x10, 0x00, 0x01, 0xCF, 0xFA,
    0x00, 0x0A, 0xFF, 0xC1, 0x00, 0x00, 0x1A, 0xFF, 0xB1, 0x00, 0x8F, 0xFD, 0x20, 0x00, 0x00, 0x9F,
    0xFD, 0x20, 0x06, 0xFF, 0xE4, 0x00, 0x00, 0x07, 0xFF, 0x60, 0x00, 0x4E, 0xF9, 0x00, 0x00, 0x00,
    0x5F, 0x60, 0x00, 0x03, 0xE9, 0x00, 0x00, 0x00, 0x04, 0x50, 0x00, 0x00, 0x27, 0x6F, 0xFF, 0xFF,
    0xFF, 0xFF, 0xFF, 0xFF, 0xFF, 0xFF, 0xFF, 0xFD, 0x6F, 0xFF, 0xFF, 0xFF, 0xFF, 0xFF, 0xFF, 0xFF,
    0xFF, 0xFF, 0xFD, 0x6F, 0xFF, 0xFF, 0xFF, 0xFF, 0xFF, 0xFF, 0xFF, 0xFF, 0xFF, 0xFD, 0x00, 0x00,
    0x00, 0x00, 0x00, 0x00, 0x00, 0x00, 0x00, 0x0E, 0xFD, 0x00, 0x00, 0x00, 0x00, 0x00, 0x00, 0x00,
    0x00, 0x00, 0x0E, 0xFD, 0x00, 0x00, 0x00, 0x00, 0x00, 0x00, 0x00, 0x00, 0x00, 0x0E, 0xFD, 0x00,
    0x00, 0x00, 0x00, 0x00, 0x00, 0x00, 0x00, 0x00, 0x0E, 0xFD, 0x00, 0x00, 0x00, 0x00, 0x00, 0x00,
    0x00, 0x00, 0x00, 0x0E, 0xFD, 0x00, 0x00, 0x00, 0x00, 0x00, 0x00, 0x00, 0x00, 0x00, 0x0E, 0xFD,
    0x00, 0x00, 0x00, 0x00, 0x00, 0x00, 0x00, 0x00, 0x00, 0x0E, 0xFD, 0x5F, 0xFF, 0xFF, 0xFF, 0xF9,
    0x5F, 0xFF, 0xFF, 0xFF, 0xF9, 0x5F, 0xFF, 0xFF, 0xFF, 0xF9, 0x00, 0x00, 0x00, 0x00, 0x27, 0xBD,
    0xEE, 0xDB, 0x72, 0x00, 0x00, 0x00, 0x00, 0x00, 0x00, 0x00, 0x29, 0xFF, 0xFF, 0xFF, 0xFF, 0xFF,
    0x92, 0x00, 0x00, 0x00, 0x00, 0x00, 0x05, 0xEF, 0xE9, 0x52, 0x11, 0x25, 0x9E, 0xFE, 0x50, 0x00,
    0x00, 0x00, 0x00, 0x7F, 0xF8, 0x10, 0x00, 0x00, 0x00, 0x01, 0x8F, 0xF7, 0x00, 0x00, 0x00, 0x06,
    0xFE, 0x40, 0x00, 0x00, 0x00, 0x00, 0x00, 0x04, 0xEF, 0x50, 0x00, 0x00, 0x3F, 0xE3, 0x01, 0xFF,
    0xFF, 0xFE, 0xDA, 0x40, 0x00, 0x3E, 0xF3, 0x00, 0x00, 0xBF, 0x50, 0x01, 0xFF, 0xFF, 0xFF, 0xFF,
    0xF9, 0x00, 0x05, 0xFB, 0x00, 0x04, 0xFB, 0x00, 0x01, 0xFF, 0x80, 0x01, 0x3C, 0xFF, 0x30, 0x00,
    0xBF, 0x40, 0x09, 0xF3, 0x00, 0x01, 0xFF, 0x80, 0x00, 0x04, 0xFF, 0x70, 0x00, 0x3F, 0x90, 0x0E,
    0xD0, 0x00, 0x01, 0xFF, 0x80, 0x00, 0x04, 0xFF, 0x60, 0x00, 0x0D, 0xE0, 0x2F, 0x90, 0x00, 0x01,
    0xFF, 0x80, 0x01, 0x3C, 0xFF, 0x20, 0x00, 0x09, 0xF2, 0x3F, 0x70, 0x00, 0x01, 0xFF, 0xFF, 0xFF,
    0xFF, 0xE5, 0x00, 0x00, 0x07, 0xF3, 0x4F, 0x60, 0x00, 0x01, 0xFF, 0xFF, 0xFF, 0xF9, 0x10, 0x00,
    0x00, 0x06, 0xF4, 0x3F, 0x70, 0x00, 0x01, 0xFF, 0x80, 0x3C, 0xFE, 0x30, 0x00, 0x00, 0x07, 0xF3,
    0x2F, 0x90, 0x00, 0x01, 0xFF, 0x80, 0x02, 0xFF, 0xC0, 0x00, 0x00, 0x09, 0xF2, 0x0E, 0xD0, 0x00,
    0x01, 0xFF, 0x80, 0x00, 0x8F, 0xF5, 0x00, 0x00, 0x0D, 0xE0, 0x0A, 0xF3, 0x00, 0x01, 0xFF, 0x80,
    0x00, 0x1E, 0xFD, 0x00, 0x00, 0x3F, 0x90, 0x04, 0xFB, 0x00, 0x01, 0xFF, 0x80, 0x00, 0x07, 0xFF,
    0x60, 0x00, 0xBF, 0x40, 0x00, 0xBF, 0x50, 0x01, 0xFF, 0x80, 0x00, 0x01, 0xEF, 0xD0, 0x05, 0xFB,
    0x00, 0x00, 0x3F, 0xE3, 0x01, 0xFF, 0x80, 0x00, 0x00, 0x7F, 0xF6, 0x3E, 0xF3, 0x00, 0x00, 0x06,
    0xFE, 0x40, 0x00, 0x00, 0x00, 0x00, 0x00, 0x04, 0xEF, 0x50, 0x00, 0x00, 0x00, 0x7F, 0xF9, 0x10,
    0x00, 0x00, 0x00, 0x01, 0x8F, 0xF7, 0x00, 0x00, 0x00, 0x00, 0x05, 0xEF, 0xE9, 0x52, 0x11, 0x25,
    0x9E, 0xFE, 0x50, 0x00, 0x00, 0x00, 0x00, 0x00, 0x2A, 0xFF, 0xFF, 0xFF, 0xFF, 0xFF, 0xA2, 0x00,
    0x00, 0x00, 0x00, 0x00, 0x00, 0x00, 0x27, 0xBD, 0xEE, 0xDB, 0x72, 0x00, 0x00, 0x00, 0x00, 0x7F,
    0xFF, 0xFF, 0xFF, 0xFF, 0x70, 0x7F, 0xFF, 0xFF, 0xFF, 0xFF, 0x70, 0x7F, 0xFF, 0xFF, 0xFF, 0xFF,
    0x70, 0x00, 0x19, 0xDF, 0xD8, 0x10, 0x00, 0x03, 0xEF, 0xFF, 0xFF, 0xD2, 0x00, 0x0D, 0xFC, 0x30,
    0x3C, 0xFD, 0x00, 0x6F, 0xE1, 0x00, 0x01, 0xEF, 0x60, 0xAF, 0x80, 0x00, 0x00, 0x8F, 0xA0, 0xBF,
    0x60, 0x00, 0x00, 0x6F, 0xB0, 0xAF, 0x80, 0x00, 0x00, 0x8F, 0xA0, 0x7F, 0xD1, 0x00, 0x01, 0xEF,
    0x60, 0x1E, 0xFC, 0x31, 0x3C, 0xFD, 0x10, 0x03, 0xEF, 0xFF, 0xFF, 0xE3, 0x00, 0x00, 0x29, 0xDF,
    0xD9, 0x10, 0x00, 0x00, 0x00, 0x00, 0x00, 0x02, 0xFF, 0xA0, 0x00, 0x00, 0x00, 0x00, 0x00, 0x00,
    0x00, 0x00, 0x02, 0xFF, 0xA0, 0x00, 0x00, 0x00, 0x00, 0x00, 0x00, 0x00, 0x00, 0x02, 0xFF, 0xA0,
    0x00, 0x00, 0x00, 0x00, 0x00, 0x00, 0x00, 0x00, 0x02, 0xFF, 0xA0, 0x00, 0x00, 0x00, 0x00, 0x00,
    0x00, 0x00, 0x00, 0x02, 0xFF, 0xA0, 0x00, 0x00, 0x00, 0x00, 0x00, 0x00, 0x00, 0x00, 0x02, 0xFF,
    0xA0, 0x00, 0x00, 0x00, 0x00, 0x6F, 0xFF, 0xFF, 0xFF, 0xFF, 0xFF, 0xFF, 0xFF, 0xFF, 0xFF, 0xFD,
    0x6F, 0xFF, 0xFF, 0xFF, 0xFF, 0xFF, 0xFF, 0xFF, 0xFF, 0xFF, 0xFD, 0x6F, 0xFF, 0xFF, 0xFF, 0xFF,
    0xFF, 0xFF, 0xFF, 0xFF, 0xFF, 0xFD, 0x00, 0x00, 0x00, 0x00, 0x02, 0xFF, 0xA0, 0x00, 0x00, 0x00,
    0x00, 0x00, 0x00, 0x00, 0x00, 0x02, 0xFF, 0xA0, 0x00, 0x00, 0x00, 0x00, 0x00, 0x00, 0x00, 0x00,
    0x02, 0xFF, 0xA0, 0x00, 0x00, 0x00, 0x00, 0x00, 0x00, 0x00, 0x00, 0x02, 0xFF, 0xA0, 0x00, 0x00,
    0x00, 0x00, 0x00, 0x00, 0x00, 0x00, 0x02, 0xFF, 0xA0, 0x00, 0x00, 0x00, 0x00, 0x00, 0x00, 0x00,
    0x00, 0x02, 0xFF, 0xA0, 0x00, 0x00, 0x00, 0x00, 0x00, 0x00, 0x00, 0x00, 0x00, 0x00, 0x00, 0x00,
    0x00, 0x00, 0x00, 0x00, 0x00, 0x00, 0x00, 0x00, 0x00, 0x00, 0x00, 0x00, 0x00, 0x00, 0x00, 0x00,
    0x00, 0x00, 0x00, 0x00, 0x00, 0x00, 0x00, 0x00, 0x00, 0x6F, 0xFF, 0xFF, 0xFF, 0xFF, 0xFF, 0xFF,
    0xFF, 0xFF, 0xFF, 0xFD, 0x6F, 0xFF, 0xFF, 0xFF, 0xFF, 0xFF, 0xFF, 0xFF, 0xFF, 0xFF, 0xFD, 0x6F,
    0xFF, 0xFF, 0xFF, 0xFF, 0xFF, 0xFF, 0xFF, 0xFF, 0xFF, 0xFD, 0x04, 0x9C, 0xEF, 0xD9, 0x30, 0x00,
    0x5F, 0xFF, 0xFF, 0xFF, 0xF6, 0x00, 0x5B, 0x63, 0x11, 0x6E, 0xFF, 0x20, 0x00, 0x00, 0x00, 0x05,
    0xFF, 0x50, 0x00, 0x00, 0x00, 0x03, 0xFF, 0x40, 0x00, 0x00, 0x00, 0x0A, 0xFD, 0x00, 0x00, 0x00,
    0x00, 0x6F, 0xF3, 0x00, 0x00, 0x00, 0x05, 0xFF, 0x50, 0x00, 0x00, 0x00, 0x6F, 0xF6, 0x00, 0x00,
    0x00, 0x07, 0xFF, 0x60, 0x00, 0x00, 0x00, 0x9F, 0xE4, 0x00, 0x00, 0x00, 0x1B, 0xFD, 0x30, 0x00,
    0x00, 0x00, 0x7F, 0xFF, 0xFF, 0xFF, 0xFF, 0x70, 0x7F, 0xFF, 0xFF, 0xFF, 0xFF, 0x70, 0x02, 0x7B,
    0xEF, 0xDB, 0x60, 0x00, 0x0D, 0xFF, 0xFF, 0xFF, 0xFC, 0x10, 0x0B, 0x73, 0x11, 0x39, 0xFF, 0x60,
    0x00, 0x00, 0x00, 0x01, 0xFF, 0x70, 0x00, 0x00, 0x01, 0x39, 0xFE, 0x20, 0x00, 0x0A, 0xFF, 0xFF,
    0xA3, 0x00, 0x00, 0x0A, 0xFF, 0xFF, 0xC4, 0x00, 0x00, 0x00, 0x01, 0x4B, 0xFF, 0x40, 0x00, 0x00,
    0x00, 0x00, 0xDF, 0xB0, 0x00, 0x00, 0x00, 0x00, 0xAF, 0xD0, 0x00, 0x00, 0x00, 0x01, 0xDF, 0xC0,
    0x59, 0x42, 0x01, 0x4C, 0xFF, 0x70, 0x6F, 0xFF, 0xFF, 0xFF, 0xFA, 0x00, 0x05, 0xAD, 0xEF, 0xDA,
    0x40, 0x00, 0x00, 0x00, 0x9F, 0xFA, 0x00, 0x05, 0xFF, 0xB0, 0x00, 0x3E, 0xFC, 0x10, 0x01, 0xDF,
    0xD1, 0x00, 0x0A, 0xFE, 0x20, 0x00, 0x7F, 0xE3, 0x00, 0x00, 0x2F, 0xFE, 0x00, 0x00, 0x00, 0x00,
    0x09, 0xFF, 0x70, 0x00, 0x2F, 0xFE, 0x00, 0x00, 0x00, 0x00, 0x09, 0xFF, 0x70, 0x00, 0x2F, 0xFE,
    0x00, 0x00, 0x00, 0x00, 0x09, 0xFF, 0x70, 0x00, 0x2F, 0xFE, 0x00, 0x00, 0x00, 0x00, 0x09, 0xFF,
    0x70, 0x00, 0x2F, 0xFE, 0x00, 0x00, 0x00, 0x00, 0x09, 0xFF, 0x70, 0x00, 0x2F, 0xFE, 0x00, 0x00,
    0x00, 0x00, 0x09, 0xFF, 0x70, 0x00, 0x2F, 0xFE, 0x00, 0x00, 0x00, 0x00, 0x09, 0xFF, 0x70, 0x00,
    0x2F, 0xFE, 0x00, 0x00, 0x00, 0x00, 0x09, 0xFF, 0x70, 0x00, 0x2F, 0xFE, 0x00, 0x00, 0x00, 0x00,
    0x09, 0xFF, 0x70, 0x00, 0x2F, 0xFE, 0x00, 0x00, 0x00, 0x00, 0x09, 0xFF, 0x70, 0x00, 0x2F, 0xFE,
    0x00, 0x00, 0x00, 0x00, 0x09, 0xFF, 0x70, 0x00, 0x2F, 0xFE, 0x00, 0x00, 0x00, 0x00, 0x0A, 0xFF,
    0x70, 0x00, 0x2F, 0xFF, 0x00, 0x00, 0x00, 0x00, 0x0B, 0xFF, 0x70, 0x00, 0x2F, 0xFF, 0x30, 0x00,
    0x00, 0x00, 0x1F, 0xFF, 0x70, 0x00, 0x2F, 0xFF, 0xB0, 0x00, 0x00, 0x00, 0xAF, 0xFF, 0x70, 0x00,
    0x2F, 0xFF, 0xFC, 0x41, 0x01, 0x4B, 0xFF, 0xFF, 0xB1, 0x00, 0x2F, 0xFE, 0xCF, 0xFF, 0xFF, 0xFF,
    0xF8, 0xFF, 0xFF, 0xC0, 0x2F, 0xFE, 0x2D, 0xFF, 0xFF, 0xFF, 0x71, 0xEF, 0xFF, 0xC0, 0x2F, 0xFE,
    0x01, 0x8D, 0xFE, 0xA4, 0x00, 0x4C, 0xEB, 0x40, 0x2F, 0xFE, 0x00, 0x00, 0x00, 0x00, 0x00, 0x00,
    0x00, 0x00, 0x2F, 0xFE, 0x00, 0x00, 0x00, 0x00, 0x00, 0x00, 0x00, 0x00, 0x2F, 0xFE, 0x00, 0x00,
    0x00, 0x00, 0x00, 0x00, 0x00, 0x00, 0x2F, 0xFE, 0x00, 0x00, 0x00, 0x00, 0x00, 0x00, 0x00, 0x00,
    0x2F, 0xFE, 0x00, 0x00, 0x00, 0x00, 0x00, 0x00, 0x00, 0x00, 0x2F, 0xFE, 0x00, 0x00, 0x00, 0x00,
    0x00, 0x00, 0x00, 0x00, 0x2F, 0xFE, 0x00, 0x00, 0x00, 0x00, 0x00, 0x00, 0x00, 0x00, 0x00, 0x00,
    0x38, 0xCE, 0xFF, 0xFF, 0xFF, 0xFE, 0x00, 0x19, 0xFF, 0xFF, 0xFF, 0xFF, 0xFF, 0xFE, 0x00, 0xBF,
    0xFF, 0xFF, 0xFF, 0x70, 0x06, 0xFE, 0x07, 0xFF, 0xFF, 0xFF, 0xFF, 0x70, 0x06, 0xFE, 0x0E, 0xFF,
    0xFF, 0xFF, 0xFF, 0x70, 0x06, 0xFE, 0x3F, 0xFF, 0xFF, 0xFF, 0xFF, 0x70, 0x06, 0xFE, 0x5F, 0xFF,
    0xFF, 0xFF, 0xFF, 0x70, 0x06, 0xFE, 0x5F, 0xFF, 0xFF, 0xFF, 0xFF, 0x70, 0x06, 0xFE, 0x3F, 0xFF,
    0xFF, 0xFF, 0xFF, 0x70, 0x06, 0xFE, 0x0E, 0xFF, 0xFF, 0xFF, 0xFF, 0x70, 0x06, 0xFE, 0x07, 0xFF,
    0xFF, 0xFF, 0xFF, 0x70, 0x06, 0xFE, 0x00, 0xBF, 0xFF, 0xFF, 0xFF, 0x70, 0x06, 0xFE, 0x00, 0x08,
    0xFF, 0xFF, 0xFF, 0x70, 0x06, 0xFE, 0x00, 0x00, 0x27, 0xBD, 0xFF, 0x70, 0x06, 0xFE, 0x00, 0x00,
    0x00, 0x00, 0xEF, 0x70, 0x06, 0xFE, 0x00, 0x00, 0x00, 0x00, 0xEF, 0x70, 0x06, 0xFE, 0x00, 0x00,
    0x00, 0x00, 0xEF, 0x70, 0x06, 0xFE, 0x00, 0x00, 0x00, 0x00, 0xEF, 0x70, 0x06, 0xFE, 0x00, 0x00,
    0x00, 0x00, 0xEF, 0x70, 0x06, 0xFE, 0x00, 0x00, 0x00, 0x00, 0xEF, 0x70, 0x06, 0xFE, 0x00, 0x00,
    0x00, 0x00, 0xEF, 0x70, 0x06, 0xFE, 0x00, 0x00, 0x00, 0x00, 0xEF, 0x70, 0x06, 0xFE, 0x00, 0x00,
    0x00, 0x00, 0xEF, 0x70, 0x06, 0xFE, 0x00, 0x00, 0x00, 0x00, 0xEF, 0x70, 0x06, 0xFE, 0x00, 0x00,
    0x00, 0x00, 0xEF, 0x70, 0x06, 0xFE, 0x00, 0x00, 0x00, 0x00, 0xEF, 0x70, 0x06, 0xFE, 0x00, 0x00,
    0x00, 0x00, 0xEF, 0x70, 0x06, 0xFE, 0x00, 0x00, 0x00, 0x00, 0xEF, 0x70, 0x06, 0xFE, 0x5F, 0xFF,
    0x20, 0x5F, 0xFF, 0x20, 0x5F, 0xFF, 0x20, 0x5F, 0xFF, 0x20, 0x00, 0x00, 0xBF, 0x40, 0x00, 0x00,
    0x3F, 0xD1, 0x00, 0x00, 0x0C, 0xF6, 0x00, 0x00, 0x0A, 0xFA, 0x28, 0x21, 0x4E, 0xF9, 0x3F, 0xFF,
    0xFF, 0xF3, 0x2B, 0xEF, 0xEB, 0x40, 0x15, 0x9D, 0xFF, 0x60, 0x00, 0xBF, 0xFF, 0xFF, 0x60, 0x00,
    0xAA, 0x62, 0xFF, 0x60, 0x00, 0x00, 0x00, 0xFF, 0x60, 0x00, 0x00, 0x00, 0xFF, 0x60, 0x00, 0x00,
    0x00, 0xFF, 0x60, 0x00, 0x00, 0x00, 0xFF, 0x60, 0x00, 0x00, 0x00, 0xFF, 0x60, 0x00, 0x00, 0x00,
    0xFF, 0x60, 0x00, 0x00, 0x00, 0xFF, 0x60, 0x00, 0x00, 0x00, 0xFF, 0x60, 0x00, 0x00, 0x00, 0xFF,
    0x60, 0x00, 0x6F, 0xFF, 0xFF, 0xFF, 0xFC, 0x6F, 0xFF, 0xFF, 0xFF, 0xFC, 0x00, 0x02, 0x8D, 0xEE,
    0xD8, 0x20, 0x00, 0x00, 0x4E, 0xFF, 0xFF, 0xFF, 0xE4, 0x00, 0x03, 0xEF, 0xE5, 0x11, 0x5D, 0xFE,
    0x30, 0x0B, 0xFF, 0x30, 0x00, 0x02, 0xFF, 0xB0, 0x1F, 0xF9, 0x00, 0x00, 0x00, 0x9F, 0xF1, 0x4F,
    0xF5, 0x00, 0x00, 0x00, 0x5F, 0xF4, 0x6F, 0xF3, 0x00, 0x00, 0x00, 0x3F, 0xF6, 0x6F, 0xF3, 0x00,
    0x00, 0x00, 0x3F, 0xF6, 0x4F, 0xF5, 0x00, 0x00, 0x00, 0x5F, 0xF4, 0x1F, 0xF9, 0x00, 0x00, 0x00,
    0x9F, 0xF1, 0x0B, 0xFF, 0x30, 0x00, 0x02, 0xFF, 0xB0, 0x03, 0xFF, 0xE5, 0x11, 0x5E, 0xFF, 0x30,
    0x00, 0x4E, 0xFF, 0xFF, 0xFF, 0xE5, 0x00, 0x00, 0x02, 0x8D, 0xEE, 0xD9, 0x20, 0x00, 0x00, 0x00,
    0x00, 0x00, 0x00, 0x00, 0x00, 0x00, 0x00, 0x00, 0x00, 0x00, 0x00, 0x00, 0x0A, 0xFF, 0xFF, 0xFF,
    0xFF, 0xFF, 0xB0, 0x0A, 0xFF, 0xFF, 0xFF, 0xFF, 0xFF, 0xB0, 0x81, 0x00, 0x00, 0x07, 0x20, 0x00,
    0x00, 0x00, 0xCC, 0x10, 0x00, 0x09, 0xE3, 0x00, 0x00, 0x00, 0xCF, 0xD3, 0x00, 0x09, 0xFE, 0x50,
    0x00, 0x00, 0x6F, 0xFE, 0x40, 0x03, 0xEF, 0xF6, 0x00, 0x00, 0x04, 0xEF, 0xF5, 0x00, 0x2D, 0xFF,
    0x80, 0x00, 0x00, 0x3D, 0xFF, 0x70, 0x01, 0xCF, 0xFA, 0x00, 0x00, 0x02, 0xCF, 0xF9, 0x00, 0x1A,
    0xFF, 0xB1, 0x00, 0x00, 0x2E, 0xFF, 0x00, 0x00, 0xDF, 0xF3, 0x00, 0x02, 0xCF, 0xF9, 0x00, 0x1A,
    0xFF, 0xB1, 0x00, 0x3D, 0xFF, 0x70, 0x01, 0xCF, 0xFA, 0x00, 0x04, 0xEF, 0xF5, 0x00, 0x2D, 0xFF,
    0x80, 0x00, 0x6F, 0xFE, 0x40, 0x03, 0xEF, 0xF6, 0x00, 0x00, 0xCF, 0xD3, 0x00, 0x09, 0xFE, 0x50,
    0x00, 0x00, 0xCC, 0x20, 0x00, 0x09, 0xE3, 0x00, 0x00, 0x00, 0x81, 0x00, 0x00, 0x07, 0x20, 0x00,
    0x00, 0x00, 0x15, 0x9D, 0xFF, 0x60, 0x00, 0x00, 0x00, 0x00, 0x00, 0x00, 0x7F, 0xF3, 0x00, 0x00,
    0x00, 0xBF, 0xFF, 0xFF, 0x60, 0x00, 0x00, 0x00, 0x00, 0x00, 0x02, 0xEF, 0x90, 0x00, 0x00, 0x00,
    0xAA, 0x62, 0xFF, 0x60, 0x00, 0x00, 0x00, 0x00, 0x00, 0x0A, 0xFE, 0x10, 0x00, 0x00, 0x00, 0x00,
    0x00, 0xFF, 0x60, 0x00, 0x00, 0x00, 0x00, 0x00, 0x4F, 0xF5, 0x00, 0x00, 0x00, 0x00, 0x00, 0x00,
    0xFF, 0x60, 0x00, 0x00, 0x00, 0x00, 0x01, 0xDF, 0xB0, 0x00, 0x00, 0x00, 0x00, 0x00, 0x00, 0xFF,
    0x60, 0x00, 0x00, 0x00, 0x00, 0x08, 0xFF, 0x20, 0x00, 0x00, 0x00, 0x00, 0x00, 0x00, 0xFF, 0x60,
    0x00, 0x00, 0x00, 0x00, 0x2F, 0xF8, 0x00, 0x00, 0x00, 0x00, 0x00, 0x00, 0x00, 0xFF, 0x60, 0x00,
    0x00, 0x00, 0x00, 0xBF, 0xD0, 0x00, 0x00, 0x00, 0x00, 0x00, 0x00, 0x00, 0xFF, 0x60, 0x00, 0x00,
    0x00, 0x06, 0xFF, 0x40, 0x00, 0x00, 0x00, 0x00, 0x00, 0x00, 0x00, 0xFF, 0x60, 0x00, 0x00, 0x00,
    0x1E, 0xFA, 0x00, 0x00, 0x00, 0x00, 0x00, 0x00, 0x00, 0x00, 0xFF, 0x60, 0x00, 0x00, 0x00, 0x9F,
    0xE1, 0x00, 0x00, 0x00, 0x00, 0x00, 0x00, 0x00, 0x00, 0xFF, 0x60, 0x00, 0x00, 0x04, 0xFF, 0x60,
    0x00, 0x00, 0x00, 0x7F, 0xF9, 0x00, 0x6F, 0xFF, 0xFF, 0xFF, 0xFC, 0x00, 0x0D, 0xFC, 0x00, 0x00,
    0x00, 0x03, 0xFF, 0xF9, 0x00, 0x6F, 0xFF, 0xFF, 0xFF, 0xFC, 0x00, 0x7F, 0xF3, 0x00, 0x00, 0x00,
    0x1D, 0xDC, 0xF9, 0x00, 0x00, 0x00, 0x00, 0x00, 0x00, 0x02, 0xEF, 0x80, 0x00, 0x00, 0x00, 0xAF,
    0x3C, 0xF9, 0x00, 0x00, 0x00, 0x00, 0x00, 0x00, 0x0B, 0xFD, 0x10, 0x00, 0x00, 0x06, 0xF6, 0x0C,
    0xF9, 0x00, 0x00, 0x00, 0x00, 0x00, 0x00, 0x5F, 0xF5, 0x00, 0x00, 0x00, 0x2E, 0xA0, 0x0C, 0xF9,
    0x00, 0x00, 0x00, 0x00, 0x00, 0x01, 0xDF, 0xB0, 0x00, 0x00, 0x00, 0xCD, 0x10, 0x0C, 0xF9, 0x00,
    0x00, 0x00, 0x00, 0x00, 0x09, 0xFE, 0x20, 0x00, 0x00, 0x09, 0xF3, 0x00, 0x0C, 0xF9, 0x00, 0x00,
    0x00, 0x00, 0x00, 0x3F, 0xF7, 0x00, 0x00, 0x00, 0x5F, 0x70, 0x00, 0x0C, 0xF9, 0x00, 0x00, 0x00,
    0x00, 0x00, 0xCF, 0xC0, 0x00, 0x00, 0x00, 0xAF, 0xFF, 0xFF, 0xFF, 0xFF, 0xFD, 0x00, 0x00, 0x00,
    0x06, 0xFF, 0x30, 0x00, 0x00, 0x00, 0xAF, 0xFF, 0xFF, 0xFF, 0xFF, 0xFD, 0x00, 0x00, 0x00, 0x2E,
    0xF9, 0x00, 0x00, 0x00, 0x00, 0x00, 0x00, 0x00, 0x0C, 0xF9, 0x00, 0x00, 0x00, 0x00, 0xAF, 0xE1,
    0x00, 0x00, 0x00, 0x00, 0x00, 0x00, 0x00, 0x0C, 0xF9, 0x00, 0x00, 0x00, 0x04, 0xFF, 0x60, 0x00,
    0x00, 0x00, 0x00, 0x00, 0x00, 0x00, 0x0C, 0xF9, 0x00, 0x15, 0x9D, 0xFF, 0x60, 0x00, 0x00, 0x00,
    0x00, 0x00, 0x00, 0x7F, 0xF3, 0x00, 0x00, 0x00, 0xBF, 0xFF, 0xFF, 0x60, 0x00, 0x00, 0x00, 0x00,
    0x00, 0x02, 0xEF, 0x90, 0x00, 0x00, 0x00, 0xAA, 0x62, 0xFF, 0x60, 0x00, 0x00, 0x00, 0x00, 0x00,
    0x0A, 0xFE, 0x10, 0x00, 0x00, 0x00, 0x00, 0x00, 0xFF, 0x60, 0x00, 0x00, 0x00, 0x00, 0x00, 0x4F,
    0xF5, 0x00, 0x00, 0x00, 0x00, 0x00, 0x00, 0xFF, 0x60, 0x00, 0x00, 0x00, 0x00, 0x01, 0xDF, 0xB0,
    0x00, 0x00, 0x00, 0x00, 0x00, 0x00, 0xFF, 0x60, 0x00, 0x00, 0x00, 0x00, 0x08, 0xFF, 0x20, 0x00,
    0x00, 0x00, 0x00, 0x00, 0x00, 0xFF, 0x60, 0x00, 0x00, 0x00, 0x00, 0x2F, 0xF8, 0x00, 0x00, 0x00,
    0x00, 0x00, 0x00, 0x00, 0xFF, 0x60, 0x00, 0x00, 0x00, 0x00, 0xBF, 0xD0, 0x00, 0x00, 0x00, 0x00,
    0x00, 0x00, 0x00, 0xFF, 0x60, 0x00, 0x00, 0x00, 0x06, 0xFF, 0x40, 0x00, 0x00, 0x00, 0x00, 0x00,
    0x00, 0x00, 0xFF, 0x60, 0x00, 0x00, 0x00, 0x1E, 0xFA, 0x00, 0x00, 0x00, 0x00, 0x00, 0x00, 0x00,
    0x00, 0xFF, 0x60, 0x00, 0x00, 0x00, 0x9F, 0xE1, 0x00, 0x00, 0x00, 0x00, 0x00, 0x00, 0x00, 0x00,
    0xFF, 0x60, 0x00, 0x00, 0x04, 0xFF, 0x60, 0x02, 0x7B, 0xDF, 0xEB, 0x50, 0x00, 0x6F, 0xFF, 0xFF,
    0xFF, 0xFC, 0x00, 0x0D, 0xFC, 0x00, 0x0F, 0xFF, 0xFF, 0xFF, 0xFA, 0x00, 0x6F, 0xFF, 0xFF, 0xFF,
    0xFC, 0x00, 0x7F, 0xF3, 0x00, 0x0C, 0x73, 0x11, 0x4C, 0xFF, 0x60, 0x00, 0x00, 0x00, 0x00, 0x00,
    0x02, 0xEF, 0x80, 0x00, 0x00, 0x00, 0x00, 0x01, 0xFF, 0xA0, 0x00, 0x00, 0x00, 0x00, 0x00, 0x0B,
    0xFD, 0x10, 0x00, 0x00, 0x00, 0x00, 0x00, 0xDF, 0x90, 0x00, 0x00, 0x00, 0x00, 0x00, 0x5F, 0xF5,
    0x00, 0x00, 0x00, 0x00, 0x00, 0x05, 0xFF, 0x30, 0x00, 0x00, 0x00, 0x00, 0x01, 0xDF, 0xB0, 0x00,
    0x00, 0x00, 0x00, 0x00, 0x2E, 0xF8, 0x00, 0x00, 0x00, 0x00, 0x00, 0x09, 0xFE, 0x20, 0x00, 0x00,
    0x00, 0x00, 0x02, 0xDF, 0xA0, 0x00, 0x00, 0x00, 0x00, 0x00, 0x3F, 0xF7, 0x00, 0x00, 0x00, 0x00,
    0x00, 0x3E, 0xFA, 0x00, 0x00, 0x00, 0x00, 0x00, 0x00, 0xCF, 0xC0, 0x00, 0x00, 0x00, 0x00, 0x04,
    0xEF, 0xA0, 0x00, 0x00, 0x00, 0x00, 0x00, 0x06, 0xFF, 0x30, 0x00, 0x00, 0x00, 0x00, 0x5F, 0xF8,
    0x00, 0x00, 0x00, 0x00, 0x00, 0x00, 0x2E, 0xF9, 0x00, 0x00, 0x00, 0x00, 0x07, 0xFF, 0x60, 0x00,
    0x00, 0x00, 0x00, 0x00, 0x00, 0xAF, 0xE1, 0x00, 0x00, 0x00, 0x00, 0x2F, 0xFF, 0xFF, 0xFF, 0xFF,
    0xC0, 0x00, 0x00, 0x04, 0xFF, 0x60, 0x00, 0x00, 0x00, 0x00, 0x2F, 0xFF, 0xFF, 0xFF, 0xFF, 0xC0,
    0x02, 0x7B, 0xEF, 0xDB, 0x60, 0x00, 0x00, 0x00, 0x00, 0x00, 0x07, 0xFF, 0x30, 0x00, 0x00, 0x00,
    0x0D, 0xFF, 0xFF, 0xFF, 0xFC, 0x10, 0x00, 0x00, 0x00, 0x00, 0x2E, 0xF9, 0x00, 0x00, 0x00, 0x00,
    0x0B, 0x73, 0x11, 0x39, 0xFF, 0x60, 0x00, 0x00, 0x00, 0x00, 0xAF, 0xE1, 0x00, 0x00, 0x00, 0x00,
    0x00, 0x00, 0x00, 0x01, 0xFF, 0x70, 0x00, 0x00, 0x00, 0x04, 0xFF, 0x50, 0x00, 0x00, 0x00, 0x00,
    0x00, 0x00, 0x01, 0x39, 0xFE, 0x20, 0x00, 0x00, 0x00, 0x1D, 0xFB, 0x00, 0x00, 0x00, 0x00, 0x00,
    0x00, 0x0A, 0xFF, 0xFF, 0xA3, 0x00, 0x00, 0x00, 0x00, 0x8F, 0xF2, 0x00, 0x00, 0x00, 0x00, 0x00,
    0x00, 0x0A, 0xFF, 0xFF, 0xC4, 0x00, 0x00, 0x00, 0x02, 0xFF, 0x80, 0x00, 0x00, 0x00, 0x00, 0x00,
    0x00, 0x00, 0x01, 0x4B, 0xFF, 0x40, 0x00, 0x00, 0x0B, 0xFD, 0x00, 0x00, 0x00, 0x00, 0x00, 0x00,
    0x00, 0x00, 0x00, 0x00, 0xDF, 0xB0, 0x00, 0x00, 0x6F, 0xF4, 0x00, 0x00, 0x00, 0x00, 0x00, 0x00,
    0x00, 0x00, 0x00, 0x00, 0xAF, 0xD0, 0x00, 0x01, 0xEF, 0xA0, 0x00, 0x00, 0x00, 0x00, 0x00, 0x00,
    0x00, 0x00, 0x00, 0x01, 0xDF, 0xC0, 0x00, 0x09, 0xFE, 0x10, 0x00, 0x00, 0x00, 0x00, 0x00, 0x00,
    0x59, 0x42, 0x01, 0x4C, 0xFF, 0x70, 0x00, 0x4F, 0xF6, 0x00, 0x00, 0x00, 0x07, 0xFF, 0x90, 0x00,
    0x6F, 0xFF, 0xFF, 0xFF, 0xFA, 0x00, 0x00, 0xDF, 0xC0, 0x00, 0x00, 0x00, 0x3F, 0xFF, 0x90, 0x00,
    0x05, 0xAD, 0xEF, 0xDA, 0x40, 0x00, 0x07, 0xFF, 0x30, 0x00, 0x00, 0x01, 0xDD, 0xCF, 0x90, 0x00,
    0x00, 0x00, 0x00, 0x00, 0x00, 0x00, 0x2E, 0xF8, 0x00, 0x00, 0x00, 0x0A, 0xF3, 0xCF, 0x90, 0x00,
    0x00, 0x00, 0x00, 0x00, 0x00, 0x00, 0xBF, 0xD1, 0x00, 0x00, 0x00, 0x6F, 0x60, 0xCF, 0x90, 0x00,
    0x00, 0x00, 0x00, 0x00, 0x00, 0x05, 0xFF, 0x50, 0x00, 0x00, 0x02, 0xEA, 0x00, 0xCF, 0x90, 0x00,
    0x00, 0x00, 0x00, 0x00, 0x00, 0x1D, 0xFB, 0x00, 0x00, 0x00, 0x0C, 0xD1, 0x00, 0xCF, 0x90, 0x00,
    0x00, 0x00, 0x00, 0x00, 0x00, 0x9F, 0xE2, 0x00, 0x00, 0x00, 0x9F, 0x30, 0x00, 0xCF, 0x90, 0x00,
    0x00, 0x00, 0x00, 0x00, 0x03, 0xFF, 0x70, 0x00, 0x00, 0x05, 0xF7, 0x00, 0x00, 0xCF, 0x90, 0x00,
    0x00, 0x00, 0x00, 0x00, 0x0C, 0xFC, 0x00, 0x00, 0x00, 0x0A, 0xFF, 0xFF, 0xFF, 0xFF, 0xFF, 0xD0,
    0x00, 0x00, 0x00, 0x00, 0x6F, 0xF3, 0x00, 0x00, 0x00, 0x0A, 0xFF, 0xFF, 0xFF, 0xFF, 0xFF, 0xD0,
    0x00, 0x00, 0x00, 0x02, 0xEF, 0x90, 0x00, 0x00, 0x00, 0x00, 0x00, 0x00, 0x00, 0xCF, 0x90, 0x00,
    0x00, 0x00, 0x00, 0x0A, 0xFE, 0x10, 0x00, 0x00, 0x00, 0x00, 0x00, 0x00, 0x00, 0xCF, 0x90, 0x00,
    0x00, 0x00, 0x00, 0x4F, 0xF6, 0x00, 0x00, 0x00, 0x00, 0x00, 0x00, 0x00, 0x00, 0xCF, 0x90, 0x00,
    0x00, 0x00, 0x00, 0xCF, 0xF8, 0x00, 0x00, 0x00, 0x00, 0x00, 0xCF, 0xF8, 0x00, 0x00, 0x00, 0x00,
    0x00, 0xCF, 0xF8, 0x00, 0x00, 0x00, 0x00, 0x00, 0xCF, 0xF8, 0x00, 0x00, 0x00, 0x00, 0x00, 0x00,
    0x00, 0x00, 0x00, 0x00, 0x00, 0x00, 0x00, 0x00, 0x00, 0x00, 0x00, 0x00, 0x00, 0xBF, 0xF7, 0x00,
    0x00, 0x00, 0x00, 0x00, 0xBF, 0xF7, 0x00, 0x00, 0x00, 0x00, 0x00, 0xBF, 0xF7, 0x00, 0x00, 0x00,
    0x00, 0x00, 0xBF, 0xF6, 0x00, 0x00, 0x00, 0x00, 0x00, 0xDF, 0xF5, 0x00, 0x00, 0x00, 0x00, 0x05,
    0xFF, 0xF1, 0x00, 0x00, 0x00, 0x00, 0x2E, 0xFF, 0xA0, 0x00, 0x00, 0x00, 0x01, 0xDF, 0xFE, 0x20,
    0x00, 0x00, 0x00, 0x1C, 0xFF, 0xE3, 0x00, 0x00, 0x00, 0x00, 0xBF, 0xFF, 0x40, 0x00, 0x00, 0x00,
    0x08, 0xFF, 0xF5, 0x00, 0x00, 0x00, 0x00, 0x2F, 0xFF, 0x80, 0x00, 0x00, 0x00, 0x00, 0x7F, 0xFE,
    0x00, 0x00, 0x00, 0x00, 0x00, 0x9F, 0xFC, 0x00, 0x00, 0x00, 0x00, 0x00, 0x9F, 0xFD, 0x00, 0x00,
    0x00, 0x00, 0x00, 0x6F, 0xFF, 0x50, 0x00, 0x00, 0x00, 0x68, 0x1E, 0xFF, 0xF8, 0x31, 0x14, 0x8D,
    0xF9, 0x07, 0xFF, 0xFF, 0xFF, 0xFF, 0xFF, 0xF9, 0x00, 0x7F, 0xFF, 0xFF, 0xFF, 0xFF, 0x92, 0x00,
    0x02, 0x9D, 0xEF, 0xEB, 0x72, 0x00, 0x00, 0x00, 0x00, 0x01, 0xDF, 0xE2, 0x00, 0x00, 0x00, 0x00,
    0x00, 0x00, 0x00, 0x00, 0x00, 0x00, 0x2D, 0xFD, 0x10, 0x00, 0x00, 0x00, 0x00, 0x00, 0x00, 0x00,
    0x00, 0x00, 0x02, 0xEF, 0xB0, 0x00, 0x00, 0x00, 0x00, 0x00, 0x00, 0x00, 0x00, 0x00, 0x00, 0x3E,
    0xF8, 0x00, 0x00, 0x00, 0x00, 0x00, 0x00, 0x00, 0x00, 0x00, 0x00, 0x00, 0x00, 0x00, 0x00, 0x00,
    0x00, 0x00, 0x00, 0x00, 0x00, 0x00, 0x00, 0x00, 0x00, 0x00, 0x00, 0x00, 0x00, 0x00, 0x00, 0x00,
    0x00, 0x00, 0x07, 0xFF, 0xFB, 0x00, 0x00, 0x00, 0x00, 0x00, 0x00, 0x00, 0x00, 0x00, 0x0D, 0xFF,
    0xFF, 0x20, 0x00, 0x00, 0x00, 0x00, 0x00, 0x00, 0x00, 0x00, 0x3F, 0xFF, 0xFF, 0x70, 0x00, 0x00,
    0x00, 0x00, 0x00, 0x00, 0x00, 0x00, 0x9F, 0xFD, 0xFF, 0xD0, 0x00, 0x00, 0x00, 0x00, 0x00, 0x00,
    0x00, 0x00, 0xEF, 0xF4, 0xEF, 0xF3, 0x00, 0x00, 0x00, 0x00, 0x00, 0x00, 0x00, 0x05, 0xFF, 0xD0,
    0x9F, 0xF9, 0x00, 0x00, 0x00, 0x00, 0x00, 0x00, 0x00, 0x0B, 0xFF, 0x70, 0x4F, 0xFE, 0x10, 0x00,
    0x00, 0x00, 0x00, 0x00, 0x00, 0x2F, 0xFF, 0x20, 0x0D, 0xFF, 0x50, 0x00, 0x00, 0x00, 0x00, 0x00,
    0x00, 0x7F, 0xFC, 0x00, 0x08, 0xFF, 0xB0, 0x00, 0x00, 0x00, 0x00, 0x00, 0x00, 0xDF, 0xF6, 0x00,
    0x02, 0xFF, 0xF2, 0x00, 0x00, 0x00, 0x00, 0x00, 0x04, 0xFF, 0xF1, 0x00, 0x00, 0xCF, 0xF7, 0x00,
    0x00, 0x00, 0x00, 0x00, 0x09, 0xFF, 0xA0, 0x00, 0x00, 0x7F, 0xFD, 0x00, 0x00, 0x00, 0x00, 0x00,
    0x1E, 0xFF, 0x50, 0x00, 0x00, 0x1F, 0xFF, 0x40, 0x00, 0x00, 0x00, 0x00, 0x6F, 0xFE, 0x00, 0x00,
    0x00, 0x0B, 0xFF, 0xA0, 0x00, 0x00, 0x00, 0x00, 0xBF, 0xF9, 0x00, 0x00, 0x00, 0x05, 0xFF, 0xE1,
    0x00, 0x00, 0x00, 0x02, 0xFF, 0xF4, 0x00, 0x00, 0x00, 0x01, 0xEF, 0xF6, 0x00, 0x00, 0x00, 0x08,
    0xFF, 0xFF, 0xFF, 0xFF, 0xFF, 0xFF, 0xFF, 0xFC, 0x00, 0x00, 0x00, 0x0D, 0xFF, 0xFF, 0xFF, 0xFF,
    0xFF, 0xFF, 0xFF, 0xFF, 0x20, 0x00, 0x00, 0x4F, 0xFF, 0xFF, 0xFF, 0xFF, 0xFF, 0xFF, 0xFF, 0xFF,
    0x80, 0x00, 0x00, 0xAF, 0xFD, 0x00, 0x00, 0x00, 0x00, 0x00, 0x09, 0xFF, 0xD0, 0x00, 0x01, 0xFF,
    0xF7, 0x00, 0x00, 0x00, 0x00, 0x00, 0x03, 0xFF, 0xF4, 0x00, 0x06, 0xFF, 0xF2, 0x00, 0x00, 0x00,
    0x00, 0x00, 0x00, 0xCF, 0xFA, 0x00, 0x0C, 0xFF, 0xB0, 0x00, 0x00, 0x00, 0x00, 0x00, 0x00, 0x7F,
    0xFF, 0x10, 0x3F, 0xFF, 0x50, 0x00, 0x00, 0x00, 0x00, 0x00, 0x00, 0x1F, 0xFF, 0x60, 0x8F, 0xFE,
    0x10, 0x00, 0x00, 0x00, 0x00, 0x00, 0x00, 0x0B, 0xFF, 0xC0, 0x00, 0x00, 0x00, 0x00, 0x00, 0x01,
    0xCF, 0xE3, 0x00, 0x00, 0x00, 0x00, 0x00, 0x00, 0x00, 0x00, 0x00, 0x0A, 0xFE, 0x30, 0x00, 0x00,
    0x00, 0x00, 0x00, 0x00, 0x00, 0x00, 0x00, 0x8F, 0xF4, 0x00, 0x00, 0x00, 0x00, 0x00, 0x00, 0x00,
    0x00, 0x00, 0x05, 0xFF, 0x50, 0x00, 0x00, 0x00, 0x00, 0x00, 0x00, 0x00, 0x00, 0x00, 0x00, 0x00,
    0x00, 0x00, 0x00, 0x00, 0x00, 0x00, 0x00, 0x00, 0x00, 0x00, 0x00, 0x00, 0x00, 0x00, 0x00, 0x00,
    0x00, 0x00, 0x00, 0x00, 0x00, 0x00, 0x07, 0xFF, 0xFB, 0x00, 0x00, 0x00, 0x00, 0x00, 0x00, 0x00,
    0x00, 0x00, 0x0D, 0xFF, 0xFF, 0x20, 0x00, 0x00, 0x00, 0x00, 0x00, 0x00, 0x00, 0x00, 0x3F, 0xFF,
    0xFF, 0x70, 0x00, 0x00, 0x00, 0x00, 0x00, 0x00, 0x00, 0x00, 0x9F, 0xFD, 0xFF, 0xD0, 0x00, 0x00,
    0x00, 0x00, 0x00, 0x00, 0x00, 0x00, 0xEF, 0xF4, 0xEF, 0xF3, 0x00, 0x00, 0x00, 0x00, 0x00, 0x00,
    0x00, 0x05, 0xFF, 0xD0, 0x9F, 0xF9, 0x00, 0x00, 0x00, 0x00, 0x00, 0x00, 0x00, 0x0B, 0xFF, 0x70,
    0x4F, 0xFE, 0x10, 0x00, 0x00, 0x00, 0x00, 0x00, 0x00, 0x2F, 0xFF, 0x20, 0x0D, 0xFF, 0x50, 0x00,
    0x00, 0x00, 0x00, 0x00, 0x00, 0x7F, 0xFC, 0x00, 0x08, 0xFF, 0xB0, 0x00, 0x00, 0x00, 0x00, 0x00,
    0x00, 0xDF, 0xF6, 0x00, 0x02, 0xFF, 0xF2, 0x00, 0x00, 0x00, 0x00, 0x00, 0x04, 0xFF, 0xF1, 0x00,
    0x00, 0xCF, 0xF7, 0x00, 0x00, 0x00, 0x00, 0x00, 0x09, 0xFF, 0xA0, 0x00, 0x00, 0x7F, 0xFD, 0x00,
    0x00, 0x00, 0x00, 0x00, 0x1E, 0xFF, 0x50, 0x00, 0x00, 0x1F, 0xFF, 0x40, 0x00, 0x00, 0x00, 0x00,
    0x6F, 0xFE, 0x00, 0x00, 0x00, 0x0B, 0xFF, 0xA0, 0x00, 0x00, 0x00, 0x00, 0xBF, 0xF9, 0x00, 0x00,
    0x00, 0x05, 0xFF, 0xE1, 0x00, 0x00, 0x00, 0x02, 0xFF, 0xF4, 0x00, 0x00, 0x00, 0x01, 0xEF, 0xF6,
    0x00, 0x00, 0x00, 0x08, 0xFF, 0xFF, 0xFF, 0xFF, 0xFF, 0xFF, 0xFF, 0xFC, 0x00, 0x00, 0x00, 0x0D,
    0xFF, 0xFF, 0xFF, 0xFF, 0xFF, 0xFF, 0xFF, 0xFF, 0x20, 0x00, 0x00, 0x4F, 0xFF, 0xFF, 0xFF, 0xFF,
    0xFF, 0xFF, 0xFF, 0xFF, 0x80, 0x00, 0x00, 0xAF, 0xFD, 0x00, 0x00, 0x00, 0x00, 0x00, 0x09, 0xFF,
    0xD0, 0x00, 0x01, 0xFF, 0xF7, 0x00, 0x00, 0x00, 0x00, 0x00, 0x03, 0xFF, 0xF4, 0x00, 0x06, 0xFF,
    0xF2, 0x00, 0x00, 0x00, 0x00, 0x00, 0x00, 0xCF, 0xFA, 0x00, 0x0C, 0xFF, 0xB0, 0x00, 0x00, 0x00,
    0x00, 0x00, 0x00, 0x7F, 0xFF, 0x10, 0x3F, 0xFF, 0x50, 0x00, 0x00, 0x00, 0x00, 0x00, 0x00, 0x1F,
    0xFF, 0x60, 0x8F, 0xFE, 0x10, 0x00, 0x00, 0x00, 0x00, 0x00, 0x00, 0x0B, 0xFF, 0xC0, 0x00, 0x00,
    0x00, 0x00, 0x06, 0xFF, 0xF9, 0x00, 0x00, 0x00, 0x00, 0x00, 0x00, 0x00, 0x00, 0x00, 0x4F, 0xF9,
    0xEF, 0x70, 0x00, 0x00, 0x00, 0x00, 0x00, 0x00, 0x00, 0x03, 0xEF, 0x60, 0x3E, 0xF6, 0x00, 0x00,
    0x00, 0x00, 0x00, 0x00, 0x00, 0x2D, 0xF6, 0x00, 0x03, 0xEF, 0x40, 0x00, 0x00, 0x00, 0x00, 0x00,
    0x00, 0x00, 0x00, 0x00, 0x00, 0x00, 0x00, 0x00, 0x00, 0x00, 0x00, 0x00, 0x00, 0x00, 0x00, 0x00,
    0x00, 0x00, 0x00, 0x00, 0x00, 0x00, 0x00, 0x00, 0x00, 0x00, 0x07, 0xFF, 0xFB, 0x00, 0x00, 0x00,
    0x00, 0x00, 0x00, 0x00, 0x00, 0x00, 0x0D, 0xFF, 0xFF, 0x20, 0x00, 0x00, 0x00, 0x00, 0x00, 0x00,
    0x00, 0x00, 0x3F, 0xFF, 0xFF, 0x70, 0x00, 0x00, 0x00, 0x00, 0x00, 0x00, 0x00, 0x00, 0x9F, 0xFD,
    0xFF, 0xD0, 0x00, 0x00, 0x00, 0x00, 0x00, 0x00, 0x00, 0x00, 0xEF, 0xF4, 0xEF, 0xF3, 0x00, 0x00,
    0x00, 0x00, 0x00, 0x00, 0x00, 0x05, 0xFF, 0xD0, 0x9F, 0xF9, 0x00, 0x00, 0x00, 0x00, 0x00, 0x00,
    0x00, 0x0B, 0xFF, 0x70, 0x4F, 0xFE, 0x10, 0x00, 0x00, 0x00, 0x00, 0x00, 0x00, 0x2F, 0xFF, 0x20,
    0x0D, 0xFF, 0x50, 0x00, 0x00, 0x00, 0x00, 0x00, 0x00, 0x7F, 0xFC, 0x00, 0x08, 0xFF, 0xB0, 0x00,
    0x00, 0x00, 0x00, 0x00, 0x00, 0xDF, 0xF6, 0x00, 0x02, 0xFF, 0xF2, 0x00, 0x00, 0x00, 0x00, 0x00,
    0x04, 0xFF, 0xF1, 0x00, 0x00, 0xCF, 0xF7, 0x00, 0x00, 0x00, 0x00, 0x00, 0x09, 0xFF, 0xA0, 0x00,
    0x00, 0x7F, 0xFD, 0x00, 0x00, 0x00, 0x00, 0x00, 0x1E, 0xFF, 0x50, 0x00, 0x00, 0x1F, 0xFF, 0x40,
    0x00, 0x00, 0x00, 0x00, 0x6F, 0xFE, 0x00, 0x00, 0x00, 0x0B, 0xFF, 0xA0, 0x00, 0x00, 0x00, 0x00,
    0xBF, 0xF9, 0x00, 0x00, 0x00, 0x05, 0xFF, 0xE1, 0x00, 0x00, 0x00, 0x02, 0xFF, 0xF4, 0x00, 0x00,
    0x00, 0x01, 0xEF, 0xF6, 0x00, 0x00, 0x00, 0x08, 0xFF, 0xFF, 0xFF, 0xFF, 0xFF, 0xFF, 0xFF, 0xFC,
    0x00, 0x00, 0x00, 0x0D, 0xFF, 0xFF, 0xFF, 0xFF, 0xFF, 0xFF, 0xFF, 0xFF, 0x20, 0x00, 0x00, 0x4F,
    0xFF, 0xFF, 0xFF, 0xFF, 0xFF, 0xFF, 0xFF, 0xFF, 0x80, 0x00, 0x00, 0xAF, 0xFD, 0x00, 0x00, 0x00,
    0x00, 0x00, 0x09, 0xFF, 0xD0, 0x00, 0x01, 0xFF, 0xF7, 0x00, 0x00, 0x00, 0x00, 0x00, 0x03, 0xFF,
    0xF4, 0x00, 0x06, 0xFF, 0xF2, 0x00, 0x00, 0x00, 0x00, 0x00, 0x00, 0xCF, 0xFA, 0x00, 0x0C, 0xFF,
    0xB0, 0x00, 0x00, 0x00, 0x00, 0x00, 0x00, 0x7F, 0xFF, 0x10, 0x3F, 0xFF, 0x50, 0x00, 0x00, 0x00,
    0x00, 0x00, 0x00, 0x1F, 0xFF, 0x60, 0x8F, 0xFE, 0x10, 0x00, 0x00, 0x00, 0x00, 0x00, 0x00, 0x0B,
    0xFF, 0xC0, 0x00, 0x00, 0x00, 0x06, 0xDE, 0xB4, 0x00, 0x0F, 0xF1, 0x00, 0x00, 0x00, 0x00, 0x00,
    0x00, 0x3F, 0xFF, 0xFF, 0x91, 0x6F, 0xD0, 0x00, 0x00, 0x00, 0x00, 0x00, 0x00, 0xAF, 0x91, 0x7E,
    0xFF, 0xFF, 0x60, 0x00, 0x00, 0x00, 0x00, 0x00, 0x00, 0xCF, 0x40, 0x02, 0xAE, 0xE8, 0x00, 0x00,
    0x00, 0x00, 0x00, 0x00, 0x00, 0x00, 0x00, 0x00, 0x00, 0x00, 0x00, 0x00, 0x00, 0x00, 0x00, 0x00,
    0x00, 0x00, 0x00, 0x00, 0x00, 0x00, 0x00, 0x00, 0x00, 0x00, 0x00, 0x00, 0x00, 0x00, 0x07, 0xFF,
    0xFB, 0x00, 0x00, 0x00, 0x00, 0x00, 0x00, 0x00, 0x00, 0x00, 0x0D, 0xFF, 0xFF, 0x20, 0x00, 0x00,
    0x00, 0x00, 0x00, 0x00, 0x00, 0x00, 0x3F, 0xFF, 0xFF, 0x70, 0x00, 0x00, 0x00, 0x00, 0x00, 0x00,
    0x00, 0x00, 0x9F, 0xFD, 0xFF, 0xD0, 0x00, 0x00, 0x00, 0x00, 0x00, 0x00, 0x00, 0x00, 0xEF, 0xF4,
    0xEF, 0xF3, 0x00, 0x00, 0x00, 0x00, 0x00, 0x00, 0x00, 0x05, 0xFF, 0xD0, 0x9F, 0xF9, 0x00, 0x00,
    0x00, 0x00, 0x00, 0x00, 0x00, 0x0B, 0xFF, 0x70, 0x4F, 0xFE, 0x10, 0x00, 0x00, 0x00, 0x00, 0x00,
    0x00, 0x2F, 0xFF, 0x20, 0x0D, 0xFF, 0x50, 0x00, 0x00, 0x00, 0x00, 0x00, 0x00, 0x7F, 0xFC, 0x00,
    0x08, 0xFF, 0xB0, 0x00, 0x00, 0x00, 0x00, 0x00, 0x00, 0xDF, 0xF6, 0x00, 0x02, 0xFF, 0xF2, 0x00,
    0x00, 0x00, 0x00, 0x00, 0x04, 0xFF, 0xF1, 0x00, 0x00, 0xCF, 0xF7, 0x00, 0x00, 0x00, 0x00, 0x00,
    0x09, 0xFF, 0xA0, 0x00, 0x00, 0x7F, 0xFD, 0x00, 0x00, 0x00, 0x00, 0x00, 0x1E, 0xFF, 0x50, 0x00,
    0x00, 0x1F, 0xFF, 0x40, 0x00, 0x00, 0x00, 0x00, 0x6F, 0xFE, 0x00, 0x00, 0x00, 0x0B, 0xFF, 0xA0,
    0x00, 0x00, 0x00, 0x00, 0xBF, 0xF9, 0x00, 0x00, 0x00, 0x05, 0xFF, 0xE1, 0x00, 0x00, 0x00, 0x02,
    0xFF, 0xF4, 0x00, 0x00, 0x00, 0x01, 0xEF, 0xF6, 0x00, 0x00, 0x00, 0x08, 0xFF, 0xFF, 0xFF, 0xFF,
    0xFF, 0xFF, 0xFF, 0xFC, 0x00, 0x00, 0x00, 0x0D, 0xFF, 0xFF, 0xFF, 0xFF, 0xFF, 0xFF, 0xFF, 0xFF,
    0x20, 0x00, 0x00, 0x4F, 0xFF, 0xFF, 0xFF, 0xFF, 0xFF, 0xFF, 0xFF, 0xFF, 0x80, 0x00, 0x00, 0xAF,
    0xFD, 0x00, 0x00, 0x00, 0x00, 0x00, 0x09, 0xFF, 0xD0, 0x00, 0x01, 0xFF, 0xF7, 0x00, 0x00, 0x00,
    0x00, 0x00, 0x03, 0xFF, 0xF4, 0x00, 0x06, 0xFF, 0xF2, 0x00, 0x00, 0x00, 0x00, 0x00, 0x00, 0xCF,
    0xFA, 0x00, 0x0C, 0xFF, 0xB0, 0x00, 0x00, 0x00, 0x00, 0x00, 0x00, 0x7F, 0xFF, 0x10, 0x3F, 0xFF,
    0x50, 0x00, 0x00, 0x00, 0x00, 0x00, 0x00, 0x1F, 0xFF, 0x60, 0x8F, 0xFE, 0x10, 0x00, 0x00, 0x00,
    0x00, 0x00, 0x00, 0x0B, 0xFF, 0xC0, 0x00, 0x00, 0x00, 0x5F, 0xFF, 0x10, 0x0C, 0xFF, 0x80, 0x00,
    0x00, 0x00, 0x00, 0x00, 0x00, 0x5F, 0xFF, 0x10, 0x0C, 0xFF, 0x80, 0x00, 0x00, 0x00, 0x00, 0x00,
    0x00, 0x5F, 0xFF, 0x10, 0x0C, 0xFF, 0x80, 0x00, 0x00, 0x00, 0x00, 0x00, 0x00, 0x00, 0x00, 0x00,
    0x00, 0x00, 0x00, 0x00, 0x00, 0x00, 0x00, 0x00, 0x00, 0x00, 0x00, 0x00, 0x00, 0x00, 0x00, 0x00,
    0x00, 0x00, 0x00, 0x00, 0x00, 0x00, 0x07, 0xFF, 0xFB, 0x00, 0x00, 0x00, 0x00, 0x00, 0x00, 0x00,
    0x00, 0x00, 0x0D, 0xFF, 0xFF, 0x20, 0x00, 0x00, 0x00, 0x00, 0x00, 0x00, 0x00, 0x00, 0x3F, 0xFF,
    0xFF, 0x70, 0x00, 0x00, 0x00, 0x00, 0x00, 0x00, 0x00, 0x00, 0x9F, 0xFD, 0xFF, 0xD0, 0x00, 0x00,
    0x00, 0x00, 0x00, 0x00, 0x00, 0x00, 0xEF, 0xF4, 0xEF, 0xF3, 0x00, 0x00, 0x00, 0x00, 0x00, 0x00,
    0x00, 0x05, 0xFF, 0xD0, 0x9F, 0xF9, 0x00, 0x00, 0x00, 0x00, 0x00, 0x00, 0x00, 0x0B, 0xFF, 0x70,
    0x4F, 0xFE, 0x10, 0x00, 0x00, 0x00, 0x00, 0x00, 0x00, 0x2F, 0xFF, 0x20, 0x0D, 0xFF, 0x50, 0x00,
    0x00, 0x00, 0x00, 0x00, 0x00, 0x7F, 0xFC, 0x00, 0x08, 0xFF, 0xB0, 0x00, 0x00, 0x00, 0x00, 0x00,
    0x00, 0xDF, 0xF6, 0x00, 0x02, 0xFF, 0xF2, 0x00, 0x00, 0x00, 0x00, 0x00, 0x04, 0xFF, 0xF1, 0x00,
    0x00, 0xCF, 0xF7, 0x00, 0x00, 0x00, 0x00, 0x00, 0x09, 0xFF, 0xA0, 0x00, 0x00, 0x7F, 0xFD, 0x00,
    0x00, 0x00, 0x00, 0x00, 0x1E, 0xFF, 0x50, 0x00, 0x00, 0x1F, 0xFF, 0x40, 0x00, 0x00, 0x00, 0x00,
    0x6F, 0xFE, 0x00, 0x00, 0x00, 0x0B, 0xFF, 0xA0, 0x00, 0x00, 0x00, 0x00, 0xBF, 0xF9, 0x00, 0x00,
    0x00, 0x05, 0xFF, 0xE1, 0x00, 0x00, 0x00, 0x02, 0xFF, 0xF4, 0x00, 0x00, 0x00, 0x01, 0xEF, 0xF6,
    0x00, 0x00, 0x00, 0x08, 0xFF, 0xFF, 0xFF, 0xFF, 0xFF, 0xFF, 0xFF, 0xFC, 0x00, 0x00, 0x00, 0x0D,
    0xFF, 0xFF, 0xFF, 0xFF, 0xFF, 0xFF, 0xFF, 0xFF, 0x20, 0x00, 0x00, 0x4F, 0xFF, 0xFF, 0xFF, 0xFF,
    0xFF, 0xFF, 0xFF, 0xFF, 0x80, 0x00, 0x00, 0xAF, 0xFD, 0x00, 0x00, 0x00, 0x00, 0x00, 0x09, 0xFF,
    0xD0, 0x00, 0x01, 0xFF, 0xF7, 0x00, 0x00, 0x00, 0x00, 0x00, 0x03, 0xFF, 0xF4, 0x00, 0x06, 0xFF,
    0xF2, 0x00, 0x00, 0x00, 0x00, 0x00, 0x00, 0xCF, 0xFA, 0x00, 0x0C, 0xFF, 0xB0, 0x00, 0x00, 0x00,
    0x00, 0x00, 0x00, 0x7F, 0xFF, 0x10, 0x3F, 0xFF, 0x50, 0x00, 0x00, 0x00, 0x00, 0x00, 0x00, 0x1F,
    0xFF, 0x60, 0x8F, 0xFE, 0x10, 0x00, 0x00, 0x00, 0x00, 0x00, 0x00, 0x0B, 0xFF, 0xC0, 0x00, 0x00,
    0x00, 0x00, 0x07, 0xDF, 0xD9, 0x10, 0x00, 0x00, 0x00, 0x00, 0x00, 0x00, 0x00, 0x00, 0xBF, 0xFF,
    0xFF, 0xD1, 0x00, 0x00, 0x00, 0x00, 0x00, 0x00, 0x00, 0x06, 0xFE, 0x51, 0x3C, 0xFA, 0x00, 0x00,
    0x00, 0x00, 0x00, 0x00, 0x00, 0x0C, 0xF5, 0x00, 0x02, 0xFF, 0x10, 0x00, 0x00, 0x00, 0x00, 0x00,
    0x00, 0x0E, 0xF2, 0x00, 0x00, 0xEF, 0x20, 0x00, 0x00, 0x00, 0x00, 0x00, 0x00, 0x0C, 0xF5, 0x00,
    0x02, 0xFF, 0x10, 0x00, 0x00, 0x00, 0x00, 0x00, 0x00, 0x07, 0xFE, 0x51, 0x3C, 0xFB, 0x00, 0x00,
    0x00, 0x00, 0x00, 0x00, 0x00, 0x00, 0xCF, 0xFF, 0xFF, 0xE2, 0x00, 0x00, 0x00, 0x00, 0x00, 0x00,
    0x00, 0x00, 0x1F, 0xFF, 0xFF, 0x40, 0x00, 0x00, 0x00, 0x00, 0x00, 0x00, 0x00, 0x00, 0x5F, 0xFF,
    0xFF, 0x90, 0x00, 0x00, 0x00, 0x00, 0x00, 0x00, 0x00, 0x00, 0xBF, 0xFB, 0xFF, 0xE0, 0x00, 0x00,
    0x00, 0x00, 0x00, 0x00, 0x00, 0x01, 0xFF, 0xF2, 0xDF, 0xF5, 0x00, 0x00, 0x00, 0x00, 0x00, 0x00,
    0x00, 0x07, 0xFF, 0xC0, 0x8F, 0xFA, 0x00, 0x00, 0x00, 0x00, 0x00, 0x00, 0x00, 0x0C, 0xFF, 0x70,
    0x3F, 0xFF, 0x10, 0x00, 0x00, 0x00, 0x00, 0x00, 0x00, 0x3F, 0xFF, 0x20, 0x0D, 0xFF, 0x70, 0x00,
    0x00, 0x00, 0x00, 0x00, 0x00, 0x9F, 0xFB, 0x00, 0x07, 0xFF, 0xC0, 0x00, 0x00, 0x00, 0x00, 0x00,
    0x00, 0xEF, 0xF6, 0x00, 0x02, 0xFF, 0xF3, 0x00, 0x00, 0x00, 0x00, 0x00, 0x05, 0xFF, 0xF1, 0x00,
    0x00, 0xCF, 0xF8, 0x00, 0x00, 0x00, 0x00, 0x00, 0x0A, 0xFF, 0xA0, 0x00, 0x00, 0x6F, 0xFE, 0x00,
    0x00, 0x00, 0x00, 0x00, 0x1F, 0xFF, 0x50, 0x00, 0x00, 0x1F, 0xFF, 0x50, 0x00, 0x00, 0x00, 0x00,
    0x7F, 0xFE, 0x10, 0x00, 0x00, 0x0B, 0xFF, 0xA0, 0x00, 0x00, 0x00, 0x00, 0xCF, 0xFA, 0x00, 0x00,
    0x00, 0x06, 0xFF, 0xF1, 0x00, 0x00, 0x00, 0x03, 0xFF, 0xF4, 0x00, 0x00, 0x00, 0x01, 0xFF, 0xF6,
    0x00, 0x00, 0x00, 0x08, 0xFF, 0xFF, 0xFF, 0xFF, 0xFF, 0xFF, 0xFF, 0xFC, 0x00, 0x00, 0x00, 0x0E,
    0xFF, 0xFF, 0xFF, 0xFF, 0xFF, 0xFF, 0xFF, 0xFF, 0x30, 0x00, 0x00, 0x5F, 0xFF, 0xFF, 0xFF, 0xFF,
    0xFF, 0xFF, 0xFF, 0xFF, 0x80, 0x00, 0x00, 0xAF, 0xFD, 0x00, 0x00, 0x00, 0x00, 0x00, 0x09, 0xFF,
    0xE0, 0x00, 0x01, 0xFF, 0xF7, 0x00, 0x00, 0x00, 0x00, 0x00, 0x03, 0xFF, 0xF5, 0x00, 0x06, 0xFF,
    0xF2, 0x00, 0x00, 0x00, 0x00, 0x00, 0x00, 0xCF, 0xFA, 0x00, 0x0C, 0xFF, 0xB0, 0x00, 0x00, 0x00,
    0x00, 0x00, 0x00, 0x7F, 0xFF, 0x10, 0x3F, 0xFF, 0x50, 0x00, 0x00, 0x00, 0x00, 0x00, 0x00, 0x1F,
    0xFF, 0x60, 0x8F, 0xFE, 0x10, 0x00, 0x00, 0x00, 0x00, 0x00, 0x00, 0x0B, 0xFF, 0xC0, 0x00, 0x00,
    0x00, 0x00, 0x00, 0xAF, 0xFF, 0xFF, 0xFF, 0xFF, 0xFF, 0xFF, 0xFF, 0xFF, 0xFF, 0x90, 0x00, 0x00,
    0x00, 0x00, 0x02, 0xFF, 0xFF, 0xFF, 0xFF, 0xFF, 0xFF, 0xFF, 0xFF, 0xFF, 0xFF, 0x90, 0x00, 0x00,
    0x00, 0x00, 0x08, 0xFF, 0xFF, 0xFF, 0xFF, 0xFF, 0xFF, 0xFF, 0xFF, 0xFF, 0xFF, 0x90, 0x00, 0x00,
    0x00, 0x00, 0x0E, 0xFF, 0x90, 0x1F, 0xFF, 0x50, 0x00, 0x00, 0x00, 0x00, 0x00, 0x00, 0x00, 0x00,
    0x00, 0x00, 0x5F, 0xFF, 0x30, 0x1F, 0xFF, 0x50, 0x00, 0x00, 0x00, 0x00, 0x00, 0x00, 0x00, 0x00,
    0x00, 0x00, 0xCF, 0xFB, 0x00, 0x1F, 0xFF, 0x50, 0x00, 0x00, 0x00, 0x00, 0x00, 0x00, 0x00, 0x00,
    0x00, 0x03, 0xFF, 0xF5, 0x00, 0x1F, 0xFF, 0x50, 0x00, 0x00, 0x00, 0x00, 0x00, 0x00, 0x00, 0x00,
    0x00, 0x09, 0xFF, 0xE0, 0x00, 0x1F, 0xFF, 0x50, 0x00, 0x00, 0x00, 0x00, 0x00, 0x00, 0x00, 0x00,
    0x00, 0x1E, 0xFF, 0x70, 0x00, 0x1F, 0xFF, 0x50, 0x00, 0x00, 0x00, 0x00, 0x00, 0x00, 0x00, 0x00,
    0x00, 0x6F, 0xFF, 0x10, 0x00, 0x1F, 0xFF, 0x50, 0x00, 0x00, 0x00, 0x00, 0x00, 0x00, 0x00, 0x00,
    0x00, 0xDF, 0xFA, 0x00, 0x00, 0x1F, 0xFF, 0xFF, 0xFF, 0xFF, 0xFF, 0xFF, 0xFF, 0x20, 0x00, 0x00,
    0x04, 0xFF, 0xF4, 0x00, 0x00, 0x1F, 0xFF, 0xFF, 0xFF, 0xFF, 0xFF, 0xFF, 0xFF, 0x20, 0x00, 0x00,
    0x0A, 0xFF, 0xC0, 0x00, 0x00, 0x1F, 0xFF, 0xFF, 0xFF, 0xFF, 0xFF, 0xFF, 0xFF, 0x20, 0x00, 0x00,
    0x2F, 0xFF, 0x60, 0x00, 0x00, 0x1F, 0xFF, 0x50, 0x00, 0x00, 0x00, 0x00, 0x00, 0x00, 0x00, 0x00,
    0x8F, 0xFE, 0x10, 0x00, 0x00, 0x1F, 0xFF, 0x50, 0x00, 0x00, 0x00, 0x00, 0x00, 0x00, 0x00, 0x00,
    0xDF, 0xF8, 0x00, 0x00, 0x00, 0x1F, 0xFF, 0x50, 0x00, 0x00, 0x00, 0x00, 0x00, 0x00, 0x00, 0x05,
    0xFF, 0xFF, 0xFF, 0xFF, 0xFF, 0xFF, 0xFF, 0x50, 0x00, 0x00, 0x00, 0x00, 0x00, 0x00, 0x00, 0x0B,
    0xFF, 0xFF, 0xFF, 0xFF, 0xFF, 0xFF, 0xFF, 0x50, 0x00, 0x00, 0x00, 0x00, 0x00, 0x00, 0x00, 0x2F,
    0xFF, 0xFF, 0xFF, 0xFF, 0xFF, 0xFF, 0xFF, 0x50, 0x00, 0x00, 0x00, 0x00, 0x00, 0x00, 0x00, 0x9F,
    0xFE, 0x10, 0x00, 0x00, 0x00, 0x1F, 0xFF, 0x50, 0x00, 0x00, 0x00, 0x00, 0x00, 0x00, 0x01, 0xEF,
    0xF8, 0x00, 0x00, 0x00, 0x00, 0x1F, 0xFF, 0x50, 0x00, 0x00, 0x00, 0x00, 0x00, 0x00, 0x06, 0xFF,
    0xF2, 0x00, 0x00, 0x00, 0x00, 0x1F, 0xFF, 0x50, 0x00, 0x00, 0x00, 0x00, 0x00, 0x00, 0x0C, 0xFF,
    0xA0, 0x00, 0x00, 0x00, 0x00, 0x1F, 0xFF, 0xFF, 0xFF, 0xFF, 0xFF, 0xFF, 0xFF, 0xE0, 0x4F, 0xFF,
    0x30, 0x00, 0x00, 0x00, 0x00, 0x1F, 0xFF, 0xFF, 0xFF, 0xFF, 0xFF, 0xFF, 0xFF, 0xE0, 0xAF, 0xFB,
    0x00, 0x00, 0x00, 0x00, 0x00, 0x1F, 0xFF, 0xFF, 0xFF, 0xFF, 0xFF, 0xFF, 0xFF, 0xE0, 0x00, 0x00,
    0x00, 0x00, 0x48, 0xCD, 0xEF, 0xEC, 0x96, 0x10, 0x00, 0x00, 0x00, 0x00, 0x6D, 0xFF, 0xFF, 0xFF,
    0xFF, 0xFF, 0xFA, 0x30, 0x00, 0x00, 0x1B, 0xFF, 0xFF, 0xFF, 0xFF, 0xFF, 0xFF, 0xFF, 0xD0, 0x00,
    0x01, 0xDF, 0xFF, 0xF9, 0x52, 0x10, 0x24, 0x8D, 0xFF, 0xD0, 0x00, 0x0B, 0xFF, 0xFB, 0x20, 0x00,
    0x00, 0x00, 0x00, 0x5D, 0xD0, 0x00, 0x6F, 0xFF, 0xA0, 0x00, 0x00, 0x00, 0x00, 0x00, 0x01, 0x90,
    0x00, 0xDF, 0xFD, 0x10, 0x00, 0x00, 0x00, 0x00, 0x00, 0x00, 0x00, 0x05, 0xFF, 0xF6, 0x00, 0x00,
    0x00, 0x00, 0x00, 0x00, 0x00, 0x00, 0x09, 0xFF, 0xF1, 0x00, 0x00, 0x00, 0x00, 0x00, 0x00, 0x00,
    0x00, 0x0C, 0xFF, 0xC0, 0x00, 0x00, 0x00, 0x00, 0x00, 0x00, 0x00, 0x00, 0x0E, 0xFF, 0x90, 0x00,
    0x00, 0x00, 0x00, 0x00, 0x00, 0x00, 0x00, 0x0F, 0xFF, 0x80, 0x00, 0x00, 0x00, 0x00, 0x00, 0x00,
    0x00, 0x00, 0x1F, 0xFF, 0x70, 0x00, 0x00, 0x00, 0x00, 0x00, 0x00, 0x00, 0x00, 0x0F, 0xFF, 0x80,
    0x00, 0x00, 0x00, 0x00, 0x00, 0x00, 0x00, 0x00, 0x0E, 0xFF, 0x90, 0x00, 0x00, 0x00, 0x00, 0x00,
    0x00, 0x00, 0x00, 0x0C, 0xFF, 0xC0, 0x00, 0x00, 0x00, 0x00, 0x00, 0x00, 0x00, 0x00, 0x09, 0xFF,
    0xF1, 0x00, 0x00, 0x00, 0x00, 0x00, 0x00, 0x00, 0x00, 0x05, 0xFF, 0xF6, 0x00, 0x00, 0x00, 0x00,
    0x00, 0x00, 0x00, 0x00, 0x00, 0xDF, 0xFD, 0x10, 0x00, 0x00, 0x00, 0x00, 0x00, 0x00, 0x00, 0x00,
    0x6F, 0xFF, 0xA0, 0x00, 0x00, 0x00, 0x00, 0x00, 0x01, 0x90, 0x00, 0x0B, 0xFF, 0xFB, 0x20, 0x00,
    0x00, 0x00, 0x00, 0x5D, 0xD0, 0x00, 0x01, 0xDF, 0xFF, 0xF9, 0x52, 0x10, 0x24, 0x8D, 0xFF, 0xD0,
    0x00, 0x00, 0x1B, 0xFF, 0xFF, 0xFF, 0xFF, 0xFF, 0xFF, 0xFF, 0xD0, 0x00, 0x00, 0x00, 0x6D, 0xFF,
    0xFF, 0xFF, 0xFF, 0xFF, 0xFA, 0x30, 0x00, 0x00, 0x00, 0x00, 0x59, 0xCD, 0xEF, 0xEC, 0x96, 0x10,
    0x00, 0x00, 0x00, 0x00, 0x00, 0x00, 0x00, 0xBF, 0x40, 0x00, 0x00, 0x00, 0x00, 0x00, 0x00, 0x00,
    0x00, 0x00, 0x3F, 0xD1, 0x00, 0x00, 0x00, 0x00, 0x00, 0x00, 0x00, 0x00, 0x00, 0x0C, 0xF6, 0x00,
    0x00, 0x00, 0x00, 0x00, 0x00, 0x00, 0x00, 0x00, 0x0A, 0xFA, 0x00, 0x00, 0x00, 0x00, 0x00, 0x00,
    0x00, 0x28, 0x21, 0x4E, 0xF9, 0x00, 0x00, 0x00, 0x00, 0x00, 0x00, 0x00, 0x3F, 0xFF, 0xFF, 0xF3,
    0x00, 0x00, 0x00, 0x00, 0x00, 0x00, 0x00, 0x2B, 0xEF, 0xEB, 0x40, 0x00, 0x00, 0x00, 0x00, 0x00,
    0x7F, 0xF9, 0x00, 0x00, 0x00, 0x00, 0x00, 0x00, 0x00, 0x07, 0xFF, 0x60, 0x00, 0x00, 0x00, 0x00,
    0x00, 0x00, 0x00, 0x8F, 0xF4, 0x00, 0x00, 0x00, 0x00, 0x00, 0x00, 0x00, 0x09, 0xFE, 0x20, 0x00,
    0x00, 0x00, 0x00, 0x00, 0x00, 0x00, 0x00, 0x00, 0x00, 0x00, 0x00, 0x00, 0x00, 0x00, 0x00, 0x00,
    0x00, 0x00, 0x00, 0x00, 0xAF, 0xFF, 0xFF, 0xFF, 0xFF, 0xFF, 0xFF, 0xFF, 0x00, 0xAF, 0xFF, 0xFF,
    0xFF, 0xFF, 0xFF, 0xFF, 0xFF, 0x00, 0xAF, 0xFF, 0xFF, 0xFF, 0xFF, 0xFF, 0xFF, 0xFF, 0x00, 0xAF,
    0xFA, 0x00, 0x00, 0x00, 0x00, 0x00, 0x00, 0x00, 0xAF, 0xFA, 0x00, 0x00, 0x00, 0x00, 0x00, 0x00,
    0x00, 0xAF, 0xFA, 0x00, 0x00, 0x00, 0x00, 0x00, 0x00, 0x00, 0xAF, 0xFA, 0x00, 0x00, 0x00, 0x00,
    0x00, 0x00, 0x00, 0xAF, 0xFA, 0x00, 0x00, 0x00, 0x00, 0x00, 0x00, 0x00, 0xAF, 0xFA, 0x00, 0x00,
    0x00, 0x00, 0x00, 0x00, 0x00, 0xAF, 0xFA, 0x00, 0x00, 0x00, 0x00, 0x00, 0x00, 0x00, 0xAF, 0xFF,
    0xFF, 0xFF, 0xFF, 0xFF, 0xFF, 0xF8, 0x00, 0xAF, 0xFF, 0xFF, 0xFF, 0xFF, 0xFF, 0xFF, 0xF8, 0x00,
    0xAF, 0xFF, 0xFF, 0xFF, 0xFF, 0xFF, 0xFF, 0xF8, 0x00, 0xAF, 0xFA, 0x00, 0x00, 0x00, 0x00, 0x00,
    0x00, 0x00, 0xAF, 0xFA, 0x00, 0x00, 0x00, 0x00, 0x00, 0x00, 0x00, 0xAF, 0xFA, 0x00, 0x00, 0x00,
    0x00, 0x00, 0x00, 0x00, 0xAF, 0xFA, 0x00, 0x00, 0x00, 0x00, 0x00, 0x00, 0x00, 0xAF, 0xFA, 0x00,
    0x00, 0x00, 0x00, 0x00, 0x00, 0x00, 0xAF, 0xFA, 0x00, 0x00, 0x00, 0x00, 0x00, 0x00, 0x00, 0xAF,
    0xFA, 0x00, 0x00, 0x00, 0x00, 0x00, 0x00, 0x00, 0xAF, 0xFA, 0x00, 0x00, 0x00, 0x00, 0x00, 0x00,
    0x00, 0xAF, 0xFA, 0x00, 0x00, 0x00, 0x00, 0x00, 0x00, 0x00, 0xAF, 0xFF, 0xFF, 0xFF, 0xFF, 0xFF,
    0xFF, 0xFF, 0x50, 0xAF, 0xFF, 0xFF, 0xFF, 0xFF, 0xFF, 0xFF, 0xFF, 0x50, 0xAF, 0xFF, 0xFF, 0xFF,
    0xFF, 0xFF, 0xFF, 0xFF, 0x50, 0x00, 0x00, 0x00, 0x00, 0x6F, 0xF9, 0x00, 0x00, 0x00, 0x00, 0x00,
    0x00, 0x03, 0xFF, 0xA0, 0x00, 0x00, 0x00, 0x00, 0x00, 0x00, 0x2E, 0xFB, 0x00, 0x00, 0x00, 0x00,
    0x00, 0x00, 0x00, 0xCF, 0xB1, 0x00, 0x00, 0x00, 0x00, 0x00, 0x00, 0x00, 0x00, 0x00, 0x00, 0x00,
    0x00, 0x00, 0x00, 0x00, 0x00, 0x00, 0x00, 0x00, 0x00, 0x00, 0x00, 0xAF, 0xFF, 0xFF, 0xFF, 0xFF,
    0xFF, 0xFF, 0xFF, 0x00, 0xAF, 0xFF, 0xFF, 0xFF, 0xFF, 0xFF, 0xFF, 0xFF, 0x00, 0xAF, 0xFF, 0xFF,
    0xFF, 0xFF, 0xFF, 0xFF, 0xFF, 0x00, 0xAF, 0xFA, 0x00, 0x00, 0x00, 0x00, 0x00, 0x00, 0x00, 0xAF,
    0xFA, 0x00, 0x00, 0x00, 0x00, 0x00, 0x00, 0x00, 0xAF, 0xFA, 0x00, 0x00, 0x00, 0x00, 0x00, 0x00,
    0x00, 0xAF, 0xFA, 0x00, 0x00, 0x00, 0x00, 0x00, 0x00, 0x00, 0xAF, 0xFA, 0x00, 0x00, 0x00, 0x00,
    0x00, 0x00, 0x00, 0xAF, 0xFA, 0x00, 0x00, 0x00, 0x00, 0x00, 0x00, 0x00, 0xAF, 0xFA, 0x00, 0x00,
    0x00, 0x00, 0x00, 0x00, 0x00, 0xAF, 0xFF, 0xFF, 0xFF, 0xFF, 0xFF, 0xFF, 0xF8, 0x00, 0xAF, 0xFF,
    0xFF, 0xFF, 0xFF, 0xFF, 0xFF, 0xF8, 0x00, 0xAF, 0xFF, 0xFF, 0xFF, 0xFF, 0xFF, 0xFF, 0xF8, 0x00,
    0xAF, 0xFA, 0x00, 0x00, 0x00, 0x00, 0x00, 0x00, 0x00, 0xAF, 0xFA, 0x00, 0x00, 0x00, 0x00, 0x00,
    0x00, 0x00, 0xAF, 0xFA, 0x00, 0x00, 0x00, 0x00, 0x00, 0x00, 0x00, 0xAF, 0xFA, 0x00, 0x00, 0x00,
    0x00, 0x00, 0x00, 0x00, 0xAF, 0xFA, 0x00, 0x00, 0x00, 0x00, 0x00, 0x00, 0x00, 0xAF, 0xFA, 0x00,
    0x00, 0x00, 0x00, 0x00, 0x00, 0x00, 0xAF, 0xFA, 0x00, 0x00, 0x00, 0x00, 0x00, 0x00, 0x00, 0xAF,
    0xFA, 0x00, 0x00, 0x00, 0x00, 0x00, 0x00, 0x00, 0xAF, 0xFA, 0x00, 0x00, 0x00, 0x00, 0x00, 0x00,
    0x00, 0xAF, 0xFF, 0xFF, 0xFF, 0xFF, 0xFF, 0xFF, 0xFF, 0x50, 0xAF, 0xFF, 0xFF, 0xFF, 0xFF, 0xFF,
    0xFF, 0xFF, 0x50, 0xAF, 0xFF, 0xFF, 0xFF, 0xFF, 0xFF, 0xFF, 0xFF, 0x50, 0x00, 0x00, 0x01, 0xCF,
    0xFE, 0x30, 0x00, 0x00, 0x00, 0x00, 0x00, 0x0B, 0xFD, 0xAF, 0xD2, 0x00, 0x00, 0x00, 0x00, 0x00,
    0x9F, 0xC1, 0x0A, 0xFC, 0x10, 0x00, 0x00, 0x00, 0x08, 0xFC, 0x10, 0x00, 0x9F, 0xB0, 0x00, 0x00,
    0x00, 0x00, 0x00, 0x00, 0x00, 0x00, 0x00, 0x00, 0x00, 0x00, 0x00, 0x00, 0x00, 0x00, 0x00, 0x00,
    0x00, 0x00, 0xAF, 0xFF, 0xFF, 0xFF, 0xFF, 0xFF, 0xFF, 0xFF, 0x00, 0xAF, 0xFF, 0xFF, 0xFF, 0xFF,
    0xFF, 0xFF, 0xFF, 0x00, 0xAF, 0xFF, 0xFF, 0xFF, 0xFF, 0xFF, 0xFF, 0xFF, 0x00, 0xAF, 0xFA, 0x00,
    0x00, 0x00, 0x00, 0x00, 0x00, 0x00, 0xAF, 0xFA, 0x00, 0x00, 0x00, 0x00, 0x00, 0x00, 0x00, 0xAF,
    0xFA, 0x00, 0x00, 0x00, 0x00, 0x00, 0x00, 0x00, 0xAF, 0xFA, 0x00, 0x00, 0x00, 0x00, 0x00, 0x00,
    0x00, 0xAF, 0xFA, 0x00, 0x00, 0x00, 0x00, 0x00, 0x00, 0x00, 0xAF, 0xFA, 0x00, 0x00, 0x00, 0x00,
    0x00, 0x00, 0x00, 0xAF, 0xFA, 0x00, 0x00, 0x00, 0x00, 0x00, 0x00, 0x00, 0xAF, 0xFF, 0xFF, 0xFF,
    0xFF, 0xFF, 0xFF, 0xF8, 0x00, 0xAF, 0xFF, 0xFF, 0xFF, 0xFF, 0xFF, 0xFF, 0xF8, 0x00, 0xAF, 0xFF,
    0xFF, 0xFF, 0xFF, 0xFF, 0xFF, 0xF8, 0x00, 0xAF, 0xFA, 0x00, 0x00, 0x00, 0x00, 0x00, 0x00, 0x00,
    0xAF, 0xFA, 0x00, 0x00, 0x00, 0x00, 0x00, 0x00, 0x00, 0xAF, 0xFA, 0x00, 0x00, 0x00, 0x00, 0x00,
    0x00, 0x00, 0xAF, 0xFA, 0x00, 0x00, 0x00, 0x00, 0x00, 0x00, 0x00, 0xAF, 0xFA, 0x00, 0x00, 0x00,
    0x00, 0x00, 0x00, 0x00, 0xAF, 0xFA, 0x00, 0x00, 0x00, 0x00, 0x00, 0x00, 0x00, 0xAF, 0xFA, 0x00,
    0x00, 0x00, 0x00, 0x00, 0x00, 0x00, 0xAF, 0xFA, 0x00, 0x00, 0x00, 0x00, 0x00, 0x00, 0x00, 0xAF,
    0xFA, 0x00, 0x00, 0x00, 0x00, 0x00, 0x00, 0x00, 0xAF, 0xFF, 0xFF, 0xFF, 0xFF, 0xFF, 0xFF, 0xFF,
    0x50, 0xAF, 0xFF, 0xFF, 0xFF, 0xFF, 0xFF, 0xFF, 0xFF, 0x50, 0xAF, 0xFF, 0xFF, 0xFF, 0xFF, 0xFF,
    0xFF, 0xFF, 0x50, 0x00, 0x0C, 0xFF, 0x80, 0x05, 0xFF, 0xF1, 0x00, 0x00, 0x00, 0x0C, 0xFF, 0x80,
    0x05, 0xFF, 0xF1, 0x00, 0x00, 0x00, 0x0C, 0xFF, 0x80, 0x05, 0xFF, 0xF1, 0x00, 0x00, 0x00, 0x00,
    0x00, 0x00, 0x00, 0x00, 0x00, 0x00, 0x00, 0x00, 0x00, 0x00, 0x00, 0x00, 0x00, 0x00, 0x00, 0x00,
    0xAF, 0xFF, 0xFF, 0xFF, 0xFF, 0xFF, 0xFF, 0xFF, 0x00, 0xAF, 0xFF, 0xFF, 0xFF, 0xFF, 0xFF, 0xFF,
    0xFF, 0x00, 0xAF, 0xFF, 0xFF, 0xFF, 0xFF, 0xFF, 0xFF, 0xFF, 0x00, 0xAF, 0xFA, 0x00, 0x00, 0x00,
    0x00, 0x00, 0x00, 0x00, 0xAF, 0xFA, 0x00, 0x00, 0x00, 0x00, 0x00, 0x00, 0x00, 0xAF, 0xFA, 0x00,
    0x00, 0x00, 0x00, 0x00, 0x00, 0x00, 0xAF, 0xFA, 0x00, 0x00, 0x00, 0x00, 0x00, 0x00, 0x00, 0xAF,
    0xFA, 0x00, 0x00, 0x00, 0x00, 0x00, 0x00, 0x00, 0xAF, 0xFA, 0x00, 0x00, 0x00, 0x00, 0x00, 0x00,
    0x00, 0xAF, 0xFA, 0x00, 0x00, 0x00, 0x00, 0x00, 0x00, 0x00, 0xAF, 0xFF, 0xFF, 0xFF, 0xFF, 0xFF,
    0xFF, 0xF8, 0x00, 0xAF, 0xFF, 0xFF, 0xFF, 0xFF, 0xFF, 0xFF, 0xF8, 0x00, 0xAF, 0xFF, 0xFF, 0xFF,
    0xFF, 0xFF, 0xFF, 0xF8, 0x00, 0xAF, 0xFA, 0x00, 0x00, 0x00, 0x00, 0x00, 0x00, 0x00, 0xAF, 0xFA,
    0x00, 0x00, 0x00, 0x00, 0x00, 0x00, 0x00, 0xAF, 0xFA, 0x00, 0x00, 0x00, 0x00, 0x00, 0x00, 0x00,
    0xAF, 0xFA, 0x00, 0x00, 0x00, 0x00, 0x00, 0x00, 0x00, 0xAF, 0xFA, 0x00, 0x00, 0x00, 0x00, 0x00,
    0x00, 0x00, 0xAF, 0xFA, 0x00, 0x00, 0x00, 0x00, 0x00, 0x00, 0x00, 0xAF, 0xFA, 0x00, 0x00, 0x00,
    0x00, 0x00, 0x00, 0x00, 0xAF, 0xFA, 0x00, 0x00, 0x00, 0x00, 0x00, 0x00, 0x00, 0xAF, 0xFA, 0x00,
    0x00, 0x00, 0x00, 0x00, 0x00, 0x00, 0xAF, 0xFF, 0xFF, 0xFF, 0xFF, 0xFF, 0xFF, 0xFF, 0x50, 0xAF,
    0xFF, 0xFF, 0xFF, 0xFF, 0xFF, 0xFF, 0xFF, 0x50, 0xAF, 0xFF, 0xFF, 0xFF, 0xFF, 0xFF, 0xFF, 0xFF,
    0x50, 0x8F, 0xF7, 0x00, 0x00, 0x09, 0xFF, 0x50, 0x00, 0x00, 0x9F, 0xE3, 0x00, 0x00, 0x0A, 0xFD,
    0x10, 0x00, 0x00, 0x00, 0x00, 0x00, 0x00, 0x00, 0x00, 0x00, 0xAF, 0xFA, 0x00, 0x00, 0xAF, 0xFA,
    0x00, 0x00, 0xAF, 0xFA, 0x00, 0x00, 0xAF, 0xFA, 0x00, 0x00, 0xAF, 0xFA, 0x00, 0x00, 0xAF, 0xFA,
    0x00, 0x00, 0xAF, 0xFA, 0x00, 0x00, 0xAF, 0xFA, 0x00, 0x00, 0xAF, 0xFA, 0x00, 0x00, 0xAF, 0xFA,
    0x00, 0x00, 0xAF, 0xFA, 0x00, 0x00, 0xAF, 0xFA, 0x00, 0x00, 0xAF, 0xFA, 0x00, 0x00, 0xAF, 0xFA,
    0x00, 0x00, 0xAF, 0xFA, 0x00, 0x00, 0xAF, 0xFA, 0x00, 0x00, 0xAF, 0xFA, 0x00, 0x00, 0xAF, 0xFA,
    0x00, 0x00, 0xAF, 0xFA, 0x00, 0x00, 0xAF, 0xFA, 0x00, 0x00, 0xAF, 0xFA, 0x00, 0x00, 0xAF, 0xFA,
    0x00, 0x00, 0xAF, 0xFA, 0x00, 0x00, 0xAF, 0xFA, 0x00, 0x00, 0xAF, 0xFA, 0x00, 0x00, 0x07, 0xFF,
    0x80, 0x00, 0x4F, 0xF9, 0x00, 0x02, 0xEF, 0xA0, 0x00, 0x1D, 0xFA, 0x00, 0x00, 0x00, 0x00, 0x00,
    0x00, 0x00, 0x00, 0x00, 0x00, 0x0A, 0xFF, 0xA0, 0x00, 0x0A, 0xFF, 0xA0, 0x00, 0x0A, 0xFF, 0xA0,
    0x00, 0x0A, 0xFF, 0xA0, 0x00, 0x0A, 0xFF, 0xA0, 0x00, 0x0A, 0xFF, 0xA0, 0x00, 0x0A, 0xFF, 0xA0,
    0x00, 0x0A, 0xFF, 0xA0, 0x00, 0x0A, 0xFF, 0xA0, 0x00, 0x0A, 0xFF, 0xA0, 0x00, 0x0A, 0xFF, 0xA0,
    0x00, 0x0A, 0xFF, 0xA0, 0x00, 0x0A, 0xFF, 0xA0, 0x00, 0x0A, 0xFF, 0xA0, 0x00, 0x0A, 0xFF, 0xA0,
    0x00, 0x0A, 0xFF, 0xA0, 0x00, 0x0A, 0xFF, 0xA0, 0x00, 0x0A, 0xFF, 0xA0, 0x00, 0x0A, 0xFF, 0xA0,
    0x00, 0x0A, 0xFF, 0xA0, 0x00, 0x0A, 0xFF, 0xA0, 0x00, 0x0A, 0xFF, 0xA0, 0x00, 0x0A, 0xFF, 0xA0,
    0x00, 0x0A, 0xFF, 0xA0, 0x00, 0x0A, 0xFF, 0xA0, 0x00, 0x00, 0x1D, 0xFF, 0xE2, 0x00, 0x01, 0xCF,
    0xCB, 0xFD, 0x10, 0x0B, 0xFC, 0x11, 0xBF, 0xB0, 0x9F, 0xB1, 0x00, 0x0B, 0xFA, 0x00, 0x00, 0x00,
    0x00, 0x00, 0x00, 0x00, 0x00, 0x00, 0x00, 0x00, 0x0A, 0xFF, 0xA0, 0x00, 0x00, 0x0A, 0xFF, 0xA0,
    0x00, 0x00, 0x0A, 0xFF, 0xA0, 0x00, 0x00, 0x0A, 0xFF, 0xA0, 0x00, 0x00, 0x0A, 0xFF, 0xA0, 0x00,
    0x00, 0x0A, 0xFF, 0xA0, 0x00, 0x00, 0x0A, 0xFF, 0xA0, 0x00, 0x00, 0x0A, 0xFF, 0xA0, 0x00, 0x00,
    0x0A, 0xFF, 0xA0, 0x00, 0x00, 0x0A, 0xFF, 0xA0, 0x00, 0x00, 0x0A, 0xFF, 0xA0, 0x00, 0x00, 0x0A,
    0xFF, 0xA0, 0x00, 0x00, 0x0A, 0xFF, 0xA0, 0x00, 0x00, 0x0A, 0xFF, 0xA0, 0x00, 0x00, 0x0A, 0xFF,
    0xA0, 0x00, 0x00, 0x0A, 0xFF, 0xA0, 0x00, 0x00, 0x0A, 0xFF, 0xA0, 0x00, 0x00, 0x0A, 0xFF, 0xA0,
    0x00, 0x00, 0x0A, 0xFF, 0xA0, 0x00, 0x00, 0x0A, 0xFF, 0xA0, 0x00, 0x00, 0x0A, 0xFF, 0xA0, 0x00,
    0x00, 0x0A, 0xFF, 0xA0, 0x00, 0x00, 0x0A, 0xFF, 0xA0, 0x00, 0x00, 0x0A, 0xFF, 0xA0, 0x00, 0x00,
    0x0A, 0xFF, 0xA0, 0x00, 0xEF, 0xF7, 0x00, 0x6F, 0xFF, 0xEF, 0xF7, 0x00, 0x6F, 0xFF, 0xEF, 0xF7,
    0x00, 0x6F, 0xFF, 0x00, 0x00, 0x00, 0x00, 0x00, 0x00, 0x00, 0x00, 0x00, 0x00, 0x00, 0x0A, 0xFF,
    0xA0, 0x00, 0x00, 0x0A, 0xFF, 0xA0, 0x00, 0x00, 0x0A, 0xFF, 0xA0, 0x00, 0x00, 0x0A, 0xFF, 0xA0,
    0x00, 0x00, 0x0A, 0xFF, 0xA0, 0x00, 0x00, 0x0A, 0xFF, 0xA0, 0x00, 0x00, 0x0A, 0xFF, 0xA0, 0x00,
    0x00, 0x0A, 0xFF, 0xA0, 0x00, 0x00, 0x0A, 0xFF, 0xA0, 0x00, 0x00, 0x0A, 0xFF, 0xA0, 0x00, 0x00,
    0x0A, 0xFF, 0xA0, 0x00, 0x00, 0x0A, 0xFF, 0xA0, 0x00, 0x00, 0x0A, 0xFF, 0xA0, 0x00, 0x00, 0x0A,
    0xFF, 0xA0, 0x00, 0x00, 0x0A, 0xFF, 0xA0, 0x00, 0x00, 0x0A, 0xFF, 0xA0, 0x00, 0x00, 0x0A, 0xFF,
    0xA0, 0x00, 0x00, 0x0A, 0xFF, 0xA0, 0x00, 0x00, 0x0A, 0xFF, 0xA0, 0x00, 0x00, 0x0A, 0xFF, 0xA0,
    0x00, 0x00, 0x0A, 0xFF, 0xA0, 0x00, 0x00, 0x0A, 0xFF, 0xA0, 0x00, 0x00, 0x0A, 0xFF, 0xA0, 0x00,
    0x00, 0x0A, 0xFF, 0xA0, 0x00, 0x00, 0x0A, 0xFF, 0xA0, 0x00, 0x00, 0x08, 0xFF, 0xFF, 0xFF, 0xFE,
    0xDC, 0xA7, 0x40, 0x00, 0x00, 0x00, 0x00, 0x00, 0x08, 0xFF, 0xFF, 0xFF, 0xFF, 0xFF, 0xFF, 0xFD,
    0x81, 0x00, 0x00, 0x00, 0x00, 0x08, 0xFF, 0xFF, 0xFF, 0xFF, 0xFF, 0xFF, 0xFF, 0xFE, 0x40, 0x00,
    0x00, 0x00, 0x08, 0xFF, 0xD0, 0x00, 0x01, 0x13, 0x6A, 0xFF, 0xFF, 0xF6, 0x00, 0x00, 0x00, 0x08,
    0xFF, 0xD0, 0x00, 0x00, 0x00, 0x00, 0x19, 0xFF, 0xFF, 0x40, 0x00, 0x00, 0x08, 0xFF, 0xD0, 0x00,
    0x00, 0x00, 0x00, 0x00, 0x7F, 0xFF, 0xC0, 0x00, 0x00, 0x08, 0xFF, 0xD0, 0x00, 0x00, 0x00, 0x00,
    0x00, 0x0A, 0xFF, 0xF5, 0x00, 0x00, 0x08, 0xFF, 0xD0, 0x00, 0x00, 0x00, 0x00, 0x00, 0x02, 0xFF,
    0xFA, 0x00, 0x00, 0x08, 0xFF, 0xD0, 0x00, 0x00, 0x00, 0x00, 0x00, 0x00, 0xBF, 0xFD, 0x00, 0x00,
    0x08, 0xFF, 0xD0, 0x00, 0x00, 0x00, 0x00, 0x00, 0x00, 0x8F, 0xFF, 0x20, 0x00, 0x08, 0xFF, 0xD0,
    0x00, 0x00, 0x00, 0x00, 0x00, 0x00, 0x5F, 0xFF, 0x30, 0xCF, 0xFF, 0xFF, 0xFF, 0xFF, 0xFF, 0x70,
    0x00, 0x00, 0x00, 0x4F, 0xFF, 0x40, 0xCF, 0xFF, 0xFF, 0xFF, 0xFF, 0xFF, 0x70, 0x00, 0x00, 0x00,
    0x3F, 0xFF, 0x50, 0xCF, 0xFF, 0xFF, 0xFF, 0xFF, 0xFF, 0x70, 0x00, 0x00, 0x00, 0x4F, 0xFF, 0x40,
    0x00, 0x08, 0xFF, 0xD0, 0x00, 0x00, 0x00, 0x00, 0x00, 0x00, 0x5F, 0xFF, 0x30, 0x00, 0x08, 0xFF,
    0xD0, 0x00, 0x00, 0x00, 0x00, 0x00, 0x00, 0x8F, 0xFF, 0x20, 0x00, 0x08, 0xFF, 0xD0, 0x00, 0x00,
    0x00, 0x00, 0x00, 0x00, 0xBF, 0xFD, 0x00, 0x00, 0x08, 0xFF, 0xD0, 0x00, 0x00, 0x00, 0x00, 0x00,
    0x02, 0xFF, 0xFA, 0x00, 0x00, 0x08, 0xFF, 0xD0, 0x00, 0x00, 0x00, 0x00, 0x00, 0x0A, 0xFF, 0xF4,
    0x00, 0x00, 0x08, 0xFF, 0xD0, 0x00, 0x00, 0x00, 0x00, 0x00, 0x7F, 0xFF, 0xC0, 0x00, 0x00, 0x08,
    0xFF, 0xD0, 0x00, 0x00, 0x00, 0x00, 0x19, 0xFF, 0xFF, 0x30, 0x00, 0x00, 0x08, 0xFF, 0xD0, 0x00,
    0x00, 0x13, 0x6A, 0xFF, 0xFF, 0xF5, 0x00, 0x00, 0x00, 0x08, 0xFF, 0xFF, 0xFF, 0xFF, 0xFF, 0xFF,
    0xFF, 0xFE, 0x40, 0x00, 0x00, 0x00, 0x08, 0xFF, 0xFF, 0xFF, 0xFF, 0xFF, 0xFF, 0xFD, 0x81, 0x00,
    0x00, 0x00, 0x00, 0x08, 0xFF, 0xFF, 0xFF, 0xFE, 0xDC, 0xA7, 0x40, 0x00, 0x00, 0x00, 0x00, 0x00,
    0x00, 0x05, 0xDE, 0xC4, 0x00, 0x0E, 0xF2, 0x00, 0x00, 0x00, 0x00, 0x2F, 0xFF, 0xFF, 0xA2, 0x5F,
    0xE0, 0x00, 0x00, 0x00, 0x00, 0x8F, 0xB1, 0x6E, 0xFF, 0xFF, 0x80, 0x00, 0x00, 0x00, 0x00, 0xBF,
    0x50, 0x02, 0x9E, 0xE9, 0x00, 0x00, 0x00, 0x00, 0x00, 0x00, 0x00, 0x00, 0x00, 0x00, 0x00, 0x00,
    0x00, 0x00, 0x00, 0x00, 0x00, 0x00, 0x00, 0x00, 0x00, 0x00, 0x00, 0xAF, 0xFF, 0xF2, 0x00, 0x00,
    0x00, 0x00, 0x02, 0xFF, 0xF1, 0xAF, 0xFF, 0xFA, 0x00, 0x00, 0x00, 0x00, 0x02, 0xFF, 0xF1, 0xAF,
    0xFF, 0xFF, 0x30, 0x00, 0x00, 0x00, 0x02, 0xFF, 0xF1, 0xAF, 0xFF, 0xFF, 0xA0, 0x00, 0x00, 0x00,
    0x02, 0xFF, 0xF1, 0xAF, 0xFC, 0xFF, 0xF3, 0x00, 0x00, 0x00, 0x02, 0xFF, 0xF1, 0xAF, 0xF9, 0xAF,
    0xFB, 0x00, 0x00, 0x00, 0x02, 0xFF, 0xF1, 0xAF, 0xF9, 0x2F, 0xFF, 0x40, 0x00, 0x00, 0x02, 0xFF,
    0xF1, 0xAF, 0xF9, 0x09, 0xFF, 0xC0, 0x00, 0x00, 0x02, 0xFF, 0xF1, 0xAF, 0xF9, 0x02, 0xFF, 0xF5,
    0x00, 0x00, 0x02, 0xFF, 0xF1, 0xAF, 0xF9, 0x00, 0x8F, 0xFD, 0x00, 0x00, 0x02, 0xFF, 0xF1, 0xAF,
    0xF9, 0x00, 0x1E, 0xFF, 0x60, 0x00, 0x02, 0xFF, 0xF1, 0xAF, 0xF9, 0x00, 0x08, 0xFF, 0xD0, 0x00,
    0x02, 0xFF, 0xF1, 0xAF, 0xF9, 0x00, 0x01, 0xEF, 0xF6, 0x00, 0x02, 0xFF, 0xF1, 0xAF, 0xF9, 0x00,
    0x00, 0x7F, 0xFE, 0x10, 0x02, 0xFF, 0xF1, 0xAF, 0xF9, 0x00, 0x00, 0x1E, 0xFF, 0x70, 0x02, 0xFF,
    0xF1, 0xAF, 0xF9, 0x00, 0x00, 0x06, 0xFF, 0xE1, 0x02, 0xFF, 0xF1, 0xAF, 0xF9, 0x00, 0x00, 0x00,
    0xDF, 0xF8, 0x02, 0xFF, 0xF1, 0xAF, 0xF9, 0x00, 0x00, 0x00, 0x5F, 0xFE, 0x12, 0xFF, 0xF1, 0xAF,
    0xF9, 0x00, 0x00, 0x00, 0x0C, 0xFF, 0x92, 0xFF, 0xF1, 0xAF, 0xF9, 0x00, 0x00, 0x00, 0x05, 0xFF,
    0xF4, 0xFF, 0xF1, 0xAF, 0xF9, 0x00, 0x00, 0x00, 0x00, 0xCF, 0xFC, 0xFF, 0xF1, 0xAF, 0xF9, 0x00,
    0x00, 0x00, 0x00, 0x4F, 0xFF, 0xFF, 0xF1, 0xAF, 0xF9, 0x00, 0x00, 0x00, 0x00, 0x0B, 0xFF, 0xFF,
    0xF1, 0xAF, 0xF9, 0x00, 0x00, 0x00, 0x00, 0x03, 0xFF, 0xFF, 0xF1, 0xAF, 0xF9, 0x00, 0x00, 0x00,
    0x00, 0x00, 0xAF, 0xFF, 0xF1, 0x00, 0x00, 0x00, 0x00, 0x3E, 0xFC, 0x10, 0x00, 0x00, 0x00, 0x00,
    0x00, 0x00, 0x00, 0x00, 0x00, 0x04, 0xFF, 0xA0, 0x00, 0x00, 0x00, 0x00, 0x00, 0x00, 0x00, 0x00,
    0x00, 0x00, 0x4F, 0xF7, 0x00, 0x00, 0x00, 0x00, 0x00, 0x00, 0x00, 0x00, 0x00, 0x00, 0x05, 0xFF,
    0x50, 0x00, 0x00, 0x00, 0x00, 0x00, 0x00, 0x00, 0x00, 0x00, 0x00, 0x00, 0x00, 0x00, 0x00, 0x00,
    0x00, 0x00, 0x00, 0x00, 0x00, 0x00, 0x00, 0x00, 0x00, 0x00, 0x00, 0x00, 0x00, 0x00, 0x00, 0x00,
    0x01, 0x6A, 0xDE, 0xFE, 0xC9, 0x50, 0x00, 0x00, 0x00, 0x00, 0x00, 0x01, 0x7E, 0xFF, 0xFF, 0xFF,
    0xFF, 0xFD, 0x60, 0x00, 0x00, 0x00, 0x00, 0x2C, 0xFF, 0xFF, 0xFF, 0xFF, 0xFF, 0xFF, 0xFA, 0x00,
    0x00, 0x00, 0x02, 0xDF, 0xFF, 0xE8, 0x31, 0x02, 0x49, 0xFF, 0xFF, 0xB0, 0x00, 0x00, 0x0B, 0xFF,
    0xFA, 0x10, 0x00, 0x00, 0x00, 0x2D, 0xFF, 0xF8, 0x00, 0x00, 0x7F, 0xFF, 0xA0, 0x00, 0x00, 0x00,
    0x00, 0x01, 0xDF, 0xFF, 0x30, 0x00, 0xDF, 0xFD, 0x10, 0x00, 0x00, 0x00, 0x00, 0x00, 0x3F, 0xFF,
    0xA0, 0x05, 0xFF, 0xF6, 0x00, 0x00, 0x00, 0x00, 0x00, 0x00, 0x0A, 0xFF, 0xF1, 0x09, 0xFF, 0xF1,
    0x00, 0x00, 0x00, 0x00, 0x00, 0x00, 0x04, 0xFF, 0xF5, 0x0C, 0xFF, 0xC0, 0x00, 0x00, 0x00, 0x00,
    0x00, 0x00, 0x01, 0xFF, 0xF9, 0x0E, 0xFF, 0x90, 0x00, 0x00, 0x00, 0x00, 0x00, 0x00, 0x00, 0xDF,
    0xFB, 0x0F, 0xFF, 0x80, 0x00, 0x00, 0x00, 0x00, 0x00, 0x00, 0x00, 0xBF, 0xFC, 0x1F, 0xFF, 0x70,
    0x00, 0x00, 0x00, 0x00, 0x00, 0x00, 0x00, 0xBF, 0xFD, 0x0F, 0xFF, 0x80, 0x00, 0x00, 0x00, 0x00,
    0x00, 0x00, 0x00, 0xBF, 0xFC, 0x0E, 0xFF, 0x90, 0x00, 0x00, 0x00, 0x00, 0x00, 0x00, 0x00, 0xDF,
    0xFB, 0x0C, 0xFF, 0xC0, 0x00, 0x00, 0x00, 0x00, 0x00, 0x00, 0x01, 0xFF, 0xF9, 0x09, 0xFF, 0xF1,
    0x00, 0x00, 0x00, 0x00, 0x00, 0x00, 0x04, 0xFF, 0xF5, 0x05, 0xFF, 0xF6, 0x00, 0x00, 0x00, 0x00,
    0x00, 0x00, 0x0A, 0xFF, 0xF2, 0x00, 0xDF, 0xFD, 0x10, 0x00, 0x00, 0x00, 0x00, 0x00, 0x3F, 0xFF,
    0xA0, 0x00, 0x7F, 0xFF, 0xA0, 0x00, 0x00, 0x00, 0x00, 0x01, 0xDF, 0xFF, 0x30, 0x00, 0x0C, 0xFF,
    0xFA, 0x10, 0x00, 0x00, 0x00, 0x2C, 0xFF, 0xF8, 0x00, 0x00, 0x02, 0xEF, 0xFF, 0xE8, 0x31, 0x01,
    0x49, 0xFF, 0xFF, 0xB0, 0x00, 0x00, 0x00, 0x2C, 0xFF, 0xFF, 0xFF, 0xFF, 0xFF, 0xFF, 0xFA, 0x10,
    0x00, 0x00, 0x00, 0x01, 0x8E, 0xFF, 0xFF, 0xFF, 0xFF, 0xFD, 0x60, 0x00, 0x00, 0x00, 0x00, 0x00,
    0x01, 0x6A, 0xDE, 0xFE, 0xC9, 0x51, 0x00, 0x00, 0x00, 0x00, 0x00, 0x00, 0x00, 0x00, 0x00, 0x2E,
    0xFC, 0x10, 0x00, 0x00, 0x00, 0x00, 0x00, 0x00, 0x00, 0x00, 0x01, 0xDF, 0xD1, 0x00, 0x00, 0x00,
    0x00, 0x00, 0x00, 0x00, 0x00, 0x00, 0x0B, 0xFD, 0x20, 0x00, 0x00, 0x00, 0x00, 0x00, 0x00, 0x00,
    0x00, 0x00, 0x8F, 0xE2, 0x00, 0x00, 0x00, 0x00, 0x00, 0x00, 0x00, 0x00, 0x00, 0x00, 0x00, 0x00,
    0x00, 0x00, 0x00, 0x00, 0x00, 0x00, 0x00, 0x00, 0x00, 0x00, 0x00, 0x00, 0x00, 0x00, 0x00, 0x00,
    0x00, 0x00, 0x00, 0x00, 0x01, 0x6A, 0xDE, 0xFE, 0xC9, 0x50, 0x00, 0x00, 0x00, 0x00, 0x00, 0x01,
    0x7E, 0xFF, 0xFF, 0xFF, 0xFF, 0xFD, 0x60, 0x00, 0x00, 0x00, 0x00, 0x2C, 0xFF, 0xFF, 0xFF, 0xFF,
    0xFF, 0xFF, 0xFA, 0x00, 0x00, 0x00, 0x02, 0xDF, 0xFF, 0xE8, 0x31, 0x02, 0x49, 0xFF, 0xFF, 0xB0,
    0x00, 0x00, 0x0B, 0xFF, 0xFA, 0x10, 0x00, 0x00, 0x00, 0x2D, 0xFF, 0xF8, 0x00, 0x00, 0x7F, 0xFF,
    0xA0, 0x00, 0x00, 0x00, 0x00, 0x01, 0xDF, 0xFF, 0x30, 0x00, 0xDF, 0xFD, 0x10, 0x00, 0x00, 0x00,
    0x00, 0x00, 0x3F, 0xFF, 0xA0, 0x05, 0xFF, 0xF6, 0x00, 0x00, 0x00, 0x00, 0x00, 0x00, 0x0A, 0xFF,
    0xF1, 0x09, 0xFF, 0xF1, 0x00, 0x00, 0x00, 0x00, 0x00, 0x00, 0x04, 0xFF, 0xF5, 0x0C, 0xFF, 0xC0,
    0x00, 0x00, 0x00, 0x00, 0x00, 0x00, 0x01, 0xFF, 0xF9, 0x0E, 0xFF, 0x90, 0x00, 0x00, 0x00, 0x00,
    0x00, 0x00, 0x00, 0xDF, 0xFB, 0x0F, 0xFF, 0x80, 0x00, 0x00, 0x00, 0x00, 0x00, 0x00, 0x00, 0xBF,
    0xFC, 0x1F, 0xFF, 0x70, 0x00, 0x00, 0x00, 0x00, 0x00, 0x00, 0x00, 0xBF, 0xFD, 0x0F, 0xFF, 0x80,
    0x00, 0x00, 0x00, 0x00, 0x00, 0x00, 0x00, 0xBF, 0xFC, 0x0E, 0xFF, 0x90, 0x00, 0x00, 0x00, 0x00,
    0x00, 0x00, 0x00, 0xDF, 0xFB, 0x0C, 0xFF, 0xC0, 0x00, 0x00, 0x00, 0x00, 0x00, 0x00, 0x01, 0xFF,
    0xF9, 0x09, 0xFF, 0xF1, 0x00, 0x00, 0x00, 0x00, 0x00, 0x00, 0x04, 0xFF, 0xF5, 0x05, 0xFF, 0xF6,
    0x00, 0x00, 0x00, 0x00, 0x00, 0x00, 0x0A, 0xFF, 0xF2, 0x00, 0xDF, 0xFD, 0x10, 0x00, 0x00, 0x00,
    0x00, 0x00, 0x3F, 0xFF, 0xA0, 0x00, 0x7F, 0xFF, 0xA0, 0x00, 0x00, 0x00, 0x00, 0x01, 0xDF, 0xFF,
    0x30, 0x00, 0x0C, 0xFF, 0xFA, 0x10, 0x00, 0x00, 0x00, 0x2C, 0xFF, 0xF8, 0x00, 0x00, 0x02, 0xEF,
    0xFF, 0xE8, 0x31, 0x01, 0x49, 0xFF, 0xFF, 0xB0, 0x00, 0x00, 0x00, 0x2C, 0xFF, 0xFF, 0xFF, 0xFF,
    0xFF, 0xFF, 0xFA, 0x10, 0x00, 0x00, 0x00, 0x01, 0x8E, 0xFF, 0xFF, 0xFF, 0xFF, 0xFD, 0x60, 0x00,
    0x00, 0x00, 0x00, 0x00, 0x01, 0x6A, 0xDE, 0xFE, 0xC9, 0x51, 0x00, 0x00, 0x00, 0x00, 0x00, 0x00,
    0x00, 0x00, 0x9F, 0xFF, 0x60, 0x00, 0x00, 0x00, 0x00, 0x00, 0x00, 0x00, 0x00, 0x07, 0xFE, 0x9F,
    0xF4, 0x00, 0x00, 0x00, 0x00, 0x00, 0x00, 0x00, 0x00, 0x5F, 0xE4, 0x06, 0xFE, 0x30, 0x00, 0x00,
    0x00, 0x00, 0x00, 0x00, 0x04, 0xFE, 0x30, 0x00, 0x6F, 0xD2, 0x00, 0x00, 0x00, 0x00, 0x00, 0x00,
    0x00, 0x00, 0x00, 0x00, 0x00, 0x00, 0x00, 0x00, 0x00, 0x00, 0x00, 0x00, 0x00, 0x00, 0x00, 0x00,
    0x00, 0x00, 0x00, 0x00, 0x00, 0x00, 0x00, 0x00, 0x01, 0x6A, 0xDE, 0xFE, 0xC9, 0x50, 0x00, 0x00,
    0x00, 0x00, 0x00, 0x01, 0x7E, 0xFF, 0xFF, 0xFF, 0xFF, 0xFD, 0x60, 0x00, 0x00, 0x00, 0x00, 0x2C,
    0xFF, 0xFF, 0xFF, 0xFF, 0xFF, 0xFF, 0xFA, 0x00, 0x00, 0x00, 0x02, 0xDF, 0xFF, 0xE8, 0x31, 0x02,
    0x49, 0xFF, 0xFF, 0xB0, 0x00, 0x00, 0x0B, 0xFF, 0xFA, 0x10, 0x00, 0x00, 0x00, 0x2D, 0xFF, 0xF8,
    0x00, 0x00, 0x7F, 0xFF, 0xA0, 0x00, 0x00, 0x00, 0x00, 0x01, 0xDF, 0xFF, 0x30, 0x00, 0xDF, 0xFD,
    0x10, 0x00, 0x00, 0x00, 0x00, 0x00, 0x3F, 0xFF, 0xA0, 0x05, 0xFF, 0xF6, 0x00, 0x00, 0x00, 0x00,
    0x00, 0x00, 0x0A, 0xFF, 0xF1, 0x09, 0xFF, 0xF1, 0x00, 0x00, 0x00, 0x00, 0x00, 0x00, 0x04, 0xFF,
    0xF5, 0x0C, 0xFF, 0xC0, 0x00, 0x00, 0x00, 0x00, 0x00, 0x00, 0x01, 0xFF, 0xF9, 0x0E, 0xFF, 0x90,
    0x00, 0x00, 0x00, 0x00, 0x00, 0x00, 0x00, 0xDF, 0xFB, 0x0F, 0xFF, 0x80, 0x00, 0x00, 0x00, 0x00,
    0x00, 0x00, 0x00, 0xBF, 0xFC, 0x1F, 0xFF, 0x70, 0x00, 0x00, 0x00, 0x00, 0x00, 0x00, 0x00, 0xBF,
    0xFD, 0x0F, 0xFF, 0x80, 0x00, 0x00, 0x00, 0x00, 0x00, 0x00, 0x00, 0xBF, 0xFC, 0x0E, 0xFF, 0x90,
    0x00, 0x00, 0x00, 0x00, 0x00, 0x00, 0x00, 0xDF, 0xFB, 0x0C, 0xFF, 0xC0, 0x00, 0x00, 0x00, 0x00,
    0x00, 0x00, 0x01, 0xFF, 0xF9, 0x09, 0xFF, 0xF1, 0x00, 0x00, 0x00, 0x00, 0x00, 0x00, 0x04, 0xFF,
    0xF5, 0x05, 0xFF, 0xF6, 0x00, 0x00, 0x00, 0x00, 0x00, 0x00, 0x0A, 0xFF, 0xF2, 0x00, 0xDF, 0xFD,
    0x10, 0x00, 0x00, 0x00, 0x00, 0x00, 0x3F, 0xFF, 0xA0, 0x00, 0x7F, 0xFF, 0xA0, 0x00, 0x00, 0x00,
    0x00, 0x01, 0xDF, 0xFF, 0x30, 0x00, 0x0C, 0xFF, 0xFA, 0x10, 0x00, 0x00, 0x00, 0x2C, 0xFF, 0xF8,
    0x00, 0x00, 0x02, 0xEF, 0xFF, 0xE8, 0x31, 0x01, 0x49, 0xFF, 0xFF, 0xB0, 0x00, 0x00, 0x00, 0x2C,
    0xFF, 0xFF, 0xFF, 0xFF, 0xFF, 0xFF, 0xFA, 0x10, 0x00, 0x00, 0x00, 0x01, 0x8E, 0xFF, 0xFF, 0xFF,
    0xFF, 0xFD, 0x60, 0x00, 0x00, 0x00, 0x00, 0x00, 0x01, 0x6A, 0xDE, 0xFE, 0xC9, 0x51, 0x00, 0x00,
    0x00, 0x00, 0x00, 0x00, 0x00, 0x8E, 0xEA, 0x20, 0x04, 0xFC, 0x00, 0x00, 0x00, 0x00, 0x00, 0x00,
    0x07, 0xFF, 0xFF, 0xE7, 0x19, 0xFA, 0x00, 0x00, 0x00, 0x00, 0x00, 0x00, 0x0D, 0xF6, 0x19, 0xFF,
    0xFF, 0xF3, 0x00, 0x00, 0x00, 0x00, 0x00, 0x00, 0x0F, 0xF0, 0x00, 0x4B, 0xED, 0x60, 0x00, 0x00,
    0x00, 0x00, 0x00, 0x00, 0x00, 0x00, 0x00, 0x00, 0x00, 0x00, 0x00, 0x00, 0x00, 0x00, 0x00, 0x00,
    0x00, 0x00, 0x00, 0x00, 0x00, 0x00, 0x00, 0x00, 0x00, 0x00, 0x00, 0x00, 0x01, 0x6A, 0xDE, 0xFE,
    0xC9, 0x50, 0x00, 0x00, 0x00, 0x00, 0x00, 0x01, 0x7E, 0xFF, 0xFF, 0xFF, 0xFF, 0xFD, 0x60, 0x00,
    0x00, 0x00, 0x00, 0x2C, 0xFF, 0xFF, 0xFF, 0xFF, 0xFF, 0xFF, 0xFA, 0x00, 0x00, 0x00, 0x02, 0xDF,
    0xFF, 0xE8, 0x31, 0x02, 0x49, 0xFF, 0xFF, 0xB0, 0x00, 0x00, 0x0B, 0xFF, 0xFA, 0x10, 0x00, 0x00,
    0x00, 0x2D, 0xFF, 0xF8, 0x00, 0x00, 0x7F, 0xFF, 0xA0, 0x00, 0x00, 0x00, 0x00, 0x01, 0xDF, 0xFF,
    0x30, 0x00, 0xDF, 0xFD, 0x10, 0x00, 0x00, 0x00, 0x00, 0x00, 0x3F, 0xFF, 0xA0, 0x05, 0xFF, 0xF6,
    0x00, 0x00, 0x00, 0x00, 0x00, 0x00, 0x0A, 0xFF, 0xF1, 0x09, 0xFF, 0xF1, 0x00, 0x00, 0x00, 0x00,
    0x00, 0x00, 0x04, 0xFF, 0xF5, 0x0C, 0xFF, 0xC0, 0x00, 0x00, 0x00, 0x00, 0x00, 0x00, 0x01, 0xFF,
    0xF9, 0x0E, 0xFF, 0x90, 0x00, 0x00, 0x00, 0x00, 0x00, 0x00, 0x00, 0xDF, 0xFB, 0x0F, 0xFF, 0x80,
    0x00, 0x00, 0x00, 0x00, 0x00, 0x00, 0x00, 0xBF, 0xFC, 0x1F, 0xFF, 0x70, 0x00, 0x00, 0x00, 0x00,
    0x00, 0x00, 0x00, 0xBF, 0xFD, 0x0F, 0xFF, 0x80, 0x00, 0x00, 0x00, 0x00, 0x00, 0x00, 0x00, 0xBF,
    0xFC, 0x0E, 0xFF, 0x90, 0x00, 0x00, 0x00, 0x00, 0x00, 0x00, 0x00, 0xDF, 0xFB, 0x0C, 0xFF, 0xC0,
    0x00, 0x00, 0x00, 0x00, 0x00, 0x00, 0x01, 0xFF, 0xF9, 0x09, 0xFF, 0xF1, 0x00, 0x00, 0x00, 0x00,
    0x00, 0x00, 0x04, 0xFF, 0xF5, 0x05, 0xFF, 0xF6, 0x00, 0x00, 0x00, 0x00, 0x00, 0x00, 0x0A, 0xFF,
    0xF2, 0x00, 0xDF, 0xFD, 0x10, 0x00, 0x00, 0x00, 0x00, 0x00, 0x3F, 0xFF, 0xA0, 0x00, 0x7F, 0xFF,
    0xA0, 0x00, 0x00, 0x00, 0x00, 0x01, 0xDF, 0xFF, 0x30, 0x00, 0x0C, 0xFF, 0xFA, 0x10, 0x00, 0x00,
    0x00, 0x2C, 0xFF, 0xF8, 0x00, 0x00, 0x02, 0xEF, 0xFF, 0xE8, 0x31, 0x01, 0x49, 0xFF, 0xFF, 0xB0,
    0x00, 0x00, 0x00, 0x2C, 0xFF, 0xFF, 0xFF, 0xFF, 0xFF, 0xFF, 0xFA, 0x10, 0x00, 0x00, 0x00, 0x01,
    0x8E, 0xFF, 0xFF, 0xFF, 0xFF, 0xFD, 0x60, 0x00, 0x00, 0x00, 0x00, 0x00, 0x01, 0x6A, 0xDE, 0xFE,
    0xC9, 0x51, 0x00, 0x00, 0x00, 0x00, 0x00, 0x00, 0x08, 0xFF, 0xC0, 0x01, 0xFF, 0xF5, 0x00, 0x00,
    0x00, 0x00, 0x00, 0x00, 0x08, 0xFF, 0xC0, 0x01, 0xFF, 0xF5, 0x00, 0x00, 0x00, 0x00, 0x00, 0x00,
    0x08, 0xFF, 0xC0, 0x01, 0xFF, 0xF5, 0x00, 0x00, 0x00, 0x00, 0x00, 0x00, 0x00, 0x00, 0x00, 0x00,
    0x00, 0x00, 0x00, 0x00, 0x00, 0x00, 0x00, 0x00, 0x00, 0x00, 0x00, 0x00, 0x00, 0x00, 0x00, 0x00,
    0x00, 0x00, 0x00, 0x00, 0x01, 0x6A, 0xDE, 0xFE, 0xC9, 0x50, 0x00, 0x00, 0x00, 0x00, 0x00, 0x01,
    0x7E, 0xFF, 0xFF, 0xFF, 0xFF, 0xFD, 0x60, 0x00, 0x00, 0x00, 0x00, 0x2C, 0xFF, 0xFF, 0xFF, 0xFF,
    0xFF, 0xFF, 0xFA, 0x00, 0x00, 0x00, 0x02, 0xDF, 0xFF, 0xE8, 0x31, 0x02, 0x49, 0xFF, 0xFF, 0xB0,
    0x00, 0x00, 0x0B, 0xFF, 0xFA, 0x10, 0x00, 0x00, 0x00, 0x2D, 0xFF, 0xF8, 0x00, 0x00, 0x7F, 0xFF,
    0xA0, 0x00, 0x00, 0x00, 0x00, 0x01, 0xDF, 0xFF, 0x30, 0x00, 0xDF, 0xFD, 0x10, 0x00, 0x00, 0x00,
    0x00, 0x00, 0x3F, 0xFF, 0xA0, 0x05, 0xFF, 0xF6, 0x00, 0x00, 0x00, 0x00, 0x00, 0x00, 0x0A, 0xFF,
    0xF1, 0x09, 0xFF, 0xF1, 0x00, 0x00, 0x00, 0x00, 0x00, 0x00, 0x04, 0xFF, 0xF5, 0x0C, 0xFF, 0xC0,
    0x00, 0x00, 0x00, 0x00, 0x00, 0x00, 0x01, 0xFF, 0xF9, 0x0E, 0xFF, 0x90, 0x00, 0x00, 0x00, 0x00,
    0x00, 0x00, 0x00, 0xDF, 0xFB, 0x0F, 0xFF, 0x80, 0x00, 0x00, 0x00, 0x00, 0x00, 0x00, 0x00, 0xBF,
    0xFC, 0x1F, 0xFF, 0x70, 0x00, 0x00, 0x00, 0x00, 0x00, 0x00, 0x00, 0xBF, 0xFD, 0x0F, 0xFF, 0x80,
    0x00, 0x00, 0x00, 0x00, 0x00, 0x00, 0x00, 0xBF, 0xFC, 0x0E, 0xFF, 0x90, 0x00, 0x00, 0x00, 0x00,
    0x00, 0x00, 0x00, 0xDF, 0xFB, 0x0C, 0xFF, 0xC0, 0x00, 0x00, 0x00, 0x00, 0x00, 0x00, 0x01, 0xFF,
    0xF9, 0x09, 0xFF, 0xF1, 0x00, 0x00, 0x00, 0x00, 0x00, 0x00, 0x04, 0xFF, 0xF5, 0x05, 0xFF, 0xF6,
    0x00, 0x00, 0x00, 0x00, 0x00, 0x00, 0x0A, 0xFF, 0xF2, 0x00, 0xDF, 0xFD, 0x10, 0x00, 0x00, 0x00,
    0x00, 0x00, 0x3F, 0xFF, 0xA0, 0x00, 0x7F, 0xFF, 0xA0, 0x00, 0x00, 0x00, 0x00, 0x01, 0xDF, 0xFF,
    0x30, 0x00, 0x0C, 0xFF, 0xFA, 0x10, 0x00, 0x00, 0x00, 0x2C, 0xFF, 0xF8, 0x00, 0x00, 0x02, 0xEF,
    0xFF, 0xE8, 0x31, 0x01, 0x49, 0xFF, 0xFF, 0xB0, 0x00, 0x00, 0x00, 0x2C, 0xFF, 0xFF, 0xFF, 0xFF,
    0xFF, 0xFF, 0xFA, 0x10, 0x00, 0x00, 0x00, 0x01, 0x8E, 0xFF, 0xFF, 0xFF, 0xFF, 0xFD, 0x60, 0x00,
    0x00, 0x00, 0x00, 0x00, 0x01, 0x6A, 0xDE, 0xFE, 0xC9, 0x51, 0x00, 0x00, 0x00, 0x01, 0xB3, 0x00,
    0x00, 0x00, 0x00, 0x00, 0x00, 0x09, 0x50, 0x1C, 0xFE, 0x30, 0x00, 0x00, 0x00, 0x00, 0x00, 0xAF,
    0xF6, 0x1B, 0xFF, 0xE3, 0x00, 0x00, 0x00, 0x00, 0x0A, 0xFF, 0xF5, 0x01, 0xBF, 0xFE, 0x30, 0x00,
    0x00, 0x00, 0xAF, 0xFF, 0x50, 0x00, 0x1B, 0xFF, 0xE3, 0x00, 0x00, 0x0A, 0xFF, 0xF5, 0x00, 0x00,
    0x01, 0xBF, 0xFE, 0x40, 0x00, 0xAF, 0xFF, 0x50, 0x00, 0x00, 0x00, 0x1B, 0xFF, 0xE4, 0x0A, 0xFF,
    0xF5, 0x00, 0x00, 0x00, 0x00, 0x01, 0xBF, 0xFE, 0xBF, 0xFF, 0x50, 0x00, 0x00, 0x00, 0x00, 0x00,
    0x1B, 0xFF, 0xFF, 0xF4, 0x00, 0x00, 0x00, 0x00, 0x00, 0x00, 0x01, 0xEF, 0xFF, 0x80, 0x00, 0x00,
    0x00, 0x00, 0x00, 0x00, 0x0B, 0xFF, 0xFF, 0xF4, 0x00, 0x00, 0x00, 0x00, 0x00, 0x01, 0xBF, 0xFE,
    0xBF, 0xFF, 0x40, 0x00, 0x00, 0x00, 0x00, 0x1B, 0xFF, 0xE4, 0x0A, 0xFF, 0xF4, 0x00, 0x00, 0x00,
    0x01, 0xBF, 0xFE, 0x40, 0x00, 0xAF, 0xFF, 0x50, 0x00, 0x00, 0x1B, 0xFF, 0xE3, 0x00, 0x00, 0x0A,
    0xFF, 0xF5, 0x00, 0x01, 0xBF, 0xFE, 0x30, 0x00, 0x00, 0x00, 0xAF, 0xFF, 0x50, 0x1B, 0xFF, 0xE3,
    0x00, 0x00, 0x00, 0x00, 0x0A, 0xFF, 0xF5, 0x1C, 0xFE, 0x30, 0x00, 0x00, 0x00, 0x00, 0x00, 0xAF,
    0xF6, 0x01, 0xB3, 0x00, 0x00, 0x00, 0x00, 0x00, 0x00, 0x09, 0x60, 0x00, 0x00, 0x00, 0x00, 0x00,
    0x00, 0x00, 0x00, 0x00, 0x00, 0x00, 0x60, 0x00, 0x00, 0x00, 0x01, 0x6A, 0xDE, 0xFE, 0xC8, 0x30,
    0x00, 0x08, 0xF9, 0x00, 0x00, 0x01, 0x8E, 0xFF, 0xFF, 0xFF, 0xFF, 0xFB, 0x30, 0x5F, 0xF9, 0x00,
    0x00, 0x2D, 0xFF, 0xFF, 0xFF, 0xFF, 0xFF, 0xFF, 0xE7, 0xEF, 0xB0, 0x00, 0x02, 0xEF, 0xFF, 0xE8,
    0x31, 0x01, 0x49, 0xFF, 0xFF, 0xFD, 0x10, 0x00, 0x0C, 0xFF, 0xFA, 0x10, 0x00, 0x00, 0x00, 0x3D,
    0xFF, 0xF6, 0x00, 0x00, 0x7F, 0xFF, 0xA0, 0x00, 0x00, 0x00, 0x00, 0x0B, 0xFF, 0xFE, 0x10, 0x01,
    0xEF, 0xFD, 0x10, 0x00, 0x00, 0x00, 0x00, 0xAF, 0xFF, 0xFF, 0x80, 0x05, 0xFF, 0xF6, 0x00, 0x00,
    0x00, 0x00, 0x09, 0xFF, 0x6A, 0xFF, 0xE0, 0x09, 0xFF, 0xF1, 0x00, 0x00, 0x00, 0x00, 0x7F, 0xF7,
    0x04, 0xFF, 0xF4, 0x0D, 0xFF, 0xC0, 0x00, 0x00, 0x00, 0x06, 0xFF, 0x90, 0x00, 0xFF, 0xF8, 0x0E,
    0xFF, 0x90, 0x00, 0x00, 0x00, 0x4F, 0xFA, 0x00, 0x00, 0xCF, 0xFA, 0x0F, 0xFF, 0x80, 0x00, 0x00,
    0x03, 0xEF, 0xB0, 0x00, 0x00, 0xBF, 0xFC, 0x1F, 0xFF, 0x70, 0x00, 0x00, 0x2E, 0xFC, 0x10, 0x00,
    0x00, 0xBF, 0xFD, 0x0F, 0xFF, 0x70, 0x00, 0x02, 0xDF, 0xD1, 0x00, 0x00, 0x00, 0xBF, 0xFC, 0x0E,
    0xFF, 0x90, 0x00, 0x1C, 0xFE, 0x20, 0x00, 0x00, 0x00, 0xDF, 0xFB, 0x0C, 0xFF, 0xB0, 0x00, 0xBF,
    0xE3, 0x00, 0x00, 0x00, 0x01, 0xFF, 0xF9, 0x08, 0xFF, 0xE1, 0x0A, 0xFF, 0x40, 0x00, 0x00, 0x00,
    0x04, 0xFF, 0xF6, 0x03, 0xFF, 0xF6, 0x9F, 0xF5, 0x00, 0x00, 0x00, 0x00, 0x0A, 0xFF, 0xF2, 0x00,
    0xCF, 0xFE, 0xFF, 0x70, 0x00, 0x00, 0x00, 0x00, 0x3F, 0xFF, 0xB0, 0x00, 0x4F, 0xFF, 0xF8, 0x00,
    0x00, 0x00, 0x00, 0x01, 0xDF, 0xFF, 0x40, 0x00, 0x0A, 0xFF, 0xFB, 0x10, 0x00, 0x00, 0x00, 0x2C,
    0xFF, 0xF9, 0x00, 0x00, 0x2E, 0xFF, 0xFF, 0xE8, 0x41, 0x01, 0x49, 0xFF, 0xFF, 0xC0, 0x00, 0x00,
    0xCF, 0xD9, 0xFF, 0xFF, 0xFF, 0xFF, 0xFF, 0xFF, 0xFB, 0x10, 0x00, 0x08, 0xFE, 0x20, 0x5D, 0xFF,
    0xFF, 0xFF, 0xFF, 0xFE, 0x60, 0x00, 0x00, 0x1E, 0xF5, 0x00, 0x00, 0x59, 0xCE, 0xFE, 0xC9, 0x51,
    0x00, 0x00, 0x00, 0x02, 0x60, 0x00, 0x00, 0x00, 0x00, 0x00, 0x00, 0x00, 0x00, 0x00, 0x00, 0x00,
    0x00, 0x00, 0x3E, 0xFD, 0x10, 0x00, 0x00, 0x00, 0x00, 0x00, 0x00, 0x00, 0x03, 0xEF, 0xB0, 0x00,
    0x00, 0x00, 0x00, 0x00, 0x00, 0x00, 0x00, 0x4E, 0xF8, 0x00, 0x00, 0x00, 0x00, 0x00, 0x00, 0x00,
    0x00, 0x04, 0xFF, 0x50, 0x00, 0x00, 0x00, 0x00, 0x00, 0x00, 0x00, 0x00, 0x00, 0x00, 0x00, 0x00,
    0x00, 0x00, 0x00, 0x00, 0x00, 0x00, 0x00, 0x00, 0x00, 0x00, 0x00, 0x1F, 0xFF, 0x50, 0x00, 0x00,
    0x00, 0x00, 0x00, 0x7F, 0xFE, 0x1F, 0xFF, 0x50, 0x00, 0x00, 0x00, 0x00, 0x00, 0x7F, 0xFE, 0x1F,
    0xFF, 0x50, 0x00, 0x00, 0x00, 0x00, 0x00, 0x7F, 0xFE, 0x1F, 0xFF, 0x50, 0x00, 0x00, 0x00, 0x00,
    0x00, 0x7F, 0xFE, 0x1F, 0xFF, 0x50, 0x00, 0x00, 0x00, 0x00, 0x00, 0x7F, 0xFE, 0x1F, 0xFF, 0x50,
    0x00, 0x00, 0x00, 0x00, 0x00, 0x7F, 0xFE, 0x1F, 0xFF, 0x50, 0x00, 0x00, 0x00, 0x00, 0x00, 0x7F,
    0xFE, 0x1F, 0xFF, 0x50, 0x00, 0x00, 0x00, 0x00, 0x00, 0x7F, 0xFE, 0x1F, 0xFF, 0x50, 0x00, 0x00,
    0x00, 0x00, 0x00, 0x7F, 0xFE, 0x1F, 0xFF, 0x50, 0x00, 0x00, 0x00, 0x00, 0x00, 0x7F, 0xFE, 0x1F,
    0xFF, 0x50, 0x00, 0x00, 0x00, 0x00, 0x00, 0x7F, 0xFE, 0x1F, 0xFF, 0x50, 0x00, 0x00, 0x00, 0x00,
    0x00, 0x7F, 0xFE, 0x1F, 0xFF, 0x50, 0x00, 0x00, 0x00, 0x00, 0x00, 0x7F, 0xFE, 0x1F, 0xFF, 0x50,
    0x00, 0x00, 0x00, 0x00, 0x00, 0x7F, 0xFE, 0x1F, 0xFF, 0x50, 0x00, 0x00, 0x00, 0x00, 0x00, 0x7F,
    0xFE, 0x0F, 0xFF, 0x50, 0x00, 0x00, 0x00, 0x00, 0x00, 0x7F, 0xFE, 0x0E, 0xFF, 0x60, 0x00, 0x00,
    0x00, 0x00, 0x00, 0x8F, 0xFD, 0x0D, 0xFF, 0x90, 0x00, 0x00, 0x00, 0x00, 0x00, 0xBF, 0xFB, 0x0A,
    0xFF, 0xD0, 0x00, 0x00, 0x00, 0x00, 0x00, 0xEF, 0xF8, 0x06, 0xFF, 0xF4, 0x00, 0x00, 0x00, 0x00,
    0x06, 0xFF, 0xF4, 0x01, 0xEF, 0xFD, 0x20, 0x00, 0x00, 0x00, 0x3E, 0xFF, 0xD0, 0x00, 0x6F, 0xFF,
    0xE8, 0x31, 0x01, 0x49, 0xFF, 0xFF, 0x40, 0x00, 0x09, 0xFF, 0xFF, 0xFF, 0xFF, 0xFF, 0xFF, 0xF7,
    0x00, 0x00, 0x00, 0x6E, 0xFF, 0xFF, 0xFF, 0xFF, 0xFD, 0x50, 0x00, 0x00, 0x00, 0x01, 0x6A, 0xDE,
    0xFE, 0xDA, 0x60, 0x00, 0x00, 0x00, 0x00, 0x00, 0x00, 0x00, 0x2E, 0xFD, 0x10, 0x00, 0x00, 0x00,
    0x00, 0x00, 0x00, 0x01, 0xCF, 0xD2, 0x00, 0x00, 0x00, 0x00, 0x00, 0x00, 0x00, 0x0A, 0xFE, 0x20,
    0x00, 0x00, 0x00, 0x00, 0x00, 0x00, 0x00, 0x7F, 0xE3, 0x00, 0x00, 0x00, 0x00, 0x00, 0x00, 0x00,
    0x00, 0x00, 0x00, 0x00, 0x00, 0x00, 0x00, 0x00, 0x00, 0x00, 0x00, 0x00, 0x00, 0x00, 0x00, 0x00,
    0x00, 0x1F, 0xFF, 0x50, 0x00, 0x00, 0x00, 0x00, 0x00, 0x7F, 0xFE, 0x1F, 0xFF, 0x50, 0x00, 0x00,
    0x00, 0x00, 0x00, 0x7F, 0xFE, 0x1F, 0xFF, 0x50, 0x00, 0x00, 0x00, 0x00, 0x00, 0x7F, 0xFE, 0x1F,
    0xFF, 0x50, 0x00, 0x00, 0x00, 0x00, 0x00, 0x7F, 0xFE, 0x1F, 0xFF, 0x50, 0x00, 0x00, 0x00, 0x00,
    0x00, 0x7F, 0xFE, 0x1F, 0xFF, 0x50, 0x00, 0x00, 0x00, 0x00, 0x00, 0x7F, 0xFE, 0x1F, 0xFF, 0x50,
    0x00, 0x00, 0x00, 0x00, 0x00, 0x7F, 0xFE, 0x1F, 0xFF, 0x50, 0x00, 0x00, 0x00, 0x00, 0x00, 0x7F,
    0xFE, 0x1F, 0xFF, 0x50, 0x00, 0x00, 0x00, 0x00, 0x00, 0x7F, 0xFE, 0x1F, 0xFF, 0x50, 0x00, 0x00,
    0x00, 0x00, 0x00, 0x7F, 0xFE, 0x1F, 0xFF, 0x50, 0x00, 0x00, 0x00, 0x00, 0x00, 0x7F, 0xFE, 0x1F,
    0xFF, 0x50, 0x00, 0x00, 0x00, 0x00, 0x00, 0x7F, 0xFE, 0x1F, 0xFF, 0x50, 0x00, 0x00, 0x00, 0x00,
    0x00, 0x7F, 0xFE, 0x1F, 0xFF, 0x50, 0x00, 0x00, 0x00, 0x00, 0x00, 0x7F, 0xFE, 0x1F, 0xFF, 0x50,
    0x00, 0x00, 0x00, 0x00, 0x00, 0x7F, 0xFE, 0x0F, 0xFF, 0x50, 0x00, 0x00, 0x00, 0x00, 0x00, 0x7F,
    0xFE, 0x0E, 0xFF, 0x60, 0x00, 0x00, 0x00, 0x00, 0x00, 0x8F, 0xFD, 0x0D, 0xFF, 0x90, 0x00, 0x00,
    0x00, 0x00, 0x00, 0xBF, 0xFB, 0x0A, 0xFF, 0xD0, 0x00, 0x00, 0x00, 0x00, 0x00, 0xEF, 0xF8, 0x06,
    0xFF, 0xF4, 0x00, 0x00, 0x00, 0x00, 0x06, 0xFF, 0xF4, 0x01, 0xEF, 0xFD, 0x20, 0x00, 0x00, 0x00,
    0x3E, 0xFF, 0xD0, 0x00, 0x6F, 0xFF, 0xE8, 0x31, 0x01, 0x49, 0xFF, 0xFF, 0x40, 0x00, 0x09, 0xFF,
    0xFF, 0xFF, 0xFF, 0xFF, 0xFF, 0xF7, 0x00, 0x00, 0x00, 0x6E, 0xFF, 0xFF, 0xFF, 0xFF, 0xFD, 0x50,
    0x00, 0x00, 0x00, 0x01, 0x6A, 0xDE, 0xFE, 0xDA, 0x60, 0x00, 0x00, 0x00, 0x00, 0x00, 0x00, 0x8F,
    0xFF, 0x70, 0x00, 0x00, 0x00, 0x00, 0x00, 0x00, 0x06, 0xFF, 0x9F, 0xF5, 0x00, 0x00, 0x00, 0x00,
    0x00, 0x00, 0x5F, 0xF4, 0x05, 0xFF, 0x30, 0x00, 0x00, 0x00, 0x00, 0x03, 0xEE, 0x40, 0x00, 0x5F,
    0xE2, 0x00, 0x00, 0x00, 0x00, 0x00, 0x00, 0x00, 0x00, 0x00, 0x00, 0x00, 0x00, 0x00, 0x00, 0x00,
    0x00, 0x00, 0x00, 0x00, 0x00, 0x00, 0x00, 0x1F, 0xFF, 0x50, 0x00, 0x00, 0x00, 0x00, 0x00, 0x7F,
    0xFE, 0x1F, 0xFF, 0x50, 0x00, 0x00, 0x00, 0x00, 0x00, 0x7F, 0xFE, 0x1F, 0xFF, 0x50, 0x00, 0x00,
    0x00, 0x00, 0x00, 0x7F, 0xFE, 0x1F, 0xFF, 0x50, 0x00, 0x00, 0x00, 0x00, 0x00, 0x7F, 0xFE, 0x1F,
    0xFF, 0x50, 0x00, 0x00, 0x00, 0x00, 0x00, 0x7F, 0xFE, 0x1F, 0xFF, 0x50, 0x00, 0x00, 0x00, 0x00,
    0x00, 0x7F, 0xFE, 0x1F, 0xFF, 0x50, 0x00, 0x00, 0x00, 0x00, 0x00, 0x7F, 0xFE, 0x1F, 0xFF, 0x50,
    0x00, 0x00, 0x00, 0x00, 0x00, 0x7F, 0xFE, 0x1F, 0xFF, 0x50, 0x00, 0x00, 0x00, 0x00, 0x00, 0x7F,
    0xFE, 0x1F, 0xFF, 0x50, 0x00, 0x00, 0x00, 0x00, 0x00, 0x7F, 0xFE, 0x1F, 0xFF, 0x50, 0x00, 0x00,
    0x00, 0x00, 0x00, 0x7F, 0xFE, 0x1F, 0xFF, 0x50, 0x00, 0x00, 0x00, 0x00, 0x00, 0x7F, 0xFE, 0x1F,
    0xFF, 0x50, 0x00, 0x00, 0x00, 0x00, 0x00, 0x7F, 0xFE, 0x1F, 0xFF, 0x50, 0x00, 0x00, 0x00, 0x00,
    0x00, 0x7F, 0xFE, 0x1F, 0xFF, 0x50, 0x00, 0x00, 0x00, 0x00, 0x00, 0x7F, 0xFE, 0x0F, 0xFF, 0x50,
    0x00, 0x00, 0x00, 0x00, 0x00, 0x7F, 0xFE, 0x0E, 0xFF, 0x60, 0x00, 0x00, 0x00, 0x00, 0x00, 0x8F,
    0xFD, 0x0D, 0xFF, 0x90, 0x00, 0x00, 0x00, 0x00, 0x00, 0xBF, 0xFB, 0x0A, 0xFF, 0xD0, 0x00, 0x00,
    0x00, 0x00, 0x00, 0xEF, 0xF8, 0x06, 0xFF, 0xF4, 0x00, 0x00, 0x00, 0x00, 0x06, 0xFF, 0xF4, 0x01,
    0xEF, 0xFD, 0x20, 0x00, 0x00, 0x00, 0x3E, 0xFF, 0xD0, 0x00, 0x6F, 0xFF, 0xE8, 0x31, 0x01, 0x49,
    0xFF, 0xFF, 0x40, 0x00, 0x09, 0xFF, 0xFF, 0xFF, 0xFF, 0xFF, 0xFF, 0xF7, 0x00, 0x00, 0x00, 0x6E,
    0xFF, 0xFF, 0xFF, 0xFF, 0xFD, 0x50, 0x00, 0x00, 0x00, 0x01, 0x6A, 0xDE, 0xFE, 0xDA, 0x60, 0x00,
    0x00, 0x00, 0x00, 0x07, 0xFF, 0xD0, 0x00, 0xFF, 0xF6, 0x00, 0x00, 0x00, 0x00, 0x07, 0xFF, 0xD0,
    0x00, 0xFF, 0xF6, 0x00, 0x00, 0x00, 0x00, 0x07, 0xFF, 0xD0, 0x00, 0xFF, 0xF6, 0x00, 0x00, 0x00,
    0x00, 0x00, 0x00, 0x00, 0x00, 0x00, 0x00, 0x00, 0x00, 0x00, 0x00, 0x00, 0x00, 0x00, 0x00, 0x00,
    0x00, 0x00, 0x00, 0x1F, 0xFF, 0x50, 0x00, 0x00, 0x00, 0x00, 0x00, 0x7F, 0xFE, 0x1F, 0xFF, 0x50,
    0x00, 0x00, 0x00, 0x00, 0x00, 0x7F, 0xFE, 0x1F, 0xFF, 0x50, 0x00, 0x00, 0x00, 0x00, 0x00, 0x7F,
    0xFE, 0x1F, 0xFF, 0x50, 0x00, 0x00, 0x00, 0x00, 0x00, 0x7F, 0xFE, 0x1F, 0xFF, 0x50, 0x00, 0x00,
    0x00, 0x00, 0x00, 0x7F, 0xFE, 0x1F, 0xFF, 0x50, 0x00, 0x00, 0x00, 0x00, 0x00, 0x7F, 0xFE, 0x1F,
    0xFF, 0x50, 0x00, 0x00, 0x00, 0x00, 0x00, 0x7F, 0xFE, 0x1F, 0xFF, 0x50, 0x00, 0x00, 0x00, 0x00,
    0x00, 0x7F, 0xFE, 0x1F, 0xFF, 0x50, 0x00, 0x00, 0x00, 0x00, 0x00, 0x7F, 0xFE, 0x1F, 0xFF, 0x50,
    0x00, 0x00, 0x00, 0x00, 0x00, 0x7F, 0xFE, 0x1F, 0xFF, 0x50, 0x00, 0x00, 0x00, 0x00, 0x00, 0x7F,
    0xFE, 0x1F, 0xFF, 0x50, 0x00, 0x00, 0x00, 0x00, 0x00, 0x7F, 0xFE, 0x1F, 0xFF, 0x50, 0x00, 0x00,
    0x00, 0x00, 0x00, 0x7F, 0xFE, 0x1F, 0xFF, 0x50, 0x00, 0x00, 0x00, 0x00, 0x00, 0x7F, 0xFE, 0x1F,
    0xFF, 0x50, 0x00, 0x00, 0x00, 0x00, 0x00, 0x7F, 0xFE, 0x0F, 0xFF, 0x50, 0x00, 0x00, 0x00, 0x00,
    0x00, 0x7F, 0xFE, 0x0E, 0xFF, 0x60, 0x00, 0x00, 0x00, 0x00, 0x00, 0x8F, 0xFD, 0x0D, 0xFF, 0x90,
    0x00, 0x00, 0x00, 0x00, 0x00, 0xBF, 0xFB, 0x0A, 0xFF, 0xD0, 0x00, 0x00, 0x00, 0x00, 0x00, 0xEF,
    0xF8, 0x06, 0xFF, 0xF4, 0x00, 0x00, 0x00, 0x00, 0x06, 0xFF, 0xF4, 0x01, 0xEF, 0xFD, 0x20, 0x00,
    0x00, 0x00, 0x3E, 0xFF, 0xD0, 0x00, 0x6F, 0xFF, 0xE8, 0x31, 0x01, 0x49, 0xFF, 0xFF, 0x40, 0x00,
    0x09, 0xFF, 0xFF, 0xFF, 0xFF, 0xFF, 0xFF, 0xF7, 0x00, 0x00, 0x00, 0x6E, 0xFF, 0xFF, 0xFF, 0xFF,
    0xFD, 0x50, 0x00, 0x00, 0x00, 0x01, 0x6A, 0xDE, 0xFE, 0xDA, 0x60, 0x00, 0x00, 0x00, 0x00, 0x00,
    0x00, 0x00, 0x2E, 0xFD, 0x10, 0x00, 0x00, 0x00, 0x00, 0x00, 0x00, 0x00, 0x01, 0xDF, 0xD2, 0x00,
    0x00, 0x00, 0x00, 0x00, 0x00, 0x00, 0x00, 0x0B, 0xFD, 0x20, 0x00, 0x00, 0x00, 0x00, 0x00, 0x00,
    0x00, 0x00, 0x8F, 0xE2, 0x00, 0x00, 0x00, 0x00, 0x00, 0x00, 0x00, 0x00, 0x00, 0x00, 0x00, 0x00,
    0x00, 0x00, 0x00, 0x00, 0x00, 0x00, 0x00, 0x00, 0x00, 0x00, 0x00, 0x00, 0x00, 0x00, 0x00, 0xBF,
    0xFD, 0x00, 0x00, 0x00, 0x00, 0x00, 0x00, 0x2E, 0xFF, 0x70, 0x2E, 0xFF, 0x80, 0x00, 0x00, 0x00,
    0x00, 0x00, 0xBF, 0xFC, 0x00, 0x06, 0xFF, 0xF3, 0x00, 0x00, 0x00, 0x00, 0x06, 0xFF, 0xF3, 0x00,
    0x00, 0xBF, 0xFD, 0x00, 0x00, 0x00, 0x00, 0x2E, 0xFF, 0x70, 0x00, 0x00, 0x2E, 0xFF, 0x80, 0x00,
    0x00, 0x00, 0xBF, 0xFC, 0x00, 0x00, 0x00, 0x06, 0xFF, 0xF3, 0x00, 0x00, 0x06, 0xFF, 0xF3, 0x00,
    0x00, 0x00, 0x00, 0xBF, 0xFD, 0x00, 0x00, 0x2E, 0xFF, 0x70, 0x00, 0x00, 0x00, 0x00, 0x2E, 0xFF,
    0x80, 0x00, 0xBF, 0xFC, 0x00, 0x00, 0x00, 0x00, 0x00, 0x06, 0xFF, 0xF3, 0x06, 0xFF, 0xF2, 0x00,
    0x00, 0x00, 0x00, 0x00, 0x00, 0xBF, 0xFD, 0x2E, 0xFF, 0x70, 0x00, 0x00, 0x00, 0x00, 0x00, 0x00,
    0x2E, 0xFF, 0xEF, 0xFC, 0x00, 0x00, 0x00, 0x00, 0x00, 0x00, 0x00, 0x05, 0xFF, 0xFF, 0xF2, 0x00,
    0x00, 0x00, 0x00, 0x00, 0x00, 0x00, 0x00, 0xAF, 0xFF, 0x70, 0x00, 0x00, 0x00, 0x00, 0x00, 0x00,
    0x00, 0x00, 0x4F, 0xFF, 0x10, 0x00, 0x00, 0x00, 0x00, 0x00, 0x00, 0x00, 0x00, 0x4F, 0xFF, 0x10,
    0x00, 0x00, 0x00, 0x00, 0x00, 0x00, 0x00, 0x00, 0x4F, 0xFF, 0x10, 0x00, 0x00, 0x00, 0x00, 0x00,
    0x00, 0x00, 0x00, 0x4F, 0xFF, 0x10, 0x00, 0x00, 0x00, 0x00, 0x00, 0x00, 0x00, 0x00, 0x4F, 0xFF,
    0x10, 0x00, 0x00, 0x00, 0x00, 0x00, 0x00, 0x00, 0x00, 0x4F, 0xFF, 0x10, 0x00, 0x00, 0x00, 0x00,
    0x00, 0x00, 0x00, 0x00, 0x4F, 0xFF, 0x10, 0x00, 0x00, 0x00, 0x00, 0x00, 0x00, 0x00, 0x00, 0x4F,
    0xFF, 0x10, 0x00, 0x00, 0x00, 0x00, 0x00, 0x00, 0x00, 0x00, 0x4F, 0xFF, 0x10, 0x00, 0x00, 0x00,
    0x00, 0x00, 0x00, 0x00, 0x00, 0x4F, 0xFF, 0x10, 0x00, 0x00, 0x00, 0x00, 0x00, 0x00, 0x00, 0x00,
    0x4F, 0xFF, 0x10, 0x00, 0x00, 0x00, 0x00, 0x00, 0x00, 0x00, 0x00, 0x4F, 0xFF, 0x10, 0x00, 0x00,
    0x00, 0x00, 0xAF, 0xFA, 0x00, 0x00, 0x00, 0x00, 0x00, 0x00, 0x00, 0xAF, 0xFA, 0x00, 0x00, 0x00,
    0x00, 0x00, 0x00, 0x00, 0xAF, 0xFA, 0x00, 0x00, 0x00, 0x00, 0x00, 0x00, 0x00, 0xAF, 0xFA, 0x00,
    0x00, 0x00, 0x00, 0x00, 0x00, 0x00, 0xAF, 0xFF, 0xFF, 0xFF, 0xEE, 0xB8, 0x20, 0x00, 0x00, 0xAF,
    0xFF, 0xFF, 0xFF, 0xFF, 0xFF, 0xF9, 0x10, 0x00, 0xAF, 0xFF, 0xFF, 0xFF, 0xFF, 0xFF, 0xFF, 0xB0,
    0x00, 0xAF, 0xFA, 0x00, 0x00, 0x13, 0x8F, 0xFF, 0xF6, 0x00, 0xAF, 0xFA, 0x00, 0x00, 0x00, 0x03,
    0xFF, 0xFD, 0x00, 0xAF, 0xFA, 0x00, 0x00, 0x00, 0x00, 0x9F, 0xFF, 0x20, 0xAF, 0xFA, 0x00, 0x00,
    0x00, 0x00, 0x4F, 0xFF, 0x40, 0xAF, 0xFA, 0x00, 0x00, 0x00, 0x00, 0x3F, 0xFF, 0x50, 0xAF, 0xFA,
    0x00, 0x00, 0x00, 0x00, 0x4F, 0xFF, 0x40, 0xAF, 0xFA, 0x00, 0x00, 0x00, 0x00, 0x9F, 0xFF, 0x20,
    0xAF, 0xFA, 0x00, 0x00, 0x00, 0x03, 0xFF, 0xFD, 0x00, 0xAF, 0xFA, 0x00, 0x00, 0x13, 0x8F, 0xFF,
    0xF6, 0x00, 0xAF, 0xFF, 0xFF, 0xFF, 0xFF, 0xFF, 0xFF, 0xB0, 0x00, 0xAF, 0xFF, 0xFF, 0xFF, 0xFF,
    0xFF, 0xF9, 0x10, 0x00, 0xAF, 0xFF, 0xFF, 0xFF, 0xFE, 0xB8, 0x20, 0x00, 0x00, 0xAF, 0xFA, 0x00,
    0x00, 0x00, 0x00, 0x00, 0x00, 0x00, 0xAF, 0xFA, 0x00, 0x00, 0x00, 0x00, 0x00, 0x00, 0x00, 0xAF,
    0xFA, 0x00, 0x00, 0x00, 0x00, 0x00, 0x00, 0x00, 0xAF, 0xFA, 0x00, 0x00, 0x00, 0x00, 0x00, 0x00,
    0x00, 0xAF, 0xFA, 0x00, 0x00, 0x00, 0x00, 0x00, 0x00, 0x00, 0xAF, 0xFA, 0x00, 0x00, 0x00, 0x00,
    0x00, 0x00, 0x00, 0x00, 0x02, 0x8C, 0xEF, 0xEC, 0x82, 0x00, 0x00, 0x00, 0x00, 0x7F, 0xFF, 0xFF,
    0xFF, 0xFF, 0x60, 0x00, 0x00, 0x07, 0xFF, 0xFF, 0xFF, 0xFF, 0xFF, 0xF5, 0x00, 0x00, 0x2F, 0xFF,
    0xD6, 0x20, 0x25, 0xDF, 0xFE, 0x00, 0x00, 0x8F, 0xFD, 0x10, 0x00, 0x00, 0x1D, 0xFF, 0x50, 0x00,
    0xBF, 0xF7, 0x00, 0x00, 0x00, 0x06, 0xFF, 0x90, 0x00, 0xDF, 0xF4, 0x00, 0x00, 0x00, 0x5A, 0xFF,
    0xB0, 0x00, 0xEF, 0xF3, 0x00, 0x00, 0x5D, 0xFF, 0xFD, 0x90, 0x00, 0xEF, 0xF3, 0x00, 0x06, 0xFF,
    0xE7, 0x10, 0x00, 0x00, 0xEF, 0xF3, 0x00, 0x1E, 0xFE, 0x20, 0x00, 0x00, 0x00, 0xEF, 0xF3, 0x00,
    0x6F, 0xF9, 0x00, 0x00, 0x00, 0x00, 0xEF, 0xF3, 0x00, 0x7F, 0xF9, 0x00, 0x00, 0x00, 0x00, 0xEF,
    0xF3, 0x00, 0x5F, 0xFE, 0x20, 0x00, 0x00, 0x00, 0xEF, 0xF3, 0x00, 0x1E, 0xFF, 0xD4, 0x00, 0x00,
    0x00, 0xEF, 0xF3, 0x00, 0x04, 0xFF, 0xFF, 0xA1, 0x00, 0x00, 0xEF, 0xF3, 0x00, 0x00, 0x3D, 0xFF,
    0xFE, 0x40, 0x00, 0xEF, 0xF3, 0x00, 0x00, 0x00, 0x7E, 0xFF, 0xF5, 0x00, 0xEF, 0xF3, 0x00, 0x00,
    0x00, 0x01, 0xBF, 0xFF, 0x20, 0xEF, 0xF3, 0x00, 0x00, 0x00, 0x00, 0x0B, 0xFF, 0x90, 0xEF, 0xF3,
    0x00, 0x00, 0x00, 0x00, 0x05, 0xFF, 0xC0, 0xEF, 0xF3, 0x00, 0x00, 0x00, 0x00, 0x05, 0xFF, 0xC0,
    0xEF, 0xF3, 0x00, 0x00, 0x00, 0x00, 0x0A, 0xFF, 0xB0, 0xEF, 0xF3, 0x0C, 0x84, 0x21, 0x13, 0xAF,
    0xFF, 0x60, 0xEF, 0xF3, 0x0E, 0xFF, 0xFF, 0xFF, 0xFF, 0xFD, 0x00, 0xEF, 0xF3, 0x0E, 0xFF, 0xFF,
    0xFF, 0xFF, 0xC2, 0x00, 0xEF, 0xF3, 0x02, 0x7B, 0xDF, 0xED, 0xA5, 0x00, 0x00, 0x00, 0x6F, 0xFC,
    0x00, 0x00, 0x00, 0x00, 0x00, 0x00, 0x07, 0xFF, 0x90, 0x00, 0x00, 0x00, 0x00, 0x00, 0x00, 0x8F,
    0xF6, 0x00, 0x00, 0x00, 0x00, 0x00, 0x00, 0x0A, 0xFF, 0x30, 0x00, 0x00, 0x00, 0x00, 0x00, 0x00,
    0xBF, 0xD1, 0x00, 0x00, 0x00, 0x00, 0x00, 0x00, 0x1C, 0xFB, 0x00, 0x00, 0x00, 0x00, 0x00, 0x00,
    0x00, 0x00, 0x00, 0x00, 0x00, 0x00, 0x00, 0x00, 0x00, 0x00, 0x00, 0x00, 0x00, 0x00, 0x01, 0x6B,
    0xDF, 0xED, 0xA5, 0x00, 0x00, 0x01, 0x9F, 0xFF, 0xFF, 0xFF, 0xFF, 0xD2, 0x00, 0x09, 0xFF, 0xFF,
    0xFF, 0xFF, 0xFF, 0xFE, 0x20, 0x09, 0xFD, 0x73, 0x10, 0x14, 0x9F, 0xFF, 0xB0, 0x07, 0x50, 0x00,
    0x00, 0x00, 0x03, 0xFF, 0xF2, 0x00, 0x00, 0x00, 0x00, 0x00, 0x00, 0x8F, 0xF6, 0x00, 0x00, 0x00,
    0x00, 0x00, 0x00, 0x5F, 0xF9, 0x00, 0x03, 0x8B, 0xDE, 0xFF, 0xFF, 0xFF, 0xFA, 0x01, 0xAF, 0xFF,
    0xFF, 0xFF, 0xFF, 0xFF, 0xFB, 0x0B, 0xFF, 0xFF, 0xFF, 0xFF, 0xFF, 0xFF, 0xFB, 0x6F, 0xFF, 0xB6,
    0x31, 0x00, 0x00, 0x5F, 0xFB, 0xBF, 0xF9, 0x00, 0x00, 0x00, 0x00, 0x6F, 0xFB, 0xDF, 0xF3, 0x00,
    0x00, 0x00, 0x00, 0x9F, 0xFB, 0xEF, 0xF2, 0x00, 0x00, 0x00, 0x02, 0xEF, 0xFB, 0xCF, 0xF8, 0x00,
    0x00, 0x00, 0x1C, 0xFF, 0xFB, 0x8F, 0xFF, 0x93, 0x10, 0x27, 0xEF, 0xFF, 0xFB, 0x1E, 0xFF, 0xFF,
    0xFF, 0xFF, 0xFF, 0x9F, 0xFB, 0x03, 0xEF, 0xFF, 0xFF, 0xFF, 0xE5, 0x5F, 0xFB, 0x00, 0x18, 0xCE,
    0xFD, 0xB7, 0x10, 0x5F, 0xFB, 0x00, 0x00, 0x00, 0x00, 0x04, 0xFF, 0xD2, 0x00, 0x00, 0x00, 0x00,
    0x00, 0x1E, 0xFE, 0x30, 0x00, 0x00, 0x00, 0x00, 0x00, 0xBF, 0xF4, 0x00, 0x00, 0x00, 0x00, 0x00,
    0x08, 0xFF, 0x50, 0x00, 0x00, 0x00, 0x00, 0x00, 0x5F, 0xF6, 0x00, 0x00, 0x00, 0x00, 0x00, 0x02,
    0xEF, 0x80, 0x00, 0x00, 0x00, 0x00, 0x00, 0x00, 0x00, 0x00, 0x00, 0x00, 0x00, 0x00, 0x00, 0x00,
    0x00, 0x00, 0x00, 0x00, 0x00, 0x00, 0x01, 0x6B, 0xDF, 0xED, 0xA5, 0x00, 0x00, 0x01, 0x9F, 0xFF,
    0xFF, 0xFF, 0xFF, 0xD2, 0x00, 0x09, 0xFF, 0xFF, 0xFF, 0xFF, 0xFF, 0xFE, 0x20, 0x09, 0xFD, 0x73,
    0x10, 0x14, 0x9F, 0xFF, 0xB0, 0x07, 0x50, 0x00, 0x00, 0x00, 0x03, 0xFF, 0xF2, 0x00, 0x00, 0x00,
    0x00, 0x00, 0x00, 0x8F, 0xF6, 0x00, 0x00, 0x00, 0x00, 0x00, 0x00, 0x5F, 0xF9, 0x00, 0x03, 0x8B,
    0xDE, 0xFF, 0xFF, 0xFF, 0xFA, 0x01, 0xAF, 0xFF, 0xFF, 0xFF, 0xFF, 0xFF, 0xFB, 0x0B, 0xFF, 0xFF,
    0xFF, 0xFF, 0xFF, 0xFF, 0xFB, 0x6F, 0xFF, 0xB6, 0x31, 0x00, 0x00, 0x5F, 0xFB, 0xBF, 0xF9, 0x00,
    0x00, 0x00, 0x00, 0x6F, 0xFB, 0xDF, 0xF3, 0x00, 0x00, 0x00, 0x00, 0x9F, 0xFB, 0xEF, 0xF2, 0x00,
    0x00, 0x00, 0x02, 0xEF, 0xFB, 0xCF, 0xF8, 0x00, 0x00, 0x00, 0x1C, 0xFF, 0xFB, 0x8F, 0xFF, 0x93,
    0x10, 0x27, 0xEF, 0xFF, 0xFB, 0x1E, 0xFF, 0xFF, 0xFF, 0xFF, 0xFF, 0x9F, 0xFB, 0x03, 0xEF, 0xFF,
    0xFF, 0xFF, 0xE5, 0x5F, 0xFB, 0x00, 0x18, 0xCE, 0xFD, 0xB7, 0x10, 0x5F, 0xFB, 0x00, 0x00, 0x00,
    0xBF, 0xF6, 0x00, 0x00, 0x00, 0x00, 0x00, 0x06, 0xFF, 0xFE, 0x20, 0x00, 0x00, 0x00, 0x00, 0x2E,
    0xF9, 0xCF, 0xC0, 0x00, 0x00, 0x00, 0x00, 0xBF, 0xC0, 0x2E, 0xF7, 0x00, 0x00, 0x00, 0x06, 0xFE,
    0x20, 0x05, 0xFF, 0x30, 0x00, 0x00, 0x2E, 0xF4, 0x00, 0x00, 0x8F, 0xC0, 0x00, 0x00, 0x00, 0x00,
    0x00, 0x00, 0x00, 0x00, 0x00, 0x00, 0x00, 0x00, 0x00, 0x00, 0x00, 0x00, 0x00, 0x00, 0x01, 0x6B,
    0xDF, 0xED, 0xA5, 0x00, 0x00, 0x01, 0x9F, 0xFF, 0xFF, 0xFF, 0xFF, 0xD2, 0x00, 0x09, 0xFF, 0xFF,
    0xFF, 0xFF, 0xFF, 0xFE, 0x20, 0x09, 0xFD, 0x73, 0x10, 0x14, 0x9F, 0xFF, 0xB0, 0x07, 0x50, 0x00,
    0x00, 0x00, 0x03, 0xFF, 0xF2, 0x00, 0x00, 0x00, 0x00, 0x00, 0x00, 0x8F, 0xF6, 0x00, 0x00, 0x00,
    0x00, 0x00, 0x00, 0x5F, 0xF9, 0x00, 0x03, 0x8B, 0xDE, 0xFF, 0xFF, 0xFF, 0xFA, 0x01, 0xAF, 0xFF,
    0xFF, 0xFF, 0xFF, 0xFF, 0xFB, 0x0B, 0xFF, 0xFF, 0xFF, 0xFF, 0xFF, 0xFF, 0xFB, 0x6F, 0xFF, 0xB6,
    0x31, 0x00, 0x00, 0x5F, 0xFB, 0xBF, 0xF9, 0x00, 0x00, 0x00, 0x00, 0x6F, 0xFB, 0xDF, 0xF3, 0x00,
    0x00, 0x00, 0x00, 0x9F, 0xFB, 0xEF, 0xF2, 0x00, 0x00, 0x00, 0x02, 0xEF, 0xFB, 0xCF, 0xF8, 0x00,
    0x00, 0x00, 0x1C, 0xFF, 0xFB, 0x8F, 0xFF, 0x93, 0x10, 0x27, 0xEF, 0xFF, 0xFB, 0x1E, 0xFF, 0xFF,
    0xFF, 0xFF, 0xFF, 0x9F, 0xFB, 0x03, 0xEF, 0xFF, 0xFF, 0xFF, 0xE5, 0x5F, 0xFB, 0x00, 0x18, 0xCE,
    0xFD, 0xB7, 0x10, 0x5F, 0xFB, 0x00, 0x02, 0xBE, 0xC5, 0x00, 0x0C, 0xF5, 0x00, 0x00, 0x0C, 0xFF,
    0xFF, 0x80, 0x0D, 0xF3, 0x00, 0x00, 0x4F, 0xD2, 0xAF, 0xF5, 0x4F, 0xE0, 0x00, 0x00, 0x7F, 0x90,
    0x1B, 0xFF, 0xFF, 0x80, 0x00, 0x00, 0x9F, 0x70, 0x00, 0x8D, 0xE9, 0x00, 0x00, 0x00, 0x00, 0x00,
    0x00, 0x00, 0x00, 0x00, 0x00, 0x00, 0x00, 0x00, 0x00, 0x00, 0x00, 0x00, 0x00, 0x00, 0x01, 0x6B,
    0xDF, 0xED, 0xA5, 0x00, 0x00, 0x01, 0x9F, 0xFF, 0xFF, 0xFF, 0xFF, 0xD2, 0x00, 0x09, 0xFF, 0xFF,
    0xFF, 0xFF, 0xFF, 0xFE, 0x20, 0x09, 0xFD, 0x73, 0x10, 0x14, 0x9F, 0xFF, 0xB0, 0x07, 0x50, 0x00,
    0x00, 0x00, 0x03, 0xFF, 0xF2, 0x00, 0x00, 0x00, 0x00, 0x00, 0x00, 0x8F, 0xF6, 0x00, 0x00, 0x00,
    0x00, 0x00, 0x00, 0x5F, 0xF9, 0x00, 0x03, 0x8B, 0xDE, 0xFF, 0xFF, 0xFF, 0xFA, 0x01, 0xAF, 0xFF,
    0xFF, 0xFF, 0xFF, 0xFF, 0xFB, 0x0B, 0xFF, 0xFF, 0xFF, 0xFF, 0xFF, 0xFF, 0xFB, 0x6F, 0xFF, 0xB6,
    0x31, 0x00, 0x00, 0x5F, 0xFB, 0xBF, 0xF9, 0x00, 0x00, 0x00, 0x00, 0x6F, 0xFB, 0xDF, 0xF3, 0x00,
    0x00, 0x00, 0x00, 0x9F, 0xFB, 0xEF, 0xF2, 0x00, 0x00, 0x00, 0x02, 0xEF, 0xFB, 0xCF, 0xF8, 0x00,
    0x00, 0x00, 0x1C, 0xFF, 0xFB, 0x8F, 0xFF, 0x93, 0x10, 0x27, 0xEF, 0xFF, 0xFB, 0x1E, 0xFF, 0xFF,
    0xFF, 0xFF, 0xFF, 0x9F, 0xFB, 0x03, 0xEF, 0xFF, 0xFF, 0xFF, 0xE5, 0x5F, 0xFB, 0x00, 0x18, 0xCE,
    0xFD, 0xB7, 0x10, 0x5F, 0xFB, 0x00, 0x1F, 0xFF, 0x40, 0x09, 0xFF, 0xC0, 0x00, 0x00, 0x1F, 0xFF,
    0x40, 0x09, 0xFF, 0xC0, 0x00, 0x00, 0x1F, 0xFF, 0x40, 0x09, 0xFF, 0xC0, 0x00, 0x00, 0x00, 0x00,
    0x00, 0x00, 0x00, 0x00, 0x00, 0x00, 0x00, 0x00, 0x00, 0x00, 0x00, 0x00, 0x00, 0x00, 0x00, 0x00,
    0x00, 0x00, 0x00, 0x00, 0x00, 0x00, 0x00, 0x00, 0x00, 0x00, 0x00, 0x00, 0x00, 0x00, 0x01, 0x6B,
    0xDF, 0xED, 0xA5, 0x00, 0x00, 0x01, 0x9F, 0xFF, 0xFF, 0xFF, 0xFF, 0xD2, 0x00, 0x09, 0xFF, 0xFF,
    0xFF, 0xFF, 0xFF, 0xFE, 0x20, 0x09, 0xFD, 0x73, 0x10, 0x14, 0x9F, 0xFF, 0xB0, 0x07, 0x50, 0x00,
    0x00, 0x00, 0x03, 0xFF, 0xF2, 0x00, 0x00, 0x00, 0x00, 0x00, 0x00, 0x8F, 0xF6, 0x00, 0x00, 0x00,
    0x00, 0x00, 0x00, 0x5F, 0xF9, 0x00, 0x03, 0x8B, 0xDE, 0xFF, 0xFF, 0xFF, 0xFA, 0x01, 0xAF, 0xFF,
    0xFF, 0xFF, 0xFF, 0xFF, 0xFB, 0x0B, 0xFF, 0xFF, 0xFF, 0xFF, 0xFF, 0xFF, 0xFB, 0x6F, 0xFF, 0xB6,
    0x31, 0x00, 0x00, 0x5F, 0xFB, 0xBF, 0xF9, 0x00, 0x00, 0x00, 0x00, 0x6F, 0xFB, 0xDF, 0xF3, 0x00,
    0x00, 0x00, 0x00, 0x9F, 0xFB, 0xEF, 0xF2, 0x00, 0x00, 0x00, 0x02, 0xEF, 0xFB, 0xCF, 0xF8, 0x00,
    0x00, 0x00, 0x1C, 0xFF, 0xFB, 0x8F, 0xFF, 0x93, 0x10, 0x27, 0xEF, 0xFF, 0xFB, 0x1E, 0xFF, 0xFF,
    0xFF, 0xFF, 0xFF, 0x9F, 0xFB, 0x03, 0xEF, 0xFF, 0xFF, 0xFF, 0xE5, 0x5F, 0xFB, 0x00, 0x18, 0xCE,
    0xFD, 0xB7, 0x10, 0x5F, 0xFB, 0x00, 0x00, 0x05, 0xCF, 0xEA, 0x30, 0x00, 0x00, 0x00, 0x00, 0x8F,
    0xFF, 0xFF, 0xE4, 0x00, 0x00, 0x00, 0x03, 0xFF, 0x71, 0x2A, 0xFD, 0x00, 0x00, 0x00, 0x08, 0xF9,
    0x00, 0x00, 0xDF, 0x40, 0x00, 0x00, 0x0A, 0xF6, 0x00, 0x00, 0xAF, 0x60, 0x00, 0x00, 0x08, 0xF9,
    0x00, 0x00, 0xDF, 0x40, 0x00, 0x00, 0x03, 0xFF, 0x71, 0x2A, 0xFD, 0x00, 0x00, 0x00, 0x00, 0x8F,
    0xFF, 0xFF, 0xE4, 0x00, 0x00, 0x00, 0x00, 0x05, 0xCF, 0xEA, 0x30, 0x00, 0x00, 0x00, 0x00, 0x00,
    0x00, 0x00, 0x00, 0x00, 0x00, 0x00, 0x00, 0x00, 0x00, 0x00, 0x00, 0x00, 0x00, 0x00, 0x01, 0x6B,
    0xDF, 0xED, 0xA5, 0x00, 0x00, 0x01, 0x9F, 0xFF, 0xFF, 0xFF, 0xFF, 0xD2, 0x00, 0x09, 0xFF, 0xFF,
    0xFF, 0xFF, 0xFF, 0xFE, 0x20, 0x09, 0xFD, 0x73, 0x10, 0x14, 0x9F, 0xFF, 0xB0, 0x07, 0x50, 0x00,
    0x00, 0x00, 0x03, 0xFF, 0xF2, 0x00, 0x00, 0x00, 0x00, 0x00, 0x00, 0x8F, 0xF6, 0x00, 0x00, 0x00,
    0x00, 0x00, 0x00, 0x5F, 0xF9, 0x00, 0x03, 0x8B, 0xDE, 0xFF, 0xFF, 0xFF, 0xFA, 0x01, 0xAF, 0xFF,
    0xFF, 0xFF, 0xFF, 0xFF, 0xFB, 0x0B, 0xFF, 0xFF, 0xFF, 0xFF, 0xFF, 0xFF, 0xFB, 0x6F, 0xFF, 0xB6,
    0x31, 0x00, 0x00, 0x5F, 0xFB, 0xBF, 0xF9, 0x00, 0x00, 0x00, 0x00, 0x6F, 0xFB, 0xDF, 0xF3, 0x00,
    0x00, 0x00, 0x00, 0x9F, 0xFB, 0xEF, 0xF2, 0x00, 0x00, 0x00, 0x02, 0xEF, 0xFB, 0xCF, 0xF8, 0x00,
    0x00, 0x00, 0x1C, 0xFF, 0xFB, 0x8F, 0xFF, 0x93, 0x10, 0x27, 0xEF, 0xFF, 0xFB, 0x1E, 0xFF, 0xFF,
    0xFF, 0xFF, 0xFF, 0x9F, 0xFB, 0x03, 0xEF, 0xFF, 0xFF, 0xFF, 0xE5, 0x5F, 0xFB, 0x00, 0x18, 0xCE,
    0xFD, 0xB7, 0x10, 0x5F, 0xFB, 0x00, 0x01, 0x6B, 0xDF, 0xED, 0x95, 0x00, 0x00, 0x03, 0x8C, 0xEF,
    0xEC, 0x71, 0x00, 0x00, 0x01, 0x9F, 0xFF, 0xFF, 0xFF, 0xFF, 0xC3, 0x01, 0xAF, 0xFF, 0xFF, 0xFF,
    0xFE, 0x60, 0x00, 0x09, 0xFF, 0xFF, 0xFF, 0xFF, 0xFF, 0xFE, 0x4D, 0xFF, 0xFF, 0xFF, 0xFF, 0xFF,
    0xF7, 0x00, 0x09, 0xFD, 0x73, 0x10, 0x14, 0x9F, 0xFF, 0xFF, 0xFE, 0x83, 0x10, 0x14, 0xBF, 0xFF,
    0x40, 0x07, 0x50, 0x00, 0x00, 0x00, 0x03, 0xFF, 0xFF, 0xC1, 0x00, 0x00, 0x00, 0x07, 0xFF, 0xC0,
    0x00, 0x00, 0x00, 0x00, 0x00, 0x00, 0x8F, 0xFF, 0x20, 0x00, 0x00, 0x00, 0x00, 0xCF, 0xF2, 0x00,
    0x00, 0x00, 0x00, 0x00, 0x00, 0x5F, 0xFB, 0x00, 0x00, 0x00, 0x00, 0x00, 0x8F, 0xF6, 0x00, 0x03,
    0x8B, 0xDE, 0xFF, 0xFF, 0xFF, 0xFF, 0xFF, 0xFF, 0xFF, 0xFF, 0xFF, 0xFF, 0xF8, 0x01, 0xAF, 0xFF,
    0xFF, 0xFF, 0xFF, 0xFF, 0xFF, 0xFF, 0xFF, 0xFF, 0xFF, 0xFF, 0xFF, 0xF9, 0x0B, 0xFF, 0xFF, 0xFF,
    0xFF, 0xFF, 0xFF, 0xFF, 0xFF, 0xFF, 0xFF, 0xFF, 0xFF, 0xFF, 0xF9, 0x6F, 0xFF, 0xB6, 0x31, 0x00,
    0x00, 0x5F, 0xF9, 0x00, 0x00, 0x00, 0x00, 0x00, 0x00, 0x00, 0xBF, 0xF9, 0x00, 0x00, 0x00, 0x00,
    0x7F, 0xFC, 0x00, 0x00, 0x00, 0x00, 0x00, 0x00, 0x00, 0xDF, 0xF3, 0x00, 0x00, 0x00, 0x00, 0xBF,
    0xFF, 0x20, 0x00, 0x00, 0x00, 0x00, 0x00, 0x00, 0xEF, 0xF2, 0x00, 0x00, 0x00, 0x04, 0xFF, 0xFF,
    0xA0, 0x00, 0x00, 0x00, 0x00, 0x00, 0x00, 0xCF, 0xF8, 0x00, 0x00, 0x00, 0x2D, 0xFF, 0xFF, 0xF8,
    0x00, 0x00, 0x00, 0x00, 0x04, 0xA0, 0x8F, 0xFF, 0x93, 0x10, 0x38, 0xEF, 0xF7, 0xBF, 0xFF, 0xC6,
    0x21, 0x01, 0x48, 0xDF, 0xD0, 0x1E, 0xFF, 0xFF, 0xFF, 0xFF, 0xFF, 0xA0, 0x1C, 0xFF, 0xFF, 0xFF,
    0xFF, 0xFF, 0xFF, 0xD0, 0x03, 0xEF, 0xFF, 0xFF, 0xFF, 0xF7, 0x00, 0x00, 0x8F, 0xFF, 0xFF, 0xFF,
    0xFF, 0xFB, 0x30, 0x00, 0x17, 0xBE, 0xFE, 0xC8, 0x20, 0x00, 0x00, 0x02, 0x7B, 0xDE, 0xFD, 0xB7,
    0x20, 0x00, 0x00, 0x00, 0x01, 0x6A, 0xDE, 0xFD, 0xC9, 0x51, 0x00, 0x00, 0x5E, 0xFF, 0xFF, 0xFF,
    0xFF, 0xF9, 0x00, 0x08, 0xFF, 0xFF, 0xFF, 0xFF, 0xFF, 0xF9, 0x00, 0x6F, 0xFF, 0xE8, 0x31, 0x02,
    0x36, 0xA8, 0x01, 0xEF, 0xFD, 0x20, 0x00, 0x00, 0x00, 0x00, 0x07, 0xFF, 0xF3, 0x00, 0x00, 0x00,
    0x00, 0x00, 0x0B, 0xFF, 0x90, 0x00, 0x00, 0x00, 0x00, 0x00, 0x0E, 0xFF, 0x50, 0x00, 0x00, 0x00,
    0x00, 0x00, 0x1F, 0xFF, 0x20, 0x00, 0x00, 0x00, 0x00, 0x00, 0x2F, 0xFF, 0x20, 0x00, 0x00, 0x00,
    0x00, 0x00, 0x1F, 0xFF, 0x20, 0x00, 0x00, 0x00, 0x00, 0x00, 0x0E, 0xFF, 0x50, 0x00, 0x00, 0x00,
    0x00, 0x00, 0x0B, 0xFF, 0x90, 0x00, 0x00, 0x00, 0x00, 0x00, 0x07, 0xFF, 0xF2, 0x00, 0x00, 0x00,
    0x00, 0x00, 0x01, 0xEF, 0xFD, 0x20, 0x00, 0x00, 0x00, 0x00, 0x00, 0x6F, 0xFF, 0xE8, 0x31, 0x02,
    0x36, 0xA8, 0x00, 0x08, 0xFF, 0xFF, 0xFF, 0xFF, 0xFF, 0xF9, 0x00, 0x00, 0x6E, 0xFF, 0xFF, 0xFF,
    0xFF, 0xF9, 0x00, 0x00, 0x01, 0x6B, 0xDE, 0xED, 0xC9, 0x51, 0x00, 0x00, 0x00, 0x00, 0x06, 0xFA,
    0x00, 0x00, 0x00, 0x00, 0x00, 0x00, 0x00, 0xCF, 0x50, 0x00, 0x00, 0x00, 0x00, 0x00, 0x00, 0x6F,
    0xC0, 0x00, 0x00, 0x00, 0x00, 0x00, 0x00, 0x5F, 0xF0, 0x00, 0x00, 0x00, 0x00, 0x84, 0x12, 0xBF,
    0xE0, 0x00, 0x00, 0x00, 0x00, 0xCF, 0xFF, 0xFF, 0x90, 0x00, 0x00, 0x00, 0x00, 0x8D, 0xEE, 0xD7,
    0x00, 0x00, 0x00, 0x00, 0x6F, 0xFC, 0x00, 0x00, 0x00, 0x00, 0x00, 0x00, 0x00, 0x00, 0x08, 0xFF,
    0x90, 0x00, 0x00, 0x00, 0x00, 0x00, 0x00, 0x00, 0x00, 0x9F, 0xF5, 0x00, 0x00, 0x00, 0x00, 0x00,
    0x00, 0x00, 0x00, 0x0A, 0xFE, 0x30, 0x00, 0x00, 0x00, 0x00, 0x00, 0x00, 0x00, 0x01, 0xCF, 0xD1,
    0x00, 0x00, 0x00, 0x00, 0x00, 0x00, 0x00, 0x00, 0x1D, 0xFA, 0x00, 0x00, 0x00, 0x00, 0x00, 0x00,
    0x00, 0x00, 0x00, 0x00, 0x00, 0x00, 0x00, 0x00, 0x00, 0x00, 0x00, 0x00, 0x00, 0x00, 0x00, 0x00,
    0x00, 0x00, 0x00, 0x00, 0x01, 0x6A, 0xDE, 0xED, 0xA5, 0x00, 0x00, 0x00, 0x00, 0x00, 0x5E, 0xFF,
    0xFF, 0xFF, 0xFF, 0xD3, 0x00, 0x00, 0x00, 0x07, 0xFF, 0xFF, 0xFF, 0xFF, 0xFF, 0xFE, 0x30, 0x00,
    0x00, 0x5F, 0xFF, 0xB5, 0x20, 0x02, 0x7E, 0xFF, 0xD0, 0x00, 0x01, 0xEF, 0xF6, 0x00, 0x00, 0x00,
    0x02, 0xDF, 0xF6, 0x00, 0x06, 0xFF, 0xA0, 0x00, 0x00, 0x00, 0x00, 0x4F, 0xFB, 0x00, 0x0B, 0xFF,
    0x40, 0x00, 0x00, 0x00, 0x00, 0x0F, 0xFF, 0x00, 0x0E, 0xFF, 0xFF, 0xFF, 0xFF, 0xFF, 0xFF, 0xFF,
    0xFF, 0x10, 0x1F, 0xFF, 0xFF, 0xFF, 0xFF, 0xFF, 0xFF, 0xFF, 0xFF, 0x20, 0x2F, 0xFF, 0xFF, 0xFF,
    0xFF, 0xFF, 0xFF, 0xFF, 0xFF, 0x20, 0x1F, 0xFF, 0x20, 0x00, 0x00, 0x00, 0x00, 0x00, 0x00, 0x00,
    0x0F, 0xFF, 0x50, 0x00, 0x00, 0x00, 0x00, 0x00, 0x00, 0x00, 0x0B, 0xFF, 0x90, 0x00, 0x00, 0x00,
    0x00, 0x00, 0x00, 0x00, 0x07, 0xFF, 0xF3, 0x00, 0x00, 0x00, 0x00, 0x00, 0x00, 0x00, 0x01, 0xEF,
    0xFD, 0x30, 0x00, 0x00, 0x00, 0x01, 0x85, 0x00, 0x00, 0x5F, 0xFF, 0xF9, 0x41, 0x01, 0x25, 0xAF,
    0xF6, 0x00, 0x00, 0x07, 0xFF, 0xFF, 0xFF, 0xFF, 0xFF, 0xFF, 0xF6, 0x00, 0x00, 0x00, 0x4D, 0xFF,
    0xFF, 0xFF, 0xFF, 0xFE, 0x71, 0x00, 0x00, 0x00, 0x00, 0x59, 0xDE, 0xFE, 0xC9, 0x50, 0x00, 0x00,
    0x00, 0x00, 0x00, 0x00, 0x00, 0x04, 0xFF, 0xD1, 0x00, 0x00, 0x00, 0x00, 0x00, 0x00, 0x00, 0x2E,
    0xFE, 0x20, 0x00, 0x00, 0x00, 0x00, 0x00, 0x00, 0x00, 0xCF, 0xE3, 0x00, 0x00, 0x00, 0x00, 0x00,
    0x00, 0x00, 0x09, 0xFF, 0x40, 0x00, 0x00, 0x00, 0x00, 0x00, 0x00, 0x00, 0x6F, 0xF6, 0x00, 0x00,
    0x00, 0x00, 0x00, 0x00, 0x00, 0x03, 0xEF, 0x70, 0x00, 0x00, 0x00, 0x00, 0x00, 0x00, 0x00, 0x00,
    0x00, 0x00, 0x00, 0x00, 0x00, 0x00, 0x00, 0x00, 0x00, 0x00, 0x00, 0x00, 0x00, 0x00, 0x00, 0x00,
    0x00, 0x00, 0x01, 0x6A, 0xDE, 0xED, 0xA5, 0x00, 0x00, 0x00, 0x00, 0x00, 0x5E, 0xFF, 0xFF, 0xFF,
    0xFF, 0xD3, 0x00, 0x00, 0x00, 0x07, 0xFF, 0xFF, 0xFF, 0xFF, 0xFF, 0xFE, 0x30, 0x00, 0x00, 0x5F,
    0xFF, 0xB5, 0x20, 0x02, 0x7E, 0xFF, 0xD0, 0x00, 0x01, 0xEF, 0xF6, 0x00, 0x00, 0x00, 0x02, 0xDF,
    0xF6, 0x00, 0x06, 0xFF, 0xA0, 0x00, 0x00, 0x00, 0x00, 0x4F, 0xFB, 0x00, 0x0B, 0xFF, 0x40, 0x00,
    0x00, 0x00, 0x00, 0x0F, 0xFF, 0x00, 0x0E, 0xFF, 0xFF, 0xFF, 0xFF, 0xFF, 0xFF, 0xFF, 0xFF, 0x10,
    0x1F, 0xFF, 0xFF, 0xFF, 0xFF, 0xFF, 0xFF, 0xFF, 0xFF, 0x20, 0x2F, 0xFF, 0xFF, 0xFF, 0xFF, 0xFF,
    0xFF, 0xFF, 0xFF, 0x20, 0x1F, 0xFF, 0x20, 0x00, 0x00, 0x00, 0x00, 0x00, 0x00, 0x00, 0x0F, 0xFF,
    0x50, 0x00, 0x00, 0x00, 0x00, 0x00, 0x00, 0x00, 0x0B, 0xFF, 0x90, 0x00, 0x00, 0x00, 0x00, 0x00,
    0x00, 0x00, 0x07, 0xFF, 0xF3, 0x00, 0x00, 0x00, 0x00, 0x00, 0x00, 0x00, 0x01, 0xEF, 0xFD, 0x30,
    0x00, 0x00, 0x00, 0x01, 0x85, 0x00, 0x00, 0x5F, 0xFF, 0xF9, 0x41, 0x01, 0x25, 0xAF, 0xF6, 0x00,
    0x00, 0x07, 0xFF, 0xFF, 0xFF, 0xFF, 0xFF, 0xFF, 0xF6, 0x00, 0x00, 0x00, 0x4D, 0xFF, 0xFF, 0xFF,
    0xFF, 0xFE, 0x71, 0x00, 0x00, 0x00, 0x00, 0x59, 0xDE, 0xFE, 0xC9, 0x50, 0x00, 0x00, 0x00, 0x00,
    0x00, 0x00, 0xBF, 0xF6, 0x00, 0x00, 0x00, 0x00, 0x00, 0x00, 0x00, 0x07, 0xFF, 0xFE, 0x20, 0x00,
    0x00, 0x00, 0x00, 0x00, 0x00, 0x2E, 0xF8, 0xDF, 0xB0, 0x00, 0x00, 0x00, 0x00, 0x00, 0x00, 0xCF,
    0xB0, 0x2E, 0xF6, 0x00, 0x00, 0x00, 0x00, 0x00, 0x07, 0xFD, 0x10, 0x05, 0xFE, 0x20, 0x00, 0x00,
    0x00, 0x00, 0x3F, 0xF3, 0x00, 0x00, 0x9F, 0xB0, 0x00, 0x00, 0x00, 0x00, 0x00, 0x00, 0x00, 0x00,
    0x00, 0x00, 0x00, 0x00, 0x00, 0x00, 0x00, 0x00, 0x00, 0x00, 0x00, 0x00, 0x00, 0x00, 0x00, 0x00,
    0x01, 0x6A, 0xDE, 0xED, 0xA5, 0x00, 0x00, 0x00, 0x00, 0x00, 0x5E, 0xFF, 0xFF, 0xFF, 0xFF, 0xD3,
    0x00, 0x00, 0x00, 0x07, 0xFF, 0xFF, 0xFF, 0xFF, 0xFF, 0xFE, 0x30, 0x00, 0x00, 0x5F, 0xFF, 0xB5,
    0x20, 0x02, 0x7E, 0xFF, 0xD0, 0x00, 0x01, 0xEF, 0xF6, 0x00, 0x00, 0x00, 0x02, 0xDF, 0xF6, 0x00,
    0x06, 0xFF, 0xA0, 0x00, 0x00, 0x00, 0x00, 0x4F, 0xFB, 0x00, 0x0B, 0xFF, 0x40, 0x00, 0x00, 0x00,
    0x00, 0x0F, 0xFF, 0x00, 0x0E, 0xFF, 0xFF, 0xFF, 0xFF, 0xFF, 0xFF, 0xFF, 0xFF, 0x10, 0x1F, 0xFF,
    0xFF, 0xFF, 0xFF, 0xFF, 0xFF, 0xFF, 0xFF, 0x20, 0x2F, 0xFF, 0xFF, 0xFF, 0xFF, 0xFF, 0xFF, 0xFF,
    0xFF, 0x20, 0x1F, 0xFF, 0x20, 0x00, 0x00, 0x00, 0x00, 0x00, 0x00, 0x00, 0x0F, 0xFF, 0x50, 0x00,
    0x00, 0x00, 0x00, 0x00, 0x00, 0x00, 0x0B, 0xFF, 0x90, 0x00, 0x00, 0x00, 0x00, 0x00, 0x00, 0x00,
    0x07, 0xFF, 0xF3, 0x00, 0x00, 0x00, 0x00, 0x00, 0x00, 0x00, 0x01, 0xEF, 0xFD, 0x30, 0x00, 0x00,
    0x00, 0x01, 0x85, 0x00, 0x00, 0x5F, 0xFF, 0xF9, 0x41, 0x01, 0x25, 0xAF, 0xF6, 0x00, 0x00, 0x07,
    0xFF, 0xFF, 0xFF, 0xFF, 0xFF, 0xFF, 0xF6, 0x00, 0x00, 0x00, 0x4D, 0xFF, 0xFF, 0xFF, 0xFF, 0xFE,
    0x71, 0x00, 0x00, 0x00, 0x00, 0x59, 0xDE, 0xFE, 0xC9, 0x50, 0x00, 0x00, 0x00, 0x00, 0x2F, 0xFF,
    0x40, 0x09, 0xFF, 0xB0, 0x00, 0x00, 0x00, 0x00, 0x2F, 0xFF, 0x40, 0x09, 0xFF, 0xB0, 0x00, 0x00,
    0x00, 0x00, 0x2F, 0xFF, 0x40, 0x09, 0xFF, 0xB0, 0x00, 0x00, 0x00, 0x00, 0x00, 0x00, 0x00, 0x00,
    0x00, 0x00, 0x00, 0x00, 0x00, 0x00, 0x00, 0x00, 0x00, 0x00, 0x00, 0x00, 0x00, 0x00, 0x00, 0x00,
    0x00, 0x00, 0x00, 0x00, 0x00, 0x00, 0x00, 0x00, 0x00, 0x00, 0x00, 0x00, 0x00, 0x00, 0x00, 0x00,
    0x00, 0x00, 0x00, 0x00, 0x01, 0x6A, 0xDE, 0xED, 0xA5, 0x00, 0x00, 0x00, 0x00, 0x00, 0x5E, 0xFF,
    0xFF, 0xFF, 0xFF, 0xD3, 0x00, 0x00, 0x00, 0x07, 0xFF, 0xFF, 0xFF, 0xFF, 0xFF, 0xFE, 0x30, 0x00,
    0x00, 0x5F, 0xFF, 0xB5, 0x20, 0x02, 0x7E, 0xFF, 0xD0, 0x00, 0x01, 0xEF, 0xF6, 0x00, 0x00, 0x00,
    0x02, 0xDF, 0xF6, 0x00, 0x06, 0xFF, 0xA0, 0x00, 0x00, 0x00, 0x00, 0x4F, 0xFB, 0x00, 0x0B, 0xFF,
    0x40, 0x00, 0x00, 0x00, 0x00, 0x0F, 0xFF, 0x00, 0x0E, 0xFF, 0xFF, 0xFF, 0xFF, 0xFF, 0xFF, 0xFF,
    0xFF, 0x10, 0x1F, 0xFF, 0xFF, 0xFF, 0xFF, 0xFF, 0xFF, 0xFF, 0xFF, 0x20, 0x2F, 0xFF, 0xFF, 0xFF,
    0xFF, 0xFF, 0xFF, 0xFF, 0xFF, 0x20, 0x1F, 0xFF, 0x20, 0x00, 0x00, 0x00, 0x00, 0x00, 0x00, 0x00,
    0x0F, 0xFF, 0x50, 0x00, 0x00, 0x00, 0x00, 0x00, 0x00, 0x00, 0x0B, 0xFF, 0x90, 0x00, 0x00, 0x00,
    0x00, 0x00, 0x00, 0x00, 0x07, 0xFF, 0xF3, 0x00, 0x00, 0x00, 0x00, 0x00, 0x00, 0x00, 0x01, 0xEF,
    0xFD, 0x30, 0x00, 0x00, 0x00, 0x01, 0x85, 0x00, 0x00, 0x5F, 0xFF, 0xF9, 0x41, 0x01, 0x25, 0xAF,
    0xF6, 0x00, 0x00, 0x07, 0xFF, 0xFF, 0xFF, 0xFF, 0xFF, 0xFF, 0xF6, 0x00, 0x00, 0x00, 0x4D, 0xFF,
    0xFF, 0xFF, 0xFF, 0xFE, 0x71, 0x00, 0x00, 0x00, 0x00, 0x59, 0xDE, 0xFE, 0xC9, 0x50, 0x00, 0x00,
    0x7F, 0xFB, 0x00, 0x00, 0x09, 0xFF, 0x70, 0x00, 0x00, 0xAF, 0xF4, 0x00, 0x00, 0x0B, 0xFE, 0x20,
    0x00, 0x01, 0xCF, 0xC0, 0x00, 0x00, 0x2D, 0xF9, 0x00, 0x00, 0x00, 0x00, 0x00, 0x00, 0x00, 0x00,
    0x00, 0x00, 0xCF, 0xF4, 0x00, 0x00, 0xCF, 0xF4, 0x00, 0x00, 0xCF, 0xF4, 0x00, 0x00, 0xCF, 0xF4,
    0x00, 0x00, 0xCF, 0xF4, 0x00, 0x00, 0xCF, 0xF4, 0x00, 0x00, 0xCF, 0xF4, 0x00, 0x00, 0xCF, 0xF4,
    0x00, 0x00, 0xCF, 0xF4, 0x00, 0x00, 0xCF, 0xF4, 0x00, 0x00, 0xCF, 0xF4, 0x00, 0x00, 0xCF, 0xF4,
    0x00, 0x00, 0xCF, 0xF4, 0x00, 0x00, 0xCF, 0xF4, 0x00, 0x00, 0xCF, 0xF4, 0x00, 0x00, 0xCF, 0xF4,
    0x00, 0x00, 0xCF, 0xF4, 0x00, 0x00, 0xCF, 0xF4, 0x00, 0x00, 0xCF, 0xF4, 0x00, 0x00, 0x5F, 0xFC,
    0x10, 0x00, 0x02, 0xEF, 0xD2, 0x00, 0x00, 0x1D, 0xFE, 0x20, 0x00, 0x00, 0xAF, 0xE3, 0x00, 0x00,
    0x07, 0xFF, 0x50, 0x00, 0x00, 0x4F, 0xF6, 0x00, 0x00, 0x00, 0x00, 0x00, 0x00, 0x00, 0x00, 0x00,
    0x00, 0x00, 0x00, 0x00, 0x0C, 0xFF, 0x40, 0x00, 0x00, 0x0C, 0xFF, 0x40, 0x00, 0x00, 0x0C, 0xFF,
    0x40, 0x00, 0x00, 0x0C, 0xFF, 0x40, 0x00, 0x00, 0x0C, 0xFF, 0x40, 0x00, 0x00, 0x0C, 0xFF, 0x40,
    0x00, 0x00, 0x0C, 0xFF, 0x40, 0x00, 0x00, 0x0C, 0xFF, 0x40, 0x00, 0x00, 0x0C, 0xFF, 0x40, 0x00,
    0x00, 0x0C, 0xFF, 0x40, 0x00, 0x00, 0x0C, 0xFF, 0x40, 0x00, 0x00, 0x0C, 0xFF, 0x40, 0x00, 0x00,
    0x0C, 0xFF, 0x40, 0x00, 0x00, 0x0C, 0xFF, 0x40, 0x00, 0x00, 0x0C, 0xFF, 0x40, 0x00, 0x00, 0x0C,
    0xFF, 0x40, 0x00, 0x00, 0x0C, 0xFF, 0x40, 0x00, 0x00, 0x0C, 0xFF, 0x40, 0x00, 0x00, 0x0C, 0xFF,
    0x40, 0x00, 0x00, 0x00, 0x00, 0xCF, 0xF5, 0x00, 0x00, 0x00, 0x08, 0xFF, 0xFE, 0x10, 0x00, 0x00,
    0x3F, 0xF7, 0xDF, 0xA0, 0x00, 0x00, 0xDF, 0xA0, 0x3F, 0xF5, 0x00, 0x08, 0xFD, 0x10, 0x06, 0xFE,
    0x10, 0x3F, 0xE3, 0x00, 0x00, 0xAF, 0xA0, 0x00, 0x00, 0x00, 0x00, 0x00, 0x00, 0x00, 0x00, 0x00,
    0x00, 0x00, 0x00, 0x00, 0x00, 0xCF, 0xF4, 0x00, 0x00, 0x00, 0x00, 0xCF, 0xF4, 0x00, 0x00, 0x00,
    0x00, 0xCF, 0xF4, 0x00, 0x00, 0x00, 0x00, 0xCF, 0xF4, 0x00, 0x00, 0x00, 0x00, 0xCF, 0xF4, 0x00,
    0x00, 0x00, 0x00, 0xCF, 0xF4, 0x00, 0x00, 0x00, 0x00, 0xCF, 0xF4, 0x00, 0x00, 0x00, 0x00, 0xCF,
    0xF4, 0x00, 0x00, 0x00, 0x00, 0xCF, 0xF4, 0x00, 0x00, 0x00, 0x00, 0xCF, 0xF4, 0x00, 0x00, 0x00,
    0x00, 0xCF, 0xF4, 0x00, 0x00, 0x00, 0x00, 0xCF, 0xF4, 0x00, 0x00, 0x00, 0x00, 0xCF, 0xF4, 0x00,
    0x00, 0x00, 0x00, 0xCF, 0xF4, 0x00, 0x00, 0x00, 0x00, 0xCF, 0xF4, 0x00, 0x00, 0x00, 0x00, 0xCF,
    0xF4, 0x00, 0x00, 0x00, 0x00, 0xCF, 0xF4, 0x00, 0x00, 0x00, 0x00, 0xCF, 0xF4, 0x00, 0x00, 0x00,
    0x00, 0xCF, 0xF4, 0x00, 0x00, 0x3F, 0xFF, 0x30, 0x0B, 0xFF, 0xA0, 0x3F, 0xFF, 0x30, 0x0B, 0xFF,
    0xA0, 0x3F, 0xFF, 0x30, 0x0B, 0xFF, 0xA0, 0x00, 0x00, 0x00, 0x00, 0x00, 0x00, 0x00, 0x00, 0x00,
    0x00, 0x00, 0x00, 0x00, 0x00, 0x00, 0x00, 0x00, 0x00, 0x00, 0x00, 0x00, 0x00, 0x00, 0x00, 0x00,
    0x00, 0xCF, 0xF4, 0x00, 0x00, 0x00, 0x00, 0xCF, 0xF4, 0x00, 0x00, 0x00, 0x00, 0xCF, 0xF4, 0x00,
    0x00, 0x00, 0x00, 0xCF, 0xF4, 0x00, 0x00, 0x00, 0x00, 0xCF, 0xF4, 0x00, 0x00, 0x00, 0x00, 0xCF,
    0xF4, 0x00, 0x00, 0x00, 0x00, 0xCF, 0xF4, 0x00, 0x00, 0x00, 0x00, 0xCF, 0xF4, 0x00, 0x00, 0x00,
    0x00, 0xCF, 0xF4, 0x00, 0x00, 0x00, 0x00, 0xCF, 0xF4, 0x00, 0x00, 0x00, 0x00, 0xCF, 0xF4, 0x00,
    0x00, 0x00, 0x00, 0xCF, 0xF4, 0x00, 0x00, 0x00, 0x00, 0xCF, 0xF4, 0x00, 0x00, 0x00, 0x00, 0xCF,
    0xF4, 0x00, 0x00, 0x00, 0x00, 0xCF, 0xF4, 0x00, 0x00, 0x00, 0x00, 0xCF, 0xF4, 0x00, 0x00, 0x00,
    0x00, 0xCF, 0xF4, 0x00, 0x00, 0x00, 0x00, 0xCF, 0xF4, 0x00, 0x00, 0x00, 0x00, 0xCF, 0xF4, 0x00,
    0x00, 0x00, 0x00, 0x6F, 0xFF, 0x60, 0x00, 0x00, 0x13, 0x00, 0x00, 0x00, 0x09, 0xFF, 0xF3, 0x00,
    0x5A, 0xFD, 0x00, 0x00, 0x00, 0x00, 0xBF, 0xFE, 0x9E, 0xFF, 0xD8, 0x00, 0x00, 0x00, 0x00, 0x4F,
    0xFF, 0xFD, 0x83, 0x00, 0x00, 0x00, 0x03, 0x8D, 0xFF, 0xFF, 0xFA, 0x00, 0x00, 0x00, 0x00, 0x5F,
    0xFF, 0xA5, 0x5F, 0xFF, 0x70, 0x00, 0x00, 0x00, 0x1B, 0x61, 0x00, 0x07, 0xFF, 0xF5, 0x00, 0x00,
    0x00, 0x00, 0x00, 0x00, 0x00, 0x9F, 0xFE, 0x30, 0x00, 0x00, 0x00, 0x03, 0x9D, 0xEF, 0xDF, 0xFF,
    0xD1, 0x00, 0x00, 0x01, 0xAF, 0xFF, 0xFF, 0xFF, 0xFF, 0xFB, 0x00, 0x00, 0x0C, 0xFF, 0xFF, 0xFF,
    0xFF, 0xFF, 0xFF, 0x50, 0x00, 0x9F, 0xFF, 0xD6, 0x20, 0x13, 0x6E, 0xFF, 0xC0, 0x02, 0xFF, 0xFB,
    0x10, 0x00, 0x00, 0x06, 0xFF, 0xF3, 0x09, 0xFF, 0xE1, 0x00, 0x00, 0x00, 0x00, 0xDF, 0xF7, 0x0D,
    0xFF, 0x70, 0x00, 0x00, 0x00, 0x00, 0x9F, 0xFB, 0x0F, 0xFF, 0x40, 0x00, 0x00, 0x00, 0x00, 0x6F,
    0xFC, 0x1F, 0xFF, 0x20, 0x00, 0x00, 0x00, 0x00, 0x5F, 0xFD, 0x1F, 0xFF, 0x20, 0x00, 0x00, 0x00,
    0x00, 0x5F, 0xFD, 0x0F, 0xFF, 0x40, 0x00, 0x00, 0x00, 0x00, 0x7F, 0xFC, 0x0C, 0xFF, 0x70, 0x00,
    0x00, 0x00, 0x00, 0xAF, 0xF9, 0x08, 0xFF, 0xD1, 0x00, 0x00, 0x00, 0x03, 0xFF, 0xF5, 0x02, 0xFF,
    0xFA, 0x00, 0x00, 0x00, 0x1C, 0xFF, 0xD0, 0x00, 0x8F, 0xFF, 0xC5, 0x10, 0x26, 0xDF, 0xFF, 0x50,
    0x00, 0x0B, 0xFF, 0xFF, 0xFF, 0xFF, 0xFF, 0xF8, 0x00, 0x00, 0x00, 0x9F, 0xFF, 0xFF, 0xFF, 0xFE,
    0x60, 0x00, 0x00, 0x00, 0x02, 0x8C, 0xEF, 0xEB, 0x71, 0x00, 0x00, 0x00, 0x01, 0xAE, 0xD7, 0x00,
    0x09, 0xF7, 0x00, 0x00, 0x0A, 0xFF, 0xFF, 0xA0, 0x0B, 0xF6, 0x00, 0x00, 0x2F, 0xF3, 0x7F, 0xF8,
    0x2E, 0xF2, 0x00, 0x00, 0x5F, 0xC0, 0x09, 0xFF, 0xFF, 0xB0, 0x00, 0x00, 0x6F, 0xA0, 0x00, 0x6D,
    0xEA, 0x10, 0x00, 0x00, 0x00, 0x00, 0x00, 0x00, 0x00, 0x00, 0x00, 0x00, 0x00, 0x00, 0x00, 0x00,
    0x00, 0x00, 0x00, 0xEF, 0xF2, 0x02, 0x8C, 0xEF, 0xDA, 0x40, 0x00, 0xEF, 0xF2, 0x6E, 0xFF, 0xFF,
    0xFF, 0xF8, 0x00, 0xEF, 0xF8, 0xFF, 0xFF, 0xFF, 0xFF, 0xFF, 0x60, 0xEF, 0xFF, 0xFB, 0x51, 0x02,
    0x6E, 0xFF, 0xE0, 0xEF, 0xFF, 0x80, 0x00, 0x00, 0x03, 0xFF, 0xF4, 0xEF, 0xFC, 0x00, 0x00, 0x00,
    0x00, 0xBF, 0xF7, 0xEF, 0xF6, 0x00, 0x00, 0x00, 0x00, 0x7F, 0xF9, 0xEF, 0xF3, 0x00, 0x00, 0x00,
    0x00, 0x6F, 0xFA, 0xEF, 0xF2, 0x00, 0x00, 0x00, 0x00, 0x6F, 0xFA, 0xEF, 0xF2, 0x00, 0x00, 0x00,
    0x00, 0x6F, 0xFA, 0xEF, 0xF2, 0x00, 0x00, 0x00, 0x00, 0x6F, 0xFA, 0xEF, 0xF2, 0x00, 0x00, 0x00,
    0x00, 0x6F, 0xFA, 0xEF, 0xF2, 0x00, 0x00, 0x00, 0x00, 0x6F, 0xFA, 0xEF, 0xF2, 0x00, 0x00, 0x00,
    0x00, 0x6F, 0xFA, 0xEF, 0xF2, 0x00, 0x00, 0x00, 0x00, 0x6F, 0xFA, 0xEF, 0xF2, 0x00, 0x00, 0x00,
    0x00, 0x6F, 0xFA, 0xEF, 0xF2, 0x00, 0x00, 0x00, 0x00, 0x6F, 0xFA, 0xEF, 0xF2, 0x00, 0x00, 0x00,
    0x00, 0x6F, 0xFA, 0xEF, 0xF2, 0x00, 0x00, 0x00, 0x00, 0x6F, 0xFA, 0x00, 0x01, 0xCF, 0xF6, 0x00,
    0x00, 0x00, 0x00, 0x00, 0x00, 0x00, 0x1D, 0xFF, 0x30, 0x00, 0x00, 0x00, 0x00, 0x00, 0x00, 0x02,
    0xDF, 0xD1, 0x00, 0x00, 0x00, 0x00, 0x00, 0x00, 0x00, 0x3E, 0xFB, 0x00, 0x00, 0x00, 0x00, 0x00,
    0x00, 0x00, 0x04, 0xFF, 0x80, 0x00, 0x00, 0x00, 0x00, 0x00, 0x00, 0x00, 0x5F, 0xF5, 0x00, 0x00,
    0x00, 0x00, 0x00, 0x00, 0x00, 0x00, 0x00, 0x00, 0x00, 0x00, 0x00, 0x00, 0x00, 0x00, 0x00, 0x00,
    0x00, 0x00, 0x00, 0x00, 0x00, 0x03, 0x8C, 0xEF, 0xEC, 0x72, 0x00, 0x00, 0x00, 0x00, 0x9F, 0xFF,
    0xFF, 0xFF, 0xFE, 0x70, 0x00, 0x00, 0x0B, 0xFF, 0xFF, 0xFF, 0xFF, 0xFF, 0xF9, 0x00, 0x00, 0x8F,
    0xFF, 0xD5, 0x10, 0x26, 0xEF, 0xFF, 0x50, 0x02, 0xFF, 0xFB, 0x10, 0x00, 0x00, 0x2D, 0xFF, 0xD0,
    0x08, 0xFF, 0xE1, 0x00, 0x00, 0x00, 0x04, 0xFF, 0xF5, 0x0C, 0xFF, 0x90, 0x00, 0x00, 0x00, 0x00,
    0xCF, 0xF9, 0x0F, 0xFF, 0x40, 0x00, 0x00, 0x00, 0x00, 0x8F, 0xFC, 0x1F, 0xFF, 0x20, 0x00, 0x00,
    0x00, 0x00, 0x5F, 0xFD, 0x2F, 0xFF, 0x20, 0x00, 0x00, 0x00, 0x00, 0x5F, 0xFE, 0x1F, 0xFF, 0x20,
    0x00, 0x00, 0x00, 0x00, 0x5F, 0xFD, 0x0F, 0xFF, 0x40, 0x00, 0x00, 0x00, 0x00, 0x8F, 0xFC, 0x0C,
    0xFF, 0x90, 0x00, 0x00, 0x00, 0x00, 0xCF, 0xF9, 0x08, 0xFF, 0xE1, 0x00, 0x00, 0x00, 0x04, 0xFF,
    0xF5, 0x02, 0xFF, 0xFB, 0x00, 0x00, 0x00, 0x2D, 0xFF, 0xD0, 0x00, 0x8F, 0xFF, 0xC5, 0x10, 0x26,
    0xEF, 0xFF, 0x50, 0x00, 0x0B, 0xFF, 0xFF, 0xFF, 0xFF, 0xFF, 0xF9, 0x00, 0x00, 0x00, 0x9F, 0xFF,
    0xFF, 0xFF, 0xFE, 0x70, 0x00, 0x00, 0x00, 0x03, 0x8C, 0xEF, 0xEC, 0x82, 0x00, 0x00, 0x00, 0x00,
    0x00, 0x00, 0x00, 0x0A, 0xFF, 0x80, 0x00, 0x00, 0x00, 0x00, 0x00, 0x00, 0x7F, 0xFA, 0x00, 0x00,
    0x00, 0x00, 0x00, 0x00, 0x04, 0xFF, 0xB0, 0x00, 0x00, 0x00, 0x00, 0x00, 0x00, 0x1E, 0xFC, 0x10,
    0x00, 0x00, 0x00, 0x00, 0x00, 0x00, 0xBF, 0xD1, 0x00, 0x00, 0x00, 0x00, 0x00, 0x00, 0x08, 0xFE,
    0x20, 0x00, 0x00, 0x00, 0x00, 0x00, 0x00, 0x00, 0x00, 0x00, 0x00, 0x00, 0x00, 0x00, 0x00, 0x00,
    0x00, 0x00, 0x00, 0x00, 0x00, 0x00, 0x00, 0x00, 0x03, 0x8C, 0xEF, 0xEC, 0x72, 0x00, 0x00, 0x00,
    0x00, 0x9F, 0xFF, 0xFF, 0xFF, 0xFE, 0x70, 0x00, 0x00, 0x0B, 0xFF, 0xFF, 0xFF, 0xFF, 0xFF, 0xF9,
    0x00, 0x00, 0x8F, 0xFF, 0xD5, 0x10, 0x26, 0xEF, 0xFF, 0x50, 0x02, 0xFF, 0xFB, 0x10, 0x00, 0x00,
    0x2D, 0xFF, 0xD0, 0x08, 0xFF, 0xE1, 0x00, 0x00, 0x00, 0x04, 0xFF, 0xF5, 0x0C, 0xFF, 0x90, 0x00,
    0x00, 0x00, 0x00, 0xCF, 0xF9, 0x0F, 0xFF, 0x40, 0x00, 0x00, 0x00, 0x00, 0x8F, 0xFC, 0x1F, 0xFF,
    0x20, 0x00, 0x00, 0x00, 0x00, 0x5F, 0xFD, 0x2F, 0xFF, 0x20, 0x00, 0x00, 0x00, 0x00, 0x5F, 0xFE,
    0x1F, 0xFF, 0x20, 0x00, 0x00, 0x00, 0x00, 0x5F, 0xFD, 0x0F, 0xFF, 0x40, 0x00, 0x00, 0x00, 0x00,
    0x8F, 0xFC, 0x0C, 0xFF, 0x90, 0x00, 0x00, 0x00, 0x00, 0xCF, 0xF9, 0x08, 0xFF, 0xE1, 0x00, 0x00,
    0x00, 0x04, 0xFF, 0xF5, 0x02, 0xFF, 0xFB, 0x00, 0x00, 0x00, 0x2D, 0xFF, 0xD0, 0x00, 0x8F, 0xFF,
    0xC5, 0x10, 0x26, 0xEF, 0xFF, 0x50, 0x00, 0x0B, 0xFF, 0xFF, 0xFF, 0xFF, 0xFF, 0xF9, 0x00, 0x00,
    0x00, 0x9F, 0xFF, 0xFF, 0xFF, 0xFE, 0x70, 0x00, 0x00, 0x00, 0x03, 0x8C, 0xEF, 0xEC, 0x82, 0x00,
    0x00, 0x00, 0x00, 0x00, 0x03, 0xFF, 0xE1, 0x00, 0x00, 0x00, 0x00, 0x00, 0x00, 0x0C, 0xFF, 0xFA,
    0x00, 0x00, 0x00, 0x00, 0x00, 0x00, 0x8F, 0xE6, 0xFF, 0x50, 0x00, 0x00, 0x00, 0x00, 0x03, 0xFF,
    0x50, 0x8F, 0xE1, 0x00, 0x00, 0x00, 0x00, 0x0D, 0xF9, 0x00, 0x0B, 0xFA, 0x00, 0x00, 0x00, 0x00,
    0x8F, 0xC0, 0x00, 0x01, 0xEF, 0x50, 0x00, 0x00, 0x00, 0x00, 0x00, 0x00, 0x00, 0x00, 0x00, 0x00,
    0x00, 0x00, 0x00, 0x00, 0x00, 0x00, 0x00, 0x00, 0x00, 0x00, 0x00, 0x03, 0x8C, 0xEF, 0xEC, 0x72,
    0x00, 0x00, 0x00, 0x00, 0x9F, 0xFF, 0xFF, 0xFF, 0xFE, 0x70, 0x00, 0x00, 0x0B, 0xFF, 0xFF, 0xFF,
    0xFF, 0xFF, 0xF9, 0x00, 0x00, 0x8F, 0xFF, 0xD5, 0x10, 0x26, 0xEF, 0xFF, 0x50, 0x02, 0xFF, 0xFB,
    0x10, 0x00, 0x00, 0x2D, 0xFF, 0xD0, 0x08, 0xFF, 0xE1, 0x00, 0x00, 0x00, 0x04, 0xFF, 0xF5, 0x0C,
    0xFF, 0x90, 0x00, 0x00, 0x00, 0x00, 0xCF, 0xF9, 0x0F, 0xFF, 0x40, 0x00, 0x00, 0x00, 0x00, 0x8F,
    0xFC, 0x1F, 0xFF, 0x20, 0x00, 0x00, 0x00, 0x00, 0x5F, 0xFD, 0x2F, 0xFF, 0x20, 0x00, 0x00, 0x00,
    0x00, 0x5F, 0xFE, 0x1F, 0xFF, 0x20, 0x00, 0x00, 0x00, 0x00, 0x5F, 0xFD, 0x0F, 0xFF, 0x40, 0x00,
    0x00, 0x00, 0x00, 0x8F, 0xFC, 0x0C, 0xFF, 0x90, 0x00, 0x00, 0x00, 0x00, 0xCF, 0xF9, 0x08, 0xFF,
    0xE1, 0x00, 0x00, 0x00, 0x04, 0xFF, 0xF5, 0x02, 0xFF, 0xFB, 0x00, 0x00, 0x00, 0x2D, 0xFF, 0xD0,
    0x00, 0x8F, 0xFF, 0xC5, 0x10, 0x26, 0xEF, 0xFF, 0x50, 0x00, 0x0B, 0xFF, 0xFF, 0xFF, 0xFF, 0xFF,
    0xF9, 0x00, 0x00, 0x00, 0x9F, 0xFF, 0xFF, 0xFF, 0xFE, 0x70, 0x00, 0x00, 0x00, 0x03, 0x8C, 0xEF,
    0xEC, 0x82, 0x00, 0x00, 0x00, 0x00, 0x06, 0xDE, 0xA2, 0x00, 0x3F, 0xD0, 0x00, 0x00, 0x00, 0x4F,
    0xFF, 0xFD, 0x20, 0x5F, 0xB0, 0x00, 0x00, 0x00, 0xBF, 0x83, 0xEF, 0xD1, 0xAF, 0x80, 0x00, 0x00,
    0x00, 0xEF, 0x20, 0x4E, 0xFF, 0xFE, 0x20, 0x00, 0x00, 0x01, 0xFF, 0x10, 0x03, 0xBE, 0xD4, 0x00,
    0x00, 0x00, 0x00, 0x00, 0x00, 0x00, 0x00, 0x00, 0x00, 0x00, 0x00, 0x00, 0x00, 0x00, 0x00, 0x00,
    0x00, 0x00, 0x00, 0x00, 0x00, 0x03, 0x8C, 0xEF, 0xEC, 0x72, 0x00, 0x00, 0x00, 0x00, 0x9F, 0xFF,
    0xFF, 0xFF, 0xFE, 0x70, 0x00, 0x00, 0x0B, 0xFF, 0xFF, 0xFF, 0xFF, 0xFF, 0xF9, 0x00, 0x00, 0x8F,
    0xFF, 0xD5, 0x10, 0x26, 0xEF, 0xFF, 0x50, 0x02, 0xFF, 0xFB, 0x10, 0x00, 0x00, 0x2D, 0xFF, 0xD0,
    0x08, 0xFF, 0xE1, 0x00, 0x00, 0x00, 0x04, 0xFF, 0xF5, 0x0C, 0xFF, 0x90, 0x00, 0x00, 0x00, 0x00,
    0xCF, 0xF9, 0x0F, 0xFF, 0x40, 0x00, 0x00, 0x00, 0x00, 0x8F, 0xFC, 0x1F, 0xFF, 0x20, 0x00, 0x00,
    0x00, 0x00, 0x5F, 0xFD, 0x2F, 0xFF, 0x20, 0x00, 0x00, 0x00, 0x00, 0x5F, 0xFE, 0x1F, 0xFF, 0x20,
    0x00, 0x00, 0x00, 0x00, 0x5F, 0xFD, 0x0F, 0xFF, 0x40, 0x00, 0x00, 0x00, 0x00, 0x8F, 0xFC, 0x0C,
    0xFF, 0x90, 0x00, 0x00, 0x00, 0x00, 0xCF, 0xF9, 0x08, 0xFF, 0xE1, 0x00, 0x00, 0x00, 0x04, 0xFF,
    0xF5, 0x02, 0xFF, 0xFB, 0x00, 0x00, 0x00, 0x2D, 0xFF, 0xD0, 0x00, 0x8F, 0xFF, 0xC5, 0x10, 0x26,
    0xEF, 0xFF, 0x50, 0x00, 0x0B, 0xFF, 0xFF, 0xFF, 0xFF, 0xFF, 0xF9, 0x00, 0x00, 0x00, 0x9F, 0xFF,
    0xFF, 0xFF, 0xFE, 0x70, 0x00, 0x00, 0x00, 0x03, 0x8C, 0xEF, 0xEC, 0x82, 0x00, 0x00, 0x00, 0x00,
    0x8F, 0xFD, 0x00, 0x0F, 0xFF, 0x50, 0x00, 0x00, 0x00, 0x8F, 0xFD, 0x00, 0x0F, 0xFF, 0x50, 0x00,
    0x00, 0x00, 0x8F, 0xFD, 0x00, 0x0F, 0xFF, 0x50, 0x00, 0x00, 0x00, 0x00, 0x00, 0x00, 0x00, 0x00,
    0x00, 0x00, 0x00, 0x00, 0x00, 0x00, 0x00, 0x00, 0x00, 0x00, 0x00, 0x00, 0x00, 0x00, 0x00, 0x00,
    0x00, 0x00, 0x00, 0x00, 0x00, 0x00, 0x00, 0x00, 0x00, 0x00, 0x00, 0x00, 0x00, 0x00, 0x00, 0x03,
    0x8C, 0xEF, 0xEC, 0x72, 0x00, 0x00, 0x00, 0x00, 0x9F, 0xFF, 0xFF, 0xFF, 0xFE, 0x70, 0x00, 0x00,
    0x0B, 0xFF, 0xFF, 0xFF, 0xFF, 0xFF, 0xF9, 0x00, 0x00, 0x8F, 0xFF, 0xD5, 0x10, 0x26, 0xEF, 0xFF,
    0x50, 0x02, 0xFF, 0xFB, 0x10, 0x00, 0x00, 0x2D, 0xFF, 0xD0, 0x08, 0xFF, 0xE1, 0x00, 0x00, 0x00,
    0x04, 0xFF, 0xF5, 0x0C, 0xFF, 0x90, 0x00, 0x00, 0x00, 0x00, 0xCF, 0xF9, 0x0F, 0xFF, 0x40, 0x00,
    0x00, 0x00, 0x00, 0x8F, 0xFC, 0x1F, 0xFF, 0x20, 0x00, 0x00, 0x00, 0x00, 0x5F, 0xFD, 0x2F, 0xFF,
    0x20, 0x00, 0x00, 0x00, 0x00, 0x5F, 0xFE, 0x1F, 0xFF, 0x20, 0x00, 0x00, 0x00, 0x00, 0x5F, 0xFD,
    0x0F, 0xFF, 0x40, 0x00, 0x00, 0x00, 0x00, 0x8F, 0xFC, 0x0C, 0xFF, 0x90, 0x00, 0x00, 0x00, 0x00,
    0xCF, 0xF9, 0x08, 0xFF, 0xE1, 0x00, 0x00, 0x00, 0x04, 0xFF, 0xF5, 0x02, 0xFF, 0xFB, 0x00, 0x00,
    0x00, 0x2D, 0xFF, 0xD0, 0x00, 0x8F, 0xFF, 0xC5, 0x10, 0x26, 0xEF, 0xFF, 0x50, 0x00, 0x0B, 0xFF,
    0xFF, 0xFF, 0xFF, 0xFF, 0xF9, 0x00, 0x00, 0x00, 0x9F, 0xFF, 0xFF, 0xFF, 0xFE, 0x70, 0x00, 0x00,
    0x00, 0x03, 0x8C, 0xEF, 0xEC, 0x82, 0x00, 0x00, 0x00, 0x00, 0x00, 0x00, 0x0C, 0xFF, 0xF4, 0x00,
    0x00, 0x00, 0x00, 0x00, 0x00, 0x00, 0x00, 0x0C, 0xFF, 0xF4, 0x00, 0x00, 0x00, 0x00, 0x00, 0x00,
    0x00, 0x00, 0x0C, 0xFF, 0xF4, 0x00, 0x00, 0x00, 0x00, 0x00, 0x00, 0x00, 0x00, 0x0C, 0xFF, 0xF4,
    0x00, 0x00, 0x00, 0x00, 0x00, 0x00, 0x00, 0x00, 0x00, 0x00, 0x00, 0x00, 0x00, 0x00, 0x00, 0x00,
    0x00, 0x00, 0x00, 0x00, 0x00, 0x00, 0x00, 0x00, 0x00, 0x00, 0x00, 0x00, 0x00, 0x00, 0x00, 0x00,
    0x00, 0x00, 0x00, 0x00, 0x00, 0x6F, 0xFF, 0xFF, 0xFF, 0xFF, 0xFF, 0xFF, 0xFF, 0xFF, 0xFF, 0xFD,
    0x6F, 0xFF, 0xFF, 0xFF, 0xFF, 0xFF, 0xFF, 0xFF, 0xFF, 0xFF, 0xFD, 0x6F, 0xFF, 0xFF, 0xFF, 0xFF,
    0xFF, 0xFF, 0xFF, 0xFF, 0xFF, 0xFD, 0x00, 0x00, 0x00, 0x00, 0x00, 0x00, 0x00, 0x00, 0x00, 0x00,
    0x00, 0x00, 0x00, 0x00, 0x00, 0x00, 0x00, 0x00, 0x00, 0x00, 0x00, 0x00, 0x00, 0x00, 0x00, 0x00,
    0x00, 0x00, 0x00, 0x00, 0x00, 0x00, 0x00, 0x00, 0x00, 0x00, 0x00, 0x0C, 0xFF, 0xF4, 0x00, 0x00,
    0x00, 0x00, 0x00, 0x00, 0x00, 0x00, 0x0C, 0xFF, 0xF4, 0x00, 0x00, 0x00, 0x00, 0x00, 0x00, 0x00,
    0x00, 0x0C, 0xFF, 0xF4, 0x00, 0x00, 0x00, 0x00, 0x00, 0x00, 0x00, 0x00, 0x0C, 0xFF, 0xF4, 0x00,
    0x00, 0x00, 0x00, 0x00, 0x00, 0x00, 0x00, 0x00, 0x00, 0x00, 0x00, 0x6A, 0x00, 0x00, 0x00, 0x03,
    0x9C, 0xEF, 0xEB, 0x60, 0x03, 0xFF, 0x50, 0x00, 0x01, 0xAF, 0xFF, 0xFF, 0xFF, 0xFD, 0x4D, 0xFA,
    0x00, 0x00, 0x1C, 0xFF, 0xFF, 0xFF, 0xFF, 0xFF, 0xFF, 0xD1, 0x00, 0x00, 0x9F, 0xFF, 0xD5, 0x10,
    0x26, 0xEF, 0xFF, 0x50, 0x00, 0x03, 0xFF, 0xFB, 0x10, 0x00, 0x00, 0x7F, 0xFF, 0xB0, 0x00, 0x09,
    0xFF, 0xE1, 0x00, 0x00, 0x05, 0xFF, 0xFF, 0xF3, 0x00, 0x0C, 0xFF, 0x90, 0x00, 0x00, 0x4F, 0xF7,
    0xCF, 0xF8, 0x00, 0x0F, 0xFF, 0x50, 0x00, 0x03, 0xEF, 0x80, 0x7F, 0xFB, 0x00, 0x1F, 0xFF, 0x20,
    0x00, 0x2E, 0xF9, 0x00, 0x5F, 0xFD, 0x00, 0x2F, 0xFF, 0x20, 0x01, 0xDF, 0xB0, 0x00, 0x5F, 0xFE,
    0x00, 0x1F, 0xFF, 0x20, 0x1C, 0xFC, 0x10, 0x00, 0x5F, 0xFD, 0x00, 0x0E, 0xFF, 0x40, 0xBF, 0xD1,
    0x00, 0x00, 0x8F, 0xFC, 0x00, 0x0A, 0xFF, 0x8A, 0xFD, 0x20, 0x00, 0x00, 0xCF, 0xF9, 0x00, 0x05,
    0xFF, 0xFF, 0xE2, 0x00, 0x00, 0x04, 0xFF, 0xF6, 0x00, 0x00, 0xDF, 0xFF, 0x40, 0x00, 0x00, 0x2D,
    0xFF, 0xE1, 0x00, 0x00, 0x8F, 0xFF, 0xC5, 0x10, 0x26, 0xEF, 0xFF, 0x60, 0x00, 0x02, 0xEF, 0xFF,
    0xFF, 0xFF, 0xFF, 0xFF, 0xFA, 0x00, 0x00, 0x0B, 0xFB, 0x5E, 0xFF, 0xFF, 0xFF, 0xFF, 0x80, 0x00,
    0x00, 0x7F, 0xD1, 0x01, 0x7C, 0xEF, 0xEC, 0x82, 0x00, 0x00, 0x00, 0x3C, 0x40, 0x00, 0x00, 0x00,
    0x00, 0x00, 0x00, 0x00, 0x00, 0x00, 0x0A, 0xFF, 0x80, 0x00, 0x00, 0x00, 0x00, 0x00, 0x00, 0x00,
    0xBF, 0xF5, 0x00, 0x00, 0x00, 0x00, 0x00, 0x00, 0x00, 0x1C, 0xFE, 0x20, 0x00, 0x00, 0x00, 0x00,
    0x00, 0x00, 0x01, 0xDF, 0xC1, 0x00, 0x00, 0x00, 0x00, 0x00, 0x00, 0x00, 0x2E, 0xFA, 0x00, 0x00,
    0x00, 0x00, 0x00, 0x00, 0x00, 0x03, 0xEF, 0x70, 0x00, 0x00, 0x00, 0x00, 0x00, 0x00, 0x00, 0x00,
    0x00, 0x00, 0x00, 0x00, 0x00, 0x00, 0x00, 0x00, 0x00, 0x00, 0x00, 0x00, 0x00, 0x2F, 0xFE, 0x00,
    0x00, 0x00, 0x00, 0x09, 0xFF, 0x70, 0x2F, 0xFE, 0x00, 0x00, 0x00, 0x00, 0x09, 0xFF, 0x70, 0x2F,
    0xFE, 0x00, 0x00, 0x00, 0x00, 0x09, 0xFF, 0x70, 0x2F, 0xFE, 0x00, 0x00, 0x00, 0x00, 0x09, 0xFF,
    0x70, 0x2F, 0xFE, 0x00, 0x00, 0x00, 0x00, 0x09, 0xFF, 0x70, 0x2F, 0xFE, 0x00, 0x00, 0x00, 0x00,
    0x09, 0xFF, 0x70, 0x2F, 0xFE, 0x00, 0x00, 0x00, 0x00, 0x09, 0xFF, 0x70, 0x2F, 0xFE, 0x00, 0x00,
    0x00, 0x00, 0x09, 0xFF, 0x70, 0x2F, 0xFE, 0x00, 0x00, 0x00, 0x00, 0x09, 0xFF, 0x70, 0x2F, 0xFE,
    0x00, 0x00, 0x00, 0x00, 0x09, 0xFF, 0x70, 0x2F, 0xFE, 0x00, 0x00, 0x00, 0x00, 0x09, 0xFF, 0x70,
    0x1F, 0xFE, 0x00, 0x00, 0x00, 0x00, 0x0A, 0xFF, 0x70, 0x1F, 0xFF, 0x00, 0x00, 0x00, 0x00, 0x0D,
    0xFF, 0x70, 0x0E, 0xFF, 0x40, 0x00, 0x00, 0x00, 0x4F, 0xFF, 0x70, 0x0B, 0xFF, 0xB0, 0x00, 0x00,
    0x02, 0xDF, 0xFF, 0x70, 0x06, 0xFF, 0xFB, 0x31, 0x02, 0x7E, 0xFF, 0xFF, 0x70, 0x00, 0xCF, 0xFF,
    0xFF, 0xFF, 0xFF, 0xDA, 0xFF, 0x70, 0x00, 0x2D, 0xFF, 0xFF, 0xFF, 0xFC, 0x29, 0xFF, 0x70, 0x00,
    0x01, 0x7C, 0xEF, 0xDB, 0x60, 0x09, 0xFF, 0x70, 0x00, 0x00, 0x00, 0x00, 0x00, 0x8F, 0xFA, 0x00,
    0x00, 0x00, 0x00, 0x00, 0x00, 0x05, 0xFF, 0xC1, 0x00, 0x00, 0x00, 0x00, 0x00, 0x00, 0x2E, 0xFD,
    0x10, 0x00, 0x00, 0x00, 0x00, 0x00, 0x01, 0xCF, 0xD2, 0x00, 0x00, 0x00, 0x00, 0x00, 0x00, 0x09,
    0xFE, 0x30, 0x00, 0x00, 0x00, 0x00, 0x00, 0x00, 0x6F, 0xF3, 0x00, 0x00, 0x00, 0x00, 0x00, 0x00,
    0x00, 0x00, 0x00, 0x00, 0x00, 0x00, 0x00, 0x00, 0x00, 0x00, 0x00, 0x00, 0x00, 0x00, 0x00, 0x00,
    0x2F, 0xFE, 0x00, 0x00, 0x00, 0x00, 0x09, 0xFF, 0x70, 0x2F, 0xFE, 0x00, 0x00, 0x00, 0x00, 0x09,
    0xFF, 0x70, 0x2F, 0xFE, 0x00, 0x00, 0x00, 0x00, 0x09, 0xFF, 0x70, 0x2F, 0xFE, 0x00, 0x00, 0x00,
    0x00, 0x09, 0xFF, 0x70, 0x2F, 0xFE, 0x00, 0x00, 0x00, 0x00, 0x09, 0xFF, 0x70, 0x2F, 0xFE, 0x00,
    0x00, 0x00, 0x00, 0x09, 0xFF, 0x70, 0x2F, 0xFE, 0x00, 0x00, 0x00, 0x00, 0x09, 0xFF, 0x70, 0x2F,
    0xFE, 0x00, 0x00, 0x00, 0x00, 0x09, 0xFF, 0x70, 0x2F, 0xFE, 0x00, 0x00, 0x00, 0x00, 0x09, 0xFF,
    0x70, 0x2F, 0xFE, 0x00, 0x00, 0x00, 0x00, 0x09, 0xFF, 0x70, 0x2F, 0xFE, 0x00, 0x00, 0x00, 0x00,
    0x09, 0xFF, 0x70, 0x1F, 0xFE, 0x00, 0x00, 0x00, 0x00, 0x0A, 0xFF, 0x70, 0x1F, 0xFF, 0x00, 0x00,
    0x00, 0x00, 0x0D, 0xFF, 0x70, 0x0E, 0xFF, 0x40, 0x00, 0x00, 0x00, 0x4F, 0xFF, 0x70, 0x0B, 0xFF,
    0xB0, 0x00, 0x00, 0x02, 0xDF, 0xFF, 0x70, 0x06, 0xFF, 0xFB, 0x31, 0x02, 0x7E, 0xFF, 0xFF, 0x70,
    0x00, 0xCF, 0xFF, 0xFF, 0xFF, 0xFF, 0xDA, 0xFF, 0x70, 0x00, 0x2D, 0xFF, 0xFF, 0xFF, 0xFC, 0x29,
    0xFF, 0x70, 0x00, 0x01, 0x7C, 0xEF, 0xDB, 0x60, 0x09, 0xFF, 0x70, 0x00, 0x00, 0x00, 0x1E, 0xFE,
    0x20, 0x00, 0x00, 0x00, 0x00, 0x00, 0x00, 0xBF, 0xFF, 0xC0, 0x00, 0x00, 0x00, 0x00, 0x00, 0x06,
    0xFF, 0x6E, 0xF7, 0x00, 0x00, 0x00, 0x00, 0x00, 0x2E, 0xF7, 0x06, 0xFF, 0x30, 0x00, 0x00, 0x00,
    0x00, 0xBF, 0xB0, 0x00, 0x9F, 0xC0, 0x00, 0x00, 0x00, 0x06, 0xFD, 0x10, 0x00, 0x1C, 0xF8, 0x00,
    0x00, 0x00, 0x00, 0x00, 0x00, 0x00, 0x00, 0x00, 0x00, 0x00, 0x00, 0x00, 0x00, 0x00, 0x00, 0x00,
    0x00, 0x00, 0x00, 0x2F, 0xFE, 0x00, 0x00, 0x00, 0x00, 0x09, 0xFF, 0x70, 0x2F, 0xFE, 0x00, 0x00,
    0x00, 0x00, 0x09, 0xFF, 0x70, 0x2F, 0xFE, 0x00, 0x00, 0x00, 0x00, 0x09, 0xFF, 0x70, 0x2F, 0xFE,
    0x00, 0x00, 0x00, 0x00, 0x09, 0xFF, 0x70, 0x2F, 0xFE, 0x00, 0x00, 0x00, 0x00, 0x09, 0xFF, 0x70,
    0x2F, 0xFE, 0x00, 0x00, 0x00, 0x00, 0x09, 0xFF, 0x70, 0x2F, 0xFE, 0x00, 0x00, 0x00, 0x00, 0x09,
    0xFF, 0x70, 0x2F, 0xFE, 0x00, 0x00, 0x00, 0x00, 0x09, 0xFF, 0x70, 0x2F, 0xFE, 0x00, 0x00, 0x00,
    0x00, 0x09, 0xFF, 0x70, 0x2F, 0xFE, 0x00, 0x00, 0x00, 0x00, 0x09, 0xFF, 0x70, 0x2F, 0xFE, 0x00,
    0x00, 0x00, 0x00, 0x09, 0xFF, 0x70, 0x1F, 0xFE, 0x00, 0x00, 0x00, 0x00, 0x0A, 0xFF, 0x70, 0x1F,
    0xFF, 0x00, 0x00, 0x00, 0x00, 0x0D, 0xFF, 0x70, 0x0E, 0xFF, 0x40, 0x00, 0x00, 0x00, 0x4F, 0xFF,
    0x70, 0x0B, 0xFF, 0xB0, 0x00, 0x00, 0x02, 0xDF, 0xFF, 0x70, 0x06, 0xFF, 0xFB, 0x31, 0x02, 0x7E,
    0xFF, 0xFF, 0x70, 0x00, 0xCF, 0xFF, 0xFF, 0xFF, 0xFF, 0xDA, 0xFF, 0x70, 0x00, 0x2D, 0xFF, 0xFF,
    0xFF, 0xFC, 0x29, 0xFF, 0x70, 0x00, 0x01, 0x7C, 0xEF, 0xDB, 0x60, 0x09, 0xFF, 0x70, 0x00, 0x06,
    0xFF, 0xF0, 0x00, 0xDF, 0xF7, 0x00, 0x00, 0x00, 0x06, 0xFF, 0xF0, 0x00, 0xDF, 0xF7, 0x00, 0x00,
    0x00, 0x06, 0xFF, 0xF0, 0x00, 0xDF, 0xF7, 0x00, 0x00, 0x00, 0x00, 0x00, 0x00, 0x00, 0x00, 0x00,
    0x00, 0x00, 0x00, 0x00, 0x00, 0x00, 0x00, 0x00, 0x00, 0x00, 0x00, 0x00, 0x00, 0x00, 0x00, 0x00,
    0x00, 0x00, 0x00, 0x00, 0x00, 0x00, 0x00, 0x00, 0x00, 0x00, 0x00, 0x00, 0x00, 0x2F, 0xFE, 0x00,
    0x00, 0x00, 0x00, 0x09, 0xFF, 0x70, 0x2F, 0xFE, 0x00, 0x00, 0x00, 0x00, 0x09, 0xFF, 0x70, 0x2F,
    0xFE, 0x00, 0x00, 0x00, 0x00, 0x09, 0xFF, 0x70, 0x2F, 0xFE, 0x00, 0x00, 0x00, 0x00, 0x09, 0xFF,
    0x70, 0x2F, 0xFE, 0x00, 0x00, 0x00, 0x00, 0x09, 0xFF, 0x70, 0x2F, 0xFE, 0x00, 0x00, 0x00, 0x00,
    0x09, 0xFF, 0x70, 0x2F, 0xFE, 0x00, 0x00, 0x00, 0x00, 0x09, 0xFF, 0x70, 0x2F, 0xFE, 0x00, 0x00,
    0x00, 0x00, 0x09, 0xFF, 0x70, 0x2F, 0xFE, 0x00, 0x00, 0x00, 0x00, 0x09, 0xFF, 0x70, 0x2F, 0xFE,
    0x00, 0x00, 0x00, 0x00, 0x09, 0xFF, 0x70, 0x2F, 0xFE, 0x00, 0x00, 0x00, 0x00, 0x09, 0xFF, 0x70,
    0x1F, 0xFE, 0x00, 0x00, 0x00, 0x00, 0x0A, 0xFF, 0x70, 0x1F, 0xFF, 0x00, 0x00, 0x00, 0x00, 0x0D,
    0xFF, 0x70, 0x0E, 0xFF, 0x40, 0x00, 0x00, 0x00, 0x4F, 0xFF, 0x70, 0x0B, 0xFF, 0xB0, 0x00, 0x00,
    0x02, 0xDF, 0xFF, 0x70, 0x06, 0xFF, 0xFB, 0x31, 0x02, 0x7E, 0xFF, 0xFF, 0x70, 0x00, 0xCF, 0xFF,
    0xFF, 0xFF, 0xFF, 0xDA, 0xFF, 0x70, 0x00, 0x2D, 0xFF, 0xFF, 0xFF, 0xFC, 0x29, 0xFF, 0x70, 0x00,
    0x01, 0x7C, 0xEF, 0xDB, 0x60, 0x09, 0xFF, 0x70, 0x00, 0x00, 0x00, 0x00, 0x00, 0x2E, 0xFF, 0x40,
    0x00, 0x00, 0x00, 0x00, 0x00, 0x00, 0xCF, 0xF5, 0x00, 0x00, 0x00, 0x00, 0x00, 0x00, 0x09, 0xFF,
    0x60, 0x00, 0x00, 0x00, 0x00, 0x00, 0x00, 0x5F, 0xF8, 0x00, 0x00, 0x00, 0x00, 0x00, 0x00, 0x02,
    0xEF, 0x90, 0x00, 0x00, 0x00, 0x00, 0x00, 0x00, 0x1D, 0xFB, 0x00, 0x00, 0x00, 0x00, 0x00, 0x00,
    0x00, 0x00, 0x00, 0x00, 0x00, 0x00, 0x00, 0x00, 0x00, 0x00, 0x00, 0x00, 0x00, 0x00, 0x00, 0x00,
    0xCF, 0xF7, 0x00, 0x00, 0x00, 0x00, 0x00, 0x5F, 0xFD, 0x6F, 0xFD, 0x00, 0x00, 0x00, 0x00, 0x00,
    0xBF, 0xF8, 0x1E, 0xFF, 0x30, 0x00, 0x00, 0x00, 0x02, 0xFF, 0xF2, 0x09, 0xFF, 0x90, 0x00, 0x00,
    0x00, 0x07, 0xFF, 0xA0, 0x02, 0xFF, 0xE1, 0x00, 0x00, 0x00, 0x0D, 0xFF, 0x40, 0x00, 0xBF, 0xF6,
    0x00, 0x00, 0x00, 0x4F, 0xFD, 0x00, 0x00, 0x5F, 0xFC, 0x00, 0x00, 0x00, 0xAF, 0xF7, 0x00, 0x00,
    0x0E, 0xFF, 0x30, 0x00, 0x01, 0xFF, 0xF1, 0x00, 0x00, 0x08, 0xFF, 0x90, 0x00, 0x07, 0xFF, 0xA0,
    0x00, 0x00, 0x02, 0xFF, 0xE0, 0x00, 0x0D, 0xFF, 0x40, 0x00, 0x00, 0x00, 0xBF, 0xF5, 0x00, 0x4F,
    0xFD, 0x00, 0x00, 0x00, 0x00, 0x5F, 0xFB, 0x00, 0x9F, 0xF7, 0x00, 0x00, 0x00, 0x00, 0x0E, 0xFF,
    0x21, 0xEF, 0xF1, 0x00, 0x00, 0x00, 0x00, 0x08, 0xFF, 0x86, 0xFF, 0xA0, 0x00, 0x00, 0x00, 0x00,
    0x02, 0xFF, 0xEC, 0xFF, 0x40, 0x00, 0x00, 0x00, 0x00, 0x00, 0xBF, 0xFF, 0xFD, 0x00, 0x00, 0x00,
    0x00, 0x00, 0x00, 0x5F, 0xFF, 0xF7, 0x00, 0x00, 0x00, 0x00, 0x00, 0x00, 0x0D, 0xFF, 0xF1, 0x00,
    0x00, 0x00, 0x00, 0x00, 0x00, 0x09, 0xFF, 0x90, 0x00, 0x00, 0x00, 0x00, 0x00, 0x00, 0x0D, 0xFF,
    0x30, 0x00, 0x00, 0x00, 0x00, 0x00, 0x00, 0x4F, 0xFC, 0x00, 0x00, 0x00, 0x00, 0x00, 0x00, 0x00,
    0xCF, 0xF6, 0x00, 0x00, 0x00, 0x00, 0x00, 0x00, 0x2A, 0xFF, 0xE1, 0x00, 0x00, 0x00, 0x00, 0x05,
    0xFF, 0xFF, 0xFF, 0x70, 0x00, 0x00, 0x00, 0x00, 0x05, 0xFF, 0xFF, 0xFB, 0x00, 0x00, 0x00, 0x00,
    0x00, 0x05, 0xFF, 0xFD, 0x70, 0x00, 0x00, 0x00, 0x00, 0x00, 0xEF, 0xF2, 0x00, 0x00, 0x00, 0x00,
    0x00, 0x00, 0x00, 0xEF, 0xF2, 0x00, 0x00, 0x00, 0x00, 0x00, 0x00, 0x00, 0xEF, 0xF2, 0x00, 0x00,
    0x00, 0x00, 0x00, 0x00, 0x00, 0xEF, 0xF2, 0x00, 0x00, 0x00, 0x00, 0x00, 0x00, 0x00, 0xEF, 0xF2,
    0x00, 0x00, 0x00, 0x00, 0x00, 0x00, 0x00, 0xEF, 0xF2, 0x00, 0x00, 0x00, 0x00, 0x00, 0x00, 0x00,
    0xEF, 0xF2, 0x00, 0x00, 0x00, 0x00, 0x00, 0x00, 0x00, 0xEF, 0xF2, 0x03, 0x8D, 0xEE, 0xD9, 0x20,
    0x00, 0x00, 0xEF, 0xF2, 0x7F, 0xFF, 0xFF, 0xFF, 0xF7, 0x00, 0x00, 0xEF, 0xF9, 0xFF, 0xFF, 0xFF,
    0xFF, 0xFF, 0x70, 0x00, 0xEF, 0xFF, 0xFC, 0x51, 0x02, 0x7E, 0xFF, 0xF3, 0x00, 0xEF, 0xFF, 0xB1,
    0x00, 0x00, 0x02, 0xEF, 0xFB, 0x00, 0xEF, 0xFE, 0x20, 0x00, 0x00, 0x00, 0x5F, 0xFF, 0x20, 0xEF,
    0xF9, 0x00, 0x00, 0x00, 0x00, 0x0E, 0xFF, 0x60, 0xEF, 0xF5, 0x00, 0x00, 0x00, 0x00, 0x0A, 0xFF,
    0x90, 0xEF, 0xF3, 0x00, 0x00, 0x00, 0x00, 0x08, 0xFF, 0xA0, 0xEF, 0xF3, 0x00, 0x00, 0x00, 0x00,
    0x07, 0xFF, 0xB0, 0xEF, 0xF3, 0x00, 0x00, 0x00, 0x00, 0x08, 0xFF, 0xA0, 0xEF, 0xF5, 0x00, 0x00,
    0x00, 0x00, 0x0A, 0xFF, 0x90, 0xEF, 0xF9, 0x00, 0x00, 0x00, 0x00, 0x0E, 0xFF, 0x60, 0xEF, 0xFE,
    0x10, 0x00, 0x00, 0x00, 0x5F, 0xFF, 0x20, 0xEF, 0xFF, 0xB0, 0x00, 0x00, 0x02, 0xEF, 0xFB, 0x00,
    0xEF, 0xFF, 0xFC, 0x51, 0x02, 0x7E, 0xFF, 0xF3, 0x00, 0xEF, 0xF9, 0xFF, 0xFF, 0xFF, 0xFF, 0xFF,
    0x70, 0x00, 0xEF, 0xF2, 0x7F, 0xFF, 0xFF, 0xFF, 0xF7, 0x00, 0x00, 0xEF, 0xF2, 0x03, 0x9D, 0xEE,
    0xD9, 0x20, 0x00, 0x00, 0xEF, 0xF2, 0x00, 0x00, 0x00, 0x00, 0x00, 0x00, 0x00, 0xEF, 0xF2, 0x00,
    0x00, 0x00, 0x00, 0x00, 0x00, 0x00, 0xEF, 0xF2, 0x00, 0x00, 0x00, 0x00, 0x00, 0x00, 0x00, 0xEF,
    0xF2, 0x00, 0x00, 0x00, 0x00, 0x00, 0x00, 0x00, 0xEF, 0xF2, 0x00, 0x00, 0x00, 0x00, 0x00, 0x00,
    0x00, 0xEF, 0xF2, 0x00, 0x00, 0x00, 0x00, 0x00, 0x00, 0x00, 0xEF, 0xF2, 0x00, 0x00, 0x00, 0x00,
    0x00, 0x00, 0x00, 0x00, 0x00, 0xDF, 0xF8, 0x00, 0x6F, 0xFF, 0x00, 0x00, 0x00, 0x00, 0xDF, 0xF8,
    0x00, 0x6F, 0xFF, 0x00, 0x00, 0x00, 0x00, 0xDF, 0xF8, 0x00, 0x6F, 0xFF, 0x00, 0x00, 0x00, 0x00,
    0x00, 0x00, 0x00, 0x00, 0x00, 0x00, 0x00, 0x00, 0x00, 0x00, 0x00, 0x00, 0x00, 0x00, 0x00, 0x00,
    0x00, 0x00, 0x00, 0x00, 0x00, 0x00, 0x00, 0x00, 0x00, 0x00, 0x00, 0x00, 0x00, 0x00, 0x00, 0x00,
    0x00, 0x00, 0xCF, 0xF7, 0x00, 0x00, 0x00, 0x00, 0x00, 0x5F, 0xFD, 0x6F, 0xFD, 0x00, 0x00, 0x00,
    0x00, 0x00, 0xBF, 0xF8, 0x1E, 0xFF, 0x30, 0x00, 0x00, 0x00, 0x02, 0xFF, 0xF2, 0x09, 0xFF, 0x90,
    0x00, 0x00, 0x00, 0x07, 0xFF, 0xA0, 0x02, 0xFF, 0xE1, 0x00, 0x00, 0x00, 0x0D, 0xFF, 0x40, 0x00,
    0xBF, 0xF6, 0x00, 0x00, 0x00, 0x4F, 0xFD, 0x00, 0x00, 0x5F, 0xFC, 0x00, 0x00, 0x00, 0xAF, 0xF7,
    0x00, 0x00, 0x0E, 0xFF, 0x30, 0x00, 0x01, 0xFF, 0xF1, 0x00, 0x00, 0x08, 0xFF, 0x90, 0x00, 0x07,
    0xFF, 0xA0, 0x00, 0x00, 0x02, 0xFF, 0xE0, 0x00, 0x0D, 0xFF, 0x40, 0x00, 0x00, 0x00, 0xBF, 0xF5,
    0x00, 0x4F, 0xFD, 0x00, 0x00, 0x00, 0x00, 0x5F, 0xFB, 0x00, 0x9F, 0xF7, 0x00, 0x00, 0x00, 0x00,
    0x0E, 0xFF, 0x21, 0xEF, 0xF1, 0x00, 0x00, 0x00, 0x00, 0x08, 0xFF, 0x86, 0xFF, 0xA0, 0x00, 0x00,
    0x00, 0x00, 0x02, 0xFF, 0xEC, 0xFF, 0x40, 0x00, 0x00, 0x00, 0x00, 0x00, 0xBF, 0xFF, 0xFD, 0x00,
    0x00, 0x00, 0x00, 0x00, 0x00, 0x5F, 0xFF, 0xF7, 0x00, 0x00, 0x00, 0x00, 0x00, 0x00, 0x0D, 0xFF,
    0xF1, 0x00, 0x00, 0x00, 0x00, 0x00, 0x00, 0x09, 0xFF, 0x90, 0x00, 0x00, 0x00, 0x00, 0x00, 0x00,
    0x0D, 0xFF, 0x30, 0x00, 0x00, 0x00, 0x00, 0x00, 0x00, 0x4F, 0xFC, 0x00, 0x00, 0x00, 0x00, 0x00,
    0x00, 0x00, 0xCF, 0xF6, 0x00, 0x00, 0x00, 0x00, 0x00, 0x00, 0x2A, 0xFF, 0xE1, 0x00, 0x00, 0x00,
    0x00, 0x05, 0xFF, 0xFF, 0xFF, 0x70, 0x00, 0x00, 0x00, 0x00, 0x05, 0xFF, 0xFF, 0xFB, 0x00, 0x00,
    0x00, 0x00, 0x00, 0x05, 0xFF, 0xFD, 0x70, 0x00, 0x00, 0x00, 0x00, 0x00, 0x00, 0x00, 0x00, 0x5F,
    0xFF, 0xFF, 0xFF, 0xFF, 0x90, 0x00, 0x00, 0x00, 0x00, 0x00, 0x00, 0x5F, 0xFF, 0xFF, 0xFF, 0xFF,
    0x90, 0x00, 0x00, 0x00, 0x00, 0x00, 0x00, 0x5F, 0xFF, 0xFF, 0xFF, 0xFF, 0x90, 0x00, 0x00, 0x00,
    0x00, 0x00, 0x00, 0x00, 0x00, 0x00, 0x00, 0x00, 0x00, 0x00, 0x00, 0x00, 0x00, 0x00, 0x00, 0x00,
    0x00, 0x00, 0x00, 0x00, 0x00, 0x00, 0x00, 0x00, 0x00, 0x00, 0x00, 0x00, 0x07, 0xFF, 0xFB, 0x00,
    0x00, 0x00, 0x00, 0x00, 0x00, 0x00, 0x00, 0x00, 0x0D, 0xFF, 0xFF, 0x20, 0x00, 0x00, 0x00, 0x00,
    0x00, 0x00, 0x00, 0x00, 0x3F, 0xFF, 0xFF, 0x70, 0x00, 0x00, 0x00, 0x00, 0x00, 0x00, 0x00, 0x00,
    0x9F, 0xFD, 0xFF, 0xD0, 0x00, 0x00, 0x00, 0x00, 0x00, 0x00, 0x00, 0x00, 0xEF, 0xF4, 0xEF, 0xF3,
    0x00, 0x00, 0x00, 0x00, 0x00, 0x00, 0x00, 0x05, 0xFF, 0xD0, 0x9F, 0xF9, 0x00, 0x00, 0x00, 0x00,
    0x00, 0x00, 0x00, 0x0B, 0xFF, 0x70, 0x4F, 0xFE, 0x10, 0x00, 0x00, 0x00, 0x00, 0x00, 0x00, 0x2F,
    0xFF, 0x20, 0x0D, 0xFF, 0x50, 0x00, 0x00, 0x00, 0x00, 0x00, 0x00, 0x7F, 0xFC, 0x00, 0x08, 0xFF,
    0xB0, 0x00, 0x00, 0x00, 0x00, 0x00, 0x00, 0xDF, 0xF6, 0x00, 0x02, 0xFF, 0xF2, 0x00, 0x00, 0x00,
    0x00, 0x00, 0x04, 0xFF, 0xF1, 0x00, 0x00, 0xCF, 0xF7, 0x00, 0x00, 0x00, 0x00, 0x00, 0x09, 0xFF,
    0xA0, 0x00, 0x00, 0x7F, 0xFD, 0x00, 0x00, 0x00, 0x00, 0x00, 0x1E, 0xFF, 0x50, 0x00, 0x00, 0x1F,
    0xFF, 0x40, 0x00, 0x00, 0x00, 0x00, 0x6F, 0xFE, 0x00, 0x00, 0x00, 0x0B, 0xFF, 0xA0, 0x00, 0x00,
    0x00, 0x00, 0xBF, 0xF9, 0x00, 0x00, 0x00, 0x05, 0xFF, 0xE1, 0x00, 0x00, 0x00, 0x02, 0xFF, 0xF4,
    0x00, 0x00, 0x00, 0x01, 0xEF, 0xF6, 0x00, 0x00, 0x00, 0x08, 0xFF, 0xFF, 0xFF, 0xFF, 0xFF, 0xFF,
    0xFF, 0xFC, 0x00, 0x00, 0x00, 0x0D, 0xFF, 0xFF, 0xFF, 0xFF, 0xFF, 0xFF, 0xFF, 0xFF, 0x20, 0x00,
    0x00, 0x4F, 0xFF, 0xFF, 0xFF, 0xFF, 0xFF, 0xFF, 0xFF, 0xFF, 0x80, 0x00, 0x00, 0xAF, 0xFD, 0x00,
    0x00, 0x00, 0x00, 0x00, 0x09, 0xFF, 0xD0, 0x00, 0x01, 0xFF, 0xF7, 0x00, 0x00, 0x00, 0x00, 0x00,
    0x03, 0xFF, 0xF4, 0x00, 0x06, 0xFF, 0xF2, 0x00, 0x00, 0x00, 0x00, 0x00, 0x00, 0xCF, 0xFA, 0x00,
    0x0C, 0xFF, 0xB0, 0x00, 0x00, 0x00, 0x00, 0x00, 0x00, 0x7F, 0xFF, 0x10, 0x3F, 0xFF, 0x50, 0x00,
    0x00, 0x00, 0x00, 0x00, 0x00, 0x1F, 0xFF, 0x60, 0x8F, 0xFE, 0x10, 0x00, 0x00, 0x00, 0x00, 0x00,
    0x00, 0x0B, 0xFF, 0xC0, 0x00, 0x4F, 0xFF, 0xFF, 0xFF, 0xFF, 0xB0, 0x00, 0x00, 0x4F, 0xFF, 0xFF,
    0xFF, 0xFF, 0xB0, 0x00, 0x00, 0x4F, 0xFF, 0xFF, 0xFF, 0xFF, 0xB0, 0x00, 0x00, 0x00, 0x00, 0x00,
    0x00, 0x00, 0x00, 0x00, 0x00, 0x00, 0x00, 0x00, 0x00, 0x00, 0x00, 0x00, 0x00, 0x00, 0x00, 0x00,
    0x00, 0x00, 0x00, 0x00, 0x00, 0x01, 0x6B, 0xDF, 0xED, 0xA5, 0x00, 0x00, 0x01, 0x9F, 0xFF, 0xFF,
    0xFF, 0xFF, 0xD2, 0x00, 0x09, 0xFF, 0xFF, 0xFF, 0xFF, 0xFF, 0xFE, 0x20, 0x09, 0xFD, 0x73, 0x10,
    0x14, 0x9F, 0xFF, 0xB0, 0x07, 0x50, 0x00, 0x00, 0x00, 0x03, 0xFF, 0xF2, 0x00, 0x00, 0x00, 0x00,
    0x00, 0x00, 0x8F, 0xF6, 0x00, 0x00, 0x00, 0x00, 0x00, 0x00, 0x5F, 0xF9, 0x00, 0x03, 0x8B, 0xDE,
    0xFF, 0xFF, 0xFF, 0xFA, 0x01, 0xAF, 0xFF, 0xFF, 0xFF, 0xFF, 0xFF, 0xFB, 0x0B, 0xFF, 0xFF, 0xFF,
    0xFF, 0xFF, 0xFF, 0xFB, 0x6F, 0xFF, 0xB6, 0x31, 0x00, 0x00, 0x5F, 0xFB, 0xBF, 0xF9, 0x00, 0x00,
    0x00, 0x00, 0x6F, 0xFB, 0xDF, 0xF3, 0x00, 0x00, 0x00, 0x00, 0x9F, 0xFB, 0xEF, 0xF2, 0x00, 0x00,
    0x00, 0x02, 0xEF, 0xFB, 0xCF, 0xF8, 0x00, 0x00, 0x00, 0x1C, 0xFF, 0xFB, 0x8F, 0xFF, 0x93, 0x10,
    0x27, 0xEF, 0xFF, 0xFB, 0x1E, 0xFF, 0xFF, 0xFF, 0xFF, 0xFF, 0x9F, 0xFB, 0x03, 0xEF, 0xFF, 0xFF,
    0xFF, 0xE5, 0x5F, 0xFB, 0x00, 0x18, 0xCE, 0xFD, 0xB7, 0x10, 0x5F, 0xFB, 0x00, 0x00, 0x00, 0x3F,
    0xD0, 0x00, 0x00, 0x1F, 0xF1, 0x00, 0x00, 0x00, 0x00, 0x00, 0x00, 0x1F, 0xFA, 0x31, 0x14, 0xCF,
    0xD0, 0x00, 0x00, 0x00, 0x00, 0x00, 0x00, 0x0A, 0xFF, 0xFF, 0xFF, 0xFF, 0x70, 0x00, 0x00, 0x00,
    0x00, 0x00, 0x00, 0x02, 0xDF, 0xFF, 0xFF, 0xFC, 0x10, 0x00, 0x00, 0x00, 0x00, 0x00, 0x00, 0x00,
    0x18, 0xDF, 0xEC, 0x71, 0x00, 0x00, 0x00, 0x00, 0x00, 0x00, 0x00, 0x00, 0x00, 0x00, 0x00, 0x00,
    0x00, 0x00, 0x00, 0x00, 0x00, 0x00, 0x00, 0x00, 0x00, 0x00, 0x00, 0x00, 0x00, 0x00, 0x00, 0x00,
    0x00, 0x00, 0x00, 0x00, 0x07, 0xFF, 0xFB, 0x00, 0x00, 0x00, 0x00, 0x00, 0x00, 0x00, 0x00, 0x00,
    0x0D, 0xFF, 0xFF, 0x20, 0x00, 0x00, 0x00, 0x00, 0x00, 0x00, 0x00, 0x00, 0x3F, 0xFF, 0xFF, 0x70,
    0x00, 0x00, 0x00, 0x00, 0x00, 0x00, 0x00, 0x00, 0x9F, 0xFD, 0xFF, 0xD0, 0x00, 0x00, 0x00, 0x00,
    0x00, 0x00, 0x00, 0x00, 0xEF, 0xF4, 0xEF, 0xF3, 0x00, 0x00, 0x00, 0x00, 0x00, 0x00, 0x00, 0x05,
    0xFF, 0xD0, 0x9F, 0xF9, 0x00, 0x00, 0x00, 0x00, 0x00, 0x00, 0x00, 0x0B, 0xFF, 0x70, 0x4F, 0xFE,
    0x10, 0x00, 0x00, 0x00, 0x00, 0x00, 0x00, 0x2F, 0xFF, 0x20, 0x0D, 0xFF, 0x50, 0x00, 0x00, 0x00,
    0x00, 0x00, 0x00, 0x7F, 0xFC, 0x00, 0x08, 0xFF, 0xB0, 0x00, 0x00, 0x00, 0x00, 0x00, 0x00, 0xDF,
    0xF6, 0x00, 0x02, 0xFF, 0xF2, 0x00, 0x00, 0x00, 0x00, 0x00, 0x04, 0xFF, 0xF1, 0x00, 0x00, 0xCF,
    0xF7, 0x00, 0x00, 0x00, 0x00, 0x00, 0x09, 0xFF, 0xA0, 0x00, 0x00, 0x7F, 0xFD, 0x00, 0x00, 0x00,
    0x00, 0x00, 0x1E, 0xFF, 0x50, 0x00, 0x00, 0x1F, 0xFF, 0x40, 0x00, 0x00, 0x00, 0x00, 0x6F, 0xFE,
    0x00, 0x00, 0x00, 0x0B, 0xFF, 0xA0, 0x00, 0x00, 0x00, 0x00, 0xBF, 0xF9, 0x00, 0x00, 0x00, 0x05,
    0xFF, 0xE1, 0x00, 0x00, 0x00, 0x02, 0xFF, 0xF4, 0x00, 0x00, 0x00, 0x01, 0xEF, 0xF6, 0x00, 0x00,
    0x00, 0x08, 0xFF, 0xFF, 0xFF, 0xFF, 0xFF, 0xFF, 0xFF, 0xFC, 0x00, 0x00, 0x00, 0x0D, 0xFF, 0xFF,
    0xFF, 0xFF, 0xFF, 0xFF, 0xFF, 0xFF, 0x20, 0x00, 0x00, 0x4F, 0xFF, 0xFF, 0xFF, 0xFF, 0xFF, 0xFF,
    0xFF, 0xFF, 0x80, 0x00, 0x00, 0xAF, 0xFD, 0x00, 0x00, 0x00, 0x00, 0x00, 0x09, 0xFF, 0xD0, 0x00,
    0x01, 0xFF, 0xF7, 0x00, 0x00, 0x00, 0x00, 0x00, 0x03, 0xFF, 0xF4, 0x00, 0x06, 0xFF, 0xF2, 0x00,
    0x00, 0x00, 0x00, 0x00, 0x00, 0xCF, 0xFA, 0x00, 0x0C, 0xFF, 0xB0, 0x00, 0x00, 0x00, 0x00, 0x00,
    0x00, 0x7F, 0xFF, 0x10, 0x3F, 0xFF, 0x50, 0x00, 0x00, 0x00, 0x00, 0x00, 0x00, 0x1F, 0xFF, 0x60,
    0x8F, 0xFE, 0x10, 0x00, 0x00, 0x00, 0x00, 0x00, 0x00, 0x0B, 0xFF, 0xC0, 0x00, 0x5F, 0xC0, 0x00,
    0x00, 0x2F, 0xE0, 0x00, 0x00, 0x2F, 0xF9, 0x30, 0x14, 0xDF, 0xB0, 0x00, 0x00, 0x0C, 0xFF, 0xFF,
    0xFF, 0xFF, 0x60, 0x00, 0x00, 0x03, 0xEF, 0xFF, 0xFF, 0xFB, 0x00, 0x00, 0x00, 0x00, 0x29, 0xDF,
    0xEC, 0x60, 0x00, 0x00, 0x00, 0x00, 0x00, 0x00, 0x00, 0x00, 0x00, 0x00, 0x00, 0x00, 0x00, 0x00,
    0x00, 0x00, 0x00, 0x00, 0x00, 0x01, 0x6B, 0xDF, 0xED, 0xA5, 0x00, 0x00, 0x01, 0x9F, 0xFF, 0xFF,
    0xFF, 0xFF, 0xD2, 0x00, 0x09, 0xFF, 0xFF, 0xFF, 0xFF, 0xFF, 0xFE, 0x20, 0x09, 0xFD, 0x73, 0x10,
    0x14, 0x9F, 0xFF, 0xB0, 0x07, 0x50, 0x00, 0x00, 0x00, 0x03, 0xFF, 0xF2, 0x00, 0x00, 0x00, 0x00,
    0x00, 0x00, 0x8F, 0xF6, 0x00, 0x00, 0x00, 0x00, 0x00, 0x00, 0x5F, 0xF9, 0x00, 0x03, 0x8B, 0xDE,
    0xFF, 0xFF, 0xFF, 0xFA, 0x01, 0xAF, 0xFF, 0xFF, 0xFF, 0xFF, 0xFF, 0xFB, 0x0B, 0xFF, 0xFF, 0xFF,
    0xFF, 0xFF, 0xFF, 0xFB, 0x6F, 0xFF, 0xB6, 0x31, 0x00, 0x00, 0x5F, 0xFB, 0xBF, 0xF9, 0x00, 0x00,
    0x00, 0x00, 0x6F, 0xFB, 0xDF, 0xF3, 0x00, 0x00, 0x00, 0x00, 0x9F, 0xFB, 0xEF, 0xF2, 0x00, 0x00,
    0x00, 0x02, 0xEF, 0xFB, 0xCF, 0xF8, 0x00, 0x00, 0x00, 0x1C, 0xFF, 0xFB, 0x8F, 0xFF, 0x93, 0x10,
    0x27, 0xEF, 0xFF, 0xFB, 0x1E, 0xFF, 0xFF, 0xFF, 0xFF, 0xFF, 0x9F, 0xFB, 0x03, 0xEF, 0xFF, 0xFF,
    0xFF, 0xE5, 0x5F, 0xFB, 0x00, 0x18, 0xCE, 0xFD, 0xB7, 0x10, 0x5F, 0xFB, 0x00, 0x00, 0x00, 0x00,
    0x07, 0xFF, 0xFB, 0x00, 0x00, 0x00, 0x00, 0x00, 0x00, 0x00, 0x00, 0x00, 0x0D, 0xFF, 0xFF, 0x20,
    0x00, 0x00, 0x00, 0x00, 0x00, 0x00, 0x00, 0x00, 0x3F, 0xFF, 0xFF, 0x70, 0x00, 0x00, 0x00, 0x00,
    0x00, 0x00, 0x00, 0x00, 0x9F, 0xFD, 0xFF, 0xD0, 0x00, 0x00, 0x00, 0x00, 0x00, 0x00, 0x00, 0x00,
    0xEF, 0xF4, 0xEF, 0xF3, 0x00, 0x00, 0x00, 0x00, 0x00, 0x00, 0x00, 0x05, 0xFF, 0xD0, 0x9F, 0xF9,
    0x00, 0x00, 0x00, 0x00, 0x00, 0x00, 0x00, 0x0B, 0xFF, 0x70, 0x4F, 0xFE, 0x10, 0x00, 0x00, 0x00,
    0x00, 0x00, 0x00, 0x2F, 0xFF, 0x20, 0x0D, 0xFF, 0x50, 0x00, 0x00, 0x00, 0x00, 0x00, 0x00, 0x7F,
    0xFC, 0x00, 0x08, 0xFF, 0xB0, 0x00, 0x00, 0x00, 0x00, 0x00, 0x00, 0xDF, 0xF6, 0x00, 0x02, 0xFF,
    0xF2, 0x00, 0x00, 0x00, 0x00, 0x00, 0x04, 0xFF, 0xF1, 0x00, 0x00, 0xCF, 0xF7, 0x00, 0x00, 0x00,
    0x00, 0x00, 0x09, 0xFF, 0xA0, 0x00, 0x00, 0x7F, 0xFD, 0x00, 0x00, 0x00, 0x00, 0x00, 0x1E, 0xFF,
    0x50, 0x00, 0x00, 0x1F, 0xFF, 0x40, 0x00, 0x00, 0x00, 0x00, 0x6F, 0xFE, 0x00, 0x00, 0x00, 0x0B,
    0xFF, 0xA0, 0x00, 0x00, 0x00, 0x00, 0xBF, 0xF9, 0x00, 0x00, 0x00, 0x05, 0xFF, 0xE1, 0x00, 0x00,
    0x00, 0x02, 0xFF, 0xF4, 0x00, 0x00, 0x00, 0x01, 0xEF, 0xF6, 0x00, 0x00, 0x00, 0x08, 0xFF, 0xFF,
    0xFF, 0xFF, 0xFF, 0xFF, 0xFF, 0xFC, 0x00, 0x00, 0x00, 0x0D, 0xFF, 0xFF, 0xFF, 0xFF, 0xFF, 0xFF,
    0xFF, 0xFF, 0x20, 0x00, 0x00, 0x4F, 0xFF, 0xFF, 0xFF, 0xFF, 0xFF, 0xFF, 0xFF, 0xFF, 0x80, 0x00,
    0x00, 0xAF, 0xFD, 0x00, 0x00, 0x00, 0x00, 0x00, 0x09, 0xFF, 0xD0, 0x00, 0x01, 0xFF, 0xF7, 0x00,
    0x00, 0x00, 0x00, 0x00, 0x03, 0xFF, 0xF4, 0x00, 0x06, 0xFF, 0xF2, 0x00, 0x00, 0x00, 0x00, 0x00,
    0x00, 0xCF, 0xFA, 0x00, 0x0C, 0xFF, 0xB0, 0x00, 0x00, 0x00, 0x00, 0x00, 0x00, 0x7F, 0xFF, 0x10,
    0x3F, 0xFF, 0x50, 0x00, 0x00, 0x00, 0x00, 0x00, 0x00, 0x1F, 0xFF, 0x60, 0x8F, 0xFE, 0x10, 0x00,
    0x00, 0x00, 0x00, 0x00, 0x00, 0x0B, 0xFF, 0xC0, 0x00, 0x00, 0x00, 0x00, 0x00, 0x00, 0x00, 0x00,
    0x00, 0x0C, 0xF4, 0x00, 0x00, 0x00, 0x00, 0x00, 0x00, 0x00, 0x00, 0x00, 0x00, 0x7F, 0xA0, 0x00,
    0x00, 0x00, 0x00, 0x00, 0x00, 0x00, 0x00, 0x00, 0x00, 0xEF, 0x40, 0x00, 0x00, 0x00, 0x00, 0x00,
    0x00, 0x00, 0x00, 0x00, 0x02, 0xFF, 0x20, 0x00, 0x00, 0x00, 0x00, 0x00, 0x00, 0x00, 0x00, 0x00,
    0x01, 0xFF, 0x91, 0x29, 0x00, 0x00, 0x00, 0x00, 0x00, 0x00, 0x00, 0x00, 0x00, 0xBF, 0xFF, 0xFF,
    0x00, 0x00, 0x00, 0x00, 0x00, 0x00, 0x00, 0x00, 0x00, 0x19, 0xEF, 0xEB, 0x00, 0x01, 0x6B, 0xDF,
    0xED, 0xA5, 0x00, 0x00, 0x00, 0x01, 0x9F, 0xFF, 0xFF, 0xFF, 0xFF, 0xD2, 0x00, 0x00, 0x09, 0xFF,
    0xFF, 0xFF, 0xFF, 0xFF, 0xFE, 0x20, 0x00, 0x09, 0xFD, 0x73, 0x10, 0x14, 0x9F, 0xFF, 0xB0, 0x00,
    0x07, 0x50, 0x00, 0x00, 0x00, 0x03, 0xFF, 0xF2, 0x00, 0x00, 0x00, 0x00, 0x00, 0x00, 0x00, 0x8F,
    0xF6, 0x00, 0x00, 0x00, 0x00, 0x00, 0x00, 0x00, 0x5F, 0xF9, 0x00, 0x00, 0x03, 0x8B, 0xDE, 0xFF,
    0xFF, 0xFF, 0xFA, 0x00, 0x01, 0xAF, 0xFF, 0xFF, 0xFF, 0xFF, 0xFF, 0xFB, 0x00, 0x0B, 0xFF, 0xFF,
    0xFF, 0xFF, 0xFF, 0xFF, 0xFB, 0x00, 0x6F, 0xFF, 0xB6, 0x31, 0x00, 0x00, 0x5F, 0xFB, 0x00, 0xBF,
    0xF9, 0x00, 0x00, 0x00, 0x00, 0x6F, 0xFB, 0x00, 0xDF, 0xF3, 0x00, 0x00, 0x00, 0x00, 0x9F, 0xFB,
    0x00, 0xEF, 0xF2, 0x00, 0x00, 0x00, 0x02, 0xEF, 0xFB, 0x00, 0xCF, 0xF8, 0x00, 0x00, 0x00, 0x1C,
    0xFF, 0xFB, 0x00, 0x8F, 0xFF, 0x93, 0x10, 0x27, 0xEF, 0xFF, 0xFB, 0x00, 0x1E, 0xFF, 0xFF, 0xFF,
    0xFF, 0xFF, 0x9F, 0xFB, 0x00, 0x03, 0xEF, 0xFF, 0xFF, 0xFF, 0xE5, 0x5F, 0xFB, 0x00, 0x00, 0x18,
    0xCE, 0xFD, 0xB7, 0x10, 0x5F, 0xFB, 0x00, 0x00, 0x00, 0x00, 0x00, 0x00, 0x00, 0xAF, 0x60, 0x00,
    0x00, 0x00, 0x00, 0x00, 0x00, 0x05, 0xFC, 0x00, 0x00, 0x00, 0x00, 0x00, 0x00, 0x00, 0x0C, 0xF6,
    0x00, 0x00, 0x00, 0x00, 0x00, 0x00, 0x00, 0x0F, 0xF4, 0x00, 0x00, 0x00, 0x00, 0x00, 0x00, 0x00,
    0x0E, 0xFA, 0x12, 0x82, 0x00, 0x00, 0x00, 0x00, 0x00, 0x09, 0xFF, 0xFF, 0xF2, 0x00, 0x00, 0x00,
    0x00, 0x00, 0x01, 0x9D, 0xFE, 0xC1, 0x00, 0x00, 0x00, 0x00, 0x00, 0x00, 0x2E, 0xFD, 0x20, 0x00,
    0x00, 0x00, 0x00, 0x00, 0x00, 0x00, 0x00, 0xCF, 0xE2, 0x00, 0x00, 0x00, 0x00, 0x00, 0x00, 0x00,
    0x00, 0x09, 0xFE, 0x30, 0x00, 0x00, 0x00, 0x00, 0x00, 0x00, 0x00, 0x00, 0x7F, 0xE3, 0x00, 0x00,
    0x00, 0x00, 0x00, 0x00, 0x00, 0x00, 0x00, 0x00, 0x00, 0x00, 0x00, 0x00, 0x00, 0x00, 0x00, 0x00,
    0x00, 0x00, 0x00, 0x00, 0x00, 0x00, 0x00, 0x00, 0x00, 0x00, 0x00, 0x00, 0x48, 0xCD, 0xEF, 0xEC,
    0x96, 0x10, 0x00, 0x00, 0x00, 0x00, 0x6D, 0xFF, 0xFF, 0xFF, 0xFF, 0xFF, 0xFA, 0x30, 0x00, 0x00,
    0x1B, 0xFF, 0xFF, 0xFF, 0xFF, 0xFF, 0xFF, 0xFF, 0xD0, 0x00, 0x01, 0xDF, 0xFF, 0xF9, 0x52, 0x10,
    0x24, 0x8D, 0xFF, 0xD0, 0x00, 0x0B, 0xFF, 0xFB, 0x20, 0x00, 0x00, 0x00, 0x00, 0x5D, 0xD0, 0x00,
    0x6F, 0xFF, 0xA0, 0x00, 0x00, 0x00, 0x00, 0x00, 0x01, 0x90, 0x00, 0xDF, 0xFD, 0x10, 0x00, 0x00,
    0x00, 0x00, 0x00, 0x00, 0x00, 0x05, 0xFF, 0xF6, 0x00, 0x00, 0x00, 0x00, 0x00, 0x00, 0x00, 0x00,
    0x09, 0xFF, 0xF1, 0x00, 0x00, 0x00, 0x00, 0x00, 0x00, 0x00, 0x00, 0x0C, 0xFF, 0xC0, 0x00, 0x00,
    0x00, 0x00, 0x00, 0x00, 0x00, 0x00, 0x0E, 0xFF, 0x90, 0x00, 0x00, 0x00, 0x00, 0x00, 0x00, 0x00,
    0x00, 0x0F, 0xFF, 0x80, 0x00, 0x00, 0x00, 0x00, 0x00, 0x00, 0x00, 0x00, 0x1F, 0xFF, 0x70, 0x00,
    0x00, 0x00, 0x00, 0x00, 0x00, 0x00, 0x00, 0x0F, 0xFF, 0x80, 0x00, 0x00, 0x00, 0x00, 0x00, 0x00,
    0x00, 0x00, 0x0E, 0xFF, 0x90, 0x00, 0x00, 0x00, 0x00, 0x00, 0x00, 0x00, 0x00, 0x0C, 0xFF, 0xC0,
    0x00, 0x00, 0x00, 0x00, 0x00, 0x00, 0x00, 0x00, 0x09, 0xFF, 0xF1, 0x00, 0x00, 0x00, 0x00, 0x00,
    0x00, 0x00, 0x00, 0x05, 0xFF, 0xF6, 0x00, 0x00, 0x00, 0x00, 0x00, 0x00, 0x00, 0x00, 0x00, 0xDF,
    0xFD, 0x10, 0x00, 0x00, 0x00, 0x00, 0x00, 0x00, 0x00, 0x00, 0x6F, 0xFF, 0xA0, 0x00, 0x00, 0x00,
    0x00, 0x00, 0x01, 0x90, 0x00, 0x0B, 0xFF, 0xFB, 0x20, 0x00, 0x00, 0x00, 0x00, 0x5D, 0xD0, 0x00,
    0x01, 0xDF, 0xFF, 0xF9, 0x52, 0x10, 0x24, 0x8D, 0xFF, 0xD0, 0x00, 0x00, 0x1B, 0xFF, 0xFF, 0xFF,
    0xFF, 0xFF, 0xFF, 0xFF, 0xD0, 0x00, 0x00, 0x00, 0x6D, 0xFF, 0xFF, 0xFF, 0xFF, 0xFF, 0xFA, 0x30,
    0x00, 0x00, 0x00, 0x00, 0x59, 0xCD, 0xEF, 0xEC, 0x96, 0x10, 0x00, 0x00, 0x00, 0x00, 0x00, 0x00,
    0x04, 0xFF, 0xD1, 0x00, 0x00, 0x00, 0x00, 0x00, 0x2E, 0xFE, 0x20, 0x00, 0x00, 0x00, 0x00, 0x01,
    0xCF, 0xE3, 0x00, 0x00, 0x00, 0x00, 0x00, 0x09, 0xFF, 0x40, 0x00, 0x00, 0x00, 0x00, 0x00, 0x6F,
    0xF5, 0x00, 0x00, 0x00, 0x00, 0x00, 0x03, 0xFF, 0x70, 0x00, 0x00, 0x00, 0x00, 0x00, 0x00, 0x00,
    0x00, 0x00, 0x00, 0x00, 0x00, 0x00, 0x00, 0x00, 0x00, 0x00, 0x00, 0x00, 0x00, 0x01, 0x6A, 0xDE,
    0xFD, 0xC9, 0x51, 0x00, 0x00, 0x5E, 0xFF, 0xFF, 0xFF, 0xFF, 0xF9, 0x00, 0x08, 0xFF, 0xFF, 0xFF,
    0xFF, 0xFF, 0xF9, 0x00, 0x6F, 0xFF, 0xE8, 0x31, 0x02, 0x36, 0xA8, 0x01, 0xEF, 0xFD, 0x20, 0x00,
    0x00, 0x00, 0x00, 0x07, 0xFF, 0xF3, 0x00, 0x00, 0x00, 0x00, 0x00, 0x0B, 0xFF, 0x90, 0x00, 0x00,
    0x00, 0x00, 0x00, 0x0E, 0xFF, 0x50, 0x00, 0x00, 0x00, 0x00, 0x00, 0x1F, 0xFF, 0x20, 0x00, 0x00,
    0x00, 0x00, 0x00, 0x2F, 0xFF, 0x20, 0x00, 0x00, 0x00, 0x00, 0x00, 0x1F, 0xFF, 0x20, 0x00, 0x00,
    0x00, 0x00, 0x00, 0x0E, 0xFF, 0x50, 0x00, 0x00, 0x00, 0x00, 0x00, 0x0B, 0xFF, 0x90, 0x00, 0x00,
    0x00, 0x00, 0x00, 0x07, 0xFF, 0xF2, 0x00, 0x00, 0x00, 0x00, 0x00, 0x01, 0xEF, 0xFD, 0x20, 0x00,
    0x00, 0x00, 0x00, 0x00, 0x6F, 0xFF, 0xE8, 0x31, 0x02, 0x36, 0xA8, 0x00, 0x08, 0xFF, 0xFF, 0xFF,
    0xFF, 0xFF, 0xF9, 0x00, 0x00, 0x6E, 0xFF, 0xFF, 0xFF, 0xFF, 0xF9, 0x00, 0x00, 0x01, 0x6B, 0xDE,
    0xED, 0xC9, 0x51, 0x00, 0x00, 0x00, 0x00, 0x00, 0x2D, 0xFF, 0xD2, 0x00, 0x00, 0x00, 0x00, 0x00,
    0x00, 0x00, 0x01, 0xCF, 0xCB, 0xFC, 0x10, 0x00, 0x00, 0x00, 0x00, 0x00, 0x00, 0x0B, 0xFB, 0x11,
    0xBF, 0xB0, 0x00, 0x00, 0x00, 0x00, 0x00, 0x00, 0x9F, 0xB1, 0x00, 0x0B, 0xFA, 0x00, 0x00, 0x00,
    0x00, 0x00, 0x00, 0x00, 0x00, 0x00, 0x00, 0x00, 0x00, 0x00, 0x00, 0x00, 0x00, 0x00, 0x00, 0x00,
    0x00, 0x00, 0x00, 0x00, 0x00, 0x00, 0x00, 0x00, 0x00, 0x48, 0xCD, 0xEF, 0xEC, 0x96, 0x10, 0x00,
    0x00, 0x00, 0x00, 0x6D, 0xFF, 0xFF, 0xFF, 0xFF, 0xFF, 0xFA, 0x30, 0x00, 0x00, 0x1B, 0xFF, 0xFF,
    0xFF, 0xFF, 0xFF, 0xFF, 0xFF, 0xD0, 0x00, 0x01, 0xDF, 0xFF, 0xF9, 0x52, 0x10, 0x24, 0x8D, 0xFF,
    0xD0, 0x00, 0x0B, 0xFF, 0xFB, 0x20, 0x00, 0x00, 0x00, 0x00, 0x5D, 0xD0, 0x00, 0x6F, 0xFF, 0xA0,
    0x00, 0x00, 0x00, 0x00, 0x00, 0x01, 0x90, 0x00, 0xDF, 0xFD, 0x10, 0x00, 0x00, 0x00, 0x00, 0x00,
    0x00, 0x00, 0x05, 0xFF, 0xF6, 0x00, 0x00, 0x00, 0x00, 0x00, 0x00, 0x00, 0x00, 0x09, 0xFF, 0xF1,
    0x00, 0x00, 0x00, 0x00, 0x00, 0x00, 0x00, 0x00, 0x0C, 0xFF, 0xC0, 0x00, 0x00, 0x00, 0x00, 0x00,
    0x00, 0x00, 0x00, 0x0E, 0xFF, 0x90, 0x00, 0x00, 0x00, 0x00, 0x00, 0x00, 0x00, 0x00, 0x0F, 0xFF,
    0x80, 0x00, 0x00, 0x00, 0x00, 0x00, 0x00, 0x00, 0x00, 0x1F, 0xFF, 0x70, 0x00, 0x00, 0x00, 0x00,
    0x00, 0x00, 0x00, 0x00, 0x0F, 0xFF, 0x80, 0x00, 0x00, 0x00, 0x00, 0x00, 0x00, 0x00, 0x00, 0x0E,
    0xFF, 0x90, 0x00, 0x00, 0x00, 0x00, 0x00, 0x00, 0x00, 0x00, 0x0C, 0xFF, 0xC0, 0x00, 0x00, 0x00,
    0x00, 0x00, 0x00, 0x00, 0x00, 0x09, 0xFF, 0xF1, 0x00, 0x00, 0x00, 0x00, 0x00, 0x00, 0x00, 0x00,
    0x05, 0xFF, 0xF6, 0x00, 0x00, 0x00, 0x00, 0x00, 0x00, 0x00, 0x00, 0x00, 0xDF, 0xFD, 0x10, 0x00,
    0x00, 0x00, 0x00, 0x00, 0x00, 0x00, 0x00, 0x6F, 0xFF, 0xA0, 0x00, 0x00, 0x00, 0x00, 0x00, 0x01,
    0x90, 0x00, 0x0B, 0xFF, 0xFB, 0x20, 0x00, 0x00, 0x00, 0x00, 0x5D, 0xD0, 0x00, 0x01, 0xDF, 0xFF,
    0xF9, 0x52, 0x10, 0x24, 0x8D, 0xFF, 0xD0, 0x00, 0x00, 0x1B, 0xFF, 0xFF, 0xFF, 0xFF, 0xFF, 0xFF,
    0xFF, 0xD0, 0x00, 0x00, 0x00, 0x6D, 0xFF, 0xFF, 0xFF, 0xFF, 0xFF, 0xFA, 0x30, 0x00, 0x00, 0x00,
    0x00, 0x59, 0xCD, 0xEF, 0xEC, 0x96, 0x10, 0x00, 0x00, 0x00, 0x00, 0x00, 0x5F, 0xFC, 0x00, 0x00,
    0x00, 0x00, 0x00, 0x01, 0xEF, 0xFF, 0x70, 0x00, 0x00, 0x00, 0x00, 0x0B, 0xFD, 0x8F, 0xF3, 0x00,
    0x00, 0x00, 0x00, 0x6F, 0xE3, 0x0B, 0xFC, 0x00, 0x00, 0x00, 0x02, 0xEF, 0x60, 0x01, 0xDF, 0x70,
    0x00, 0x00, 0x0B, 0xF9, 0x00, 0x00, 0x3F, 0xF3, 0x00, 0x00, 0x00, 0x00, 0x00, 0x00, 0x00, 0x00,
    0x00, 0x00, 0x00, 0x00, 0x00, 0x00, 0x00, 0x00, 0x00, 0x00, 0x01, 0x6A, 0xDE, 0xFD, 0xC9, 0x51,
    0x00, 0x00, 0x5E, 0xFF, 0xFF, 0xFF, 0xFF, 0xF9, 0x00, 0x08, 0xFF, 0xFF, 0xFF, 0xFF, 0xFF, 0xF9,
    0x00, 0x6F, 0xFF, 0xE8, 0x31, 0x02, 0x36, 0xA8, 0x01, 0xEF, 0xFD, 0x20, 0x00, 0x00, 0x00, 0x00,
    0x07, 0xFF, 0xF3, 0x00, 0x00, 0x00, 0x00, 0x00, 0x0B, 0xFF, 0x90, 0x00, 0x00, 0x00, 0x00, 0x00,
    0x0E, 0xFF, 0x50, 0x00, 0x00, 0x00, 0x00, 0x00, 0x1F, 0xFF, 0x20, 0x00, 0x00, 0x00, 0x00, 0x00,
    0x2F, 0xFF, 0x20, 0x00, 0x00, 0x00, 0x00, 0x00, 0x1F, 0xFF, 0x20, 0x00, 0x00, 0x00, 0x00, 0x00,
    0x0E, 0xFF, 0x50, 0x00, 0x00, 0x00, 0x00, 0x00, 0x0B, 0xFF, 0x90, 0x00, 0x00, 0x00, 0x00, 0x00,
    0x07, 0xFF, 0xF2, 0x00, 0x00, 0x00, 0x00, 0x00, 0x01, 0xEF, 0xFD, 0x20, 0x00, 0x00, 0x00, 0x00,
    0x00, 0x6F, 0xFF, 0xE8, 0x31, 0x02, 0x36, 0xA8, 0x00, 0x08, 0xFF, 0xFF, 0xFF, 0xFF, 0xFF, 0xF9,
    0x00, 0x00, 0x6E, 0xFF, 0xFF, 0xFF, 0xFF, 0xF9, 0x00, 0x00, 0x01, 0x6B, 0xDE, 0xED, 0xC9, 0x51,
    0x00, 0x00, 0x00, 0x00, 0x00, 0x0A, 0xFF, 0xB0, 0x00, 0x00, 0x00, 0x00, 0x00, 0x00, 0x00, 0x00,
    0x0A, 0xFF, 0xB0, 0x00, 0x00, 0x00, 0x00, 0x00, 0x00, 0x00, 0x00, 0x0A, 0xFF, 0xB0, 0x00, 0x00,
    0x00, 0x00, 0x00, 0x00, 0x00, 0x00, 0x00, 0x00, 0x00, 0x00, 0x00, 0x00, 0x00, 0x00, 0x00, 0x00,
    0x00, 0x00, 0x00, 0x00, 0x00, 0x00, 0x00, 0x00, 0x00, 0x00, 0x00, 0x48, 0xCD, 0xEF, 0xEC, 0x96,
    0x10, 0x00, 0x00, 0x00, 0x00, 0x6D, 0xFF, 0xFF, 0xFF, 0xFF, 0xFF, 0xFA, 0x30, 0x00, 0x00, 0x1B,
    0xFF, 0xFF, 0xFF, 0xFF, 0xFF, 0xFF, 0xFF, 0xD0, 0x00, 0x01, 0xDF, 0xFF, 0xF9, 0x52, 0x10, 0x24,
    0x8D, 0xFF, 0xD0, 0x00, 0x0B, 0xFF, 0xFB, 0x20, 0x00, 0x00, 0x00, 0x00, 0x5D, 0xD0, 0x00, 0x6F,
    0xFF, 0xA0, 0x00, 0x00, 0x00, 0x00, 0x00, 0x01, 0x90, 0x00, 0xDF, 0xFD, 0x10, 0x00, 0x00, 0x00,
    0x00, 0x00, 0x00, 0x00, 0x05, 0xFF, 0xF6, 0x00, 0x00, 0x00, 0x00, 0x00, 0x00, 0x00, 0x00, 0x09,
    0xFF, 0xF1, 0x00, 0x00, 0x00, 0x00, 0x00, 0x00, 0x00, 0x00, 0x0C, 0xFF, 0xC0, 0x00, 0x00, 0x00,
    0x00, 0x00, 0x00, 0x00, 0x00, 0x0E, 0xFF, 0x90, 0x00, 0x00, 0x00, 0x00, 0x00, 0x00, 0x00, 0x00,
    0x0F, 0xFF, 0x80, 0x00, 0x00, 0x00, 0x00, 0x00, 0x00, 0x00, 0x00, 0x1F, 0xFF, 0x70, 0x00, 0x00,
    0x00, 0x00, 0x00, 0x00, 0x00, 0x00, 0x0F, 0xFF, 0x80, 0x00, 0x00, 0x00, 0x00, 0x00, 0x00, 0x00,
    0x00, 0x0E, 0xFF, 0x90, 0x00, 0x00, 0x00, 0x00, 0x00, 0x00, 0x00, 0x00, 0x0C, 0xFF, 0xC0, 0x00,
    0x00, 0x00, 0x00, 0x00, 0x00, 0x00, 0x00, 0x09, 0xFF, 0xF1, 0x00, 0x00, 0x00, 0x00, 0x00, 0x00,
    0x00, 0x00, 0x05, 0xFF, 0xF6, 0x00, 0x00, 0x00, 0x00, 0x00, 0x00, 0x00, 0x00, 0x00, 0xDF, 0xFD,
    0x10, 0x00, 0x00, 0x00, 0x00, 0x00, 0x00, 0x00, 0x00, 0x6F, 0xFF, 0xA0, 0x00, 0x00, 0x00, 0x00,
    0x00, 0x01, 0x90, 0x00, 0x0B, 0xFF, 0xFB, 0x20, 0x00, 0x00, 0x00, 0x00, 0x5D, 0xD0, 0x00, 0x01,
    0xDF, 0xFF, 0xF9, 0x52, 0x10, 0x24, 0x8D, 0xFF, 0xD0, 0x00, 0x00, 0x1B, 0xFF, 0xFF, 0xFF, 0xFF,
    0xFF, 0xFF, 0xFF, 0xD0, 0x00, 0x00, 0x00, 0x6D, 0xFF, 0xFF, 0xFF, 0xFF, 0xFF, 0xFA, 0x30, 0x00,
    0x00, 0x00, 0x00, 0x59, 0xCD, 0xEF, 0xEC, 0x96, 0x10, 0x00, 0x00, 0x00, 0x00, 0x00, 0x5F, 0xFB,
    0x00, 0x00, 0x00, 0x00, 0x00, 0x00, 0x5F, 0xFB, 0x00, 0x00, 0x00, 0x00, 0x00, 0x00, 0x5F, 0xFB,
    0x00, 0x00, 0x00, 0x00, 0x00, 0x00, 0x5F, 0xFB, 0x00, 0x00, 0x00, 0x00, 0x00, 0x00, 0x00, 0x00,
    0x00, 0x00, 0x00, 0x00, 0x00, 0x00, 0x00, 0x00, 0x00, 0x00, 0x00, 0x00, 0x00, 0x00, 0x00, 0x00,
    0x00, 0x00, 0x00, 0x00, 0x01, 0x6A, 0xDE, 0xFD, 0xC9, 0x51, 0x00, 0x00, 0x5E, 0xFF, 0xFF, 0xFF,
    0xFF, 0xF9, 0x00, 0x08, 0xFF, 0xFF, 0xFF, 0xFF, 0xFF, 0xF9, 0x00, 0x6F, 0xFF, 0xE8, 0x31, 0x02,
    0x36, 0xA8, 0x01, 0xEF, 0xFD, 0x20, 0x00, 0x00, 0x00, 0x00, 0x07, 0xFF, 0xF3, 0x00, 0x00, 0x00,
    0x00, 0x00, 0x0B, 0xFF, 0x90, 0x00, 0x00, 0x00, 0x00, 0x00, 0x0E, 0xFF, 0x50, 0x00, 0x00, 0x00,
    0x00, 0x00, 0x1F, 0xFF, 0x20, 0x00, 0x00, 0x00, 0x00, 0x00, 0x2F, 0xFF, 0x20, 0x00, 0x00, 0x00,
    0x00, 0x00, 0x1F, 0xFF, 0x20, 0x00, 0x00, 0x00, 0x00, 0x00, 0x0E, 0xFF, 0x50, 0x00, 0x00, 0x00,
    0x00, 0x00, 0x0B, 0xFF, 0x90, 0x00, 0x00, 0x00, 0x00, 0x00, 0x07, 0xFF, 0xF2, 0x00, 0x00, 0x00,
    0x00, 0x00, 0x01, 0xEF, 0xFD, 0x20, 0x00, 0x00, 0x00, 0x00, 0x00, 0x6F, 0xFF, 0xE8, 0x31, 0x02,
    0x36, 0xA8, 0x00, 0x08, 0xFF, 0xFF, 0xFF, 0xFF, 0xFF, 0xF9, 0x00, 0x00, 0x6E, 0xFF, 0xFF, 0xFF,
    0xFF, 0xF9, 0x00, 0x00, 0x01, 0x6B, 0xDE, 0xED, 0xC9, 0x51, 0x00, 0x00, 0x00, 0x03, 0xEF, 0x40,
    0x00, 0x4F, 0xE3, 0x00, 0x00, 0x00, 0x00, 0x00, 0x00, 0x4F, 0xF5, 0x05, 0xFF, 0x40, 0x00, 0x00,
    0x00, 0x00, 0x00, 0x00, 0x06, 0xFF, 0x9F, 0xF6, 0x00, 0x00, 0x00, 0x00, 0x00, 0x00, 0x00, 0x00,
    0x8F, 0xFF, 0x70, 0x00, 0x00, 0x00, 0x00, 0x00, 0x00, 0x00, 0x00, 0x00, 0x00, 0x00, 0x00, 0x00,
    0x00, 0x00, 0x00, 0x00, 0x00, 0x00, 0x00, 0x00, 0x00, 0x00, 0x00, 0x00, 0x00, 0x00, 0x00, 0x00,
    0x48, 0xCD, 0xEF, 0xEC, 0x96, 0x10, 0x00, 0x00, 0x00, 0x00, 0x6D, 0xFF, 0xFF, 0xFF, 0xFF, 0xFF,
    0xFA, 0x30, 0x00, 0x00, 0x1B, 0xFF, 0xFF, 0xFF, 0xFF, 0xFF, 0xFF, 0xFF, 0xD0, 0x00, 0x01, 0xDF,
    0xFF, 0xF9, 0x52, 0x10, 0x24, 0x8D, 0xFF, 0xD0, 0x00, 0x0B, 0xFF, 0xFB, 0x20, 0x00, 0x00, 0x00,
    0x00, 0x5D, 0xD0, 0x00, 0x6F, 0xFF, 0xA0, 0x00, 0x00, 0x00, 0x00, 0x00, 0x01, 0x90, 0x00, 0xDF,
    0xFD, 0x10, 0x00, 0x00, 0x00, 0x00, 0x00, 0x00, 0x00, 0x05, 0xFF, 0xF6, 0x00, 0x00, 0x00, 0x00,
    0x00, 0x00, 0x00, 0x00, 0x09, 0xFF, 0xF1, 0x00, 0x00, 0x00, 0x00, 0x00, 0x00, 0x00, 0x00, 0x0C,
    0xFF, 0xC0, 0x00, 0x00, 0x00, 0x00, 0x00, 0x00, 0x00, 0x00, 0x0E, 0xFF, 0x90, 0x00, 0x00, 0x00,
    0x00, 0x00, 0x00, 0x00, 0x00, 0x0F, 0xFF, 0x80, 0x00, 0x00, 0x00, 0x00, 0x00, 0x00, 0x00, 0x00,
    0x1F, 0xFF, 0x70, 0x00, 0x00, 0x00, 0x00, 0x00, 0x00, 0x00, 0x00, 0x0F, 0xFF, 0x80, 0x00, 0x00,
    0x00, 0x00, 0x00, 0x00, 0x00, 0x00, 0x0E, 0xFF, 0x90, 0x00, 0x00, 0x00, 0x00, 0x00, 0x00, 0x00,
    0x00, 0x0C, 0xFF, 0xC0, 0x00, 0x00, 0x00, 0x00, 0x00, 0x00, 0x00, 0x00, 0x09, 0xFF, 0xF1, 0x00,
    0x00, 0x00, 0x00, 0x00, 0x00, 0x00, 0x00, 0x05, 0xFF, 0xF6, 0x00, 0x00, 0x00, 0x00, 0x00, 0x00,
    0x00, 0x00, 0x00, 0xDF, 0xFD, 0x10, 0x00, 0x00, 0x00, 0x00, 0x00, 0x00, 0x00, 0x00, 0x6F, 0xFF,
    0xA0, 0x00, 0x00, 0x00, 0x00, 0x00, 0x01, 0x90, 0x00, 0x0B, 0xFF, 0xFB, 0x20, 0x00, 0x00, 0x00,
    0x00, 0x5D, 0xD0, 0x00, 0x01, 0xDF, 0xFF, 0xF9, 0x52, 0x10, 0x24, 0x8D, 0xFF, 0xD0, 0x00, 0x00,
    0x1B, 0xFF, 0xFF, 0xFF, 0xFF, 0xFF, 0xFF, 0xFF, 0xD0, 0x00, 0x00, 0x00, 0x6D, 0xFF, 0xFF, 0xFF,
    0xFF, 0xFF, 0xFA, 0x30, 0x00, 0x00, 0x00, 0x00, 0x59, 0xCD, 0xEF, 0xEC, 0x96, 0x10, 0x00, 0x00,
    0x00, 0x3F, 0xF3, 0x00, 0x00, 0x9F, 0xB0, 0x00, 0x00, 0x08, 0xFD, 0x10, 0x06, 0xFE, 0x20, 0x00,
    0x00, 0x00, 0xCF, 0xB0, 0x3E, 0xF6, 0x00, 0x00, 0x00, 0x00, 0x3F, 0xF8, 0xDF, 0xB0, 0x00, 0x00,
    0x00, 0x00, 0x07, 0xFF, 0xFE, 0x10, 0x00, 0x00, 0x00, 0x00, 0x00, 0xCF, 0xF5, 0x00, 0x00, 0x00,
    0x00, 0x00, 0x00, 0x00, 0x00, 0x00, 0x00, 0x00, 0x00, 0x00, 0x00, 0x00, 0x00, 0x00, 0x00, 0x00,
    0x00, 0x01, 0x6A, 0xDE, 0xFD, 0xC9, 0x51, 0x00, 0x00, 0x5E, 0xFF, 0xFF, 0xFF, 0xFF, 0xF9, 0x00,
    0x08, 0xFF, 0xFF, 0xFF, 0xFF, 0xFF, 0xF9, 0x00, 0x6F, 0xFF, 0xE8, 0x31, 0x02, 0x36, 0xA8, 0x01,
    0xEF, 0xFD, 0x20, 0x00, 0x00, 0x00, 0x00, 0x07, 0xFF, 0xF3, 0x00, 0x00, 0x00, 0x00, 0x00, 0x0B,
    0xFF, 0x90, 0x00, 0x00, 0x00, 0x00, 0x00, 0x0E, 0xFF, 0x50, 0x00, 0x00, 0x00, 0x00, 0x00, 0x1F,
    0xFF, 0x20, 0x00, 0x00, 0x00, 0x00, 0x00, 0x2F, 0xFF, 0x20, 0x00, 0x00, 0x00, 0x00, 0x00, 0x1F,
    0xFF, 0x20, 0x00, 0x00, 0x00, 0x00, 0x00, 0x0E, 0xFF, 0x50, 0x00, 0x00, 0x00, 0x00, 0x00, 0x0B,
    0xFF, 0x90, 0x00, 0x00, 0x00, 0x00, 0x00, 0x07, 0xFF, 0xF2, 0x00, 0x00, 0x00, 0x00, 0x00, 0x01,
    0xEF, 0xFD, 0x20, 0x00, 0x00, 0x00, 0x00, 0x00, 0x6F, 0xFF, 0xE8, 0x31, 0x02, 0x36, 0xA8, 0x00,
    0x08, 0xFF, 0xFF, 0xFF, 0xFF, 0xFF, 0xF9, 0x00, 0x00, 0x6E, 0xFF, 0xFF, 0xFF, 0xFF, 0xF9, 0x00,
    0x00, 0x01, 0x6B, 0xDE, 0xED, 0xC9, 0x51, 0x00, 0x00, 0x4F, 0xE4, 0x00, 0x05, 0xFE, 0x20, 0x00,
    0x00, 0x00, 0x00, 0x00, 0x05, 0xFE, 0x40, 0x6F, 0xE3, 0x00, 0x00, 0x00, 0x00, 0x00, 0x00, 0x00,
    0x7F, 0xE9, 0xFF, 0x50, 0x00, 0x00, 0x00, 0x00, 0x00, 0x00, 0x00, 0x09, 0xFF, 0xF6, 0x00, 0x00,
    0x00, 0x00, 0x00, 0x00, 0x00, 0x00, 0x00, 0x00, 0x00, 0x00, 0x00, 0x00, 0x00, 0x00, 0x00, 0x00,
    0x00, 0x00, 0x00, 0x00, 0x00, 0x00, 0x00, 0x00, 0x00, 0xAF, 0xFF, 0xFF, 0xFF, 0xED, 0xC9, 0x63,
    0x00, 0x00, 0x00, 0x00, 0xAF, 0xFF, 0xFF, 0xFF, 0xFF, 0xFF, 0xFF, 0xD7, 0x00, 0x00, 0x00, 0xAF,
    0xFF, 0xFF, 0xFF, 0xFF, 0xFF, 0xFF, 0xFF, 0xC3, 0x00, 0x00, 0xAF, 0xFA, 0x00, 0x00, 0x12, 0x36,
    0xBF, 0xFF, 0xFF, 0x30, 0x00, 0xAF, 0xFA, 0x00, 0x00, 0x00, 0x00, 0x02, 0xBF, 0xFF, 0xE2, 0x00,
    0xAF, 0xFA, 0x00, 0x00, 0x00, 0x00, 0x00, 0x09, 0xFF, 0xFA, 0x00, 0xAF, 0xFA, 0x00, 0x00, 0x00,
    0x00, 0x00, 0x00, 0xCF, 0xFF, 0x20, 0xAF, 0xFA, 0x00, 0x00, 0x00, 0x00, 0x00, 0x00, 0x4F, 0xFF,
    0x70, 0xAF, 0xFA, 0x00, 0x00, 0x00, 0x00, 0x00, 0x00, 0x0D, 0xFF, 0xB0, 0xAF, 0xFA, 0x00, 0x00,
    0x00, 0x00, 0x00, 0x00, 0x0A, 0xFF, 0xE0, 0xAF, 0xFA, 0x00, 0x00, 0x00, 0x00, 0x00, 0x00, 0x07,
    0xFF, 0xF0, 0xAF, 0xFA, 0x00, 0x00, 0x00, 0x00, 0x00, 0x00, 0x06, 0xFF, 0xF2, 0xAF, 0xFA, 0x00,
    0x00, 0x00, 0x00, 0x00, 0x00, 0x06, 0xFF, 0xF2, 0xAF, 0xFA, 0x00, 0x00, 0x00, 0x00, 0x00, 0x00,
    0x06, 0xFF, 0xF1, 0xAF, 0xFA, 0x00, 0x00, 0x00, 0x00, 0x00, 0x00, 0x07, 0xFF, 0xF0, 0xAF, 0xFA,
    0x00, 0x00, 0x00, 0x00, 0x00, 0x00, 0x0A, 0xFF, 0xE0, 0xAF, 0xFA, 0x00, 0x00, 0x00, 0x00, 0x00,
    0x00, 0x0E, 0xFF, 0xB0, 0xAF, 0xFA, 0x00, 0x00, 0x00, 0x00, 0x00, 0x00, 0x4F, 0xFF, 0x70, 0xAF,
    0xFA, 0x00, 0x00, 0x00, 0x00, 0x00, 0x00, 0xCF, 0xFF, 0x20, 0xAF, 0xFA, 0x00, 0x00, 0x00, 0x00,
    0x00, 0x09, 0xFF, 0xF9, 0x00, 0xAF, 0xFA, 0x00, 0x00, 0x00, 0x00, 0x02, 0xBF, 0xFF, 0xE2, 0x00,
    0xAF, 0xFA, 0x00, 0x00, 0x12, 0x36, 0xBF, 0xFF, 0xFE, 0x30, 0x00, 0xAF, 0xFF, 0xFF, 0xFF, 0xFF,
    0xFF, 0xFF, 0xFF, 0xC3, 0x00, 0x00, 0xAF, 0xFF, 0xFF, 0xFF, 0xFF, 0xFF, 0xFF, 0xC7, 0x00, 0x00,
    0x00, 0xAF, 0xFF, 0xFF, 0xFF, 0xED, 0xC9, 0x73, 0x00, 0x00, 0x00, 0x00, 0x00, 0x00, 0x00, 0x00,
    0x00, 0x00, 0x00, 0x8F, 0xF8, 0x00, 0x8F, 0xFB, 0x00, 0x00, 0x00, 0x00, 0x00, 0x00, 0x00, 0x8F,
    0xF8, 0x00, 0xBF, 0xF6, 0x00, 0x00, 0x00, 0x00, 0x00, 0x00, 0x00, 0x8F, 0xF8, 0x00, 0xEF, 0xF1,
    0x00, 0x00, 0x00, 0x00, 0x00, 0x00, 0x00, 0x8F, 0xF8, 0x02, 0xFF, 0xB0, 0x00, 0x00, 0x00, 0x00,
    0x00, 0x00, 0x00, 0x8F, 0xF8, 0x05, 0xFF, 0x60, 0x00, 0x00, 0x00, 0x00, 0x00, 0x00, 0x00, 0x8F,
    0xF8, 0x07, 0xFF, 0x20, 0x00, 0x00, 0x00, 0x00, 0x00, 0x00, 0x00, 0x8F, 0xF8, 0x00, 0x00, 0x00,
    0x00, 0x00, 0x05, 0xBE, 0xFD, 0xB6, 0x10, 0x8F, 0xF8, 0x00, 0x00, 0x00, 0x00, 0x01, 0xBF, 0xFF,
    0xFF, 0xFF, 0xD3, 0x8F, 0xF8, 0x00, 0x00, 0x00, 0x00, 0x1C, 0xFF, 0xFF, 0xFF, 0xFF, 0xFE, 0xAF,
    0xF8, 0x00, 0x00, 0x00, 0x00, 0x9F, 0xFF, 0xC4, 0x10, 0x28, 0xFF, 0xFF, 0xF8, 0x00, 0x00, 0x00,
    0x02, 0xFF, 0xFA, 0x00, 0x00, 0x00, 0x4E, 0xFF, 0xF8, 0x00, 0x00, 0x00, 0x08, 0xFF, 0xD1, 0x00,
    0x00, 0x00, 0x07, 0xFF, 0xF8, 0x00, 0x00, 0x00, 0x0C, 0xFF, 0x70, 0x00, 0x00, 0x00, 0x01, 0xFF,
    0xF8, 0x00, 0x00, 0x00, 0x0F, 0xFF, 0x30, 0x00, 0x00, 0x00, 0x00, 0xCF, 0xF8, 0x00, 0x00, 0x00,
    0x1F, 0xFF, 0x10, 0x00, 0x00, 0x00, 0x00, 0x9F, 0xF8, 0x00, 0x00, 0x00, 0x2F, 0xFF, 0x10, 0x00,
    0x00, 0x00, 0x00, 0x9F, 0xF8, 0x00, 0x00, 0x00, 0x1F, 0xFF, 0x10, 0x00, 0x00, 0x00, 0x00, 0x9F,
    0xF8, 0x00, 0x00, 0x00, 0x0F, 0xFF, 0x30, 0x00, 0x00, 0x00, 0x00, 0xCF, 0xF8, 0x00, 0x00, 0x00,
    0x0C, 0xFF, 0x70, 0x00, 0x00, 0x00, 0x01, 0xFF, 0xF8, 0x00, 0x00, 0x00, 0x08, 0xFF, 0xD1, 0x00,
    0x00, 0x00, 0x07, 0xFF, 0xF8, 0x00, 0x00, 0x00, 0x02, 0xFF, 0xF9, 0x00, 0x00, 0x00, 0x3E, 0xFF,
    0xF8, 0x00, 0x00, 0x00, 0x00, 0x9F, 0xFF, 0xB4, 0x10, 0x28, 0xFF, 0xFF, 0xF8, 0x00, 0x00, 0x00,
    0x00, 0x1C, 0xFF, 0xFF, 0xFF, 0xFF, 0xFE, 0xAF, 0xF8, 0x00, 0x00, 0x00, 0x00, 0x01, 0xBF, 0xFF,
    0xFF, 0xFF, 0xD3, 0x8F, 0xF8, 0x00, 0x00, 0x00, 0x00, 0x00, 0x05, 0xBE, 0xFE, 0xB7, 0x10, 0x8F,
    0xF8, 0x00, 0x00, 0x00, 0x00, 0x08, 0xFF, 0xFF, 0xFF, 0xFE, 0xDC, 0xA7, 0x40, 0x00, 0x00, 0x00,
    0x00, 0x00, 0x08, 0xFF, 0xFF, 0xFF, 0xFF, 0xFF, 0xFF, 0xFD, 0x81, 0x00, 0x00, 0x00, 0x00, 0x08,
    0xFF, 0xFF, 0xFF, 0xFF, 0xFF, 0xFF, 0xFF, 0xFE, 0x40, 0x00, 0x00, 0x00, 0x08, 0xFF, 0xD0, 0x00,
    0x01, 0x13, 0x6A, 0xFF, 0xFF, 0xF6, 0x00, 0x00, 0x00, 0x08, 0xFF, 0xD0, 0x00, 0x00, 0x00, 0x00,
    0x19, 0xFF, 0xFF, 0x40, 0x00, 0x00, 0x08, 0xFF, 0xD0, 0x00, 0x00, 0x00, 0x00, 0x00, 0x7F, 0xFF,
    0xC0, 0x00, 0x00, 0x08, 0xFF, 0xD0, 0x00, 0x00, 0x00, 0x00, 0x00, 0x0A, 0xFF, 0xF5, 0x00, 0x00,
    0x08, 0xFF, 0xD0, 0x00, 0x00, 0x00, 0x00, 0x00, 0x02, 0xFF, 0xFA, 0x00, 0x00, 0x08, 0xFF, 0xD0,
    0x00, 0x00, 0x00, 0x00, 0x00, 0x00, 0xBF, 0xFD, 0x00, 0x00, 0x08, 0xFF, 0xD0, 0x00, 0x00, 0x00,
    0x00, 0x00, 0x00, 0x8F, 0xFF, 0x20, 0x00, 0x08, 0xFF, 0xD0, 0x00, 0x00, 0x00, 0x00, 0x00, 0x00,
    0x5F, 0xFF, 0x30, 0xCF, 0xFF, 0xFF, 0xFF, 0xFF, 0xFF, 0x70, 0x00, 0x00, 0x00, 0x4F, 0xFF, 0x40,
    0xCF, 0xFF, 0xFF, 0xFF, 0xFF, 0xFF, 0x70, 0x00, 0x00, 0x00, 0x3F, 0xFF, 0x50, 0xCF, 0xFF, 0xFF,
    0xFF, 0xFF, 0xFF, 0x70, 0x00, 0x00, 0x00, 0x4F, 0xFF, 0x40, 0x00, 0x08, 0xFF, 0xD0, 0x00, 0x00,
    0x00, 0x00, 0x00, 0x00, 0x5F, 0xFF, 0x30, 0x00, 0x08, 0xFF, 0xD0, 0x00, 0x00, 0x00, 0x00, 0x00,
    0x00, 0x8F, 0xFF, 0x20, 0x00, 0x08, 0xFF, 0xD0, 0x00, 0x00, 0x00, 0x00, 0x00, 0x00, 0xBF, 0xFD,
    0x00, 0x00, 0x08, 0xFF, 0xD0, 0x00, 0x00, 0x00, 0x00, 0x00, 0x02, 0xFF, 0xFA, 0x00, 0x00, 0x08,
    0xFF, 0xD0, 0x00, 0x00, 0x00, 0x00, 0x00, 0x0A, 0xFF, 0xF4, 0x00, 0x00, 0x08, 0xFF, 0xD0, 0x00,
    0x00, 0x00, 0x00, 0x00, 0x7F, 0xFF, 0xC0, 0x00, 0x00, 0x08, 0xFF, 0xD0, 0x00, 0x00, 0x00, 0x00,
    0x19, 0xFF, 0xFF, 0x30, 0x00, 0x00, 0x08, 0xFF, 0xD0, 0x00, 0x00, 0x13, 0x6A, 0xFF, 0xFF, 0xF5,
    0x00, 0x00, 0x00, 0x08, 0xFF, 0xFF, 0xFF, 0xFF, 0xFF, 0xFF, 0xFF, 0xFE, 0x40, 0x00, 0x00, 0x00,
    0x08, 0xFF, 0xFF, 0xFF, 0xFF, 0xFF, 0xFF, 0xFD, 0x81, 0x00, 0x00, 0x00, 0x00, 0x08, 0xFF, 0xFF,
    0xFF, 0xFE, 0xDC, 0xA7, 0x40, 0x00, 0x00, 0x00, 0x00, 0x00, 0x00, 0x00, 0x00, 0x00, 0x00, 0x00,
    0x8F, 0xF8, 0x00, 0x00, 0x00, 0x00, 0x00, 0x00, 0x00, 0x00, 0x00, 0x8F, 0xF8, 0x00, 0x00, 0x00,
    0x00, 0x00, 0x00, 0x00, 0x00, 0x00, 0x8F, 0xF8, 0x00, 0x00, 0x00, 0x00, 0x00, 0x00, 0x0F, 0xFF,
    0xFF, 0xFF, 0xFF, 0xFF, 0x10, 0x00, 0x00, 0x00, 0x00, 0x0F, 0xFF, 0xFF, 0xFF, 0xFF, 0xFF, 0x10,
    0x00, 0x00, 0x00, 0x00, 0x00, 0x00, 0x00, 0x8F, 0xF8, 0x00, 0x00, 0x00, 0x00, 0x00, 0x00, 0x00,
    0x00, 0x00, 0x8F, 0xF8, 0x00, 0x00, 0x00, 0x00, 0x05, 0xBE, 0xFD, 0xB6, 0x10, 0x8F, 0xF8, 0x00,
    0x00, 0x00, 0x01, 0xBF, 0xFF, 0xFF, 0xFF, 0xD3, 0x8F, 0xF8, 0x00, 0x00, 0x00, 0x1C, 0xFF, 0xFF,
    0xFF, 0xFF, 0xFE, 0xAF, 0xF8, 0x00, 0x00, 0x00, 0x9F, 0xFF, 0xC4, 0x10, 0x28, 0xFF, 0xFF, 0xF8,
    0x00, 0x00, 0x02, 0xFF, 0xFA, 0x00, 0x00, 0x00, 0x4E, 0xFF, 0xF8, 0x00, 0x00, 0x08, 0xFF, 0xD1,
    0x00, 0x00, 0x00, 0x07, 0xFF, 0xF8, 0x00, 0x00, 0x0C, 0xFF, 0x70, 0x00, 0x00, 0x00, 0x01, 0xFF,
    0xF8, 0x00, 0x00, 0x0F, 0xFF, 0x30, 0x00, 0x00, 0x00, 0x00, 0xCF, 0xF8, 0x00, 0x00, 0x1F, 0xFF,
    0x10, 0x00, 0x00, 0x00, 0x00, 0x9F, 0xF8, 0x00, 0x00, 0x2F, 0xFF, 0x10, 0x00, 0x00, 0x00, 0x00,
    0x9F, 0xF8, 0x00, 0x00, 0x1F, 0xFF, 0x10, 0x00, 0x00, 0x00, 0x00, 0x9F, 0xF8, 0x00, 0x00, 0x0F,
    0xFF, 0x30, 0x00, 0x00, 0x00, 0x00, 0xCF, 0xF8, 0x00, 0x00, 0x0C, 0xFF, 0x70, 0x00, 0x00, 0x00,
    0x01, 0xFF, 0xF8, 0x00, 0x00, 0x08, 0xFF, 0xD1, 0x00, 0x00, 0x00, 0x07, 0xFF, 0xF8, 0x00, 0x00,
    0x02, 0xFF, 0xF9, 0x00, 0x00, 0x00, 0x3E, 0xFF, 0xF8, 0x00, 0x00, 0x00, 0x9F, 0xFF, 0xB4, 0x10,
    0x28, 0xFF, 0xFF, 0xF8, 0x00, 0x00, 0x00, 0x1C, 0xFF, 0xFF, 0xFF, 0xFF, 0xFE, 0xAF, 0xF8, 0x00,
    0x00, 0x00, 0x01, 0xBF, 0xFF, 0xFF, 0xFF, 0xD3, 0x8F, 0xF8, 0x00, 0x00, 0x00, 0x00, 0x05, 0xBE,
    0xFE, 0xB7, 0x10, 0x8F, 0xF8, 0x00, 0x00, 0x00, 0x0C, 0xFF, 0xFF, 0xFF, 0xFF, 0xF2, 0x00, 0x00,
    0x00, 0x0C, 0xFF, 0xFF, 0xFF, 0xFF, 0xF2, 0x00, 0x00, 0x00, 0x0C, 0xFF, 0xFF, 0xFF, 0xFF, 0xF2,
    0x00, 0x00, 0x00, 0x00, 0x00, 0x00, 0x00, 0x00, 0x00, 0x00, 0x00, 0x00, 0x00, 0x00, 0x00, 0x00,
    0x00, 0x00, 0x00, 0x00, 0xAF, 0xFF, 0xFF, 0xFF, 0xFF, 0xFF, 0xFF, 0xFF, 0x00, 0xAF, 0xFF, 0xFF,
    0xFF, 0xFF, 0xFF, 0xFF, 0xFF, 0x00, 0xAF, 0xFF, 0xFF, 0xFF, 0xFF, 0xFF, 0xFF, 0xFF, 0x00, 0xAF,
    0xFA, 0x00, 0x00, 0x00, 0x00, 0x00, 0x00, 0x00, 0xAF, 0xFA, 0x00, 0x00, 0x00, 0x00, 0x00, 0x00,
    0x00, 0xAF, 0xFA, 0x00, 0x00, 0x00, 0x00, 0x00, 0x00, 0x00, 0xAF, 0xFA, 0x00, 0x00, 0x00, 0x00,
    0x00, 0x00, 0x00, 0xAF, 0xFA, 0x00, 0x00, 0x00, 0x00, 0x00, 0x00, 0x00, 0xAF, 0xFA, 0x00, 0x00,
    0x00, 0x00, 0x00, 0x00, 0x00, 0xAF, 0xFA, 0x00, 0x00, 0x00, 0x00, 0x00, 0x00, 0x00, 0xAF, 0xFF,
    0xFF, 0xFF, 0xFF, 0xFF, 0xFF, 0xF8, 0x00, 0xAF, 0xFF, 0xFF, 0xFF, 0xFF, 0xFF, 0xFF, 0xF8, 0x00,
    0xAF, 0xFF, 0xFF, 0xFF, 0xFF, 0xFF, 0xFF, 0xF8, 0x00, 0xAF, 0xFA, 0x00, 0x00, 0x00, 0x00, 0x00,
    0x00, 0x00, 0xAF, 0xFA, 0x00, 0x00, 0x00, 0x00, 0x00, 0x00, 0x00, 0xAF, 0xFA, 0x00, 0x00, 0x00,
    0x00, 0x00, 0x00, 0x00, 0xAF, 0xFA, 0x00, 0x00, 0x00, 0x00, 0x00, 0x00, 0x00, 0xAF, 0xFA, 0x00,
    0x00, 0x00, 0x00, 0x00, 0x00, 0x00, 0xAF, 0xFA, 0x00, 0x00, 0x00, 0x00, 0x00, 0x00, 0x00, 0xAF,
    0xFA, 0x00, 0x00, 0x00, 0x00, 0x00, 0x00, 0x00, 0xAF, 0xFA, 0x00, 0x00, 0x00, 0x00, 0x00, 0x00,
    0x00, 0xAF, 0xFA, 0x00, 0x00, 0x00, 0x00, 0x00, 0x00, 0x00, 0xAF, 0xFF, 0xFF, 0xFF, 0xFF, 0xFF,
    0xFF, 0xFF, 0x50, 0xAF, 0xFF, 0xFF, 0xFF, 0xFF, 0xFF, 0xFF, 0xFF, 0x50, 0xAF, 0xFF, 0xFF, 0xFF,
    0xFF, 0xFF, 0xFF, 0xFF, 0x50, 0x00, 0x00, 0x0F, 0xFF, 0xFF, 0xFF, 0xFF, 0xE0, 0x00, 0x00, 0x00,
    0x00, 0x0F, 0xFF, 0xFF, 0xFF, 0xFF, 0xE0, 0x00, 0x00, 0x00, 0x00, 0x0F, 0xFF, 0xFF, 0xFF, 0xFF,
    0xE0, 0x00, 0x00, 0x00, 0x00, 0x00, 0x00, 0x00, 0x00, 0x00, 0x00, 0x00, 0x00, 0x00, 0x00, 0x00,
    0x00, 0x00, 0x00, 0x00, 0x00, 0x00, 0x00, 0x00, 0x00, 0x00, 0x00, 0x00, 0x00, 0x00, 0x00, 0x00,
    0x00, 0x00, 0x00, 0x01, 0x6A, 0xDE, 0xED, 0xA5, 0x00, 0x00, 0x00, 0x00, 0x00, 0x5E, 0xFF, 0xFF,
    0xFF, 0xFF, 0xD3, 0x00, 0x00, 0x00, 0x07, 0xFF, 0xFF, 0xFF, 0xFF, 0xFF, 0xFE, 0x30, 0x00, 0x00,
    0x5F, 0xFF, 0xB5, 0x20, 0x02, 0x7E, 0xFF, 0xD0, 0x00, 0x01, 0xEF, 0xF6, 0x00, 0x00, 0x00, 0x02,
    0xDF, 0xF6, 0x00, 0x06, 0xFF, 0xA0, 0x00, 0x00, 0x00, 0x00, 0x4F, 0xFB, 0x00, 0x0B, 0xFF, 0x40,
    0x00, 0x00, 0x00, 0x00, 0x0F, 0xFF, 0x00, 0x0E, 0xFF, 0xFF, 0xFF, 0xFF, 0xFF, 0xFF, 0xFF, 0xFF,
    0x10, 0x1F, 0xFF, 0xFF, 0xFF, 0xFF, 0xFF, 0xFF, 0xFF, 0xFF, 0x20, 0x2F, 0xFF, 0xFF, 0xFF, 0xFF,
    0xFF, 0xFF, 0xFF, 0xFF, 0x20, 0x1F, 0xFF, 0x20, 0x00, 0x00, 0x00, 0x00, 0x00, 0x00, 0x00, 0x0F,
    0xFF, 0x50, 0x00, 0x00, 0x00, 0x00, 0x00, 0x00, 0x00, 0x0B, 0xFF, 0x90, 0x00, 0x00, 0x00, 0x00,
    0x00, 0x00, 0x00, 0x07, 0xFF, 0xF3, 0x00, 0x00, 0x00, 0x00, 0x00, 0x00, 0x00, 0x01, 0xEF, 0xFD,
    0x30, 0x00, 0x00, 0x00, 0x01, 0x85, 0x00, 0x00, 0x5F, 0xFF, 0xF9, 0x41, 0x01, 0x25, 0xAF, 0xF6,
    0x00, 0x00, 0x07, 0xFF, 0xFF, 0xFF, 0xFF, 0xFF, 0xFF, 0xF6, 0x00, 0x00, 0x00, 0x4D, 0xFF, 0xFF,
    0xFF, 0xFF, 0xFE, 0x71, 0x00, 0x00, 0x00, 0x00, 0x59, 0xDE, 0xFE, 0xC9, 0x50, 0x00, 0x00, 0x00,
    0x0E, 0xF2, 0x00, 0x00, 0x0C, 0xF4, 0x00, 0x00, 0x00, 0x0A, 0xFD, 0x51, 0x13, 0xAF, 0xE1, 0x00,
    0x00, 0x00, 0x02, 0xEF, 0xFF, 0xFF, 0xFF, 0x50, 0x00, 0x00, 0x00, 0x00, 0x18, 0xDE, 0xFD, 0xA3,
    0x00, 0x00, 0x00, 0x00, 0x00, 0x00, 0x00, 0x00, 0x00, 0x00, 0x00, 0x00, 0x00, 0x00, 0x00, 0x00,
    0x00, 0x00, 0x00, 0x00, 0x00, 0xAF, 0xFF, 0xFF, 0xFF, 0xFF, 0xFF, 0xFF, 0xFF, 0x00, 0xAF, 0xFF,
    0xFF, 0xFF, 0xFF, 0xFF, 0xFF, 0xFF, 0x00, 0xAF, 0xFF, 0xFF, 0xFF, 0xFF, 0xFF, 0xFF, 0xFF, 0x00,
    0xAF, 0xFA, 0x00, 0x00, 0x00, 0x00, 0x00, 0x00, 0x00, 0xAF, 0xFA, 0x00, 0x00, 0x00, 0x00, 0x00,
    0x00, 0x00, 0xAF, 0xFA, 0x00, 0x00, 0x00, 0x00, 0x00, 0x00, 0x00, 0xAF, 0xFA, 0x00, 0x00, 0x00,
    0x00, 0x00, 0x00, 0x00, 0xAF, 0xFA, 0x00, 0x00, 0x00, 0x00, 0x00, 0x00, 0x00, 0xAF, 0xFA, 0x00,
    0x00, 0x00, 0x00, 0x00, 0x00, 0x00, 0xAF, 0xFA, 0x00, 0x00, 0x00, 0x00, 0x00, 0x00, 0x00, 0xAF,
    0xFF, 0xFF, 0xFF, 0xFF, 0xFF, 0xFF, 0xF8, 0x00, 0xAF, 0xFF, 0xFF, 0xFF, 0xFF, 0xFF, 0xFF, 0xF8,
    0x00, 0xAF, 0xFF, 0xFF, 0xFF, 0xFF, 0xFF, 0xFF, 0xF8, 0x00, 0xAF, 0xFA, 0x00, 0x00, 0x00, 0x00,
    0x00, 0x00, 0x00, 0xAF, 0xFA, 0x00, 0x00, 0x00, 0x00, 0x00, 0x00, 0x00, 0xAF, 0xFA, 0x00, 0x00,
    0x00, 0x00, 0x00, 0x00, 0x00, 0xAF, 0xFA, 0x00, 0x00, 0x00, 0x00, 0x00, 0x00, 0x00, 0xAF, 0xFA,
    0x00, 0x00, 0x00, 0x00, 0x00, 0x00, 0x00, 0xAF, 0xFA, 0x00, 0x00, 0x00, 0x00, 0x00, 0x00, 0x00,
    0xAF, 0xFA, 0x00, 0x00, 0x00, 0x00, 0x00, 0x00, 0x00, 0xAF, 0xFA, 0x00, 0x00, 0x00, 0x00, 0x00,
    0x00, 0x00, 0xAF, 0xFA, 0x00, 0x00, 0x00, 0x00, 0x00, 0x00, 0x00, 0xAF, 0xFF, 0xFF, 0xFF, 0xFF,
    0xFF, 0xFF, 0xFF, 0x50, 0xAF, 0xFF, 0xFF, 0xFF, 0xFF, 0xFF, 0xFF, 0xFF, 0x50, 0xAF, 0xFF, 0xFF,
    0xFF, 0xFF, 0xFF, 0xFF, 0xFF, 0x50, 0x00, 0x00, 0x2F, 0xE0, 0x00, 0x00, 0x1E, 0xF2, 0x00, 0x00,
    0x00, 0x00, 0x0E, 0xFB, 0x31, 0x13, 0xBF, 0xE0, 0x00, 0x00, 0x00, 0x00, 0x09, 0xFF, 0xFF, 0xFF,
    0xFF, 0x80, 0x00, 0x00, 0x00, 0x00, 0x01, 0xDF, 0xFF, 0xFF, 0xFC, 0x10, 0x00, 0x00, 0x00, 0x00,
    0x00, 0x18, 0xDF, 0xFD, 0x81, 0x00, 0x00, 0x00, 0x00, 0x00, 0x00, 0x00, 0x00, 0x00, 0x00, 0x00,
    0x00, 0x00, 0x00, 0x00, 0x00, 0x00, 0x00, 0x00, 0x00, 0x00, 0x00, 0x00, 0x00, 0x00, 0x00, 0x00,
    0x00, 0x00, 0x00, 0x00, 0x00, 0x00, 0x00, 0x00, 0x01, 0x6A, 0xDE, 0xED, 0xA5, 0x00, 0x00, 0x00,
    0x00, 0x00, 0x5E, 0xFF, 0xFF, 0xFF, 0xFF, 0xD3, 0x00, 0x00, 0x00, 0x07, 0xFF, 0xFF, 0xFF, 0xFF,
    0xFF, 0xFE, 0x30, 0x00, 0x00, 0x5F, 0xFF, 0xB5, 0x20, 0x02, 0x7E, 0xFF, 0xD0, 0x00, 0x01, 0xEF,
    0xF6, 0x00, 0x00, 0x00, 0x02, 0xDF, 0xF6, 0x00, 0x06, 0xFF, 0xA0, 0x00, 0x00, 0x00, 0x00, 0x4F,
    0xFB, 0x00, 0x0B, 0xFF, 0x40, 0x00, 0x00, 0x00, 0x00, 0x0F, 0xFF, 0x00, 0x0E, 0xFF, 0xFF, 0xFF,
    0xFF, 0xFF, 0xFF, 0xFF, 0xFF, 0x10, 0x1F, 0xFF, 0xFF, 0xFF, 0xFF, 0xFF, 0xFF, 0xFF, 0xFF, 0x20,
    0x2F, 0xFF, 0xFF, 0xFF, 0xFF, 0xFF, 0xFF, 0xFF, 0xFF, 0x20, 0x1F, 0xFF, 0x20, 0x00, 0x00, 0x00,
    0x00, 0x00, 0x00, 0x00, 0x0F, 0xFF, 0x50, 0x00, 0x00, 0x00, 0x00, 0x00, 0x00, 0x00, 0x0B, 0xFF,
    0x90, 0x00, 0x00, 0x00, 0x00, 0x00, 0x00, 0x00, 0x07, 0xFF, 0xF3, 0x00, 0x00, 0x00, 0x00, 0x00,
    0x00, 0x00, 0x01, 0xEF, 0xFD, 0x30, 0x00, 0x00, 0x00, 0x01, 0x85, 0x00, 0x00, 0x5F, 0xFF, 0xF9,
    0x41, 0x01, 0x25, 0xAF, 0xF6, 0x00, 0x00, 0x07, 0xFF, 0xFF, 0xFF, 0xFF, 0xFF, 0xFF, 0xF6, 0x00,
    0x00, 0x00, 0x4D, 0xFF, 0xFF, 0xFF, 0xFF, 0xFE, 0x71, 0x00, 0x00, 0x00, 0x00, 0x59, 0xDE, 0xFE,
    0xC9, 0x50, 0x00, 0x00, 0x00, 0x00, 0x00, 0x8F, 0xFC, 0x00, 0x00, 0x00, 0x00, 0x00, 0x00, 0x00,
    0x8F, 0xFC, 0x00, 0x00, 0x00, 0x00, 0x00, 0x00, 0x00, 0x8F, 0xFC, 0x00, 0x00, 0x00, 0x00, 0x00,
    0x00, 0x00, 0x00, 0x00, 0x00, 0x00, 0x00, 0x00, 0x00, 0x00, 0x00, 0x00, 0x00, 0x00, 0x00, 0x00,
    0x00, 0xAF, 0xFF, 0xFF, 0xFF, 0xFF, 0xFF, 0xFF, 0xFF, 0x00, 0xAF, 0xFF, 0xFF, 0xFF, 0xFF, 0xFF,
    0xFF, 0xFF, 0x00, 0xAF, 0xFF, 0xFF, 0xFF, 0xFF, 0xFF, 0xFF, 0xFF, 0x00, 0xAF, 0xFA, 0x00, 0x00,
    0x00, 0x00, 0x00, 0x00, 0x00, 0xAF, 0xFA, 0x00, 0x00, 0x00, 0x00, 0x00, 0x00, 0x00, 0xAF, 0xFA,
    0x00, 0x00, 0x00, 0x00, 0x00, 0x00, 0x00, 0xAF, 0xFA, 0x00, 0x00, 0x00, 0x00, 0x00, 0x00, 0x00,
    0xAF, 0xFA, 0x00, 0x00, 0x00, 0x00, 0x00, 0x00, 0x00, 0xAF, 0xFA, 0x00, 0x00, 0x00, 0x00, 0x00,
    0x00, 0x00, 0xAF, 0xFA, 0x00, 0x00, 0x00, 0x00, 0x00, 0x00, 0x00, 0xAF, 0xFF, 0xFF, 0xFF, 0xFF,
    0xFF, 0xFF, 0xF8, 0x00, 0xAF, 0xFF, 0xFF, 0xFF, 0xFF, 0xFF, 0xFF, 0xF8, 0x00, 0xAF, 0xFF, 0xFF,
    0xFF, 0xFF, 0xFF, 0xFF, 0xF8, 0x00, 0xAF, 0xFA, 0x00, 0x00, 0x00, 0x00, 0x00, 0x00, 0x00, 0xAF,
    0xFA, 0x00, 0x00, 0x00, 0x00, 0x00, 0x00, 0x00, 0xAF, 0xFA, 0x00, 0x00, 0x00, 0x00, 0x00, 0x00,
    0x00, 0xAF, 0xFA, 0x00, 0x00, 0x00, 0x00, 0x00, 0x00, 0x00, 0xAF, 0xFA, 0x00, 0x00, 0x00, 0x00,
    0x00, 0x00, 0x00, 0xAF, 0xFA, 0x00, 0x00, 0x00, 0x00, 0x00, 0x00, 0x00, 0xAF, 0xFA, 0x00, 0x00,
    0x00, 0x00, 0x00, 0x00, 0x00, 0xAF, 0xFA, 0x00, 0x00, 0x00, 0x00, 0x00, 0x00, 0x00, 0xAF, 0xFA,
    0x00, 0x00, 0x00, 0x00, 0x00, 0x00, 0x00, 0xAF, 0xFF, 0xFF, 0xFF, 0xFF, 0xFF, 0xFF, 0xFF, 0x50,
    0xAF, 0xFF, 0xFF, 0xFF, 0xFF, 0xFF, 0xFF, 0xFF, 0x50, 0xAF, 0xFF, 0xFF, 0xFF, 0xFF, 0xFF, 0xFF,
    0xFF, 0x50, 0x00, 0x00, 0x00, 0x00, 0x9F, 0xF7, 0x00, 0x00, 0x00, 0x00, 0x00, 0x00, 0x00, 0x00,
    0x9F, 0xF7, 0x00, 0x00, 0x00, 0x00, 0x00, 0x00, 0x00, 0x00, 0x9F, 0xF7, 0x00, 0x00, 0x00, 0x00,
    0x00, 0x00, 0x00, 0x00, 0x9F, 0xF7, 0x00, 0x00, 0x00, 0x00, 0x00, 0x00, 0x00, 0x00, 0x00, 0x00,
    0x00, 0x00, 0x00, 0x00, 0x00, 0x00, 0x00, 0x00, 0x00, 0x00, 0x00, 0x00, 0x00, 0x00, 0x00, 0x00,
    0x00, 0x00, 0x00, 0x00, 0x00, 0x00, 0x00, 0x00, 0x00, 0x00, 0x01, 0x6A, 0xDE, 0xED, 0xA5, 0x00,
    0x00, 0x00, 0x00, 0x00, 0x5E, 0xFF, 0xFF, 0xFF, 0xFF, 0xD3, 0x00, 0x00, 0x00, 0x07, 0xFF, 0xFF,
    0xFF, 0xFF, 0xFF, 0xFE, 0x30, 0x00, 0x00, 0x5F, 0xFF, 0xB5, 0x20, 0x02, 0x7E, 0xFF, 0xD0, 0x00,
    0x01, 0xEF, 0xF6, 0x00, 0x00, 0x00, 0x02, 0xDF, 0xF6, 0x00, 0x06, 0xFF, 0xA0, 0x00, 0x00, 0x00,
    0x00, 0x4F, 0xFB, 0x00, 0x0B, 0xFF, 0x40, 0x00, 0x00, 0x00, 0x00, 0x0F, 0xFF, 0x00, 0x0E, 0xFF,
    0xFF, 0xFF, 0xFF, 0xFF, 0xFF, 0xFF, 0xFF, 0x10, 0x1F, 0xFF, 0xFF, 0xFF, 0xFF, 0xFF, 0xFF, 0xFF,
    0xFF, 0x20, 0x2F, 0xFF, 0xFF, 0xFF, 0xFF, 0xFF, 0xFF, 0xFF, 0xFF, 0x20, 0x1F, 0xFF, 0x20, 0x00,
    0x00, 0x00, 0x00, 0x00, 0x00, 0x00, 0x0F, 0xFF, 0x50, 0x00, 0x00, 0x00, 0x00, 0x00, 0x00, 0x00,
    0x0B, 0xFF, 0x90, 0x00, 0x00, 0x00, 0x00, 0x00, 0x00, 0x00, 0x07, 0xFF, 0xF3, 0x00, 0x00, 0x00,
    0x00, 0x00, 0x00, 0x00, 0x01, 0xEF, 0xFD, 0x30, 0x00, 0x00, 0x00, 0x01, 0x85, 0x00, 0x00, 0x5F,
    0xFF, 0xF9, 0x41, 0x01, 0x25, 0xAF, 0xF6, 0x00, 0x00, 0x07, 0xFF, 0xFF, 0xFF, 0xFF, 0xFF, 0xFF,
    0xF6, 0x00, 0x00, 0x00, 0x4D, 0xFF, 0xFF, 0xFF, 0xFF, 0xFE, 0x71, 0x00, 0x00, 0x00, 0x00, 0x59,
    0xDE, 0xFE, 0xC9, 0x50, 0x00, 0x00, 0xAF, 0xFF, 0xFF, 0xFF, 0xFF, 0xFF, 0xFF, 0xFF, 0x00, 0xAF,
    0xFF, 0xFF, 0xFF, 0xFF, 0xFF, 0xFF, 0xFF, 0x00, 0xAF, 0xFF, 0xFF, 0xFF, 0xFF, 0xFF, 0xFF, 0xFF,
    0x00, 0xAF, 0xFA, 0x00, 0x00, 0x00, 0x00, 0x00, 0x00, 0x00, 0xAF, 0xFA, 0x00, 0x00, 0x00, 0x00,
    0x00, 0x00, 0x00, 0xAF, 0xFA, 0x00, 0x00, 0x00, 0x00, 0x00, 0x00, 0x00, 0xAF, 0xFA, 0x00, 0x00,
    0x00, 0x00, 0x00, 0x00, 0x00, 0xAF, 0xFA, 0x00, 0x00, 0x00, 0x00, 0x00, 0x00, 0x00, 0xAF, 0xFA,
    0x00, 0x00, 0x00, 0x00, 0x00, 0x00, 0x00, 0xAF, 0xFA, 0x00, 0x00, 0x00, 0x00, 0x00, 0x00, 0x00,
    0xAF, 0xFF, 0xFF, 0xFF, 0xFF, 0xFF, 0xFF, 0xF8, 0x00, 0xAF, 0xFF, 0xFF, 0xFF, 0xFF, 0xFF, 0xFF,
    0xF8, 0x00, 0xAF, 0xFF, 0xFF, 0xFF, 0xFF, 0xFF, 0xFF, 0xF8, 0x00, 0xAF, 0xFA, 0x00, 0x00, 0x00,
    0x00, 0x00, 0x00, 0x00, 0xAF, 0xFA, 0x00, 0x00, 0x00, 0x00, 0x00, 0x00, 0x00, 0xAF, 0xFA, 0x00,
    0x00, 0x00, 0x00, 0x00, 0x00, 0x00, 0xAF, 0xFA, 0x00, 0x00, 0x00, 0x00, 0x00, 0x00, 0x00, 0xAF,
    0xFA, 0x00, 0x00, 0x00, 0x00, 0x00, 0x00, 0x00, 0xAF, 0xFA, 0x00, 0x00, 0x00, 0x00, 0x00, 0x00,
    0x00, 0xAF, 0xFA, 0x00, 0x00, 0x00, 0x00, 0x00, 0x00, 0x00, 0xAF, 0xFA, 0x00, 0x00, 0x00, 0x00,
    0x00, 0x00, 0x00, 0xAF, 0xFA, 0x00, 0x00, 0x00, 0x00, 0x00, 0x00, 0x00, 0xAF, 0xFF, 0xFF, 0xFF,
    0xFF, 0xFF, 0xFF, 0xFF, 0x50, 0xAF, 0xFF, 0xFF, 0xFF, 0xFF, 0xFF, 0xFF, 0xFF, 0x50, 0xAF, 0xFF,
    0xFF, 0xFF, 0xFF, 0xFF, 0xFF, 0xFF, 0x50, 0x00, 0x00, 0x00, 0x00, 0x00, 0x06, 0xF9, 0x00, 0x00,
    0x00, 0x00, 0x00, 0x00, 0x00, 0x2F, 0xE1, 0x00, 0x00, 0x00, 0x00, 0x00, 0x00, 0x00, 0x9F, 0x90,
    0x00, 0x00, 0x00, 0x00, 0x00, 0x00, 0x00, 0xCF, 0x70, 0x00, 0x00, 0x00, 0x00, 0x00, 0x00, 0x00,
    0xBF, 0xD2, 0x16, 0x40, 0x00, 0x00, 0x00, 0x00, 0x00, 0x6F, 0xFF, 0xFF, 0x50, 0x00, 0x00, 0x00,
    0x00, 0x00, 0x07, 0xCF, 0xFD, 0x40, 0x00, 0x00, 0x01, 0x6A, 0xDE, 0xED, 0xA5, 0x00, 0x00, 0x00,
    0x00, 0x00, 0x5E, 0xFF, 0xFF, 0xFF, 0xFF, 0xD3, 0x00, 0x00, 0x00, 0x07, 0xFF, 0xFF, 0xFF, 0xFF,
    0xFF, 0xFE, 0x30, 0x00, 0x00, 0x5F, 0xFF, 0xB5, 0x20, 0x02, 0x7E, 0xFF, 0xD0, 0x00, 0x01, 0xEF,
    0xF6, 0x00, 0x00, 0x00, 0x02, 0xDF, 0xF6, 0x00, 0x06, 0xFF, 0xA0, 0x00, 0x00, 0x00, 0x00, 0x4F,
    0xFB, 0x00, 0x0B, 0xFF, 0x40, 0x00, 0x00, 0x00, 0x00, 0x0F, 0xFF, 0x00, 0x0E, 0xFF, 0xFF, 0xFF,
    0xFF, 0xFF, 0xFF, 0xFF, 0xFF, 0x10, 0x1F, 0xFF, 0xFF, 0xFF, 0xFF, 0xFF, 0xFF, 0xFF, 0xFF, 0x20,
    0x2F, 0xFF, 0xFF, 0xFF, 0xFF, 0xFF, 0xFF, 0xFF, 0xFF, 0x20, 0x1F, 0xFF, 0x20, 0x00, 0x00, 0x00,
    0x00, 0x00, 0x00, 0x00, 0x0F, 0xFF, 0x50, 0x00, 0x00, 0x00, 0x00, 0x00, 0x00, 0x00, 0x0B, 0xFF,
    0x90, 0x00, 0x00, 0x00, 0x00, 0x00, 0x00, 0x00, 0x07, 0xFF, 0xF3, 0x00, 0x00, 0x00, 0x00, 0x00,
    0x00, 0x00, 0x01, 0xEF, 0xFD, 0x30, 0x00, 0x00, 0x00, 0x01, 0x85, 0x00, 0x00, 0x5F, 0xFF, 0xF9,
    0x41, 0x01, 0x25, 0xAF, 0xF6, 0x00, 0x00, 0x07, 0xFF, 0xFF, 0xFF, 0xFF, 0xFF, 0xFF, 0xF6, 0x00,
    0x00, 0x00, 0x4D, 0xFF, 0xFF, 0xFF, 0xFF, 0xFE, 0x71, 0x00, 0x00, 0x00, 0x00, 0x59, 0xDE, 0xFE,
    0xC9, 0x50, 0x00, 0x00, 0x00, 0x00, 0x00, 0x00, 0x00, 0x00, 0xCF, 0x30, 0x00, 0x00, 0x00, 0x00,
    0x00, 0x00, 0x00, 0x07, 0xFA, 0x00, 0x00, 0x00, 0x00, 0x00, 0x00, 0x00, 0x00, 0x0E, 0xF3, 0x00,
    0x00, 0x00, 0x00, 0x00, 0x00, 0x00, 0x00, 0x3F, 0xF2, 0x00, 0x00, 0x00, 0x00, 0x00, 0x00, 0x00,
    0x00, 0x2F, 0xF8, 0x12, 0x90, 0x00, 0x00, 0x00, 0x00, 0x00, 0x00, 0x0C, 0xFF, 0xFF, 0xE0, 0x00,
    0x00, 0x00, 0x00, 0x00, 0x00, 0x02, 0xAE, 0xFE, 0xB0, 0x00, 0x00, 0x06, 0xFD, 0x20, 0x00, 0x8F,
    0xC1, 0x00, 0x00, 0x00, 0x00, 0x8F, 0xD2, 0x08, 0xFD, 0x20, 0x00, 0x00, 0x00, 0x00, 0x09, 0xFE,
    0x9F, 0xE3, 0x00, 0x00, 0x00, 0x00, 0x00, 0x00, 0xBF, 0xFF, 0x40, 0x00, 0x00, 0x00, 0x00, 0x00,
    0x00, 0x00, 0x00, 0x00, 0x00, 0x00, 0x00, 0x00, 0x00, 0x00, 0x00, 0x00, 0x00, 0x00, 0x00, 0x00,
    0xAF, 0xFF, 0xFF, 0xFF, 0xFF, 0xFF, 0xFF, 0xFF, 0x00, 0xAF, 0xFF, 0xFF, 0xFF, 0xFF, 0xFF, 0xFF,
    0xFF, 0x00, 0xAF, 0xFF, 0xFF, 0xFF, 0xFF, 0xFF, 0xFF, 0xFF, 0x00, 0xAF, 0xFA, 0x00, 0x00, 0x00,
    0x00, 0x00, 0x00, 0x00, 0xAF, 0xFA, 0x00, 0x00, 0x00, 0x00, 0x00, 0x00, 0x00, 0xAF, 0xFA, 0x00,
    0x00, 0x00, 0x00, 0x00, 0x00, 0x00, 0xAF, 0xFA, 0x00, 0x00, 0x00, 0x00, 0x00, 0x00, 0x00, 0xAF,
    0xFA, 0x00, 0x00, 0x00, 0x00, 0x00, 0x00, 0x00, 0xAF, 0xFA, 0x00, 0x00, 0x00, 0x00, 0x00, 0x00,
    0x00, 0xAF, 0xFA, 0x00, 0x00, 0x00, 0x00, 0x00, 0x00, 0x00, 0xAF, 0xFF, 0xFF, 0xFF, 0xFF, 0xFF,
    0xFF, 0xF8, 0x00, 0xAF, 0xFF, 0xFF, 0xFF, 0xFF, 0xFF, 0xFF, 0xF8, 0x00, 0xAF, 0xFF, 0xFF, 0xFF,
    0xFF, 0xFF, 0xFF, 0xF8, 0x00, 0xAF, 0xFA, 0x00, 0x00, 0x00, 0x00, 0x00, 0x00, 0x00, 0xAF, 0xFA,
    0x00, 0x00, 0x00, 0x00, 0x00, 0x00, 0x00, 0xAF, 0xFA, 0x00, 0x00, 0x00, 0x00, 0x00, 0x00, 0x00,
    0xAF, 0xFA, 0x00, 0x00, 0x00, 0x00, 0x00, 0x00, 0x00, 0xAF, 0xFA, 0x00, 0x00, 0x00, 0x00, 0x00,
    0x00, 0x00, 0xAF, 0xFA, 0x00, 0x00, 0x00, 0x00, 0x00, 0x00, 0x00, 0xAF, 0xFA, 0x00, 0x00, 0x00,
    0x00, 0x00, 0x00, 0x00, 0xAF, 0xFA, 0x00, 0x00, 0x00, 0x00, 0x00, 0x00, 0x00, 0xAF, 0xFA, 0x00,
    0x00, 0x00, 0x00, 0x00, 0x00, 0x00, 0xAF, 0xFF, 0xFF, 0xFF, 0xFF, 0xFF, 0xFF, 0xFF, 0x50, 0xAF,
    0xFF, 0xFF, 0xFF, 0xFF, 0xFF, 0xFF, 0xFF, 0x50, 0xAF, 0xFF, 0xFF, 0xFF, 0xFF, 0xFF, 0xFF, 0xFF,
    0x50, 0x00, 0x00, 0x1E, 0xF5, 0x00, 0x00, 0x7F, 0xD1, 0x00, 0x00, 0x00, 0x00, 0x05, 0xFE, 0x20,
    0x03, 0xFF, 0x40, 0x00, 0x00, 0x00, 0x00, 0x00, 0xAF, 0xD1, 0x1D, 0xF8, 0x00, 0x00, 0x00, 0x00,
    0x00, 0x00, 0x1E, 0xFA, 0xBF, 0xD0, 0x00, 0x00, 0x00, 0x00, 0x00, 0x00, 0x04, 0xFF, 0xFF, 0x30,
    0x00, 0x00, 0x00, 0x00, 0x00, 0x00, 0x00, 0x9F, 0xF8, 0x00, 0x00, 0x00, 0x00, 0x00, 0x00, 0x00,
    0x00, 0x00, 0x00, 0x00, 0x00, 0x00, 0x00, 0x00, 0x00, 0x00, 0x00, 0x00, 0x00, 0x00, 0x00, 0x00,
    0x00, 0x00, 0x00, 0x01, 0x6A, 0xDE, 0xED, 0xA5, 0x00, 0x00, 0x00, 0x00, 0x00, 0x5E, 0xFF, 0xFF,
    0xFF, 0xFF, 0xD3, 0x00, 0x00, 0x00, 0x07, 0xFF, 0xFF, 0xFF, 0xFF, 0xFF, 0xFE, 0x30, 0x00, 0x00,
    0x5F, 0xFF, 0xB5, 0x20, 0x02, 0x7E, 0xFF, 0xD0, 0x00, 0x01, 0xEF, 0xF6, 0x00, 0x00, 0x00, 0x02,
    0xDF, 0xF6, 0x00, 0x06, 0xFF, 0xA0, 0x00, 0x00, 0x00, 0x00, 0x4F, 0xFB, 0x00, 0x0B, 0xFF, 0x40,
    0x00, 0x00, 0x00, 0x00, 0x0F, 0xFF, 0x00, 0x0E, 0xFF, 0xFF, 0xFF, 0xFF, 0xFF, 0xFF, 0xFF, 0xFF,
    0x10, 0x1F, 0xFF, 0xFF, 0xFF, 0xFF, 0xFF, 0xFF, 0xFF, 0xFF, 0x20, 0x2F, 0xFF, 0xFF, 0xFF, 0xFF,
    0xFF, 0xFF, 0xFF, 0xFF, 0x20, 0x1F, 0xFF, 0x20, 0x00, 0x00, 0x00, 0x00, 0x00, 0x00, 0x00, 0x0F,
    0xFF, 0x50, 0x00, 0x00, 0x00, 0x00, 0x00, 0x00, 0x00, 0x0B, 0xFF, 0x90, 0x00, 0x00, 0x00, 0x00,
    0x00, 0x00, 0x00, 0x07, 0xFF, 0xF3, 0x00, 0x00, 0x00, 0x00, 0x00, 0x00, 0x00, 0x01, 0xEF, 0xFD,
    0x30, 0x00, 0x00, 0x00, 0x01, 0x85, 0x00, 0x00, 0x5F, 0xFF, 0xF9, 0x41, 0x01, 0x25, 0xAF, 0xF6,
    0x00, 0x00, 0x07, 0xFF, 0xFF, 0xFF, 0xFF, 0xFF, 0xFF, 0xF6, 0x00, 0x00, 0x00, 0x4D, 0xFF, 0xFF,
    0xFF, 0xFF, 0xFE, 0x71, 0x00, 0x00, 0x00, 0x00, 0x59, 0xDE, 0xFE, 0xC9, 0x50, 0x00, 0x00, 0x00,
    0x00, 0x00, 0x00, 0x00, 0x0B, 0xFF, 0xF4, 0x00, 0x00, 0x00, 0x00, 0x00, 0x00, 0x00, 0x00, 0x00,
    0x9F, 0xE9, 0xFE, 0x30, 0x00, 0x00, 0x00, 0x00, 0x00, 0x00, 0x00, 0x07, 0xFE, 0x30, 0x8F, 0xE2,
    0x00, 0x00, 0x00, 0x00, 0x00, 0x00, 0x00, 0x5F, 0xD2, 0x00, 0x07, 0xFD, 0x10, 0x00, 0x00, 0x00,
    0x00, 0x00, 0x00, 0x00, 0x00, 0x00, 0x00, 0x00, 0x00, 0x00, 0x00, 0x00, 0x00, 0x00, 0x00, 0x00,
    0x00, 0x00, 0x00, 0x00, 0x00, 0x00, 0x00, 0x00, 0x00, 0x00, 0x00, 0x48, 0xBD, 0xEF, 0xED, 0xB8,
    0x41, 0x00, 0x00, 0x00, 0x00, 0x00, 0x6D, 0xFF, 0xFF, 0xFF, 0xFF, 0xFF, 0xFF, 0x93, 0x00, 0x00,
    0x00, 0x1B, 0xFF, 0xFF, 0xFF, 0xFF, 0xFF, 0xFF, 0xFF, 0xFE, 0x00, 0x00, 0x01, 0xDF, 0xFF, 0xFA,
    0x62, 0x10, 0x13, 0x6A, 0xEF, 0xFE, 0x00, 0x00, 0x0B, 0xFF, 0xFB, 0x20, 0x00, 0x00, 0x00, 0x00,
    0x17, 0xEE, 0x00, 0x00, 0x7F, 0xFF, 0xA0, 0x00, 0x00, 0x00, 0x00, 0x00, 0x00, 0x29, 0x00, 0x00,
    0xDF, 0xFD, 0x10, 0x00, 0x00, 0x00, 0x00, 0x00, 0x00, 0x00, 0x00, 0x05, 0xFF, 0xF6, 0x00, 0x00,
    0x00, 0x00, 0x00, 0x00, 0x00, 0x00, 0x00, 0x09, 0xFF, 0xF1, 0x00, 0x00, 0x00, 0x00, 0x00, 0x00,
    0x00, 0x00, 0x00, 0x0C, 0xFF, 0xC0, 0x00, 0x00, 0x00, 0x00, 0x00, 0x00, 0x00, 0x00, 0x00, 0x0E,
    0xFF, 0x90, 0x00, 0x00, 0x00, 0x00, 0x00, 0x00, 0x00, 0x00, 0x00, 0x0F, 0xFF, 0x80, 0x00, 0x00,
    0x00, 0x04, 0xFF, 0xFF, 0xFF, 0xFF, 0x80, 0x1F, 0xFF, 0x70, 0x00, 0x00, 0x00, 0x04, 0xFF, 0xFF,
    0xFF, 0xFF, 0x80, 0x0F, 0xFF, 0x80, 0x00, 0x00, 0x00, 0x04, 0xFF, 0xFF, 0xFF, 0xFF, 0x80, 0x0E,
    0xFF, 0x90, 0x00, 0x00, 0x00, 0x00, 0x00, 0x00, 0x0C, 0xFF, 0x80, 0x0D, 0xFF, 0xC0, 0x00, 0x00,
    0x00, 0x00, 0x00, 0x00, 0x0C, 0xFF, 0x80, 0x09, 0xFF, 0xF1, 0x00, 0x00, 0x00, 0x00, 0x00, 0x00,
    0x0C, 0xFF, 0x80, 0x05, 0xFF, 0xF6, 0x00, 0x00, 0x00, 0x00, 0x00, 0x00, 0x0C, 0xFF, 0x80, 0x00,
    0xDF, 0xFD, 0x10, 0x00, 0x00, 0x00, 0x00, 0x00, 0x0C, 0xFF, 0x80, 0x00, 0x7F, 0xFF, 0xA0, 0x00,
    0x00, 0x00, 0x00, 0x00, 0x0C, 0xFF, 0x80, 0x00, 0x0B, 0xFF, 0xFB, 0x20, 0x00, 0x00, 0x00, 0x00,
    0x0C, 0xFF, 0x80, 0x00, 0x01, 0xDF, 0xFF, 0xFA, 0x62, 0x10, 0x12, 0x48, 0xEF, 0xFF, 0x80, 0x00,
    0x00, 0x1B, 0xFF, 0xFF, 0xFF, 0xFF, 0xFF, 0xFF, 0xFF, 0xFA, 0x10, 0x00, 0x00, 0x00, 0x6D, 0xFF,
    0xFF, 0xFF, 0xFF, 0xFF, 0xFB, 0x40, 0x00, 0x00, 0x00, 0x00, 0x00, 0x48, 0xCD, 0xEF, 0xED, 0xA6,
    0x20, 0x00, 0x00, 0x00, 0x00, 0x00, 0x05, 0xFF, 0xC0, 0x00, 0x00, 0x00, 0x00, 0x00, 0x00, 0x1E,
    0xFF, 0xF7, 0x00, 0x00, 0x00, 0x00, 0x00, 0x00, 0xAF, 0xD8, 0xFF, 0x30, 0x00, 0x00, 0x00, 0x00,
    0x06, 0xFF, 0x30, 0xAF, 0xC0, 0x00, 0x00, 0x00, 0x00, 0x2E, 0xF6, 0x00, 0x1D, 0xF8, 0x00, 0x00,
    0x00, 0x00, 0xBF, 0x90, 0x00, 0x03, 0xFF, 0x30, 0x00, 0x00, 0x00, 0x00, 0x00, 0x00, 0x00, 0x00,
    0x00, 0x00, 0x00, 0x00, 0x00, 0x00, 0x00, 0x00, 0x00, 0x00, 0x00, 0x00, 0x00, 0x05, 0xBE, 0xFD,
    0xB6, 0x10, 0x8F, 0xF8, 0x00, 0x01, 0xCF, 0xFF, 0xFF, 0xFF, 0xD3, 0x8F, 0xF8, 0x00, 0x1D, 0xFF,
    0xFF, 0xFF, 0xFF, 0xFE, 0xAF, 0xF8, 0x00, 0x9F, 0xFF, 0xB4, 0x10, 0x27, 0xEF, 0xFF, 0xF8, 0x02,
    0xFF, 0xF9, 0x00, 0x00, 0x00, 0x3E, 0xFF, 0xF8, 0x08, 0xFF, 0xD0, 0x00, 0x00, 0x00, 0x07, 0xFF,
    0xF8, 0x0C, 0xFF, 0x70, 0x00, 0x00, 0x00, 0x01, 0xEF, 0xF8, 0x0F, 0xFF, 0x30, 0x00, 0x00, 0x00,
    0x00, 0xBF, 0xF8, 0x1F, 0xFF, 0x10, 0x00, 0x00, 0x00, 0x00, 0x9F, 0xF8, 0x2F, 0xFF, 0x10, 0x00,
    0x00, 0x00, 0x00, 0x9F, 0xF8, 0x1F, 0xFF, 0x10, 0x00, 0x00, 0x00, 0x00, 0x9F, 0xF8, 0x0F, 0xFF,
    0x30, 0x00, 0x00, 0x00, 0x00, 0xBF, 0xF8, 0x0C, 0xFF, 0x70, 0x00, 0x00, 0x00, 0x01, 0xEF, 0xF8,
    0x08, 0xFF, 0xD0, 0x00, 0x00, 0x00, 0x07, 0xFF, 0xF8, 0x02, 0xFF, 0xF9, 0x00, 0x00, 0x00, 0x3E,
    0xFF, 0xF8, 0x00, 0x9F, 0xFF, 0xB4, 0x10, 0x27, 0xEF, 0xFF, 0xF8, 0x00, 0x1D, 0xFF, 0xFF, 0xFF,
    0xFF, 0xFE, 0xAF, 0xF7, 0x00, 0x01, 0xCF, 0xFF, 0xFF, 0xFF, 0xD3, 0x9F, 0xF6, 0x00, 0x00, 0x05,
    0xBE, 0xFE, 0xB6, 0x10, 0xAF, 0xF5, 0x00, 0x00, 0x00, 0x00, 0x00, 0x00, 0x00, 0xEF, 0xF3, 0x00,
    0x00, 0x00, 0x00, 0x00, 0x00, 0x05, 0xFF, 0xE0, 0x00, 0x00, 0x00, 0x00, 0x00, 0x00, 0x3E, 0xFF,
    0x90, 0x00, 0x0B, 0x85, 0x31, 0x01, 0x49, 0xFF, 0xFF, 0x20, 0x00, 0x0D, 0xFF, 0xFF, 0xFF, 0xFF,
    0xFF, 0xF6, 0x00, 0x00, 0x0D, 0xFF, 0xFF, 0xFF, 0xFF, 0xFE, 0x60, 0x00, 0x00, 0x02, 0x7A, 0xCD,
    0xFE, 0xDB, 0x71, 0x00, 0x00, 0x00, 0x00, 0x00, 0x0E, 0xF3, 0x00, 0x00, 0x0C, 0xF5, 0x00, 0x00,
    0x00, 0x00, 0x00, 0x00, 0x09, 0xFD, 0x51, 0x03, 0xAF, 0xE1, 0x00, 0x00, 0x00, 0x00, 0x00, 0x00,
    0x02, 0xDF, 0xFF, 0xFF, 0xFF, 0x60, 0x00, 0x00, 0x00, 0x00, 0x00, 0x00, 0x00, 0x18, 0xCE, 0xFD,
    0xA3, 0x00, 0x00, 0x00, 0x00, 0x00, 0x00, 0x00, 0x00, 0x00, 0x00, 0x00, 0x00, 0x00, 0x00, 0x00,
    0x00, 0x00, 0x00, 0x00, 0x00, 0x00, 0x00, 0x00, 0x00, 0x00, 0x00, 0x00, 0x00, 0x00, 0x00, 0x00,
    0x00, 0x48, 0xBD, 0xEF, 0xED, 0xB8, 0x41, 0x00, 0x00, 0x00, 0x00, 0x00, 0x6D, 0xFF, 0xFF, 0xFF,
    0xFF, 0xFF, 0xFF, 0x93, 0x00, 0x00, 0x00, 0x1B, 0xFF, 0xFF, 0xFF, 0xFF, 0xFF, 0xFF, 0xFF, 0xFE,
    0x00, 0x00, 0x01, 0xDF, 0xFF, 0xFA, 0x62, 0x10, 0x13, 0x6A, 0xEF, 0xFE, 0x00, 0x00, 0x0B, 0xFF,
    0xFB, 0x20, 0x00, 0x00, 0x00, 0x00, 0x17, 0xEE, 0x00, 0x00, 0x7F, 0xFF, 0xA0, 0x00, 0x00, 0x00,
    0x00, 0x00, 0x00, 0x29, 0x00, 0x00, 0xDF, 0xFD, 0x10, 0x00, 0x00, 0x00, 0x00, 0x00, 0x00, 0x00,
    0x00, 0x05, 0xFF, 0xF6, 0x00, 0x00, 0x00, 0x00, 0x00, 0x00, 0x00, 0x00, 0x00, 0x09, 0xFF, 0xF1,
    0x00, 0x00, 0x00, 0x00, 0x00, 0x00, 0x00, 0x00, 0x00, 0x0C, 0xFF, 0xC0, 0x00, 0x00, 0x00, 0x00,
    0x00, 0x00, 0x00, 0x00, 0x00, 0x0E, 0xFF, 0x90, 0x00, 0x00, 0x00, 0x00, 0x00, 0x00, 0x00, 0x00,
    0x00, 0x0F, 0xFF, 0x80, 0x00, 0x00, 0x00, 0x04, 0xFF, 0xFF, 0xFF, 0xFF, 0x80, 0x1F, 0xFF, 0x70,
    0x00, 0x00, 0x00, 0x04, 0xFF, 0xFF, 0xFF, 0xFF, 0x80, 0x0F, 0xFF, 0x80, 0x00, 0x00, 0x00, 0x04,
    0xFF, 0xFF, 0xFF, 0xFF, 0x80, 0x0E, 0xFF, 0x90, 0x00, 0x00, 0x00, 0x00, 0x00, 0x00, 0x0C, 0xFF,
    0x80, 0x0D, 0xFF, 0xC0, 0x00, 0x00, 0x00, 0x00, 0x00, 0x00, 0x0C, 0xFF, 0x80, 0x09, 0xFF, 0xF1,
    0x00, 0x00, 0x00, 0x00, 0x00, 0x00, 0x0C, 0xFF, 0x80, 0x05, 0xFF, 0xF6, 0x00, 0x00, 0x00, 0x00,
    0x00, 0x00, 0x0C, 0xFF, 0x80, 0x00, 0xDF, 0xFD, 0x10, 0x00, 0x00, 0x00, 0x00, 0x00, 0x0C, 0xFF,
    0x80, 0x00, 0x7F, 0xFF, 0xA0, 0x00, 0x00, 0x00, 0x00, 0x00, 0x0C, 0xFF, 0x80, 0x00, 0x0B, 0xFF,
    0xFB, 0x20, 0x00, 0x00, 0x00, 0x00, 0x0C, 0xFF, 0x80, 0x00, 0x01, 0xDF, 0xFF, 0xFA, 0x62, 0x10,
    0x12, 0x48, 0xEF, 0xFF, 0x80, 0x00, 0x00, 0x1B, 0xFF, 0xFF, 0xFF, 0xFF, 0xFF, 0xFF, 0xFF, 0xFA,
    0x10, 0x00, 0x00, 0x00, 0x6D, 0xFF, 0xFF, 0xFF, 0xFF, 0xFF, 0xFB, 0x40, 0x00, 0x00, 0x00, 0x00,
    0x00, 0x48, 0xCD, 0xEF, 0xED, 0xA6, 0x20, 0x00, 0x00, 0x00, 0x00, 0x5F, 0xC0, 0x00, 0x00, 0x2F,
    0xE0, 0x00, 0x00, 0x00, 0x2F, 0xF9, 0x30, 0x14, 0xDF, 0xB0, 0x00, 0x00, 0x00, 0x0C, 0xFF, 0xFF,
    0xFF, 0xFF, 0x60, 0x00, 0x00, 0x00, 0x03, 0xEF, 0xFF, 0xFF, 0xFB, 0x00, 0x00, 0x00, 0x00, 0x00,
    0x29, 0xDF, 0xEC, 0x60, 0x00, 0x00, 0x00, 0x00, 0x00, 0x00, 0x00, 0x00, 0x00, 0x00, 0x00, 0x00,
    0x00, 0x00, 0x00, 0x00, 0x00, 0x00, 0x00, 0x00, 0x00, 0x00, 0x00, 0x00, 0x00, 0x00, 0x00, 0x00,
    0x00, 0x00, 0x00, 0x05, 0xBE, 0xFD, 0xB6, 0x10, 0x8F, 0xF8, 0x00, 0x01, 0xCF, 0xFF, 0xFF, 0xFF,
    0xD3, 0x8F, 0xF8, 0x00, 0x1D, 0xFF, 0xFF, 0xFF, 0xFF, 0xFE, 0xAF, 0xF8, 0x00, 0x9F, 0xFF, 0xB4,
    0x10, 0x27, 0xEF, 0xFF, 0xF8, 0x02, 0xFF, 0xF9, 0x00, 0x00, 0x00, 0x3E, 0xFF, 0xF8, 0x08, 0xFF,
    0xD0, 0x00, 0x00, 0x00, 0x07, 0xFF, 0xF8, 0x0C, 0xFF, 0x70, 0x00, 0x00, 0x00, 0x01, 0xEF, 0xF8,
    0x0F, 0xFF, 0x30, 0x00, 0x00, 0x00, 0x00, 0xBF, 0xF8, 0x1F, 0xFF, 0x10, 0x00, 0x00, 0x00, 0x00,
    0x9F, 0xF8, 0x2F, 0xFF, 0x10, 0x00, 0x00, 0x00, 0x00, 0x9F, 0xF8, 0x1F, 0xFF, 0x10, 0x00, 0x00,
    0x00, 0x00, 0x9F, 0xF8, 0x0F, 0xFF, 0x30, 0x00, 0x00, 0x00, 0x00, 0xBF, 0xF8, 0x0C, 0xFF, 0x70,
    0x00, 0x00, 0x00, 0x01, 0xEF, 0xF8, 0x08, 0xFF, 0xD0, 0x00, 0x00, 0x00, 0x07, 0xFF, 0xF8, 0x02,
    0xFF, 0xF9, 0x00, 0x00, 0x00, 0x3E, 0xFF, 0xF8, 0x00, 0x9F, 0xFF, 0xB4, 0x10, 0x27, 0xEF, 0xFF,
    0xF8, 0x00, 0x1D, 0xFF, 0xFF, 0xFF, 0xFF, 0xFE, 0xAF, 0xF7, 0x00, 0x01, 0xCF, 0xFF, 0xFF, 0xFF,
    0xD3, 0x9F, 0xF6, 0x00, 0x00, 0x05, 0xBE, 0xFE, 0xB6, 0x10, 0xAF, 0xF5, 0x00, 0x00, 0x00, 0x00,
    0x00, 0x00, 0x00, 0xEF, 0xF3, 0x00, 0x00, 0x00, 0x00, 0x00, 0x00, 0x05, 0xFF, 0xE0, 0x00, 0x00,
    0x00, 0x00, 0x00, 0x00, 0x3E, 0xFF, 0x90, 0x00, 0x0B, 0x85, 0x31, 0x01, 0x49, 0xFF, 0xFF, 0x20,
    0x00, 0x0D, 0xFF, 0xFF, 0xFF, 0xFF, 0xFF, 0xF6, 0x00, 0x00, 0x0D, 0xFF, 0xFF, 0xFF, 0xFF, 0xFE,
    0x60, 0x00, 0x00, 0x02, 0x7A, 0xCD, 0xFE, 0xDB, 0x71, 0x00, 0x00, 0x00, 0x00, 0x00, 0x00, 0x00,
    0x06, 0xFF, 0xF0, 0x00, 0x00, 0x00, 0x00, 0x00, 0x00, 0x00, 0x00, 0x00, 0x06, 0xFF, 0xF0, 0x00,
    0x00, 0x00, 0x00, 0x00, 0x00, 0x00, 0x00, 0x00, 0x06, 0xFF, 0xF0, 0x00, 0x00, 0x00, 0x00, 0x00,
    0x00, 0x00, 0x00, 0x00, 0x00, 0x00, 0x00, 0x00, 0x00, 0x00, 0x00, 0x00, 0x00, 0x00, 0x00, 0x00,
    0x00, 0x00, 0x00, 0x00, 0x00, 0x00, 0x00, 0x00, 0x00, 0x00, 0x00, 0x48, 0xBD, 0xEF, 0xED, 0xB8,
    0x41, 0x00, 0x00, 0x00, 0x00, 0x00, 0x6D, 0xFF, 0xFF, 0xFF, 0xFF, 0xFF, 0xFF, 0x93, 0x00, 0x00,
    0x00, 0x1B, 0xFF, 0xFF, 0xFF, 0xFF, 0xFF, 0xFF, 0xFF, 0xFE, 0x00, 0x00, 0x01, 0xDF, 0xFF, 0xFA,
    0x62, 0x10, 0x13, 0x6A, 0xEF, 0xFE, 0x00, 0x00, 0x0B, 0xFF, 0xFB, 0x20, 0x00, 0x00, 0x00, 0x00,
    0x17, 0xEE, 0x00, 0x00, 0x7F, 0xFF, 0xA0, 0x00, 0x00, 0x00, 0x00, 0x00, 0x00, 0x29, 0x00, 0x00,
    0xDF, 0xFD, 0x10, 0x00, 0x00, 0x00, 0x00, 0x00, 0x00, 0x00, 0x00, 0x05, 0xFF, 0xF6, 0x00, 0x00,
    0x00, 0x00, 0x00, 0x00, 0x00, 0x00, 0x00, 0x09, 0xFF, 0xF1, 0x00, 0x00, 0x00, 0x00, 0x00, 0x00,
    0x00, 0x00, 0x00, 0x0C, 0xFF, 0xC0, 0x00, 0x00, 0x00, 0x00, 0x00, 0x00, 0x00, 0x00, 0x00, 0x0E,
    0xFF, 0x90, 0x00, 0x00, 0x00, 0x00, 0x00, 0x00, 0x00, 0x00, 0x00, 0x0F, 0xFF, 0x80, 0x00, 0x00,
    0x00, 0x04, 0xFF, 0xFF, 0xFF, 0xFF, 0x80, 0x1F, 0xFF, 0x70, 0x00, 0x00, 0x00, 0x04, 0xFF, 0xFF,
    0xFF, 0xFF, 0x80, 0x0F, 0xFF, 0x80, 0x00, 0x00, 0x00, 0x04, 0xFF, 0xFF, 0xFF, 0xFF, 0x80, 0x0E,
    0xFF, 0x90, 0x00, 0x00, 0x00, 0x00, 0x00, 0x00, 0x0C, 0xFF, 0x80, 0x0D, 0xFF, 0xC0, 0x00, 0x00,
    0x00, 0x00, 0x00, 0x00, 0x0C, 0xFF, 0x80, 0x09, 0xFF, 0xF1, 0x00, 0x00, 0x00, 0x00, 0x00, 0x00,
    0x0C, 0xFF, 0x80, 0x05, 0xFF, 0xF6, 0x00, 0x00, 0x00, 0x00, 0x00, 0x00, 0x0C, 0xFF, 0x80, 0x00,
    0xDF, 0xFD, 0x10, 0x00, 0x00, 0x00, 0x00, 0x00, 0x0C, 0xFF, 0x80, 0x00, 0x7F, 0xFF, 0xA0, 0x00,
    0x00, 0x00, 0x00, 0x00, 0x0C, 0xFF, 0x80, 0x00, 0x0B, 0xFF, 0xFB, 0x20, 0x00, 0x00, 0x00, 0x00,
    0x0C, 0xFF, 0x80, 0x00, 0x01, 0xDF, 0xFF, 0xFA, 0x62, 0x10, 0x12, 0x48, 0xEF, 0xFF, 0x80, 0x00,
    0x00, 0x1B, 0xFF, 0xFF, 0xFF, 0xFF, 0xFF, 0xFF, 0xFF, 0xFA, 0x10, 0x00, 0x00, 0x00, 0x6D, 0xFF,
    0xFF, 0xFF, 0xFF, 0xFF, 0xFB, 0x40, 0x00, 0x00, 0x00, 0x00, 0x00, 0x48, 0xCD, 0xEF, 0xED, 0xA6,
    0x20, 0x00, 0x00, 0x00, 0x00, 0x00, 0x04, 0xFF, 0xC0, 0x00, 0x00, 0x00, 0x00, 0x00, 0x00, 0x04,
    0xFF, 0xC0, 0x00, 0x00, 0x00, 0x00, 0x00, 0x00, 0x04, 0xFF, 0xC0, 0x00, 0x00, 0x00, 0x00, 0x00,
    0x00, 0x04, 0xFF, 0xC0, 0x00, 0x00, 0x00, 0x00, 0x00, 0x00, 0x00, 0x00, 0x00, 0x00, 0x00, 0x00,
    0x00, 0x00, 0x00, 0x00, 0x00, 0x00, 0x00, 0x00, 0x00, 0x00, 0x00, 0x00, 0x00, 0x00, 0x00, 0x00,
    0x00, 0x00, 0x00, 0x00, 0x05, 0xBE, 0xFD, 0xB6, 0x10, 0x8F, 0xF8, 0x00, 0x01, 0xCF, 0xFF, 0xFF,
    0xFF, 0xD3, 0x8F, 0xF8, 0x00, 0x1D, 0xFF, 0xFF, 0xFF, 0xFF, 0xFE, 0xAF, 0xF8, 0x00, 0x9F, 0xFF,
    0xB4, 0x10, 0x27, 0xEF, 0xFF, 0xF8, 0x02, 0xFF, 0xF9, 0x00, 0x00, 0x00, 0x3E, 0xFF, 0xF8, 0x08,
    0xFF, 0xD0, 0x00, 0x00, 0x00, 0x07, 0xFF, 0xF8, 0x0C, 0xFF, 0x70, 0x00, 0x00, 0x00, 0x01, 0xEF,
    0xF8, 0x0F, 0xFF, 0x30, 0x00, 0x00, 0x00, 0x00, 0xBF, 0xF8, 0x1F, 0xFF, 0x10, 0x00, 0x00, 0x00,
    0x00, 0x9F, 0xF8, 0x2F, 0xFF, 0x10, 0x00, 0x00, 0x00, 0x00, 0x9F, 0xF8, 0x1F, 0xFF, 0x10, 0x00,
    0x00, 0x00, 0x00, 0x9F, 0xF8, 0x0F, 0xFF, 0x30, 0x00, 0x00, 0x00, 0x00, 0xBF, 0xF8, 0x0C, 0xFF,
    0x70, 0x00, 0x00, 0x00, 0x01, 0xEF, 0xF8, 0x08, 0xFF, 0xD0, 0x00, 0x00, 0x00, 0x07, 0xFF, 0xF8,
    0x02, 0xFF, 0xF9, 0x00, 0x00, 0x00, 0x3E, 0xFF, 0xF8, 0x00, 0x9F, 0xFF, 0xB4, 0x10, 0x27, 0xEF,
    0xFF, 0xF8, 0x00, 0x1D, 0xFF, 0xFF, 0xFF, 0xFF, 0xFE, 0xAF, 0xF7, 0x00, 0x01, 0xCF, 0xFF, 0xFF,
    0xFF, 0xD3, 0x9F, 0xF6, 0x00, 0x00, 0x05, 0xBE, 0xFE, 0xB6, 0x10, 0xAF, 0xF5, 0x00, 0x00, 0x00,
    0x00, 0x00, 0x00, 0x00, 0xEF, 0xF3, 0x00, 0x00, 0x00, 0x00, 0x00, 0x00, 0x05, 0xFF, 0xE0, 0x00,
    0x00, 0x00, 0x00, 0x00, 0x00, 0x3E, 0xFF, 0x90, 0x00, 0x0B, 0x85, 0x31, 0x01, 0x49, 0xFF, 0xFF,
    0x20, 0x00, 0x0D, 0xFF, 0xFF, 0xFF, 0xFF, 0xFF, 0xF6, 0x00, 0x00, 0x0D, 0xFF, 0xFF, 0xFF, 0xFF,
    0xFE, 0x60, 0x00, 0x00, 0x02, 0x7A, 0xCD, 0xFE, 0xDB, 0x71, 0x00, 0x00, 0x00, 0x00, 0x00, 0x00,
    0x48, 0xBD, 0xEF, 0xED, 0xB8, 0x41, 0x00, 0x00, 0x00, 0x00, 0x00, 0x6D, 0xFF, 0xFF, 0xFF, 0xFF,
    0xFF, 0xFF, 0x93, 0x00, 0x00, 0x00, 0x1B, 0xFF, 0xFF, 0xFF, 0xFF, 0xFF, 0xFF, 0xFF, 0xFE, 0x00,
    0x00, 0x01, 0xDF, 0xFF, 0xFA, 0x62, 0x10, 0x13, 0x6A, 0xEF, 0xFE, 0x00, 0x00, 0x0B, 0xFF, 0xFB,
    0x20, 0x00, 0x00, 0x00, 0x00, 0x17, 0xEE, 0x00, 0x00, 0x7F, 0xFF, 0xA0, 0x00, 0x00, 0x00, 0x00,
    0x00, 0x00, 0x29, 0x00, 0x00, 0xDF, 0xFD, 0x10, 0x00, 0x00, 0x00, 0x00, 0x00, 0x00, 0x00, 0x00,
    0x05, 0xFF, 0xF6, 0x00, 0x00, 0x00, 0x00, 0x00, 0x00, 0x00, 0x00, 0x00, 0x09, 0xFF, 0xF1, 0x00,
    0x00, 0x00, 0x00, 0x00, 0x00, 0x00, 0x00, 0x00, 0x0C, 0xFF, 0xC0, 0x00, 0x00, 0x00, 0x00, 0x00,
    0x00, 0x00, 0x00, 0x00, 0x0E, 0xFF, 0x90, 0x00, 0x00, 0x00, 0x00, 0x00, 0x00, 0x00, 0x00, 0x00,
    0x0F, 0xFF, 0x80, 0x00, 0x00, 0x00, 0x04, 0xFF, 0xFF, 0xFF, 0xFF, 0x80, 0x1F, 0xFF, 0x70, 0x00,
    0x00, 0x00, 0x04, 0xFF, 0xFF, 0xFF, 0xFF, 0x80, 0x0F, 0xFF, 0x80, 0x00, 0x00, 0x00, 0x04, 0xFF,
    0xFF, 0xFF, 0xFF, 0x80, 0x0E, 0xFF, 0x90, 0x00, 0x00, 0x00, 0x00, 0x00, 0x00, 0x0C, 0xFF, 0x80,
    0x0D, 0xFF, 0xC0, 0x00, 0x00, 0x00, 0x00, 0x00, 0x00, 0x0C, 0xFF, 0x80, 0x09, 0xFF, 0xF1, 0x00,
    0x00, 0x00, 0x00, 0x00, 0x00, 0x0C, 0xFF, 0x80, 0x05, 0xFF, 0xF6, 0x00, 0x00, 0x00, 0x00, 0x00,
    0x00, 0x0C, 0xFF, 0x80, 0x00, 0xDF, 0xFD, 0x10, 0x00, 0x00, 0x00, 0x00, 0x00, 0x0C, 0xFF, 0x80,
    0x00, 0x7F, 0xFF, 0xA0, 0x00, 0x00, 0x00, 0x00, 0x00, 0x0C, 0xFF, 0x80, 0x00, 0x0B, 0xFF, 0xFB,
    0x20, 0x00, 0x00, 0x00, 0x00, 0x0C, 0xFF, 0x80, 0x00, 0x01, 0xDF, 0xFF, 0xFA, 0x62, 0x10, 0x12,
    0x48, 0xEF, 0xFF, 0x80, 0x00, 0x00, 0x1B, 0xFF, 0xFF, 0xFF, 0xFF, 0xFF, 0xFF, 0xFF, 0xFA, 0x10,
    0x00, 0x00, 0x00, 0x6D, 0xFF, 0xFF, 0xFF, 0xFF, 0xFF, 0xFB, 0x40, 0x00, 0x00, 0x00, 0x00, 0x00,
    0x48, 0xCD, 0xEF, 0xED, 0xA6, 0x20, 0x00, 0x00, 0x00, 0x00, 0x00, 0x00, 0x00, 0x00, 0x00, 0x00,
    0x00, 0x00, 0x00, 0x00, 0x00, 0x00, 0x00, 0x00, 0x00, 0x00, 0x00, 0x00, 0x00, 0x00, 0x00, 0x00,
    0x00, 0x00, 0x00, 0x00, 0x00, 0x00, 0x00, 0x00, 0x00, 0x00, 0x00, 0x00, 0x00, 0x00, 0x00, 0x00,
    0x00, 0x00, 0xEF, 0xF6, 0x00, 0x00, 0x00, 0x00, 0x00, 0x00, 0x00, 0x00, 0x00, 0x03, 0xFF, 0xD0,
    0x00, 0x00, 0x00, 0x00, 0x00, 0x00, 0x00, 0x00, 0x00, 0x07, 0xFF, 0x50, 0x00, 0x00, 0x00, 0x00,
    0x00, 0x00, 0x00, 0x00, 0x00, 0x0C, 0xFC, 0x00, 0x00, 0x00, 0x00, 0x00, 0x00, 0x00, 0x00, 0x00,
    0x00, 0x1F, 0xF4, 0x00, 0x00, 0x00, 0x00, 0x00, 0x00, 0x00, 0x00, 0x00, 0x02, 0xEF, 0x30, 0x00,
    0x00, 0x00, 0x00, 0x00, 0x00, 0x09, 0xFE, 0x00, 0x00, 0x00, 0x00, 0x00, 0x00, 0x00, 0x3F, 0xFA,
    0x00, 0x00, 0x00, 0x00, 0x00, 0x00, 0x00, 0xBF, 0xF6, 0x00, 0x00, 0x00, 0x00, 0x00, 0x00, 0x04,
    0xFF, 0xF2, 0x00, 0x00, 0x00, 0x00, 0x00, 0x00, 0x00, 0x00, 0x00, 0x00, 0x00, 0x00, 0x00, 0x00,
    0x00, 0x00, 0x00, 0x00, 0x00, 0x00, 0x00, 0x00, 0x00, 0x05, 0xBE, 0xFD, 0xB6, 0x10, 0x8F, 0xF8,
    0x00, 0x01, 0xCF, 0xFF, 0xFF, 0xFF, 0xD3, 0x8F, 0xF8, 0x00, 0x1D, 0xFF, 0xFF, 0xFF, 0xFF, 0xFE,
    0xAF, 0xF8, 0x00, 0x9F, 0xFF, 0xB4, 0x10, 0x27, 0xEF, 0xFF, 0xF8, 0x02, 0xFF, 0xF9, 0x00, 0x00,
    0x00, 0x3E, 0xFF, 0xF8, 0x08, 0xFF, 0xD0, 0x00, 0x00, 0x00, 0x07, 0xFF, 0xF8, 0x0C, 0xFF, 0x70,
    0x00, 0x00, 0x00, 0x01, 0xEF, 0xF8, 0x0F, 0xFF, 0x30, 0x00, 0x00, 0x00, 0x00, 0xBF, 0xF8, 0x1F,
    0xFF, 0x10, 0x00, 0x00, 0x00, 0x00, 0x9F, 0xF8, 0x2F, 0xFF, 0x10, 0x00, 0x00, 0x00, 0x00, 0x9F,
    0xF8, 0x1F, 0xFF, 0x10, 0x00, 0x00, 0x00, 0x00, 0x9F, 0xF8, 0x0F, 0xFF, 0x30, 0x00, 0x00, 0x00,
    0x00, 0xBF, 0xF8, 0x0C, 0xFF, 0x70, 0x00, 0x00, 0x00, 0x01, 0xEF, 0xF8, 0x08, 0xFF, 0xD0, 0x00,
    0x00, 0x00, 0x07, 0xFF, 0xF8, 0x02, 0xFF, 0xF9, 0x00, 0x00, 0x00, 0x3E, 0xFF, 0xF8, 0x00, 0x9F,
    0xFF, 0xB4, 0x10, 0x27, 0xEF, 0xFF, 0xF8, 0x00, 0x1D, 0xFF, 0xFF, 0xFF, 0xFF, 0xFE, 0xAF, 0xF7,
    0x00, 0x01, 0xCF, 0xFF, 0xFF, 0xFF, 0xD3, 0x9F, 0xF6, 0x00, 0x00, 0x05, 0xBE, 0xFE, 0xB6, 0x10,
    0xAF, 0xF5, 0x00, 0x00, 0x00, 0x00, 0x00, 0x00, 0x00, 0xEF, 0xF3, 0x00, 0x00, 0x00, 0x00, 0x00,
    0x00, 0x05, 0xFF, 0xE0, 0x00, 0x00, 0x00, 0x00, 0x00, 0x00, 0x3E, 0xFF, 0x90, 0x00, 0x0B, 0x85,
    0x31, 0x01, 0x49, 0xFF, 0xFF, 0x20, 0x00, 0x0D, 0xFF, 0xFF, 0xFF, 0xFF, 0xFF, 0xF6, 0x00, 0x00,
    0x0D, 0xFF, 0xFF, 0xFF, 0xFF, 0xFE, 0x60, 0x00, 0x00, 0x02, 0x7A, 0xCD, 0xFE, 0xDB, 0x71, 0x00,
    0x00, 0x00, 0x00, 0x00, 0x04, 0xFF, 0xFB, 0x00, 0x00, 0x00, 0x00, 0x00, 0x00, 0x00, 0x2E, 0xFA,
    0xDF, 0xA0, 0x00, 0x00, 0x00, 0x00, 0x00, 0x01, 0xDF, 0x90, 0x2D, 0xF8, 0x00, 0x00, 0x00, 0x00,
    0x00, 0x1C, 0xF8, 0x00, 0x02, 0xDF, 0x60, 0x00, 0x00, 0x00, 0x00, 0x00, 0x00, 0x00, 0x00, 0x00,
    0x00, 0x00, 0x00, 0x00, 0x00, 0x00, 0x00, 0x00, 0x00, 0x00, 0x00, 0x00, 0x00, 0xAF, 0xFA, 0x00,
    0x00, 0x00, 0x00, 0x00, 0x02, 0xFF, 0xF4, 0xAF, 0xFA, 0x00, 0x00, 0x00, 0x00, 0x00, 0x02, 0xFF,
    0xF4, 0xAF, 0xFA, 0x00, 0x00, 0x00, 0x00, 0x00, 0x02, 0xFF, 0xF4, 0xAF, 0xFA, 0x00, 0x00, 0x00,
    0x00, 0x00, 0x02, 0xFF, 0xF4, 0xAF, 0xFA, 0x00, 0x00, 0x00, 0x00, 0x00, 0x02, 0xFF, 0xF4, 0xAF,
    0xFA, 0x00, 0x00, 0x00, 0x00, 0x00, 0x02, 0xFF, 0xF4, 0xAF, 0xFA, 0x00, 0x00, 0x00, 0x00, 0x00,
    0x02, 0xFF, 0xF4, 0xAF, 0xFA, 0x00, 0x00, 0x00, 0x00, 0x00, 0x02, 0xFF, 0xF4, 0xAF, 0xFA, 0x00,
    0x00, 0x00, 0x00, 0x00, 0x02, 0xFF, 0xF4, 0xAF, 0xFA, 0x00, 0x00, 0x00, 0x00, 0x00, 0x02, 0xFF,
    0xF4, 0xAF, 0xFF, 0xFF, 0xFF, 0xFF, 0xFF, 0xFF, 0xFF, 0xFF, 0xF4, 0xAF, 0xFF, 0xFF, 0xFF, 0xFF,
    0xFF, 0xFF, 0xFF, 0xFF, 0xF4, 0xAF, 0xFF, 0xFF, 0xFF, 0xFF, 0xFF, 0xFF, 0xFF, 0xFF, 0xF4, 0xAF,
    0xFA, 0x00, 0x00, 0x00, 0x00, 0x00, 0x02, 0xFF, 0xF4, 0xAF, 0xFA, 0x00, 0x00, 0x00, 0x00, 0x00,
    0x02, 0xFF, 0xF4, 0xAF, 0xFA, 0x00, 0x00, 0x00, 0x00, 0x00, 0x02, 0xFF, 0xF4, 0xAF, 0xFA, 0x00,
    0x00, 0x00, 0x00, 0x00, 0x02, 0xFF, 0xF4, 0xAF, 0xFA, 0x00, 0x00, 0x00, 0x00, 0x00, 0x02, 0xFF,
    0xF4, 0xAF, 0xFA, 0x00, 0x00, 0x00, 0x00, 0x00, 0x02, 0xFF, 0xF4, 0xAF, 0xFA, 0x00, 0x00, 0x00,
    0x00, 0x00, 0x02, 0xFF, 0xF4, 0xAF, 0xFA, 0x00, 0x00, 0x00, 0x00, 0x00, 0x02, 0xFF, 0xF4, 0xAF,
    0xFA, 0x00, 0x00, 0x00, 0x00, 0x00, 0x02, 0xFF, 0xF4, 0xAF, 0xFA, 0x00, 0x00, 0x00, 0x00, 0x00,
    0x02, 0xFF, 0xF4, 0xAF, 0xFA, 0x00, 0x00, 0x00, 0x00, 0x00, 0x02, 0xFF, 0xF4, 0xAF, 0xFA, 0x00,
    0x00, 0x00, 0x00, 0x00, 0x02, 0xFF, 0xF4, 0x00, 0x06, 0xFF, 0xF9, 0x00, 0x00, 0x00, 0x00, 0x00,
    0x00, 0x00, 0x4F, 0xF9, 0xEF, 0x70, 0x00, 0x00, 0x00, 0x00, 0x00, 0x03, 0xEF, 0x60, 0x4E, 0xF5,
    0x00, 0x00, 0x00, 0x00, 0x00, 0x2E, 0xF6, 0x00, 0x03, 0xEF, 0x40, 0x00, 0x00, 0x00, 0x00, 0x00,
    0x00, 0x00, 0x00, 0x00, 0x00, 0x00, 0x00, 0x00, 0x00, 0x00, 0x00, 0xEF, 0xF2, 0x00, 0x00, 0x00,
    0x00, 0x00, 0x00, 0x00, 0x00, 0xEF, 0xF2, 0x00, 0x00, 0x00, 0x00, 0x00, 0x00, 0x00, 0x00, 0xEF,
    0xF2, 0x00, 0x00, 0x00, 0x00, 0x00, 0x00, 0x00, 0x00, 0xEF, 0xF2, 0x00, 0x00, 0x00, 0x00, 0x00,
    0x00, 0x00, 0x00, 0xEF, 0xF2, 0x00, 0x00, 0x00, 0x00, 0x00, 0x00, 0x00, 0x00, 0xEF, 0xF2, 0x00,
    0x00, 0x00, 0x00, 0x00, 0x00, 0x00, 0x00, 0xEF, 0xF2, 0x00, 0x00, 0x00, 0x00, 0x00, 0x00, 0x00,
    0x00, 0xEF, 0xF2, 0x02, 0x8C, 0xEF, 0xDA, 0x40, 0x00, 0x00, 0x00, 0xEF, 0xF2, 0x6E, 0xFF, 0xFF,
    0xFF, 0xF8, 0x00, 0x00, 0x00, 0xEF, 0xF8, 0xFF, 0xFF, 0xFF, 0xFF, 0xFF, 0x60, 0x00, 0x00, 0xEF,
    0xFF, 0xFB, 0x51, 0x02, 0x6E, 0xFF, 0xE0, 0x00, 0x00, 0xEF, 0xFF, 0x80, 0x00, 0x00, 0x03, 0xFF,
    0xF4, 0x00, 0x00, 0xEF, 0xFC, 0x00, 0x00, 0x00, 0x00, 0xBF, 0xF7, 0x00, 0x00, 0xEF, 0xF6, 0x00,
    0x00, 0x00, 0x00, 0x7F, 0xF9, 0x00, 0x00, 0xEF, 0xF3, 0x00, 0x00, 0x00, 0x00, 0x6F, 0xFA, 0x00,
    0x00, 0xEF, 0xF2, 0x00, 0x00, 0x00, 0x00, 0x6F, 0xFA, 0x00, 0x00, 0xEF, 0xF2, 0x00, 0x00, 0x00,
    0x00, 0x6F, 0xFA, 0x00, 0x00, 0xEF, 0xF2, 0x00, 0x00, 0x00, 0x00, 0x6F, 0xFA, 0x00, 0x00, 0xEF,
    0xF2, 0x00, 0x00, 0x00, 0x00, 0x6F, 0xFA, 0x00, 0x00, 0xEF, 0xF2, 0x00, 0x00, 0x00, 0x00, 0x6F,
    0xFA, 0x00, 0x00, 0xEF, 0xF2, 0x00, 0x00, 0x00, 0x00, 0x6F, 0xFA, 0x00, 0x00, 0xEF, 0xF2, 0x00,
    0x00, 0x00, 0x00, 0x6F, 0xFA, 0x00, 0x00, 0xEF, 0xF2, 0x00, 0x00, 0x00, 0x00, 0x6F, 0xFA, 0x00,
    0x00, 0xEF, 0xF2, 0x00, 0x00, 0x00, 0x00, 0x6F, 0xFA, 0x00, 0x00, 0xEF, 0xF2, 0x00, 0x00, 0x00,
    0x00, 0x6F, 0xFA, 0x00, 0x00, 0xEF, 0xF2, 0x00, 0x00, 0x00, 0x00, 0x6F, 0xFA, 0x00, 0x0D, 0xFF,
    0x70, 0x00, 0x00, 0x00, 0x00, 0x00, 0x5F, 0xFF, 0x00, 0x00, 0x00, 0x0D, 0xFF, 0x70, 0x00, 0x00,
    0x00, 0x00, 0x00, 0x5F, 0xFF, 0x00, 0x00, 0x00, 0x0D, 0xFF, 0x70, 0x00, 0x00, 0x00, 0x00, 0x00,
    0x5F, 0xFF, 0x00, 0x00, 0xAF, 0xFF, 0xFF, 0xFF, 0xFF, 0xFF, 0xFF, 0xFF, 0xFF, 0xFF, 0xFF, 0xFF,
    0xC0, 0xAF, 0xFF, 0xFF, 0xFF, 0xFF, 0xFF, 0xFF, 0xFF, 0xFF, 0xFF, 0xFF, 0xFF, 0xC0, 0xAF, 0xFF,
    0xFF, 0xFF, 0xFF, 0xFF, 0xFF, 0xFF, 0xFF, 0xFF, 0xFF, 0xFF, 0xC0, 0x00, 0x0D, 0xFF, 0x70, 0x00,
    0x00, 0x00, 0x00, 0x00, 0x5F, 0xFF, 0x00, 0x00, 0x00, 0x0D, 0xFF, 0x70, 0x00, 0x00, 0x00, 0x00,
    0x00, 0x5F, 0xFF, 0x00, 0x00, 0x00, 0x0D, 0xFF, 0x70, 0x00, 0x00, 0x00, 0x00, 0x00, 0x5F, 0xFF,
    0x00, 0x00, 0x00, 0x0D, 0xFF, 0x70, 0x00, 0x00, 0x00, 0x00, 0x00, 0x5F, 0xFF, 0x00, 0x00, 0x00,
    0x0D, 0xFF, 0xFF, 0xFF, 0xFF, 0xFF, 0xFF, 0xFF, 0xFF, 0xFF, 0x00, 0x00, 0x00, 0x0D, 0xFF, 0xFF,
    0xFF, 0xFF, 0xFF, 0xFF, 0xFF, 0xFF, 0xFF, 0x00, 0x00, 0x00, 0x0D, 0xFF, 0xFF, 0xFF, 0xFF, 0xFF,
    0xFF, 0xFF, 0xFF, 0xFF, 0x00, 0x00, 0x00, 0x0D, 0xFF, 0x70, 0x00, 0x00, 0x00, 0x00, 0x00, 0x5F,
    0xFF, 0x00, 0x00, 0x00, 0x0D, 0xFF, 0x70, 0x00, 0x00, 0x00, 0x00, 0x00, 0x5F, 0xFF, 0x00, 0x00,
    0x00, 0x0D, 0xFF, 0x70, 0x00, 0x00, 0x00, 0x00, 0x00, 0x5F, 0xFF, 0x00, 0x00, 0x00, 0x0D, 0xFF,
    0x70, 0x00, 0x00, 0x00, 0x00, 0x00, 0x5F, 0xFF, 0x00, 0x00, 0x00, 0x0D, 0xFF, 0x70, 0x00, 0x00,
    0x00, 0x00, 0x00, 0x5F, 0xFF, 0x00, 0x00, 0x00, 0x0D, 0xFF, 0x70, 0x00, 0x00, 0x00, 0x00, 0x00,
    0x5F, 0xFF, 0x00, 0x00, 0x00, 0x0D, 0xFF, 0x70, 0x00, 0x00, 0x00, 0x00, 0x00, 0x5F, 0xFF, 0x00,
    0x00, 0x00, 0x0D, 0xFF, 0x70, 0x00, 0x00, 0x00, 0x00, 0x00, 0x5F, 0xFF, 0x00, 0x00, 0x00, 0x0D,
    0xFF, 0x70, 0x00, 0x00, 0x00, 0x00, 0x00, 0x5F, 0xFF, 0x00, 0x00, 0x00, 0x0D, 0xFF, 0x70, 0x00,
    0x00, 0x00, 0x00, 0x00, 0x5F, 0xFF, 0x00, 0x00, 0x00, 0x0D, 0xFF, 0x70, 0x00, 0x00, 0x00, 0x00,
    0x00, 0x5F, 0xFF, 0x00, 0x00, 0x00, 0x0D, 0xFF, 0x70, 0x00, 0x00, 0x00, 0x00, 0x00, 0x5F, 0xFF,
    0x00, 0x00, 0x00, 0xEF, 0xF2, 0x00, 0x00, 0x00, 0x00, 0x00, 0x00, 0x00, 0xEF, 0xF2, 0x00, 0x00,
    0x00, 0x00, 0x00, 0x00, 0xFF, 0xFF, 0xFF, 0xFF, 0xFF, 0xF0, 0x00, 0x00, 0x00, 0xFF, 0xFF, 0xFF,
    0xFF, 0xFF, 0xF0, 0x00, 0x00, 0x00, 0xFF, 0xFF, 0xFF, 0xFF, 0xFF, 0xF0, 0x00, 0x00, 0x00, 0x00,
    0xEF, 0xF2, 0x00, 0x00, 0x00, 0x00, 0x00, 0x00, 0x00, 0xEF, 0xF2, 0x00, 0x00, 0x00, 0x00, 0x00,
    0x00, 0x00, 0xEF, 0xF2, 0x02, 0x8C, 0xEF, 0xDA, 0x30, 0x00, 0x00, 0xEF, 0xF2, 0x6E, 0xFF, 0xFF,
    0xFF, 0xF8, 0x00, 0x00, 0xEF, 0xF8, 0xFF, 0xFF, 0xFF, 0xFF, 0xFF, 0x60, 0x00, 0xEF, 0xFF, 0xFB,
    0x51, 0x02, 0x6E, 0xFF, 0xD0, 0x00, 0xEF, 0xFF, 0x80, 0x00, 0x00, 0x04, 0xFF, 0xF4, 0x00, 0xEF,
    0xFC, 0x00, 0x00, 0x00, 0x00, 0xBF, 0xF7, 0x00, 0xEF, 0xF6, 0x00, 0x00, 0x00, 0x00, 0x8F, 0xF9,
    0x00, 0xEF, 0xF3, 0x00, 0x00, 0x00, 0x00, 0x7F, 0xF9, 0x00, 0xEF, 0xF2, 0x00, 0x00, 0x00, 0x00,
    0x6F, 0xFA, 0x00, 0xEF, 0xF2, 0x00, 0x00, 0x00, 0x00, 0x6F, 0xFA, 0x00, 0xEF, 0xF2, 0x00, 0x00,
    0x00, 0x00, 0x6F, 0xFA, 0x00, 0xEF, 0xF2, 0x00, 0x00, 0x00, 0x00, 0x6F, 0xFA, 0x00, 0xEF, 0xF2,
    0x00, 0x00, 0x00, 0x00, 0x6F, 0xFA, 0x00, 0xEF, 0xF2, 0x00, 0x00, 0x00, 0x00, 0x6F, 0xFA, 0x00,
    0xEF, 0xF2, 0x00, 0x00, 0x00, 0x00, 0x6F, 0xFA, 0x00, 0xEF, 0xF2, 0x00, 0x00, 0x00, 0x00, 0x6F,
    0xFA, 0x00, 0xEF, 0xF2, 0x00, 0x00, 0x00, 0x00, 0x6F, 0xFA, 0x00, 0xEF, 0xF2, 0x00, 0x00, 0x00,
    0x00, 0x6F, 0xFA, 0x00, 0xEF, 0xF2, 0x00, 0x00, 0x00, 0x00, 0x6F, 0xFA, 0x02, 0xBF, 0xD7, 0x00,
    0x09, 0xF6, 0x0C, 0xFF, 0xFF, 0xC4, 0x2E, 0xF4, 0x4F, 0xE2, 0x3C, 0xFF, 0xFF, 0xC0, 0x6F, 0xA0,
    0x00, 0x7D, 0xFB, 0x20, 0x00, 0x00, 0x00, 0x00, 0x00, 0x00, 0x00, 0x00, 0x00, 0x00, 0x00, 0x00,
    0x00, 0x00, 0xAF, 0xFA, 0x00, 0x00, 0x00, 0x00, 0xAF, 0xFA, 0x00, 0x00, 0x00, 0x00, 0xAF, 0xFA,
    0x00, 0x00, 0x00, 0x00, 0xAF, 0xFA, 0x00, 0x00, 0x00, 0x00, 0xAF, 0xFA, 0x00, 0x00, 0x00, 0x00,
    0xAF, 0xFA, 0x00, 0x00, 0x00, 0x00, 0xAF, 0xFA, 0x00, 0x00, 0x00, 0x00, 0xAF, 0xFA, 0x00, 0x00,
    0x00, 0x00, 0xAF, 0xFA, 0x00, 0x00, 0x00, 0x00, 0xAF, 0xFA, 0x00, 0x00, 0x00, 0x00, 0xAF, 0xFA,
    0x00, 0x00, 0x00, 0x00, 0xAF, 0xFA, 0x00, 0x00, 0x00, 0x00, 0xAF, 0xFA, 0x00, 0x00, 0x00, 0x00,
    0xAF, 0xFA, 0x00, 0x00, 0x00, 0x00, 0xAF, 0xFA, 0x00, 0x00, 0x00, 0x00, 0xAF, 0xFA, 0x00, 0x00,
    0x00, 0x00, 0xAF, 0xFA, 0x00, 0x00, 0x00, 0x00, 0xAF, 0xFA, 0x00, 0x00, 0x00, 0x00, 0xAF, 0xFA,
    0x00, 0x00, 0x00, 0x00, 0xAF, 0xFA, 0x00, 0x00, 0x00, 0x00, 0xAF, 0xFA, 0x00, 0x00, 0x00, 0x00,
    0xAF, 0xFA, 0x00, 0x00, 0x00, 0x00, 0xAF, 0xFA, 0x00, 0x00, 0x00, 0x00, 0xAF, 0xFA, 0x00, 0x00,
    0x00, 0x00, 0xAF, 0xFA, 0x00, 0x00, 0x03, 0xCE, 0xC4, 0x00, 0x0E, 0xF3, 0x1E, 0xFF, 0xFF, 0x60,
    0x0F, 0xF1, 0x6F, 0xC1, 0xBF, 0xF4, 0x6F, 0xD0, 0x9F, 0x70, 0x1C, 0xFF, 0xFF, 0x60, 0xBF, 0x50,
    0x01, 0x9E, 0xE8, 0x00, 0x00, 0x00, 0x00, 0x00, 0x00, 0x00, 0x00, 0x00, 0x00, 0x00, 0x00, 0x00,
    0x00, 0x00, 0xCF, 0xF4, 0x00, 0x00, 0x00, 0x00, 0xCF, 0xF4, 0x00, 0x00, 0x00, 0x00, 0xCF, 0xF4,
    0x00, 0x00, 0x00, 0x00, 0xCF, 0xF4, 0x00, 0x00, 0x00, 0x00, 0xCF, 0xF4, 0x00, 0x00, 0x00, 0x00,
    0xCF, 0xF4, 0x00, 0x00, 0x00, 0x00, 0xCF, 0xF4, 0x00, 0x00, 0x00, 0x00, 0xCF, 0xF4, 0x00, 0x00,
    0x00, 0x00, 0xCF, 0xF4, 0x00, 0x00, 0x00, 0x00, 0xCF, 0xF4, 0x00, 0x00, 0x00, 0x00, 0xCF, 0xF4,
    0x00, 0x00, 0x00, 0x00, 0xCF, 0xF4, 0x00, 0x00, 0x00, 0x00, 0xCF, 0xF4, 0x00, 0x00, 0x00, 0x00,
    0xCF, 0xF4, 0x00, 0x00, 0x00, 0x00, 0xCF, 0xF4, 0x00, 0x00, 0x00, 0x00, 0xCF, 0xF4, 0x00, 0x00,
    0x00, 0x00, 0xCF, 0xF4, 0x00, 0x00, 0x00, 0x00, 0xCF, 0xF4, 0x00, 0x00, 0x00, 0x00, 0xCF, 0xF4,
    0x00, 0x00, 0xEF, 0xFF, 0xFF, 0xFF, 0xFF, 0xEF, 0xFF, 0xFF, 0xFF, 0xFF, 0xEF, 0xFF, 0xFF, 0xFF,
    0xFF, 0x00, 0x00, 0x00, 0x00, 0x00, 0x00, 0x00, 0x00, 0x00, 0x00, 0x00, 0x0A, 0xFF, 0xA0, 0x00,
    0x00, 0x0A, 0xFF, 0xA0, 0x00, 0x00, 0x0A, 0xFF, 0xA0, 0x00, 0x00, 0x0A, 0xFF, 0xA0, 0x00, 0x00,
    0x0A, 0xFF, 0xA0, 0x00, 0x00, 0x0A, 0xFF, 0xA0, 0x00, 0x00, 0x0A, 0xFF, 0xA0, 0x00, 0x00, 0x0A,
    0xFF, 0xA0, 0x00, 0x00, 0x0A, 0xFF, 0xA0, 0x00, 0x00, 0x0A, 0xFF, 0xA0, 0x00, 0x00, 0x0A, 0xFF,
    0xA0, 0x00, 0x00, 0x0A, 0xFF, 0xA0, 0x00, 0x00, 0x0A, 0xFF, 0xA0, 0x00, 0x00, 0x0A, 0xFF, 0xA0,
    0x00, 0x00, 0x0A, 0xFF, 0xA0, 0x00, 0x00, 0x0A, 0xFF, 0xA0, 0x00, 0x00, 0x0A, 0xFF, 0xA0, 0x00,
    0x00, 0x0A, 0xFF, 0xA0, 0x00, 0x00, 0x0A, 0xFF, 0xA0, 0x00, 0x00, 0x0A, 0xFF, 0xA0, 0x00, 0x00,
    0x0A, 0xFF, 0xA0, 0x00, 0x00, 0x0A, 0xFF, 0xA0, 0x00, 0x00, 0x0A, 0xFF, 0xA0, 0x00, 0x00, 0x0A,
    0xFF, 0xA0, 0x00, 0x00, 0x0A, 0xFF, 0xA0, 0x00, 0x4F, 0xFF, 0xFF, 0xFF, 0xFF, 0xB0, 0x4F, 0xFF,
    0xFF, 0xFF, 0xFF, 0xB0, 0x4F, 0xFF, 0xFF, 0xFF, 0xFF, 0xB0, 0x00, 0x00, 0x00, 0x00, 0x00, 0x00,
    0x00, 0x00, 0x00, 0x00, 0x00, 0x00, 0x00, 0x00, 0x00, 0x00, 0x00, 0x00, 0x00, 0x00, 0xCF, 0xF4,
    0x00, 0x00, 0x00, 0x00, 0xCF, 0xF4, 0x00, 0x00, 0x00, 0x00, 0xCF, 0xF4, 0x00, 0x00, 0x00, 0x00,
    0xCF, 0xF4, 0x00, 0x00, 0x00, 0x00, 0xCF, 0xF4, 0x00, 0x00, 0x00, 0x00, 0xCF, 0xF4, 0x00, 0x00,
    0x00, 0x00, 0xCF, 0xF4, 0x00, 0x00, 0x00, 0x00, 0xCF, 0xF4, 0x00, 0x00, 0x00, 0x00, 0xCF, 0xF4,
    0x00, 0x00, 0x00, 0x00, 0xCF, 0xF4, 0x00, 0x00, 0x00, 0x00, 0xCF, 0xF4, 0x00, 0x00, 0x00, 0x00,
    0xCF, 0xF4, 0x00, 0x00, 0x00, 0x00, 0xCF, 0xF4, 0x00, 0x00, 0x00, 0x00, 0xCF, 0xF4, 0x00, 0x00,
    0x00, 0x00, 0xCF, 0xF4, 0x00, 0x00, 0x00, 0x00, 0xCF, 0xF4, 0x00, 0x00, 0x00, 0x00, 0xCF, 0xF4,
    0x00, 0x00, 0x00, 0x00, 0xCF, 0xF4, 0x00, 0x00, 0x00, 0x00, 0xCF, 0xF4, 0x00, 0x00, 0x2F, 0xE1,
    0x00, 0x00, 0x1E, 0xF2, 0x0C, 0xFC, 0x41, 0x13, 0xBF, 0xD0, 0x03, 0xEF, 0xFF, 0xFF, 0xFE, 0x30,
    0x00, 0x29, 0xDF, 0xFD, 0x92, 0x00, 0x00, 0x00, 0x00, 0x00, 0x00, 0x00, 0x00, 0x00, 0x00, 0x00,
    0x00, 0x00, 0x00, 0x00, 0xAF, 0xFA, 0x00, 0x00, 0x00, 0x00, 0xAF, 0xFA, 0x00, 0x00, 0x00, 0x00,
    0xAF, 0xFA, 0x00, 0x00, 0x00, 0x00, 0xAF, 0xFA, 0x00, 0x00, 0x00, 0x00, 0xAF, 0xFA, 0x00, 0x00,
    0x00, 0x00, 0xAF, 0xFA, 0x00, 0x00, 0x00, 0x00, 0xAF, 0xFA, 0x00, 0x00, 0x00, 0x00, 0xAF, 0xFA,
    0x00, 0x00, 0x00, 0x00, 0xAF, 0xFA, 0x00, 0x00, 0x00, 0x00, 0xAF, 0xFA, 0x00, 0x00, 0x00, 0x00,
    0xAF, 0xFA, 0x00, 0x00, 0x00, 0x00, 0xAF, 0xFA, 0x00, 0x00, 0x00, 0x00, 0xAF, 0xFA, 0x00, 0x00,
    0x00, 0x00, 0xAF, 0xFA, 0x00, 0x00, 0x00, 0x00, 0xAF, 0xFA, 0x00, 0x00, 0x00, 0x00, 0xAF, 0xFA,
    0x00, 0x00, 0x00, 0x00, 0xAF, 0xFA, 0x00, 0x00, 0x00, 0x00, 0xAF, 0xFA, 0x00, 0x00, 0x00, 0x00,
    0xAF, 0xFA, 0x00, 0x00, 0x00, 0x00, 0xAF, 0xFA, 0x00, 0x00, 0x00, 0x00, 0xAF, 0xFA, 0x00, 0x00,
    0x00, 0x00, 0xAF, 0xFA, 0x00, 0x00, 0x00, 0x00, 0xAF, 0xFA, 0x00, 0x00, 0x00, 0x00, 0xAF, 0xFA,
    0x00, 0x00, 0x00, 0x00, 0xAF, 0xFA, 0x00, 0x00, 0x6F, 0xA0, 0x00, 0x00, 0x4F, 0xD0, 0x3F, 0xF8,
    0x20, 0x15, 0xDF, 0xA0, 0x0D, 0xFF, 0xFF, 0xFF, 0xFF, 0x50, 0x03, 0xEF, 0xFF, 0xFF, 0xFA, 0x00,
    0x00, 0x29, 0xDF, 0xEC, 0x60, 0x00, 0x00, 0x00, 0x00, 0x00, 0x00, 0x00, 0x00, 0x00, 0x00, 0x00,
    0x00, 0x00, 0x00, 0x00, 0x00, 0x00, 0x00, 0x00, 0x00, 0x00, 0xCF, 0xF4, 0x00, 0x00, 0x00, 0x00,
    0xCF, 0xF4, 0x00, 0x00, 0x00, 0x00, 0xCF, 0xF4, 0x00, 0x00, 0x00, 0x00, 0xCF, 0xF4, 0x00, 0x00,
    0x00, 0x00, 0xCF, 0xF4, 0x00, 0x00, 0x00, 0x00, 0xCF, 0xF4, 0x00, 0x00, 0x00, 0x00, 0xCF, 0xF4,
    0x00, 0x00, 0x00, 0x00, 0xCF, 0xF4, 0x00, 0x00, 0x00, 0x00, 0xCF, 0xF4, 0x00, 0x00, 0x00, 0x00,
    0xCF, 0xF4, 0x00, 0x00, 0x00, 0x00, 0xCF, 0xF4, 0x00, 0x00, 0x00, 0x00, 0xCF, 0xF4, 0x00, 0x00,
    0x00, 0x00, 0xCF, 0xF4, 0x00, 0x00, 0x00, 0x00, 0xCF, 0xF4, 0x00, 0x00, 0x00, 0x00, 0xCF, 0xF4,
    0x00, 0x00, 0x00, 0x00, 0xCF, 0xF4, 0x00, 0x00, 0x00, 0x00, 0xCF, 0xF4, 0x00, 0x00, 0x00, 0x00,
    0xCF, 0xF4, 0x00, 0x00, 0x00, 0x00, 0xCF, 0xF4, 0x00, 0x00, 0x0A, 0xFF, 0xA0, 0x00, 0x0A, 0xFF,
    0xA0, 0x00, 0x0A, 0xFF, 0xA0, 0x00, 0x0A, 0xFF, 0xA0, 0x00, 0x0A, 0xFF, 0xA0, 0x00, 0x0A, 0xFF,
    0xA0, 0x00, 0x0A, 0xFF, 0xA0, 0x00, 0x0A, 0xFF, 0xA0, 0x00, 0x0A, 0xFF, 0xA0, 0x00, 0x0A, 0xFF,
    0xA0, 0x00, 0x0A, 0xFF, 0xA0, 0x00, 0x0A, 0xFF, 0xA0, 0x00, 0x0A, 0xFF, 0xA0, 0x00, 0x0A, 0xFF,
    0xA0, 0x00, 0x0A, 0xFF, 0xA0, 0x00, 0x0A, 0xFF, 0xA0, 0x00, 0x0A, 0xFF, 0xA0, 0x00, 0x0A, 0xFF,
    0xA0, 0x00, 0x0A, 0xFF, 0xA0, 0x00, 0x0A, 0xFF, 0xA0, 0x00, 0x0A, 0xFF, 0xA0, 0x00, 0x0A, 0xFF,
    0xA0, 0x00, 0x0A, 0xFF, 0xA0, 0x00, 0x0A, 0xFF, 0xA0, 0x00, 0x0A, 0xFF, 0xA0, 0x00, 0x00, 0xAF,
    0x60, 0x00, 0x05, 0xFC, 0x00, 0x00, 0x0C, 0xF6, 0x00, 0x00, 0x1F, 0xF4, 0x00, 0x00, 0x0E, 0xFA,
    0x12, 0x82, 0x0A, 0xFF, 0xFF, 0xF2, 0x01, 0x9D, 0xFE, 0xC1, 0x0C, 0xFF, 0x40, 0x00, 0x0C, 0xFF,
    0x40, 0x00, 0x0C, 0xFF, 0x40, 0x00, 0x0C, 0xFF, 0x40, 0x00, 0x00, 0x00, 0x00, 0x00, 0x00, 0x00,
    0x00, 0x00, 0x00, 0x00, 0x00, 0x00, 0x0C, 0xFF, 0x40, 0x00, 0x0C, 0xFF, 0x40, 0x00, 0x0C, 0xFF,
    0x40, 0x00, 0x0C, 0xFF, 0x40, 0x00, 0x0C, 0xFF, 0x40, 0x00, 0x0C, 0xFF, 0x40, 0x00, 0x0C, 0xFF,
    0x40, 0x00, 0x0C, 0xFF, 0x40, 0x00, 0x0C, 0xFF, 0x40, 0x00, 0x0C, 0xFF, 0x40, 0x00, 0x0C, 0xFF,
    0x40, 0x00, 0x0C, 0xFF, 0x40, 0x00, 0x0C, 0xFF, 0x40, 0x00, 0x0C, 0xFF, 0x40, 0x00, 0x0C, 0xFF,
    0x40, 0x00, 0x0C, 0xFF, 0x40, 0x00, 0x0C, 0xFF, 0x40, 0x00, 0x0C, 0xFF, 0x40, 0x00, 0x0C, 0xFF,
    0x40, 0x00, 0x02, 0xED, 0x10, 0x00, 0x0B, 0xF6, 0x00, 0x00, 0x3F, 0xE0, 0x00, 0x00, 0x7F, 0xD0,
    0x00, 0x00, 0x6F, 0xF5, 0x14, 0x80, 0x2E, 0xFF, 0xFF, 0xA0, 0x04, 0xBE, 0xFE, 0x80, 0xAF, 0xFB,
    0xAF, 0xFB, 0xAF, 0xFB, 0x00, 0x00, 0x00, 0x00, 0xAF, 0xFA, 0xAF, 0xFA, 0xAF, 0xFA, 0xAF, 0xFA,
    0xAF, 0xFA, 0xAF, 0xFA, 0xAF, 0xFA, 0xAF, 0xFA, 0xAF, 0xFA, 0xAF, 0xFA, 0xAF, 0xFA, 0xAF, 0xFA,
    0xAF, 0xFA, 0xAF, 0xFA, 0xAF, 0xFA, 0xAF, 0xFA, 0xAF, 0xFA, 0xAF, 0xFA, 0xAF, 0xFA, 0xAF, 0xFA,
    0xAF, 0xFA, 0xAF, 0xFA, 0xAF, 0xFA, 0xAF, 0xFA, 0xAF, 0xFA, 0xCF, 0xF4, 0xCF, 0xF4, 0xCF, 0xF4,
    0xCF, 0xF4, 0xCF, 0xF4, 0xCF, 0xF4, 0xCF, 0xF4, 0xCF, 0xF4, 0xCF, 0xF4, 0xCF, 0xF4, 0xCF, 0xF4,
    0xCF, 0xF4, 0xCF, 0xF4, 0xCF, 0xF4, 0xCF, 0xF4, 0xCF, 0xF4, 0xCF, 0xF4, 0xCF, 0xF4, 0xCF, 0xF4,
    0xAF, 0xFA, 0x00, 0x00, 0x00, 0x9F, 0xFB, 0xAF, 0xFA, 0x00, 0x00, 0x00, 0x9F, 0xFB, 0xAF, 0xFA,
    0x00, 0x00, 0x00, 0x9F, 0xFB, 0xAF, 0xFA, 0x00, 0x00, 0x00, 0x9F, 0xFB, 0xAF, 0xFA, 0x00, 0x00,
    0x00, 0x9F, 0xFB, 0xAF, 0xFA, 0x00, 0x00, 0x00, 0x9F, 0xFB, 0xAF, 0xFA, 0x00, 0x00, 0x00, 0x9F,
    0xFB, 0xAF, 0xFA, 0x00, 0x00, 0x00, 0x9F, 0xFB, 0xAF, 0xFA, 0x00, 0x00, 0x00, 0x9F, 0xFB, 0xAF,
    0xFA, 0x00, 0x00, 0x00, 0x9F, 0xFB, 0xAF, 0xFA, 0x00, 0x00, 0x00, 0x9F, 0xFB, 0xAF, 0xFA, 0x00,
    0x00, 0x00, 0x9F, 0xFB, 0xAF, 0xFA, 0x00, 0x00, 0x00, 0x9F, 0xFB, 0xAF, 0xFA, 0x00, 0x00, 0x00,
    0x9F, 0xFB, 0xAF, 0xFA, 0x00, 0x00, 0x00, 0x9F, 0xFB, 0xAF, 0xFA, 0x00, 0x00, 0x00, 0x9F, 0xFB,
    0xAF, 0xFA, 0x00, 0x00, 0x00, 0x9F, 0xFB, 0xAF, 0xFA, 0x00, 0x00, 0x00, 0x9F, 0xFB, 0xAF, 0xFA,
    0x00, 0x00, 0x00, 0x9F, 0xFB, 0xAF, 0xFA, 0x00, 0x00, 0x00, 0x9F, 0xFB, 0xAF, 0xFA, 0x00, 0x00,
    0x00, 0x9F, 0xFB, 0xAF, 0xFA, 0x00, 0x00, 0x00, 0x9F, 0xFB, 0xAF, 0xFA, 0x00, 0x00, 0x00, 0x9F,
    0xFB, 0xAF, 0xFA, 0x00, 0x00, 0x00, 0xAF, 0xFB, 0xAF, 0xFA, 0x00, 0x00, 0x00, 0xAF, 0xFA, 0x00,
    0x00, 0x00, 0x00, 0x00, 0xCF, 0xF9, 0x00, 0x00, 0x00, 0x00, 0x01, 0xEF, 0xF6, 0x00, 0x00, 0x00,
    0x00, 0x06, 0xFF, 0xF3, 0x00, 0x00, 0x00, 0x02, 0x7F, 0xFF, 0xC0, 0x00, 0x00, 0x0B, 0xFF, 0xFF,
    0xFF, 0x40, 0x00, 0x00, 0x0B, 0xFF, 0xFF, 0xF6, 0x00, 0x00, 0x00, 0x0B, 0xFE, 0xC8, 0x20, 0x00,
    0xCF, 0xF4, 0x00, 0x00, 0x05, 0xFF, 0xB0, 0xCF, 0xF4, 0x00, 0x00, 0x05, 0xFF, 0xB0, 0xCF, 0xF4,
    0x00, 0x00, 0x05, 0xFF, 0xB0, 0xCF, 0xF4, 0x00, 0x00, 0x05, 0xFF, 0xB0, 0x00, 0x00, 0x00, 0x00,
    0x00, 0x00, 0x00, 0x00, 0x00, 0x00, 0x00, 0x00, 0x00, 0x00, 0x00, 0x00, 0x00, 0x00, 0x00, 0x00,
    0x00, 0xCF, 0xF4, 0x00, 0x00, 0x05, 0xFF, 0xB0, 0xCF, 0xF4, 0x00, 0x00, 0x05, 0xFF, 0xB0, 0xCF,
    0xF4, 0x00, 0x00, 0x05, 0xFF, 0xB0, 0xCF, 0xF4, 0x00, 0x00, 0x05, 0xFF, 0xB0, 0xCF, 0xF4, 0x00,
    0x00, 0x05, 0xFF, 0xB0, 0xCF, 0xF4, 0x00, 0x00, 0x05, 0xFF, 0xB0, 0xCF, 0xF4, 0x00, 0x00, 0x05,
    0xFF, 0xB0, 0xCF, 0xF4, 0x00, 0x00, 0x05, 0xFF, 0xB0, 0xCF, 0xF4, 0x00, 0x00, 0x05, 0xFF, 0xB0,
    0xCF, 0xF4, 0x00, 0x00, 0x05, 0xFF, 0xB0, 0xCF, 0xF4, 0x00, 0x00, 0x05, 0xFF, 0xB0, 0xCF, 0xF4,
    0x00, 0x00, 0x05, 0xFF, 0xB0, 0xCF, 0xF4, 0x00, 0x00, 0x05, 0xFF, 0xB0, 0xCF, 0xF4, 0x00, 0x00,
    0x05, 0xFF, 0xB0, 0xCF, 0xF4, 0x00, 0x00, 0x05, 0xFF, 0xB0, 0xCF, 0xF4, 0x00, 0x00, 0x05, 0xFF,
    0xB0, 0xCF, 0xF4, 0x00, 0x00, 0x05, 0xFF, 0xB0, 0xCF, 0xF4, 0x00, 0x00, 0x05, 0xFF, 0xB0, 0xCF,
    0xF4, 0x00, 0x00, 0x05, 0xFF, 0xB0, 0x00, 0x00, 0x00, 0x00, 0x06, 0xFF, 0xA0, 0x00, 0x00, 0x00,
    0x00, 0x07, 0xFF, 0x90, 0x00, 0x00, 0x00, 0x00, 0x0A, 0xFF, 0x70, 0x00, 0x00, 0x00, 0x01, 0x6F,
    0xFF, 0x30, 0x00, 0x00, 0x03, 0xFF, 0xFF, 0xFC, 0x00, 0x00, 0x00, 0x03, 0xFF, 0xFF, 0xE3, 0x00,
    0x00, 0x00, 0x03, 0xFE, 0xD9, 0x20, 0x00, 0x00, 0x00, 0x2D, 0xFF, 0xD2, 0x00, 0x00, 0x01, 0xCF,
    0xCB, 0xFC, 0x10, 0x00, 0x0B, 0xFB, 0x11, 0xBF, 0xB0, 0x00, 0x9F, 0xB1, 0x00, 0x0B, 0xFA, 0x00,
    0x00, 0x00, 0x00, 0x00, 0x00, 0x00, 0x00, 0x00, 0x00, 0x00, 0x00, 0x00, 0x00, 0x0A, 0xFF, 0xA0,
    0x00, 0x00, 0x00, 0x0A, 0xFF, 0xA0, 0x00, 0x00, 0x00, 0x0A, 0xFF, 0xA0, 0x00, 0x00, 0x00, 0x0A,
    0xFF, 0xA0, 0x00, 0x00, 0x00, 0x0A, 0xFF, 0xA0, 0x00, 0x00, 0x00, 0x0A, 0xFF, 0xA0, 0x00, 0x00,
    0x00, 0x0A, 0xFF, 0xA0, 0x00, 0x00, 0x00, 0x0A, 0xFF, 0xA0, 0x00, 0x00, 0x00, 0x0A, 0xFF, 0xA0,
    0x00, 0x00, 0x00, 0x0A, 0xFF, 0xA0, 0x00, 0x00, 0x00, 0x0A, 0xFF, 0xA0, 0x00, 0x00, 0x00, 0x0A,
    0xFF, 0xA0, 0x00, 0x00, 0x00, 0x0A, 0xFF, 0xA0, 0x00, 0x00, 0x00, 0x0A, 0xFF, 0xA0, 0x00, 0x00,
    0x00, 0x0A, 0xFF, 0xA0, 0x00, 0x00, 0x00, 0x0A, 0xFF, 0xA0, 0x00, 0x00, 0x00, 0x0A, 0xFF, 0xA0,
    0x00, 0x00, 0x00, 0x0A, 0xFF, 0xA0, 0x00, 0x00, 0x00, 0x0A, 0xFF, 0xA0, 0x00, 0x00, 0x00, 0x0A,
    0xFF, 0xA0, 0x00, 0x00, 0x00, 0x0A, 0xFF, 0xA0, 0x00, 0x00, 0x00, 0x0A, 0xFF, 0xA0, 0x00, 0x00,
    0x00, 0x0A, 0xFF, 0xA0, 0x00, 0x00, 0x00, 0x0A, 0xFF, 0xA0, 0x00, 0x00, 0x00, 0x0B, 0xFF, 0x90,
    0x00, 0x00, 0x00, 0x0C, 0xFF, 0x80, 0x00, 0x00, 0x00, 0x1F, 0xFF, 0x60, 0x00, 0x00, 0x00, 0x7F,
    0xFF, 0x20, 0x00, 0x00, 0x27, 0xFF, 0xFC, 0x00, 0x00, 0xCF, 0xFF, 0xFF, 0xF4, 0x00, 0x00, 0xCF,
    0xFF, 0xFF, 0x60, 0x00, 0x00, 0xCF, 0xEC, 0x82, 0x00, 0x00, 0x00, 0x00, 0x00, 0xCF, 0xF5, 0x00,
    0x00, 0x00, 0x08, 0xFF, 0xFE, 0x10, 0x00, 0x00, 0x3F, 0xF7, 0xDF, 0xA0, 0x00, 0x00, 0xDF, 0xA0,
    0x3F, 0xF5, 0x00, 0x08, 0xFD, 0x10, 0x06, 0xFE, 0x10, 0x3F, 0xE3, 0x00, 0x00, 0xAF, 0xA0, 0x00,
    0x00, 0x00, 0x00, 0x00, 0x00, 0x00, 0x00, 0x00, 0x00, 0x00, 0x00, 0x00, 0x00, 0xCF, 0xF4, 0x00,
    0x00, 0x00, 0x00, 0xCF, 0xF4, 0x00, 0x00, 0x00, 0x00, 0xCF, 0xF4, 0x00, 0x00, 0x00, 0x00, 0xCF,
    0xF4, 0x00, 0x00, 0x00, 0x00, 0xCF, 0xF4, 0x00, 0x00, 0x00, 0x00, 0xCF, 0xF4, 0x00, 0x00, 0x00,
    0x00, 0xCF, 0xF4, 0x00, 0x00, 0x00, 0x00, 0xCF, 0xF4, 0x00, 0x00, 0x00, 0x00, 0xCF, 0xF4, 0x00,
    0x00, 0x00, 0x00, 0xCF, 0xF4, 0x00, 0x00, 0x00, 0x00, 0xCF, 0xF4, 0x00, 0x00, 0x00, 0x00, 0xCF,
    0xF4, 0x00, 0x00, 0x00, 0x00, 0xCF, 0xF4, 0x00, 0x00, 0x00, 0x00, 0xCF, 0xF4, 0x00, 0x00, 0x00,
    0x00, 0xCF, 0xF4, 0x00, 0x00, 0x00, 0x00, 0xCF, 0xF4, 0x00, 0x00, 0x00, 0x00, 0xCF, 0xF4, 0x00,
    0x00, 0x00, 0x00, 0xCF, 0xF4, 0x00, 0x00, 0x00, 0x00, 0xCF, 0xF4, 0x00, 0x00, 0x00, 0x00, 0xCF,
    0xF3, 0x00, 0x00, 0x00, 0x00, 0xEF, 0xF3, 0x00, 0x00, 0x00, 0x02, 0xFF, 0xF1, 0x00, 0x00, 0x00,
    0x3B, 0xFF, 0xC0, 0x00, 0x00, 0x9F, 0xFF, 0xFF, 0x60, 0x00, 0x00, 0x9F, 0xFF, 0xFA, 0x00, 0x00,
    0x00, 0x9F, 0xEB, 0x60, 0x00, 0x00, 0x00, 0xAF, 0xFA, 0x00, 0x00, 0x00, 0x00, 0x00, 0xAF, 0xFF,
    0x90, 0xAF, 0xFA, 0x00, 0x00, 0x00, 0x00, 0x1B, 0xFF, 0xF8, 0x00, 0xAF, 0xFA, 0x00, 0x00, 0x00,
    0x01, 0xBF, 0xFF, 0x70, 0x00, 0xAF, 0xFA, 0x00, 0x00, 0x00, 0x1C, 0xFF, 0xF7, 0x00, 0x00, 0xAF,
    0xFA, 0x00, 0x00, 0x01, 0xCF, 0xFF, 0x60, 0x00, 0x00, 0xAF, 0xFA, 0x00, 0x00, 0x2D, 0xFF, 0xF5,
    0x00, 0x00, 0x00, 0xAF, 0xFA, 0x00, 0x02, 0xDF, 0xFF, 0x40, 0x00, 0x00, 0x00, 0xAF, 0xFA, 0x00,
    0x3E, 0xFF, 0xE4, 0x00, 0x00, 0x00, 0x00, 0xAF, 0xFA, 0x03, 0xEF, 0xFE, 0x30, 0x00, 0x00, 0x00,
    0x00, 0xAF, 0xFA, 0x4E, 0xFF, 0xE3, 0x00, 0x00, 0x00, 0x00, 0x00, 0xAF, 0xFD, 0xEF, 0xFD, 0x20,
    0x00, 0x00, 0x00, 0x00, 0x00, 0xAF, 0xFF, 0xFF, 0xF2, 0x00, 0x00, 0x00, 0x00, 0x00, 0x00, 0xAF,
    0xFF, 0xFF, 0xFA, 0x00, 0x00, 0x00, 0x00, 0x00, 0x00, 0xAF, 0xFB, 0xBF, 0xFF, 0xA0, 0x00, 0x00,
    0x00, 0x00, 0x00, 0xAF, 0xFA, 0x1B, 0xFF, 0xF9, 0x00, 0x00, 0x00, 0x00, 0x00, 0xAF, 0xFA, 0x01,
    0xBF, 0xFF, 0x90, 0x00, 0x00, 0x00, 0x00, 0xAF, 0xFA, 0x00, 0x1B, 0xFF, 0xF9, 0x00, 0x00, 0x00,
    0x00, 0xAF, 0xFA, 0x00, 0x01, 0xCF, 0xFF, 0x90, 0x00, 0x00, 0x00, 0xAF, 0xFA, 0x00, 0x00, 0x1C,
    0xFF, 0xF9, 0x00, 0x00, 0x00, 0xAF, 0xFA, 0x00, 0x00, 0x01, 0xCF, 0xFF, 0x90, 0x00, 0x00, 0xAF,
    0xFA, 0x00, 0x00, 0x00, 0x1C, 0xFF, 0xF8, 0x00, 0x00, 0xAF, 0xFA, 0x00, 0x00, 0x00, 0x01, 0xCF,
    0xFF, 0x80, 0x00, 0xAF, 0xFA, 0x00, 0x00, 0x00, 0x00, 0x1C, 0xFF, 0xF8, 0x00, 0xAF, 0xFA, 0x00,
    0x00, 0x00, 0x00, 0x01, 0xCF, 0xFF, 0x80, 0xAF, 0xFA, 0x00, 0x00, 0x00, 0x00, 0x00, 0x1C, 0xFF,
    0xF8, 0x00, 0x00, 0x00, 0x00, 0x00, 0x00, 0x00, 0x00, 0x00, 0x00, 0x00, 0x00, 0x00, 0x00, 0x00,
    0x00, 0x00, 0x00, 0x00, 0x00, 0x00, 0x00, 0x00, 0x00, 0x00, 0x00, 0x00, 0x00, 0x00, 0x00, 0x00,
    0x00, 0x00, 0x00, 0x1F, 0xFF, 0x50, 0x00, 0x00, 0x00, 0x00, 0x00, 0x00, 0x00, 0x5F, 0xFB, 0x00,
    0x00, 0x00, 0x00, 0x00, 0x00, 0x00, 0x00, 0x9F, 0xF3, 0x00, 0x00, 0x00, 0x00, 0x00, 0x00, 0x00,
    0x00, 0xDF, 0xA0, 0x00, 0x00, 0x00, 0x00, 0x00, 0x00, 0x00, 0x02, 0xFF, 0x20, 0x00, 0x00, 0x00,
    0x00, 0xEF, 0xF2, 0x00, 0x00, 0x00, 0x00, 0x00, 0x00, 0x00, 0xEF, 0xF2, 0x00, 0x00, 0x00, 0x00,
    0x00, 0x00, 0x00, 0xEF, 0xF2, 0x00, 0x00, 0x00, 0x00, 0x00, 0x00, 0x00, 0xEF, 0xF2, 0x00, 0x00,
    0x00, 0x00, 0x00, 0x00, 0x00, 0xEF, 0xF2, 0x00, 0x00, 0x00, 0x00, 0x00, 0x00, 0x00, 0xEF, 0xF2,
    0x00, 0x00, 0x00, 0x00, 0x00, 0x00, 0x00, 0xEF, 0xF2, 0x00, 0x00, 0x00, 0x00, 0x00, 0x00, 0x00,
    0xEF, 0xF2, 0x00, 0x00, 0x00, 0x05, 0xFF, 0xF9, 0x00, 0xEF, 0xF2, 0x00, 0x00, 0x00, 0x6F, 0xFF,
    0x80, 0x00, 0xEF, 0xF2, 0x00, 0x00, 0x08, 0xFF, 0xF6, 0x00, 0x00, 0xEF, 0xF2, 0x00, 0x00, 0x9F,
    0xFF, 0x50, 0x00, 0x00, 0xEF, 0xF2, 0x00, 0x1B, 0xFF, 0xE4, 0x00, 0x00, 0x00, 0xEF, 0xF2, 0x01,
    0xCF, 0xFD, 0x30, 0x00, 0x00, 0x00, 0xEF, 0xF2, 0x2D, 0xFF, 0xD2, 0x00, 0x00, 0x00, 0x00, 0xEF,
    0xF5, 0xDF, 0xFC, 0x10, 0x00, 0x00, 0x00, 0x00, 0xEF, 0xFF, 0xFF, 0xB1, 0x00, 0x00, 0x00, 0x00,
    0x00, 0xEF, 0xFE, 0xFF, 0xD1, 0x00, 0x00, 0x00, 0x00, 0x00, 0xEF, 0xF5, 0xDF, 0xFD, 0x20, 0x00,
    0x00, 0x00, 0x00, 0xEF, 0xF2, 0x2D, 0xFF, 0xD2, 0x00, 0x00, 0x00, 0x00, 0xEF, 0xF2, 0x02, 0xDF,
    0xFD, 0x20, 0x00, 0x00, 0x00, 0xEF, 0xF2, 0x00, 0x2D, 0xFF, 0xD2, 0x00, 0x00, 0x00, 0xEF, 0xF2,
    0x00, 0x02, 0xDF, 0xFD, 0x20, 0x00, 0x00, 0xEF, 0xF2, 0x00, 0x00, 0x2D, 0xFF, 0xD2, 0x00, 0x00,
    0xEF, 0xF2, 0x00, 0x00, 0x01, 0xDF, 0xFD, 0x20, 0x00, 0xEF, 0xF2, 0x00, 0x00, 0x00, 0x1C, 0xFF,
    0xE2, 0x00, 0xEF, 0xF2, 0x00, 0x00, 0x00, 0x01, 0xCF, 0xFE, 0x30, 0x00, 0x00, 0x00, 0x00, 0x00,
    0x00, 0x00, 0x00, 0x00, 0x00, 0x00, 0x00, 0x00, 0x00, 0x00, 0x00, 0x00, 0x00, 0x00, 0x00, 0x00,
    0x00, 0x00, 0x00, 0x00, 0x00, 0x00, 0x00, 0x00, 0x00, 0x0E, 0xFF, 0x70, 0x00, 0x00, 0x00, 0x00,
    0x00, 0x00, 0x3F, 0xFD, 0x00, 0x00, 0x00, 0x00, 0x00, 0x00, 0x00, 0x7F, 0xF6, 0x00, 0x00, 0x00,
    0x00, 0x00, 0x00, 0x00, 0xBF, 0xC0, 0x00, 0x00, 0x00, 0x00, 0x00, 0x00, 0x00, 0xEF, 0x40, 0x00,
    0x00, 0x00, 0x00, 0xEF, 0xF2, 0x00, 0x00, 0x00, 0x05, 0xFF, 0xF9, 0x00, 0xEF, 0xF2, 0x00, 0x00,
    0x00, 0x6F, 0xFF, 0x80, 0x00, 0xEF, 0xF2, 0x00, 0x00, 0x07, 0xFF, 0xF6, 0x00, 0x00, 0xEF, 0xF2,
    0x00, 0x00, 0x9F, 0xFF, 0x50, 0x00, 0x00, 0xEF, 0xF2, 0x00, 0x0A, 0xFF, 0xE4, 0x00, 0x00, 0x00,
    0xEF, 0xF2, 0x01, 0xBF, 0xFE, 0x30, 0x00, 0x00, 0x00, 0xEF, 0xF2, 0x2C, 0xFF, 0xD2, 0x00, 0x00,
    0x00, 0x00, 0xEF, 0xF5, 0xDF, 0xFC, 0x10, 0x00, 0x00, 0x00, 0x00, 0xEF, 0xFF, 0xFF, 0xB1, 0x00,
    0x00, 0x00, 0x00, 0x00, 0xEF, 0xFF, 0xFF, 0xC1, 0x00, 0x00, 0x00, 0x00, 0x00, 0xEF, 0xF5, 0xEF,
    0xFC, 0x10, 0x00, 0x00, 0x00, 0x00, 0xEF, 0xF2, 0x2E, 0xFF, 0xD1, 0x00, 0x00, 0x00, 0x00, 0xEF,
    0xF2, 0x02, 0xDF, 0xFD, 0x20, 0x00, 0x00, 0x00, 0xEF, 0xF2, 0x00, 0x2D, 0xFF, 0xD2, 0x00, 0x00,
    0x00, 0xEF, 0xF2, 0x00, 0x02, 0xDF, 0xFD, 0x20, 0x00, 0x00, 0xEF, 0xF2, 0x00, 0x00, 0x2D, 0xFF,
    0xD2, 0x00, 0x00, 0xEF, 0xF2, 0x00, 0x00, 0x02, 0xDF, 0xFD, 0x20, 0x00, 0xEF, 0xF2, 0x00, 0x00,
    0x00, 0x1C, 0xFF, 0xE2, 0x00, 0xEF, 0xF2, 0x00, 0x00, 0x00, 0x01, 0xCF, 0xFE, 0x30, 0x00, 0x06,
    0xFF, 0x90, 0x00, 0x00, 0x00, 0x00, 0x00, 0x4F, 0xFA, 0x00, 0x00, 0x00, 0x00, 0x00, 0x02, 0xEF,
    0xA0, 0x00, 0x00, 0x00, 0x00, 0x00, 0x1C, 0xFB, 0x00, 0x00, 0x00, 0x00, 0x00, 0x00, 0x00, 0x00,
    0x00, 0x00, 0x00, 0x00, 0x00, 0x00, 0x00, 0x00, 0x00, 0x00, 0x00, 0x00, 0x00, 0x00, 0xAF, 0xFA,
    0x00, 0x00, 0x00, 0x00, 0x00, 0x00, 0xAF, 0xFA, 0x00, 0x00, 0x00, 0x00, 0x00, 0x00, 0xAF, 0xFA,
    0x00, 0x00, 0x00, 0x00, 0x00, 0x00, 0xAF, 0xFA, 0x00, 0x00, 0x00, 0x00, 0x00, 0x00, 0xAF, 0xFA,
    0x00, 0x00, 0x00, 0x00, 0x00, 0x00, 0xAF, 0xFA, 0x00, 0x00, 0x00, 0x00, 0x00, 0x00, 0xAF, 0xFA,
    0x00, 0x00, 0x00, 0x00, 0x00, 0x00, 0xAF, 0xFA, 0x00, 0x00, 0x00, 0x00, 0x00, 0x00, 0xAF, 0xFA,
    0x00, 0x00, 0x00, 0x00, 0x00, 0x00, 0xAF, 0xFA, 0x00, 0x00, 0x00, 0x00, 0x00, 0x00, 0xAF, 0xFA,
    0x00, 0x00, 0x00, 0x00, 0x00, 0x00, 0xAF, 0xFA, 0x00, 0x00, 0x00, 0x00, 0x00, 0x00, 0xAF, 0xFA,
    0x00, 0x00, 0x00, 0x00, 0x00, 0x00, 0xAF, 0xFA, 0x00, 0x00, 0x00, 0x00, 0x00, 0x00, 0xAF, 0xFA,
    0x00, 0x00, 0x00, 0x00, 0x00, 0x00, 0xAF, 0xFA, 0x00, 0x00, 0x00, 0x00, 0x00, 0x00, 0xAF, 0xFA,
    0x00, 0x00, 0x00, 0x00, 0x00, 0x00, 0xAF, 0xFA, 0x00, 0x00, 0x00, 0x00, 0x00, 0x00, 0xAF, 0xFA,
    0x00, 0x00, 0x00, 0x00, 0x00, 0x00, 0xAF, 0xFA, 0x00, 0x00, 0x00, 0x00, 0x00, 0x00, 0xAF, 0xFA,
    0x00, 0x00, 0x00, 0x00, 0x00, 0x00, 0xAF, 0xFA, 0x00, 0x00, 0x00, 0x00, 0x00, 0x00, 0xAF, 0xFF,
    0xFF, 0xFF, 0xFF, 0xFF, 0xFF, 0xFC, 0xAF, 0xFF, 0xFF, 0xFF, 0xFF, 0xFF, 0xFF, 0xFC, 0xAF, 0xFF,
    0xFF, 0xFF, 0xFF, 0xFF, 0xFF, 0xFC, 0x00, 0x0B, 0xFF, 0x40, 0x00, 0x9F, 0xF5, 0x00, 0x06, 0xFF,
    0x60, 0x00, 0x3F, 0xF6, 0x00, 0x00, 0x00, 0x00, 0x00, 0x00, 0xCF, 0xF4, 0x00, 0x00, 0xCF, 0xF4,
    0x00, 0x00, 0xCF, 0xF4, 0x00, 0x00, 0xCF, 0xF4, 0x00, 0x00, 0xCF, 0xF4, 0x00, 0x00, 0xCF, 0xF4,
    0x00, 0x00, 0xCF, 0xF4, 0x00, 0x00, 0xCF, 0xF4, 0x00, 0x00, 0xCF, 0xF4, 0x00, 0x00, 0xCF, 0xF4,
    0x00, 0x00, 0xCF, 0xF4, 0x00, 0x00, 0xCF, 0xF4, 0x00, 0x00, 0xCF, 0xF4, 0x00, 0x00, 0xCF, 0xF4,
    0x00, 0x00, 0xCF, 0xF4, 0x00, 0x00, 0xCF, 0xF4, 0x00, 0x00, 0xCF, 0xF4, 0x00, 0x00, 0xCF, 0xF4,
    0x00, 0x00, 0xCF, 0xF4, 0x00, 0x00, 0xCF, 0xF4, 0x00, 0x00, 0xCF, 0xF4, 0x00, 0x00, 0xCF, 0xF4,
    0x00, 0x00, 0xCF, 0xF4, 0x00, 0x00, 0xCF, 0xF4, 0x00, 0x00, 0xCF, 0xF4, 0x00, 0x00, 0xCF, 0xF4,
    0x00, 0x00, 0xAF, 0xFA, 0x00, 0x00, 0x00, 0x00, 0x00, 0x00, 0xAF, 0xFA, 0x00, 0x00, 0x00, 0x00,
    0x00, 0x00, 0xAF, 0xFA, 0x00, 0x00, 0x00, 0x00, 0x00, 0x00, 0xAF, 0xFA, 0x00, 0x00, 0x00, 0x00,
    0x00, 0x00, 0xAF, 0xFA, 0x00, 0x00, 0x00, 0x00, 0x00, 0x00, 0xAF, 0xFA, 0x00, 0x00, 0x00, 0x00,
    0x00, 0x00, 0xAF, 0xFA, 0x00, 0x00, 0x00, 0x00, 0x00, 0x00, 0xAF, 0xFA, 0x00, 0x00, 0x00, 0x00,
    0x00, 0x00, 0xAF, 0xFA, 0x00, 0x00, 0x00, 0x00, 0x00, 0x00, 0xAF, 0xFA, 0x00, 0x00, 0x00, 0x00,
    0x00, 0x00, 0xAF, 0xFA, 0x00, 0x00, 0x00, 0x00, 0x00, 0x00, 0xAF, 0xFA, 0x00, 0x00, 0x00, 0x00,
    0x00, 0x00, 0xAF, 0xFA, 0x00, 0x00, 0x00, 0x00, 0x00, 0x00, 0xAF, 0xFA, 0x00, 0x00, 0x00, 0x00,
    0x00, 0x00, 0xAF, 0xFA, 0x00, 0x00, 0x00, 0x00, 0x00, 0x00, 0xAF, 0xFA, 0x00, 0x00, 0x00, 0x00,
    0x00, 0x00, 0xAF, 0xFA, 0x00, 0x00, 0x00, 0x00, 0x00, 0x00, 0xAF, 0xFA, 0x00, 0x00, 0x00, 0x00,
    0x00, 0x00, 0xAF, 0xFA, 0x00, 0x00, 0x00, 0x00, 0x00, 0x00, 0xAF, 0xFA, 0x00, 0x00, 0x00, 0x00,
    0x00, 0x00, 0xAF, 0xFA, 0x00, 0x00, 0x00, 0x00, 0x00, 0x00, 0xAF, 0xFA, 0x00, 0x00, 0x00, 0x00,
    0x00, 0x00, 0xAF, 0xFF, 0xFF, 0xFF, 0xFF, 0xFF, 0xFF, 0xFC, 0xAF, 0xFF, 0xFF, 0xFF, 0xFF, 0xFF,
    0xFF, 0xFC, 0xAF, 0xFF, 0xFF, 0xFF, 0xFF, 0xFF, 0xFF, 0xFC, 0x00, 0x00, 0x00, 0x00, 0x00, 0x00,
    0x00, 0x00, 0x00, 0x00, 0x00, 0x00, 0x00, 0x00, 0x00, 0x00, 0x00, 0x00, 0x00, 0x00, 0x00, 0x00,
    0x00, 0x00, 0x00, 0x00, 0x00, 0x3F, 0xFF, 0x30, 0x00, 0x00, 0x00, 0x00, 0x00, 0x7F, 0xFA, 0x00,
    0x00, 0x00, 0x00, 0x00, 0x00, 0xBF, 0xF2, 0x00, 0x00, 0x00, 0x00, 0x00, 0x00, 0xFF, 0x80, 0x00,
    0x00, 0x00, 0x00, 0x00, 0x04, 0xFE, 0x10, 0x00, 0x00, 0x00, 0x0C, 0xFF, 0x40, 0x0C, 0xFF, 0x40,
    0x0C, 0xFF, 0x40, 0x0C, 0xFF, 0x40, 0x0C, 0xFF, 0x40, 0x0C, 0xFF, 0x40, 0x0C, 0xFF, 0x40, 0x0C,
    0xFF, 0x40, 0x0C, 0xFF, 0x40, 0x0C, 0xFF, 0x40, 0x0C, 0xFF, 0x40, 0x0C, 0xFF, 0x40, 0x0C, 0xFF,
    0x40, 0x0C, 0xFF, 0x40, 0x0C, 0xFF, 0x40, 0x0C, 0xFF, 0x40, 0x0C, 0xFF, 0x40, 0x0C, 0xFF, 0x40,
    0x0C, 0xFF, 0x40, 0x0C, 0xFF, 0x40, 0x0C, 0xFF, 0x40, 0x0C, 0xFF, 0x40, 0x0C, 0xFF, 0x40, 0x0C,
    0xFF, 0x40, 0x0C, 0xFF, 0x40, 0x0C, 0xFF, 0x40, 0x00, 0x00, 0x00, 0x00, 0x00, 0x00, 0x00, 0x00,
    0x00, 0x08, 0xFF, 0xD0, 0x0C, 0xFF, 0x50, 0x1F, 0xFB, 0x00, 0x5F, 0xF3, 0x00, 0x9F, 0xA0, 0x00,
    0xAF, 0xFA, 0x00, 0x00, 0xEF, 0xF4, 0x00, 0x00, 0xAF, 0xFA, 0x00, 0x02, 0xFF, 0xE0, 0x00, 0x00,
    0xAF, 0xFA, 0x00, 0x05, 0xFF, 0x90, 0x00, 0x00, 0xAF, 0xFA, 0x00, 0x08, 0xFF, 0x50, 0x00, 0x00,
    0xAF, 0xFA, 0x00, 0x0B, 0xFE, 0x00, 0x00, 0x00, 0xAF, 0xFA, 0x00, 0x0E, 0xFA, 0x00, 0x00, 0x00,
    0xAF, 0xFA, 0x00, 0x00, 0x00, 0x00, 0x00, 0x00, 0xAF, 0xFA, 0x00, 0x00, 0x00, 0x00, 0x00, 0x00,
    0xAF, 0xFA, 0x00, 0x00, 0x00, 0x00, 0x00, 0x00, 0xAF, 0xFA, 0x00, 0x00, 0x00, 0x00, 0x00, 0x00,
    0xAF, 0xFA, 0x00, 0x00, 0x00, 0x00, 0x00, 0x00, 0xAF, 0xFA, 0x00, 0x00, 0x00, 0x00, 0x00, 0x00,
    0xAF, 0xFA, 0x00, 0x00, 0x00, 0x00, 0x00, 0x00, 0xAF, 0xFA, 0x00, 0x00, 0x00, 0x00, 0x00, 0x00,
    0xAF, 0xFA, 0x00, 0x00, 0x00, 0x00, 0x00, 0x00, 0xAF, 0xFA, 0x00, 0x00, 0x00, 0x00, 0x00, 0x00,
    0xAF, 0xFA, 0x00, 0x00, 0x00, 0x00, 0x00, 0x00, 0xAF, 0xFA, 0x00, 0x00, 0x00, 0x00, 0x00, 0x00,
    0xAF, 0xFA, 0x00, 0x00, 0x00, 0x00, 0x00, 0x00, 0xAF, 0xFA, 0x00, 0x00, 0x00, 0x00, 0x00, 0x00,
    0xAF, 0xFA, 0x00, 0x00, 0x00, 0x00, 0x00, 0x00, 0xAF, 0xFA, 0x00, 0x00, 0x00, 0x00, 0x00, 0x00,
    0xAF, 0xFF, 0xFF, 0xFF, 0xFF, 0xFF, 0xFF, 0xFC, 0xAF, 0xFF, 0xFF, 0xFF, 0xFF, 0xFF, 0xFF, 0xFC,
    0xAF, 0xFF, 0xFF, 0xFF, 0xFF, 0xFF, 0xFF, 0xFC, 0xCF, 0xF4, 0x00, 0xAF, 0xF9, 0xCF, 0xF4, 0x00,
    0xDF, 0xF4, 0xCF, 0xF4, 0x01, 0xFF, 0xE0, 0xCF, 0xF4, 0x04, 0xFF, 0x90, 0xCF, 0xF4, 0x06, 0xFF,
    0x40, 0xCF, 0xF4, 0x09, 0xFE, 0x00, 0xCF, 0xF4, 0x00, 0x00, 0x00, 0xCF, 0xF4, 0x00, 0x00, 0x00,
    0xCF, 0xF4, 0x00, 0x00, 0x00, 0xCF, 0xF4, 0x00, 0x00, 0x00, 0xCF, 0xF4, 0x00, 0x00, 0x00, 0xCF,
    0xF4, 0x00, 0x00, 0x00, 0xCF, 0xF4, 0x00, 0x00, 0x00, 0xCF, 0xF4, 0x00, 0x00, 0x00, 0xCF, 0xF4,
    0x00, 0x00, 0x00, 0xCF, 0xF4, 0x00, 0x00, 0x00, 0xCF, 0xF4, 0x00, 0x00, 0x00, 0xCF, 0xF4, 0x00,
    0x00, 0x00, 0xCF, 0xF4, 0x00, 0x00, 0x00, 0xCF, 0xF4, 0x00, 0x00, 0x00, 0xCF, 0xF4, 0x00, 0x00,
    0x00, 0xCF, 0xF4, 0x00, 0x00, 0x00, 0xCF, 0xF4, 0x00, 0x00, 0x00, 0xCF, 0xF4, 0x00, 0x00, 0x00,
    0xCF, 0xF4, 0x00, 0x00, 0x00, 0xCF, 0xF4, 0x00, 0x00, 0x00, 0xAF, 0xFA, 0x00, 0x00, 0x00, 0x00,
    0x00, 0x00, 0xAF, 0xFA, 0x00, 0x00, 0x00, 0x00, 0x00, 0x00, 0xAF, 0xFA, 0x00, 0x00, 0x00, 0x00,
    0x00, 0x00, 0xAF, 0xFA, 0x00, 0x00, 0x00, 0x00, 0x00, 0x00, 0xAF, 0xFA, 0x00, 0x00, 0x00, 0x00,
    0x00, 0x00, 0xAF, 0xFA, 0x00, 0x00, 0x00, 0x00, 0x00, 0x00, 0xAF, 0xFA, 0x00, 0x00, 0x00, 0x00,
    0x00, 0x00, 0xAF, 0xFA, 0x00, 0x00, 0x00, 0x00, 0x00, 0x00, 0xAF, 0xFA, 0x00, 0x00, 0x00, 0x00,
    0x00, 0x00, 0xAF, 0xFA, 0x00, 0x00, 0x01, 0xFF, 0xF7, 0x00, 0xAF, 0xFA, 0x00, 0x00, 0x01, 0xFF,
    0xF7, 0x00, 0xAF, 0xFA, 0x00, 0x00, 0x01, 0xFF, 0xF7, 0x00, 0xAF, 0xFA, 0x00, 0x00, 0x01, 0xFF,
    0xF7, 0x00, 0xAF, 0xFA, 0x00, 0x00, 0x00, 0x00, 0x00, 0x00, 0xAF, 0xFA, 0x00, 0x00, 0x00, 0x00,
    0x00, 0x00, 0xAF, 0xFA, 0x00, 0x00, 0x00, 0x00, 0x00, 0x00, 0xAF, 0xFA, 0x00, 0x00, 0x00, 0x00,
    0x00, 0x00, 0xAF, 0xFA, 0x00, 0x00, 0x00, 0x00, 0x00, 0x00, 0xAF, 0xFA, 0x00, 0x00, 0x00, 0x00,
    0x00, 0x00, 0xAF, 0xFA, 0x00, 0x00, 0x00, 0x00, 0x00, 0x00, 0xAF, 0xFA, 0x00, 0x00, 0x00, 0x00,
    0x00, 0x00, 0xAF, 0xFA, 0x00, 0x00, 0x00, 0x00, 0x00, 0x00, 0xAF, 0xFF, 0xFF, 0xFF, 0xFF, 0xFF,
    0xFF, 0xFC, 0xAF, 0xFF, 0xFF, 0xFF, 0xFF, 0xFF, 0xFF, 0xFC, 0xAF, 0xFF, 0xFF, 0xFF, 0xFF, 0xFF,
    0xFF, 0xFC, 0xCF, 0xF4, 0x00, 0x00, 0xCF, 0xF4, 0x00, 0x00, 0xCF, 0xF4, 0x00, 0x00, 0xCF, 0xF4,
    0x00, 0x00, 0xCF, 0xF4, 0x00, 0x00, 0xCF, 0xF4, 0x00, 0x00, 0xCF, 0xF4, 0x00, 0x00, 0xCF, 0xF4,
    0x00, 0x00, 0xCF, 0xF4, 0x00, 0x00, 0xCF, 0xF4, 0x00, 0x00, 0xCF, 0xF4, 0xCF, 0xFA, 0xCF, 0xF4,
    0xCF, 0xFA, 0xCF, 0xF4, 0xCF, 0xFA, 0xCF, 0xF4, 0xCF, 0xFA, 0xCF, 0xF4, 0x00, 0x00, 0xCF, 0xF4,
    0x00, 0x00, 0xCF, 0xF4, 0x00, 0x00, 0xCF, 0xF4, 0x00, 0x00, 0xCF, 0xF4, 0x00, 0x00, 0xCF, 0xF4,
    0x00, 0x00, 0xCF, 0xF4, 0x00, 0x00, 0xCF, 0xF4, 0x00, 0x00, 0xCF, 0xF4, 0x00, 0x00, 0xCF, 0xF4,
    0x00, 0x00, 0xCF, 0xF4, 0x00, 0x00, 0xCF, 0xF4, 0x00, 0x00, 0x00, 0x00, 0x8F, 0xFD, 0x00, 0x00,
    0x00, 0x00, 0x00, 0x00, 0x00, 0x00, 0x8F, 0xFD, 0x00, 0x00, 0x00, 0x00, 0x00, 0x00, 0x00, 0x00,
    0x8F, 0xFD, 0x00, 0x00, 0x00, 0x00, 0x00, 0x00, 0x00, 0x00, 0x8F, 0xFD, 0x00, 0x00, 0x00, 0x00,
    0x00, 0x00, 0x00, 0x00, 0x8F, 0xFD, 0x00, 0x00, 0x00, 0x00, 0x00, 0x00, 0x00, 0x00, 0x8F, 0xFD,
    0x00, 0x00, 0x00, 0x00, 0x00, 0x00, 0x00, 0x00, 0x8F, 0xFD, 0x00, 0x00, 0x11, 0x00, 0x00, 0x00,
    0x00, 0x00, 0x8F, 0xFD, 0x00, 0x04, 0xEB, 0x00, 0x00, 0x00, 0x00, 0x00, 0x8F, 0xFD, 0x01, 0x9F,
    0xFE, 0x20, 0x00, 0x00, 0x00, 0x00, 0x8F, 0xFD, 0x3D, 0xFF, 0xB2, 0x00, 0x00, 0x00, 0x00, 0x00,
    0x8F, 0xFF, 0xFF, 0xF7, 0x00, 0x00, 0x00, 0x00, 0x00, 0x00, 0x8F, 0xFF, 0xFD, 0x30, 0x00, 0x00,
    0x00, 0x00, 0x00, 0x00, 0x9F, 0xFF, 0x90, 0x00, 0x00, 0x00, 0x00, 0x00, 0x00, 0x1A, 0xFF, 0xFD,
    0x00, 0x00, 0x00, 0x00, 0x00, 0x00, 0x04, 0xDF, 0xFF, 0xFD, 0x00, 0x00, 0x00, 0x00, 0x00, 0x00,
    0x1E, 0xFE, 0xBF, 0xFD, 0x00, 0x00, 0x00, 0x00, 0x00, 0x00, 0x06, 0xB2, 0x8F, 0xFD, 0x00, 0x00,
    0x00, 0x00, 0x00, 0x00, 0x00, 0x00, 0x8F, 0xFD, 0x00, 0x00, 0x00, 0x00, 0x00, 0x00, 0x00, 0x00,
    0x8F, 0xFD, 0x00, 0x00, 0x00, 0x00, 0x00, 0x00, 0x00, 0x00, 0x8F, 0xFD, 0x00, 0x00, 0x00, 0x00,
    0x00, 0x00, 0x00, 0x00, 0x8F, 0xFD, 0x00, 0x00, 0x00, 0x00, 0x00, 0x00, 0x00, 0x00, 0x8F, 0xFD,
    0x00, 0x00, 0x00, 0x00, 0x00, 0x00, 0x00, 0x00, 0x8F, 0xFF, 0xFF, 0xFF, 0xFF, 0xFF, 0xFF, 0xFE,
    0x00, 0x00, 0x8F, 0xFF, 0xFF, 0xFF, 0xFF, 0xFF, 0xFF, 0xFE, 0x00, 0x00, 0x8F, 0xFF, 0xFF, 0xFF,
    0xFF, 0xFF, 0xFF, 0xFE, 0x00, 0x0B, 0xFF, 0x50, 0x00, 0x00, 0x0B, 0xFF, 0x50, 0x00, 0x00, 0x0B,
    0xFF, 0x50, 0x00, 0x00, 0x0B, 0xFF, 0x50, 0x00, 0x00, 0x0B, 0xFF, 0x50, 0x00, 0x00, 0x0B, 0xFF,
    0x50, 0x00, 0x00, 0x0B, 0xFF, 0x50, 0x00, 0x00, 0x0B, 0xFF, 0x50, 0x00, 0x00, 0x0B, 0xFF, 0x50,
    0x30, 0x00, 0x0B, 0xFF, 0x7B, 0xE2, 0x00, 0x0B, 0xFF, 0xFF, 0xF6, 0x00, 0x0B, 0xFF, 0xFD, 0x30,
    0x00, 0x3E, 0xFF, 0xA1, 0x00, 0x07, 0xFF, 0xFF, 0x50, 0x00, 0xAF, 0xFF, 0xFF, 0x50, 0x00, 0x5F,
    0x7B, 0xFF, 0x50, 0x00, 0x02, 0x0B, 0xFF, 0x50, 0x00, 0x00, 0x0B, 0xFF, 0x50, 0x00, 0x00, 0x0B,
    0xFF, 0x50, 0x00, 0x00, 0x0B, 0xFF, 0x50, 0x00, 0x00, 0x0B, 0xFF, 0x50, 0x00, 0x00, 0x0B, 0xFF,
    0x50, 0x00, 0x00, 0x0B, 0xFF, 0x50, 0x00, 0x00, 0x0B, 0xFF, 0x50, 0x00, 0x00, 0x0B, 0xFF, 0x50,
    0x00, 0x00, 0x0B, 0xFF, 0x50, 0x00, 0x00, 0x00, 0x00, 0x00, 0x0B, 0xFF, 0x40, 0x00, 0x00, 0x00,
    0x00, 0x00, 0x00, 0x00, 0x8F, 0xF5, 0x00, 0x00, 0x00, 0x00, 0x00, 0x00, 0x00, 0x05, 0xFF, 0x60,
    0x00, 0x00, 0x00, 0x00, 0x00, 0x00, 0x00, 0x3F, 0xF7, 0x00, 0x00, 0x00, 0x00, 0x00, 0x00, 0x00,
    0x00, 0x00, 0x00, 0x00, 0x00, 0x00, 0x00, 0x00, 0x00, 0x00, 0x00, 0x00, 0x00, 0x00, 0x00, 0x00,
    0x00, 0x00, 0xAF, 0xFF, 0xF2, 0x00, 0x00, 0x00, 0x00, 0x02, 0xFF, 0xF1, 0xAF, 0xFF, 0xFA, 0x00,
    0x00, 0x00, 0x00, 0x02, 0xFF, 0xF1, 0xAF, 0xFF, 0xFF, 0x30, 0x00, 0x00, 0x00, 0x02, 0xFF, 0xF1,
    0xAF, 0xFF, 0xFF, 0xA0, 0x00, 0x00, 0x00, 0x02, 0xFF, 0xF1, 0xAF, 0xFC, 0xFF, 0xF3, 0x00, 0x00,
    0x00, 0x02, 0xFF, 0xF1, 0xAF, 0xF9, 0xAF, 0xFB, 0x00, 0x00, 0x00, 0x02, 0xFF, 0xF1, 0xAF, 0xF9,
    0x2F, 0xFF, 0x40, 0x00, 0x00, 0x02, 0xFF, 0xF1, 0xAF, 0xF9, 0x09, 0xFF, 0xC0, 0x00, 0x00, 0x02,
    0xFF, 0xF1, 0xAF, 0xF9, 0x02, 0xFF, 0xF5, 0x00, 0x00, 0x02, 0xFF, 0xF1, 0xAF, 0xF9, 0x00, 0x8F,
    0xFD, 0x00, 0x00, 0x02, 0xFF, 0xF1, 0xAF, 0xF9, 0x00, 0x1E, 0xFF, 0x60, 0x00, 0x02, 0xFF, 0xF1,
    0xAF, 0xF9, 0x00, 0x08, 0xFF, 0xD0, 0x00, 0x02, 0xFF, 0xF1, 0xAF, 0xF9, 0x00, 0x01, 0xEF, 0xF6,
    0x00, 0x02, 0xFF, 0xF1, 0xAF, 0xF9, 0x00, 0x00, 0x7F, 0xFE, 0x10, 0x02, 0xFF, 0xF1, 0xAF, 0xF9,
    0x00, 0x00, 0x1E, 0xFF, 0x70, 0x02, 0xFF, 0xF1, 0xAF, 0xF9, 0x00, 0x00, 0x06, 0xFF, 0xE1, 0x02,
    0xFF, 0xF1, 0xAF, 0xF9, 0x00, 0x00, 0x00, 0xDF, 0xF8, 0x02, 0xFF, 0xF1, 0xAF, 0xF9, 0x00, 0x00,
    0x00, 0x5F, 0xFE, 0x12, 0xFF, 0xF1, 0xAF, 0xF9, 0x00, 0x00, 0x00, 0x0C, 0xFF, 0x92, 0xFF, 0xF1,
    0xAF, 0xF9, 0x00, 0x00, 0x00, 0x05, 0xFF, 0xF4, 0xFF, 0xF1, 0xAF, 0xF9, 0x00, 0x00, 0x00, 0x00,
    0xCF, 0xFC, 0xFF, 0xF1, 0xAF, 0xF9, 0x00, 0x00, 0x00, 0x00, 0x4F, 0xFF, 0xFF, 0xF1, 0xAF, 0xF9,
    0x00, 0x00, 0x00, 0x00, 0x0B, 0xFF, 0xFF, 0xF1, 0xAF, 0xF9, 0x00, 0x00, 0x00, 0x00, 0x03, 0xFF,
    0xFF, 0xF1, 0xAF, 0xF9, 0x00, 0x00, 0x00, 0x00, 0x00, 0xAF, 0xFF, 0xF1, 0x00, 0x00, 0x00, 0x00,
    0x7F, 0xFB, 0x00, 0x00, 0x00, 0x00, 0x00, 0x04, 0xFF, 0xC1, 0x00, 0x00, 0x00, 0x00, 0x00, 0x2E,
    0xFD, 0x10, 0x00, 0x00, 0x00, 0x00, 0x00, 0xCF, 0xE2, 0x00, 0x00, 0x00, 0x00, 0x00, 0x09, 0xFE,
    0x30, 0x00, 0x00, 0x00, 0x00, 0x00, 0x5F, 0xF4, 0x00, 0x00, 0x00, 0x00, 0x00, 0x00, 0x00, 0x00,
    0x00, 0x00, 0x00, 0x00, 0x00, 0x00, 0x00, 0x00, 0x00, 0x00, 0x00, 0x00, 0xEF, 0xF2, 0x02, 0x8C,
    0xEF, 0xDA, 0x40, 0x00, 0xEF, 0xF2, 0x6E, 0xFF, 0xFF, 0xFF, 0xF8, 0x00, 0xEF, 0xF8, 0xFF, 0xFF,
    0xFF, 0xFF, 0xFF, 0x60, 0xEF, 0xFF, 0xFB, 0x51, 0x02, 0x6E, 0xFF, 0xE0, 0xEF, 0xFF, 0x80, 0x00,
    0x00, 0x03, 0xFF, 0xF4, 0xEF, 0xFC, 0x00, 0x00, 0x00, 0x00, 0xBF, 0xF7, 0xEF, 0xF6, 0x00, 0x00,
    0x00, 0x00, 0x7F, 0xF9, 0xEF, 0xF3, 0x00, 0x00, 0x00, 0x00, 0x6F, 0xFA, 0xEF, 0xF2, 0x00, 0x00,
    0x00, 0x00, 0x6F, 0xFA, 0xEF, 0xF2, 0x00, 0x00, 0x00, 0x00, 0x6F, 0xFA, 0xEF, 0xF2, 0x00, 0x00,
    0x00, 0x00, 0x6F, 0xFA, 0xEF, 0xF2, 0x00, 0x00, 0x00, 0x00, 0x6F, 0xFA, 0xEF, 0xF2, 0x00, 0x00,
    0x00, 0x00, 0x6F, 0xFA, 0xEF, 0xF2, 0x00, 0x00, 0x00, 0x00, 0x6F, 0xFA, 0xEF, 0xF2, 0x00, 0x00,
    0x00, 0x00, 0x6F, 0xFA, 0xEF, 0xF2, 0x00, 0x00, 0x00, 0x00, 0x6F, 0xFA, 0xEF, 0xF2, 0x00, 0x00,
    0x00, 0x00, 0x6F, 0xFA, 0xEF, 0xF2, 0x00, 0x00, 0x00, 0x00, 0x6F, 0xFA, 0xEF, 0xF2, 0x00, 0x00,
    0x00, 0x00, 0x6F, 0xFA, 0xAF, 0xFF, 0xF2, 0x00, 0x00, 0x00, 0x00, 0x02, 0xFF, 0xF1, 0xAF, 0xFF,
    0xFA, 0x00, 0x00, 0x00, 0x00, 0x02, 0xFF, 0xF1, 0xAF, 0xFF, 0xFF, 0x30, 0x00, 0x00, 0x00, 0x02,
    0xFF, 0xF1, 0xAF, 0xFF, 0xFF, 0xA0, 0x00, 0x00, 0x00, 0x02, 0xFF, 0xF1, 0xAF, 0xFC, 0xFF, 0xF3,
    0x00, 0x00, 0x00, 0x02, 0xFF, 0xF1, 0xAF, 0xF9, 0xAF, 0xFB, 0x00, 0x00, 0x00, 0x02, 0xFF, 0xF1,
    0xAF, 0xF9, 0x2F, 0xFF, 0x40, 0x00, 0x00, 0x02, 0xFF, 0xF1, 0xAF, 0xF9, 0x09, 0xFF, 0xC0, 0x00,
    0x00, 0x02, 0xFF, 0xF1, 0xAF, 0xF9, 0x02, 0xFF, 0xF5, 0x00, 0x00, 0x02, 0xFF, 0xF1, 0xAF, 0xF9,
    0x00, 0x8F, 0xFD, 0x00, 0x00, 0x02, 0xFF, 0xF1, 0xAF, 0xF9, 0x00, 0x1E, 0xFF, 0x60, 0x00, 0x02,
    0xFF, 0xF1, 0xAF, 0xF9, 0x00, 0x08, 0xFF, 0xD0, 0x00, 0x02, 0xFF, 0xF1, 0xAF, 0xF9, 0x00, 0x01,
    0xEF, 0xF6, 0x00, 0x02, 0xFF, 0xF1, 0xAF, 0xF9, 0x00, 0x00, 0x7F, 0xFE, 0x10, 0x02, 0xFF, 0xF1,
    0xAF, 0xF9, 0x00, 0x00, 0x1E, 0xFF, 0x70, 0x02, 0xFF, 0xF1, 0xAF, 0xF9, 0x00, 0x00, 0x06, 0xFF,
    0xE1, 0x02, 0xFF, 0xF1, 0xAF, 0xF9, 0x00, 0x00, 0x00, 0xDF, 0xF8, 0x02, 0xFF, 0xF1, 0xAF, 0xF9,
    0x00, 0x00, 0x00, 0x5F, 0xFE, 0x12, 0xFF, 0xF1, 0xAF, 0xF9, 0x00, 0x00, 0x00, 0x0C, 0xFF, 0x92,
    0xFF, 0xF1, 0xAF, 0xF9, 0x00, 0x00, 0x00, 0x05, 0xFF, 0xF4, 0xFF, 0xF1, 0xAF, 0xF9, 0x00, 0x00,
    0x00, 0x00, 0xCF, 0xFC, 0xFF, 0xF1, 0xAF, 0xF9, 0x00, 0x00, 0x00, 0x00, 0x4F, 0xFF, 0xFF, 0xF1,
    0xAF, 0xF9, 0x00, 0x00, 0x00, 0x00, 0x0B, 0xFF, 0xFF, 0xF1, 0xAF, 0xF9, 0x00, 0x00, 0x00, 0x00,
    0x03, 0xFF, 0xFF, 0xF1, 0xAF, 0xF9, 0x00, 0x00, 0x00, 0x00, 0x00, 0xAF, 0xFF, 0xF1, 0x00, 0x00,
    0x00, 0x00, 0x00, 0x00, 0x00, 0x00, 0x00, 0x00, 0x00, 0x00, 0x00, 0x00, 0x00, 0x00, 0x00, 0x00,
    0x00, 0x00, 0x00, 0x00, 0x00, 0x00, 0x00, 0x00, 0x00, 0x00, 0x00, 0x00, 0x00, 0x00, 0x00, 0x00,
    0x8F, 0xFD, 0x00, 0x00, 0x00, 0x00, 0x00, 0x00, 0x00, 0x00, 0xCF, 0xF5, 0x00, 0x00, 0x00, 0x00,
    0x00, 0x00, 0x00, 0x01, 0xFF, 0xB0, 0x00, 0x00, 0x00, 0x00, 0x00, 0x00, 0x00, 0x05, 0xFF, 0x30,
    0x00, 0x00, 0x00, 0x00, 0x00, 0x00, 0x00, 0x09, 0xFA, 0x00, 0x00, 0x00, 0x00, 0x00, 0xEF, 0xF2,
    0x02, 0x8C, 0xEF, 0xDA, 0x40, 0x00, 0xEF, 0xF2, 0x6E, 0xFF, 0xFF, 0xFF, 0xF8, 0x00, 0xEF, 0xF8,
    0xFF, 0xFF, 0xFF, 0xFF, 0xFF, 0x60, 0xEF, 0xFF, 0xFB, 0x51, 0x02, 0x6E, 0xFF, 0xE0, 0xEF, 0xFF,
    0x80, 0x00, 0x00, 0x03, 0xFF, 0xF4, 0xEF, 0xFC, 0x00, 0x00, 0x00, 0x00, 0xBF, 0xF7, 0xEF, 0xF6,
    0x00, 0x00, 0x00, 0x00, 0x7F, 0xF9, 0xEF, 0xF3, 0x00, 0x00, 0x00, 0x00, 0x6F, 0xFA, 0xEF, 0xF2,
    0x00, 0x00, 0x00, 0x00, 0x6F, 0xFA, 0xEF, 0xF2, 0x00, 0x00, 0x00, 0x00, 0x6F, 0xFA, 0xEF, 0xF2,
    0x00, 0x00, 0x00, 0x00, 0x6F, 0xFA, 0xEF, 0xF2, 0x00, 0x00, 0x00, 0x00, 0x6F, 0xFA, 0xEF, 0xF2,
    0x00, 0x00, 0x00, 0x00, 0x6F, 0xFA, 0xEF, 0xF2, 0x00, 0x00, 0x00, 0x00, 0x6F, 0xFA, 0xEF, 0xF2,
    0x00, 0x00, 0x00, 0x00, 0x6F, 0xFA, 0xEF, 0xF2, 0x00, 0x00, 0x00, 0x00, 0x6F, 0xFA, 0xEF, 0xF2,
    0x00, 0x00, 0x00, 0x00, 0x6F, 0xFA, 0xEF, 0xF2, 0x00, 0x00, 0x00, 0x00, 0x6F, 0xFA, 0xEF, 0xF2,
    0x00, 0x00, 0x00, 0x00, 0x6F, 0xFA, 0x00, 0x00, 0x00, 0x00, 0x00, 0x00, 0x00, 0x00, 0x00, 0x00,
    0x00, 0x00, 0x00, 0x00, 0x00, 0x00, 0x00, 0x00, 0x00, 0x00, 0x00, 0x00, 0x00, 0x00, 0x00, 0x00,
    0x00, 0x6F, 0xFE, 0x10, 0x00, 0x00, 0x00, 0x00, 0x00, 0xAF, 0xF7, 0x00, 0x00, 0x00, 0x00, 0x00,
    0x00, 0xEF, 0xD0, 0x00, 0x00, 0x00, 0x00, 0x00, 0x03, 0xFF, 0x50, 0x00, 0x00, 0x00, 0x00, 0x00,
    0x07, 0xFC, 0x00, 0x00, 0x00, 0x00, 0x00, 0x00, 0x2E, 0xF5, 0x00, 0x04, 0xEE, 0x30, 0x00, 0x00,
    0x00, 0x00, 0x03, 0xFF, 0x50, 0x4E, 0xF5, 0x00, 0x00, 0x00, 0x00, 0x00, 0x00, 0x5F, 0xF9, 0xFF,
    0x70, 0x00, 0x00, 0x00, 0x00, 0x00, 0x00, 0x07, 0xFF, 0xF8, 0x00, 0x00, 0x00, 0x00, 0x00, 0x00,
    0x00, 0x00, 0x00, 0x00, 0x00, 0x00, 0x00, 0x00, 0x00, 0x00, 0x00, 0x00, 0x00, 0x00, 0x00, 0x00,
    0x00, 0x00, 0xAF, 0xFF, 0xF2, 0x00, 0x00, 0x00, 0x00, 0x02, 0xFF, 0xF1, 0xAF, 0xFF, 0xFA, 0x00,
    0x00, 0x00, 0x00, 0x02, 0xFF, 0xF1, 0xAF, 0xFF, 0xFF, 0x30, 0x00, 0x00, 0x00, 0x02, 0xFF, 0xF1,
    0xAF, 0xFF, 0xFF, 0xA0, 0x00, 0x00, 0x00, 0x02, 0xFF, 0xF1, 0xAF, 0xFC, 0xFF, 0xF3, 0x00, 0x00,
    0x00, 0x02, 0xFF, 0xF1, 0xAF, 0xF9, 0xAF, 0xFB, 0x00, 0x00, 0x00, 0x02, 0xFF, 0xF1, 0xAF, 0xF9,
    0x2F, 0xFF, 0x40, 0x00, 0x00, 0x02, 0xFF, 0xF1, 0xAF, 0xF9, 0x09, 0xFF, 0xC0, 0x00, 0x00, 0x02,
    0xFF, 0xF1, 0xAF, 0xF9, 0x02, 0xFF, 0xF5, 0x00, 0x00, 0x02, 0xFF, 0xF1, 0xAF, 0xF9, 0x00, 0x8F,
    0xFD, 0x00, 0x00, 0x02, 0xFF, 0xF1, 0xAF, 0xF9, 0x00, 0x1E, 0xFF, 0x60, 0x00, 0x02, 0xFF, 0xF1,
    0xAF, 0xF9, 0x00, 0x08, 0xFF, 0xD0, 0x00, 0x02, 0xFF, 0xF1, 0xAF, 0xF9, 0x00, 0x01, 0xEF, 0xF6,
    0x00, 0x02, 0xFF, 0xF1, 0xAF, 0xF9, 0x00, 0x00, 0x7F, 0xFE, 0x10, 0x02, 0xFF, 0xF1, 0xAF, 0xF9,
    0x00, 0x00, 0x1E, 0xFF, 0x70, 0x02, 0xFF, 0xF1, 0xAF, 0xF9, 0x00, 0x00, 0x06, 0xFF, 0xE1, 0x02,
    0xFF, 0xF1, 0xAF, 0xF9, 0x00, 0x00, 0x00, 0xDF, 0xF8, 0x02, 0xFF, 0xF1, 0xAF, 0xF9, 0x00, 0x00,
    0x00, 0x5F, 0xFE, 0x12, 0xFF, 0xF1, 0xAF, 0xF9, 0x00, 0x00, 0x00, 0x0C, 0xFF, 0x92, 0xFF, 0xF1,
    0xAF, 0xF9, 0x00, 0x00, 0x00, 0x05, 0xFF, 0xF4, 0xFF, 0xF1, 0xAF, 0xF9, 0x00, 0x00, 0x00, 0x00,
    0xCF, 0xFC, 0xFF, 0xF1, 0xAF, 0xF9, 0x00, 0x00, 0x00, 0x00, 0x4F, 0xFF, 0xFF, 0xF1, 0xAF, 0xF9,
    0x00, 0x00, 0x00, 0x00, 0x0B, 0xFF, 0xFF, 0xF1, 0xAF, 0xF9, 0x00, 0x00, 0x00, 0x00, 0x03, 0xFF,
    0xFF, 0xF1, 0xAF, 0xF9, 0x00, 0x00, 0x00, 0x00, 0x00, 0xAF, 0xFF, 0xF1, 0x00, 0x2E, 0xF4, 0x00,
    0x00, 0x8F, 0xC0, 0x00, 0x00, 0x07, 0xFE, 0x10, 0x05, 0xFF, 0x20, 0x00, 0x00, 0x00, 0xBF, 0xB0,
    0x2E, 0xF7, 0x00, 0x00, 0x00, 0x00, 0x2E, 0xF8, 0xCF, 0xB0, 0x00, 0x00, 0x00, 0x00, 0x06, 0xFF,
    0xFE, 0x20, 0x00, 0x00, 0x00, 0x00, 0x00, 0xBF, 0xF6, 0x00, 0x00, 0x00, 0x00, 0x00, 0x00, 0x00,
    0x00, 0x00, 0x00, 0x00, 0x00, 0x00, 0x00, 0x00, 0x00, 0x00, 0x00, 0x00, 0xEF, 0xF2, 0x02, 0x8C,
    0xEF, 0xDA, 0x40, 0x00, 0xEF, 0xF2, 0x6E, 0xFF, 0xFF, 0xFF, 0xF8, 0x00, 0xEF, 0xF8, 0xFF, 0xFF,
    0xFF, 0xFF, 0xFF, 0x60, 0xEF, 0xFF, 0xFB, 0x51, 0x02, 0x6E, 0xFF, 0xE0, 0xEF, 0xFF, 0x80, 0x00,
    0x00, 0x03, 0xFF, 0xF4, 0xEF, 0xFC, 0x00, 0x00, 0x00, 0x00, 0xBF, 0xF7, 0xEF, 0xF6, 0x00, 0x00,
    0x00, 0x00, 0x7F, 0xF9, 0xEF, 0xF3, 0x00, 0x00, 0x00, 0x00, 0x6F, 0xFA, 0xEF, 0xF2, 0x00, 0x00,
    0x00, 0x00, 0x6F, 0xFA, 0xEF, 0xF2, 0x00, 0x00, 0x00, 0x00, 0x6F, 0xFA, 0xEF, 0xF2, 0x00, 0x00,
    0x00, 0x00, 0x6F, 0xFA, 0xEF, 0xF2, 0x00, 0x00, 0x00, 0x00, 0x6F, 0xFA, 0xEF, 0xF2, 0x00, 0x00,
    0x00, 0x00, 0x6F, 0xFA, 0xEF, 0xF2, 0x00, 0x00, 0x00, 0x00, 0x6F, 0xFA, 0xEF, 0xF2, 0x00, 0x00,
    0x00, 0x00, 0x6F, 0xFA, 0xEF, 0xF2, 0x00, 0x00, 0x00, 0x00, 0x6F, 0xFA, 0xEF, 0xF2, 0x00, 0x00,
    0x00, 0x00, 0x6F, 0xFA, 0xEF, 0xF2, 0x00, 0x00, 0x00, 0x00, 0x6F, 0xFA, 0xEF, 0xF2, 0x00, 0x00,
    0x00, 0x00, 0x6F, 0xFA, 0x04, 0xFF, 0xF4, 0x00, 0x00, 0x00, 0x00, 0x00, 0x00, 0x00, 0x00, 0x04,
    0xFF, 0xF4, 0x00, 0x00, 0x00, 0x00, 0x00, 0x00, 0x00, 0x00, 0x04, 0xFF, 0xF3, 0x00, 0x00, 0x00,
    0x00, 0x00, 0x00, 0x00, 0x00, 0x07, 0xFF, 0xC0, 0x00, 0x00, 0x00, 0x00, 0x00, 0x00, 0x00, 0x00,
    0x0B, 0xFF, 0x50, 0x00, 0x00, 0x00, 0x00, 0x00, 0x00, 0x00, 0x00, 0x0E, 0xFC, 0x00, 0x00, 0x00,
    0x00, 0x00, 0x00, 0x00, 0x00, 0x00, 0x3F, 0xF4, 0x04, 0xFF, 0xC0, 0x04, 0xAD, 0xEE, 0xC8, 0x10,
    0x00, 0x7F, 0xC0, 0x04, 0xFF, 0xC1, 0xAF, 0xFF, 0xFF, 0xFF, 0xE4, 0x00, 0x00, 0x00, 0x04, 0xFF,
    0xCB, 0xFF, 0xFF, 0xFF, 0xFF, 0xFE, 0x20, 0x00, 0x00, 0x04, 0xFF, 0xFF, 0xF8, 0x31, 0x03, 0x9F,
    0xFF, 0x90, 0x00, 0x00, 0x04, 0xFF, 0xFF, 0x40, 0x00, 0x00, 0x08, 0xFF, 0xE0, 0x00, 0x00, 0x04,
    0xFF, 0xF7, 0x00, 0x00, 0x00, 0x01, 0xFF, 0xF2, 0x00, 0x00, 0x04, 0xFF, 0xF1, 0x00, 0x00, 0x00,
    0x00, 0xCF, 0xF4, 0x00, 0x00, 0x04, 0xFF, 0xD0, 0x00, 0x00, 0x00, 0x00, 0xBF, 0xF5, 0x00, 0x00,
    0x04, 0xFF, 0xC0, 0x00, 0x00, 0x00, 0x00, 0xBF, 0xF5, 0x00, 0x00, 0x04, 0xFF, 0xC0, 0x00, 0x00,
    0x00, 0x00, 0xBF, 0xF5, 0x00, 0x00, 0x04, 0xFF, 0xC0, 0x00, 0x00, 0x00, 0x00, 0xBF, 0xF5, 0x00,
    0x00, 0x04, 0xFF, 0xC0, 0x00, 0x00, 0x00, 0x00, 0xBF, 0xF5, 0x00, 0x00, 0x04, 0xFF, 0xC0, 0x00,
    0x00, 0x00, 0x00, 0xBF, 0xF5, 0x00, 0x00, 0x04, 0xFF, 0xC0, 0x00, 0x00, 0x00, 0x00, 0xBF, 0xF5,
    0x00, 0x00, 0x04, 0xFF, 0xC0, 0x00, 0x00, 0x00, 0x00, 0xBF, 0xF5, 0x00, 0x00, 0x04, 0xFF, 0xC0,
    0x00, 0x00, 0x00, 0x00, 0xBF, 0xF5, 0x00, 0x00, 0x04, 0xFF, 0xC0, 0x00, 0x00, 0x00, 0x00, 0xBF,
    0xF5, 0x00, 0x00, 0x04, 0xFF, 0xC0, 0x00, 0x00, 0x00, 0x00, 0xBF, 0xF5, 0x00, 0x00, 0x04, 0xFF,
    0xC0, 0x00, 0x00, 0x00, 0x00, 0xBF, 0xF5, 0xAF, 0xFA, 0x00, 0x38, 0xCD, 0xEE, 0xD9, 0x30, 0x00,
    0x00, 0xAF, 0xFA, 0x05, 0xFF, 0xFF, 0xFF, 0xFF, 0xF9, 0x00, 0x00, 0xAF, 0xFA, 0x4F, 0xFF, 0xFF,
    0xFF, 0xFF, 0xFF, 0x90, 0x00, 0xAF, 0xFB, 0xEF, 0xF9, 0x41, 0x02, 0x7E, 0xFF, 0xF4, 0x00, 0xAF,
    0xFF, 0xFE, 0x30, 0x00, 0x00, 0x03, 0xFF, 0xFB, 0x00, 0xAF, 0xFF, 0xF3, 0x00, 0x00, 0x00, 0x00,
    0x8F, 0xFF, 0x10, 0xAF, 0xFF, 0x90, 0x00, 0x00, 0x00, 0x00, 0x2F, 0xFF, 0x40, 0xAF, 0xFF, 0x30,
    0x00, 0x00, 0x00, 0x00, 0x0D, 0xFF, 0x70, 0xAF, 0xFE, 0x00, 0x00, 0x00, 0x00, 0x00, 0x0B, 0xFF,
    0x90, 0xAF, 0xFC, 0x00, 0x00, 0x00, 0x00, 0x00, 0x0A, 0xFF, 0x90, 0xAF, 0xFB, 0x00, 0x00, 0x00,
    0x00, 0x00, 0x0A, 0xFF, 0xA0, 0xAF, 0xFA, 0x00, 0x00, 0x00, 0x00, 0x00, 0x0A, 0xFF, 0xA0, 0xAF,
    0xFA, 0x00, 0x00, 0x00, 0x00, 0x00, 0x0A, 0xFF, 0xA0, 0xAF, 0xFA, 0x00, 0x00, 0x00, 0x00, 0x00,
    0x0A, 0xFF, 0xA0, 0xAF, 0xFA, 0x00, 0x00, 0x00, 0x00, 0x00, 0x0A, 0xFF, 0xA0, 0xAF, 0xFA, 0x00,
    0x00, 0x00, 0x00, 0x00, 0x0A, 0xFF, 0xA0, 0xAF, 0xFA, 0x00, 0x00, 0x00, 0x00, 0x00, 0x0A, 0xFF,
    0xA0, 0xAF, 0xFA, 0x00, 0x00, 0x00, 0x00, 0x00, 0x0A, 0xFF, 0xA0, 0xAF, 0xFA, 0x00, 0x00, 0x00,
    0x00, 0x00, 0x0A, 0xFF, 0xA0, 0xAF, 0xFA, 0x00, 0x00, 0x00, 0x00, 0x00, 0x0A, 0xFF, 0xA0, 0xAF,
    0xFA, 0x00, 0x00, 0x00, 0x00, 0x00, 0x0A, 0xFF, 0xA0, 0xAF, 0xFA, 0x00, 0x00, 0x00, 0x00, 0x00,
    0x0A, 0xFF, 0xA0, 0xAF, 0xFA, 0x00, 0x00, 0x00, 0x00, 0x00, 0x0A, 0xFF, 0xA0, 0xAF, 0xFA, 0x00,
    0x00, 0x00, 0x00, 0x00, 0x0A, 0xFF, 0xA0, 0xAF, 0xFA, 0x00, 0x00, 0x00, 0x00, 0x00, 0x0A, 0xFF,
    0xA0, 0x00, 0x00, 0x00, 0x00, 0x00, 0x00, 0x00, 0x0A, 0xFF, 0xA0, 0x00, 0x00, 0x00, 0x00, 0x00,
    0x00, 0x00, 0x0B, 0xFF, 0x90, 0x00, 0x00, 0x00, 0x00, 0x00, 0x00, 0x00, 0x0E, 0xFF, 0x70, 0x00,
    0x00, 0x00, 0x00, 0x00, 0x00, 0x02, 0x9F, 0xFF, 0x40, 0x00, 0x00, 0x00, 0x00, 0x00, 0x07, 0xFF,
    0xFF, 0xFD, 0x00, 0x00, 0x00, 0x00, 0x00, 0x00, 0x07, 0xFF, 0xFF, 0xE4, 0x00, 0x00, 0x00, 0x00,
    0x00, 0x00, 0x07, 0xFF, 0xD9, 0x20, 0x00, 0xEF, 0xF2, 0x02, 0x8C, 0xEF, 0xDA, 0x40, 0x00, 0xEF,
    0xF2, 0x6E, 0xFF, 0xFF, 0xFF, 0xF8, 0x00, 0xEF, 0xF8, 0xFF, 0xFF, 0xFF, 0xFF, 0xFF, 0x60, 0xEF,
    0xFF, 0xFB, 0x51, 0x02, 0x6E, 0xFF, 0xE0, 0xEF, 0xFF, 0x80, 0x00, 0x00, 0x03, 0xFF, 0xF4, 0xEF,
    0xFC, 0x00, 0x00, 0x00, 0x00, 0xBF, 0xF7, 0xEF, 0xF6, 0x00, 0x00, 0x00, 0x00, 0x7F, 0xF9, 0xEF,
    0xF3, 0x00, 0x00, 0x00, 0x00, 0x6F, 0xFA, 0xEF, 0xF2, 0x00, 0x00, 0x00, 0x00, 0x6F, 0xFA, 0xEF,
    0xF2, 0x00, 0x00, 0x00, 0x00, 0x6F, 0xFA, 0xEF, 0xF2, 0x00, 0x00, 0x00, 0x00, 0x6F, 0xFA, 0xEF,
    0xF2, 0x00, 0x00, 0x00, 0x00, 0x6F, 0xFA, 0xEF, 0xF2, 0x00, 0x00, 0x00, 0x00, 0x6F, 0xFA, 0xEF,
    0xF2, 0x00, 0x00, 0x00, 0x00, 0x6F, 0xFA, 0xEF, 0xF2, 0x00, 0x00, 0x00, 0x00, 0x6F, 0xFA, 0xEF,
    0xF2, 0x00, 0x00, 0x00, 0x00, 0x6F, 0xFA, 0xEF, 0xF2, 0x00, 0x00, 0x00, 0x00, 0x6F, 0xFA, 0xEF,
    0xF2, 0x00, 0x00, 0x00, 0x00, 0x6F, 0xFA, 0xEF, 0xF2, 0x00, 0x00, 0x00, 0x00, 0x6F, 0xFA, 0x00,
    0x00, 0x00, 0x00, 0x00, 0x00, 0x6F, 0xFA, 0x00, 0x00, 0x00, 0x00, 0x00, 0x00, 0x7F, 0xF9, 0x00,
    0x00, 0x00, 0x00, 0x00, 0x00, 0xAF, 0xF7, 0x00, 0x00, 0x00, 0x00, 0x00, 0x16, 0xFF, 0xF3, 0x00,
    0x00, 0x04, 0xFF, 0xFF, 0xFF, 0xFF, 0xD0, 0x00, 0x00, 0x04, 0xFF, 0xFF, 0xFF, 0xFE, 0x30, 0x00,
    0x00, 0x04, 0xFF, 0xFF, 0xFD, 0x92, 0x00, 0x00, 0x00, 0x00, 0x09, 0xFF, 0xFF, 0xFF, 0xFF, 0xF5,
    0x00, 0x00, 0x00, 0x00, 0x00, 0x00, 0x09, 0xFF, 0xFF, 0xFF, 0xFF, 0xF5, 0x00, 0x00, 0x00, 0x00,
    0x00, 0x00, 0x09, 0xFF, 0xFF, 0xFF, 0xFF, 0xF5, 0x00, 0x00, 0x00, 0x00, 0x00, 0x00, 0x00, 0x00,
    0x00, 0x00, 0x00, 0x00, 0x00, 0x00, 0x00, 0x00, 0x00, 0x00, 0x00, 0x00, 0x00, 0x00, 0x00, 0x00,
    0x00, 0x00, 0x00, 0x00, 0x00, 0x00, 0x01, 0x6A, 0xDE, 0xFE, 0xC9, 0x50, 0x00, 0x00, 0x00, 0x00,
    0x00, 0x01, 0x7E, 0xFF, 0xFF, 0xFF, 0xFF, 0xFD, 0x60, 0x00, 0x00, 0x00, 0x00, 0x2C, 0xFF, 0xFF,
    0xFF, 0xFF, 0xFF, 0xFF, 0xFA, 0x00, 0x00, 0x00, 0x02, 0xDF, 0xFF, 0xE8, 0x31, 0x02, 0x49, 0xFF,
    0xFF, 0xB0, 0x00, 0x00, 0x0B, 0xFF, 0xFA, 0x10, 0x00, 0x00, 0x00, 0x2D, 0xFF, 0xF8, 0x00, 0x00,
    0x7F, 0xFF, 0xA0, 0x00, 0x00, 0x00, 0x00, 0x01, 0xDF, 0xFF, 0x30, 0x00, 0xDF, 0xFD, 0x10, 0x00,
    0x00, 0x00, 0x00, 0x00, 0x3F, 0xFF, 0xA0, 0x05, 0xFF, 0xF6, 0x00, 0x00, 0x00, 0x00, 0x00, 0x00,
    0x0A, 0xFF, 0xF1, 0x09, 0xFF, 0xF1, 0x00, 0x00, 0x00, 0x00, 0x00, 0x00, 0x04, 0xFF, 0xF5, 0x0C,
    0xFF, 0xC0, 0x00, 0x00, 0x00, 0x00, 0x00, 0x00, 0x01, 0xFF, 0xF9, 0x0E, 0xFF, 0x90, 0x00, 0x00,
    0x00, 0x00, 0x00, 0x00, 0x00, 0xDF, 0xFB, 0x0F, 0xFF, 0x80, 0x00, 0x00, 0x00, 0x00, 0x00, 0x00,
    0x00, 0xBF, 0xFC, 0x1F, 0xFF, 0x70, 0x00, 0x00, 0x00, 0x00, 0x00, 0x00, 0x00, 0xBF, 0xFD, 0x0F,
    0xFF, 0x80, 0x00, 0x00, 0x00, 0x00, 0x00, 0x00, 0x00, 0xBF, 0xFC, 0x0E, 0xFF, 0x90, 0x00, 0x00,
    0x00, 0x00, 0x00, 0x00, 0x00, 0xDF, 0xFB, 0x0C, 0xFF, 0xC0, 0x00, 0x00, 0x00, 0x00, 0x00, 0x00,
    0x01, 0xFF, 0xF9, 0x09, 0xFF, 0xF1, 0x00, 0x00, 0x00, 0x00, 0x00, 0x00, 0x04, 0xFF, 0xF5, 0x05,
    0xFF, 0xF6, 0x00, 0x00, 0x00, 0x00, 0x00, 0x00, 0x0A, 0xFF, 0xF2, 0x00, 0xDF, 0xFD, 0x10, 0x00,
    0x00, 0x00, 0x00, 0x00, 0x3F, 0xFF, 0xA0, 0x00, 0x7F, 0xFF, 0xA0, 0x00, 0x00, 0x00, 0x00, 0x01,
    0xDF, 0xFF, 0x30, 0x00, 0x0C, 0xFF, 0xFA, 0x10, 0x00, 0x00, 0x00, 0x2C, 0xFF, 0xF8, 0x00, 0x00,
    0x02, 0xEF, 0xFF, 0xE8, 0x31, 0x01, 0x49, 0xFF, 0xFF, 0xB0, 0x00, 0x00, 0x00, 0x2C, 0xFF, 0xFF,
    0xFF, 0xFF, 0xFF, 0xFF, 0xFA, 0x10, 0x00, 0x00, 0x00, 0x01, 0x8E, 0xFF, 0xFF, 0xFF, 0xFF, 0xFD,
    0x60, 0x00, 0x00, 0x00, 0x00, 0x00, 0x01, 0x6A, 0xDE, 0xFE, 0xC9, 0x51, 0x00, 0x00, 0x00, 0x00,
    0x00, 0x8F, 0xFF, 0xFF, 0xFF, 0xFF, 0x60, 0x00, 0x00, 0x00, 0x8F, 0xFF, 0xFF, 0xFF, 0xFF, 0x60,
    0x00, 0x00, 0x00, 0x8F, 0xFF, 0xFF, 0xFF, 0xFF, 0x60, 0x00, 0x00, 0x00, 0x00, 0x00, 0x00, 0x00,
    0x00, 0x00, 0x00, 0x00, 0x00, 0x00, 0x00, 0x00, 0x00, 0x00, 0x00, 0x00, 0x00, 0x00, 0x00, 0x00,
    0x00, 0x00, 0x00, 0x00, 0x00, 0x00, 0x00, 0x03, 0x8C, 0xEF, 0xEC, 0x72, 0x00, 0x00, 0x00, 0x00,
    0x9F, 0xFF, 0xFF, 0xFF, 0xFE, 0x70, 0x00, 0x00, 0x0B, 0xFF, 0xFF, 0xFF, 0xFF, 0xFF, 0xF9, 0x00,
    0x00, 0x8F, 0xFF, 0xD5, 0x10, 0x26, 0xEF, 0xFF, 0x50, 0x02, 0xFF, 0xFB, 0x10, 0x00, 0x00, 0x2D,
    0xFF, 0xD0, 0x08, 0xFF, 0xE1, 0x00, 0x00, 0x00, 0x04, 0xFF, 0xF5, 0x0C, 0xFF, 0x90, 0x00, 0x00,
    0x00, 0x00, 0xCF, 0xF9, 0x0F, 0xFF, 0x40, 0x00, 0x00, 0x00, 0x00, 0x8F, 0xFC, 0x1F, 0xFF, 0x20,
    0x00, 0x00, 0x00, 0x00, 0x5F, 0xFD, 0x2F, 0xFF, 0x20, 0x00, 0x00, 0x00, 0x00, 0x5F, 0xFE, 0x1F,
    0xFF, 0x20, 0x00, 0x00, 0x00, 0x00, 0x5F, 0xFD, 0x0F, 0xFF, 0x40, 0x00, 0x00, 0x00, 0x00, 0x8F,
    0xFC, 0x0C, 0xFF, 0x90, 0x00, 0x00, 0x00, 0x00, 0xCF, 0xF9, 0x08, 0xFF, 0xE1, 0x00, 0x00, 0x00,
    0x04, 0xFF, 0xF5, 0x02, 0xFF, 0xFB, 0x00, 0x00, 0x00, 0x2D, 0xFF, 0xD0, 0x00, 0x8F, 0xFF, 0xC5,
    0x10, 0x26, 0xEF, 0xFF, 0x50, 0x00, 0x0B, 0xFF, 0xFF, 0xFF, 0xFF, 0xFF, 0xF9, 0x00, 0x00, 0x00,
    0x9F, 0xFF, 0xFF, 0xFF, 0xFE, 0x70, 0x00, 0x00, 0x00, 0x03, 0x8C, 0xEF, 0xEC, 0x82, 0x00, 0x00,
    0x00, 0x00, 0x00, 0x0B, 0xF6, 0x00, 0x00, 0x09, 0xF8, 0x00, 0x00, 0x00, 0x00, 0x00, 0x00, 0x07,
    0xFE, 0x61, 0x02, 0x8F, 0xF3, 0x00, 0x00, 0x00, 0x00, 0x00, 0x00, 0x00, 0xCF, 0xFF, 0xFF, 0xFF,
    0x80, 0x00, 0x00, 0x00, 0x00, 0x00, 0x00, 0x00, 0x07, 0xCE, 0xFE, 0xB5, 0x00, 0x00, 0x00, 0x00,
    0x00, 0x00, 0x00, 0x00, 0x00, 0x00, 0x00, 0x00, 0x00, 0x00, 0x00, 0x00, 0x00, 0x00, 0x00, 0x00,
    0x00, 0x00, 0x00, 0x00, 0x00, 0x00, 0x00, 0x00, 0x00, 0x00, 0x00, 0x01, 0x6A, 0xDE, 0xFE, 0xC9,
    0x50, 0x00, 0x00, 0x00, 0x00, 0x00, 0x01, 0x7E, 0xFF, 0xFF, 0xFF, 0xFF, 0xFD, 0x60, 0x00, 0x00,
    0x00, 0x00, 0x2C, 0xFF, 0xFF, 0xFF, 0xFF, 0xFF, 0xFF, 0xFA, 0x00, 0x00, 0x00, 0x02, 0xDF, 0xFF,
    0xE8, 0x31, 0x02, 0x49, 0xFF, 0xFF, 0xB0, 0x00, 0x00, 0x0B, 0xFF, 0xFA, 0x10, 0x00, 0x00, 0x00,
    0x2D, 0xFF, 0xF8, 0x00, 0x00, 0x7F, 0xFF, 0xA0, 0x00, 0x00, 0x00, 0x00, 0x01, 0xDF, 0xFF, 0x30,
    0x00, 0xDF, 0xFD, 0x10, 0x00, 0x00, 0x00, 0x00, 0x00, 0x3F, 0xFF, 0xA0, 0x05, 0xFF, 0xF6, 0x00,
    0x00, 0x00, 0x00, 0x00, 0x00, 0x0A, 0xFF, 0xF1, 0x09, 0xFF, 0xF1, 0x00, 0x00, 0x00, 0x00, 0x00,
    0x00, 0x04, 0xFF, 0xF5, 0x0C, 0xFF, 0xC0, 0x00, 0x00, 0x00, 0x00, 0x00, 0x00, 0x01, 0xFF, 0xF9,
    0x0E, 0xFF, 0x90, 0x00, 0x00, 0x00, 0x00, 0x00, 0x00, 0x00, 0xDF, 0xFB, 0x0F, 0xFF, 0x80, 0x00,
    0x00, 0x00, 0x00, 0x00, 0x00, 0x00, 0xBF, 0xFC, 0x1F, 0xFF, 0x70, 0x00, 0x00, 0x00, 0x00, 0x00,
    0x00, 0x00, 0xBF, 0xFD, 0x0F, 0xFF, 0x80, 0x00, 0x00, 0x00, 0x00, 0x00, 0x00, 0x00, 0xBF, 0xFC,
    0x0E, 0xFF, 0x90, 0x00, 0x00, 0x00, 0x00, 0x00, 0x00, 0x00, 0xDF, 0xFB, 0x0C, 0xFF, 0xC0, 0x00,
    0x00, 0x00, 0x00, 0x00, 0x00, 0x01, 0xFF, 0xF9, 0x09, 0xFF, 0xF1, 0x00, 0x00, 0x00, 0x00, 0x00,
    0x00, 0x04, 0xFF, 0xF5, 0x05, 0xFF, 0xF6, 0x00, 0x00, 0x00, 0x00, 0x00, 0x00, 0x0A, 0xFF, 0xF2,
    0x00, 0xDF, 0xFD, 0x10, 0x00, 0x00, 0x00, 0x00, 0x00, 0x3F, 0xFF, 0xA0, 0x00, 0x7F, 0xFF, 0xA0,
    0x00, 0x00, 0x00, 0x00, 0x01, 0xDF, 0xFF, 0x30, 0x00, 0x0C, 0xFF, 0xFA, 0x10, 0x00, 0x00, 0x00,
    0x2C, 0xFF, 0xF8, 0x00, 0x00, 0x02, 0xEF, 0xFF, 0xE8, 0x31, 0x01, 0x49, 0xFF, 0xFF, 0xB0, 0x00,
    0x00, 0x00, 0x2C, 0xFF, 0xFF, 0xFF, 0xFF, 0xFF, 0xFF, 0xFA, 0x10, 0x00, 0x00, 0x00, 0x01, 0x8E,
    0xFF, 0xFF, 0xFF, 0xFF, 0xFD, 0x60, 0x00, 0x00, 0x00, 0x00, 0x00, 0x01, 0x6A, 0xDE, 0xFE, 0xC9,
    0x51, 0x00, 0x00, 0x00, 0x00, 0x00, 0xBF, 0x60, 0x00, 0x00, 0x9F, 0x80, 0x00, 0x00, 0x00, 0x8F,
    0xE6, 0x10, 0x27, 0xFF, 0x50, 0x00, 0x00, 0x00, 0x3F, 0xFF, 0xFF, 0xFF, 0xFE, 0x10, 0x00, 0x00,
    0x00, 0x08, 0xFF, 0xFF, 0xFF, 0xF5, 0x00, 0x00, 0x00, 0x00, 0x00, 0x5B, 0xEF, 0xEA, 0x30, 0x00,
    0x00, 0x00, 0x00, 0x00, 0x00, 0x00, 0x00, 0x00, 0x00, 0x00, 0x00, 0x00, 0x00, 0x00, 0x00, 0x00,
    0x00, 0x00, 0x00, 0x00, 0x00, 0x00, 0x00, 0x00, 0x00, 0x00, 0x00, 0x00, 0x00, 0x00, 0x03, 0x8C,
    0xEF, 0xEC, 0x72, 0x00, 0x00, 0x00, 0x00, 0x9F, 0xFF, 0xFF, 0xFF, 0xFE, 0x70, 0x00, 0x00, 0x0B,
    0xFF, 0xFF, 0xFF, 0xFF, 0xFF, 0xF9, 0x00, 0x00, 0x8F, 0xFF, 0xD5, 0x10, 0x26, 0xEF, 0xFF, 0x50,
    0x02, 0xFF, 0xFB, 0x10, 0x00, 0x00, 0x2D, 0xFF, 0xD0, 0x08, 0xFF, 0xE1, 0x00, 0x00, 0x00, 0x04,
    0xFF, 0xF5, 0x0C, 0xFF, 0x90, 0x00, 0x00, 0x00, 0x00, 0xCF, 0xF9, 0x0F, 0xFF, 0x40, 0x00, 0x00,
    0x00, 0x00, 0x8F, 0xFC, 0x1F, 0xFF, 0x20, 0x00, 0x00, 0x00, 0x00, 0x5F, 0xFD, 0x2F, 0xFF, 0x20,
    0x00, 0x00, 0x00, 0x00, 0x5F, 0xFE, 0x1F, 0xFF, 0x20, 0x00, 0x00, 0x00, 0x00, 0x5F, 0xFD, 0x0F,
    0xFF, 0x40, 0x00, 0x00, 0x00, 0x00, 0x8F, 0xFC, 0x0C, 0xFF, 0x90, 0x00, 0x00, 0x00, 0x00, 0xCF,
    0xF9, 0x08, 0xFF, 0xE1, 0x00, 0x00, 0x00, 0x04, 0xFF, 0xF5, 0x02, 0xFF, 0xFB, 0x00, 0x00, 0x00,
    0x2D, 0xFF, 0xD0, 0x00, 0x8F, 0xFF, 0xC5, 0x10, 0x26, 0xEF, 0xFF, 0x50, 0x00, 0x0B, 0xFF, 0xFF,
    0xFF, 0xFF, 0xFF, 0xF9, 0x00, 0x00, 0x00, 0x9F, 0xFF, 0xFF, 0xFF, 0xFE, 0x70, 0x00, 0x00, 0x00,
    0x03, 0x8C, 0xEF, 0xEC, 0x82, 0x00, 0x00, 0x00, 0x00, 0x00, 0x00, 0x00, 0x7F, 0xF8, 0x01, 0xCF,
    0xE3, 0x00, 0x00, 0x00, 0x00, 0x00, 0x00, 0x04, 0xFF, 0x90, 0x0A, 0xFE, 0x30, 0x00, 0x00, 0x00,
    0x00, 0x00, 0x00, 0x2E, 0xFA, 0x00, 0x8F, 0xF4, 0x00, 0x00, 0x00, 0x00, 0x00, 0x00, 0x01, 0xDF,
    0xB0, 0x05, 0xFF, 0x50, 0x00, 0x00, 0x00, 0x00, 0x00, 0x00, 0x00, 0x00, 0x00, 0x00, 0x00, 0x00,
    0x00, 0x00, 0x00, 0x00, 0x00, 0x00, 0x00, 0x00, 0x00, 0x00, 0x00, 0x00, 0x00, 0x00, 0x00, 0x00,
    0x00, 0x00, 0x01, 0x6A, 0xDE, 0xFE, 0xC9, 0x50, 0x00, 0x00, 0x00, 0x00, 0x00, 0x01, 0x7E, 0xFF,
    0xFF, 0xFF, 0xFF, 0xFD, 0x60, 0x00, 0x00, 0x00, 0x00, 0x2C, 0xFF, 0xFF, 0xFF, 0xFF, 0xFF, 0xFF,
    0xFA, 0x00, 0x00, 0x00, 0x02, 0xDF, 0xFF, 0xE8, 0x31, 0x02, 0x49, 0xFF, 0xFF, 0xB0, 0x00, 0x00,
    0x0B, 0xFF, 0xFA, 0x10, 0x00, 0x00, 0x00, 0x2D, 0xFF, 0xF8, 0x00, 0x00, 0x7F, 0xFF, 0xA0, 0x00,
    0x00, 0x00, 0x00, 0x01, 0xDF, 0xFF, 0x30, 0x00, 0xDF, 0xFD, 0x10, 0x00, 0x00, 0x00, 0x00, 0x00,
    0x3F, 0xFF, 0xA0, 0x05, 0xFF, 0xF6, 0x00, 0x00, 0x00, 0x00, 0x00, 0x00, 0x0A, 0xFF, 0xF1, 0x09,
    0xFF, 0xF1, 0x00, 0x00, 0x00, 0x00, 0x00, 0x00, 0x04, 0xFF, 0xF5, 0x0C, 0xFF, 0xC0, 0x00, 0x00,
    0x00, 0x00, 0x00, 0x00, 0x01, 0xFF, 0xF9, 0x0E, 0xFF, 0x90, 0x00, 0x00, 0x00, 0x00, 0x00, 0x00,
    0x00, 0xDF, 0xFB, 0x0F, 0xFF, 0x80, 0x00, 0x00, 0x00, 0x00, 0x00, 0x00, 0x00, 0xBF, 0xFC, 0x1F,
    0xFF, 0x70, 0x00, 0x00, 0x00, 0x00, 0x00, 0x00, 0x00, 0xBF, 0xFD, 0x0F, 0xFF, 0x80, 0x00, 0x00,
    0x00, 0x00, 0x00, 0x00, 0x00, 0xBF, 0xFC, 0x0E, 0xFF, 0x90, 0x00, 0x00, 0x00, 0x00, 0x00, 0x00,
    0x00, 0xDF, 0xFB, 0x0C, 0xFF, 0xC0, 0x00, 0x00, 0x00, 0x00, 0x00, 0x00, 0x01, 0xFF, 0xF9, 0x09,
    0xFF, 0xF1, 0x00, 0x00, 0x00, 0x00, 0x00, 0x00, 0x04, 0xFF, 0xF5, 0x05, 0xFF, 0xF6, 0x00, 0x00,
    0x00, 0x00, 0x00, 0x00, 0x0A, 0xFF, 0xF2, 0x00, 0xDF, 0xFD, 0x10, 0x00, 0x00, 0x00, 0x00, 0x00,
    0x3F, 0xFF, 0xA0, 0x00, 0x7F, 0xFF, 0xA0, 0x00, 0x00, 0x00, 0x00, 0x01, 0xDF, 0xFF, 0x30, 0x00,
    0x0C, 0xFF, 0xFA, 0x10, 0x00, 0x00, 0x00, 0x2C, 0xFF, 0xF8, 0x00, 0x00, 0x02, 0xEF, 0xFF, 0xE8,
    0x31, 0x01, 0x49, 0xFF, 0xFF, 0xB0, 0x00, 0x00, 0x00, 0x2C, 0xFF, 0xFF, 0xFF, 0xFF, 0xFF, 0xFF,
    0xFA, 0x10, 0x00, 0x00, 0x00, 0x01, 0x8E, 0xFF, 0xFF, 0xFF, 0xFF, 0xFD, 0x60, 0x00, 0x00, 0x00,
    0x00, 0x00, 0x01, 0x6A, 0xDE, 0xFE, 0xC9, 0x51, 0x00, 0x00, 0x00, 0x00, 0x00, 0x00, 0x00, 0x7F,
    0xF5, 0x01, 0xDF, 0xD1, 0x00, 0x00, 0x00, 0x01, 0xEF, 0xA0, 0x08, 0xFF, 0x40, 0x00, 0x00, 0x00,
    0x08, 0xFE, 0x20, 0x2E, 0xF9, 0x00, 0x00, 0x00, 0x00, 0x1E, 0xF7, 0x00, 0xAF, 0xD1, 0x00, 0x00,
    0x00, 0x00, 0x9F, 0xC0, 0x03, 0xFF, 0x30, 0x00, 0x00, 0x00, 0x02, 0xFF, 0x30, 0x0C, 0xF8, 0x00,
    0x00, 0x00, 0x00, 0x00, 0x00, 0x00, 0x00, 0x00, 0x00, 0x00, 0x00, 0x00, 0x00, 0x00, 0x00, 0x00,
    0x00, 0x00, 0x00, 0x00, 0x00, 0x03, 0x8C, 0xEF, 0xEC, 0x72, 0x00, 0x00, 0x00, 0x00, 0x9F, 0xFF,
    0xFF, 0xFF, 0xFE, 0x70, 0x00, 0x00, 0x0B, 0xFF, 0xFF, 0xFF, 0xFF, 0xFF, 0xF9, 0x00, 0x00, 0x8F,
    0xFF, 0xD5, 0x10, 0x26, 0xEF, 0xFF, 0x50, 0x02, 0xFF, 0xFB, 0x10, 0x00, 0x00, 0x2D, 0xFF, 0xD0,
    0x08, 0xFF, 0xE1, 0x00, 0x00, 0x00, 0x04, 0xFF, 0xF5, 0x0C, 0xFF, 0x90, 0x00, 0x00, 0x00, 0x00,
    0xCF, 0xF9, 0x0F, 0xFF, 0x40, 0x00, 0x00, 0x00, 0x00, 0x8F, 0xFC, 0x1F, 0xFF, 0x20, 0x00, 0x00,
    0x00, 0x00, 0x5F, 0xFD, 0x2F, 0xFF, 0x20, 0x00, 0x00, 0x00, 0x00, 0x5F, 0xFE, 0x1F, 0xFF, 0x20,
    0x00, 0x00, 0x00, 0x00, 0x5F, 0xFD, 0x0F, 0xFF, 0x40, 0x00, 0x00, 0x00, 0x00, 0x8F, 0xFC, 0x0C,
    0xFF, 0x90, 0x00, 0x00, 0x00, 0x00, 0xCF, 0xF9, 0x08, 0xFF, 0xE1, 0x00, 0x00, 0x00, 0x04, 0xFF,
    0xF5, 0x02, 0xFF, 0xFB, 0x00, 0x00, 0x00, 0x2D, 0xFF, 0xD0, 0x00, 0x8F, 0xFF, 0xC5, 0x10, 0x26,
    0xEF, 0xFF, 0x50, 0x00, 0x0B, 0xFF, 0xFF, 0xFF, 0xFF, 0xFF, 0xF9, 0x00, 0x00, 0x00, 0x9F, 0xFF,
    0xFF, 0xFF, 0xFE, 0x70, 0x00, 0x00, 0x00, 0x03, 0x8C, 0xEF, 0xEC, 0x82, 0x00, 0x00, 0x00, 0x00,
    0x00, 0x00, 0x04, 0x7A, 0xCD, 0xEF, 0xFF, 0xFF, 0xFF, 0xFF, 0xFF, 0xFF, 0xFF, 0xFF, 0xE0, 0x00,
    0x00, 0x00, 0x28, 0xEF, 0xFF, 0xFF, 0xFF, 0xFF, 0xFF, 0xFF, 0xFF, 0xFF, 0xFF, 0xFF, 0xFF, 0xE0,
    0x00, 0x00, 0x06, 0xEF, 0xFF, 0xFF, 0xFF, 0xFF, 0xFF, 0xFF, 0xFF, 0xFF, 0xFF, 0xFF, 0xFF, 0xFF,
    0xE0, 0x00, 0x00, 0xAF, 0xFF, 0xFE, 0x96, 0x31, 0x10, 0x0C, 0xFF, 0x90, 0x00, 0x00, 0x00, 0x00,
    0x00, 0x00, 0x00, 0x09, 0xFF, 0xFE, 0x61, 0x00, 0x00, 0x00, 0x0C, 0xFF, 0x90, 0x00, 0x00, 0x00,
    0x00, 0x00, 0x00, 0x00, 0x5F, 0xFF, 0xD2, 0x00, 0x00, 0x00, 0x00, 0x0C, 0xFF, 0x90, 0x00, 0x00,
    0x00, 0x00, 0x00, 0x00, 0x00, 0xDF, 0xFE, 0x30, 0x00, 0x00, 0x00, 0x00, 0x0C, 0xFF, 0x90, 0x00,
    0x00, 0x00, 0x00, 0x00, 0x00, 0x04, 0xFF, 0xF8, 0x00, 0x00, 0x00, 0x00, 0x00, 0x0C, 0xFF, 0x90,
    0x00, 0x00, 0x00, 0x00, 0x00, 0x00, 0x08, 0xFF, 0xF1, 0x00, 0x00, 0x00, 0x00, 0x00, 0x0C, 0xFF,
    0x90, 0x00, 0x00, 0x00, 0x00, 0x00, 0x00, 0x0C, 0xFF, 0xC0, 0x00, 0x00, 0x00, 0x00, 0x00, 0x0C,
    0xFF, 0x90, 0x00, 0x00, 0x00, 0x00, 0x00, 0x00, 0x0E, 0xFF, 0x90, 0x00, 0x00, 0x00, 0x00, 0x00,
    0x0C, 0xFF, 0xFF, 0xFF, 0xFF, 0xFF, 0xFF, 0xFF, 0x60, 0x0F, 0xFF, 0x80, 0x00, 0x00, 0x00, 0x00,
    0x00, 0x0C, 0xFF, 0xFF, 0xFF, 0xFF, 0xFF, 0xFF, 0xFF, 0x60, 0x1F, 0xFF, 0x70, 0x00, 0x00, 0x00,
    0x00, 0x00, 0x0C, 0xFF, 0xFF, 0xFF, 0xFF, 0xFF, 0xFF, 0xFF, 0x60, 0x0F, 0xFF, 0x80, 0x00, 0x00,
    0x00, 0x00, 0x00, 0x0C, 0xFF, 0x90, 0x00, 0x00, 0x00, 0x00, 0x00, 0x00, 0x0E, 0xFF, 0x90, 0x00,
    0x00, 0x00, 0x00, 0x00, 0x0C, 0xFF, 0x90, 0x00, 0x00, 0x00, 0x00, 0x00, 0x00, 0x0C, 0xFF, 0xC0,
    0x00, 0x00, 0x00, 0x00, 0x00, 0x0C, 0xFF, 0x90, 0x00, 0x00, 0x00, 0x00, 0x00, 0x00, 0x08, 0xFF,
    0xF1, 0x00, 0x00, 0x00, 0x00, 0x00, 0x0C, 0xFF, 0x90, 0x00, 0x00, 0x00, 0x00, 0x00, 0x00, 0x04,
    0xFF, 0xF8, 0x00, 0x00, 0x00, 0x00, 0x00, 0x0C, 0xFF, 0x90, 0x00, 0x00, 0x00, 0x00, 0x00, 0x00,
    0x00, 0xDF, 0xFE, 0x30, 0x00, 0x00, 0x00, 0x00, 0x0C, 0xFF, 0x90, 0x00, 0x00, 0x00, 0x00, 0x00,
    0x00, 0x00, 0x5F, 0xFF, 0xD2, 0x00, 0x00, 0x00, 0x00, 0x0C, 0xFF, 0x90, 0x00, 0x00, 0x00, 0x00,
    0x00, 0x00, 0x00, 0x09, 0xFF, 0xFE, 0x61, 0x00, 0x00, 0x00, 0x0C, 0xFF, 0x90, 0x00, 0x00, 0x00,
    0x00, 0x00, 0x00, 0x00, 0x00, 0xAF, 0xFF, 0xFE, 0x96, 0x31, 0x00, 0x0C, 0xFF, 0x90, 0x00, 0x00,
    0x00, 0x00, 0x00, 0x00, 0x00, 0x00, 0x06, 0xEF, 0xFF, 0xFF, 0xFF, 0xFF, 0xFF, 0xFF, 0xFF, 0xFF,
    0xFF, 0xFF, 0xFF, 0xFF, 0xF3, 0x00, 0x00, 0x00, 0x28, 0xEF, 0xFF, 0xFF, 0xFF, 0xFF, 0xFF, 0xFF,
    0xFF, 0xFF, 0xFF, 0xFF, 0xFF, 0xF3, 0x00, 0x00, 0x00, 0x00, 0x04, 0x7A, 0xCD, 0xEF, 0xFF, 0xFF,
    0xFF, 0xFF, 0xFF, 0xFF, 0xFF, 0xFF, 0xF3, 0x00, 0x00, 0x03, 0x8C, 0xEF, 0xEB, 0x61, 0x00, 0x00,
    0x00, 0x6B, 0xDF, 0xED, 0xA5, 0x00, 0x00, 0x00, 0x00, 0x9F, 0xFF, 0xFF, 0xFF, 0xFD, 0x30, 0x00,
    0x4D, 0xFF, 0xFF, 0xFF, 0xFF, 0xC2, 0x00, 0x00, 0x0B, 0xFF, 0xFF, 0xFF, 0xFF, 0xFF, 0xF4, 0x06,
    0xFF, 0xFF, 0xFF, 0xFF, 0xFF, 0xFE, 0x20, 0x00, 0x8F, 0xFF, 0xD5, 0x10, 0x26, 0xEF, 0xFD, 0x5F,
    0xFF, 0xA5, 0x20, 0x13, 0x7E, 0xFF, 0xC0, 0x02, 0xFF, 0xFB, 0x10, 0x00, 0x00, 0x2D, 0xFF, 0xFF,
    0xF5, 0x00, 0x00, 0x00, 0x02, 0xEF, 0xF4, 0x08, 0xFF, 0xE1, 0x00, 0x00, 0x00, 0x04, 0xFF, 0xFF,
    0x80, 0x00, 0x00, 0x00, 0x00, 0x6F, 0xF9, 0x0C, 0xFF, 0x90, 0x00, 0x00, 0x00, 0x00, 0xCF, 0xFF,
    0x20, 0x00, 0x00, 0x00, 0x00, 0x2F, 0xFD, 0x0F, 0xFF, 0x40, 0x00, 0x00, 0x00, 0x00, 0x8F, 0xFF,
    0xFF, 0xFF, 0xFF, 0xFF, 0xFF, 0xFF, 0xFE, 0x1F, 0xFF, 0x20, 0x00, 0x00, 0x00, 0x00, 0x5F, 0xFF,
    0xFF, 0xFF, 0xFF, 0xFF, 0xFF, 0xFF, 0xFF, 0x2F, 0xFF, 0x20, 0x00, 0x00, 0x00, 0x00, 0x5F, 0xFF,
    0xFF, 0xFF, 0xFF, 0xFF, 0xFF, 0xFF, 0xFF, 0x1F, 0xFF, 0x20, 0x00, 0x00, 0x00, 0x00, 0x5F, 0xFF,
    0x00, 0x00, 0x00, 0x00, 0x00, 0x00, 0x00, 0x0F, 0xFF, 0x40, 0x00, 0x00, 0x00, 0x00, 0x8F, 0xFF,
    0x30, 0x00, 0x00, 0x00, 0x00, 0x00, 0x00, 0x0C, 0xFF, 0x90, 0x00, 0x00, 0x00, 0x00, 0xCF, 0xFF,
    0x80, 0x00, 0x00, 0x00, 0x00, 0x00, 0x00, 0x08, 0xFF, 0xE1, 0x00, 0x00, 0x00, 0x04, 0xFF, 0xFF,
    0xE1, 0x00, 0x00, 0x00, 0x00, 0x00, 0x00, 0x02, 0xFF, 0xFB, 0x00, 0x00, 0x00, 0x2D, 0xFF, 0xFF,
    0xFC, 0x20, 0x00, 0x00, 0x00, 0x01, 0x94, 0x00, 0x8F, 0xFF, 0xC5, 0x10, 0x26, 0xEF, 0xFE, 0x5F,
    0xFF, 0xE8, 0x41, 0x01, 0x36, 0xAF, 0xF4, 0x00, 0x0B, 0xFF, 0xFF, 0xFF, 0xFF, 0xFF, 0xF4, 0x05,
    0xFF, 0xFF, 0xFF, 0xFF, 0xFF, 0xFF, 0xF4, 0x00, 0x00, 0x9F, 0xFF, 0xFF, 0xFF, 0xFE, 0x40, 0x00,
    0x3C, 0xFF, 0xFF, 0xFF, 0xFF, 0xFD, 0x60, 0x00, 0x00, 0x03, 0x8C, 0xEF, 0xDB, 0x61, 0x00, 0x00,
    0x00, 0x49, 0xCE, 0xFE, 0xC9, 0x40, 0x00, 0x00, 0x00, 0x00, 0x00, 0x8F, 0xF7, 0x00, 0x00, 0x00,
    0x00, 0x00, 0x00, 0x00, 0x05, 0xFF, 0x80, 0x00, 0x00, 0x00, 0x00, 0x00, 0x00, 0x00, 0x3E, 0xF9,
    0x00, 0x00, 0x00, 0x00, 0x00, 0x00, 0x00, 0x01, 0xDF, 0xA0, 0x00, 0x00, 0x00, 0x00, 0x00, 0x00,
    0x00, 0x00, 0x00, 0x00, 0x00, 0x00, 0x00, 0x00, 0x00, 0x00, 0x00, 0x00, 0x00, 0x00, 0x00, 0x00,
    0x00, 0x00, 0x00, 0xAF, 0xFF, 0xFF, 0xFF, 0xFE, 0xC9, 0x40, 0x00, 0x00, 0x00, 0xAF, 0xFF, 0xFF,
    0xFF, 0xFF, 0xFF, 0xFB, 0x20, 0x00, 0x00, 0xAF, 0xFF, 0xFF, 0xFF, 0xFF, 0xFF, 0xFF, 0xD1, 0x00,
    0x00, 0xAF, 0xFA, 0x00, 0x00, 0x12, 0x6E, 0xFF, 0xF9, 0x00, 0x00, 0xAF, 0xFA, 0x00, 0x00, 0x00,
    0x01, 0xDF, 0xFE, 0x00, 0x00, 0xAF, 0xFA, 0x00, 0x00, 0x00, 0x00, 0x7F, 0xFF, 0x30, 0x00, 0xAF,
    0xFA, 0x00, 0x00, 0x00, 0x00, 0x3F, 0xFF, 0x50, 0x00, 0xAF, 0xFA, 0x00, 0x00, 0x00, 0x00, 0x3F,
    0xFF, 0x50, 0x00, 0xAF, 0xFA, 0x00, 0x00, 0x00, 0x00, 0x7F, 0xFF, 0x30, 0x00, 0xAF, 0xFA, 0x00,
    0x00, 0x00, 0x02, 0xEF, 0xFD, 0x00, 0x00, 0xAF, 0xFA, 0x00, 0x00, 0x02, 0x6E, 0xFF, 0xF5, 0x00,
    0x00, 0xAF, 0xFF, 0xFF, 0xFF, 0xFF, 0xFF, 0xFF, 0x60, 0x00, 0x00, 0xAF, 0xFF, 0xFF, 0xFF, 0xFF,
    0xFF, 0xA2, 0x00, 0x00, 0x00, 0xAF, 0xFF, 0xFF, 0xFF, 0xFF, 0xFF, 0xE5, 0x00, 0x00, 0x00, 0xAF,
    0xFA, 0x00, 0x00, 0x26, 0xDF, 0xFF, 0x40, 0x00, 0x00, 0xAF, 0xFA, 0x00, 0x00, 0x00, 0x1C, 0xFF,
    0xD1, 0x00, 0x00, 0xAF, 0xFA, 0x00, 0x00, 0x00, 0x02, 0xFF, 0xF8, 0x00, 0x00, 0xAF, 0xFA, 0x00,
    0x00, 0x00, 0x00, 0x8F, 0xFE, 0x10, 0x00, 0xAF, 0xFA, 0x00, 0x00, 0x00, 0x00, 0x1E, 0xFF, 0x80,
    0x00, 0xAF, 0xFA, 0x00, 0x00, 0x00, 0x00, 0x09, 0xFF, 0xE1, 0x00, 0xAF, 0xFA, 0x00, 0x00, 0x00,
    0x00, 0x02, 0xFF, 0xF7, 0x00, 0xAF, 0xFA, 0x00, 0x00, 0x00, 0x00, 0x00, 0x9F, 0xFE, 0x10, 0xAF,
    0xFA, 0x00, 0x00, 0x00, 0x00, 0x00, 0x2F, 0xFF, 0x70, 0xAF, 0xFA, 0x00, 0x00, 0x00, 0x00, 0x00,
    0x0A, 0xFF, 0xD0, 0xAF, 0xFA, 0x00, 0x00, 0x00, 0x00, 0x00, 0x03, 0xFF, 0xF6, 0x00, 0x00, 0x00,
    0x00, 0x7F, 0xFB, 0x00, 0x00, 0x00, 0x04, 0xFF, 0xC1, 0x00, 0x00, 0x00, 0x2E, 0xFD, 0x10, 0x00,
    0x00, 0x00, 0xCF, 0xE2, 0x00, 0x00, 0x00, 0x09, 0xFE, 0x30, 0x00, 0x00, 0x00, 0x5F, 0xF4, 0x00,
    0x00, 0x00, 0x00, 0x00, 0x00, 0x00, 0x00, 0x00, 0x00, 0x00, 0x00, 0x00, 0x00, 0xEF, 0xF2, 0x02,
    0x8C, 0xEF, 0xF0, 0xEF, 0xF2, 0x7F, 0xFF, 0xFF, 0xF0, 0xEF, 0xF9, 0xFF, 0xFF, 0xFF, 0xF0, 0xEF,
    0xFF, 0xFC, 0x51, 0x00, 0x00, 0xEF, 0xFF, 0xA0, 0x00, 0x00, 0x00, 0xEF, 0xFD, 0x10, 0x00, 0x00,
    0x00, 0xEF, 0xF8, 0x00, 0x00, 0x00, 0x00, 0xEF, 0xF4, 0x00, 0x00, 0x00, 0x00, 0xEF, 0xF3, 0x00,
    0x00, 0x00, 0x00, 0xEF, 0xF2, 0x00, 0x00, 0x00, 0x00, 0xEF, 0xF2, 0x00, 0x00, 0x00, 0x00, 0xEF,
    0xF2, 0x00, 0x00, 0x00, 0x00, 0xEF, 0xF2, 0x00, 0x00, 0x00, 0x00, 0xEF, 0xF2, 0x00, 0x00, 0x00,
    0x00, 0xEF, 0xF2, 0x00, 0x00, 0x00, 0x00, 0xEF, 0xF2, 0x00, 0x00, 0x00, 0x00, 0xEF, 0xF2, 0x00,
    0x00, 0x00, 0x00, 0xEF, 0xF2, 0x00, 0x00, 0x00, 0x00, 0xEF, 0xF2, 0x00, 0x00, 0x00, 0x00, 0xAF,
    0xFF, 0xFF, 0xFF, 0xFE, 0xC9, 0x40, 0x00, 0x00, 0x00, 0xAF, 0xFF, 0xFF, 0xFF, 0xFF, 0xFF, 0xFB,
    0x20, 0x00, 0x00, 0xAF, 0xFF, 0xFF, 0xFF, 0xFF, 0xFF, 0xFF, 0xD1, 0x00, 0x00, 0xAF, 0xFA, 0x00,
    0x00, 0x12, 0x6E, 0xFF, 0xF9, 0x00, 0x00, 0xAF, 0xFA, 0x00, 0x00, 0x00, 0x01, 0xDF, 0xFE, 0x00,
    0x00, 0xAF, 0xFA, 0x00, 0x00, 0x00, 0x00, 0x7F, 0xFF, 0x30, 0x00, 0xAF, 0xFA, 0x00, 0x00, 0x00,
    0x00, 0x3F, 0xFF, 0x50, 0x00, 0xAF, 0xFA, 0x00, 0x00, 0x00, 0x00, 0x3F, 0xFF, 0x50, 0x00, 0xAF,
    0xFA, 0x00, 0x00, 0x00, 0x00, 0x7F, 0xFF, 0x30, 0x00, 0xAF, 0xFA, 0x00, 0x00, 0x00, 0x02, 0xEF,
    0xFD, 0x00, 0x00, 0xAF, 0xFA, 0x00, 0x00, 0x02, 0x6E, 0xFF, 0xF5, 0x00, 0x00, 0xAF, 0xFF, 0xFF,
    0xFF, 0xFF, 0xFF, 0xFF, 0x60, 0x00, 0x00, 0xAF, 0xFF, 0xFF, 0xFF, 0xFF, 0xFF, 0xA2, 0x00, 0x00,
    0x00, 0xAF, 0xFF, 0xFF, 0xFF, 0xFF, 0xFF, 0xE5, 0x00, 0x00, 0x00, 0xAF, 0xFA, 0x00, 0x00, 0x26,
    0xDF, 0xFF, 0x40, 0x00, 0x00, 0xAF, 0xFA, 0x00, 0x00, 0x00, 0x1C, 0xFF, 0xD1, 0x00, 0x00, 0xAF,
    0xFA, 0x00, 0x00, 0x00, 0x02, 0xFF, 0xF8, 0x00, 0x00, 0xAF, 0xFA, 0x00, 0x00, 0x00, 0x00, 0x8F,
    0xFE, 0x10, 0x00, 0xAF, 0xFA, 0x00, 0x00, 0x00, 0x00, 0x1E, 0xFF, 0x80, 0x00, 0xAF, 0xFA, 0x00,
    0x00, 0x00, 0x00, 0x09, 0xFF, 0xE1, 0x00, 0xAF, 0xFA, 0x00, 0x00, 0x00, 0x00, 0x02, 0xFF, 0xF7,
    0x00, 0xAF, 0xFA, 0x00, 0x00, 0x00, 0x00, 0x00, 0x9F, 0xFE, 0x10, 0xAF, 0xFA, 0x00, 0x00, 0x00,
    0x00, 0x00, 0x2F, 0xFF, 0x70, 0xAF, 0xFA, 0x00, 0x00, 0x00, 0x00, 0x00, 0x0A, 0xFF, 0xD0, 0xAF,
    0xFA, 0x00, 0x00, 0x00, 0x00, 0x00, 0x03, 0xFF, 0xF6, 0x00, 0x00, 0x00, 0x00, 0x00, 0x00, 0x00,
    0x00, 0x00, 0x00, 0x00, 0x00, 0x00, 0x00, 0x00, 0x00, 0x00, 0x00, 0x00, 0x00, 0x00, 0x00, 0x00,
    0x00, 0x00, 0x00, 0x00, 0x00, 0x00, 0x00, 0x00, 0x00, 0x00, 0x00, 0x4F, 0xFF, 0x20, 0x00, 0x00,
    0x00, 0x00, 0x00, 0x00, 0x00, 0x8F, 0xF9, 0x00, 0x00, 0x00, 0x00, 0x00, 0x00, 0x00, 0x00, 0xCF,
    0xE1, 0x00, 0x00, 0x00, 0x00, 0x00, 0x00, 0x00, 0x01, 0xFF, 0x70, 0x00, 0x00, 0x00, 0x00, 0x00,
    0x00, 0x00, 0x05, 0xFE, 0x10, 0x00, 0x00, 0x00, 0x00, 0x0E, 0xFF, 0x20, 0x28, 0xCE, 0xFF, 0x0E,
    0xFF, 0x27, 0xFF, 0xFF, 0xFF, 0x0E, 0xFF, 0x9F, 0xFF, 0xFF, 0xFF, 0x0E, 0xFF, 0xFF, 0xC5, 0x10,
    0x00, 0x0E, 0xFF, 0xFA, 0x00, 0x00, 0x00, 0x0E, 0xFF, 0xD1, 0x00, 0x00, 0x00, 0x0E, 0xFF, 0x80,
    0x00, 0x00, 0x00, 0x0E, 0xFF, 0x40, 0x00, 0x00, 0x00, 0x0E, 0xFF, 0x30, 0x00, 0x00, 0x00, 0x0E,
    0xFF, 0x20, 0x00, 0x00, 0x00, 0x0E, 0xFF, 0x20, 0x00, 0x00, 0x00, 0x0E, 0xFF, 0x20, 0x00, 0x00,
    0x00, 0x0E, 0xFF, 0x20, 0x00, 0x00, 0x00, 0x0E, 0xFF, 0x20, 0x00, 0x00, 0x00, 0x0E, 0xFF, 0x20,
    0x00, 0x00, 0x00, 0x0E, 0xFF, 0x20, 0x00, 0x00, 0x00, 0x0E, 0xFF, 0x20, 0x00, 0x00, 0x00, 0x0E,
    0xFF, 0x20, 0x00, 0x00, 0x00, 0x0E, 0xFF, 0x20, 0x00, 0x00, 0x00, 0x00, 0x00, 0x00, 0x00, 0x00,
    0x00, 0x00, 0x00, 0x00, 0x00, 0x00, 0x00, 0x00, 0x00, 0x00, 0x00, 0x00, 0x00, 0x09, 0xFF, 0xB0,
    0x00, 0x00, 0x00, 0x0D, 0xFF, 0x30, 0x00, 0x00, 0x00, 0x2F, 0xFA, 0x00, 0x00, 0x00, 0x00, 0x6F,
    0xF2, 0x00, 0x00, 0x00, 0x00, 0xAF, 0x90, 0x00, 0x00, 0x00, 0x00, 0x00, 0x2E, 0xF5, 0x00, 0x04,
    0xEF, 0x30, 0x00, 0x00, 0x00, 0x00, 0x03, 0xEF, 0x60, 0x4E, 0xF5, 0x00, 0x00, 0x00, 0x00, 0x00,
    0x00, 0x5F, 0xF9, 0xEF, 0x70, 0x00, 0x00, 0x00, 0x00, 0x00, 0x00, 0x06, 0xFF, 0xF9, 0x00, 0x00,
    0x00, 0x00, 0x00, 0x00, 0x00, 0x00, 0x00, 0x00, 0x00, 0x00, 0x00, 0x00, 0x00, 0x00, 0x00, 0x00,
    0x00, 0x00, 0x00, 0x00, 0x00, 0x00, 0x00, 0xAF, 0xFF, 0xFF, 0xFF, 0xFE, 0xC9, 0x40, 0x00, 0x00,
    0x00, 0xAF, 0xFF, 0xFF, 0xFF, 0xFF, 0xFF, 0xFB, 0x20, 0x00, 0x00, 0xAF, 0xFF, 0xFF, 0xFF, 0xFF,
    0xFF, 0xFF, 0xD1, 0x00, 0x00, 0xAF, 0xFA, 0x00, 0x00, 0x12, 0x6E, 0xFF, 0xF9, 0x00, 0x00, 0xAF,
    0xFA, 0x00, 0x00, 0x00, 0x01, 0xDF, 0xFE, 0x00, 0x00, 0xAF, 0xFA, 0x00, 0x00, 0x00, 0x00, 0x7F,
    0xFF, 0x30, 0x00, 0xAF, 0xFA, 0x00, 0x00, 0x00, 0x00, 0x3F, 0xFF, 0x50, 0x00, 0xAF, 0xFA, 0x00,
    0x00, 0x00, 0x00, 0x3F, 0xFF, 0x50, 0x00, 0xAF, 0xFA, 0x00, 0x00, 0x00, 0x00, 0x7F, 0xFF, 0x30,
    0x00, 0xAF, 0xFA, 0x00, 0x00, 0x00, 0x02, 0xEF, 0xFD, 0x00, 0x00, 0xAF, 0xFA, 0x00, 0x00, 0x02,
    0x6E, 0xFF, 0xF5, 0x00, 0x00, 0xAF, 0xFF, 0xFF, 0xFF, 0xFF, 0xFF, 0xFF, 0x60, 0x00, 0x00, 0xAF,
    0xFF, 0xFF, 0xFF, 0xFF, 0xFF, 0xA2, 0x00, 0x00, 0x00, 0xAF, 0xFF, 0xFF, 0xFF, 0xFF, 0xFF, 0xE5,
    0x00, 0x00, 0x00, 0xAF, 0xFA, 0x00, 0x00, 0x26, 0xDF, 0xFF, 0x40, 0x00, 0x00, 0xAF, 0xFA, 0x00,
    0x00, 0x00, 0x1C, 0xFF, 0xD1, 0x00, 0x00, 0xAF, 0xFA, 0x00, 0x00, 0x00, 0x02, 0xFF, 0xF8, 0x00,
    0x00, 0xAF, 0xFA, 0x00, 0x00, 0x00, 0x00, 0x8F, 0xFE, 0x10, 0x00, 0xAF, 0xFA, 0x00, 0x00, 0x00,
    0x00, 0x1E, 0xFF, 0x80, 0x00, 0xAF, 0xFA, 0x00, 0x00, 0x00, 0x00, 0x09, 0xFF, 0xE1, 0x00, 0xAF,
    0xFA, 0x00, 0x00, 0x00, 0x00, 0x02, 0xFF, 0xF7, 0x00, 0xAF, 0xFA, 0x00, 0x00, 0x00, 0x00, 0x00,
    0x9F, 0xFE, 0x10, 0xAF, 0xFA, 0x00, 0x00, 0x00, 0x00, 0x00, 0x2F, 0xFF, 0x70, 0xAF, 0xFA, 0x00,
    0x00, 0x00, 0x00, 0x00, 0x0A, 0xFF, 0xD0, 0xAF, 0xFA, 0x00, 0x00, 0x00, 0x00, 0x00, 0x03, 0xFF,
    0xF6, 0x1E, 0xF5, 0x00, 0x00, 0x7F, 0xD1, 0x05, 0xFE, 0x20, 0x03, 0xFF, 0x40, 0x00, 0xAF, 0xD1,
    0x1D, 0xF8, 0x00, 0x00, 0x1E, 0xFA, 0xBF, 0xD0, 0x00, 0x00, 0x04, 0xFF, 0xFF, 0x30, 0x00, 0x00,
    0x00, 0x9F, 0xF8, 0x00, 0x00, 0x00, 0x00, 0x00, 0x00, 0x00, 0x00, 0x00, 0x00, 0x00, 0x00, 0x00,
    0x00, 0xEF, 0xF2, 0x02, 0x8C, 0xEF, 0xF0, 0xEF, 0xF2, 0x7F, 0xFF, 0xFF, 0xF0, 0xEF, 0xF9, 0xFF,
    0xFF, 0xFF, 0xF0, 0xEF, 0xFF, 0xFC, 0x51, 0x00, 0x00, 0xEF, 0xFF, 0xA0, 0x00, 0x00, 0x00, 0xEF,
    0xFD, 0x10, 0x00, 0x00, 0x00, 0xEF, 0xF8, 0x00, 0x00, 0x00, 0x00, 0xEF, 0xF4, 0x00, 0x00, 0x00,
    0x00, 0xEF, 0xF3, 0x00, 0x00, 0x00, 0x00, 0xEF, 0xF2, 0x00, 0x00, 0x00, 0x00, 0xEF, 0xF2, 0x00,
    0x00, 0x00, 0x00, 0xEF, 0xF2, 0x00, 0x00, 0x00, 0x00, 0xEF, 0xF2, 0x00, 0x00, 0x00, 0x00, 0xEF,
    0xF2, 0x00, 0x00, 0x00, 0x00, 0xEF, 0xF2, 0x00, 0x00, 0x00, 0x00, 0xEF, 0xF2, 0x00, 0x00, 0x00,
    0x00, 0xEF, 0xF2, 0x00, 0x00, 0x00, 0x00, 0xEF, 0xF2, 0x00, 0x00, 0x00, 0x00, 0xEF, 0xF2, 0x00,
    0x00, 0x00, 0x00, 0x00, 0x00, 0x00, 0x00, 0x08, 0xFF, 0x70, 0x00, 0x00, 0x00, 0x00, 0x00, 0x00,
    0x5F, 0xF8, 0x00, 0x00, 0x00, 0x00, 0x00, 0x00, 0x03, 0xEF, 0x90, 0x00, 0x00, 0x00, 0x00, 0x00,
    0x00, 0x1D, 0xFA, 0x00, 0x00, 0x00, 0x00, 0x00, 0x00, 0x00, 0x00, 0x00, 0x00, 0x00, 0x00, 0x00,
    0x00, 0x00, 0x00, 0x00, 0x00, 0x00, 0x00, 0x00, 0x00, 0x00, 0x00, 0x49, 0xCE, 0xFE, 0xDC, 0xB8,
    0x52, 0x00, 0x00, 0x2C, 0xFF, 0xFF, 0xFF, 0xFF, 0xFF, 0xFF, 0x30, 0x03, 0xEF, 0xFF, 0xFF, 0xFF,
    0xFF, 0xFF, 0xFF, 0x30, 0x1D, 0xFF, 0xFB, 0x52, 0x10, 0x13, 0x47, 0xAD, 0x30, 0x6F, 0xFF, 0x70,
    0x00, 0x00, 0x00, 0x00, 0x00, 0x00, 0xAF, 0xFC, 0x00, 0x00, 0x00, 0x00, 0x00, 0x00, 0x00, 0xBF,
    0xFA, 0x00, 0x00, 0x00, 0x00, 0x00, 0x00, 0x00, 0xBF, 0xFC, 0x00, 0x00, 0x00, 0x00, 0x00, 0x00,
    0x00, 0x8F, 0xFF, 0x50, 0x00, 0x00, 0x00, 0x00, 0x00, 0x00, 0x3F, 0xFF, 0xFA, 0x52, 0x00, 0x00,
    0x00, 0x00, 0x00, 0x08, 0xFF, 0xFF, 0xFF, 0xEB, 0x74, 0x00, 0x00, 0x00, 0x00, 0x6E, 0xFF, 0xFF,
    0xFF, 0xFF, 0xE9, 0x20, 0x00, 0x00, 0x01, 0x7C, 0xFF, 0xFF, 0xFF, 0xFF, 0xE5, 0x00, 0x00, 0x00,
    0x00, 0x14, 0x7A, 0xDF, 0xFF, 0xFF, 0x50, 0x00, 0x00, 0x00, 0x00, 0x00, 0x03, 0xBF, 0xFF, 0xE1,
    0x00, 0x00, 0x00, 0x00, 0x00, 0x00, 0x09, 0xFF, 0xF5, 0x00, 0x00, 0x00, 0x00, 0x00, 0x00, 0x01,
    0xFF, 0xF9, 0x00, 0x00, 0x00, 0x00, 0x00, 0x00, 0x00, 0xDF, 0xFA, 0x00, 0x00, 0x00, 0x00, 0x00,
    0x00, 0x00, 0xDF, 0xF9, 0x00, 0x00, 0x00, 0x00, 0x00, 0x00, 0x03, 0xFF, 0xF7, 0x87, 0x10, 0x00,
    0x00, 0x00, 0x00, 0x1C, 0xFF, 0xF3, 0xAF, 0xFB, 0x74, 0x21, 0x01, 0x38, 0xEF, 0xFF, 0xB0, 0xAF,
    0xFF, 0xFF, 0xFF, 0xFF, 0xFF, 0xFF, 0xFD, 0x10, 0xAF, 0xFF, 0xFF, 0xFF, 0xFF, 0xFF, 0xFF, 0x91,
    0x00, 0x13, 0x69, 0xBC, 0xDE, 0xFE, 0xDA, 0x72, 0x00, 0x00, 0x00, 0x00, 0x00, 0x00, 0x00, 0x7F,
    0xFB, 0x00, 0x00, 0x00, 0x00, 0x00, 0x04, 0xFF, 0xC1, 0x00, 0x00, 0x00, 0x00, 0x00, 0x2E, 0xFD,
    0x10, 0x00, 0x00, 0x00, 0x00, 0x00, 0xCF, 0xE2, 0x00, 0x00, 0x00, 0x00, 0x00, 0x09, 0xFE, 0x30,
    0x00, 0x00, 0x00, 0x00, 0x00, 0x5F, 0xF4, 0x00, 0x00, 0x00, 0x00, 0x00, 0x00, 0x00, 0x00, 0x00,
    0x00, 0x00, 0x00, 0x00, 0x00, 0x00, 0x00, 0x00, 0x00, 0x00, 0x00, 0x01, 0x7B, 0xDF, 0xFD, 0xCA,
    0x62, 0x00, 0x00, 0x5E, 0xFF, 0xFF, 0xFF, 0xFF, 0xFF, 0x10, 0x04, 0xFF, 0xFF, 0xFF, 0xFF, 0xFF,
    0xFF, 0x10, 0x0B, 0xFF, 0xE6, 0x21, 0x01, 0x34, 0x9D, 0x10, 0x0F, 0xFF, 0x30, 0x00, 0x00, 0x00,
    0x00, 0x00, 0x0F, 0xFF, 0x00, 0x00, 0x00, 0x00, 0x00, 0x00, 0x0D, 0xFF, 0x70, 0x00, 0x00, 0x00,
    0x00, 0x00, 0x06, 0xFF, 0xFD, 0x85, 0x20, 0x00, 0x00, 0x00, 0x00, 0x7F, 0xFF, 0xFF, 0xFE, 0xA4,
    0x00, 0x00, 0x00, 0x02, 0x8C, 0xFF, 0xFF, 0xFF, 0xD3, 0x00, 0x00, 0x00, 0x00, 0x14, 0x8C, 0xFF,
    0xFE, 0x30, 0x00, 0x00, 0x00, 0x00, 0x00, 0x3D, 0xFF, 0xA0, 0x00, 0x00, 0x00, 0x00, 0x00, 0x04,
    0xFF, 0xE0, 0x00, 0x00, 0x00, 0x00, 0x00, 0x02, 0xFF, 0xF0, 0x2A, 0x20, 0x00, 0x00, 0x00, 0x07,
    0xFF, 0xE0, 0x2F, 0xFB, 0x63, 0x10, 0x14, 0x9F, 0xFF, 0x90, 0x2F, 0xFF, 0xFF, 0xFF, 0xFF, 0xFF,
    0xFE, 0x10, 0x05, 0xCF, 0xFF, 0xFF, 0xFF, 0xFF, 0xC2, 0x00, 0x00, 0x03, 0x8C, 0xEF, 0xEC, 0x94,
    0x00, 0x00, 0x00, 0x00, 0x00, 0x2E, 0xFF, 0xD1, 0x00, 0x00, 0x00, 0x00, 0x00, 0x01, 0xDF, 0xBC,
    0xFC, 0x00, 0x00, 0x00, 0x00, 0x00, 0x1C, 0xFB, 0x01, 0xCF, 0xA0, 0x00, 0x00, 0x00, 0x00, 0xAF,
    0xA0, 0x00, 0x1C, 0xF8, 0x00, 0x00, 0x00, 0x00, 0x00, 0x00, 0x00, 0x00, 0x00, 0x00, 0x00, 0x00,
    0x00, 0x00, 0x00, 0x00, 0x00, 0x00, 0x00, 0x00, 0x00, 0x00, 0x49, 0xCE, 0xFE, 0xDC, 0xB8, 0x52,
    0x00, 0x00, 0x2C, 0xFF, 0xFF, 0xFF, 0xFF, 0xFF, 0xFF, 0x30, 0x03, 0xEF, 0xFF, 0xFF, 0xFF, 0xFF,
    0xFF, 0xFF, 0x30, 0x1D, 0xFF, 0xFB, 0x52, 0x10, 0x13, 0x47, 0xAD, 0x30, 0x6F, 0xFF, 0x70, 0x00,
    0x00, 0x00, 0x00, 0x00, 0x00, 0xAF, 0xFC, 0x00, 0x00, 0x00, 0x00, 0x00, 0x00, 0x00, 0xBF, 0xFA,
    0x00, 0x00, 0x00, 0x00, 0x00, 0x00, 0x00, 0xBF, 0xFC, 0x00, 0x00, 0x00, 0x00, 0x00, 0x00, 0x00,
    0x8F, 0xFF, 0x50, 0x00, 0x00, 0x00, 0x00, 0x00, 0x00, 0x3F, 0xFF, 0xFA, 0x52, 0x00, 0x00, 0x00,
    0x00, 0x00, 0x08, 0xFF, 0xFF, 0xFF, 0xEB, 0x74, 0x00, 0x00, 0x00, 0x00, 0x6E, 0xFF, 0xFF, 0xFF,
    0xFF, 0xE9, 0x20, 0x00, 0x00, 0x01, 0x7C, 0xFF, 0xFF, 0xFF, 0xFF, 0xE5, 0x00, 0x00, 0x00, 0x00,
    0x14, 0x7A, 0xDF, 0xFF, 0xFF, 0x50, 0x00, 0x00, 0x00, 0x00, 0x00, 0x03, 0xBF, 0xFF, 0xE1, 0x00,
    0x00, 0x00, 0x00, 0x00, 0x00, 0x09, 0xFF, 0xF5, 0x00, 0x00, 0x00, 0x00, 0x00, 0x00, 0x01, 0xFF,
    0xF9, 0x00, 0x00, 0x00, 0x00, 0x00, 0x00, 0x00, 0xDF, 0xFA, 0x00, 0x00, 0x00, 0x00, 0x00, 0x00,
    0x00, 0xDF, 0xF9, 0x00, 0x00, 0x00, 0x00, 0x00, 0x00, 0x03, 0xFF, 0xF7, 0x87, 0x10, 0x00, 0x00,
    0x00, 0x00, 0x1C, 0xFF, 0xF3, 0xAF, 0xFB, 0x74, 0x21, 0x01, 0x38, 0xEF, 0xFF, 0xB0, 0xAF, 0xFF,
    0xFF, 0xFF, 0xFF, 0xFF, 0xFF, 0xFD, 0x10, 0xAF, 0xFF, 0xFF, 0xFF, 0xFF, 0xFF, 0xFF, 0x91, 0x00,
    0x13, 0x69, 0xBC, 0xDE, 0xFE, 0xDA, 0x72, 0x00, 0x00, 0x00, 0x00, 0x00, 0x7F, 0xFA, 0x00, 0x00,
    0x00, 0x00, 0x00, 0x03, 0xFF, 0xFF, 0x50, 0x00, 0x00, 0x00, 0x00, 0x0C, 0xFC, 0x9F, 0xE2, 0x00,
    0x00, 0x00, 0x00, 0x7F, 0xE2, 0x0C, 0xFB, 0x00, 0x00, 0x00, 0x03, 0xFF, 0x40, 0x02, 0xEF, 0x60,
    0x00, 0x00, 0x0C, 0xF8, 0x00, 0x00, 0x4F, 0xE2, 0x00, 0x00, 0x00, 0x00, 0x00, 0x00, 0x00, 0x00,
    0x00, 0x00, 0x00, 0x00, 0x00, 0x00, 0x00, 0x00, 0x00, 0x00, 0x01, 0x7B, 0xDF, 0xFD, 0xCA, 0x62,
    0x00, 0x00, 0x5E, 0xFF, 0xFF, 0xFF, 0xFF, 0xFF, 0x10, 0x04, 0xFF, 0xFF, 0xFF, 0xFF, 0xFF, 0xFF,
    0x10, 0x0B, 0xFF, 0xE6, 0x21, 0x01, 0x34, 0x9D, 0x10, 0x0F, 0xFF, 0x30, 0x00, 0x00, 0x00, 0x00,
    0x00, 0x0F, 0xFF, 0x00, 0x00, 0x00, 0x00, 0x00, 0x00, 0x0D, 0xFF, 0x70, 0x00, 0x00, 0x00, 0x00,
    0x00, 0x06, 0xFF, 0xFD, 0x85, 0x20, 0x00, 0x00, 0x00, 0x00, 0x7F, 0xFF, 0xFF, 0xFE, 0xA4, 0x00,
    0x00, 0x00, 0x02, 0x8C, 0xFF, 0xFF, 0xFF, 0xD3, 0x00, 0x00, 0x00, 0x00, 0x14, 0x8C, 0xFF, 0xFE,
    0x30, 0x00, 0x00, 0x00, 0x00, 0x00, 0x3D, 0xFF, 0xA0, 0x00, 0x00, 0x00, 0x00, 0x00, 0x04, 0xFF,
    0xE0, 0x00, 0x00, 0x00, 0x00, 0x00, 0x02, 0xFF, 0xF0, 0x2A, 0x20, 0x00, 0x00, 0x00, 0x07, 0xFF,
    0xE0, 0x2F, 0xFB, 0x63, 0x10, 0x14, 0x9F, 0xFF, 0x90, 0x2F, 0xFF, 0xFF, 0xFF, 0xFF, 0xFF, 0xFE,
    0x10, 0x05, 0xCF, 0xFF, 0xFF, 0xFF, 0xFF, 0xC2, 0x00, 0x00, 0x03, 0x8C, 0xEF, 0xEC, 0x94, 0x00,
    0x00, 0x00, 0x00, 0x49, 0xCE, 0xFE, 0xDC, 0xB8, 0x52, 0x00, 0x00, 0x2C, 0xFF, 0xFF, 0xFF, 0xFF,
    0xFF, 0xFF, 0x30, 0x03, 0xEF, 0xFF, 0xFF, 0xFF, 0xFF, 0xFF, 0xFF, 0x30, 0x1D, 0xFF, 0xFB, 0x52,
    0x10, 0x13, 0x47, 0xAD, 0x30, 0x6F, 0xFF, 0x70, 0x00, 0x00, 0x00, 0x00, 0x00, 0x00, 0xAF, 0xFC,
    0x00, 0x00, 0x00, 0x00, 0x00, 0x00, 0x00, 0xBF, 0xFA, 0x00, 0x00, 0x00, 0x00, 0x00, 0x00, 0x00,
    0xBF, 0xFC, 0x00, 0x00, 0x00, 0x00, 0x00, 0x00, 0x00, 0x8F, 0xFF, 0x50, 0x00, 0x00, 0x00, 0x00,
    0x00, 0x00, 0x3F, 0xFF, 0xFA, 0x52, 0x00, 0x00, 0x00, 0x00, 0x00, 0x08, 0xFF, 0xFF, 0xFF, 0xEB,
    0x74, 0x00, 0x00, 0x00, 0x00, 0x6E, 0xFF, 0xFF, 0xFF, 0xFF, 0xE9, 0x20, 0x00, 0x00, 0x01, 0x7C,
    0xFF, 0xFF, 0xFF, 0xFF, 0xE5, 0x00, 0x00, 0x00, 0x00, 0x14, 0x7A, 0xDF, 0xFF, 0xFF, 0x50, 0x00,
    0x00, 0x00, 0x00, 0x00, 0x03, 0xBF, 0xFF, 0xE1, 0x00, 0x00, 0x00, 0x00, 0x00, 0x00, 0x09, 0xFF,
    0xF5, 0x00, 0x00, 0x00, 0x00, 0x00, 0x00, 0x01, 0xFF, 0xF9, 0x00, 0x00, 0x00, 0x00, 0x00, 0x00,
    0x00, 0xDF, 0xFA, 0x00, 0x00, 0x00, 0x00, 0x00, 0x00, 0x00, 0xDF, 0xF9, 0x00, 0x00, 0x00, 0x00,
    0x00, 0x00, 0x03, 0xFF, 0xF7, 0x87, 0x10, 0x00, 0x00, 0x00, 0x00, 0x1C, 0xFF, 0xF3, 0xAF, 0xFB,
    0x74, 0x21, 0x01, 0x38, 0xEF, 0xFF, 0xB0, 0xAF, 0xFF, 0xFF, 0xFF, 0xFF, 0xFF, 0xFF, 0xFD, 0x10,
    0xAF, 0xFF, 0xFF, 0xFF, 0xFF, 0xFF, 0xFF, 0x91, 0x00, 0x13, 0x69, 0xBC, 0xDE, 0xFE, 0xDA, 0x72,
    0x00, 0x00, 0x00, 0x00, 0x00, 0x00, 0x7F, 0x90, 0x00, 0x00, 0x00, 0x00, 0x00, 0x00, 0x00, 0x0D,
    0xF4, 0x00, 0x00, 0x00, 0x00, 0x00, 0x00, 0x00, 0x07, 0xFB, 0x00, 0x00, 0x00, 0x00, 0x00, 0x00,
    0x00, 0x05, 0xFF, 0x00, 0x00, 0x00, 0x00, 0x00, 0x09, 0x31, 0x2C, 0xFD, 0x00, 0x00, 0x00, 0x00,
    0x00, 0x0D, 0xFF, 0xFF, 0xF8, 0x00, 0x00, 0x00, 0x00, 0x00, 0x09, 0xDF, 0xEC, 0x70, 0x00, 0x00,
    0x00, 0x00, 0x01, 0x7B, 0xDF, 0xFD, 0xCA, 0x62, 0x00, 0x00, 0x5E, 0xFF, 0xFF, 0xFF, 0xFF, 0xFF,
    0x10, 0x04, 0xFF, 0xFF, 0xFF, 0xFF, 0xFF, 0xFF, 0x10, 0x0B, 0xFF, 0xE6, 0x21, 0x01, 0x34, 0x9D,
    0x10, 0x0F, 0xFF, 0x30, 0x00, 0x00, 0x00, 0x00, 0x00, 0x0F, 0xFF, 0x00, 0x00, 0x00, 0x00, 0x00,
    0x00, 0x0D, 0xFF, 0x70, 0x00, 0x00, 0x00, 0x00, 0x00, 0x06, 0xFF, 0xFD, 0x85, 0x20, 0x00, 0x00,
    0x00, 0x00, 0x7F, 0xFF, 0xFF, 0xFE, 0xA4, 0x00, 0x00, 0x00, 0x02, 0x8C, 0xFF, 0xFF, 0xFF, 0xD3,
    0x00, 0x00, 0x00, 0x00, 0x14, 0x8C, 0xFF, 0xFE, 0x30, 0x00, 0x00, 0x00, 0x00, 0x00, 0x3D, 0xFF,
    0xA0, 0x00, 0x00, 0x00, 0x00, 0x00, 0x04, 0xFF, 0xE0, 0x00, 0x00, 0x00, 0x00, 0x00, 0x02, 0xFF,
    0xF0, 0x2A, 0x20, 0x00, 0x00, 0x00, 0x07, 0xFF, 0xE0, 0x2F, 0xFB, 0x63, 0x10, 0x14, 0x9F, 0xFF,
    0x90, 0x2F, 0xFF, 0xFF, 0xFF, 0xFF, 0xFF, 0xFE, 0x10, 0x05, 0xCF, 0xFF, 0xFF, 0xFF, 0xFF, 0xC2,
    0x00, 0x00, 0x03, 0x8C, 0xEF, 0xEC, 0x94, 0x00, 0x00, 0x00, 0x00, 0x00, 0x06, 0xFA, 0x00, 0x00,
    0x00, 0x00, 0x00, 0x00, 0x00, 0xCF, 0x50, 0x00, 0x00, 0x00, 0x00, 0x00, 0x00, 0x6F, 0xC0, 0x00,
    0x00, 0x00, 0x00, 0x00, 0x00, 0x5F, 0xF0, 0x00, 0x00, 0x00, 0x00, 0x84, 0x12, 0xBF, 0xE0, 0x00,
    0x00, 0x00, 0x00, 0xCF, 0xFF, 0xFF, 0x90, 0x00, 0x00, 0x00, 0x00, 0x8D, 0xEE, 0xD7, 0x00, 0x00,
    0x00, 0x00, 0x01, 0xCF, 0x90, 0x00, 0x2D, 0xF7, 0x00, 0x00, 0x00, 0x00, 0x1D, 0xF9, 0x02, 0xDF,
    0x80, 0x00, 0x00, 0x00, 0x00, 0x02, 0xEF, 0xAD, 0xFA, 0x00, 0x00, 0x00, 0x00, 0x00, 0x00, 0x3E,
    0xFF, 0xC1, 0x00, 0x00, 0x00, 0x00, 0x00, 0x00, 0x00, 0x00, 0x00, 0x00, 0x00, 0x00, 0x00, 0x00,
    0x00, 0x00, 0x00, 0x00, 0x00, 0x00, 0x00, 0x00, 0x00, 0x49, 0xCE, 0xFE, 0xDC, 0xB8, 0x52, 0x00,
    0x00, 0x2C, 0xFF, 0xFF, 0xFF, 0xFF, 0xFF, 0xFF, 0x30, 0x03, 0xEF, 0xFF, 0xFF, 0xFF, 0xFF, 0xFF,
    0xFF, 0x30, 0x1D, 0xFF, 0xFB, 0x52, 0x10, 0x13, 0x47, 0xAD, 0x30, 0x6F, 0xFF, 0x70, 0x00, 0x00,
    0x00, 0x00, 0x00, 0x00, 0xAF, 0xFC, 0x00, 0x00, 0x00, 0x00, 0x00, 0x00, 0x00, 0xBF, 0xFA, 0x00,
    0x00, 0x00, 0x00, 0x00, 0x00, 0x00, 0xBF, 0xFC, 0x00, 0x00, 0x00, 0x00, 0x00, 0x00, 0x00, 0x8F,
    0xFF, 0x50, 0x00, 0x00, 0x00, 0x00, 0x00, 0x00, 0x3F, 0xFF, 0xFA, 0x52, 0x00, 0x00, 0x00, 0x00,
    0x00, 0x08, 0xFF, 0xFF, 0xFF, 0xEB, 0x74, 0x00, 0x00, 0x00, 0x00, 0x6E, 0xFF, 0xFF, 0xFF, 0xFF,
    0xE9, 0x20, 0x00, 0x00, 0x01, 0x7C, 0xFF, 0xFF, 0xFF, 0xFF, 0xE5, 0x00, 0x00, 0x00, 0x00, 0x14,
    0x7A, 0xDF, 0xFF, 0xFF, 0x50, 0x00, 0x00, 0x00, 0x00, 0x00, 0x03, 0xBF, 0xFF, 0xE1, 0x00, 0x00,
    0x00, 0x00, 0x00, 0x00, 0x09, 0xFF, 0xF5, 0x00, 0x00, 0x00, 0x00, 0x00, 0x00, 0x01, 0xFF, 0xF9,
    0x00, 0x00, 0x00, 0x00, 0x00, 0x00, 0x00, 0xDF, 0xFA, 0x00, 0x00, 0x00, 0x00, 0x00, 0x00, 0x00,
    0xDF, 0xF9, 0x00, 0x00, 0x00, 0x00, 0x00, 0x00, 0x03, 0xFF, 0xF7, 0x87, 0x10, 0x00, 0x00, 0x00,
    0x00, 0x1C, 0xFF, 0xF3, 0xAF, 0xFB, 0x74, 0x21, 0x01, 0x38, 0xEF, 0xFF, 0xB0, 0xAF, 0xFF, 0xFF,
    0xFF, 0xFF, 0xFF, 0xFF, 0xFD, 0x10, 0xAF, 0xFF, 0xFF, 0xFF, 0xFF, 0xFF, 0xFF, 0x91, 0x00, 0x13,
    0x69, 0xBC, 0xDE, 0xFE, 0xDA, 0x72, 0x00, 0x00, 0x00, 0x0B, 0xF9, 0x00, 0x00, 0x3F, 0xF3, 0x00,
    0x00, 0x02, 0xEF, 0x50, 0x01, 0xDF, 0x70, 0x00, 0x00, 0x00, 0x6F, 0xE3, 0x0B, 0xFC, 0x00, 0x00,
    0x00, 0x00, 0x0B, 0xFD, 0x8F, 0xF2, 0x00, 0x00, 0x00, 0x00, 0x02, 0xEF, 0xFF, 0x70, 0x00, 0x00,
    0x00, 0x00, 0x00, 0x6F, 0xFC, 0x00, 0x00, 0x00, 0x00, 0x00, 0x00, 0x00, 0x00, 0x00, 0x00, 0x00,
    0x00, 0x00, 0x00, 0x00, 0x00, 0x00, 0x00, 0x00, 0x00, 0x01, 0x7B, 0xDF, 0xFD, 0xCA, 0x62, 0x00,
    0x00, 0x5E, 0xFF, 0xFF, 0xFF, 0xFF, 0xFF, 0x10, 0x04, 0xFF, 0xFF, 0xFF, 0xFF, 0xFF, 0xFF, 0x10,
    0x0B, 0xFF, 0xE6, 0x21, 0x01, 0x34, 0x9D, 0x10, 0x0F, 0xFF, 0x30, 0x00, 0x00, 0x00, 0x00, 0x00,
    0x0F, 0xFF, 0x00, 0x00, 0x00, 0x00, 0x00, 0x00, 0x0D, 0xFF, 0x70, 0x00, 0x00, 0x00, 0x00, 0x00,
    0x06, 0xFF, 0xFD, 0x85, 0x20, 0x00, 0x00, 0x00, 0x00, 0x7F, 0xFF, 0xFF, 0xFE, 0xA4, 0x00, 0x00,
    0x00, 0x02, 0x8C, 0xFF, 0xFF, 0xFF, 0xD3, 0x00, 0x00, 0x00, 0x00, 0x14, 0x8C, 0xFF, 0xFE, 0x30,
    0x00, 0x00, 0x00, 0x00, 0x00, 0x3D, 0xFF, 0xA0, 0x00, 0x00, 0x00, 0x00, 0x00, 0x04, 0xFF, 0xE0,
    0x00, 0x00, 0x00, 0x00, 0x00, 0x02, 0xFF, 0xF0, 0x2A, 0x20, 0x00, 0x00, 0x00, 0x07, 0xFF, 0xE0,
    0x2F, 0xFB, 0x63, 0x10, 0x14, 0x9F, 0xFF, 0x90, 0x2F, 0xFF, 0xFF, 0xFF, 0xFF, 0xFF, 0xFE, 0x10,
    0x05, 0xCF, 0xFF, 0xFF, 0xFF, 0xFF, 0xC2, 0x00, 0x00, 0x03, 0x8C, 0xEF, 0xEC, 0x94, 0x00, 0x00,
    0x1F, 0xFF, 0xFF, 0xFF, 0xFF, 0xFF, 0xFF, 0xFF, 0xFF, 0xFF, 0xFD, 0x1F, 0xFF, 0xFF, 0xFF, 0xFF,
    0xFF, 0xFF, 0xFF, 0xFF, 0xFF, 0xFD, 0x1F, 0xFF, 0xFF, 0xFF, 0xFF, 0xFF, 0xFF, 0xFF, 0xFF, 0xFF,
    0xFD, 0x00, 0x00, 0x00, 0x00, 0x04, 0xFF, 0xF1, 0x00, 0x00, 0x00, 0x00, 0x00, 0x00, 0x00, 0x00,
    0x04, 0xFF, 0xF1, 0x00, 0x00, 0x00, 0x00, 0x00, 0x00, 0x00, 0x00, 0x04, 0xFF, 0xF1, 0x00, 0x00,
    0x00, 0x00, 0x00, 0x00, 0x00, 0x00, 0x04, 0xFF, 0xF1, 0x00, 0x00, 0x00, 0x00, 0x00, 0x00, 0x00,
    0x00, 0x04, 0xFF, 0xF1, 0x00, 0x00, 0x00, 0x00, 0x00, 0x00, 0x00, 0x00, 0x04, 0xFF, 0xF1, 0x00,
    0x00, 0x00, 0x00, 0x00, 0x00, 0x00, 0x00, 0x04, 0xFF, 0xF1, 0x00, 0x00, 0x00, 0x00, 0x00, 0x00,
    0x00, 0x00, 0x04, 0xFF, 0xF1, 0x00, 0x00, 0x00, 0x00, 0x00, 0x00, 0x00, 0x00, 0x04, 0xFF, 0xF1,
    0x00, 0x00, 0x00, 0x00, 0x00, 0x00, 0x00, 0x00, 0x04, 0xFF, 0xF1, 0x00, 0x00, 0x00, 0x00, 0x00,
    0x00, 0x00, 0x00, 0x04, 0xFF, 0xF1, 0x00, 0x00, 0x00, 0x00, 0x00, 0x00, 0x00, 0x00, 0x04, 0xFF,
    0xF1, 0x00, 0x00, 0x00, 0x00, 0x00, 0x00, 0x00, 0x00, 0x04, 0xFF, 0xF1, 0x00, 0x00, 0x00, 0x00,
    0x00, 0x00, 0x00, 0x00, 0x04, 0xFF, 0xF1, 0x00, 0x00, 0x00, 0x00, 0x00, 0x00, 0x00, 0x00, 0x04,
    0xFF, 0xF1, 0x00, 0x00, 0x00, 0x00, 0x00, 0x00, 0x00, 0x00, 0x04, 0xFF, 0xF1, 0x00, 0x00, 0x00,
    0x00, 0x00, 0x00, 0x00, 0x00, 0x04, 0xFF, 0xF1, 0x00, 0x00, 0x00, 0x00, 0x00, 0x00, 0x00, 0x00,
    0x04, 0xFF, 0xF1, 0x00, 0x00, 0x00, 0x00, 0x00, 0x00, 0x00, 0x00, 0x04, 0xFF, 0xF1, 0x00, 0x00,
    0x00, 0x00, 0x00, 0x00, 0x00, 0x00, 0x04, 0xFF, 0xF1, 0x00, 0x00, 0x00, 0x00, 0x00, 0x00, 0x00,
    0x00, 0x04, 0xFF, 0xF1, 0x00, 0x00, 0x00, 0x00, 0x00, 0x00, 0x00, 0x00, 0x04, 0xFF, 0xF1, 0x00,
    0x00, 0x00, 0x00, 0x00, 0x00, 0x00, 0x00, 0x00, 0x7F, 0x90, 0x00, 0x00, 0x00, 0x00, 0x00, 0x00,
    0x00, 0x00, 0x00, 0x0D, 0xF4, 0x00, 0x00, 0x00, 0x00, 0x00, 0x00, 0x00, 0x00, 0x00, 0x07, 0xFB,
    0x00, 0x00, 0x00, 0x00, 0x00, 0x00, 0x00, 0x00, 0x00, 0x05, 0xFF, 0x00, 0x00, 0x00, 0x00, 0x00,
    0x00, 0x00, 0x09, 0x31, 0x2B, 0xFE, 0x00, 0x00, 0x00, 0x00, 0x00, 0x00, 0x00, 0x0D, 0xFF, 0xFF,
    0xF8, 0x00, 0x00, 0x00, 0x00, 0x00, 0x00, 0x00, 0x09, 0xDF, 0xEC, 0x70, 0x00, 0x00, 0x00, 0x00,
    0x00, 0x0D, 0xFF, 0x30, 0x00, 0x00, 0x00, 0x00, 0x0D, 0xFF, 0x30, 0x00, 0x00, 0x00, 0x00, 0x0D,
    0xFF, 0x30, 0x00, 0x00, 0x00, 0x00, 0x0D, 0xFF, 0x30, 0x00, 0x00, 0x00, 0x00, 0x0D, 0xFF, 0x30,
    0x00, 0x00, 0x00, 0x1F, 0xFF, 0xFF, 0xFF, 0xFF, 0xFF, 0x80, 0x1F, 0xFF, 0xFF, 0xFF, 0xFF, 0xFF,
    0x80, 0x1F, 0xFF, 0xFF, 0xFF, 0xFF, 0xFF, 0x80, 0x00, 0x0D, 0xFF, 0x30, 0x00, 0x00, 0x00, 0x00,
    0x0D, 0xFF, 0x30, 0x00, 0x00, 0x00, 0x00, 0x0D, 0xFF, 0x30, 0x00, 0x00, 0x00, 0x00, 0x0D, 0xFF,
    0x30, 0x00, 0x00, 0x00, 0x00, 0x0D, 0xFF, 0x30, 0x00, 0x00, 0x00, 0x00, 0x0D, 0xFF, 0x30, 0x00,
    0x00, 0x00, 0x00, 0x0D, 0xFF, 0x30, 0x00, 0x00, 0x00, 0x00, 0x0D, 0xFF, 0x30, 0x00, 0x00, 0x00,
    0x00, 0x0D, 0xFF, 0x30, 0x00, 0x00, 0x00, 0x00, 0x0D, 0xFF, 0x30, 0x00, 0x00, 0x00, 0x00, 0x0C,
    0xFF, 0x40, 0x00, 0x00, 0x00, 0x00, 0x0B, 0xFF, 0x60, 0x00, 0x00, 0x00, 0x00, 0x08, 0xFF, 0xD4,
    0x10, 0x00, 0x00, 0x00, 0x03, 0xFF, 0xFF, 0xFF, 0xFF, 0x80, 0x00, 0x00, 0x8F, 0xFF, 0xFF, 0xFF,
    0x80, 0x00, 0x00, 0x04, 0xAD, 0xEF, 0xFF, 0x80, 0x00, 0x00, 0x00, 0x04, 0xFB, 0x00, 0x00, 0x00,
    0x00, 0x00, 0x00, 0xBF, 0x60, 0x00, 0x00, 0x00, 0x00, 0x00, 0x5F, 0xD0, 0x00, 0x00, 0x00, 0x00,
    0x00, 0x3F, 0xF2, 0x00, 0x00, 0x00, 0x84, 0x11, 0xAF, 0xF1, 0x00, 0x00, 0x00, 0xAF, 0xFF, 0xFF,
    0xB0, 0x00, 0x00, 0x00, 0x7D, 0xEF, 0xD8, 0x10, 0x00, 0x00, 0x00, 0x00, 0x4F, 0xE3, 0x00, 0x06,
    0xFE, 0x20, 0x00, 0x00, 0x00, 0x00, 0x00, 0x05, 0xFE, 0x40, 0x6F, 0xE3, 0x00, 0x00, 0x00, 0x00,
    0x00, 0x00, 0x00, 0x7F, 0xE9, 0xFF, 0x40, 0x00, 0x00, 0x00, 0x00, 0x00, 0x00, 0x00, 0x09, 0xFF,
    0xF6, 0x00, 0x00, 0x00, 0x00, 0x00, 0x00, 0x00, 0x00, 0x00, 0x00, 0x00, 0x00, 0x00, 0x00, 0x00,
    0x00, 0x00, 0x00, 0x00, 0x00, 0x00, 0x00, 0x00, 0x00, 0x00, 0x00, 0x1F, 0xFF, 0xFF, 0xFF, 0xFF,
    0xFF, 0xFF, 0xFF, 0xFF, 0xFF, 0xFD, 0x1F, 0xFF, 0xFF, 0xFF, 0xFF, 0xFF, 0xFF, 0xFF, 0xFF, 0xFF,
    0xFD, 0x1F, 0xFF, 0xFF, 0xFF, 0xFF, 0xFF, 0xFF, 0xFF, 0xFF, 0xFF, 0xFD, 0x00, 0x00, 0x00, 0x00,
    0x04, 0xFF, 0xF1, 0x00, 0x00, 0x00, 0x00, 0x00, 0x00, 0x00, 0x00, 0x04, 0xFF, 0xF1, 0x00, 0x00,
    0x00, 0x00, 0x00, 0x00, 0x00, 0x00, 0x04, 0xFF, 0xF1, 0x00, 0x00, 0x00, 0x00, 0x00, 0x00, 0x00,
    0x00, 0x04, 0xFF, 0xF1, 0x00, 0x00, 0x00, 0x00, 0x00, 0x00, 0x00, 0x00, 0x04, 0xFF, 0xF1, 0x00,
    0x00, 0x00, 0x00, 0x00, 0x00, 0x00, 0x00, 0x04, 0xFF, 0xF1, 0x00, 0x00, 0x00, 0x00, 0x00, 0x00,
    0x00, 0x00, 0x04, 0xFF, 0xF1, 0x00, 0x00, 0x00, 0x00, 0x00, 0x00, 0x00, 0x00, 0x04, 0xFF, 0xF1,
    0x00, 0x00, 0x00, 0x00, 0x00, 0x00, 0x00, 0x00, 0x04, 0xFF, 0xF1, 0x00, 0x00, 0x00, 0x00, 0x00,
    0x00, 0x00, 0x00, 0x04, 0xFF, 0xF1, 0x00, 0x00, 0x00, 0x00, 0x00, 0x00, 0x00, 0x00, 0x04, 0xFF,
    0xF1, 0x00, 0x00, 0x00, 0x00, 0x00, 0x00, 0x00, 0x00, 0x04, 0xFF, 0xF1, 0x00, 0x00, 0x00, 0x00,
    0x00, 0x00, 0x00, 0x00, 0x04, 0xFF, 0xF1, 0x00, 0x00, 0x00, 0x00, 0x00, 0x00, 0x00, 0x00, 0x04,
    0xFF, 0xF1, 0x00, 0x00, 0x00, 0x00, 0x00, 0x00, 0x00, 0x00, 0x04, 0xFF, 0xF1, 0x00, 0x00, 0x00,
    0x00, 0x00, 0x00, 0x00, 0x00, 0x04, 0xFF, 0xF1, 0x00, 0x00, 0x00, 0x00, 0x00, 0x00, 0x00, 0x00,
    0x04, 0xFF, 0xF1, 0x00, 0x00, 0x00, 0x00, 0x00, 0x00, 0x00, 0x00, 0x04, 0xFF, 0xF1, 0x00, 0x00,
    0x00, 0x00, 0x00, 0x00, 0x00, 0x00, 0x04, 0xFF, 0xF1, 0x00, 0x00, 0x00, 0x00, 0x00, 0x00, 0x00,
    0x00, 0x04, 0xFF, 0xF1, 0x00, 0x00, 0x00, 0x00, 0x00, 0x00, 0x00, 0x00, 0x04, 0xFF, 0xF1, 0x00,
    0x00, 0x00, 0x00, 0x00, 0x00, 0x00, 0x00, 0x04, 0xFF, 0xF1, 0x00, 0x00, 0x00, 0x00, 0x00, 0x00,
    0x00, 0x00, 0x0A, 0xFF, 0x80, 0x00, 0x00, 0x00, 0x00, 0x0D, 0xFF, 0x30, 0x00, 0x00, 0x00, 0x00,
    0x1F, 0xFD, 0x00, 0x00, 0x00, 0x00, 0x00, 0x4F, 0xF9, 0x00, 0x00, 0x0D, 0xFF, 0x30, 0x7F, 0xF4,
    0x00, 0x00, 0x0D, 0xFF, 0x30, 0xAF, 0xE0, 0x00, 0x00, 0x0D, 0xFF, 0x30, 0x00, 0x00, 0x00, 0x00,
    0x0D, 0xFF, 0x30, 0x00, 0x00, 0x00, 0x00, 0x0D, 0xFF, 0x30, 0x00, 0x00, 0x00, 0x1F, 0xFF, 0xFF,
    0xFF, 0xFF, 0xFF, 0x80, 0x1F, 0xFF, 0xFF, 0xFF, 0xFF, 0xFF, 0x80, 0x1F, 0xFF, 0xFF, 0xFF, 0xFF,
    0xFF, 0x80, 0x00, 0x0D, 0xFF, 0x30, 0x00, 0x00, 0x00, 0x00, 0x0D, 0xFF, 0x30, 0x00, 0x00, 0x00,
    0x00, 0x0D, 0xFF, 0x30, 0x00, 0x00, 0x00, 0x00, 0x0D, 0xFF, 0x30, 0x00, 0x00, 0x00, 0x00, 0x0D,
    0xFF, 0x30, 0x00, 0x00, 0x00, 0x00, 0x0D, 0xFF, 0x30, 0x00, 0x00, 0x00, 0x00, 0x0D, 0xFF, 0x30,
    0x00, 0x00, 0x00, 0x00, 0x0D, 0xFF, 0x30, 0x00, 0x00, 0x00, 0x00, 0x0D, 0xFF, 0x30, 0x00, 0x00,
    0x00, 0x00, 0x0D, 0xFF, 0x30, 0x00, 0x00, 0x00, 0x00, 0x0C, 0xFF, 0x40, 0x00, 0x00, 0x00, 0x00,
    0x0B, 0xFF, 0x60, 0x00, 0x00, 0x00, 0x00, 0x08, 0xFF, 0xD4, 0x10, 0x00, 0x00, 0x00, 0x03, 0xFF,
    0xFF, 0xFF, 0xFF, 0x80, 0x00, 0x00, 0x8F, 0xFF, 0xFF, 0xFF, 0x80, 0x00, 0x00, 0x04, 0xAD, 0xEF,
    0xFF, 0x80, 0x1F, 0xFF, 0xFF, 0xFF, 0xFF, 0xFF, 0xFF, 0xFF, 0xFF, 0xFF, 0xFD, 0x1F, 0xFF, 0xFF,
    0xFF, 0xFF, 0xFF, 0xFF, 0xFF, 0xFF, 0xFF, 0xFD, 0x1F, 0xFF, 0xFF, 0xFF, 0xFF, 0xFF, 0xFF, 0xFF,
    0xFF, 0xFF, 0xFD, 0x00, 0x00, 0x00, 0x00, 0x04, 0xFF, 0xF1, 0x00, 0x00, 0x00, 0x00, 0x00, 0x00,
    0x00, 0x00, 0x04, 0xFF, 0xF1, 0x00, 0x00, 0x00, 0x00, 0x00, 0x00, 0x00, 0x00, 0x04, 0xFF, 0xF1,
    0x00, 0x00, 0x00, 0x00, 0x00, 0x00, 0x00, 0x00, 0x04, 0xFF, 0xF1, 0x00, 0x00, 0x00, 0x00, 0x00,
    0x00, 0x00, 0x00, 0x04, 0xFF, 0xF1, 0x00, 0x00, 0x00, 0x00, 0x00, 0x00, 0x00, 0x00, 0x04, 0xFF,
    0xF1, 0x00, 0x00, 0x00, 0x00, 0x00, 0x00, 0x00, 0x00, 0x04, 0xFF, 0xF1, 0x00, 0x00, 0x00, 0x00,
    0x00, 0x00, 0x00, 0x00, 0x04, 0xFF, 0xF1, 0x00, 0x00, 0x00, 0x00, 0x00, 0x00, 0x00, 0x00, 0x04,
    0xFF, 0xF1, 0x00, 0x00, 0x00, 0x00, 0x00, 0x00, 0x00, 0x00, 0x04, 0xFF, 0xF1, 0x00, 0x00, 0x00,
    0x00, 0x00, 0x00, 0x0B, 0xFF, 0xFF, 0xFF, 0xFF, 0xFF, 0xF7, 0x00, 0x00, 0x00, 0x00, 0x0B, 0xFF,
    0xFF, 0xFF, 0xFF, 0xFF, 0xF7, 0x00, 0x00, 0x00, 0x00, 0x0B, 0xFF, 0xFF, 0xFF, 0xFF, 0xFF, 0xF7,
    0x00, 0x00, 0x00, 0x00, 0x00, 0x00, 0x04, 0xFF, 0xF1, 0x00, 0x00, 0x00, 0x00, 0x00, 0x00, 0x00,
    0x00, 0x04, 0xFF, 0xF1, 0x00, 0x00, 0x00, 0x00, 0x00, 0x00, 0x00, 0x00, 0x04, 0xFF, 0xF1, 0x00,
    0x00, 0x00, 0x00, 0x00, 0x00, 0x00, 0x00, 0x04, 0xFF, 0xF1, 0x00, 0x00, 0x00, 0x00, 0x00, 0x00,
    0x00, 0x00, 0x04, 0xFF, 0xF1, 0x00, 0x00, 0x00, 0x00, 0x00, 0x00, 0x00, 0x00, 0x04, 0xFF, 0xF1,
    0x00, 0x00, 0x00, 0x00, 0x00, 0x00, 0x00, 0x00, 0x04, 0xFF, 0xF1, 0x00, 0x00, 0x00, 0x00, 0x00,
    0x00, 0x00, 0x00, 0x04, 0xFF, 0xF1, 0x00, 0x00, 0x00, 0x00, 0x00, 0x00, 0x00, 0x00, 0x04, 0xFF,
    0xF1, 0x00, 0x00, 0x00, 0x00, 0x00, 0x0D, 0xFF, 0x30, 0x00, 0x00, 0x00, 0x00, 0x0D, 0xFF, 0x30,
    0x00, 0x00, 0x00, 0x00, 0x0D, 0xFF, 0x30, 0x00, 0x00, 0x00, 0x00, 0x0D, 0xFF, 0x30, 0x00, 0x00,
    0x00, 0x00, 0x0D, 0xFF, 0x30, 0x00, 0x00, 0x00, 0x1F, 0xFF, 0xFF, 0xFF, 0xFF, 0xFF, 0x80, 0x1F,
    0xFF, 0xFF, 0xFF, 0xFF, 0xFF, 0x80, 0x1F, 0xFF, 0xFF, 0xFF, 0xFF, 0xFF, 0x80, 0x00, 0x0D, 0xFF,
    0x30, 0x00, 0x00, 0x00, 0x00, 0x0D, 0xFF, 0x30, 0x00, 0x00, 0x00, 0x00, 0x0D, 0xFF, 0x30, 0x00,
    0x00, 0x00, 0x00, 0x0D, 0xFF, 0x30, 0x00, 0x00, 0x00, 0x1F, 0xFF, 0xFF, 0xFF, 0xFF, 0xFF, 0x80,
    0x1F, 0xFF, 0xFF, 0xFF, 0xFF, 0xFF, 0x80, 0x1F, 0xFF, 0xFF, 0xFF, 0xFF, 0xFF, 0x80, 0x00, 0x0D,
    0xFF, 0x30, 0x00, 0x00, 0x00, 0x00, 0x0D, 0xFF, 0x30, 0x00, 0x00, 0x00, 0x00, 0x0D, 0xFF, 0x30,
    0x00, 0x00, 0x00, 0x00, 0x0D, 0xFF, 0x40, 0x00, 0x00, 0x00, 0x00, 0x0C, 0xFF, 0x50, 0x00, 0x00,
    0x00, 0x00, 0x0A, 0xFF, 0xC3, 0x10, 0x00, 0x00, 0x00, 0x05, 0xFF, 0xFF, 0xFF, 0xFF, 0x80, 0x00,
    0x00, 0xBF, 0xFF, 0xFF, 0xFF, 0x80, 0x00, 0x00, 0x06, 0xBD, 0xEF, 0xFF, 0x80, 0x00, 0x00, 0x00,
    0x8E, 0xEA, 0x20, 0x03, 0xFD, 0x00, 0x00, 0x00, 0x00, 0x06, 0xFF, 0xFF, 0xF8, 0x18, 0xFA, 0x00,
    0x00, 0x00, 0x00, 0x0C, 0xF7, 0x18, 0xFF, 0xFF, 0xF4, 0x00, 0x00, 0x00, 0x00, 0x0E, 0xF1, 0x00,
    0x3B, 0xED, 0x60, 0x00, 0x00, 0x00, 0x00, 0x00, 0x00, 0x00, 0x00, 0x00, 0x00, 0x00, 0x00, 0x00,
    0x00, 0x00, 0x00, 0x00, 0x00, 0x00, 0x00, 0x00, 0x00, 0x1F, 0xFF, 0x50, 0x00, 0x00, 0x00, 0x00,
    0x00, 0x7F, 0xFE, 0x1F, 0xFF, 0x50, 0x00, 0x00, 0x00, 0x00, 0x00, 0x7F, 0xFE, 0x1F, 0xFF, 0x50,
    0x00, 0x00, 0x00, 0x00, 0x00, 0x7F, 0xFE, 0x1F, 0xFF, 0x50, 0x00, 0x00, 0x00, 0x00, 0x00, 0x7F,
    0xFE, 0x1F, 0xFF, 0x50, 0x00, 0x00, 0x00, 0x00, 0x00, 0x7F, 0xFE, 0x1F, 0xFF, 0x50, 0x00, 0x00,
    0x00, 0x00, 0x00, 0x7F, 0xFE, 0x1F, 0xFF, 0x50, 0x00, 0x00, 0x00, 0x00, 0x00, 0x7F, 0xFE, 0x1F,
    0xFF, 0x50, 0x00, 0x00, 0x00, 0x00, 0x00, 0x7F, 0xFE, 0x1F, 0xFF, 0x50, 0x00, 0x00, 0x00, 0x00,
    0x00, 0x7F, 0xFE, 0x1F, 0xFF, 0x50, 0x00, 0x00, 0x00, 0x00, 0x00, 0x7F, 0xFE, 0x1F, 0xFF, 0x50,
    0x00, 0x00, 0x00, 0x00, 0x00, 0x7F, 0xFE, 0x1F, 0xFF, 0x50, 0x00, 0x00, 0x00, 0x00, 0x00, 0x7F,
    0xFE, 0x1F, 0xFF, 0x50, 0x00, 0x00, 0x00, 0x00, 0x00, 0x7F, 0xFE, 0x1F, 0xFF, 0x50, 0x00, 0x00,
    0x00, 0x00, 0x00, 0x7F, 0xFE, 0x1F, 0xFF, 0x50, 0x00, 0x00, 0x00, 0x00, 0x00, 0x7F, 0xFE, 0x0F,
    0xFF, 0x50, 0x00, 0x00, 0x00, 0x00, 0x00, 0x7F, 0xFE, 0x0E, 0xFF, 0x60, 0x00, 0x00, 0x00, 0x00,
    0x00, 0x8F, 0xFD, 0x0D, 0xFF, 0x90, 0x00, 0x00, 0x00, 0x00, 0x00, 0xBF, 0xFB, 0x0A, 0xFF, 0xD0,
    0x00, 0x00, 0x00, 0x00, 0x00, 0xEF, 0xF8, 0x06, 0xFF, 0xF4, 0x00, 0x00, 0x00, 0x00, 0x06, 0xFF,
    0xF4, 0x01, 0xEF, 0xFD, 0x20, 0x00, 0x00, 0x00, 0x3E, 0xFF, 0xD0, 0x00, 0x6F, 0xFF, 0xE8, 0x31,
    0x01, 0x49, 0xFF, 0xFF, 0x40, 0x00, 0x09, 0xFF, 0xFF, 0xFF, 0xFF, 0xFF, 0xFF, 0xF7, 0x00, 0x00,
    0x00, 0x6E, 0xFF, 0xFF, 0xFF, 0xFF, 0xFD, 0x50, 0x00, 0x00, 0x00, 0x01, 0x6A, 0xDE, 0xFE, 0xDA,
    0x60, 0x00, 0x00, 0x00, 0x00, 0x3C, 0xEC, 0x40, 0x00, 0xEF, 0x20, 0x00, 0x00, 0x01, 0xEF, 0xFF,
    0xF5, 0x01, 0xFF, 0x00, 0x00, 0x00, 0x07, 0xFB, 0x1C, 0xFF, 0x37, 0xFC, 0x00, 0x00, 0x00, 0x0A,
    0xF6, 0x02, 0xDF, 0xFF, 0xF5, 0x00, 0x00, 0x00, 0x0C, 0xF5, 0x00, 0x1A, 0xEE, 0x70, 0x00, 0x00,
    0x00, 0x00, 0x00, 0x00, 0x00, 0x00, 0x00, 0x00, 0x00, 0x00, 0x00, 0x00, 0x00, 0x00, 0x00, 0x00,
    0x00, 0x00, 0x2F, 0xFE, 0x00, 0x00, 0x00, 0x00, 0x09, 0xFF, 0x70, 0x2F, 0xFE, 0x00, 0x00, 0x00,
    0x00, 0x09, 0xFF, 0x70, 0x2F, 0xFE, 0x00, 0x00, 0x00, 0x00, 0x09, 0xFF, 0x70, 0x2F, 0xFE, 0x00,
    0x00, 0x00, 0x00, 0x09, 0xFF, 0x70, 0x2F, 0xFE, 0x00, 0x00, 0x00, 0x00, 0x09, 0xFF, 0x70, 0x2F,
    0xFE, 0x00, 0x00, 0x00, 0x00, 0x09, 0xFF, 0x70, 0x2F, 0xFE, 0x00, 0x00, 0x00, 0x00, 0x09, 0xFF,
    0x70, 0x2F, 0xFE, 0x00, 0x00, 0x00, 0x00, 0x09, 0xFF, 0x70, 0x2F, 0xFE, 0x00, 0x00, 0x00, 0x00,
    0x09, 0xFF, 0x70, 0x2F, 0xFE, 0x00, 0x00, 0x00, 0x00, 0x09, 0xFF, 0x70, 0x2F, 0xFE, 0x00, 0x00,
    0x00, 0x00, 0x09, 0xFF, 0x70, 0x1F, 0xFE, 0x00, 0x00, 0x00, 0x00, 0x0A, 0xFF, 0x70, 0x1F, 0xFF,
    0x00, 0x00, 0x00, 0x00, 0x0D, 0xFF, 0x70, 0x0E, 0xFF, 0x40, 0x00, 0x00, 0x00, 0x4F, 0xFF, 0x70,
    0x0B, 0xFF, 0xB0, 0x00, 0x00, 0x02, 0xDF, 0xFF, 0x70, 0x06, 0xFF, 0xFB, 0x31, 0x02, 0x7E, 0xFF,
    0xFF, 0x70, 0x00, 0xCF, 0xFF, 0xFF, 0xFF, 0xFF, 0xDA, 0xFF, 0x70, 0x00, 0x2D, 0xFF, 0xFF, 0xFF,
    0xFC, 0x29, 0xFF, 0x70, 0x00, 0x01, 0x7C, 0xEF, 0xDB, 0x60, 0x09, 0xFF, 0x70, 0x00, 0x00, 0x08,
    0xFF, 0xFF, 0xFF, 0xFF, 0xF6, 0x00, 0x00, 0x00, 0x00, 0x08, 0xFF, 0xFF, 0xFF, 0xFF, 0xF6, 0x00,
    0x00, 0x00, 0x00, 0x08, 0xFF, 0xFF, 0xFF, 0xFF, 0xF6, 0x00, 0x00, 0x00, 0x00, 0x00, 0x00, 0x00,
    0x00, 0x00, 0x00, 0x00, 0x00, 0x00, 0x00, 0x00, 0x00, 0x00, 0x00, 0x00, 0x00, 0x00, 0x00, 0x1F,
    0xFF, 0x50, 0x00, 0x00, 0x00, 0x00, 0x00, 0x7F, 0xFE, 0x1F, 0xFF, 0x50, 0x00, 0x00, 0x00, 0x00,
    0x00, 0x7F, 0xFE, 0x1F, 0xFF, 0x50, 0x00, 0x00, 0x00, 0x00, 0x00, 0x7F, 0xFE, 0x1F, 0xFF, 0x50,
    0x00, 0x00, 0x00, 0x00, 0x00, 0x7F, 0xFE, 0x1F, 0xFF, 0x50, 0x00, 0x00, 0x00, 0x00, 0x00, 0x7F,
    0xFE, 0x1F, 0xFF, 0x50, 0x00, 0x00, 0x00, 0x00, 0x00, 0x7F, 0xFE, 0x1F, 0xFF, 0x50, 0x00, 0x00,
    0x00, 0x00, 0x00, 0x7F, 0xFE, 0x1F, 0xFF, 0x50, 0x00, 0x00, 0x00, 0x00, 0x00, 0x7F, 0xFE, 0x1F,
    0xFF, 0x50, 0x00, 0x00, 0x00, 0x00, 0x00, 0x7F, 0xFE, 0x1F, 0xFF, 0x50, 0x00, 0x00, 0x00, 0x00,
    0x00, 0x7F, 0xFE, 0x1F, 0xFF, 0x50, 0x00, 0x00, 0x00, 0x00, 0x00, 0x7F, 0xFE, 0x1F, 0xFF, 0x50,
    0x00, 0x00, 0x00, 0x00, 0x00, 0x7F, 0xFE, 0x1F, 0xFF, 0x50, 0x00, 0x00, 0x00, 0x00, 0x00, 0x7F,
    0xFE, 0x1F, 0xFF, 0x50, 0x00, 0x00, 0x00, 0x00, 0x00, 0x7F, 0xFE, 0x1F, 0xFF, 0x50, 0x00, 0x00,
    0x00, 0x00, 0x00, 0x7F, 0xFE, 0x0F, 0xFF, 0x50, 0x00, 0x00, 0x00, 0x00, 0x00, 0x7F, 0xFE, 0x0E,
    0xFF, 0x60, 0x00, 0x00, 0x00, 0x00, 0x00, 0x8F, 0xFD, 0x0D, 0xFF, 0x90, 0x00, 0x00, 0x00, 0x00,
    0x00, 0xBF, 0xFB, 0x0A, 0xFF, 0xD0, 0x00, 0x00, 0x00, 0x00, 0x00, 0xEF, 0xF8, 0x06, 0xFF, 0xF4,
    0x00, 0x00, 0x00, 0x00, 0x06, 0xFF, 0xF4, 0x01, 0xEF, 0xFD, 0x20, 0x00, 0x00, 0x00, 0x3E, 0xFF,
    0xD0, 0x00, 0x6F, 0xFF, 0xE8, 0x31, 0x01, 0x49, 0xFF, 0xFF, 0x40, 0x00, 0x09, 0xFF, 0xFF, 0xFF,
    0xFF, 0xFF, 0xFF, 0xF7, 0x00, 0x00, 0x00, 0x6E, 0xFF, 0xFF, 0xFF, 0xFF, 0xFD, 0x50, 0x00, 0x00,
    0x00, 0x01, 0x6A, 0xDE, 0xFE, 0xDA, 0x60, 0x00, 0x00, 0x00, 0x04, 0xFF, 0xFF, 0xFF, 0xFF, 0xFA,
    0x00, 0x00, 0x00, 0x04, 0xFF, 0xFF, 0xFF, 0xFF, 0xFA, 0x00, 0x00, 0x00, 0x04, 0xFF, 0xFF, 0xFF,
    0xFF, 0xFA, 0x00, 0x00, 0x00, 0x00, 0x00, 0x00, 0x00, 0x00, 0x00, 0x00, 0x00, 0x00, 0x00, 0x00,
    0x00, 0x00, 0x00, 0x00, 0x00, 0x00, 0x00, 0x00, 0x00, 0x00, 0x00, 0x00, 0x00, 0x00, 0x00, 0x2F,
    0xFE, 0x00, 0x00, 0x00, 0x00, 0x09, 0xFF, 0x70, 0x2F, 0xFE, 0x00, 0x00, 0x00, 0x00, 0x09, 0xFF,
    0x70, 0x2F, 0xFE, 0x00, 0x00, 0x00, 0x00, 0x09, 0xFF, 0x70, 0x2F, 0xFE, 0x00, 0x00, 0x00, 0x00,
    0x09, 0xFF, 0x70, 0x2F, 0xFE, 0x00, 0x00, 0x00, 0x00, 0x09, 0xFF, 0x70, 0x2F, 0xFE, 0x00, 0x00,
    0x00, 0x00, 0x09, 0xFF, 0x70, 0x2F, 0xFE, 0x00, 0x00, 0x00, 0x00, 0x09, 0xFF, 0x70, 0x2F, 0xFE,
    0x00, 0x00, 0x00, 0x00, 0x09, 0xFF, 0x70, 0x2F, 0xFE, 0x00, 0x00, 0x00, 0x00, 0x09, 0xFF, 0x70,
    0x2F, 0xFE, 0x00, 0x00, 0x00, 0x00, 0x09, 0xFF, 0x70, 0x2F, 0xFE, 0x00, 0x00, 0x00, 0x00, 0x09,
    0xFF, 0x70, 0x1F, 0xFE, 0x00, 0x00, 0x00, 0x00, 0x0A, 0xFF, 0x70, 0x1F, 0xFF, 0x00, 0x00, 0x00,
    0x00, 0x0D, 0xFF, 0x70, 0x0E, 0xFF, 0x40, 0x00, 0x00, 0x00, 0x4F, 0xFF, 0x70, 0x0B, 0xFF, 0xB0,
    0x00, 0x00, 0x02, 0xDF, 0xFF, 0x70, 0x06, 0xFF, 0xFB, 0x31, 0x02, 0x7E, 0xFF, 0xFF, 0x70, 0x00,
    0xCF, 0xFF, 0xFF, 0xFF, 0xFF, 0xDA, 0xFF, 0x70, 0x00, 0x2D, 0xFF, 0xFF, 0xFF, 0xFC, 0x29, 0xFF,
    0x70, 0x00, 0x01, 0x7C, 0xEF, 0xDB, 0x60, 0x09, 0xFF, 0x70, 0x00, 0x00, 0x0A, 0xF7, 0x00, 0x00,
    0x08, 0xF9, 0x00, 0x00, 0x00, 0x00, 0x06, 0xFF, 0x62, 0x02, 0x7F, 0xF4, 0x00, 0x00, 0x00, 0x00,
    0x00, 0xBF, 0xFF, 0xFF, 0xFF, 0x90, 0x00, 0x00, 0x00, 0x00, 0x00, 0x06, 0xCE, 0xFE, 0xB5, 0x00,
    0x00, 0x00, 0x00, 0x00, 0x00, 0x00, 0x00, 0x00, 0x00, 0x00, 0x00, 0x00, 0x00, 0x00, 0x00, 0x00,
    0x00, 0x00, 0x00, 0x00, 0x00, 0x00, 0x1F, 0xFF, 0x50, 0x00, 0x00, 0x00, 0x00, 0x00, 0x7F, 0xFE,
    0x1F, 0xFF, 0x50, 0x00, 0x00, 0x00, 0x00, 0x00, 0x7F, 0xFE, 0x1F, 0xFF, 0x50, 0x00, 0x00, 0x00,
    0x00, 0x00, 0x7F, 0xFE, 0x1F, 0xFF, 0x50, 0x00, 0x00, 0x00, 0x00, 0x00, 0x7F, 0xFE, 0x1F, 0xFF,
    0x50, 0x00, 0x00, 0x00, 0x00, 0x00, 0x7F, 0xFE, 0x1F, 0xFF, 0x50, 0x00, 0x00, 0x00, 0x00, 0x00,
    0x7F, 0xFE, 0x1F, 0xFF, 0x50, 0x00, 0x00, 0x00, 0x00, 0x00, 0x7F, 0xFE, 0x1F, 0xFF, 0x50, 0x00,
    0x00, 0x00, 0x00, 0x00, 0x7F, 0xFE, 0x1F, 0xFF, 0x50, 0x00, 0x00, 0x00, 0x00, 0x00, 0x7F, 0xFE,
    0x1F, 0xFF, 0x50, 0x00, 0x00, 0x00, 0x00, 0x00, 0x7F, 0xFE, 0x1F, 0xFF, 0x50, 0x00, 0x00, 0x00,
    0x00, 0x00, 0x7F, 0xFE, 0x1F, 0xFF, 0x50, 0x00, 0x00, 0x00, 0x00, 0x00, 0x7F, 0xFE, 0x1F, 0xFF,
    0x50, 0x00, 0x00, 0x00, 0x00, 0x00, 0x7F, 0xFE, 0x1F, 0xFF, 0x50, 0x00, 0x00, 0x00, 0x00, 0x00,
    0x7F, 0xFE, 0x1F, 0xFF, 0x50, 0x00, 0x00, 0x00, 0x00, 0x00, 0x7F, 0xFE, 0x0F, 0xFF, 0x50, 0x00,
    0x00, 0x00, 0x00, 0x00, 0x7F, 0xFE, 0x0E, 0xFF, 0x60, 0x00, 0x00, 0x00, 0x00, 0x00, 0x8F, 0xFD,
    0x0D, 0xFF, 0x90, 0x00, 0x00, 0x00, 0x00, 0x00, 0xBF, 0xFB, 0x0A, 0xFF, 0xD0, 0x00, 0x00, 0x00,
    0x00, 0x00, 0xEF, 0xF8, 0x06, 0xFF, 0xF4, 0x00, 0x00, 0x00, 0x00, 0x06, 0xFF, 0xF4, 0x01, 0xEF,
    0xFD, 0x20, 0x00, 0x00, 0x00, 0x3E, 0xFF, 0xD0, 0x00, 0x6F, 0xFF, 0xE8, 0x31, 0x01, 0x49, 0xFF,
    0xFF, 0x40, 0x00, 0x09, 0xFF, 0xFF, 0xFF, 0xFF, 0xFF, 0xFF, 0xF7, 0x00, 0x00, 0x00, 0x6E, 0xFF,
    0xFF, 0xFF, 0xFF, 0xFD, 0x50, 0x00, 0x00, 0x00, 0x01, 0x6A, 0xDE, 0xFE, 0xDA, 0x60, 0x00, 0x00,
    0x00, 0x07, 0xFA, 0x00, 0x00, 0x05, 0xFC, 0x00, 0x00, 0x00, 0x04, 0xFF, 0x82, 0x01, 0x5E, 0xF9,
    0x00, 0x00, 0x00, 0x00, 0xDF, 0xFF, 0xFF, 0xFF, 0xF4, 0x00, 0x00, 0x00, 0x00, 0x4F, 0xFF, 0xFF,
    0xFF, 0x90, 0x00, 0x00, 0x00, 0x00, 0x03, 0xAD, 0xFE, 0xB5, 0x00, 0x00, 0x00, 0x00, 0x00, 0x00,
    0x00, 0x00, 0x00, 0x00, 0x00, 0x00, 0x00, 0x00, 0x00, 0x00, 0x00, 0x00, 0x00, 0x00, 0x00, 0x00,
    0x00, 0x00, 0x00, 0x00, 0x00, 0x00, 0x00, 0x00, 0x2F, 0xFE, 0x00, 0x00, 0x00, 0x00, 0x09, 0xFF,
    0x70, 0x2F, 0xFE, 0x00, 0x00, 0x00, 0x00, 0x09, 0xFF, 0x70, 0x2F, 0xFE, 0x00, 0x00, 0x00, 0x00,
    0x09, 0xFF, 0x70, 0x2F, 0xFE, 0x00, 0x00, 0x00, 0x00, 0x09, 0xFF, 0x70, 0x2F, 0xFE, 0x00, 0x00,
    0x00, 0x00, 0x09, 0xFF, 0x70, 0x2F, 0xFE, 0x00, 0x00, 0x00, 0x00, 0x09, 0xFF, 0x70, 0x2F, 0xFE,
    0x00, 0x00, 0x00, 0x00, 0x09, 0xFF, 0x70, 0x2F, 0xFE, 0x00, 0x00, 0x00, 0x00, 0x09, 0xFF, 0x70,
    0x2F, 0xFE, 0x00, 0x00, 0x00, 0x00, 0x09, 0xFF, 0x70, 0x2F, 0xFE, 0x00, 0x00, 0x00, 0x00, 0x09,
    0xFF, 0x70, 0x2F, 0xFE, 0x00, 0x00, 0x00, 0x00, 0x09, 0xFF, 0x70, 0x1F, 0xFE, 0x00, 0x00, 0x00,
    0x00, 0x0A, 0xFF, 0x70, 0x1F, 0xFF, 0x00, 0x00, 0x00, 0x00, 0x0D, 0xFF, 0x70, 0x0E, 0xFF, 0x40,
    0x00, 0x00, 0x00, 0x4F, 0xFF, 0x70, 0x0B, 0xFF, 0xB0, 0x00, 0x00, 0x02, 0xDF, 0xFF, 0x70, 0x06,
    0xFF, 0xFB, 0x31, 0x02, 0x7E, 0xFF, 0xFF, 0x70, 0x00, 0xCF, 0xFF, 0xFF, 0xFF, 0xFF, 0xDA, 0xFF,
    0x70, 0x00, 0x2D, 0xFF, 0xFF, 0xFF, 0xFC, 0x29, 0xFF, 0x70, 0x00, 0x01, 0x7C, 0xEF, 0xDB, 0x60,
    0x09, 0xFF, 0x70, 0x00, 0x00, 0x00, 0x01, 0x8D, 0xFD, 0x81, 0x00, 0x00, 0x00, 0x00, 0x00, 0x00,
    0x1C, 0xFF, 0xFF, 0xFC, 0x10, 0x00, 0x00, 0x00, 0x00, 0x00, 0x9F, 0xD4, 0x14, 0xDF, 0x80, 0x00,
    0x00, 0x00, 0x00, 0x00, 0xEF, 0x30, 0x00, 0x4F, 0xE0, 0x00, 0x00, 0x00, 0x00, 0x01, 0xFF, 0x00,
    0x00, 0x0F, 0xF0, 0x00, 0x00, 0x00, 0x00, 0x00, 0xEF, 0x30, 0x00, 0x4F, 0xD0, 0x00, 0x00, 0x00,
    0x00, 0x00, 0x9F, 0xD4, 0x14, 0xDF, 0x80, 0x00, 0x00, 0x1F, 0xFF, 0x50, 0x1C, 0xFF, 0xFF, 0xFC,
    0x10, 0x7F, 0xFE, 0x1F, 0xFF, 0x50, 0x01, 0x8D, 0xFD, 0x81, 0x00, 0x7F, 0xFE, 0x1F, 0xFF, 0x50,
    0x00, 0x00, 0x00, 0x00, 0x00, 0x7F, 0xFE, 0x1F, 0xFF, 0x50, 0x00, 0x00, 0x00, 0x00, 0x00, 0x7F,
    0xFE, 0x1F, 0xFF, 0x50, 0x00, 0x00, 0x00, 0x00, 0x00, 0x7F, 0xFE, 0x1F, 0xFF, 0x50, 0x00, 0x00,
    0x00, 0x00, 0x00, 0x7F, 0xFE, 0x1F, 0xFF, 0x50, 0x00, 0x00, 0x00, 0x00, 0x00, 0x7F, 0xFE, 0x1F,
    0xFF, 0x50, 0x00, 0x00, 0x00, 0x00, 0x00, 0x7F, 0xFE, 0x1F, 0xFF, 0x50, 0x00, 0x00, 0x00, 0x00,
    0x00, 0x7F, 0xFE, 0x1F, 0xFF, 0x50, 0x00, 0x00, 0x00, 0x00, 0x00, 0x7F, 0xFE, 0x1F, 0xFF, 0x50,
    0x00, 0x00, 0x00, 0x00, 0x00, 0x7F, 0xFE, 0x1F, 0xFF, 0x50, 0x00, 0x00, 0x00, 0x00, 0x00, 0x7F,
    0xFE, 0x1F, 0xFF, 0x50, 0x00, 0x00, 0x00, 0x00, 0x00, 0x7F, 0xFE, 0x1F, 0xFF, 0x50, 0x00, 0x00,
    0x00, 0x00, 0x00, 0x7F, 0xFE, 0x1F, 0xFF, 0x50, 0x00, 0x00, 0x00, 0x00, 0x00, 0x7F, 0xFE, 0x0F,
    0xFF, 0x50, 0x00, 0x00, 0x00, 0x00, 0x00, 0x7F, 0xFE, 0x0E, 0xFF, 0x60, 0x00, 0x00, 0x00, 0x00,
    0x00, 0x8F, 0xFD, 0x0D, 0xFF, 0x90, 0x00, 0x00, 0x00, 0x00, 0x00, 0xBF, 0xFB, 0x0A, 0xFF, 0xD0,
    0x00, 0x00, 0x00, 0x00, 0x00, 0xEF, 0xF8, 0x06, 0xFF, 0xF4, 0x00, 0x00, 0x00, 0x00, 0x06, 0xFF,
    0xF4, 0x01, 0xEF, 0xFD, 0x20, 0x00, 0x00, 0x00, 0x3E, 0xFF, 0xD0, 0x00, 0x6F, 0xFF, 0xE8, 0x31,
    0x01, 0x49, 0xFF, 0xFF, 0x40, 0x00, 0x09, 0xFF, 0xFF, 0xFF, 0xFF, 0xFF, 0xFF, 0xF7, 0x00, 0x00,
    0x00, 0x6E, 0xFF, 0xFF, 0xFF, 0xFF, 0xFD, 0x50, 0x00, 0x00, 0x00, 0x01, 0x6A, 0xDE, 0xFE, 0xDA,
    0x60, 0x00, 0x00, 0x00, 0x00, 0x00, 0x8D, 0xFD, 0x81, 0x00, 0x00, 0x00, 0x00, 0x00, 0x1C, 0xFF,
    0xFF, 0xFD, 0x10, 0x00, 0x00, 0x00, 0x00, 0x8F, 0xD4, 0x13, 0xDF, 0x90, 0x00, 0x00, 0x00, 0x00,
    0xDF, 0x40, 0x00, 0x2F, 0xE0, 0x00, 0x00, 0x00, 0x00, 0xEF, 0x10, 0x00, 0x0E, 0xF1, 0x00, 0x00,
    0x00, 0x00, 0xDF, 0x40, 0x00, 0x2F, 0xE0, 0x00, 0x00, 0x00, 0x00, 0x8F, 0xD4, 0x13, 0xCF, 0x90,
    0x00, 0x00, 0x00, 0x00, 0x1C, 0xFF, 0xFF, 0xFD, 0x10, 0x00, 0x00, 0x00, 0x00, 0x01, 0x8D, 0xFD,
    0x81, 0x00, 0x00, 0x00, 0x00, 0x00, 0x00, 0x00, 0x00, 0x00, 0x00, 0x00, 0x00, 0x2F, 0xFE, 0x00,
    0x00, 0x00, 0x00, 0x09, 0xFF, 0x70, 0x2F, 0xFE, 0x00, 0x00, 0x00, 0x00, 0x09, 0xFF, 0x70, 0x2F,
    0xFE, 0x00, 0x00, 0x00, 0x00, 0x09, 0xFF, 0x70, 0x2F, 0xFE, 0x00, 0x00, 0x00, 0x00, 0x09, 0xFF,
    0x70, 0x2F, 0xFE, 0x00, 0x00, 0x00, 0x00, 0x09, 0xFF, 0x70, 0x2F, 0xFE, 0x00, 0x00, 0x00, 0x00,
    0x09, 0xFF, 0x70, 0x2F, 0xFE, 0x00, 0x00, 0x00, 0x00, 0x09, 0xFF, 0x70, 0x2F, 0xFE, 0x00, 0x00,
    0x00, 0x00, 0x09, 0xFF, 0x70, 0x2F, 0xFE, 0x00, 0x00, 0x00, 0x00, 0x09, 0xFF, 0x70, 0x2F, 0xFE,
    0x00, 0x00, 0x00, 0x00, 0x09, 0xFF, 0x70, 0x2F, 0xFE, 0x00, 0x00, 0x00, 0x00, 0x09, 0xFF, 0x70,
    0x1F, 0xFE, 0x00, 0x00, 0x00, 0x00, 0x0A, 0xFF, 0x70, 0x1F, 0xFF, 0x00, 0x00, 0x00, 0x00, 0x0D,
    0xFF, 0x70, 0x0E, 0xFF, 0x40, 0x00, 0x00, 0x00, 0x4F, 0xFF, 0x70, 0x0B, 0xFF, 0xB0, 0x00, 0x00,
    0x02, 0xDF, 0xFF, 0x70, 0x06, 0xFF, 0xFB, 0x31, 0x02, 0x7E, 0xFF, 0xFF, 0x70, 0x00, 0xCF, 0xFF,
    0xFF, 0xFF, 0xFF, 0xDA, 0xFF, 0x70, 0x00, 0x2D, 0xFF, 0xFF, 0xFF, 0xFC, 0x29, 0xFF, 0x70, 0x00,
    0x01, 0x7C, 0xEF, 0xDB, 0x60, 0x09, 0xFF, 0x70, 0x00, 0x00, 0x00, 0x00, 0x6F, 0xF9, 0x00, 0xCF,
    0xE3, 0x00, 0x00, 0x00, 0x00, 0x03, 0xFF, 0xA0, 0x09, 0xFF, 0x40, 0x00, 0x00, 0x00, 0x00, 0x2E,
    0xFB, 0x00, 0x7F, 0xF5, 0x00, 0x00, 0x00, 0x00, 0x00, 0xCF, 0xB0, 0x04, 0xFF, 0x50, 0x00, 0x00,
    0x00, 0x00, 0x00, 0x00, 0x00, 0x00, 0x00, 0x00, 0x00, 0x00, 0x00, 0x00, 0x00, 0x00, 0x00, 0x00,
    0x00, 0x00, 0x00, 0x00, 0x1F, 0xFF, 0x50, 0x00, 0x00, 0x00, 0x00, 0x00, 0x7F, 0xFE, 0x1F, 0xFF,
    0x50, 0x00, 0x00, 0x00, 0x00, 0x00, 0x7F, 0xFE, 0x1F, 0xFF, 0x50, 0x00, 0x00, 0x00, 0x00, 0x00,
    0x7F, 0xFE, 0x1F, 0xFF, 0x50, 0x00, 0x00, 0x00, 0x00, 0x00, 0x7F, 0xFE, 0x1F, 0xFF, 0x50, 0x00,
    0x00, 0x00, 0x00, 0x00, 0x7F, 0xFE, 0x1F, 0xFF, 0x50, 0x00, 0x00, 0x00, 0x00, 0x00, 0x7F, 0xFE,
    0x1F, 0xFF, 0x50, 0x00, 0x00, 0x00, 0x00, 0x00, 0x7F, 0xFE, 0x1F, 0xFF, 0x50, 0x00, 0x00, 0x00,
    0x00, 0x00, 0x7F, 0xFE, 0x1F, 0xFF, 0x50, 0x00, 0x00, 0x00, 0x00, 0x00, 0x7F, 0xFE, 0x1F, 0xFF,
    0x50, 0x00, 0x00, 0x00, 0x00, 0x00, 0x7F, 0xFE, 0x1F, 0xFF, 0x50, 0x00, 0x00, 0x00, 0x00, 0x00,
    0x7F, 0xFE, 0x1F, 0xFF, 0x50, 0x00, 0x00, 0x00, 0x00, 0x00, 0x7F, 0xFE, 0x1F, 0xFF, 0x50, 0x00,
    0x00, 0x00, 0x00, 0x00, 0x7F, 0xFE, 0x1F, 0xFF, 0x50, 0x00, 0x00, 0x00, 0x00, 0x00, 0x7F, 0xFE,
    0x1F, 0xFF, 0x50, 0x00, 0x00, 0x00, 0x00, 0x00, 0x7F, 0xFE, 0x0F, 0xFF, 0x50, 0x00, 0x00, 0x00,
    0x00, 0x00, 0x7F, 0xFE, 0x0E, 0xFF, 0x60, 0x00, 0x00, 0x00, 0x00, 0x00, 0x8F, 0xFD, 0x0D, 0xFF,
    0x90, 0x00, 0x00, 0x00, 0x00, 0x00, 0xBF, 0xFB, 0x0A, 0xFF, 0xD0, 0x00, 0x00, 0x00, 0x00, 0x00,
    0xEF, 0xF8, 0x06, 0xFF, 0xF4, 0x00, 0x00, 0x00, 0x00, 0x06, 0xFF, 0xF4, 0x01, 0xEF, 0xFD, 0x20,
    0x00, 0x00, 0x00, 0x3E, 0xFF, 0xD0, 0x00, 0x6F, 0xFF, 0xE8, 0x31, 0x01, 0x49, 0xFF, 0xFF, 0x40,
    0x00, 0x09, 0xFF, 0xFF, 0xFF, 0xFF, 0xFF, 0xFF, 0xF7, 0x00, 0x00, 0x00, 0x6E, 0xFF, 0xFF, 0xFF,
    0xFF, 0xFD, 0x50, 0x00, 0x00, 0x00, 0x01, 0x6A, 0xDE, 0xFE, 0xDA, 0x60, 0x00, 0x00, 0x00, 0x00,
    0x00, 0x03, 0xFF, 0x90, 0x0A, 0xFF, 0x30, 0x00, 0x00, 0x00, 0x0B, 0xFE, 0x10, 0x4F, 0xF8, 0x00,
    0x00, 0x00, 0x00, 0x4F, 0xF5, 0x00, 0xCF, 0xC0, 0x00, 0x00, 0x00, 0x00, 0xCF, 0xB0, 0x06, 0xFF,
    0x30, 0x00, 0x00, 0x00, 0x05, 0xFF, 0x20, 0x1E, 0xF7, 0x00, 0x00, 0x00, 0x00, 0x0C, 0xF7, 0x00,
    0x8F, 0xC0, 0x00, 0x00, 0x00, 0x00, 0x00, 0x00, 0x00, 0x00, 0x00, 0x00, 0x00, 0x00, 0x00, 0x00,
    0x00, 0x00, 0x00, 0x00, 0x00, 0x00, 0x2F, 0xFE, 0x00, 0x00, 0x00, 0x00, 0x09, 0xFF, 0x70, 0x2F,
    0xFE, 0x00, 0x00, 0x00, 0x00, 0x09, 0xFF, 0x70, 0x2F, 0xFE, 0x00, 0x00, 0x00, 0x00, 0x09, 0xFF,
    0x70, 0x2F, 0xFE, 0x00, 0x00, 0x00, 0x00, 0x09, 0xFF, 0x70, 0x2F, 0xFE, 0x00, 0x00, 0x00, 0x00,
    0x09, 0xFF, 0x70, 0x2F, 0xFE, 0x00, 0x00, 0x00, 0x00, 0x09, 0xFF, 0x70, 0x2F, 0xFE, 0x00, 0x00,
    0x00, 0x00, 0x09, 0xFF, 0x70, 0x2F, 0xFE, 0x00, 0x00, 0x00, 0x00, 0x09, 0xFF, 0x70, 0x2F, 0xFE,
    0x00, 0x00, 0x00, 0x00, 0x09, 0xFF, 0x70, 0x2F, 0xFE, 0x00, 0x00, 0x00, 0x00, 0x09, 0xFF, 0x70,
    0x2F, 0xFE, 0x00, 0x00, 0x00, 0x00, 0x09, 0xFF, 0x70, 0x1F, 0xFE, 0x00, 0x00, 0x00, 0x00, 0x0A,
    0xFF, 0x70, 0x1F, 0xFF, 0x00, 0x00, 0x00, 0x00, 0x0D, 0xFF, 0x70, 0x0E, 0xFF, 0x40, 0x00, 0x00,
    0x00, 0x4F, 0xFF, 0x70, 0x0B, 0xFF, 0xB0, 0x00, 0x00, 0x02, 0xDF, 0xFF, 0x70, 0x06, 0xFF, 0xFB,
    0x31, 0x02, 0x7E, 0xFF, 0xFF, 0x70, 0x00, 0xCF, 0xFF, 0xFF, 0xFF, 0xFF, 0xDA, 0xFF, 0x70, 0x00,
    0x2D, 0xFF, 0xFF, 0xFF, 0xFC, 0x29, 0xFF, 0x70, 0x00, 0x01, 0x7C, 0xEF, 0xDB, 0x60, 0x09, 0xFF,
    0x70, 0x1F, 0xFF, 0x50, 0x00, 0x00, 0x00, 0x00, 0x00, 0x7F, 0xFE, 0x1F, 0xFF, 0x50, 0x00, 0x00,
    0x00, 0x00, 0x00, 0x7F, 0xFE, 0x1F, 0xFF, 0x50, 0x00, 0x00, 0x00, 0x00, 0x00, 0x7F, 0xFE, 0x1F,
    0xFF, 0x50, 0x00, 0x00, 0x00, 0x00, 0x00, 0x7F, 0xFE, 0x1F, 0xFF, 0x50, 0x00, 0x00, 0x00, 0x00,
    0x00, 0x7F, 0xFE, 0x1F, 0xFF, 0x50, 0x00, 0x00, 0x00, 0x00, 0x00, 0x7F, 0xFE, 0x1F, 0xFF, 0x50,
    0x00, 0x00, 0x00, 0x00, 0x00, 0x7F, 0xFE, 0x1F, 0xFF, 0x50, 0x00, 0x00, 0x00, 0x00, 0x00, 0x7F,
    0xFE, 0x1F, 0xFF, 0x50, 0x00, 0x00, 0x00, 0x00, 0x00, 0x7F, 0xFE, 0x1F, 0xFF, 0x50, 0x00, 0x00,
    0x00, 0x00, 0x00, 0x7F, 0xFE, 0x1F, 0xFF, 0x50, 0x00, 0x00, 0x00, 0x00, 0x00, 0x7F, 0xFE, 0x1F,
    0xFF, 0x50, 0x00, 0x00, 0x00, 0x00, 0x00, 0x7F, 0xFE, 0x1F, 0xFF, 0x50, 0x00, 0x00, 0x00, 0x00,
    0x00, 0x7F, 0xFE, 0x1F, 0xFF, 0x50, 0x00, 0x00, 0x00, 0x00, 0x00, 0x7F, 0xFE, 0x1F, 0xFF, 0x50,
    0x00, 0x00, 0x00, 0x00, 0x00, 0x7F, 0xFE, 0x0F, 0xFF, 0x50, 0x00, 0x00, 0x00, 0x00, 0x00, 0x7F,
    0xFE, 0x0E, 0xFF, 0x60, 0x00, 0x00, 0x00, 0x00, 0x00, 0x8F, 0xFD, 0x0D, 0xFF, 0x90, 0x00, 0x00,
    0x00, 0x00, 0x00, 0xBF, 0xFB, 0x0A, 0xFF, 0xD0, 0x00, 0x00, 0x00, 0x00, 0x00, 0xEF, 0xF8, 0x06,
    0xFF, 0xF4, 0x00, 0x00, 0x00, 0x00, 0x06, 0xFF, 0xF4, 0x01, 0xEF, 0xFD, 0x20, 0x00, 0x00, 0x00,
    0x3E, 0xFF, 0xD0, 0x00, 0x6F, 0xFF, 0xE8, 0x31, 0x01, 0x49, 0xFF, 0xFF, 0x40, 0x00, 0x09, 0xFF,
    0xFF, 0xFF, 0xFF, 0xFF, 0xFF, 0xF7, 0x00, 0x00, 0x00, 0x6E, 0xFF, 0xFF, 0xFF, 0xFF, 0xFD, 0x50,
    0x00, 0x00, 0x00, 0x01, 0x6A, 0xDE, 0xFE, 0xDA, 0x60, 0x00, 0x00, 0x00, 0x00, 0x00, 0x00, 0x1D,
    0xF2, 0x00, 0x00, 0x00, 0x00, 0x00, 0x00, 0x00, 0x00, 0x9F, 0x80, 0x00, 0x00, 0x00, 0x00, 0x00,
    0x00, 0x00, 0x01, 0xFF, 0x20, 0x00, 0x00, 0x00, 0x00, 0x00, 0x00, 0x00, 0x04, 0xFF, 0x00, 0x00,
    0x00, 0x00, 0x00, 0x00, 0x00, 0x00, 0x03, 0xFF, 0x71, 0x39, 0x00, 0x00, 0x00, 0x00, 0x00, 0x00,
    0x00, 0xDF, 0xFF, 0xFD, 0x00, 0x00, 0x00, 0x00, 0x00, 0x00, 0x00, 0x2A, 0xEF, 0xEA, 0x00, 0x00,
    0x00, 0x2F, 0xFE, 0x00, 0x00, 0x00, 0x00, 0x09, 0xFF, 0x70, 0x00, 0x2F, 0xFE, 0x00, 0x00, 0x00,
    0x00, 0x09, 0xFF, 0x70, 0x00, 0x2F, 0xFE, 0x00, 0x00, 0x00, 0x00, 0x09, 0xFF, 0x70, 0x00, 0x2F,
    0xFE, 0x00, 0x00, 0x00, 0x00, 0x09, 0xFF, 0x70, 0x00, 0x2F, 0xFE, 0x00, 0x00, 0x00, 0x00, 0x09,
    0xFF, 0x70, 0x00, 0x2F, 0xFE, 0x00, 0x00, 0x00, 0x00, 0x09, 0xFF, 0x70, 0x00, 0x2F, 0xFE, 0x00,
    0x00, 0x00, 0x00, 0x09, 0xFF, 0x70, 0x00, 0x2F, 0xFE, 0x00, 0x00, 0x00, 0x00, 0x09, 0xFF, 0x70,
    0x00, 0x2F, 0xFE, 0x00, 0x00, 0x00, 0x00, 0x09, 0xFF, 0x70, 0x00, 0x2F, 0xFE, 0x00, 0x00, 0x00,
    0x00, 0x09, 0xFF, 0x70, 0x00, 0x2F, 0xFE, 0x00, 0x00, 0x00, 0x00, 0x09, 0xFF, 0x70, 0x00, 0x1F,
    0xFE, 0x00, 0x00, 0x00, 0x00, 0x0A, 0xFF, 0x70, 0x00, 0x1F, 0xFF, 0x00, 0x00, 0x00, 0x00, 0x0D,
    0xFF, 0x70, 0x00, 0x0E, 0xFF, 0x40, 0x00, 0x00, 0x00, 0x4F, 0xFF, 0x70, 0x00, 0x0B, 0xFF, 0xB0,
    0x00, 0x00, 0x02, 0xDF, 0xFF, 0x70, 0x00, 0x06, 0xFF, 0xFB, 0x31, 0x02, 0x7E, 0xFF, 0xFF, 0x70,
    0x00, 0x00, 0xCF, 0xFF, 0xFF, 0xFF, 0xFF, 0xDA, 0xFF, 0x70, 0x00, 0x00, 0x2D, 0xFF, 0xFF, 0xFF,
    0xFC, 0x29, 0xFF, 0x70, 0x00, 0x00, 0x01, 0x7C, 0xEF, 0xDB, 0x60, 0x09, 0xFF, 0x70, 0x00, 0x00,
    0x00, 0x00, 0x00, 0x00, 0x00, 0x01, 0xDF, 0x20, 0x00, 0x00, 0x00, 0x00, 0x00, 0x00, 0x00, 0x09,
    0xF8, 0x00, 0x00, 0x00, 0x00, 0x00, 0x00, 0x00, 0x00, 0x1F, 0xF2, 0x00, 0x00, 0x00, 0x00, 0x00,
    0x00, 0x00, 0x00, 0x5F, 0xF0, 0x00, 0x00, 0x00, 0x00, 0x00, 0x00, 0x00, 0x00, 0x3F, 0xF7, 0x13,
    0x90, 0x00, 0x00, 0x00, 0x00, 0x00, 0x00, 0x1D, 0xFF, 0xFF, 0xD0, 0x00, 0x00, 0x00, 0x00, 0x00,
    0x00, 0x02, 0xAE, 0xFE, 0xA0, 0x00, 0x00, 0x00, 0x00, 0x00, 0x00, 0x03, 0xEF, 0xFC, 0x00, 0x00,
    0x00, 0x00, 0x00, 0x00, 0x00, 0x00, 0x00, 0x00, 0x00, 0x00, 0x00, 0x2E, 0xFA, 0xDF, 0xA0, 0x00,
    0x00, 0x00, 0x00, 0x00, 0x00, 0x00, 0x00, 0x00, 0x00, 0x00, 0x01, 0xDF, 0x90, 0x2D, 0xF8, 0x00,
    0x00, 0x00, 0x00, 0x00, 0x00, 0x00, 0x00, 0x00, 0x00, 0x00, 0x1C, 0xF9, 0x00, 0x02, 0xDF, 0x70,
    0x00, 0x00, 0x00, 0x00, 0x00, 0x00, 0x00, 0x00, 0x00, 0x00, 0x00, 0x00, 0x00, 0x00, 0x00, 0x00,
    0x00, 0x00, 0x00, 0x00, 0x00, 0x00, 0x00, 0x00, 0x00, 0x00, 0x00, 0x00, 0x00, 0x00, 0x00, 0x00,
    0x00, 0x00, 0x00, 0x00, 0x00, 0xBF, 0xFA, 0x00, 0x00, 0x00, 0x00, 0x03, 0xFF, 0xFC, 0x00, 0x00,
    0x00, 0x00, 0x01, 0xFF, 0xF6, 0x8F, 0xFD, 0x00, 0x00, 0x00, 0x00, 0x07, 0xFF, 0xFF, 0x10, 0x00,
    0x00, 0x00, 0x04, 0xFF, 0xF2, 0x4F, 0xFF, 0x20, 0x00, 0x00, 0x00, 0x0A, 0xFF, 0xFF, 0x50, 0x00,
    0x00, 0x00, 0x08, 0xFF, 0xD0, 0x0F, 0xFF, 0x60, 0x00, 0x00, 0x00, 0x0E, 0xFD, 0xFF, 0x80, 0x00,
    0x00, 0x00, 0x0B, 0xFF, 0x90, 0x0B, 0xFF, 0x90, 0x00, 0x00, 0x00, 0x3F, 0xF8, 0xDF, 0xC0, 0x00,
    0x00, 0x00, 0x0F, 0xFF, 0x60, 0x08, 0xFF, 0xD0, 0x00, 0x00, 0x00, 0x6F, 0xF4, 0xAF, 0xF1, 0x00,
    0x00, 0x00, 0x4F, 0xFF, 0x20, 0x04, 0xFF, 0xF2, 0x00, 0x00, 0x00, 0xAF, 0xF1, 0x6F, 0xF4, 0x00,
    0x00, 0x00, 0x7F, 0xFD, 0x00, 0x01, 0xFF, 0xF5, 0x00, 0x00, 0x00, 0xEF, 0xC0, 0x2F, 0xF8, 0x00,
    0x00, 0x00, 0xBF, 0xFA, 0x00, 0x00, 0xBF, 0xF9, 0x00, 0x00, 0x02, 0xFF, 0x80, 0x0E, 0xFC, 0x00,
    0x00, 0x00, 0xEF, 0xF6, 0x00, 0x00, 0x8F, 0xFD, 0x00, 0x00, 0x06, 0xFF, 0x50, 0x0A, 0xFF, 0x10,
    0x00, 0x03, 0xFF, 0xF2, 0x00, 0x00, 0x4F, 0xFF, 0x20, 0x00, 0x0A, 0xFF, 0x10, 0x07, 0xFF, 0x40,
    0x00, 0x07, 0xFF, 0xD0, 0x00, 0x00, 0x1F, 0xFF, 0x50, 0x00, 0x0E, 0xFD, 0x00, 0x03, 0xFF, 0x80,
    0x00, 0x0B, 0xFF, 0xA0, 0x00, 0x00, 0x0C, 0xFF, 0x90, 0x00, 0x2F, 0xF9, 0x00, 0x00, 0xEF, 0xC0,
    0x00, 0x0E, 0xFF, 0x60, 0x00, 0x00, 0x08, 0xFF, 0xD0, 0x00, 0x6F, 0xF5, 0x00, 0x00, 0xBF, 0xF1,
    0x00, 0x3F, 0xFF, 0x20, 0x00, 0x00, 0x04, 0xFF, 0xF1, 0x00, 0xAF, 0xF2, 0x00, 0x00, 0x7F, 0xF4,
    0x00, 0x7F, 0xFD, 0x00, 0x00, 0x00, 0x01, 0xFF, 0xF5, 0x00, 0xDF, 0xD0, 0x00, 0x00, 0x3F, 0xF8,
    0x00, 0xBF, 0xFA, 0x00, 0x00, 0x00, 0x00, 0xCF, 0xF9, 0x02, 0xFF, 0x90, 0x00, 0x00, 0x0E, 0xFB,
    0x00, 0xEF, 0xF6, 0x00, 0x00, 0x00, 0x00, 0x8F, 0xFD, 0x06, 0xFF, 0x60, 0x00, 0x00, 0x0B, 0xFF,
    0x13, 0xFF, 0xF2, 0x00, 0x00, 0x00, 0x00, 0x4F, 0xFF, 0x19, 0xFF, 0x20, 0x00, 0x00, 0x08, 0xFF,
    0x47, 0xFF, 0xD0, 0x00, 0x00, 0x00, 0x00, 0x1F, 0xFF, 0x5D, 0xFD, 0x00, 0x00, 0x00, 0x04, 0xFF,
    0x8A, 0xFF, 0xA0, 0x00, 0x00, 0x00, 0x00, 0x0C, 0xFF, 0xAF, 0xFA, 0x00, 0x00, 0x00, 0x01, 0xFF,
    0xBE, 0xFF, 0x60, 0x00, 0x00, 0x00, 0x00, 0x08, 0xFF, 0xFF, 0xF6, 0x00, 0x00, 0x00, 0x00, 0xCF,
    0xFF, 0xFF, 0x20, 0x00, 0x00, 0x00, 0x00, 0x04, 0xFF, 0xFF, 0xF3, 0x00, 0x00, 0x00, 0x00, 0x8F,
    0xFF, 0xFE, 0x00, 0x00, 0x00, 0x00, 0x00, 0x01, 0xFF, 0xFF, 0xE0, 0x00, 0x00, 0x00, 0x00, 0x5F,
    0xFF, 0xFA, 0x00, 0x00, 0x00, 0x00, 0x00, 0x00, 0xCF, 0xFF, 0xA0, 0x00, 0x00, 0x00, 0x00, 0x1F,
    0xFF, 0xF6, 0x00, 0x00, 0x00, 0x00, 0x00, 0x00, 0x00, 0x00, 0x0A, 0xFF, 0x70, 0x00, 0x00, 0x00,
    0x00, 0x00, 0x00, 0x00, 0x00, 0x00, 0x00, 0x5F, 0xFF, 0xF3, 0x00, 0x00, 0x00, 0x00, 0x00, 0x00,
    0x00, 0x00, 0x00, 0x02, 0xEF, 0x9C, 0xFC, 0x00, 0x00, 0x00, 0x00, 0x00, 0x00, 0x00, 0x00, 0x00,
    0x0B, 0xFC, 0x02, 0xEF, 0x70, 0x00, 0x00, 0x00, 0x00, 0x00, 0x00, 0x00, 0x00, 0x6F, 0xE2, 0x00,
    0x4F, 0xF3, 0x00, 0x00, 0x00, 0x00, 0x00, 0x00, 0x00, 0x02, 0xEF, 0x40, 0x00, 0x08, 0xFC, 0x00,
    0x00, 0x00, 0x00, 0x00, 0x00, 0x00, 0x00, 0x00, 0x00, 0x00, 0x00, 0x00, 0x00, 0x00, 0x00, 0x00,
    0x00, 0x00, 0x00, 0x00, 0x00, 0x00, 0x00, 0x00, 0x00, 0x00, 0x00, 0x00, 0x00, 0x7F, 0xF9, 0x00,
    0x00, 0x00, 0x1F, 0xFF, 0xC0, 0x00, 0x00, 0x00, 0xCF, 0xF4, 0x3F, 0xFD, 0x00, 0x00, 0x00, 0x4F,
    0xFF, 0xF1, 0x00, 0x00, 0x01, 0xFF, 0xE0, 0x0E, 0xFF, 0x20, 0x00, 0x00, 0x8F, 0xFF, 0xF5, 0x00,
    0x00, 0x05, 0xFF, 0xB0, 0x0A, 0xFF, 0x60, 0x00, 0x00, 0xCF, 0xEF, 0xF9, 0x00, 0x00, 0x09, 0xFF,
    0x70, 0x06, 0xFF, 0xA0, 0x00, 0x01, 0xFF, 0x9C, 0xFD, 0x00, 0x00, 0x0C, 0xFF, 0x30, 0x03, 0xFF,
    0xD0, 0x00, 0x05, 0xFF, 0x68, 0xFF, 0x20, 0x00, 0x1F, 0xFE, 0x00, 0x00, 0xEF, 0xF2, 0x00, 0x08,
    0xFF, 0x25, 0xFF, 0x60, 0x00, 0x5F, 0xFB, 0x00, 0x00, 0xAF, 0xF6, 0x00, 0x0C, 0xFD, 0x01, 0xFF,
    0xA0, 0x00, 0x9F, 0xF7, 0x00, 0x00, 0x6F, 0xFA, 0x00, 0x1F, 0xF9, 0x00, 0xCF, 0xD0, 0x00, 0xDF,
    0xF3, 0x00, 0x00, 0x2F, 0xFE, 0x00, 0x5F, 0xF5, 0x00, 0x8F, 0xF2, 0x02, 0xFF, 0xE0, 0x00, 0x00,
    0x0D, 0xFF, 0x30, 0x9F, 0xF1, 0x00, 0x4F, 0xF6, 0x05, 0xFF, 0xA0, 0x00, 0x00, 0x09, 0xFF, 0x70,
    0xDF, 0xC0, 0x00, 0x1F, 0xFA, 0x09, 0xFF, 0x60, 0x00, 0x00, 0x06, 0xFF, 0xA2, 0xFF, 0x80, 0x00,
    0x0C, 0xFE, 0x0D, 0xFF, 0x30, 0x00, 0x00, 0x02, 0xFF, 0xE6, 0xFF, 0x50, 0x00, 0x08, 0xFF, 0x5F,
    0xFE, 0x00, 0x00, 0x00, 0x00, 0xDF, 0xFC, 0xFF, 0x10, 0x00, 0x04, 0xFF, 0xCF, 0xFA, 0x00, 0x00,
    0x00, 0x00, 0x9F, 0xFF, 0xFC, 0x00, 0x00, 0x00, 0xFF, 0xFF, 0xF6, 0x00, 0x00, 0x00, 0x00, 0x5F,
    0xFF, 0xF8, 0x00, 0x00, 0x00, 0xBF, 0xFF, 0xF2, 0x00, 0x00, 0x00, 0x00, 0x1F, 0xFF, 0xF4, 0x00,
    0x00, 0x00, 0x7F, 0xFF, 0xD0, 0x00, 0x00, 0x00, 0x00, 0x0D, 0xFF, 0xF1, 0x00, 0x00, 0x00, 0x3F,
    0xFF, 0xA0, 0x00, 0x00, 0x00, 0x00, 0x00, 0x00, 0x9F, 0xFF, 0x60, 0x00, 0x00, 0x00, 0x00, 0x00,
    0x00, 0x00, 0x07, 0xFE, 0x9F, 0xF4, 0x00, 0x00, 0x00, 0x00, 0x00, 0x00, 0x00, 0x5F, 0xE4, 0x06,
    0xFE, 0x30, 0x00, 0x00, 0x00, 0x00, 0x00, 0x04, 0xFE, 0x30, 0x00, 0x6F, 0xD2, 0x00, 0x00, 0x00,
    0x00, 0x00, 0x00, 0x00, 0x00, 0x00, 0x00, 0x00, 0x00, 0x00, 0x00, 0x00, 0x00, 0x00, 0x00, 0x00,
    0x00, 0x00, 0x00, 0x00, 0x00, 0x00, 0xBF, 0xFD, 0x00, 0x00, 0x00, 0x00, 0x00, 0x00, 0x2E, 0xFF,
    0x70, 0x2E, 0xFF, 0x80, 0x00, 0x00, 0x00, 0x00, 0x00, 0xBF, 0xFC, 0x00, 0x06, 0xFF, 0xF3, 0x00,
    0x00, 0x00, 0x00, 0x06, 0xFF, 0xF3, 0x00, 0x00, 0xBF, 0xFD, 0x00, 0x00, 0x00, 0x00, 0x2E, 0xFF,
    0x70, 0x00, 0x00, 0x2E, 0xFF, 0x80, 0x00, 0x00, 0x00, 0xBF, 0xFC, 0x00, 0x00, 0x00, 0x06, 0xFF,
    0xF3, 0x00, 0x00, 0x06, 0xFF, 0xF3, 0x00, 0x00, 0x00, 0x00, 0xBF, 0xFD, 0x00, 0x00, 0x2E, 0xFF,
    0x70, 0x00, 0x00, 0x00, 0x00, 0x2E, 0xFF, 0x80, 0x00, 0xBF, 0xFC, 0x00, 0x00, 0x00, 0x00, 0x00,
    0x06, 0xFF, 0xF3, 0x06, 0xFF, 0xF2, 0x00, 0x00, 0x00, 0x00, 0x00, 0x00, 0xBF, 0xFD, 0x2E, 0xFF,
    0x70, 0x00, 0x00, 0x00, 0x00, 0x00, 0x00, 0x2E, 0xFF, 0xEF, 0xFC, 0x00, 0x00, 0x00, 0x00, 0x00,
    0x00, 0x00, 0x05, 0xFF, 0xFF, 0xF2, 0x00, 0x00, 0x00, 0x00, 0x00, 0x00, 0x00, 0x00, 0xAF, 0xFF,
    0x70, 0x00, 0x00, 0x00, 0x00, 0x00, 0x00, 0x00, 0x00, 0x4F, 0xFF, 0x10, 0x00, 0x00, 0x00, 0x00,
    0x00, 0x00, 0x00, 0x00, 0x4F, 0xFF, 0x10, 0x00, 0x00, 0x00, 0x00, 0x00, 0x00, 0x00, 0x00, 0x4F,
    0xFF, 0x10, 0x00, 0x00, 0x00, 0x00, 0x00, 0x00, 0x00, 0x00, 0x4F, 0xFF, 0x10, 0x00, 0x00, 0x00,
    0x00, 0x00, 0x00, 0x00, 0x00, 0x4F, 0xFF, 0x10, 0x00, 0x00, 0x00, 0x00, 0x00, 0x00, 0x00, 0x00,
    0x4F, 0xFF, 0x10, 0x00, 0x00, 0x00, 0x00, 0x00, 0x00, 0x00, 0x00, 0x4F, 0xFF, 0x10, 0x00, 0x00,
    0x00, 0x00, 0x00, 0x00, 0x00, 0x00, 0x4F, 0xFF, 0x10, 0x00, 0x00, 0x00, 0x00, 0x00, 0x00, 0x00,
    0x00, 0x4F, 0xFF, 0x10, 0x00, 0x00, 0x00, 0x00, 0x00, 0x00, 0x00, 0x00, 0x4F, 0xFF, 0x10, 0x00,
    0x00, 0x00, 0x00, 0x00, 0x00, 0x00, 0x00, 0x4F, 0xFF, 0x10, 0x00, 0x00, 0x00, 0x00, 0x00, 0x00,
    0x00, 0x00, 0x4F, 0xFF, 0x10, 0x00, 0x00, 0x00, 0x00, 0x00, 0x00, 0x00, 0x08, 0xFF, 0xA0, 0x00,
    0x00, 0x00, 0x00, 0x00, 0x00, 0x3F, 0xFF, 0xF5, 0x00, 0x00, 0x00, 0x00, 0x00, 0x00, 0xDF, 0xB9,
    0xFE, 0x10, 0x00, 0x00, 0x00, 0x00, 0x08, 0xFE, 0x11, 0xCF, 0xA0, 0x00, 0x00, 0x00, 0x00, 0x3F,
    0xF4, 0x00, 0x2E, 0xF5, 0x00, 0x00, 0x00, 0x01, 0xDF, 0x70, 0x00, 0x05, 0xFE, 0x10, 0x00, 0x00,
    0x00, 0x00, 0x00, 0x00, 0x00, 0x00, 0x00, 0x00, 0x00, 0x00, 0x00, 0x00, 0x00, 0x00, 0x00, 0x00,
    0x00, 0xCF, 0xF7, 0x00, 0x00, 0x00, 0x00, 0x00, 0x5F, 0xFD, 0x6F, 0xFD, 0x00, 0x00, 0x00, 0x00,
    0x00, 0xBF, 0xF8, 0x1E, 0xFF, 0x30, 0x00, 0x00, 0x00, 0x02, 0xFF, 0xF2, 0x09, 0xFF, 0x90, 0x00,
    0x00, 0x00, 0x07, 0xFF, 0xA0, 0x02, 0xFF, 0xE1, 0x00, 0x00, 0x00, 0x0D, 0xFF, 0x40, 0x00, 0xBF,
    0xF6, 0x00, 0x00, 0x00, 0x4F, 0xFD, 0x00, 0x00, 0x5F, 0xFC, 0x00, 0x00, 0x00, 0xAF, 0xF7, 0x00,
    0x00, 0x0E, 0xFF, 0x30, 0x00, 0x01, 0xFF, 0xF1, 0x00, 0x00, 0x08, 0xFF, 0x90, 0x00, 0x07, 0xFF,
    0xA0, 0x00, 0x00, 0x02, 0xFF, 0xE0, 0x00, 0x0D, 0xFF, 0x40, 0x00, 0x00, 0x00, 0xBF, 0xF5, 0x00,
    0x4F, 0xFD, 0x00, 0x00, 0x00, 0x00, 0x5F, 0xFB, 0x00, 0x9F, 0xF7, 0x00, 0x00, 0x00, 0x00, 0x0E,
    0xFF, 0x21, 0xEF, 0xF1, 0x00, 0x00, 0x00, 0x00, 0x08, 0xFF, 0x86, 0xFF, 0xA0, 0x00, 0x00, 0x00,
    0x00, 0x02, 0xFF, 0xEC, 0xFF, 0x40, 0x00, 0x00, 0x00, 0x00, 0x00, 0xBF, 0xFF, 0xFD, 0x00, 0x00,
    0x00, 0x00, 0x00, 0x00, 0x5F, 0xFF, 0xF7, 0x00, 0x00, 0x00, 0x00, 0x00, 0x00, 0x0D, 0xFF, 0xF1,
    0x00, 0x00, 0x00, 0x00, 0x00, 0x00, 0x09, 0xFF, 0x90, 0x00, 0x00, 0x00, 0x00, 0x00, 0x00, 0x0D,
    0xFF, 0x30, 0x00, 0x00, 0x00, 0x00, 0x00, 0x00, 0x4F, 0xFC, 0x00, 0x00, 0x00, 0x00, 0x00, 0x00,
    0x00, 0xCF, 0xF6, 0x00, 0x00, 0x00, 0x00, 0x00, 0x00, 0x2A, 0xFF, 0xE1, 0x00, 0x00, 0x00, 0x00,
    0x05, 0xFF, 0xFF, 0xFF, 0x70, 0x00, 0x00, 0x00, 0x00, 0x05, 0xFF, 0xFF, 0xFB, 0x00, 0x00, 0x00,
    0x00, 0x00, 0x05, 0xFF, 0xFD, 0x70, 0x00, 0x00, 0x00, 0x00, 0x00, 0x00, 0x00, 0x08, 0xFF, 0xD0,
    0x00, 0xFF, 0xF5, 0x00, 0x00, 0x00, 0x00, 0x00, 0x08, 0xFF, 0xD0, 0x00, 0xFF, 0xF5, 0x00, 0x00,
    0x00, 0x00, 0x00, 0x08, 0xFF, 0xD0, 0x00, 0xFF, 0xF5, 0x00, 0x00, 0x00, 0x00, 0x00, 0x00, 0x00,
    0x00, 0x00, 0x00, 0x00, 0x00, 0x00, 0x00, 0x00, 0x00, 0x00, 0x00, 0x00, 0x00, 0x00, 0x00, 0x00,
    0x00, 0x00, 0xBF, 0xFD, 0x00, 0x00, 0x00, 0x00, 0x00, 0x00, 0x2E, 0xFF, 0x70, 0x2E, 0xFF, 0x80,
    0x00, 0x00, 0x00, 0x00, 0x00, 0xBF, 0xFC, 0x00, 0x06, 0xFF, 0xF3, 0x00, 0x00, 0x00, 0x00, 0x06,
    0xFF, 0xF3, 0x00, 0x00, 0xBF, 0xFD, 0x00, 0x00, 0x00, 0x00, 0x2E, 0xFF, 0x70, 0x00, 0x00, 0x2E,
    0xFF, 0x80, 0x00, 0x00, 0x00, 0xBF, 0xFC, 0x00, 0x00, 0x00, 0x06, 0xFF, 0xF3, 0x00, 0x00, 0x06,
    0xFF, 0xF3, 0x00, 0x00, 0x00, 0x00, 0xBF, 0xFD, 0x00, 0x00, 0x2E, 0xFF, 0x70, 0x00, 0x00, 0x00,
    0x00, 0x2E, 0xFF, 0x80, 0x00, 0xBF, 0xFC, 0x00, 0x00, 0x00, 0x00, 0x00, 0x06, 0xFF, 0xF3, 0x06,
    0xFF, 0xF2, 0x00, 0x00, 0x00, 0x00, 0x00, 0x00, 0xBF, 0xFD, 0x2E, 0xFF, 0x70, 0x00, 0x00, 0x00,
    0x00, 0x00, 0x00, 0x2E, 0xFF, 0xEF, 0xFC, 0x00, 0x00, 0x00, 0x00, 0x00, 0x00, 0x00, 0x05, 0xFF,
    0xFF, 0xF2, 0x00, 0x00, 0x00, 0x00, 0x00, 0x00, 0x00, 0x00, 0xAF, 0xFF, 0x70, 0x00, 0x00, 0x00,
    0x00, 0x00, 0x00, 0x00, 0x00, 0x4F, 0xFF, 0x10, 0x00, 0x00, 0x00, 0x00, 0x00, 0x00, 0x00, 0x00,
    0x4F, 0xFF, 0x10, 0x00, 0x00, 0x00, 0x00, 0x00, 0x00, 0x00, 0x00, 0x4F, 0xFF, 0x10, 0x00, 0x00,
    0x00, 0x00, 0x00, 0x00, 0x00, 0x00, 0x4F, 0xFF, 0x10, 0x00, 0x00, 0x00, 0x00, 0x00, 0x00, 0x00,
    0x00, 0x4F, 0xFF, 0x10, 0x00, 0x00, 0x00, 0x00, 0x00, 0x00, 0x00, 0x00, 0x4F, 0xFF, 0x10, 0x00,
    0x00, 0x00, 0x00, 0x00, 0x00, 0x00, 0x00, 0x4F, 0xFF, 0x10, 0x00, 0x00, 0x00, 0x00, 0x00, 0x00,
    0x00, 0x00, 0x4F, 0xFF, 0x10, 0x00, 0x00, 0x00, 0x00, 0x00, 0x00, 0x00, 0x00, 0x4F, 0xFF, 0x10,
    0x00, 0x00, 0x00, 0x00, 0x00, 0x00, 0x00, 0x00, 0x4F, 0xFF, 0x10, 0x00, 0x00, 0x00, 0x00, 0x00,
    0x00, 0x00, 0x00, 0x4F, 0xFF, 0x10, 0x00, 0x00, 0x00, 0x00, 0x00, 0x00, 0x00, 0x00, 0x4F, 0xFF,
    0x10, 0x00, 0x00, 0x00, 0x00, 0x00, 0x00, 0x00, 0x00, 0x00, 0x8F, 0xF7, 0x00, 0x00, 0x00, 0x00,
    0x00, 0x00, 0x00, 0x00, 0x05, 0xFF, 0x80, 0x00, 0x00, 0x00, 0x00, 0x00, 0x00, 0x00, 0x00, 0x3E,
    0xF9, 0x00, 0x00, 0x00, 0x00, 0x00, 0x00, 0x00, 0x00, 0x01, 0xDF, 0xA0, 0x00, 0x00, 0x00, 0x00,
    0x00, 0x00, 0x00, 0x00, 0x00, 0x00, 0x00, 0x00, 0x00, 0x00, 0x00, 0x00, 0x00, 0x00, 0x00, 0x00,
    0x00, 0x00, 0x00, 0x00, 0x00, 0x00, 0x00, 0x1F, 0xFF, 0xFF, 0xFF, 0xFF, 0xFF, 0xFF, 0xFF, 0xFF,
    0xFF, 0x60, 0x1F, 0xFF, 0xFF, 0xFF, 0xFF, 0xFF, 0xFF, 0xFF, 0xFF, 0xFF, 0x60, 0x1F, 0xFF, 0xFF,
    0xFF, 0xFF, 0xFF, 0xFF, 0xFF, 0xFF, 0xFF, 0x50, 0x00, 0x00, 0x00, 0x00, 0x00, 0x00, 0x00, 0x03,
    0xFF, 0xFA, 0x00, 0x00, 0x00, 0x00, 0x00, 0x00, 0x00, 0x00, 0x2E, 0xFF, 0xC0, 0x00, 0x00, 0x00,
    0x00, 0x00, 0x00, 0x00, 0x00, 0xCF, 0xFE, 0x20, 0x00, 0x00, 0x00, 0x00, 0x00, 0x00, 0x00, 0x09,
    0xFF, 0xF4, 0x00, 0x00, 0x00, 0x00, 0x00, 0x00, 0x00, 0x00, 0x6F, 0xFF, 0x60, 0x00, 0x00, 0x00,
    0x00, 0x00, 0x00, 0x00, 0x04, 0xFF, 0xF9, 0x00, 0x00, 0x00, 0x00, 0x00, 0x00, 0x00, 0x00, 0x2E,
    0xFF, 0xC0, 0x00, 0x00, 0x00, 0x00, 0x00, 0x00, 0x00, 0x01, 0xCF, 0xFD, 0x10, 0x00, 0x00, 0x00,
    0x00, 0x00, 0x00, 0x00, 0x0A, 0xFF, 0xF3, 0x00, 0x00, 0x00, 0x00, 0x00, 0x00, 0x00, 0x00, 0x7F,
    0xFF, 0x60, 0x00, 0x00, 0x00, 0x00, 0x00, 0x00, 0x00, 0x04, 0xFF, 0xF9, 0x00, 0x00, 0x00, 0x00,
    0x00, 0x00, 0x00, 0x00, 0x2E, 0xFF, 0xB0, 0x00, 0x00, 0x00, 0x00, 0x00, 0x00, 0x00, 0x01, 0xCF,
    0xFD, 0x10, 0x00, 0x00, 0x00, 0x00, 0x00, 0x00, 0x00, 0x0A, 0xFF, 0xE3, 0x00, 0x00, 0x00, 0x00,
    0x00, 0x00, 0x00, 0x00, 0x7F, 0xFF, 0x50, 0x00, 0x00, 0x00, 0x00, 0x00, 0x00, 0x00, 0x05, 0xFF,
    0xF8, 0x00, 0x00, 0x00, 0x00, 0x00, 0x00, 0x00, 0x00, 0x2E, 0xFF, 0xB0, 0x00, 0x00, 0x00, 0x00,
    0x00, 0x00, 0x00, 0x01, 0xDF, 0xFD, 0x10, 0x00, 0x00, 0x00, 0x00, 0x00, 0x00, 0x00, 0x0B, 0xFF,
    0xE3, 0x00, 0x00, 0x00, 0x00, 0x00, 0x00, 0x00, 0x00, 0x6F, 0xFF, 0xFF, 0xFF, 0xFF, 0xFF, 0xFF,
    0xFF, 0xFF, 0xFF, 0xC0, 0x7F, 0xFF, 0xFF, 0xFF, 0xFF, 0xFF, 0xFF, 0xFF, 0xFF, 0xFF, 0xC0, 0x7F,
    0xFF, 0xFF, 0xFF, 0xFF, 0xFF, 0xFF, 0xFF, 0xFF, 0xFF, 0xC0, 0x00, 0x00, 0x00, 0x00, 0x00, 0x7F,
    0xFB, 0x00, 0x00, 0x00, 0x00, 0x00, 0x04, 0xFF, 0xC1, 0x00, 0x00, 0x00, 0x00, 0x00, 0x2E, 0xFD,
    0x10, 0x00, 0x00, 0x00, 0x00, 0x00, 0xCF, 0xE2, 0x00, 0x00, 0x00, 0x00, 0x00, 0x09, 0xFE, 0x30,
    0x00, 0x00, 0x00, 0x00, 0x00, 0x5F, 0xF4, 0x00, 0x00, 0x00, 0x00, 0x00, 0x00, 0x00, 0x00, 0x00,
    0x00, 0x00, 0x00, 0x00, 0x00, 0x00, 0x00, 0x00, 0x00, 0x00, 0x2F, 0xFF, 0xFF, 0xFF, 0xFF, 0xFF,
    0xFF, 0xF6, 0x2F, 0xFF, 0xFF, 0xFF, 0xFF, 0xFF, 0xFF, 0xF6, 0x2F, 0xFF, 0xFF, 0xFF, 0xFF, 0xFF,
    0xFF, 0xF5, 0x00, 0x00, 0x00, 0x00, 0x00, 0x07, 0xFF, 0xB0, 0x00, 0x00, 0x00, 0x00, 0x00, 0x5F,
    0xFC, 0x10, 0x00, 0x00, 0x00, 0x00, 0x04, 0xFF, 0xE2, 0x00, 0x00, 0x00, 0x00, 0x00, 0x2E, 0xFE,
    0x30, 0x00, 0x00, 0x00, 0x00, 0x01, 0xDF, 0xF4, 0x00, 0x00, 0x00, 0x00, 0x00, 0x1C, 0xFF, 0x60,
    0x00, 0x00, 0x00, 0x00, 0x00, 0xAF, 0xF8, 0x00, 0x00, 0x00, 0x00, 0x00, 0x08, 0xFF, 0xA0, 0x00,
    0x00, 0x00, 0x00, 0x00, 0x6F, 0xFC, 0x00, 0x00, 0x00, 0x00, 0x00, 0x05, 0xFF, 0xD1, 0x00, 0x00,
    0x00, 0x00, 0x00, 0x3E, 0xFE, 0x20, 0x00, 0x00, 0x00, 0x00, 0x02, 0xEF, 0xF3, 0x00, 0x00, 0x00,
    0x00, 0x00, 0x1C, 0xFF, 0x50, 0x00, 0x00, 0x00, 0x00, 0x00, 0x8F, 0xFF, 0xFF, 0xFF, 0xFF, 0xFF,
    0xFF, 0xF6, 0x8F, 0xFF, 0xFF, 0xFF, 0xFF, 0xFF, 0xFF, 0xF6, 0x8F, 0xFF, 0xFF, 0xFF, 0xFF, 0xFF,
    0xFF, 0xF6, 0x00, 0x00, 0x00, 0x00, 0x0F, 0xFF, 0x50, 0x00, 0x00, 0x00, 0x00, 0x00, 0x00, 0x00,
    0x00, 0x0F, 0xFF, 0x50, 0x00, 0x00, 0x00, 0x00, 0x00, 0x00, 0x00, 0x00, 0x0F, 0xFF, 0x50, 0x00,
    0x00, 0x00, 0x00, 0x00, 0x00, 0x00, 0x00, 0x00, 0x00, 0x00, 0x00, 0x00, 0x00, 0x00, 0x00, 0x00,
    0x00, 0x00, 0x00, 0x00, 0x00, 0x00, 0x00, 0x00, 0x00, 0x1F, 0xFF, 0xFF, 0xFF, 0xFF, 0xFF, 0xFF,
    0xFF, 0xFF, 0xFF, 0x60, 0x1F, 0xFF, 0xFF, 0xFF, 0xFF, 0xFF, 0xFF, 0xFF, 0xFF, 0xFF, 0x60, 0x1F,
    0xFF, 0xFF, 0xFF, 0xFF, 0xFF, 0xFF, 0xFF, 0xFF, 0xFF, 0x50, 0x00, 0x00, 0x00, 0x00, 0x00, 0x00,
    0x00, 0x03, 0xFF, 0xFA, 0x00, 0x00, 0x00, 0x00, 0x00, 0x00, 0x00, 0x00, 0x2E, 0xFF, 0xC0, 0x00,
    0x00, 0x00, 0x00, 0x00, 0x00, 0x00, 0x00, 0xCF, 0xFE, 0x20, 0x00, 0x00, 0x00, 0x00, 0x00, 0x00,
    0x00, 0x09, 0xFF, 0xF4, 0x00, 0x00, 0x00, 0x00, 0x00, 0x00, 0x00, 0x00, 0x6F, 0xFF, 0x60, 0x00,
    0x00, 0x00, 0x00, 0x00, 0x00, 0x00, 0x04, 0xFF, 0xF9, 0x00, 0x00, 0x00, 0x00, 0x00, 0x00, 0x00,
    0x00, 0x2E, 0xFF, 0xC0, 0x00, 0x00, 0x00, 0x00, 0x00, 0x00, 0x00, 0x01, 0xCF, 0xFD, 0x10, 0x00,
    0x00, 0x00, 0x00, 0x00, 0x00, 0x00, 0x0A, 0xFF, 0xF3, 0x00, 0x00, 0x00, 0x00, 0x00, 0x00, 0x00,
    0x00, 0x7F, 0xFF, 0x60, 0x00, 0x00, 0x00, 0x00, 0x00, 0x00, 0x00, 0x04, 0xFF, 0xF9, 0x00, 0x00,
    0x00, 0x00, 0x00, 0x00, 0x00, 0x00, 0x2E, 0xFF, 0xB0, 0x00, 0x00, 0x00, 0x00, 0x00, 0x00, 0x00,
    0x01, 0xCF, 0xFD, 0x10, 0x00, 0x00, 0x00, 0x00, 0x00, 0x00, 0x00, 0x0A, 0xFF, 0xE3, 0x00, 0x00,
    0x00, 0x00, 0x00, 0x00, 0x00, 0x00, 0x7F, 0xFF, 0x50, 0x00, 0x00, 0x00, 0x00, 0x00, 0x00, 0x00,
    0x05, 0xFF, 0xF8, 0x00, 0x00, 0x00, 0x00, 0x00, 0x00, 0x00, 0x00, 0x2E, 0xFF, 0xB0, 0x00, 0x00,
    0x00, 0x00, 0x00, 0x00, 0x00, 0x01, 0xDF, 0xFD, 0x10, 0x00, 0x00, 0x00, 0x00, 0x00, 0x00, 0x00,
    0x0B, 0xFF, 0xE3, 0x00, 0x00, 0x00, 0x00, 0x00, 0x00, 0x00, 0x00, 0x6F, 0xFF, 0xFF, 0xFF, 0xFF,
    0xFF, 0xFF, 0xFF, 0xFF, 0xFF, 0xC0, 0x7F, 0xFF, 0xFF, 0xFF, 0xFF, 0xFF, 0xFF, 0xFF, 0xFF, 0xFF,
    0xC0, 0x7F, 0xFF, 0xFF, 0xFF, 0xFF, 0xFF, 0xFF, 0xFF, 0xFF, 0xFF, 0xC0, 0x00, 0x00, 0x00, 0xAF,
    0xF6, 0x00, 0x00, 0x00, 0x00, 0x00, 0x00, 0xAF, 0xF6, 0x00, 0x00, 0x00, 0x00, 0x00, 0x00, 0xAF,
    0xF6, 0x00, 0x00, 0x00, 0x00, 0x00, 0x00, 0xAF, 0xF6, 0x00, 0x00, 0x00, 0x00, 0x00, 0x00, 0x00,
    0x00, 0x00, 0x00, 0x00, 0x00, 0x00, 0x00, 0x00, 0x00, 0x00, 0x00, 0x00, 0x00, 0x00, 0x00, 0x00,
    0x00, 0x00, 0x00, 0x00, 0x2F, 0xFF, 0xFF, 0xFF, 0xFF, 0xFF, 0xFF, 0xF6, 0x2F, 0xFF, 0xFF, 0xFF,
    0xFF, 0xFF, 0xFF, 0xF6, 0x2F, 0xFF, 0xFF, 0xFF, 0xFF, 0xFF, 0xFF, 0xF5, 0x00, 0x00, 0x00, 0x00,
    0x00, 0x07, 0xFF, 0xB0, 0x00, 0x00, 0x00, 0x00, 0x00, 0x5F, 0xFC, 0x10, 0x00, 0x00, 0x00, 0x00,
    0x04, 0xFF, 0xE2, 0x00, 0x00, 0x00, 0x00, 0x00, 0x2E, 0xFE, 0x30, 0x00, 0x00, 0x00, 0x00, 0x01,
    0xDF, 0xF4, 0x00, 0x00, 0x00, 0x00, 0x00, 0x1C, 0xFF, 0x60, 0x00, 0x00, 0x00, 0x00, 0x00, 0xAF,
    0xF8, 0x00, 0x00, 0x00, 0x00, 0x00, 0x08, 0xFF, 0xA0, 0x00, 0x00, 0x00, 0x00, 0x00, 0x6F, 0xFC,
    0x00, 0x00, 0x00, 0x00, 0x00, 0x05, 0xFF, 0xD1, 0x00, 0x00, 0x00, 0x00, 0x00, 0x3E, 0xFE, 0x20,
    0x00, 0x00, 0x00, 0x00, 0x02, 0xEF, 0xF3, 0x00, 0x00, 0x00, 0x00, 0x00, 0x1C, 0xFF, 0x50, 0x00,
    0x00, 0x00, 0x00, 0x00, 0x8F, 0xFF, 0xFF, 0xFF, 0xFF, 0xFF, 0xFF, 0xF6, 0x8F, 0xFF, 0xFF, 0xFF,
    0xFF, 0xFF, 0xFF, 0xF6, 0x8F, 0xFF, 0xFF, 0xFF, 0xFF, 0xFF, 0xFF, 0xF6, 0x00, 0x00, 0x01, 0xDF,
    0x60, 0x00, 0x3E, 0xF4, 0x00, 0x00, 0x00, 0x00, 0x00, 0x00, 0x2E, 0xF7, 0x03, 0xEF, 0x60, 0x00,
    0x00, 0x00, 0x00, 0x00, 0x00, 0x04, 0xFF, 0x9E, 0xF8, 0x00, 0x00, 0x00, 0x00, 0x00, 0x00, 0x00,
    0x00, 0x5F, 0xFF, 0xA0, 0x00, 0x00, 0x00, 0x00, 0x00, 0x00, 0x00, 0x00, 0x00, 0x00, 0x00, 0x00,
    0x00, 0x00, 0x00, 0x00, 0x00, 0x00, 0x00, 0x00, 0x00, 0x00, 0x00, 0x00, 0x00, 0x00, 0x1F, 0xFF,
    0xFF, 0xFF, 0xFF, 0xFF, 0xFF, 0xFF, 0xFF, 0xFF, 0x60, 0x1F, 0xFF, 0xFF, 0xFF, 0xFF, 0xFF, 0xFF,
    0xFF, 0xFF, 0xFF, 0x60, 0x1F, 0xFF, 0xFF, 0xFF, 0xFF, 0xFF, 0xFF, 0xFF, 0xFF, 0xFF, 0x50, 0x00,
    0x00, 0x00, 0x00, 0x00, 0x00, 0x00, 0x03, 0xFF, 0xFA, 0x00, 0x00, 0x00, 0x00, 0x00, 0x00, 0x00,
    0x00, 0x2E, 0xFF, 0xC0, 0x00, 0x00, 0x00, 0x00, 0x00, 0x00, 0x00, 0x00, 0xCF, 0xFE, 0x20, 0x00,
    0x00, 0x00, 0x00, 0x00, 0x00, 0x00, 0x09, 0xFF, 0xF4, 0x00, 0x00, 0x00, 0x00, 0x00, 0x00, 0x00,
    0x00, 0x6F, 0xFF, 0x60, 0x00, 0x00, 0x00, 0x00, 0x00, 0x00, 0x00, 0x04, 0xFF, 0xF9, 0x00, 0x00,
    0x00, 0x00, 0x00, 0x00, 0x00, 0x00, 0x2E, 0xFF, 0xC0, 0x00, 0x00, 0x00, 0x00, 0x00, 0x00, 0x00,
    0x01, 0xCF, 0xFD, 0x10, 0x00, 0x00, 0x00, 0x00, 0x00, 0x00, 0x00, 0x0A, 0xFF, 0xF3, 0x00, 0x00,
    0x00, 0x00, 0x00, 0x00, 0x00, 0x00, 0x7F, 0xFF, 0x60, 0x00, 0x00, 0x00, 0x00, 0x00, 0x00, 0x00,
    0x04, 0xFF, 0xF9, 0x00, 0x00, 0x00, 0x00, 0x00, 0x00, 0x00, 0x00, 0x2E, 0xFF, 0xB0, 0x00, 0x00,
    0x00, 0x00, 0x00, 0x00, 0x00, 0x01, 0xCF, 0xFD, 0x10, 0x00, 0x00, 0x00, 0x00, 0x00, 0x00, 0x00,
    0x0A, 0xFF, 0xE3, 0x00, 0x00, 0x00, 0x00, 0x00, 0x00, 0x00, 0x00, 0x7F, 0xFF, 0x50, 0x00, 0x00,
    0x00, 0x00, 0x00, 0x00, 0x00, 0x05, 0xFF, 0xF8, 0x00, 0x00, 0x00, 0x00, 0x00, 0x00, 0x00, 0x00,
    0x2E, 0xFF, 0xB0, 0x00, 0x00, 0x00, 0x00, 0x00, 0x00, 0x00, 0x01, 0xDF, 0xFD, 0x10, 0x00, 0x00,
    0x00, 0x00, 0x00, 0x00, 0x00, 0x0B, 0xFF, 0xE3, 0x00, 0x00, 0x00, 0x00, 0x00, 0x00, 0x00, 0x00,
    0x6F, 0xFF, 0xFF, 0xFF, 0xFF, 0xFF, 0xFF, 0xFF, 0xFF, 0xFF, 0xC0, 0x7F, 0xFF, 0xFF, 0xFF, 0xFF,
    0xFF, 0xFF, 0xFF, 0xFF, 0xFF, 0xC0, 0x7F, 0xFF, 0xFF, 0xFF, 0xFF, 0xFF, 0xFF, 0xFF, 0xFF, 0xFF,
    0xC0, 0x00, 0x1E, 0xF5, 0x00, 0x00, 0x7F, 0xD1, 0x00, 0x00, 0x05, 0xFE, 0x20, 0x03, 0xFF, 0x40,
    0x00, 0x00, 0x00, 0xAF, 0xD1, 0x1D, 0xF8, 0x00, 0x00, 0x00, 0x00, 0x1E, 0xFA, 0xBF, 0xD0, 0x00,
    0x00, 0x00, 0x00, 0x04, 0xFF, 0xFF, 0x30, 0x00, 0x00, 0x00, 0x00, 0x00, 0x9F, 0xF8, 0x00, 0x00,
    0x00, 0x00, 0x00, 0x00, 0x00, 0x00, 0x00, 0x00, 0x00, 0x00, 0x00, 0x00, 0x00, 0x00, 0x00, 0x00,
    0x00, 0x2F, 0xFF, 0xFF, 0xFF, 0xFF, 0xFF, 0xFF, 0xF6, 0x2F, 0xFF, 0xFF, 0xFF, 0xFF, 0xFF, 0xFF,
    0xF6, 0x2F, 0xFF, 0xFF, 0xFF, 0xFF, 0xFF, 0xFF, 0xF5, 0x00, 0x00, 0x00, 0x00, 0x00, 0x07, 0xFF,
    0xB0, 0x00, 0x00, 0x00, 0x00, 0x00, 0x5F, 0xFC, 0x10, 0x00, 0x00, 0x00, 0x00, 0x04, 0xFF, 0xE2,
    0x00, 0x00, 0x00, 0x00, 0x00, 0x2E, 0xFE, 0x30, 0x00, 0x00, 0x00, 0x00, 0x01, 0xDF, 0xF4, 0x00,
    0x00, 0x00, 0x00, 0x00, 0x1C, 0xFF, 0x60, 0x00, 0x00, 0x00, 0x00, 0x00, 0xAF, 0xF8, 0x00, 0x00,
    0x00, 0x00, 0x00, 0x08, 0xFF, 0xA0, 0x00, 0x00, 0x00, 0x00, 0x00, 0x6F, 0xFC, 0x00, 0x00, 0x00,
    0x00, 0x00, 0x05, 0xFF, 0xD1, 0x00, 0x00, 0x00, 0x00, 0x00, 0x3E, 0xFE, 0x20, 0x00, 0x00, 0x00,
    0x00, 0x02, 0xEF, 0xF3, 0x00, 0x00, 0x00, 0x00, 0x00, 0x1C, 0xFF, 0x50, 0x00, 0x00, 0x00, 0x00,
    0x00, 0x8F, 0xFF, 0xFF, 0xFF, 0xFF, 0xFF, 0xFF, 0xF6, 0x8F, 0xFF, 0xFF, 0xFF, 0xFF, 0xFF, 0xFF,
    0xF6, 0x8F, 0xFF, 0xFF, 0xFF, 0xFF, 0xFF, 0xFF, 0xF6, 0x00, 0x00, 0x01, 0x7B, 0xEF, 0xFF, 0x90,
    0x00, 0x00, 0x1D, 0xFF, 0xFF, 0xFF, 0x90, 0x00, 0x00, 0xAF, 0xFF, 0xFF, 0xFF, 0x90, 0x00, 0x01,
    0xFF, 0xFA, 0x20, 0x00, 0x00, 0x00, 0x03, 0xFF, 0xE0, 0x00, 0x00, 0x00, 0x00, 0x04, 0xFF, 0xC0,
    0x00, 0x00, 0x00, 0x00, 0x04, 0xFF, 0xC0, 0x00, 0x00, 0x00, 0x3F, 0xFF, 0xFF, 0xC0, 0x00, 0x00,
    0x00, 0x3F, 0xFF, 0xFF, 0xC0, 0x00, 0x00, 0x00, 0x3F, 0xFF, 0xFF, 0xC0, 0x00, 0x00, 0x00, 0x00,
    0x04, 0xFF, 0xC0, 0x00, 0x00, 0x00, 0x00, 0x04, 0xFF, 0xC0, 0x00, 0x00, 0x00, 0x00, 0x04, 0xFF,
    0xC0, 0x00, 0x00, 0x00, 0x00, 0x04, 0xFF, 0xC0, 0x00, 0x00, 0x00, 0x00, 0x04, 0xFF, 0xC0, 0x00,
    0x00, 0x00, 0x00, 0x04, 0xFF, 0xC0, 0x00, 0x00, 0x00, 0x00, 0x04, 0xFF, 0xC0, 0x00, 0x00, 0x00,
    0x00, 0x04, 0xFF, 0xC0, 0x00, 0x00, 0x00, 0x00, 0x04, 0xFF, 0xC0, 0x00, 0x00, 0x00, 0x00, 0x04,
    0xFF, 0xC0, 0x00, 0x00, 0x00, 0x00, 0x04, 0xFF, 0xC0, 0x00, 0x00, 0x00, 0x00, 0x04, 0xFF, 0xC0,
    0x00, 0x00, 0x00, 0x00, 0x04, 0xFF, 0xC0, 0x00, 0x00, 0x00, 0x00, 0x04, 0xFF, 0xC0, 0x00, 0x00,
    0x00, 0x00, 0x04, 0xFF, 0xC0, 0x00, 0x00, 0x00, 0x00, 0x04, 0xFF, 0xC0, 0x00, 0x00, 0x00, 0x5F,
    0xFF, 0xFF, 0xFF, 0xFF, 0xFF, 0xFF, 0x50, 0x5F, 0xFF, 0xFF, 0xFF, 0xFF, 0xFF, 0xFF, 0x50, 0x5F,
    0xFF, 0xFF, 0xFF, 0xFF, 0xFF, 0xFF, 0x50, 0x5F, 0xFF, 0xFF, 0xFF, 0xFF, 0xFF, 0xFF, 0xFF, 0xFF,
    0xFF, 0xFF, 0xFF, 0xFF, 0xFF, 0xFF, 0xF5, 0x5F, 0xFF, 0xFF, 0xFF, 0xFF, 0xFF, 0xFF, 0xFF, 0xFF,
    0xFF, 0xFF, 0xFF, 0xFF, 0xFF, 0xFF, 0xF5, 0x5F, 0xFF, 0xFF, 0xFF, 0xFF, 0xFF, 0xFF, 0xFF, 0xFF,
    0xFF, 0xFF, 0xFF, 0xFF, 0xFF, 0xFF, 0xF5, 0x1F, 0xFF, 0x70, 0x00, 0x00, 0x00, 0xCF, 0xFC, 0x00,
    0x00, 0x00, 0x07, 0xFF, 0xF1, 0x1F, 0xFF, 0x70, 0x00, 0x00, 0x00, 0xCF, 0xFC, 0x00, 0x00, 0x00,
    0x07, 0xFF, 0xF1, 0x1F, 0xFF, 0x70, 0x00, 0x00, 0x00, 0xCF, 0xFC, 0x00, 0x00, 0x00, 0x07, 0xFF,
    0xF1, 0x1F, 0xFF, 0x70, 0x00, 0x00, 0x00, 0xCF, 0xFC, 0x00, 0x00, 0x00, 0x07, 0xFF, 0xF1, 0x00,
    0x00, 0x00, 0x00, 0x05, 0x9D, 0xEF, 0xDB, 0x71, 0x00, 0x00, 0x00, 0x00, 0x03, 0xDF, 0xFF, 0xFF,
    0xFF, 0xFF, 0x81, 0x00, 0x00, 0x00, 0x5F, 0xFF, 0xFF, 0xFF, 0xFF, 0xFF, 0xF6, 0x00, 0x00, 0x04,
    0xFF, 0xFF, 0x94, 0x10, 0x25, 0xBF, 0xF6, 0x00, 0x00, 0x1D, 0xFF, 0xE4, 0x00, 0x00, 0x00, 0x06,
    0xE6, 0x00, 0x00, 0x7F, 0xFF, 0x40, 0x00, 0x00, 0x00, 0x00, 0x35, 0x00, 0x00, 0xDF, 0xFA, 0x00,
    0x00, 0x00, 0x00, 0x00, 0x00, 0x00, 0x02, 0xFF, 0xF4, 0x00, 0x00, 0x00, 0x00, 0x00, 0x00, 0x00,
    0x06, 0xFF, 0xF0, 0x00, 0x00, 0x00, 0x00, 0x00, 0x00, 0x5F, 0xFF, 0xFF, 0xFF, 0xFF, 0xFF, 0xFF,
    0xFF, 0x30, 0x00, 0xCF, 0xFF, 0xFF, 0xFF, 0xFF, 0xFF, 0xFF, 0xFC, 0x00, 0x00, 0x00, 0x0C, 0xFF,
    0x90, 0x00, 0x00, 0x00, 0x00, 0x00, 0x00, 0x00, 0x0C, 0xFF, 0x80, 0x00, 0x00, 0x00, 0x00, 0x00,
    0x00, 0x00, 0x0C, 0xFF, 0x90, 0x00, 0x00, 0x00, 0x00, 0x00, 0x00, 0x5F, 0xFF, 0xFF, 0xFF, 0xFF,
    0xFF, 0xFC, 0x00, 0x00, 0x00, 0xCF, 0xFF, 0xFF, 0xFF, 0xFF, 0xFF, 0xF5, 0x00, 0x00, 0x00, 0x00,
    0x06, 0xFF, 0xF0, 0x00, 0x00, 0x00, 0x00, 0x00, 0x00, 0x00, 0x02, 0xFF, 0xF4, 0x00, 0x00, 0x00,
    0x00, 0x00, 0x00, 0x00, 0x00, 0xDF, 0xFA, 0x00, 0x00, 0x00, 0x00, 0x00, 0x00, 0x00, 0x00, 0x7F,
    0xFF, 0x40, 0x00, 0x00, 0x00, 0x00, 0x35, 0x00, 0x00, 0x1D, 0xFF, 0xE4, 0x00, 0x00, 0x00, 0x05,
    0xE6, 0x00, 0x00, 0x04, 0xFF, 0xFF, 0x94, 0x10, 0x25, 0xBF, 0xF6, 0x00, 0x00, 0x00, 0x6F, 0xFF,
    0xFF, 0xFF, 0xFF, 0xFF, 0xF6, 0x00, 0x00, 0x00, 0x03, 0xDF, 0xFF, 0xFF, 0xFF, 0xFE, 0x81, 0x00,
    0x00, 0x00, 0x00, 0x05, 0x9D, 0xEF, 0xDB, 0x61, 0x00, 0x00, 0x00, 0x00, 0x5A, 0x00, 0x00, 0x00,
    0x00, 0x00, 0x00, 0x00, 0x00, 0x00, 0x00, 0x00, 0x04, 0xFF, 0x90, 0x00, 0x00, 0x00, 0x00, 0x00,
    0x00, 0x00, 0x00, 0x00, 0x00, 0x4F, 0xFF, 0xB0, 0x00, 0x00, 0x00, 0x00, 0x00, 0x00, 0x00, 0x00,
    0x00, 0x04, 0xEF, 0xFB, 0x00, 0x00, 0x00, 0x00, 0x00, 0x00, 0x00, 0x00, 0x00, 0x00, 0x4E, 0xFF,
    0xB1, 0x00, 0x00, 0x00, 0x00, 0x00, 0x00, 0x00, 0x00, 0x00, 0x03, 0xEF, 0xFB, 0x10, 0x00, 0x00,
    0x00, 0x00, 0x00, 0x00, 0x00, 0x00, 0x00, 0x2E, 0xFF, 0xFF, 0xFF, 0xFF, 0xFF, 0xFF, 0xFF, 0xFF,
    0xFF, 0xFF, 0xFF, 0xF8, 0x5F, 0xFF, 0xFF, 0xFF, 0xFF, 0xFF, 0xFF, 0xFF, 0xFF, 0xFF, 0xFF, 0xFF,
    0xF8, 0x2E, 0xFF, 0xFF, 0xFF, 0xFF, 0xFF, 0xFF, 0xFF, 0xFF, 0xFF, 0xFF, 0xFF, 0xF8, 0x03, 0xEF,
    0xFB, 0x10, 0x00, 0x00, 0x00, 0x00, 0x00, 0x00, 0x00, 0x00, 0x00, 0x00, 0x4E, 0xFF, 0xB1, 0x00,
    0x00, 0x00, 0x00, 0x00, 0x00, 0x00, 0x00, 0x00, 0x00, 0x04, 0xEF, 0xFB, 0x00, 0x00, 0x00, 0x00,
    0x00, 0x00, 0x00, 0x00, 0x00, 0x00, 0x00, 0x4F, 0xFF, 0xB0, 0x00, 0x00, 0x00, 0x00, 0x00, 0x00,
    0x00, 0x00, 0x00, 0x00, 0x04, 0xFF, 0xA0, 0x00, 0x00, 0x00, 0x00, 0x00, 0x00, 0x00, 0x00, 0x00,
    0x00, 0x00, 0x5A, 0x00, 0x00, 0x00, 0x00, 0x00, 0x00, 0x00, 0x00, 0x00, 0x00, 0x00, 0x02, 0xDF,
    0x70, 0x00, 0x00, 0x00, 0x00, 0x00, 0x1C, 0xFF, 0xF6, 0x00, 0x00, 0x00, 0x00, 0x01, 0xCF, 0xFF,
    0xFF, 0x50, 0x00, 0x00, 0x00, 0x0B, 0xFF, 0xFF, 0xFF, 0xF4, 0x00, 0x00, 0x00, 0xAF, 0xFF, 0xFF,
    0xFF, 0xFE, 0x30, 0x00, 0x0A, 0xFF, 0xF9, 0xFF, 0xBD, 0xFF, 0xE3, 0x00, 0x9F, 0xFF, 0x63, 0xFF,
    0xA2, 0xDF, 0xFE, 0x20, 0x8F, 0xF6, 0x03, 0xFF, 0xA0, 0x1D, 0xFD, 0x20, 0x08, 0x60, 0x03, 0xFF,
    0xA0, 0x01, 0xB2, 0x00, 0x00, 0x00, 0x03, 0xFF, 0xA0, 0x00, 0x00, 0x00, 0x00, 0x00, 0x03, 0xFF,
    0xA0, 0x00, 0x00, 0x00, 0x00, 0x00, 0x03, 0xFF, 0xA0, 0x00, 0x00, 0x00, 0x00, 0x00, 0x03, 0xFF,
    0xA0, 0x00, 0x00, 0x00, 0x00, 0x00, 0x03, 0xFF, 0xA0, 0x00, 0x00, 0x00, 0x00, 0x00, 0x03, 0xFF,
    0xA0, 0x00, 0x00, 0x00, 0x00, 0x00, 0x03, 0xFF, 0xA0, 0x00, 0x00, 0x00, 0x00, 0x00, 0x03, 0xFF,
    0xA0, 0x00, 0x00, 0x00, 0x00, 0x00, 0x03, 0xFF, 0xA0, 0x00, 0x00, 0x00, 0x00, 0x00, 0x03, 0xFF,
    0xA0, 0x00, 0x00, 0x00, 0x00, 0x00, 0x03, 0xFF, 0xA0, 0x00, 0x00, 0x00, 0x00, 0x00, 0x03, 0xFF,
    0xA0, 0x00, 0x00, 0x00, 0x00, 0x00, 0x03, 0xFF, 0xA0, 0x00, 0x00, 0x00, 0x00, 0x00, 0x03, 0xFF,
    0xA0, 0x00, 0x00, 0x00, 0x00, 0x00, 0x03, 0xFF, 0xA0, 0x00, 0x00, 0x00, 0x00, 0x00, 0x03, 0xFF,
    0xA0, 0x00, 0x00, 0x00, 0x00, 0x00, 0x00, 0x00, 0x00, 0x00, 0x00, 0x00, 0x00, 0x3B, 0x10, 0x00,
    0x00, 0x00, 0x00, 0x00, 0x00, 0x00, 0x00, 0x00, 0x00, 0x03, 0xEF, 0xB0, 0x00, 0x00, 0x00, 0x00,
    0x00, 0x00, 0x00, 0x00, 0x00, 0x00, 0x04, 0xFF, 0xFB, 0x00, 0x00, 0x00, 0x00, 0x00, 0x00, 0x00,
    0x00, 0x00, 0x00, 0x00, 0x4F, 0xFF, 0xA0, 0x00, 0x00, 0x00, 0x00, 0x00, 0x00, 0x00, 0x00, 0x00,
    0x00, 0x05, 0xFF, 0xFA, 0x00, 0x00, 0x00, 0x00, 0x00, 0x00, 0x00, 0x00, 0x00, 0x00, 0x00, 0x5F,
    0xFF, 0xA0, 0x1F, 0xFF, 0xFF, 0xFF, 0xFF, 0xFF, 0xFF, 0xFF, 0xFF, 0xFF, 0xFF, 0xFF, 0xF9, 0x1F,
    0xFF, 0xFF, 0xFF, 0xFF, 0xFF, 0xFF, 0xFF, 0xFF, 0xFF, 0xFF, 0xFF, 0xFC, 0x1F, 0xFF, 0xFF, 0xFF,
    0xFF, 0xFF, 0xFF, 0xFF, 0xFF, 0xFF, 0xFF, 0xFF, 0xF9, 0x00, 0x00, 0x00, 0x00, 0x00, 0x00, 0x00,
    0x00, 0x00, 0x00, 0x5F, 0xFF, 0xA0, 0x00, 0x00, 0x00, 0x00, 0x00, 0x00, 0x00, 0x00, 0x00, 0x05,
    0xFF, 0xFA, 0x00, 0x00, 0x00, 0x00, 0x00, 0x00, 0x00, 0x00, 0x00, 0x00, 0x4F, 0xFF, 0xA0, 0x00,
    0x00, 0x00, 0x00, 0x00, 0x00, 0x00, 0x00, 0x00, 0x04, 0xFF, 0xFB, 0x00, 0x00, 0x00, 0x00, 0x00,
    0x00, 0x00, 0x00, 0x00, 0x00, 0x03, 0xEF, 0xB0, 0x00, 0x00, 0x00, 0x00, 0x00, 0x00, 0x00, 0x00,
    0x00, 0x00, 0x00, 0x4B, 0x10, 0x00, 0x00, 0x00, 0x00, 0x03, 0xFF, 0xA0, 0x00, 0x00, 0x00, 0x00,
    0x00, 0x03, 0xFF, 0xA0, 0x00, 0x00, 0x00, 0x00, 0x00, 0x03, 0xFF, 0xA0, 0x00, 0x00, 0x00, 0x00,
    0x00, 0x03, 0xFF, 0xA0, 0x00, 0x00, 0x00, 0x00, 0x00, 0x03, 0xFF, 0xA0, 0x00, 0x00, 0x00, 0x00,
    0x00, 0x03, 0xFF, 0xA0, 0x00, 0x00, 0x00, 0x00, 0x00, 0x03, 0xFF, 0xA0, 0x00, 0x00, 0x00, 0x00,
    0x00, 0x03, 0xFF, 0xA0, 0x00, 0x00, 0x00, 0x00, 0x00, 0x03, 0xFF, 0xA0, 0x00, 0x00, 0x00, 0x00,
    0x00, 0x03, 0xFF, 0xA0, 0x00, 0x00, 0x00, 0x00, 0x00, 0x03, 0xFF, 0xA0, 0x00, 0x00, 0x00, 0x00,
    0x00, 0x03, 0xFF, 0xA0, 0x00, 0x00, 0x00, 0x00, 0x00, 0x03, 0xFF, 0xA0, 0x00, 0x00, 0x00, 0x00,
    0x00, 0x03, 0xFF, 0xA0, 0x00, 0x00, 0x00, 0x00, 0x00, 0x03, 0xFF, 0xA0, 0x00, 0x00, 0x00, 0x00,
    0x00, 0x03, 0xFF, 0xA0, 0x00, 0x00, 0x00, 0x08, 0x60, 0x03, 0xFF, 0xA0, 0x01, 0xB2, 0x00, 0x8F,
    0xF6, 0x03, 0xFF, 0xA0, 0x1D, 0xFD, 0x20, 0x9F, 0xFF, 0x63, 0xFF, 0xA1, 0xDF, 0xFE, 0x20, 0x0A,
    0xFF, 0xF9, 0xFF, 0xBD, 0xFF, 0xE3, 0x00, 0x00, 0xAF, 0xFF, 0xFF, 0xFF, 0xFE, 0x30, 0x00, 0x00,
    0x0B, 0xFF, 0xFF, 0xFF, 0xF4, 0x00, 0x00, 0x00, 0x01, 0xCF, 0xFF, 0xFF, 0x50, 0x00, 0x00, 0x00,
    0x00, 0x1C, 0xFF, 0xF6, 0x00, 0x00, 0x00, 0x00, 0x00, 0x02, 0xDF, 0x70, 0x00, 0x00, 0x00,
};

static const gfx_glyph_t s_glyphs[] = {
    { 0x0020, 0, 0, 0, 0, 0, 11 },
    { 0x0021, 0, 4, 25, 5, -25, 14 },
    { 0x0022, 50, 10, 9, 3, -25, 16 },
    { 0x0023, 95, 24, 25, 2, -25, 28 },
    { 0x0024, 395, 17, 31, 2, -26, 22 },
    { 0x0025, 674, 30, 25, 1, -25, 32 },
    { 0x0026, 1049, 24, 25, 2, -25, 27 },
    { 0x0027, 1349, 4, 9, 3, -25, 9 },
    { 0x0028, 1367, 9, 30, 2, -26, 13 },
    { 0x0029, 1517, 9, 30, 2, -26, 13 },
    { 0x002A, 1667, 15, 16, 1, -25, 17 },
    { 0x002B, 1795, 22, 21, 3, -21, 28 },
    { 0x002C, 2026, 6, 8, 2, -4, 11 },
    { 0x002D, 2050, 10, 3, 1, -11, 12 },
    { 0x002E, 2065, 5, 4, 3, -4, 11 },
    { 0x002F, 2077, 12, 28, 0, -25, 11 },
    { 0x0030, 2245, 18, 25, 2, -25, 22 },
    { 0x0031, 2470, 16, 25, 3, -25, 22 },
    { 0x0032, 2670, 17, 25, 2, -25, 22 },
    { 0x0033, 2895, 17, 25, 2, -25, 22 },
    { 0x0034, 3120, 19, 25, 1, -25, 22 },
    { 0x0035, 3370, 17, 25, 2, -25, 22 },
    { 0x0036, 3595, 18, 25, 2, -25, 22 },
    { 0x0037, 3820, 17, 25, 2, -25, 22 },
    { 0x0038, 4045, 18, 25, 2, -25, 22 },
    { 0x0039, 4270, 18, 25, 2, -25, 22 },
    { 0x003A, 4495, 4, 18, 4, -18, 11 },
    { 0x003B, 4531, 6, 22, 2, -18, 11 },
    { 0x003C, 4597, 22, 18, 3, -20, 28 },
    { 0x003D, 4795, 22, 10, 3, -16, 28 },
    { 0x003E, 4905, 22, 18, 3, -20, 28 },
    { 0x003F, 5103, 14, 25, 2, -25, 18 },
    { 0x0040, 5278, 30, 30, 2, -24, 34 },
    { 0x0041, 5728, 23, 25, 0, -25, 23 },
    { 0x0042, 6028, 18, 25, 3, -25, 23 },
    { 0x0043, 6253, 21, 25, 1, -25, 24 },
    { 0x0044, 6528, 22, 25, 3, -25, 26 },
    { 0x0045, 6803, 17, 25, 3, -25, 21 },
    { 0x0046, 7028, 15, 25, 3, -25, 20 },
    { 0x0047, 7228, 23, 25, 1, -25, 26 },
    { 0x0048, 7528, 20, 25, 3, -25, 26 },
    { 0x0049, 7778, 4, 25, 3, -25, 10 },
    { 0x004A, 7828, 9, 32, -2, -25, 10 },
    { 0x004B, 7988, 20, 25, 3, -25, 22 },
    { 0x004C, 8238, 16, 25, 3, -25, 19 },
    { 0x004D, 8438, 23, 25, 3, -25, 29 },
    { 0x004E, 8738, 20, 25, 3, -25, 25 },
    { 0x004F, 8988, 24, 25, 1, -25, 27 },
    { 0x0050, 9288, 17, 25, 3, -25, 21 },
    { 0x0051, 9513, 24, 29, 1, -25, 27 },
    { 0x0052, 9861, 20, 25, 3, -25, 24 },
    { 0x0053, 10111, 18, 25, 2, -25, 22 },
    { 0x0054, 10336, 22, 25, -1, -25, 21 },
    { 0x0055, 10611, 20, 25, 2, -25, 25 },
    { 0x0056, 10861, 23, 25, 0, -25, 23 },
    { 0x0057, 11161, 32, 25, 1, -25, 34 },
    { 0x0058, 11561, 22, 25, 1, -25, 23 },
    { 0x0059, 11836, 21, 25, 0, -25, 21 },
    { 0x005A, 12111, 21, 25, 1, -25, 23 },
    { 0x005B, 12386, 8, 30, 2, -26, 13 },
    { 0x005C, 12506, 12, 28, 0, -25, 11 },
    { 0x005D, 12674, 8, 30, 3, -26, 13 },
    { 0x005E, 12794, 22, 9, 3, -25, 28 },
    { 0x005F, 12893, 19, 3, -1, 5, 17 },
    { 0x0060, 12923, 8, 6, 3, -27, 17 },
    { 0x0061, 12947, 16, 19, 2, -19, 21 },
    { 0x0062, 13099, 17, 26, 3, -26, 22 },
    { 0x0063, 13333, 16, 19, 1, -19, 19 },
    { 0x0064, 13485, 18, 26, 1, -26, 22 },
    { 0x0065, 13719, 19, 19, 1, -19, 21 },
    { 0x0066, 13909, 13, 26, 0, -26, 12 },
    { 0x0067, 14091, 18, 26, 1, -19, 22 },
    { 0x0068, 14325, 16, 26, 3, -26, 22 },
    { 0x0069, 14533, 4, 26, 3, -26, 9 },
    { 0x006A, 14585, 8, 33, -1, -26, 9 },
    { 0x006B, 14717, 17, 26, 3, -26, 20 },
    { 0x006C, 14951, 4, 26, 3, -26, 9 },
    { 0x006D, 15003, 28, 19, 3, -19, 33 },
    { 0x006E, 15269, 16, 19, 3, -19, 22 },
    { 0x006F, 15421, 18, 19, 1, -19, 21 },
    { 0x0070, 15592, 17, 26, 3, -19, 22 },
    { 0x0071, 15826, 18, 26, 1, -19, 22 },
    { 0x0072, 16060, 11, 19, 3, -19, 14 },
    { 0x0073, 16174, 15, 19, 1, -19, 18 },
    { 0x0074, 16326, 13, 24, 0, -24, 13 },
    { 0x0075, 16494, 17, 19, 2, -19, 22 },
    { 0x0076, 16665, 18, 19, 1, -19, 20 },
    { 0x0077, 16836, 26, 19, 1, -19, 28 },
    { 0x0078, 17083, 18, 19, 1, -19, 20 },
    { 0x0079, 17254, 18, 26, 1, -19, 20 },
    { 0x007A, 17488, 16, 19, 1, -19, 18 },
    { 0x007B, 17640, 14, 31, 4, -26, 22 },
    { 0x007C, 17857, 4, 34, 4, -26, 11 },
    { 0x007D, 17925, 14, 31, 4, -26, 22 },
    { 0x007E, 18142, 22, 7, 3, -14, 28 },
    { 0x00A0, 18219, 0, 0, 0, 0, 11 },
    { 0x00A1, 18219, 4, 25, 5, -19, 14 },
    { 0x00A2, 18269, 16, 29, 2, -24, 22 },
    { 0x00A3, 18501, 17, 25, 2, -25, 22 },
    { 0x00A4, 18726, 19, 18, 1, -20, 22 },
    { 0x00A5, 18906, 20, 25, 1, -25, 22 },
    { 0x00A6, 19156, 4, 30, 4, -24, 11 },
    { 0x00A7, 19216, 15, 28, 1, -25, 17 },
    { 0x00A8, 19440, 11, 3, 3, -26, 17 },
    { 0x00A9, 19458, 26, 25, 4, -25, 34 },
    { 0x00AA, 19783, 13, 18, 1, -25, 16 },
    { 0x00AB, 19909, 16, 15, 2, -18, 21 },
    { 0x00AC, 20029, 22, 10, 3, -14, 28 },
    { 0x00AD, 20139, 10, 3, 1, -11, 12 },
    { 0x00AE, 20154, 26, 25, 4, -25, 34 },
    { 0x00AF, 20479, 11, 3, 3, -25, 17 },
    { 0x00B0, 20497, 11, 11, 3, -25, 17 },
    { 0x00B1, 20563, 22, 21, 3, -21, 28 },
    { 0x00B2, 20794, 11, 14, 1, -25, 14 },
    { 0x00B3, 20878, 11, 14, 1, -25, 14 },
    { 0x00B4, 20962, 8, 6, 6, -27, 17 },
    { 0x00B5, 20986, 19, 26, 2, -19, 22 },
    { 0x00B6, 21246, 16, 28, 2, -25, 22 },
    { 0x00B7, 21470, 5, 4, 3, -14, 11 },
    { 0x00B8, 21482, 8, 7, 4, 0, 17 },
    { 0x00B9, 21510, 10, 14, 2, -25, 14 },
    { 0x00BA, 21580, 14, 18, 1, -25, 16 },
    { 0x00BB, 21706, 16, 15, 3, -18, 21 },
    { 0x00BC, 21826, 30, 25, 2, -25, 33 },
    { 0x00BD, 22201, 29, 25, 2, -25, 33 },
    { 0x00BE, 22576, 31, 25, 1, -25, 33 },
    { 0x00BF, 22976, 14, 26, 2, -19, 18 },
    { 0x00C0, 23158, 23, 31, 0, -31, 23 },
    { 0x00C1, 23530, 23, 31, 0, -31, 23 },
    { 0x00C2, 23902, 23, 31, 0, -31, 23 },
    { 0x00C3, 24274, 23, 31, 0, -31, 23 },
    { 0x00C4, 24646, 23, 30, 0, -30, 23 },
    { 0x00C5, 25006, 23, 32, 0, -32, 23 },
    { 0x00C6, 25390, 31, 25, 0, -25, 33 },
    { 0x00C7, 25790, 21, 32, 1, -25, 24 },
    { 0x00C8, 26142, 17, 31, 3, -31, 21 },
    { 0x00C9, 26421, 17, 31, 3, -31, 21 },
    { 0x00CA, 26700, 17, 31, 3, -31, 21 },
    { 0x00CB, 26979, 17, 30, 3, -30, 21 },
    { 0x00CC, 27249, 7, 31, 1, -31, 10 },
    { 0x00CD, 27373, 7, 31, 2, -31, 10 },
    { 0x00CE, 27497, 10, 31, 0, -31, 10 },
    { 0x00CF, 27652, 10, 30, 0, -30, 10 },
    { 0x00D0, 27802, 25, 25, 0, -25, 26 },
    { 0x00D1, 28127, 20, 31, 3, -31, 25 },
    { 0x00D2, 28437, 24, 31, 1, -31, 27 },
    { 0x00D3, 28809, 24, 31, 1, -31, 27 },
    { 0x00D4, 29181, 24, 31, 1, -31, 27 },
    { 0x00D5, 29553, 24, 31, 1, -31, 27 },
    { 0x00D6, 29925, 24, 30, 1, -30, 27 },
    { 0x00D7, 30285, 20, 19, 4, -20, 28 },
    { 0x00D8, 30475, 24, 27, 1, -26, 27 },
    { 0x00D9, 30799, 20, 31, 2, -31, 25 },
    { 0x00DA, 31109, 20, 31, 2, -31, 25 },
    { 0x00DB, 31419, 20, 31, 2, -31, 25 },
    { 0x00DC, 31729, 20, 30, 2, -30, 25 },
    { 0x00DD, 32029, 21, 31, 0, -31, 21 },
    { 0x00DE, 32370, 17, 25, 3, -25, 21 },
    { 0x00DF, 32595, 17, 26, 3, -26, 21 },
    { 0x00E0, 32829, 16, 27, 2, -27, 21 },
    { 0x00E1, 33045, 16, 27, 2, -27, 21 },
    { 0x00E2, 33261, 16, 27, 2, -27, 21 },
    { 0x00E3, 33477, 16, 26, 2, -26, 21 },
    { 0x00E4, 33685, 16, 26, 2, -26, 21 },
    { 0x00E5, 33893, 16, 30, 2, -30, 21 },
    { 0x00E6, 34133, 30, 19, 2, -19, 33 },
    { 0x00E7, 34418, 16, 26, 1, -19, 19 },
    { 0x00E8, 34626, 19, 27, 1, -27, 21 },
    { 0x00E9, 34896, 19, 27, 1, -27, 21 },
    { 0x00EA, 35166, 19, 27, 1, -27, 21 },
    { 0x00EB, 35436, 19, 26, 1, -26, 21 },
    { 0x00EC, 35696, 8, 27, -1, -27, 9 },
    { 0x00ED, 35804, 9, 27, 2, -27, 9 },
    { 0x00EE, 35939, 11, 27, -1, -27, 9 },
    { 0x00EF, 36101, 11, 26, -1, -26, 9 },
    { 0x00F0, 36257, 18, 26, 1, -26, 21 },
    { 0x00F1, 36491, 16, 26, 3, -26, 22 },
    { 0x00F2, 36699, 18, 27, 1, -27, 21 },
    { 0x00F3, 36942, 18, 27, 1, -27, 21 },
    { 0x00F4, 37185, 18, 27, 1, -27, 21 },
    { 0x00F5, 37428, 18, 26, 1, -26, 21 },
    { 0x00F6, 37662, 18, 26, 1, -26, 21 },
    { 0x00F7, 37896, 22, 17, 3, -19, 28 },
    { 0x00F8, 38083, 19, 21, 1, -20, 21 },
    { 0x00F9, 38293, 17, 27, 2, -27, 22 },
    { 0x00FA, 38536, 17, 27, 2, -27, 22 },
    { 0x00FB, 38779, 17, 27, 2, -27, 22 },
    { 0x00FC, 39022, 17, 26, 2, -26, 22 },
    { 0x00FD, 39256, 18, 34, 1, -27, 20 },
    { 0x00FE, 39562, 17, 33, 3, -26, 22 },
    { 0x00FF, 39859, 18, 33, 1, -26, 20 },
    { 0x0100, 40156, 23, 30, 0, -30, 23 },
    { 0x0101, 40516, 16, 25, 2, -25, 21 },
    { 0x0102, 40716, 23, 32, 0, -32, 23 },
    { 0x0103, 41100, 16, 26, 2, -26, 21 },
    { 0x0104, 41308, 24, 32, 0, -25, 23 },
    { 0x0105, 41692, 18, 26, 2, -19, 21 },
    { 0x0106, 41926, 21, 31, 1, -31, 24 },
    { 0x0107, 42267, 16, 27, 1, -27, 19 },
    { 0x0108, 42483, 21, 31, 1, -31, 24 },
    { 0x0109, 42824, 16, 27, 1, -27, 19 },
    { 0x010A, 43040, 21, 30, 1, -30, 24 },
    { 0x010B, 43370, 16, 26, 1, -26, 19 },
    { 0x010C, 43578, 21, 31, 1, -31, 24 },
    { 0x010D, 43919, 16, 27, 1, -27, 19 },
    { 0x010E, 44135, 22, 31, 3, -31, 26 },
    { 0x010F, 44476, 24, 26, 1, -26, 22 },
    { 0x0110, 44788, 25, 25, 0, -25, 26 },
    { 0x0111, 45113, 21, 26, 1, -26, 22 },
    { 0x0112, 45399, 17, 30, 3, -30, 21 },
    { 0x0113, 45669, 19, 25, 1, -25, 21 },
    { 0x0114, 45919, 17, 31, 3, -31, 21 },
    { 0x0115, 46198, 19, 27, 1, -27, 21 },
    { 0x0116, 46468, 17, 30, 3, -30, 21 },
    { 0x0117, 46738, 19, 26, 1, -26, 21 },
    { 0x0118, 46998, 17, 32, 3, -25, 21 },
    { 0x0119, 47286, 19, 26, 1, -19, 21 },
    { 0x011A, 47546, 17, 31, 3, -31, 21 },
    { 0x011B, 47825, 19, 27, 1, -27, 21 },
    { 0x011C, 48095, 23, 31, 1, -31, 26 },
    { 0x011D, 48467, 18, 34, 1, -27, 22 },
    { 0x011E, 48773, 23, 31, 1, -31, 26 },
    { 0x011F, 49145, 18, 34, 1, -27, 22 },
    { 0x0120, 49451, 23, 30, 1, -30, 26 },
    { 0x0121, 49811, 18, 33, 1, -26, 22 },
    { 0x0122, 50108, 23, 33, 1, -25, 26 },
    { 0x0123, 50504, 18, 33, 1, -26, 22 },
    { 0x0124, 50801, 20, 31, 3, -31, 26 },
    { 0x0125, 51111, 20, 31, -1, -31, 22 },
    { 0x0126, 51421, 25, 25, 3, -25, 31 },
    { 0x0127, 51746, 18, 26, 2, -26, 24 },
    { 0x0128, 51980, 12, 31, -1, -31, 10 },
    { 0x0129, 52166, 12, 26, -1, -26, 9 },
    { 0x012A, 52322, 10, 30, 0, -30, 10 },
    { 0x012B, 52472, 11, 25, -1, -25, 9 },
    { 0x012C, 52622, 12, 31, -1, -31, 10 },
    { 0x012D, 52808, 11, 27, -1, -27, 9 },
    { 0x012E, 52970, 8, 32, 2, -25, 10 },
    { 0x012F, 53098, 7, 33, 2, -26, 9 },
    { 0x0130, 53230, 4, 30, 3, -30, 10 },
    { 0x0131, 53290, 4, 19, 3, -19, 9 },
    { 0x0132, 53328, 14, 32, 3, -25, 20 },
    { 0x0133, 53552, 13, 33, 3, -26, 19 },
    { 0x0134, 53783, 12, 38, -2, -31, 10 },
    { 0x0135, 54011, 11, 34, -1, -27, 9 },
    { 0x0136, 54215, 20, 33, 3, -25, 22 },
    { 0x0137, 54545, 17, 34, 3, -26, 20 },
    { 0x0138, 54851, 17, 19, 3, -19, 20 },
    { 0x0139, 55022, 16, 31, 3, -31, 19 },
    { 0x013A, 55270, 7, 31, 3, -31, 9 },
    { 0x013B, 55394, 16, 33, 3, -25, 19 },
    { 0x013C, 55658, 5, 34, 2, -26, 9 },
    { 0x013D, 55760, 16, 25, 3, -25, 19 },
    { 0x013E, 55960, 10, 26, 3, -26, 13 },
    { 0x013F, 56090, 16, 25, 3, -25, 19 },
    { 0x0140, 56290, 8, 26, 3, -26, 12 },
    { 0x0141, 56394, 20, 25, -1, -25, 19 },
    { 0x0142, 56644, 10, 26, 0, -26, 10 },
    { 0x0143, 56774, 20, 31, 3, -31, 25 },
    { 0x0144, 57084, 16, 27, 3, -27, 22 },
    { 0x0145, 57300, 20, 33, 3, -25, 25 },
    { 0x0146, 57630, 16, 27, 3, -19, 22 },
    { 0x0147, 57846, 20, 31, 3, -31, 25 },
    { 0x0148, 58156, 16, 27, 3, -27, 22 },
    { 0x0149, 58372, 22, 25, 3, -25, 28 },
    { 0x014A, 58647, 19, 32, 3, -25, 25 },
    { 0x014B, 58967, 16, 26, 3, -19, 22 },
    { 0x014C, 59175, 24, 30, 1, -30, 27 },
    { 0x014D, 59535, 18, 25, 1, -25, 21 },
    { 0x014E, 59760, 24, 31, 1, -31, 27 },
    { 0x014F, 60132, 18, 27, 1, -27, 21 },
    { 0x0150, 60375, 24, 31, 1, -31, 27 },
    { 0x0151, 60747, 18, 27, 1, -27, 21 },
    { 0x0152, 60990, 34, 25, 1, -25, 36 },
    { 0x0153, 61415, 32, 19, 1, -19, 35 },
    { 0x0154, 61719, 20, 31, 3, -31, 24 },
    { 0x0155, 62029, 12, 27, 3, -27, 14 },
    { 0x0156, 62191, 20, 33, 3, -25, 24 },
    { 0x0157, 62521, 12, 27, 2, -19, 14 },
    { 0x0158, 62683, 20, 31, 3, -31, 24 },
    { 0x0159, 62993, 12, 27, 3, -27, 14 },
    { 0x015A, 63155, 18, 31, 2, -31, 22 },
    { 0x015B, 63434, 15, 27, 1, -27, 18 },
    { 0x015C, 63650, 18, 31, 2, -31, 22 },
    { 0x015D, 63929, 15, 27, 1, -27, 18 },
    { 0x015E, 64145, 18, 32, 2, -25, 22 },
    { 0x015F, 64433, 15, 26, 1, -19, 18 },
    { 0x0160, 64641, 18, 31, 2, -31, 22 },
    { 0x0161, 64920, 15, 27, 1, -27, 18 },
    { 0x0162, 65136, 22, 32, -1, -25, 21 },
    { 0x0163, 65488, 13, 31, 0, -24, 13 },
    { 0x0164, 65705, 22, 31, -1, -31, 21 },
    { 0x0165, 66046, 13, 28, 0, -28, 13 },
    { 0x0166, 66242, 22, 25, -1, -25, 21 },
    { 0x0167, 66517, 13, 24, 0, -24, 13 },
    { 0x0168, 66685, 20, 31, 2, -31, 25 },
    { 0x0169, 66995, 17, 26, 2, -26, 22 },
    { 0x016A, 67229, 20, 30, 2, -30, 25 },
    { 0x016B, 67529, 17, 25, 2, -25, 22 },
    { 0x016C, 67754, 20, 31, 2, -31, 25 },
    { 0x016D, 68064, 17, 27, 2, -27, 22 },
    { 0x016E, 68307, 20, 32, 2, -32, 25 },
    { 0x016F, 68627, 17, 29, 2, -29, 22 },
    { 0x0170, 68888, 20, 31, 2, -31, 25 },
    { 0x0171, 69198, 17, 27, 2, -27, 22 },
    { 0x0172, 69441, 20, 32, 2, -25, 25 },
    { 0x0173, 69761, 19, 26, 2, -19, 22 },
    { 0x0174, 70021, 32, 31, 1, -31, 34 },
    { 0x0175, 70517, 26, 27, 1, -27, 28 },
    { 0x0176, 70868, 21, 31, 0, -31, 21 },
    { 0x0177, 71209, 18, 34, 1, -27, 20 },
    { 0x0178, 71515, 21, 30, 0, -30, 21 },
    { 0x0179, 71845, 21, 31, 1, -31, 23 },
    { 0x017A, 72186, 16, 27, 1, -27, 18 },
    { 0x017B, 72402, 21, 30, 1, -30, 23 },
    { 0x017C, 72732, 16, 26, 1, -26, 18 },
    { 0x017D, 72940, 21, 31, 1, -31, 23 },
    { 0x017E, 73281, 16, 27, 1, -27, 18 },
    { 0x017F, 73497, 13, 26, 0, -26, 12 },
    { 0x2013, 73679, 15, 3, 1, -11, 17 },
    { 0x2014, 73703, 32, 3, 1, -11, 34 },
    { 0x2026, 73751, 28, 4, 3, -4, 34 },
    { 0x20AC, 73807, 20, 25, 0, -25, 22 },
    { 0x2190, 74057, 26, 15, 1, -18, 28 },
    { 0x2191, 74252, 15, 25, 7, -25, 28 },
    { 0x2192, 74452, 26, 15, 1, -18, 28 },
    { 0x2193, 74647, 15, 25, 7, -25, 28 },
};

const gfx_font_t gfx_font_t5_sans_34 = { s_bitmap, s_glyphs, 327, 32, 41, 4 };
