/* Generated by tools/fontgen.py from DejaVuSans-Bold.ttf at 26 px, 4-bit coverage. Do not edit; run tools/gen_fonts.sh. */
/* Font licence: assets/fonts/LICENSE-DejaVu.txt (it also covers these bitmaps). */
#include "gfx_font.h"

static const uint8_t s_bitmap[] = {
    0x5F, 0xFF, 0xF3, 0x5F, 0xFF, 0xF3, 0x5F, 0xFF, 0xF3, 0x5F, 0xFF, 0xF3, 0x5F, 0xFF, 0xF3, 0x5F,
    0xFF, 0xF3, 0x5F, 0xFF, 0xF3, 0x4F, 0xFF, 0xF2, 0x2F, 0xFF, 0xF0, 0x0F, 0xFF, 0xD0, 0x0E, 0xFF,
    0xB0, 0x0C, 0xFF, 0x90, 0x00, 0x00, 0x00, 0x00, 0x00, 0x00, 0x5F, 0xFF, 0xF3, 0x5F, 0xFF, 0xF3,
    0x5F, 0xFF, 0xF3, 0x5F, 0xFF, 0xF3, 0x5F, 0xFF, 0xF3, 0x8F, 0xF7, 0x00, 0xEF, 0xF1, 0x8F, 0xF7,
    0x00, 0xEF, 0xF1, 0x8F, 0xF7, 0x00, 0xEF, 0xF1, 0x8F, 0xF7, 0x00, 0xEF, 0xF1, 0x8F, 0xF7, 0x00,
    0xEF, 0xF1, 0x8F, 0xF7, 0x00, 0xEF, 0xF1, 0x8F, 0xF7, 0x00, 0xEF, 0xF1, 0x00, 0x00, 0x00, 0x06,
    0xFF, 0x70, 0x03, 0xFF, 0x90, 0x00, 0x00, 0x00, 0x00, 0x0A, 0xFF, 0x30, 0x07, 0xFF, 0x50, 0x00,
    0x00, 0x00, 0x00, 0x0D, 0xFE, 0x00, 0x0A, 0xFF, 0x20, 0x00, 0x00, 0x00, 0x00, 0x2F, 0xFB, 0x00,
    0x0E, 0xFD, 0x00, 0x00, 0x00, 0x00, 0x00, 0x5F, 0xF7, 0x00, 0x3F, 0xF9, 0x00, 0x00, 0x00, 0xCF,
    0xFF, 0xFF, 0xFF, 0xFF, 0xFF, 0xFF, 0xFF, 0xF0, 0x00, 0xCF, 0xFF, 0xFF, 0xFF, 0xFF, 0xFF, 0xFF,
    0xFF, 0xF0, 0x00, 0xCF, 0xFF, 0xFF, 0xFF, 0xFF, 0xFF, 0xFF, 0xFF, 0xF0, 0x00, 0x00, 0x05, 0xFF,
    0x80, 0x02, 0xFF, 0xA0, 0x00, 0x00, 0x00, 0x00, 0x0A, 0xFF, 0x30, 0x07, 0xFF, 0x60, 0x00, 0x00,
    0x00, 0x00, 0x0E, 0xFE, 0x00, 0x0B, 0xFF, 0x20, 0x00, 0x00, 0x4F, 0xFF, 0xFF, 0xFF, 0xFF, 0xFF,
    0xFF, 0xFF, 0xF8, 0x00, 0x4F, 0xFF, 0xFF, 0xFF, 0xFF, 0xFF, 0xFF, 0xFF, 0xF8, 0x00, 0x4F, 0xFF,
    0xFF, 0xFF, 0xFF, 0xFF, 0xFF, 0xFF, 0xF8, 0x00, 0x00, 0x00, 0xCF, 0xF1, 0x00, 0xAF, 0xF3, 0x00,
    0x00, 0x00, 0x00, 0x01, 0xFF, 0xC0, 0x00, 0xDF, 0xE0, 0x00, 0x00, 0x00, 0x00, 0x04, 0xFF, 0x80,
    0x02, 0xFF, 0xA0, 0x00, 0x00, 0x00, 0x00, 0x08, 0xFF, 0x40, 0x06, 0xFF, 0x70, 0x00, 0x00, 0x00,
    0x00, 0x0C, 0xFF, 0x10, 0x09, 0xFF, 0x30, 0x00, 0x00, 0x00, 0x00, 0x00, 0x00, 0xFF, 0x10, 0x00,
    0x00, 0x00, 0x00, 0x00, 0x00, 0xFF, 0x10, 0x00, 0x00, 0x00, 0x00, 0x00, 0x00, 0xFF, 0x10, 0x00,
    0x00, 0x00, 0x00, 0x27, 0xBD, 0xFF, 0xEC, 0xA6, 0x30, 0x00, 0x06, 0xEF, 0xFF, 0xFF, 0xFF, 0xFF,
    0xF3, 0x00, 0x4F, 0xFF, 0xFF, 0xFF, 0xFF, 0xFF, 0xF3, 0x00, 0xBF, 0xFF, 0xA2, 0xFF, 0x22, 0x48,
    0xC3, 0x00, 0xEF, 0xFF, 0x20, 0xFF, 0x10, 0x00, 0x00, 0x00, 0xEF, 0xFF, 0x60, 0xFF, 0x10, 0x00,
    0x00, 0x00, 0xCF, 0xFF, 0xFC, 0xFF, 0x51, 0x00, 0x00, 0x00, 0x7F, 0xFF, 0xFF, 0xFF, 0xFF, 0xC7,
    0x10, 0x00, 0x0B, 0xFF, 0xFF, 0xFF, 0xFF, 0xFF, 0xD2, 0x00, 0x00, 0x6C, 0xFF, 0xFF, 0xFF, 0xFF,
    0xFC, 0x00, 0x00, 0x00, 0x25, 0xFF, 0xEF, 0xFF, 0xFF, 0x20, 0x00, 0x00, 0x00, 0xFF, 0x13, 0xEF,
    0xFF, 0x40, 0x00, 0x00, 0x00, 0xFF, 0x10, 0xBF, 0xFF, 0x40, 0xC9, 0x53, 0x10, 0xFF, 0x24, 0xEF,
    0xFF, 0x20, 0xEF, 0xFF, 0xFF, 0xFF, 0xFF, 0xFF, 0xFA, 0x00, 0xEF, 0xFF, 0xFF, 0xFF, 0xFF, 0xFF,
    0xB1, 0x00, 0x25, 0x9B, 0xDE, 0xFF, 0xEC, 0x94, 0x00, 0x00, 0x00, 0x00, 0x00, 0xFF, 0x10, 0x00,
    0x00, 0x00, 0x00, 0x00, 0x00, 0xFF, 0x10, 0x00, 0x00, 0x00, 0x00, 0x00, 0x00, 0xFF, 0x10, 0x00,
    0x00, 0x00, 0x00, 0x00, 0x00, 0xFF, 0x10, 0x00, 0x00, 0x00, 0x00, 0x18, 0xDF, 0xEC, 0x60, 0x00,
    0x00, 0x00, 0x0B, 0xFE, 0x20, 0x00, 0x00, 0x01, 0xDF, 0xFF, 0xFF, 0xFA, 0x00, 0x00, 0x00, 0x6F,
    0xF6, 0x00, 0x00, 0x00, 0x09, 0xFF, 0xB2, 0x3D, 0xFF, 0x60, 0x00, 0x01, 0xEF, 0xC0, 0x00, 0x00,
    0x00, 0x0E, 0xFF, 0x30, 0x06, 0xFF, 0xC0, 0x00, 0x0A, 0xFF, 0x30, 0x00, 0x00, 0x00, 0x2F, 0xFF,
    0x10, 0x04, 0xFF, 0xE0, 0x00, 0x4F, 0xF8, 0x00, 0x00, 0x00, 0x00, 0x2F, 0xFF, 0x10, 0x04, 0xFF,
    0xE0, 0x00, 0xDF, 0xD1, 0x00, 0x00, 0x00, 0x00, 0x0E, 0xFF, 0x30, 0x06, 0xFF, 0xC0, 0x08, 0xFF,
    0x50, 0x00, 0x00, 0x00, 0x00, 0x09, 0xFF, 0xB2, 0x3D, 0xFF, 0x60, 0x2F, 0xFA, 0x00, 0x00, 0x00,
    0x00, 0x00, 0x01, 0xDF, 0xFF, 0xFF, 0xFA, 0x00, 0xBF, 0xE2, 0x00, 0x00, 0x00, 0x00, 0x00, 0x00,
    0x18, 0xDF, 0xEC, 0x60, 0x06, 0xFF, 0x60, 0x06, 0xCE, 0xFD, 0x81, 0x00, 0x00, 0x00, 0x00, 0x00,
    0x00, 0x1E, 0xFC, 0x00, 0xAF, 0xFF, 0xFF, 0xFD, 0x10, 0x00, 0x00, 0x00, 0x00, 0x00, 0x9F, 0xF3,
    0x06, 0xFF, 0xE3, 0x1B, 0xFF, 0xA0, 0x00, 0x00, 0x00, 0x00, 0x04, 0xFF, 0x80, 0x0B, 0xFF, 0x70,
    0x03, 0xFF, 0xF1, 0x00, 0x00, 0x00, 0x00, 0x0D, 0xFD, 0x10, 0x0E, 0xFF, 0x40, 0x00, 0xFF, 0xF3,
    0x00, 0x00, 0x00, 0x00, 0x7F, 0xF5, 0x00, 0x0E, 0xFF, 0x40, 0x00, 0xFF, 0xF3, 0x00, 0x00, 0x00,
    0x02, 0xFF, 0xA0, 0x00, 0x0B, 0xFF, 0x70, 0x03, 0xFF, 0xF1, 0x00, 0x00, 0x00, 0x0B, 0xFE, 0x20,
    0x00, 0x06, 0xFF, 0xD3, 0x1B, 0xFF, 0xA0, 0x00, 0x00, 0x00, 0x5F, 0xF7, 0x00, 0x00, 0x00, 0xAF,
    0xFF, 0xFF, 0xFD, 0x10, 0x00, 0x00, 0x01, 0xEF, 0xC0, 0x00, 0x00, 0x00, 0x06, 0xCE, 0xFD, 0x81,
    0x00, 0x00, 0x00, 0x01, 0x8C, 0xEF, 0xDB, 0x83, 0x00, 0x00, 0x00, 0x00, 0x00, 0x00, 0x4E, 0xFF,
    0xFF, 0xFF, 0xFF, 0x50, 0x00, 0x00, 0x00, 0x00, 0x01, 0xEF, 0xFF, 0xFF, 0xFF, 0xFF, 0x50, 0x00,
    0x00, 0x00, 0x00, 0x07, 0xFF, 0xFF, 0x71, 0x15, 0xBF, 0x50, 0x00, 0x00, 0x00, 0x00, 0x09, 0xFF,
    0xFE, 0x00, 0x00, 0x06, 0x40, 0x00, 0x00, 0x00, 0x00, 0x07, 0xFF, 0xFF, 0x30, 0x00, 0x00, 0x00,
    0x00, 0x00, 0x00, 0x00, 0x03, 0xFF, 0xFF, 0xB0, 0x00, 0x00, 0x00, 0x00, 0x00, 0x00, 0x00, 0x01,
    0xCF, 0xFF, 0xF9, 0x00, 0x00, 0x00, 0x00, 0x00, 0x00, 0x00, 0x2D, 0xFF, 0xFF, 0xFF, 0x90, 0x00,
    0x04, 0xFF, 0xFA, 0x00, 0x02, 0xEF, 0xFF, 0xFF, 0xFF, 0xF9, 0x00, 0x06, 0xFF, 0xF7, 0x00, 0x0B,
    0xFF, 0xFC, 0x1B, 0xFF, 0xFF, 0x90, 0x0B, 0xFF, 0xF4, 0x00, 0x3F, 0xFF, 0xF3, 0x00, 0xBF, 0xFF,
    0xF9, 0x3F, 0xFF, 0xE0, 0x00, 0x5F, 0xFF, 0xF0, 0x00, 0x1C, 0xFF, 0xFF, 0xEF, 0xFF, 0x80, 0x00,
    0x6F, 0xFF, 0xF1, 0x00, 0x01, 0xCF, 0xFF, 0xFF, 0xFD, 0x10, 0x00, 0x4F, 0xFF, 0xF9, 0x00, 0x00,
    0x1D, 0xFF, 0xFF, 0xF3, 0x00, 0x00, 0x0D, 0xFF, 0xFF, 0xA3, 0x12, 0x6E, 0xFF, 0xFF, 0xF6, 0x00,
    0x00, 0x04, 0xFF, 0xFF, 0xFF, 0xFF, 0xFF, 0xFF, 0xFF, 0xFF, 0x50, 0x00, 0x00, 0x4D, 0xFF, 0xFF,
    0xFF, 0xFF, 0xFC, 0xEF, 0xFF, 0xF4, 0x00, 0x00, 0x01, 0x6A, 0xDF, 0xFE, 0xC8, 0x30, 0x4F, 0xFF,
    0xFE, 0x30, 0x8F, 0xF7, 0x8F, 0xF7, 0x8F, 0xF7, 0x8F, 0xF7, 0x8F, 0xF7, 0x8F, 0xF7, 0x8F, 0xF7,
    0x00, 0x04, 0xFF, 0xF8, 0x00, 0x0C, 0xFF, 0xF2, 0x00, 0x5F, 0xFF, 0x90, 0x00, 0xDF, 0xFF, 0x30,
    0x04, 0xFF, 0xFC, 0x00, 0x0A, 0xFF, 0xF7, 0x00, 0x0E, 0xFF, 0xF3, 0x00, 0x3F, 0xFF, 0xF0, 0x00,
    0x7F, 0xFF, 0xC0, 0x00, 0x9F, 0xFF, 0xA0, 0x00, 0xAF, 0xFF, 0x90, 0x00, 0xBF, 0xFF, 0x80, 0x00,
    0xAF, 0xFF, 0x90, 0x00, 0x9F, 0xFF, 0xA0, 0x00, 0x7F, 0xFF, 0xC0, 0x00, 0x4F, 0xFF, 0xF0, 0x00,
    0x0E, 0xFF, 0xF3, 0x00, 0x0A, 0xFF, 0xF7, 0x00, 0x04, 0xFF, 0xFC, 0x00, 0x00, 0xDF, 0xFF, 0x30,
    0x00, 0x5F, 0xFF, 0x90, 0x00, 0x0C, 0xFF, 0xF1, 0x00, 0x04, 0xFF, 0xF8, 0xAF, 0xFF, 0x30, 0x00,
    0x3F, 0xFF, 0xB0, 0x00, 0x0B, 0xFF, 0xF4, 0x00, 0x05, 0xFF, 0xFB, 0x00, 0x00, 0xEF, 0xFF, 0x30,
    0x00, 0x9F, 0xFF, 0x80, 0x00, 0x5F, 0xFF, 0xD0, 0x00, 0x2F, 0xFF, 0xF2, 0x00, 0x0E, 0xFF, 0xF5,
    0x00, 0x0C, 0xFF, 0xF7, 0x00, 0x0B, 0xFF, 0xF9, 0x00, 0x0A, 0xFF, 0xFA, 0x00, 0x0B, 0xFF, 0xF9,
    0x00, 0x0C, 0xFF, 0xF7, 0x00, 0x0E, 0xFF, 0xF5, 0x00, 0x2F, 0xFF, 0xF2, 0x00, 0x5F, 0xFF, 0xD0,
    0x00, 0x9F, 0xFF, 0x80, 0x00, 0xEF, 0xFF, 0x30, 0x05, 0xFF, 0xFB, 0x00, 0x0B, 0xFF, 0xF4, 0x00,
    0x3F, 0xFF, 0xB0, 0x00, 0xAF, 0xFF, 0x30, 0x00, 0x00, 0x00, 0x04, 0xFD, 0x00, 0x00, 0x00, 0x00,
    0x00, 0x04, 0xFD, 0x00, 0x00, 0x00, 0x0B, 0x70, 0x04, 0xFD, 0x00, 0x2A, 0x60, 0x4F, 0xFD, 0x54,
    0xFD, 0x19, 0xFF, 0xD0, 0x05, 0xCF, 0xFE, 0xFF, 0xEF, 0xF9, 0x20, 0x00, 0x05, 0xDF, 0xFF, 0xFA,
    0x20, 0x00, 0x00, 0x05, 0xDF, 0xFF, 0xFA, 0x20, 0x00, 0x05, 0xCF, 0xFD, 0xFF, 0xEF, 0xF9, 0x20,
    0x4F, 0xFD, 0x54, 0xFD, 0x18, 0xFF, 0xD0, 0x0B, 0x70, 0x04, 0xFD, 0x00, 0x2A, 0x60, 0x00, 0x00,
    0x04, 0xFD, 0x00, 0x00, 0x00, 0x00, 0x00, 0x04, 0xFD, 0x00, 0x00, 0x00, 0x00, 0x00, 0x00, 0x09,
    0xFF, 0x60, 0x00, 0x00, 0x00, 0x00, 0x00, 0x00, 0x09, 0xFF, 0x60, 0x00, 0x00, 0x00, 0x00, 0x00,
    0x00, 0x09, 0xFF, 0x60, 0x00, 0x00, 0x00, 0x00, 0x00, 0x00, 0x09, 0xFF, 0x60, 0x00, 0x00, 0x00,
    0x00, 0x00, 0x00, 0x09, 0xFF, 0x60, 0x00, 0x00, 0x00, 0x00, 0x00, 0x00, 0x09, 0xFF, 0x60, 0x00,
    0x00, 0x00, 0x00, 0x00, 0x00, 0x09, 0xFF, 0x60, 0x00, 0x00, 0x00, 0x4F, 0xFF, 0xFF, 0xFF, 0xFF,
    0xFF, 0xFF, 0xFF, 0xF0, 0x4F, 0xFF, 0xFF, 0xFF, 0xFF, 0xFF, 0xFF, 0xFF, 0xF0, 0x4F, 0xFF, 0xFF,
    0xFF, 0xFF, 0xFF, 0xFF, 0xFF, 0xF0, 0x00, 0x00, 0x00, 0x09, 0xFF, 0x60, 0x00, 0x00, 0x00, 0x00,
    0x00, 0x00, 0x09, 0xFF, 0x60, 0x00, 0x00, 0x00, 0x00, 0x00, 0x00, 0x09, 0xFF, 0x60, 0x00, 0x00,
    0x00, 0x00, 0x00, 0x00, 0x09, 0xFF, 0x60, 0x00, 0x00, 0x00, 0x00, 0x00, 0x00, 0x09, 0xFF, 0x60,
    0x00, 0x00, 0x00, 0x00, 0x00, 0x00, 0x09, 0xFF, 0x60, 0x00, 0x00, 0x00, 0x00, 0x00, 0x00, 0x09,
    0xFF, 0x60, 0x00, 0x00, 0x00, 0x05, 0xFF, 0xFF, 0x30, 0x05, 0xFF, 0xFF, 0x30, 0x05, 0xFF, 0xFF,
    0x30, 0x05, 0xFF, 0xFF, 0x30, 0x07, 0xFF, 0xFD, 0x10, 0x0B, 0xFF, 0xF5, 0x00, 0x0E, 0xFF, 0xA0,
    0x00, 0x3F, 0xFE, 0x10, 0x00, 0x7F, 0xF6, 0x00, 0x00, 0x9F, 0xFF, 0xFF, 0xFF, 0x60, 0x9F, 0xFF,
    0xFF, 0xFF, 0x60, 0x9F, 0xFF, 0xFF, 0xFF, 0x60, 0x9F, 0xFF, 0xFF, 0xFF, 0x60, 0x5F, 0xFF, 0xF3,
    0x5F, 0xFF, 0xF3, 0x5F, 0xFF, 0xF3, 0x5F, 0xFF, 0xF3, 0x5F, 0xFF, 0xF3, 0x00, 0x00, 0x00, 0x7F,
    0xF5, 0x00, 0x00, 0x00, 0xCF, 0xF1, 0x00, 0x00, 0x02, 0xFF, 0xB0, 0x00, 0x00, 0x07, 0xFF, 0x60,
    0x00, 0x00, 0x0B, 0xFF, 0x10, 0x00, 0x00, 0x1F, 0xFB, 0x00, 0x00, 0x00, 0x6F, 0xF6, 0x00, 0x00,
    0x00, 0xBF, 0xF2, 0x00, 0x00, 0x01, 0xFF, 0xC0, 0x00, 0x00, 0x05, 0xFF, 0x70, 0x00, 0x00, 0x0A,
    0xFF, 0x20, 0x00, 0x00, 0x0E, 0xFD, 0x00, 0x00, 0x00, 0x5F, 0xF8, 0x00, 0x00, 0x00, 0x9F, 0xF3,
    0x00, 0x00, 0x00, 0xEF, 0xD0, 0x00, 0x00, 0x04, 0xFF, 0x80, 0x00, 0x00, 0x09, 0xFF, 0x40, 0x00,
    0x00, 0x0D, 0xFE, 0x00, 0x00, 0x00, 0x3F, 0xF9, 0x00, 0x00, 0x00, 0x8F, 0xF4, 0x00, 0x00, 0x00,
    0xDF, 0xE0, 0x00, 0x00, 0x00, 0x00, 0x00, 0x49, 0xDE, 0xED, 0xA4, 0x00, 0x00, 0x00, 0x0A, 0xFF,
    0xFF, 0xFF, 0xFF, 0xA1, 0x00, 0x00, 0xAF, 0xFF, 0xFF, 0xFF, 0xFF, 0xFC, 0x00, 0x06, 0xFF, 0xFF,
    0x91, 0x18, 0xFF, 0xFF, 0x70, 0x0D, 0xFF, 0xFC, 0x00, 0x00, 0xBF, 0xFF, 0xE0, 0x3F, 0xFF, 0xF7,
    0x00, 0x00, 0x6F, 0xFF, 0xF5, 0x7F, 0xFF, 0xF4, 0x00, 0x00, 0x3F, 0xFF, 0xF8, 0x9F, 0xFF, 0xF3,
    0x00, 0x00, 0x2F, 0xFF, 0xFB, 0xAF, 0xFF, 0xF2, 0x00, 0x00, 0x1F, 0xFF, 0xFC, 0xBF, 0xFF, 0xF2,
    0x00, 0x00, 0x1F, 0xFF, 0xFC, 0xAF, 0xFF, 0xF2, 0x00, 0x00, 0x1F, 0xFF, 0xFC, 0x9F, 0xFF, 0xF3,
    0x00, 0x00, 0x2F, 0xFF, 0xFB, 0x7F, 0xFF, 0xF4, 0x00, 0x00, 0x3F, 0xFF, 0xF8, 0x3F, 0xFF, 0xF7,
    0x00, 0x00, 0x6F, 0xFF, 0xF5, 0x0D, 0xFF, 0xFC, 0x00, 0x00, 0xBF, 0xFF, 0xE0, 0x06, 0xFF, 0xFF,
    0x91, 0x18, 0xFF, 0xFF, 0x70, 0x00, 0xAF, 0xFF, 0xFF, 0xFF, 0xFF, 0xFC, 0x00, 0x00, 0x0A, 0xFF,
    0xFF, 0xFF, 0xFF, 0xB1, 0x00, 0x00, 0x00, 0x49, 0xDE, 0xED, 0xA4, 0x00, 0x00, 0x02, 0x59, 0xCF,
    0xFF, 0xFF, 0x00, 0x00, 0x00, 0x1F, 0xFF, 0xFF, 0xFF, 0xFF, 0x00, 0x00, 0x00, 0x1F, 0xFF, 0xFF,
    0xFF, 0xFF, 0x00, 0x00, 0x00, 0x1D, 0xA6, 0x3A, 0xFF, 0xFF, 0x00, 0x00, 0x00, 0x00, 0x00, 0x0A,
    0xFF, 0xFF, 0x00, 0x00, 0x00, 0x00, 0x00, 0x0A, 0xFF, 0xFF, 0x00, 0x00, 0x00, 0x00, 0x00, 0x0A,
    0xFF, 0xFF, 0x00, 0x00, 0x00, 0x00, 0x00, 0x0A, 0xFF, 0xFF, 0x00, 0x00, 0x00, 0x00, 0x00, 0x0A,
    0xFF, 0xFF, 0x00, 0x00, 0x00, 0x00, 0x00, 0x0A, 0xFF, 0xFF, 0x00, 0x00, 0x00, 0x00, 0x00, 0x0A,
    0xFF, 0xFF, 0x00, 0x00, 0x00, 0x00, 0x00, 0x0A, 0xFF, 0xFF, 0x00, 0x00, 0x00, 0x00, 0x00, 0x0A,
    0xFF, 0xFF, 0x00, 0x00, 0x00, 0x00, 0x00, 0x0A, 0xFF, 0xFF, 0x00, 0x00, 0x00, 0x00, 0x00, 0x0A,
    0xFF, 0xFF, 0x00, 0x00, 0x00, 0x00, 0x00, 0x0A, 0xFF, 0xFF, 0x00, 0x00, 0x00, 0x0E, 0xFF, 0xFF,
    0xFF, 0xFF, 0xFF, 0xFF, 0x40, 0x0E, 0xFF, 0xFF, 0xFF, 0xFF, 0xFF, 0xFF, 0x40, 0x0E, 0xFF, 0xFF,
    0xFF, 0xFF, 0xFF, 0xFF, 0x40, 0x15, 0x8B, 0xDE, 0xFE, 0xC9, 0x40, 0x00, 0xDF, 0xFF, 0xFF, 0xFF,
    0xFF, 0xFA, 0x10, 0xDF, 0xFF, 0xFF, 0xFF, 0xFF, 0xFF, 0xB0, 0xDF, 0xB5, 0x20, 0x29, 0xFF, 0xFF,
    0xF4, 0xA3, 0x00, 0x00, 0x00, 0xAF, 0xFF, 0xF8, 0x00, 0x00, 0x00, 0x00, 0x5F, 0xFF, 0xFA, 0x00,
    0x00, 0x00, 0x00, 0x4F, 0xFF, 0xF9, 0x00, 0x00, 0x00, 0x00, 0x8F, 0xFF, 0xF6, 0x00, 0x00, 0x00,
    0x02, 0xEF, 0xFF, 0xE1, 0x00, 0x00, 0x00, 0x2D, 0xFF, 0xFF, 0x40, 0x00, 0x00, 0x02, 0xDF, 0xFF,
    0xF6, 0x00, 0x00, 0x00, 0x3E, 0xFF, 0xFF, 0x60, 0x00, 0x00, 0x04, 0xEF, 0xFF, 0xF5, 0x00, 0x00,
    0x00, 0x4E, 0xFF, 0xFE, 0x40, 0x00, 0x00, 0x05, 0xFF, 0xFF, 0xE3, 0x00, 0x00, 0x00, 0x6F, 0xFF,
    0xFD, 0x20, 0x00, 0x00, 0x00, 0xEF, 0xFF, 0xFF, 0xFF, 0xFF, 0xFF, 0xFC, 0xEF, 0xFF, 0xFF, 0xFF,
    0xFF, 0xFF, 0xFC, 0xEF, 0xFF, 0xFF, 0xFF, 0xFF, 0xFF, 0xFC, 0x00, 0x48, 0xBD, 0xEF, 0xED, 0xA5,
    0x00, 0x00, 0x07, 0xFF, 0xFF, 0xFF, 0xFF, 0xFF, 0xD3, 0x00, 0x07, 0xFF, 0xFF, 0xFF, 0xFF, 0xFF,
    0xFD, 0x10, 0x06, 0xB6, 0x31, 0x02, 0x8F, 0xFF, 0xFF, 0x60, 0x00, 0x00, 0x00, 0x00, 0x09, 0xFF,
    0xFF, 0x80, 0x00, 0x00, 0x00, 0x00, 0x05, 0xFF, 0xFF, 0x70, 0x00, 0x00, 0x00, 0x00, 0x09, 0xFF,
    0xFF, 0x40, 0x00, 0x00, 0x00, 0x12, 0x8F, 0xFF, 0xFA, 0x00, 0x00, 0x00, 0xFF, 0xFF, 0xFF, 0xFD,
    0x70, 0x00, 0x00, 0x00, 0xFF, 0xFF, 0xFF, 0xFC, 0x60, 0x00, 0x00, 0x00, 0xFF, 0xFF, 0xFF, 0xFF,
    0xFB, 0x00, 0x00, 0x00, 0x00, 0x02, 0x6D, 0xFF, 0xFF, 0x70, 0x00, 0x00, 0x00, 0x00, 0x02, 0xFF,
    0xFF, 0xD0, 0x00, 0x00, 0x00, 0x00, 0x00, 0xDF, 0xFF, 0xF0, 0x00, 0x00, 0x00, 0x00, 0x02, 0xFF,
    0xFF, 0xE0, 0x4C, 0x84, 0x21, 0x02, 0x6D, 0xFF, 0xFF, 0xA0, 0x4F, 0xFF, 0xFF, 0xFF, 0xFF, 0xFF,
    0xFE, 0x20, 0x4F, 0xFF, 0xFF, 0xFF, 0xFF, 0xFF, 0xC2, 0x00, 0x03, 0x7B, 0xCE, 0xFE, 0xEC, 0x94,
    0x00, 0x00, 0x00, 0x00, 0x00, 0x09, 0xFF, 0xFF, 0xF3, 0x00, 0x00, 0x00, 0x00, 0x4F, 0xFF, 0xFF,
    0xF3, 0x00, 0x00, 0x00, 0x01, 0xDF, 0xFF, 0xFF, 0xF3, 0x00, 0x00, 0x00, 0x0A, 0xFF, 0xFF, 0xFF,
    0xF3, 0x00, 0x00, 0x00, 0x5F, 0xFF, 0xAF, 0xFF, 0xF3, 0x00, 0x00, 0x02, 0xEF, 0xF9, 0x6F, 0xFF,
    0xF3, 0x00, 0x00, 0x0B, 0xFF, 0xD1, 0x6F, 0xFF, 0xF3, 0x00, 0x00, 0x7F, 0xFF, 0x40, 0x6F, 0xFF,
    0xF3, 0x00, 0x02, 0xFF, 0xF9, 0x00, 0x6F, 0xFF, 0xF3, 0x00, 0x0C, 0xFF, 0xD1, 0x00, 0x6F, 0xFF,
    0xF3, 0x00, 0x8F, 0xFF, 0x40, 0x00, 0x6F, 0xFF, 0xF3, 0x00, 0xCF, 0xF8, 0x00, 0x00, 0x6F, 0xFF,
    0xF3, 0x00, 0xCF, 0xFF, 0xFF, 0xFF, 0xFF, 0xFF, 0xFF, 0xFD, 0xCF, 0xFF, 0xFF, 0xFF, 0xFF, 0xFF,
    0xFF, 0xFD, 0xCF, 0xFF, 0xFF, 0xFF, 0xFF, 0xFF, 0xFF, 0xFD, 0x00, 0x00, 0x00, 0x00, 0x6F, 0xFF,
    0xF3, 0x00, 0x00, 0x00, 0x00, 0x00, 0x6F, 0xFF, 0xF3, 0x00, 0x00, 0x00, 0x00, 0x00, 0x6F, 0xFF,
    0xF3, 0x00, 0x00, 0x00, 0x00, 0x00, 0x6F, 0xFF, 0xF3, 0x00, 0x4F, 0xFF, 0xFF, 0xFF, 0xFF, 0xFF,
    0xE0, 0x00, 0x4F, 0xFF, 0xFF, 0xFF, 0xFF, 0xFF, 0xE0, 0x00, 0x4F, 0xFF, 0xFF, 0xFF, 0xFF, 0xFF,
    0xE0, 0x00, 0x4F, 0xFF, 0xA0, 0x00, 0x00, 0x00, 0x00, 0x00, 0x4F, 0xFF, 0xA0, 0x00, 0x00, 0x00,
    0x00, 0x00, 0x4F, 0xFF, 0xA0, 0x00, 0x00, 0x00, 0x00, 0x00, 0x4F, 0xFF, 0xED, 0xFE, 0xDA, 0x60,
    0x00, 0x00, 0x4F, 0xFF, 0xFF, 0xFF, 0xFF, 0xFD, 0x30, 0x00, 0x4F, 0xFF, 0xFF, 0xFF, 0xFF, 0xFF,
    0xE2, 0x00, 0x4B, 0x74, 0x20, 0x27, 0xEF, 0xFF, 0xFA, 0x00, 0x00, 0x00, 0x00, 0x00, 0x3F, 0xFF,
    0xFF, 0x10, 0x00, 0x00, 0x00, 0x00, 0x0B, 0xFF, 0xFF, 0x30, 0x00, 0x00, 0x00, 0x00, 0x0A, 0xFF,
    0xFF, 0x40, 0x00, 0x00, 0x00, 0x00, 0x0B, 0xFF, 0xFF, 0x30, 0x00, 0x00, 0x00, 0x00, 0x3F, 0xFF,
    0xFE, 0x00, 0xD9, 0x53, 0x10, 0x27, 0xEF, 0xFF, 0xF9, 0x00, 0xFF, 0xFF, 0xFF, 0xFF, 0xFF, 0xFF,
    0xD1, 0x00, 0xFF, 0xFF, 0xFF, 0xFF, 0xFF, 0xFB, 0x10, 0x00, 0x25, 0x9C, 0xDE, 0xFE, 0xC9, 0x40,
    0x00, 0x00, 0x00, 0x00, 0x03, 0x8C, 0xEF, 0xDC, 0x94, 0x00, 0x00, 0x01, 0xAF, 0xFF, 0xFF, 0xFF,
    0xFF, 0x70, 0x00, 0x1C, 0xFF, 0xFF, 0xFF, 0xFF, 0xFF, 0x70, 0x00, 0xAF, 0xFF, 0xF8, 0x31, 0x13,
    0x5A, 0x60, 0x04, 0xFF, 0xFF, 0x50, 0x00, 0x00, 0x00, 0x00, 0x0B, 0xFF, 0xFA, 0x00, 0x00, 0x00,
    0x00, 0x00, 0x0F, 0xFF, 0xF7, 0x7C, 0xEF, 0xDA, 0x40, 0x00, 0x3F, 0xFF, 0xFF, 0xFF, 0xFF, 0xFF,
    0xF9, 0x00, 0x5F, 0xFF, 0xFF, 0xFF, 0xFF, 0xFF, 0xFF, 0x80, 0x6F, 0xFF, 0xFF, 0xC3, 0x14, 0xEF,
    0xFF, 0xF2, 0x5F, 0xFF, 0xFF, 0x30, 0x00, 0x6F, 0xFF, 0xF7, 0x4F, 0xFF, 0xFE, 0x00, 0x00, 0x2F,
    0xFF, 0xF9, 0x2F, 0xFF, 0xFD, 0x00, 0x00, 0x1F, 0xFF, 0xFA, 0x0E, 0xFF, 0xFE, 0x00, 0x00, 0x2F,
    0xFF, 0xF8, 0x08, 0xFF, 0xFF, 0x30, 0x00, 0x6F, 0xFF, 0xF5, 0x02, 0xEF, 0xFF, 0xC3, 0x14, 0xEF,
    0xFF, 0xD0, 0x00, 0x6F, 0xFF, 0xFF, 0xFF, 0xFF, 0xFF, 0x40, 0x00, 0x06, 0xEF, 0xFF, 0xFF, 0xFF,
    0xE4, 0x00, 0x00, 0x00, 0x28, 0xCE, 0xFE, 0xB7, 0x10, 0x00, 0x4F, 0xFF, 0xFF, 0xFF, 0xFF, 0xFF,
    0xFF, 0xF0, 0x4F, 0xFF, 0xFF, 0xFF, 0xFF, 0xFF, 0xFF, 0xF0, 0x4F, 0xFF, 0xFF, 0xFF, 0xFF, 0xFF,
    0xFF, 0xF0, 0x00, 0x00, 0x00, 0x00, 0x05, 0xFF, 0xFF, 0xA0, 0x00, 0x00, 0x00, 0x00, 0x0C, 0xFF,
    0xFF, 0x30, 0x00, 0x00, 0x00, 0x00, 0x3F, 0xFF, 0xFC, 0x00, 0x00, 0x00, 0x00, 0x00, 0xAF, 0xFF,
    0xF5, 0x00, 0x00, 0x00, 0x00, 0x02, 0xFF, 0xFF, 0xD0, 0x00, 0x00, 0x00, 0x00, 0x08, 0xFF, 0xFF,
    0x60, 0x00, 0x00, 0x00, 0x00, 0x1E, 0xFF, 0xFE, 0x10, 0x00, 0x00, 0x00, 0x00, 0x6F, 0xFF, 0xF8,
    0x00, 0x00, 0x00, 0x00, 0x00, 0xDF, 0xFF, 0xE1, 0x00, 0x00, 0x00, 0x00, 0x04, 0xFF, 0xFF, 0x90,
    0x00, 0x00, 0x00, 0x00, 0x0B, 0xFF, 0xFF, 0x20, 0x00, 0x00, 0x00, 0x00, 0x2F, 0xFF, 0xFA, 0x00,
    0x00, 0x00, 0x00, 0x00, 0x9F, 0xFF, 0xF3, 0x00, 0x00, 0x00, 0x00, 0x01, 0xEF, 0xFF, 0xC0, 0x00,
    0x00, 0x00, 0x00, 0x07, 0xFF, 0xFF, 0x50, 0x00, 0x00, 0x00, 0x00, 0x0D, 0xFF, 0xFD, 0x00, 0x00,
    0x00, 0x00, 0x00, 0x02, 0x8B, 0xEF, 0xFE, 0xC8, 0x20, 0x00, 0x00, 0x7F, 0xFF, 0xFF, 0xFF, 0xFF,
    0xF8, 0x00, 0x05, 0xFF, 0xFF, 0xFF, 0xFF, 0xFF, 0xFF, 0x60, 0x0B, 0xFF, 0xFF, 0x81, 0x17, 0xFF,
    0xFF, 0xD0, 0x0E, 0xFF, 0xFC, 0x00, 0x00, 0xBF, 0xFF, 0xF0, 0x0E, 0xFF, 0xFA, 0x00, 0x00, 0x9F,
    0xFF, 0xF0, 0x0B, 0xFF, 0xFC, 0x00, 0x00, 0xBF, 0xFF, 0xC0, 0x04, 0xFF, 0xFF, 0x81, 0x17, 0xFF,
    0xFF, 0x50, 0x00, 0x5E, 0xFF, 0xFF, 0xFF, 0xFF, 0xE6, 0x00, 0x00, 0x04, 0xEF, 0xFF, 0xFF, 0xFE,
    0x40, 0x00, 0x01, 0xAF, 0xFF, 0xFF, 0xFF, 0xFF, 0xFB, 0x10, 0x0B, 0xFF, 0xFE, 0x51, 0x15, 0xEF,
    0xFF, 0xC0, 0x3F, 0xFF, 0xF6, 0x00, 0x00, 0x5F, 0xFF, 0xF4, 0x5F, 0xFF, 0xF4, 0x00, 0x00, 0x3F,
    0xFF, 0xF6, 0x5F, 0xFF, 0xF6, 0x00, 0x00, 0x5F, 0xFF, 0xF6, 0x2F, 0xFF, 0xFE, 0x51, 0x15, 0xEF,
    0xFF, 0xF3, 0x0A, 0xFF, 0xFF, 0xFF, 0xFF, 0xFF, 0xFF, 0xB0, 0x01, 0xAF, 0xFF, 0xFF, 0xFF, 0xFF,
    0xFB, 0x10, 0x00, 0x03, 0x9C, 0xEF, 0xFE, 0xC9, 0x40, 0x00, 0x00, 0x01, 0x7B, 0xEF, 0xEC, 0x82,
    0x00, 0x00, 0x00, 0x4E, 0xFF, 0xFF, 0xFF, 0xFE, 0x60, 0x00, 0x04, 0xFF, 0xFF, 0xFF, 0xFF, 0xFF,
    0xF6, 0x00, 0x0D, 0xFF, 0xFE, 0x51, 0x3C, 0xFF, 0xFE, 0x20, 0x4F, 0xFF, 0xF6, 0x00, 0x03, 0xFF,
    0xFF, 0x90, 0x8F, 0xFF, 0xF2, 0x00, 0x00, 0xEF, 0xFF, 0xE0, 0x9F, 0xFF, 0xF1, 0x00, 0x00, 0xCF,
    0xFF, 0xF2, 0x9F, 0xFF, 0xF2, 0x00, 0x00, 0xEF, 0xFF, 0xF5, 0x7F, 0xFF, 0xF6, 0x00, 0x03, 0xFF,
    0xFF, 0xF6, 0x2F, 0xFF, 0xFE, 0x51, 0x3C, 0xFF, 0xFF, 0xF6, 0x08, 0xFF, 0xFF, 0xFF, 0xFF, 0xFF,
    0xFF, 0xF5, 0x00, 0x9F, 0xFF, 0xFF, 0xFF, 0xFF, 0xFF, 0xF4, 0x00, 0x04, 0xAD, 0xFE, 0xC7, 0x6F,
    0xFF, 0xF1, 0x00, 0x00, 0x00, 0x00, 0x00, 0xAF, 0xFF, 0xB0, 0x00, 0x00, 0x00, 0x00, 0x04, 0xFF,
    0xFF, 0x50, 0x05, 0xB5, 0x31, 0x03, 0x8F, 0xFF, 0xFB, 0x00, 0x06, 0xFF, 0xFF, 0xFF, 0xFF, 0xFF,
    0xC1, 0x00, 0x06, 0xFF, 0xFF, 0xFF, 0xFF, 0xFA, 0x10, 0x00, 0x00, 0x49, 0xCE, 0xFE, 0xC8, 0x30,
    0x00, 0x00, 0x1F, 0xFF, 0xF7, 0x1F, 0xFF, 0xF7, 0x1F, 0xFF, 0xF7, 0x1F, 0xFF, 0xF7, 0x1F, 0xFF,
    0xF7, 0x00, 0x00, 0x00, 0x00, 0x00, 0x00, 0x00, 0x00, 0x00, 0x00, 0x00, 0x00, 0x1F, 0xFF, 0xF7,
    0x1F, 0xFF, 0xF7, 0x1F, 0xFF, 0xF7, 0x1F, 0xFF, 0xF7, 0x1F, 0xFF, 0xF7, 0x01, 0xFF, 0xFF, 0x70,
    0x01, 0xFF, 0xFF, 0x70, 0x01, 0xFF, 0xFF, 0x70, 0x01, 0xFF, 0xFF, 0x70, 0x01, 0xFF, 0xFF, 0x70,
    0x00, 0x00, 0x00, 0x00, 0x00, 0x00, 0x00, 0x00, 0x00, 0x00, 0x00, 0x00, 0x00, 0x00, 0x00, 0x00,
    0x01, 0xFF, 0xFF, 0x70, 0x01, 0xFF, 0xFF, 0x70, 0x01, 0xFF, 0xFF, 0x70, 0x01, 0xFF, 0xFF, 0x70,
    0x03, 0xFF, 0xFF, 0x30, 0x07, 0xFF, 0xF8, 0x00, 0x0B, 0xFF, 0xD1, 0x00, 0x0E, 0xFF, 0x40, 0x00,
    0x3F, 0xFA, 0x00, 0x00, 0x00, 0x00, 0x00, 0x00, 0x00, 0x00, 0x00, 0x17, 0xC0, 0x00, 0x00, 0x00,
    0x00, 0x00, 0x00, 0x5B, 0xFF, 0xF0, 0x00, 0x00, 0x00, 0x00, 0x03, 0x9E, 0xFF, 0xFF, 0xF0, 0x00,
    0x00, 0x00, 0x27, 0xDF, 0xFF, 0xFF, 0xFC, 0x60, 0x00, 0x01, 0x6B, 0xFF, 0xFF, 0xFF, 0xC7, 0x20,
    0x00, 0x04, 0xAF, 0xFF, 0xFF, 0xFD, 0x83, 0x00, 0x00, 0x00, 0x4F, 0xFF, 0xFF, 0xE9, 0x30, 0x00,
    0x00, 0x00, 0x00, 0x4F, 0xFF, 0xF8, 0x00, 0x00, 0x00, 0x00, 0x00, 0x00, 0x4F, 0xFF, 0xFF, 0xD8,
    0x30, 0x00, 0x00, 0x00, 0x00, 0x04, 0xAF, 0xFF, 0xFF, 0xFD, 0x82, 0x00, 0x00, 0x00, 0x00, 0x01,
    0x6B, 0xFF, 0xFF, 0xFF, 0xC7, 0x20, 0x00, 0x00, 0x00, 0x00, 0x28, 0xDF, 0xFF, 0xFF, 0xFB, 0x60,
    0x00, 0x00, 0x00, 0x00, 0x04, 0x9E, 0xFF, 0xFF, 0xF0, 0x00, 0x00, 0x00, 0x00, 0x00, 0x00, 0x5B,
    0xFF, 0xF0, 0x00, 0x00, 0x00, 0x00, 0x00, 0x00, 0x00, 0x17, 0xC0, 0x4F, 0xFF, 0xFF, 0xFF, 0xFF,
    0xFF, 0xFF, 0xFF, 0xF0, 0x4F, 0xFF, 0xFF, 0xFF, 0xFF, 0xFF, 0xFF, 0xFF, 0xF0, 0x4F, 0xFF, 0xFF,
    0xFF, 0xFF, 0xFF, 0xFF, 0xFF, 0xF0, 0x00, 0x00, 0x00, 0x00, 0x00, 0x00, 0x00, 0x00, 0x00, 0x00,
    0x00, 0x00, 0x00, 0x00, 0x00, 0x00, 0x00, 0x00, 0x00, 0x00, 0x00, 0x00, 0x00, 0x00, 0x00, 0x00,
    0x00, 0x4F, 0xFF, 0xFF, 0xFF, 0xFF, 0xFF, 0xFF, 0xFF, 0xF0, 0x4F, 0xFF, 0xFF, 0xFF, 0xFF, 0xFF,
    0xFF, 0xFF, 0xF0, 0x4F, 0xFF, 0xFF, 0xFF, 0xFF, 0xFF, 0xFF, 0xFF, 0xF0, 0x4B, 0x51, 0x00, 0x00,
    0x00, 0x00, 0x00, 0x00, 0x00, 0x4F, 0xFE, 0x94, 0x00, 0x00, 0x00, 0x00, 0x00, 0x00, 0x4F, 0xFF,
    0xFF, 0xD8, 0x20, 0x00, 0x00, 0x00, 0x00, 0x17, 0xDF, 0xFF, 0xFF, 0xFC, 0x61, 0x00, 0x00, 0x00,
    0x00, 0x03, 0x8D, 0xFF, 0xFF, 0xFF, 0xA5, 0x00, 0x00, 0x00, 0x00, 0x00, 0x49, 0xEF, 0xFF, 0xFF,
    0xE9, 0x30, 0x00, 0x00, 0x00, 0x00, 0x04, 0xAE, 0xFF, 0xFF, 0xF0, 0x00, 0x00, 0x00, 0x00, 0x00,
    0x01, 0xAF, 0xFF, 0xF0, 0x00, 0x00, 0x00, 0x00, 0x04, 0x9E, 0xFF, 0xFF, 0xF0, 0x00, 0x00, 0x00,
    0x39, 0xEF, 0xFF, 0xFF, 0xE9, 0x30, 0x00, 0x03, 0x8D, 0xFF, 0xFF, 0xFF, 0xA5, 0x00, 0x00, 0x17,
    0xDF, 0xFF, 0xFF, 0xFC, 0x61, 0x00, 0x00, 0x00, 0x4F, 0xFF, 0xFF, 0xD8, 0x20, 0x00, 0x00, 0x00,
    0x00, 0x4F, 0xFE, 0x94, 0x00, 0x00, 0x00, 0x00, 0x00, 0x00, 0x4B, 0x51, 0x00, 0x00, 0x00, 0x00,
    0x00, 0x00, 0x00, 0x3F, 0xFF, 0xFF, 0xFE, 0xB7, 0x10, 0x00, 0x3F, 0xFF, 0xFF, 0xFF, 0xFF, 0xE3,
    0x00, 0x3F, 0xFF, 0xFF, 0xFF, 0xFF, 0xFD, 0x00, 0x3C, 0x73, 0x20, 0x2B, 0xFF, 0xFF, 0x40, 0x00,
    0x00, 0x00, 0x04, 0xFF, 0xFF, 0x50, 0x00, 0x00, 0x00, 0x08, 0xFF, 0xFF, 0x30, 0x00, 0x00, 0x00,
    0x6F, 0xFF, 0xFC, 0x00, 0x00, 0x00, 0x07, 0xFF, 0xFF, 0xE2, 0x00, 0x00, 0x00, 0x6F, 0xFF, 0xFD,
    0x20, 0x00, 0x00, 0x02, 0xFF, 0xFF, 0xD2, 0x00, 0x00, 0x00, 0x07, 0xFF, 0xFF, 0x30, 0x00, 0x00,
    0x00, 0x09, 0xFF, 0xFF, 0x00, 0x00, 0x00, 0x00, 0x00, 0x00, 0x00, 0x00, 0x00, 0x00, 0x00, 0x00,
    0x00, 0x00, 0x00, 0x00, 0x00, 0x00, 0x09, 0xFF, 0xFF, 0x00, 0x00, 0x00, 0x00, 0x09, 0xFF, 0xFF,
    0x00, 0x00, 0x00, 0x00, 0x09, 0xFF, 0xFF, 0x00, 0x00, 0x00, 0x00, 0x09, 0xFF, 0xFF, 0x00, 0x00,
    0x00, 0x00, 0x09, 0xFF, 0xFF, 0x00, 0x00, 0x00, 0x00, 0x00, 0x00, 0x01, 0x5A, 0xDE, 0xFE, 0xC8,
    0x40, 0x00, 0x00, 0x00, 0x00, 0x00, 0x01, 0x7E, 0xFF, 0xFF, 0xFF, 0xFF, 0xFC, 0x30, 0x00, 0x00,
    0x00, 0x00, 0x2C, 0xFF, 0xC7, 0x31, 0x02, 0x49, 0xEF, 0xF8, 0x00, 0x00, 0x00, 0x02, 0xEF, 0xE5,
    0x00, 0x00, 0x00, 0x00, 0x1A, 0xFF, 0x80, 0x00, 0x00, 0x1D, 0xFD, 0x30, 0x00, 0x00, 0x00, 0x00,
    0x00, 0x8F, 0xF6, 0x00, 0x00, 0x9F, 0xF3, 0x00, 0x00, 0x00, 0x00, 0x00, 0x00, 0x0A, 0xFE, 0x10,
    0x02, 0xFF, 0x70, 0x00, 0x18, 0xDF, 0xD8, 0x4F, 0xF6, 0x01, 0xEF, 0x70, 0x08, 0xFE, 0x00, 0x01,
    0xDF, 0xFF, 0xFF, 0xDF, 0xF6, 0x00, 0x9F, 0xC0, 0x0D, 0xF8, 0x00, 0x0A, 0xFF, 0xA2, 0x2A, 0xFF,
    0xF6, 0x00, 0x6F, 0xF1, 0x1F, 0xF4, 0x00, 0x1F, 0xFE, 0x00, 0x00, 0xEF, 0xF6, 0x00, 0x4F, 0xF2,
    0x3F, 0xF2, 0x00, 0x4F, 0xFA, 0x00, 0x00, 0x9F, 0xF6, 0x00, 0x4F, 0xF2, 0x4F, 0xF2, 0x00, 0x5F,
    0xF9, 0x00, 0x00, 0x8F, 0xF6, 0x00, 0x6F, 0xF0, 0x3F, 0xF3, 0x00, 0x4F, 0xFA, 0x00, 0x00, 0x9F,
    0xF6, 0x00, 0xBF, 0xB0, 0x1F, 0xF4, 0x00, 0x1F, 0xFE, 0x00, 0x00, 0xEF, 0xF6, 0x03, 0xFF, 0x50,
    0x0D, 0xF8, 0x00, 0x0A, 0xFF, 0xA2, 0x2A, 0xFF, 0xF7, 0x6E, 0xFA, 0x00, 0x09, 0xFD, 0x00, 0x01,
    0xDF, 0xFF, 0xFF, 0xDF, 0xFF, 0xFF, 0x91, 0x00, 0x03, 0xFF, 0x60, 0x00, 0x18, 0xDF, 0xD8, 0x4F,
    0xFD, 0x93, 0x00, 0x00, 0x00, 0xAF, 0xE2, 0x00, 0x00, 0x00, 0x00, 0x01, 0x00, 0x00, 0x00, 0x00,
    0x00, 0x1D, 0xFD, 0x20, 0x00, 0x00, 0x00, 0x00, 0x00, 0x00, 0x00, 0x00, 0x00, 0x03, 0xEF, 0xE5,
    0x00, 0x00, 0x00, 0x00, 0x19, 0x70, 0x00, 0x00, 0x00, 0x00, 0x2D, 0xFF, 0xC6, 0x31, 0x02, 0x59,
    0xEF, 0xF3, 0x00, 0x00, 0x00, 0x00, 0x01, 0x8E, 0xFF, 0xFF, 0xFF, 0xFF, 0xFD, 0x60, 0x00, 0x00,
    0x00, 0x00, 0x00, 0x01, 0x6A, 0xDE, 0xFE, 0xC8, 0x40, 0x00, 0x00, 0x00, 0x00, 0x00, 0x00, 0x1F,
    0xFF, 0xFF, 0xF2, 0x00, 0x00, 0x00, 0x00, 0x00, 0x00, 0x6F, 0xFF, 0xFF, 0xF8, 0x00, 0x00, 0x00,
    0x00, 0x00, 0x00, 0xCF, 0xFF, 0xFF, 0xFD, 0x00, 0x00, 0x00, 0x00, 0x00, 0x02, 0xFF, 0xFF, 0xFF,
    0xFF, 0x40, 0x00, 0x00, 0x00, 0x00, 0x08, 0xFF, 0xFF, 0xEF, 0xFF, 0x90, 0x00, 0x00, 0x00, 0x00,
    0x0D, 0xFF, 0xFB, 0x9F, 0xFF, 0xE1, 0x00, 0x00, 0x00, 0x00, 0x4F, 0xFF, 0xF5, 0x4F, 0xFF, 0xF6,
    0x00, 0x00, 0x00, 0x00, 0x9F, 0xFF, 0xE1, 0x0D, 0xFF, 0xFB, 0x00, 0x00, 0x00, 0x01, 0xEF, 0xFF,
    0xA0, 0x08, 0xFF, 0xFF, 0x20, 0x00, 0x00, 0x06, 0xFF, 0xFF, 0x50, 0x03, 0xFF, 0xFF, 0x70, 0x00,
    0x00, 0x0B, 0xFF, 0xFE, 0x00, 0x00, 0xDF, 0xFF, 0xD0, 0x00, 0x00, 0x2F, 0xFF, 0xFA, 0x00, 0x00,
    0x8F, 0xFF, 0xF3, 0x00, 0x00, 0x7F, 0xFF, 0xFF, 0xFF, 0xFF, 0xFF, 0xFF, 0xF9, 0x00, 0x00, 0xDF,
    0xFF, 0xFF, 0xFF, 0xFF, 0xFF, 0xFF, 0xFE, 0x00, 0x03, 0xFF, 0xFF, 0xFF, 0xFF, 0xFF, 0xFF, 0xFF,
    0xFF, 0x50, 0x09, 0xFF, 0xFF, 0x20, 0x00, 0x00, 0x00, 0xEF, 0xFF, 0xB0, 0x0E, 0xFF, 0xFC, 0x00,
    0x00, 0x00, 0x00, 0xAF, 0xFF, 0xF1, 0x5F, 0xFF, 0xF7, 0x00, 0x00, 0x00, 0x00, 0x6F, 0xFF, 0xF7,
    0xAF, 0xFF, 0xF3, 0x00, 0x00, 0x00, 0x00, 0x1F, 0xFF, 0xFC, 0x9F, 0xFF, 0xFF, 0xFF, 0xFE, 0xC9,
    0x50, 0x00, 0x9F, 0xFF, 0xFF, 0xFF, 0xFF, 0xFF, 0xFC, 0x10, 0x9F, 0xFF, 0xFF, 0xFF, 0xFF, 0xFF,
    0xFF, 0xA0, 0x9F, 0xFF, 0xF4, 0x00, 0x16, 0xFF, 0xFF, 0xF1, 0x9F, 0xFF, 0xF4, 0x00, 0x00, 0xBF,
    0xFF, 0xF3, 0x9F, 0xFF, 0xF4, 0x00, 0x00, 0xBF, 0xFF, 0xF2, 0x9F, 0xFF, 0xF4, 0x00, 0x16, 0xFF,
    0xFF, 0xC0, 0x9F, 0xFF, 0xFF, 0xFF, 0xFF, 0xFF, 0xFD, 0x20, 0x9F, 0xFF, 0xFF, 0xFF, 0xFF, 0xFF,
    0xE4, 0x00, 0x9F, 0xFF, 0xFF, 0xFF, 0xFF, 0xFF, 0xFF, 0x80, 0x9F, 0xFF, 0xF4, 0x00, 0x14, 0xDF,
    0xFF, 0xF4, 0x9F, 0xFF, 0xF4, 0x00, 0x00, 0x3F, 0xFF, 0xFB, 0x9F, 0xFF, 0xF4, 0x00, 0x00, 0x0E,
    0xFF, 0xFD, 0x9F, 0xFF, 0xF4, 0x00, 0x00, 0x0E, 0xFF, 0xFE, 0x9F, 0xFF, 0xF4, 0x00, 0x00, 0x3F,
    0xFF, 0xFD, 0x9F, 0xFF, 0xF4, 0x00, 0x14, 0xDF, 0xFF, 0xF9, 0x9F, 0xFF, 0xFF, 0xFF, 0xFF, 0xFF,
    0xFF, 0xE2, 0x9F, 0xFF, 0xFF, 0xFF, 0xFF, 0xFF, 0xFE, 0x40, 0x9F, 0xFF, 0xFF, 0xFF, 0xFE, 0xDA,
    0x61, 0x00, 0x00, 0x00, 0x01, 0x6A, 0xDE, 0xFE, 0xDB, 0x72, 0x00, 0x00, 0x00, 0x7E, 0xFF, 0xFF,
    0xFF, 0xFF, 0xFF, 0x60, 0x00, 0x1B, 0xFF, 0xFF, 0xFF, 0xFF, 0xFF, 0xFF, 0x60, 0x00, 0xBF, 0xFF,
    0xFE, 0x83, 0x11, 0x26, 0xDF, 0x60, 0x07, 0xFF, 0xFF, 0xE3, 0x00, 0x00, 0x00, 0x06, 0x50, 0x0E,
    0xFF, 0xFF, 0x50, 0x00, 0x00, 0x00, 0x00, 0x00, 0x4F, 0xFF, 0xFD, 0x00, 0x00, 0x00, 0x00, 0x00,
    0x00, 0x8F, 0xFF, 0xF8, 0x00, 0x00, 0x00, 0x00, 0x00, 0x00, 0x9F, 0xFF, 0xF6, 0x00, 0x00, 0x00,
    0x00, 0x00, 0x00, 0xAF, 0xFF, 0xF5, 0x00, 0x00, 0x00, 0x00, 0x00, 0x00, 0x9F, 0xFF, 0xF6, 0x00,
    0x00, 0x00, 0x00, 0x00, 0x00, 0x8F, 0xFF, 0xF8, 0x00, 0x00, 0x00, 0x00, 0x00, 0x00, 0x4F, 0xFF,
    0xFD, 0x00, 0x00, 0x00, 0x00, 0x00, 0x00, 0x0E, 0xFF, 0xFF, 0x50, 0x00, 0x00, 0x00, 0x00, 0x00,
    0x07, 0xFF, 0xFF, 0xE3, 0x00, 0x00, 0x00, 0x06, 0x50, 0x00, 0xBF, 0xFF, 0xFE, 0x83, 0x11, 0x26,
    0xDF, 0x60, 0x00, 0x1B, 0xFF, 0xFF, 0xFF, 0xFF, 0xFF, 0xFF, 0x60, 0x00, 0x00, 0x7E, 0xFF, 0xFF,
    0xFF, 0xFF, 0xFF, 0x60, 0x00, 0x00, 0x01, 0x6A, 0xDE, 0xFE, 0xDB, 0x72, 0x00, 0x9F, 0xFF, 0xFF,
    0xFE, 0xDC, 0xA7, 0x20, 0x00, 0x00, 0x00, 0x9F, 0xFF, 0xFF, 0xFF, 0xFF, 0xFF, 0xFB, 0x20, 0x00,
    0x00, 0x9F, 0xFF, 0xFF, 0xFF, 0xFF, 0xFF, 0xFF, 0xE5, 0x00, 0x00, 0x9F, 0xFF, 0xF4, 0x01, 0x26,
    0xCF, 0xFF, 0xFF, 0x40, 0x00, 0x9F, 0xFF, 0xF4, 0x00, 0x00, 0x09, 0xFF, 0xFF, 0xE1, 0x00, 0x9F,
    0xFF, 0xF4, 0x00, 0x00, 0x00, 0xCF, 0xFF, 0xF7, 0x00, 0x9F, 0xFF, 0xF4, 0x00, 0x00, 0x00, 0x5F,
    0xFF, 0xFC, 0x00, 0x9F, 0xFF, 0xF4, 0x00, 0x00, 0x00, 0x1F, 0xFF, 0xFF, 0x10, 0x9F, 0xFF, 0xF4,
    0x00, 0x00, 0x00, 0x0D, 0xFF, 0xFF, 0x20, 0x9F, 0xFF, 0xF4, 0x00, 0x00, 0x00, 0x0C, 0xFF, 0xFF,
    0x30, 0x9F, 0xFF, 0xF4, 0x00, 0x00, 0x00, 0x0D, 0xFF, 0xFF, 0x20, 0x9F, 0xFF, 0xF4, 0x00, 0x00,
    0x00, 0x1F, 0xFF, 0xFF, 0x10, 0x9F, 0xFF, 0xF4, 0x00, 0x00, 0x00, 0x5F, 0xFF, 0xFC, 0x00, 0x9F,
    0xFF, 0xF4, 0x00, 0x00, 0x00, 0xCF, 0xFF, 0xF7, 0x00, 0x9F, 0xFF, 0xF4, 0x00, 0x00, 0x09, 0xFF,
    0xFF, 0xE1, 0x00, 0x9F, 0xFF, 0xF4, 0x00, 0x26, 0xCF, 0xFF, 0xFF, 0x40, 0x00, 0x9F, 0xFF, 0xFF,
    0xFF, 0xFF, 0xFF, 0xFF, 0xE5, 0x00, 0x00, 0x9F, 0xFF, 0xFF, 0xFF, 0xFF, 0xFF, 0xFB, 0x20, 0x00,
    0x00, 0x9F, 0xFF, 0xFF, 0xFE, 0xEC, 0xA7, 0x20, 0x00, 0x00, 0x00, 0x9F, 0xFF, 0xFF, 0xFF, 0xFF,
    0xFF, 0xF9, 0x9F, 0xFF, 0xFF, 0xFF, 0xFF, 0xFF, 0xF9, 0x9F, 0xFF, 0xFF, 0xFF, 0xFF, 0xFF, 0xF9,
    0x9F, 0xFF, 0xF4, 0x00, 0x00, 0x00, 0x00, 0x9F, 0xFF, 0xF4, 0x00, 0x00, 0x00, 0x00, 0x9F, 0xFF,
    0xF4, 0x00, 0x00, 0x00, 0x00, 0x9F, 0xFF, 0xF4, 0x00, 0x00, 0x00, 0x00, 0x9F, 0xFF, 0xFF, 0xFF,
    0xFF, 0xFF, 0xF1, 0x9F, 0xFF, 0xFF, 0xFF, 0xFF, 0xFF, 0xF1, 0x9F, 0xFF, 0xFF, 0xFF, 0xFF, 0xFF,
    0xF1, 0x9F, 0xFF, 0xF4, 0x00, 0x00, 0x00, 0x00, 0x9F, 0xFF, 0xF4, 0x00, 0x00, 0x00, 0x00, 0x9F,
    0xFF, 0xF4, 0x00, 0x00, 0x00, 0x00, 0x9F, 0xFF, 0xF4, 0x00, 0x00, 0x00, 0x00, 0x9F, 0xFF, 0xF4,
    0x00, 0x00, 0x00, 0x00, 0x9F, 0xFF, 0xF4, 0x00, 0x00, 0x00, 0x00, 0x9F, 0xFF, 0xFF, 0xFF, 0xFF,
    0xFF, 0xFD, 0x9F, 0xFF, 0xFF, 0xFF, 0xFF, 0xFF, 0xFD, 0x9F, 0xFF, 0xFF, 0xFF, 0xFF, 0xFF, 0xFD,
    0x9F, 0xFF, 0xFF, 0xFF, 0xFF, 0xFF, 0xF9, 0x9F, 0xFF, 0xFF, 0xFF, 0xFF, 0xFF, 0xF9, 0x9F, 0xFF,
    0xFF, 0xFF, 0xFF, 0xFF, 0xF9, 0x9F, 0xFF, 0xF4, 0x00, 0x00, 0x00, 0x00, 0x9F, 0xFF, 0xF4, 0x00,
    0x00, 0x00, 0x00, 0x9F, 0xFF, 0xF4, 0x00, 0x00, 0x00, 0x00, 0x9F, 0xFF, 0xF4, 0x00, 0x00, 0x00,
    0x00, 0x9F, 0xFF, 0xFF, 0xFF, 0xFF, 0xFF, 0xF1, 0x9F, 0xFF, 0xFF, 0xFF, 0xFF, 0xFF, 0xF1, 0x9F,
    0xFF, 0xFF, 0xFF, 0xFF, 0xFF, 0xF1, 0x9F, 0xFF, 0xF4, 0x00, 0x00, 0x00, 0x00, 0x9F, 0xFF, 0xF4,
    0x00, 0x00, 0x00, 0x00, 0x9F, 0xFF, 0xF4, 0x00, 0x00, 0x00, 0x00, 0x9F, 0xFF, 0xF4, 0x00, 0x00,
    0x00, 0x00, 0x9F, 0xFF, 0xF4, 0x00, 0x00, 0x00, 0x00, 0x9F, 0xFF, 0xF4, 0x00, 0x00, 0x00, 0x00,
    0x9F, 0xFF, 0xF4, 0x00, 0x00, 0x00, 0x00, 0x9F, 0xFF, 0xF4, 0x00, 0x00, 0x00, 0x00, 0x9F, 0xFF,
    0xF4, 0x00, 0x00, 0x00, 0x00, 0x00, 0x00, 0x00, 0x59, 0xCE, 0xFF, 0xEC, 0xA7, 0x30, 0x00, 0x00,
    0x00, 0x7E, 0xFF, 0xFF, 0xFF, 0xFF, 0xFF, 0xFA, 0x00, 0x00, 0x1B, 0xFF, 0xFF, 0xFF, 0xFF, 0xFF,
    0xFF, 0xFB, 0x00, 0x00, 0xBF, 0xFF, 0xFF, 0x94, 0x10, 0x14, 0x8D, 0xFB, 0x00, 0x06, 0xFF, 0xFF,
    0xE3, 0x00, 0x00, 0x00, 0x00, 0x59, 0x00, 0x0E, 0xFF, 0xFF, 0x50, 0x00, 0x00, 0x00, 0x00, 0x00,
    0x00, 0x4F, 0xFF, 0xFD, 0x00, 0x00, 0x00, 0x00, 0x00, 0x00, 0x00, 0x8F, 0xFF, 0xF8, 0x00, 0x00,
    0x00, 0x00, 0x00, 0x00, 0x00, 0x9F, 0xFF, 0xF6, 0x00, 0x00, 0x3F, 0xFF, 0xFF, 0xFF, 0x60, 0xAF,
    0xFF, 0xF5, 0x00, 0x00, 0x3F, 0xFF, 0xFF, 0xFF, 0x60, 0x9F, 0xFF, 0xF6, 0x00, 0x00, 0x3F, 0xFF,
    0xFF, 0xFF, 0x60, 0x8F, 0xFF, 0xF8, 0x00, 0x00, 0x00, 0x03, 0xFF, 0xFF, 0x60, 0x4F, 0xFF, 0xFC,
    0x00, 0x00, 0x00, 0x03, 0xFF, 0xFF, 0x60, 0x0E, 0xFF, 0xFF, 0x50, 0x00, 0x00, 0x03, 0xFF, 0xFF,
    0x60, 0x07, 0xFF, 0xFF, 0xE3, 0x00, 0x00, 0x03, 0xFF, 0xFF, 0x60, 0x00, 0xBF, 0xFF, 0xFE, 0x83,
    0x10, 0x27, 0xFF, 0xFF, 0x60, 0x00, 0x1B, 0xFF, 0xFF, 0xFF, 0xFF, 0xFF, 0xFF, 0xFF, 0x60, 0x00,
    0x00, 0x7E, 0xFF, 0xFF, 0xFF, 0xFF, 0xFF, 0xFC, 0x40, 0x00, 0x00, 0x01, 0x6A, 0xDE, 0xFE, 0xEC,
    0xA6, 0x20, 0x00, 0x9F, 0xFF, 0xF4, 0x00, 0x00, 0x00, 0x8F, 0xFF, 0xF6, 0x9F, 0xFF, 0xF4, 0x00,
    0x00, 0x00, 0x8F, 0xFF, 0xF6, 0x9F, 0xFF, 0xF4, 0x00, 0x00, 0x00, 0x8F, 0xFF, 0xF6, 0x9F, 0xFF,
    0xF4, 0x00, 0x00, 0x00, 0x8F, 0xFF, 0xF6, 0x9F, 0xFF, 0xF4, 0x00, 0x00, 0x00, 0x8F, 0xFF, 0xF6,
    0x9F, 0xFF, 0xF4, 0x00, 0x00, 0x00, 0x8F, 0xFF, 0xF6, 0x9F, 0xFF, 0xF4, 0x00, 0x00, 0x00, 0x8F,
    0xFF, 0xF6, 0x9F, 0xFF, 0xFF, 0xFF, 0xFF, 0xFF, 0xFF, 0xFF, 0xF6, 0x9F, 0xFF, 0xFF, 0xFF, 0xFF,
    0xFF, 0xFF, 0xFF, 0xF6, 0x9F, 0xFF, 0xFF, 0xFF, 0xFF, 0xFF, 0xFF, 0xFF, 0xF6, 0x9F, 0xFF, 0xF4,
    0x00, 0x00, 0x00, 0x8F, 0xFF, 0xF6, 0x9F, 0xFF, 0xF4, 0x00, 0x00, 0x00, 0x8F, 0xFF, 0xF6, 0x9F,
    0xFF, 0xF4, 0x00, 0x00, 0x00, 0x8F, 0xFF, 0xF6, 0x9F, 0xFF, 0xF4, 0x00, 0x00, 0x00, 0x8F, 0xFF,
    0xF6, 0x9F, 0xFF, 0xF4, 0x00, 0x00, 0x00, 0x8F, 0xFF, 0xF6, 0x9F, 0xFF, 0xF4, 0x00, 0x00, 0x00,
    0x8F, 0xFF, 0xF6, 0x9F, 0xFF, 0xF4, 0x00, 0x00, 0x00, 0x8F, 0xFF, 0xF6, 0x9F, 0xFF, 0xF4, 0x00,
    0x00, 0x00, 0x8F, 0xFF, 0xF6, 0x9F, 0xFF, 0xF4, 0x00, 0x00, 0x00, 0x8F, 0xFF, 0xF6, 0x9F, 0xFF,
    0xF4, 0x9F, 0xFF, 0xF4, 0x9F, 0xFF, 0xF4, 0x9F, 0xFF, 0xF4, 0x9F, 0xFF, 0xF4, 0x9F, 0xFF, 0xF4,
    0x9F, 0xFF, 0xF4, 0x9F, 0xFF, 0xF4, 0x9F, 0xFF, 0xF4, 0x9F, 0xFF, 0xF4, 0x9F, 0xFF, 0xF4, 0x9F,
    0xFF, 0xF4, 0x9F, 0xFF, 0xF4, 0x9F, 0xFF, 0xF4, 0x9F, 0xFF, 0xF4, 0x9F, 0xFF, 0xF4, 0x9F, 0xFF,
    0xF4, 0x9F, 0xFF, 0xF4, 0x9F, 0xFF, 0xF4, 0x00, 0x00, 0x9F, 0xFF, 0xF4, 0x00, 0x00, 0x9F, 0xFF,
    0xF4, 0x00, 0x00, 0x9F, 0xFF, 0xF4, 0x00, 0x00, 0x9F, 0xFF, 0xF4, 0x00, 0x00, 0x9F, 0xFF, 0xF4,
    0x00, 0x00, 0x9F, 0xFF, 0xF4, 0x00, 0x00, 0x9F, 0xFF, 0xF4, 0x00, 0x00, 0x9F, 0xFF, 0xF4, 0x00,
    0x00, 0x9F, 0xFF, 0xF4, 0x00, 0x00, 0x9F, 0xFF, 0xF4, 0x00, 0x00, 0x9F, 0xFF, 0xF4, 0x00, 0x00,
    0x9F, 0xFF, 0xF4, 0x00, 0x00, 0x9F, 0xFF, 0xF4, 0x00, 0x00, 0x9F, 0xFF, 0xF4, 0x00, 0x00, 0x9F,
    0xFF, 0xF4, 0x00, 0x00, 0x9F, 0xFF, 0xF4, 0x00, 0x00, 0x9F, 0xFF, 0xF4, 0x00, 0x00, 0x9F, 0xFF,
    0xF4, 0x00, 0x00, 0xBF, 0xFF, 0xF3, 0x00, 0x01, 0xEF, 0xFF, 0xF1, 0x01, 0x3C, 0xFF, 0xFF, 0xB0,
    0x7F, 0xFF, 0xFF, 0xFE, 0x30, 0x7F, 0xFF, 0xFF, 0xD4, 0x00, 0x7F, 0xED, 0xA6, 0x10, 0x00, 0x9F,
    0xFF, 0xF4, 0x00, 0x00, 0x03, 0xEF, 0xFF, 0xF7, 0x00, 0x9F, 0xFF, 0xF4, 0x00, 0x00, 0x4E, 0xFF,
    0xFF, 0x70, 0x00, 0x9F, 0xFF, 0xF4, 0x00, 0x04, 0xEF, 0xFF, 0xF7, 0x00, 0x00, 0x9F, 0xFF, 0xF4,
    0x00, 0x4E, 0xFF, 0xFF, 0x70, 0x00, 0x00, 0x9F, 0xFF, 0xF4, 0x04, 0xFF, 0xFF, 0xF7, 0x00, 0x00,
    0x00, 0x9F, 0xFF, 0xF4, 0x4F, 0xFF, 0xFF, 0x60, 0x00, 0x00, 0x00, 0x9F, 0xFF, 0xF9, 0xFF, 0xFF,
    0xF6, 0x00, 0x00, 0x00, 0x00, 0x9F, 0xFF, 0xFF, 0xFF, 0xFF, 0x60, 0x00, 0x00, 0x00, 0x00, 0x9F,
    0xFF, 0xFF, 0xFF, 0xF6, 0x00, 0x00, 0x00, 0x00, 0x00, 0x9F, 0xFF, 0xFF, 0xFF, 0xF6, 0x00, 0x00,
    0x00, 0x00, 0x00, 0x9F, 0xFF, 0xFF, 0xFF, 0xFF, 0x60, 0x00, 0x00, 0x00, 0x00, 0x9F, 0xFF, 0xFD,
    0xFF, 0xFF, 0xF6, 0x00, 0x00, 0x00, 0x00, 0x9F, 0xFF, 0xF5, 0xBF, 0xFF, 0xFF, 0x60, 0x00, 0x00,
    0x00, 0x9F, 0xFF, 0xF4, 0x0B, 0xFF, 0xFF, 0xF6, 0x00, 0x00, 0x00, 0x9F, 0xFF, 0xF4, 0x00, 0xAF,
    0xFF, 0xFF, 0x60, 0x00, 0x00, 0x9F, 0xFF, 0xF4, 0x00, 0x0A, 0xFF, 0xFF, 0xF6, 0x00, 0x00, 0x9F,
    0xFF, 0xF4, 0x00, 0x00, 0xAF, 0xFF, 0xFF, 0x60, 0x00, 0x9F, 0xFF, 0xF4, 0x00, 0x00, 0x0A, 0xFF,
    0xFF, 0xF6, 0x00, 0x9F, 0xFF, 0xF4, 0x00, 0x00, 0x00, 0xAF, 0xFF, 0xFF, 0x70, 0x9F, 0xFF, 0xF4,
    0x00, 0x00, 0x00, 0x00, 0x9F, 0xFF, 0xF4, 0x00, 0x00, 0x00, 0x00, 0x9F, 0xFF, 0xF4, 0x00, 0x00,
    0x00, 0x00, 0x9F, 0xFF, 0xF4, 0x00, 0x00, 0x00, 0x00, 0x9F, 0xFF, 0xF4, 0x00, 0x00, 0x00, 0x00,
    0x9F, 0xFF, 0xF4, 0x00, 0x00, 0x00, 0x00, 0x9F, 0xFF, 0xF4, 0x00, 0x00, 0x00, 0x00, 0x9F, 0xFF,
    0xF4, 0x00, 0x00, 0x00, 0x00, 0x9F, 0xFF, 0xF4, 0x00, 0x00, 0x00, 0x00, 0x9F, 0xFF, 0xF4, 0x00,
    0x00, 0x00, 0x00, 0x9F, 0xFF, 0xF4, 0x00, 0x00, 0x00, 0x00, 0x9F, 0xFF, 0xF4, 0x00, 0x00, 0x00,
    0x00, 0x9F, 0xFF, 0xF4, 0x00, 0x00, 0x00, 0x00, 0x9F, 0xFF, 0xF4, 0x00, 0x00, 0x00, 0x00, 0x9F,
    0xFF, 0xF4, 0x00, 0x00, 0x00, 0x00, 0x9F, 0xFF, 0xF4, 0x00, 0x00, 0x00, 0x00, 0x9F, 0xFF, 0xFF,
    0xFF, 0xFF, 0xFF, 0xFD, 0x9F, 0xFF, 0xFF, 0xFF, 0xFF, 0xFF, 0xFD, 0x9F, 0xFF, 0xFF, 0xFF, 0xFF,
    0xFF, 0xFD, 0x9F, 0xFF, 0xFF, 0xC0, 0x00, 0x00, 0x00, 0x0E, 0xFF, 0xFF, 0xF7, 0x9F, 0xFF, 0xFF,
    0xF4, 0x00, 0x00, 0x00, 0x6F, 0xFF, 0xFF, 0xF7, 0x9F, 0xFF, 0xFF, 0xFA, 0x00, 0x00, 0x00, 0xCF,
    0xFF, 0xFF, 0xF7, 0x9F, 0xFF, 0xFF, 0xFF, 0x20, 0x00, 0x04, 0xFF, 0xFF, 0xFF, 0xF7, 0x9F, 0xFF,
    0xFF, 0xFF, 0x80, 0x00, 0x0B, 0xFF, 0xFF, 0xFF, 0xF7, 0x9F, 0xFF, 0xFC, 0xFF, 0xE1, 0x00, 0x2F,
    0xFF, 0xCF, 0xFF, 0xF7, 0x9F, 0xFF, 0xF5, 0xFF, 0xF6, 0x00, 0x9F, 0xFF, 0x5F, 0xFF, 0xF7, 0x9F,
    0xFF, 0xF0, 0xDF, 0xFD, 0x01, 0xEF, 0xFB, 0x2F, 0xFF, 0xF7, 0x9F, 0xFF, 0xF0, 0x7F, 0xFF, 0x47,
    0xFF, 0xF5, 0x2F, 0xFF, 0xF7, 0x9F, 0xFF, 0xF0, 0x1E, 0xFF, 0xBD, 0xFF, 0xD0, 0x2F, 0xFF, 0xF7,
    0x9F, 0xFF, 0xF0, 0x09, 0xFF, 0xFF, 0xFF, 0x70, 0x2F, 0xFF, 0xF7, 0x9F, 0xFF, 0xF0, 0x02, 0xFF,
    0xFF, 0xFE, 0x10, 0x2F, 0xFF, 0xF7, 0x9F, 0xFF, 0xF0, 0x00, 0xBF, 0xFF, 0xF9, 0x00, 0x2F, 0xFF,
    0xF7, 0x9F, 0xFF, 0xF0, 0x00, 0x4F, 0xFF, 0xF2, 0x00, 0x2F, 0xFF, 0xF7, 0x9F, 0xFF, 0xF0, 0x00,
    0x0C, 0xFF, 0xB0, 0x00, 0x2F, 0xFF, 0xF7, 0x9F, 0xFF, 0xF0, 0x00, 0x00, 0x00, 0x00, 0x00, 0x2F,
    0xFF, 0xF7, 0x9F, 0xFF, 0xF0, 0x00, 0x00, 0x00, 0x00, 0x00, 0x2F, 0xFF, 0xF7, 0x9F, 0xFF, 0xF0,
    0x00, 0x00, 0x00, 0x00, 0x00, 0x2F, 0xFF, 0xF7, 0x9F, 0xFF, 0xF0, 0x00, 0x00, 0x00, 0x00, 0x00,
    0x2F, 0xFF, 0xF7, 0x9F, 0xFF, 0xFF, 0x20, 0x00, 0x00, 0x4F, 0xFF, 0xF6, 0x9F, 0xFF, 0xFF, 0xA0,
    0x00, 0x00, 0x4F, 0xFF, 0xF6, 0x9F, 0xFF, 0xFF, 0xF3, 0x00, 0x00, 0x4F, 0xFF, 0xF6, 0x9F, 0xFF,
    0xFF, 0xFA, 0x00, 0x00, 0x4F, 0xFF, 0xF6, 0x9F, 0xFF, 0xFF, 0xFF, 0x30, 0x00, 0x4F, 0xFF, 0xF6,
    0x9F, 0xFF, 0xFF, 0xFF, 0xB0, 0x00, 0x4F, 0xFF, 0xF6, 0x9F, 0xFF, 0xFB, 0xFF, 0xF4, 0x00, 0x4F,
    0xFF, 0xF6, 0x9F, 0xFF, 0xF3, 0xFF, 0xFC, 0x00, 0x4F, 0xFF, 0xF6, 0x9F, 0xFF, 0xF0, 0xAF, 0xFF,
    0x50, 0x4F, 0xFF, 0xF6, 0x9F, 0xFF, 0xF0, 0x2F, 0xFF, 0xD0, 0x4F, 0xFF, 0xF6, 0x9F, 0xFF, 0xF0,
    0x09, 0xFF, 0xF6, 0x4F, 0xFF, 0xF6, 0x9F, 0xFF, 0xF0, 0x01, 0xEF, 0xFD, 0x4F, 0xFF, 0xF6, 0x9F,
    0xFF, 0xF0, 0x00, 0x8F, 0xFF, 0xBF, 0xFF, 0xF6, 0x9F, 0xFF, 0xF0, 0x00, 0x1E, 0xFF, 0xFF, 0xFF,
    0xF6, 0x9F, 0xFF, 0xF0, 0x00, 0x07, 0xFF, 0xFF, 0xFF, 0xF6, 0x9F, 0xFF, 0xF0, 0x00, 0x01, 0xDF,
    0xFF, 0xFF, 0xF6, 0x9F, 0xFF, 0xF0, 0x00, 0x00, 0x6F, 0xFF, 0xFF, 0xF6, 0x9F, 0xFF, 0xF0, 0x00,
    0x00, 0x0D, 0xFF, 0xFF, 0xF6, 0x9F, 0xFF, 0xF0, 0x00, 0x00, 0x05, 0xFF, 0xFF, 0xF6, 0x00, 0x00,
    0x02, 0x7B, 0xDE, 0xED, 0xB8, 0x30, 0x00, 0x00, 0x00, 0x01, 0xAF, 0xFF, 0xFF, 0xFF, 0xFF, 0xFB,
    0x20, 0x00, 0x00, 0x2D, 0xFF, 0xFF, 0xFF, 0xFF, 0xFF, 0xFF, 0xE3, 0x00, 0x01, 0xDF, 0xFF, 0xFC,
    0x41, 0x14, 0xBF, 0xFF, 0xFD, 0x10, 0x08, 0xFF, 0xFF, 0xB0, 0x00, 0x00, 0x0A, 0xFF, 0xFF, 0x90,
    0x1E, 0xFF, 0xFF, 0x20, 0x00, 0x00, 0x01, 0xEF, 0xFF, 0xF2, 0x5F, 0xFF, 0xFB, 0x00, 0x00, 0x00,
    0x00, 0xAF, 0xFF, 0xF6, 0x8F, 0xFF, 0xF8, 0x00, 0x00, 0x00, 0x00, 0x6F, 0xFF, 0xF9, 0x9F, 0xFF,
    0xF6, 0x00, 0x00, 0x00, 0x00, 0x5F, 0xFF, 0xFB, 0xAF, 0xFF, 0xF5, 0x00, 0x00, 0x00, 0x00, 0x4F,
    0xFF, 0xFC, 0x9F, 0xFF, 0xF6, 0x00, 0x00, 0x00, 0x00, 0x5F, 0xFF, 0xFB, 0x8F, 0xFF, 0xF8, 0x00,
    0x00, 0x00, 0x00, 0x6F, 0xFF, 0xF9, 0x5F, 0xFF, 0xFB, 0x00, 0x00, 0x00, 0x00, 0xAF, 0xFF, 0xF6,
    0x1E, 0xFF, 0xFF, 0x20, 0x00, 0x00, 0x01, 0xEF, 0xFF, 0xF2, 0x08, 0xFF, 0xFF, 0xB0, 0x00, 0x00,
    0x0A, 0xFF, 0xFF, 0xA0, 0x01, 0xDF, 0xFF, 0xFC, 0x41, 0x14, 0xBF, 0xFF, 0xFE, 0x20, 0x00, 0x2D,
    0xFF, 0xFF, 0xFF, 0xFF, 0xFF, 0xFF, 0xE3, 0x00, 0x00, 0x01, 0xAF, 0xFF, 0xFF, 0xFF, 0xFF, 0xFB,
    0x20, 0x00, 0x00, 0x00, 0x02, 0x8B, 0xDE, 0xFD, 0xC8, 0x30, 0x00, 0x00, 0x9F, 0xFF, 0xFF, 0xFF,
    0xFE, 0xDA, 0x40, 0x00, 0x9F, 0xFF, 0xFF, 0xFF, 0xFF, 0xFF, 0xFC, 0x20, 0x9F, 0xFF, 0xFF, 0xFF,
    0xFF, 0xFF, 0xFF, 0xD1, 0x9F, 0xFF, 0xF4, 0x00, 0x16, 0xEF, 0xFF, 0xF7, 0x9F, 0xFF, 0xF4, 0x00,
    0x00, 0x6F, 0xFF, 0xFC, 0x9F, 0xFF, 0xF4, 0x00, 0x00, 0x2F, 0xFF, 0xFE, 0x9F, 0xFF, 0xF4, 0x00,
    0x00, 0x2F, 0xFF, 0xFE, 0x9F, 0xFF, 0xF4, 0x00, 0x00, 0x6F, 0xFF, 0xFC, 0x9F, 0xFF, 0xF4, 0x00,
    0x16, 0xEF, 0xFF, 0xF7, 0x9F, 0xFF, 0xFF, 0xFF, 0xFF, 0xFF, 0xFF, 0xD1, 0x9F, 0xFF, 0xFF, 0xFF,
    0xFF, 0xFF, 0xFC, 0x20, 0x9F, 0xFF, 0xFF, 0xFF, 0xFE, 0xDA, 0x50, 0x00, 0x9F, 0xFF, 0xF4, 0x00,
    0x00, 0x00, 0x00, 0x00, 0x9F, 0xFF, 0xF4, 0x00, 0x00, 0x00, 0x00, 0x00, 0x9F, 0xFF, 0xF4, 0x00,
    0x00, 0x00, 0x00, 0x00, 0x9F, 0xFF, 0xF4, 0x00, 0x00, 0x00, 0x00, 0x00, 0x9F, 0xFF, 0xF4, 0x00,
    0x00, 0x00, 0x00, 0x00, 0x9F, 0xFF, 0xF4, 0x00, 0x00, 0x00, 0x00, 0x00, 0x9F, 0xFF, 0xF4, 0x00,
    0x00, 0x00, 0x00, 0x00, 0x00, 0x00, 0x02, 0x7B, 0xDE, 0xFD, 0xC8, 0x30, 0x00, 0x00, 0x00, 0x01,
    0xAF, 0xFF, 0xFF, 0xFF, 0xFF, 0xFB, 0x20, 0x00, 0x00, 0x2D, 0xFF, 0xFF, 0xFF, 0xFF, 0xFF, 0xFF,
    0xE3, 0x00, 0x01, 0xDF, 0xFF, 0xFC, 0x41, 0x14, 0xBF, 0xFF, 0xFE, 0x20, 0x08, 0xFF, 0xFF, 0xB0,
    0x00, 0x00, 0x0A, 0xFF, 0xFF, 0xA0, 0x1E, 0xFF, 0xFF, 0x20, 0x00, 0x00, 0x01, 0xEF, 0xFF, 0xF2,
    0x5F, 0xFF, 0xFB, 0x00, 0x00, 0x00, 0x00, 0xAF, 0xFF, 0xF6, 0x8F, 0xFF, 0xF8, 0x00, 0x00, 0x00,
    0x00, 0x6F, 0xFF, 0xF9, 0x9F, 0xFF, 0xF6, 0x00, 0x00, 0x00, 0x00, 0x5F, 0xFF, 0xFB, 0xAF, 0xFF,
    0xF5, 0x00, 0x00, 0x00, 0x00, 0x4F, 0xFF, 0xFC, 0x9F, 0xFF, 0xF6, 0x00, 0x00, 0x00, 0x00, 0x5F,
    0xFF, 0xFB, 0x8F, 0xFF, 0xF8, 0x00, 0x00, 0x00, 0x00, 0x6F, 0xFF, 0xF9, 0x5F, 0xFF, 0xFB, 0x00,
    0x00, 0x00, 0x00, 0xAF, 0xFF, 0xF6, 0x1E, 0xFF, 0xFF, 0x20, 0x00, 0x00, 0x01, 0xEF, 0xFF, 0xF2,
    0x08, 0xFF, 0xFF, 0xB0, 0x00, 0x00, 0x0A, 0xFF, 0xFF, 0xA0, 0x01, 0xDF, 0xFF, 0xFB, 0x41, 0x14,
    0xBF, 0xFF, 0xFE, 0x10, 0x00, 0x2D, 0xFF, 0xFF, 0xFF, 0xFF, 0xFF, 0xFF, 0xE3, 0x00, 0x00, 0x01,
    0xAF, 0xFF, 0xFF, 0xFF, 0xFF, 0xFC, 0x20, 0x00, 0x00, 0x00, 0x02, 0x7B, 0xDE, 0xFF, 0xFF, 0xC0,
    0x00, 0x00, 0x00, 0x00, 0x00, 0x00, 0x00, 0x2E, 0xFF, 0xF7, 0x00, 0x00, 0x00, 0x00, 0x00, 0x00,
    0x00, 0x04, 0xFF, 0xFF, 0x40, 0x00, 0x00, 0x00, 0x00, 0x00, 0x00, 0x00, 0x7F, 0xFF, 0xE2, 0x00,
    0x00, 0x00, 0x00, 0x00, 0x00, 0x00, 0x0B, 0xFF, 0xFD, 0x10, 0x9F, 0xFF, 0xFF, 0xFF, 0xFE, 0xC8,
    0x30, 0x00, 0x00, 0x9F, 0xFF, 0xFF, 0xFF, 0xFF, 0xFF, 0xF8, 0x00, 0x00, 0x9F, 0xFF, 0xFF, 0xFF,
    0xFF, 0xFF, 0xFF, 0x50, 0x00, 0x9F, 0xFF, 0xF4, 0x00, 0x3B, 0xFF, 0xFF, 0xC0, 0x00, 0x9F, 0xFF,
    0xF4, 0x00, 0x01, 0xFF, 0xFF, 0xF0, 0x00, 0x9F, 0xFF, 0xF4, 0x00, 0x00, 0xDF, 0xFF, 0xF1, 0x00,
    0x9F, 0xFF, 0xF4, 0x00, 0x00, 0xDF, 0xFF, 0xE0, 0x00, 0x9F, 0xFF, 0xF4, 0x00, 0x01, 0xFF, 0xFF,
    0xB0, 0x00, 0x9F, 0xFF, 0xF4, 0x00, 0x3B, 0xFF, 0xFF, 0x30, 0x00, 0x9F, 0xFF, 0xFF, 0xFF, 0xFF,
    0xFF, 0xE5, 0x00, 0x00, 0x9F, 0xFF, 0xFF, 0xFF, 0xFF, 0xFD, 0x20, 0x00, 0x00, 0x9F, 0xFF, 0xFF,
    0xFF, 0xFF, 0xFF, 0xE4, 0x00, 0x00, 0x9F, 0xFF, 0xF4, 0x02, 0x8F, 0xFF, 0xFE, 0x20, 0x00, 0x9F,
    0xFF, 0xF4, 0x00, 0x09, 0xFF, 0xFF, 0xA0, 0x00, 0x9F, 0xFF, 0xF4, 0x00, 0x01, 0xEF, 0xFF, 0xF3,
    0x00, 0x9F, 0xFF, 0xF4, 0x00, 0x00, 0x7F, 0xFF, 0xFB, 0x00, 0x9F, 0xFF, 0xF4, 0x00, 0x00, 0x1E,
    0xFF, 0xFF, 0x30, 0x9F, 0xFF, 0xF4, 0x00, 0x00, 0x07, 0xFF, 0xFF, 0xB0, 0x9F, 0xFF, 0xF4, 0x00,
    0x00, 0x01, 0xEF, 0xFF, 0xF4, 0x00, 0x01, 0x7B, 0xEF, 0xFE, 0xDB, 0x86, 0x20, 0x00, 0x4E, 0xFF,
    0xFF, 0xFF, 0xFF, 0xFF, 0x90, 0x03, 0xFF, 0xFF, 0xFF, 0xFF, 0xFF, 0xFF, 0x90, 0x0B, 0xFF, 0xFE,
    0x62, 0x01, 0x48, 0xDF, 0x90, 0x0F, 0xFF, 0xF7, 0x00, 0x00, 0x00, 0x06, 0x70, 0x2F, 0xFF, 0xF5,
    0x00, 0x00, 0x00, 0x00, 0x00, 0x1F, 0xFF, 0xFC, 0x10, 0x00, 0x00, 0x00, 0x00, 0x0D, 0xFF, 0xFF,
    0xFB, 0x74, 0x10, 0x00, 0x00, 0x07, 0xFF, 0xFF, 0xFF, 0xFF, 0xFC, 0x71, 0x00, 0x00, 0xAF, 0xFF,
    0xFF, 0xFF, 0xFF, 0xFE, 0x50, 0x00, 0x05, 0xBF, 0xFF, 0xFF, 0xFF, 0xFF, 0xF2, 0x00, 0x00, 0x01,
    0x58, 0xCF, 0xFF, 0xFF, 0xF9, 0x00, 0x00, 0x00, 0x00, 0x01, 0x9F, 0xFF, 0xFC, 0x00, 0x00, 0x00,
    0x00, 0x00, 0x0E, 0xFF, 0xFC, 0x0B, 0x40, 0x00, 0x00, 0x00, 0x1F, 0xFF, 0xFA, 0x0F, 0xFD, 0x84,
    0x20, 0x14, 0xBF, 0xFF, 0xF6, 0x0F, 0xFF, 0xFF, 0xFF, 0xFF, 0xFF, 0xFF, 0xD1, 0x0E, 0xFF, 0xFF,
    0xFF, 0xFF, 0xFF, 0xFC, 0x20, 0x00, 0x47, 0xAC, 0xEF, 0xFE, 0xDA, 0x50, 0x00, 0xDF, 0xFF, 0xFF,
    0xFF, 0xFF, 0xFF, 0xFF, 0xFF, 0xF9, 0xDF, 0xFF, 0xFF, 0xFF, 0xFF, 0xFF, 0xFF, 0xFF, 0xF9, 0xDF,
    0xFF, 0xFF, 0xFF, 0xFF, 0xFF, 0xFF, 0xFF, 0xF9, 0x00, 0x00, 0x00, 0x9F, 0xFF, 0xF5, 0x00, 0x00,
    0x00, 0x00, 0x00, 0x00, 0x9F, 0xFF, 0xF5, 0x00, 0x00, 0x00, 0x00, 0x00, 0x00, 0x9F, 0xFF, 0xF5,
    0x00, 0x00, 0x00, 0x00, 0x00, 0x00, 0x9F, 0xFF, 0xF5, 0x00, 0x00, 0x00, 0x00, 0x00, 0x00, 0x9F,
    0xFF, 0xF5, 0x00, 0x00, 0x00, 0x00, 0x00, 0x00, 0x9F, 0xFF, 0xF5, 0x00, 0x00, 0x00, 0x00, 0x00,
    0x00, 0x9F, 0xFF, 0xF5, 0x00, 0x00, 0x00, 0x00, 0x00, 0x00, 0x9F, 0xFF, 0xF5, 0x00, 0x00, 0x00,
    0x00, 0x00, 0x00, 0x9F, 0xFF, 0xF5, 0x00, 0x00, 0x00, 0x00, 0x00, 0x00, 0x9F, 0xFF, 0xF5, 0x00,
    0x00, 0x00, 0x00, 0x00, 0x00, 0x9F, 0xFF, 0xF5, 0x00, 0x00, 0x00, 0x00, 0x00, 0x00, 0x9F, 0xFF,
    0xF5, 0x00, 0x00, 0x00, 0x00, 0x00, 0x00, 0x9F, 0xFF, 0xF5, 0x00, 0x00, 0x00, 0x00, 0x00, 0x00,
    0x9F, 0xFF, 0xF5, 0x00, 0x00, 0x00, 0x00, 0x00, 0x00, 0x9F, 0xFF, 0xF5, 0x00, 0x00, 0x00, 0x00,
    0x00, 0x00, 0x9F, 0xFF, 0xF5, 0x00, 0x00, 0x00, 0x9F, 0xFF, 0xF4, 0x00, 0x00, 0x02, 0xFF, 0xFF,
    0xB0, 0x9F, 0xFF, 0xF4, 0x00, 0x00, 0x02, 0xFF, 0xFF, 0xB0, 0x9F, 0xFF, 0xF4, 0x00, 0x00, 0x02,
    0xFF, 0xFF, 0xB0, 0x9F, 0xFF, 0xF4, 0x00, 0x00, 0x02, 0xFF, 0xFF, 0xB0, 0x9F, 0xFF, 0xF4, 0x00,
    0x00, 0x02, 0xFF, 0xFF, 0xB0, 0x9F, 0xFF, 0xF4, 0x00, 0x00, 0x02, 0xFF, 0xFF, 0xB0, 0x9F, 0xFF,
    0xF4, 0x00, 0x00, 0x02, 0xFF, 0xFF, 0xB0, 0x9F, 0xFF, 0xF4, 0x00, 0x00, 0x02, 0xFF, 0xFF, 0xB0,
    0x9F, 0xFF, 0xF4, 0x00, 0x00, 0x02, 0xFF, 0xFF, 0xB0, 0x9F, 0xFF, 0xF4, 0x00, 0x00, 0x02, 0xFF,
    0xFF, 0xB0, 0x9F, 0xFF, 0xF4, 0x00, 0x00, 0x02, 0xFF, 0xFF, 0xB0, 0x9F, 0xFF, 0xF4, 0x00, 0x00,
    0x02, 0xFF, 0xFF, 0xB0, 0x8F, 0xFF, 0xF5, 0x00, 0x00, 0x03, 0xFF, 0xFF, 0xA0, 0x6F, 0xFF, 0xF7,
    0x00, 0x00, 0x05, 0xFF, 0xFF, 0x80, 0x3F, 0xFF, 0xFC, 0x00, 0x00, 0x0A, 0xFF, 0xFF, 0x40, 0x0C,
    0xFF, 0xFF, 0x92, 0x02, 0x8F, 0xFF, 0xFD, 0x00, 0x03, 0xEF, 0xFF, 0xFF, 0xFF, 0xFF, 0xFF, 0xF4,
    0x00, 0x00, 0x4D, 0xFF, 0xFF, 0xFF, 0xFF, 0xFE, 0x50, 0x00, 0x00, 0x00, 0x5A, 0xDE, 0xFE, 0xDA,
    0x61, 0x00, 0x00, 0xAF, 0xFF, 0xF3, 0x00, 0x00, 0x00, 0x00, 0x2F, 0xFF, 0xFC, 0x5F, 0xFF, 0xF9,
    0x00, 0x00, 0x00, 0x00, 0x7F, 0xFF, 0xF7, 0x0E, 0xFF, 0xFE, 0x00, 0x00, 0x00, 0x00, 0xCF, 0xFF,
    0xF1, 0x09, 0xFF, 0xFF, 0x40, 0x00, 0x00, 0x03, 0xFF, 0xFF, 0xB0, 0x03, 0xFF, 0xFF, 0xA0, 0x00,
    0x00, 0x08, 0xFF, 0xFF, 0x50, 0x00, 0xDF, 0xFF, 0xE1, 0x00, 0x00, 0x0D, 0xFF, 0xFE, 0x00, 0x00,
    0x7F, 0xFF, 0xF6, 0x00, 0x00, 0x4F, 0xFF, 0xF9, 0x00, 0x00, 0x2F, 0xFF, 0xFB, 0x00, 0x00, 0x9F,
    0xFF, 0xF3, 0x00, 0x00, 0x0B, 0xFF, 0xFF, 0x10, 0x00, 0xEF, 0xFF, 0xD0, 0x00, 0x00, 0x06, 0xFF,
    0xFF, 0x70, 0x05, 0xFF, 0xFF, 0x70, 0x00, 0x00, 0x01, 0xEF, 0xFF, 0xC0, 0x0A, 0xFF, 0xFF, 0x20,
    0x00, 0x00, 0x00, 0x9F, 0xFF, 0xF2, 0x1F, 0xFF, 0xFB, 0x00, 0x00, 0x00, 0x00, 0x4F, 0xFF, 0xF8,
    0x6F, 0xFF, 0xF6, 0x00, 0x00, 0x00, 0x00, 0x0D, 0xFF, 0xFD, 0xBF, 0xFF, 0xE1, 0x00, 0x00, 0x00,
    0x00, 0x08, 0xFF, 0xFF, 0xFF, 0xFF, 0x90, 0x00, 0x00, 0x00, 0x00, 0x02, 0xFF, 0xFF, 0xFF, 0xFF,
    0x40, 0x00, 0x00, 0x00, 0x00, 0x00, 0xCF, 0xFF, 0xFF, 0xFD, 0x00, 0x00, 0x00, 0x00, 0x00, 0x00,
    0x6F, 0xFF, 0xFF, 0xF8, 0x00, 0x00, 0x00, 0x00, 0x00, 0x00, 0x1F, 0xFF, 0xFF, 0xF2, 0x00, 0x00,
    0x00, 0x2F, 0xFF, 0xF9, 0x00, 0x00, 0x02, 0xFF, 0xFF, 0xC0, 0x00, 0x00, 0x0E, 0xFF, 0xFB, 0x0D,
    0xFF, 0xFC, 0x00, 0x00, 0x06, 0xFF, 0xFF, 0xF1, 0x00, 0x00, 0x2F, 0xFF, 0xF8, 0x09, 0xFF, 0xFF,
    0x10, 0x00, 0x09, 0xFF, 0xFF, 0xF4, 0x00, 0x00, 0x6F, 0xFF, 0xF4, 0x06, 0xFF, 0xFF, 0x40, 0x00,
    0x0D, 0xFF, 0xFF, 0xF8, 0x00, 0x00, 0x9F, 0xFF, 0xF1, 0x02, 0xFF, 0xFF, 0x80, 0x00, 0x1F, 0xFF,
    0xEF, 0xFB, 0x00, 0x00, 0xDF, 0xFF, 0xC0, 0x00, 0xEF, 0xFF, 0xB0, 0x00, 0x5F, 0xFF, 0x8F, 0xFE,
    0x00, 0x01, 0xFF, 0xFF, 0x80, 0x00, 0xAF, 0xFF, 0xF0, 0x00, 0x8F, 0xFD, 0x3F, 0xFF, 0x30, 0x05,
    0xFF, 0xFF, 0x50, 0x00, 0x7F, 0xFF, 0xF3, 0x00, 0xCF, 0xFA, 0x0E, 0xFF, 0x70, 0x08, 0xFF, 0xFF,
    0x10, 0x00, 0x3F, 0xFF, 0xF7, 0x01, 0xFF, 0xF6, 0x0B, 0xFF, 0xA0, 0x0C, 0xFF, 0xFD, 0x00, 0x00,
    0x0E, 0xFF, 0xFB, 0x04, 0xFF, 0xF2, 0x07, 0xFF, 0xE0, 0x1F, 0xFF, 0xF9, 0x00, 0x00, 0x0B, 0xFF,
    0xFE, 0x07, 0xFF, 0xE0, 0x04, 0xFF, 0xF2, 0x4F, 0xFF, 0xF6, 0x00, 0x00, 0x07, 0xFF, 0xFF, 0x3B,
    0xFF, 0xA0, 0x01, 0xFF, 0xF6, 0x8F, 0xFF, 0xF2, 0x00, 0x00, 0x04, 0xFF, 0xFF, 0x6E, 0xFF, 0x70,
    0x00, 0xCF, 0xF9, 0xBF, 0xFF, 0xE0, 0x00, 0x00, 0x01, 0xFF, 0xFF, 0xDF, 0xFF, 0x30, 0x00, 0x8F,
    0xFD, 0xEF, 0xFF, 0xA0, 0x00, 0x00, 0x00, 0xCF, 0xFF, 0xFF, 0xFE, 0x00, 0x00, 0x5F, 0xFF, 0xFF,
    0xFF, 0x70, 0x00, 0x00, 0x00, 0x8F, 0xFF, 0xFF, 0xFB, 0x00, 0x00, 0x1F, 0xFF, 0xFF, 0xFF, 0x30,
    0x00, 0x00, 0x00, 0x5F, 0xFF, 0xFF, 0xF8, 0x00, 0x00, 0x0C, 0xFF, 0xFF, 0xFE, 0x00, 0x00, 0x00,
    0x00, 0x1F, 0xFF, 0xFF, 0xF4, 0x00, 0x00, 0x09, 0xFF, 0xFF, 0xFB, 0x00, 0x00, 0x00, 0x00, 0x0D,
    0xFF, 0xFF, 0xF1, 0x00, 0x00, 0x05, 0xFF, 0xFF, 0xF8, 0x00, 0x00, 0x1D, 0xFF, 0xFF, 0x30, 0x00,
    0x00, 0x03, 0xFF, 0xFF, 0xD1, 0x04, 0xFF, 0xFF, 0xC0, 0x00, 0x00, 0x0D, 0xFF, 0xFF, 0x40, 0x00,
    0x8F, 0xFF, 0xF8, 0x00, 0x00, 0x8F, 0xFF, 0xF9, 0x00, 0x00, 0x0D, 0xFF, 0xFF, 0x30, 0x04, 0xFF,
    0xFF, 0xD1, 0x00, 0x00, 0x03, 0xFF, 0xFF, 0xD1, 0x1D, 0xFF, 0xFF, 0x30, 0x00, 0x00, 0x00, 0x8F,
    0xFF, 0xF9, 0x9F, 0xFF, 0xF8, 0x00, 0x00, 0x00, 0x00, 0x0C, 0xFF, 0xFF, 0xFF, 0xFF, 0xC0, 0x00,
    0x00, 0x00, 0x00, 0x03, 0xFF, 0xFF, 0xFF, 0xFF, 0x30, 0x00, 0x00, 0x00, 0x00, 0x00, 0x7F, 0xFF,
    0xFF, 0xF7, 0x00, 0x00, 0x00, 0x00, 0x00, 0x00, 0x2F, 0xFF, 0xFF, 0xF2, 0x00, 0x00, 0x00, 0x00,
    0x00, 0x00, 0xBF, 0xFF, 0xFF, 0xFB, 0x00, 0x00, 0x00, 0x00, 0x00, 0x06, 0xFF, 0xFF, 0xFF, 0xFF,
    0x70, 0x00, 0x00, 0x00, 0x00, 0x2E, 0xFF, 0xFE, 0xEF, 0xFF, 0xF2, 0x00, 0x00, 0x00, 0x00, 0xBF,
    0xFF, 0xF5, 0x5F, 0xFF, 0xFC, 0x00, 0x00, 0x00, 0x07, 0xFF, 0xFF, 0xA0, 0x0A, 0xFF, 0xFF, 0x70,
    0x00, 0x00, 0x2F, 0xFF, 0xFE, 0x10, 0x01, 0xDF, 0xFF, 0xF3, 0x00, 0x00, 0xCF, 0xFF, 0xF5, 0x00,
    0x00, 0x4F, 0xFF, 0xFC, 0x00, 0x07, 0xFF, 0xFF, 0x90, 0x00, 0x00, 0x09, 0xFF, 0xFF, 0x80, 0x3F,
    0xFF, 0xFD, 0x10, 0x00, 0x00, 0x01, 0xDF, 0xFF, 0xF3, 0x1D, 0xFF, 0xFF, 0x60, 0x00, 0x00, 0x00,
    0x9F, 0xFF, 0xFB, 0x04, 0xFF, 0xFF, 0xE2, 0x00, 0x00, 0x04, 0xFF, 0xFF, 0xE2, 0x00, 0x9F, 0xFF,
    0xFA, 0x00, 0x00, 0x0D, 0xFF, 0xFF, 0x70, 0x00, 0x1D, 0xFF, 0xFF, 0x50, 0x00, 0x8F, 0xFF, 0xFC,
    0x00, 0x00, 0x04, 0xFF, 0xFF, 0xE1, 0x03, 0xFF, 0xFF, 0xF2, 0x00, 0x00, 0x00, 0xAF, 0xFF, 0xF9,
    0x0C, 0xFF, 0xFF, 0x70, 0x00, 0x00, 0x00, 0x1E, 0xFF, 0xFF, 0xAF, 0xFF, 0xFC, 0x00, 0x00, 0x00,
    0x00, 0x05, 0xFF, 0xFF, 0xFF, 0xFF, 0xF3, 0x00, 0x00, 0x00, 0x00, 0x00, 0xAF, 0xFF, 0xFF, 0xFF,
    0x70, 0x00, 0x00, 0x00, 0x00, 0x00, 0x1E, 0xFF, 0xFF, 0xFC, 0x00, 0x00, 0x00, 0x00, 0x00, 0x00,
    0x05, 0xFF, 0xFF, 0xF3, 0x00, 0x00, 0x00, 0x00, 0x00, 0x00, 0x00, 0xFF, 0xFF, 0xD0, 0x00, 0x00,
    0x00, 0x00, 0x00, 0x00, 0x00, 0xFF, 0xFF, 0xD0, 0x00, 0x00, 0x00, 0x00, 0x00, 0x00, 0x00, 0xFF,
    0xFF, 0xD0, 0x00, 0x00, 0x00, 0x00, 0x00, 0x00, 0x00, 0xFF, 0xFF, 0xD0, 0x00, 0x00, 0x00, 0x00,
    0x00, 0x00, 0x00, 0xFF, 0xFF, 0xD0, 0x00, 0x00, 0x00, 0x00, 0x00, 0x00, 0x00, 0xFF, 0xFF, 0xD0,
    0x00, 0x00, 0x00, 0x00, 0x00, 0x00, 0x00, 0xFF, 0xFF, 0xD0, 0x00, 0x00, 0x00, 0x00, 0x00, 0x00,
    0x00, 0xFF, 0xFF, 0xD0, 0x00, 0x00, 0x00, 0x8F, 0xFF, 0xFF, 0xFF, 0xFF, 0xFF, 0xFF, 0xFF, 0x60,
    0x8F, 0xFF, 0xFF, 0xFF, 0xFF, 0xFF, 0xFF, 0xFF, 0x60, 0x8F, 0xFF, 0xFF, 0xFF, 0xFF, 0xFF, 0xFF,
    0xFF, 0x60, 0x00, 0x00, 0x00, 0x00, 0x02, 0xEF, 0xFF, 0xFE, 0x20, 0x00, 0x00, 0x00, 0x00, 0x0C,
    0xFF, 0xFF, 0xF4, 0x00, 0x00, 0x00, 0x00, 0x00, 0x9F, 0xFF, 0xFF, 0x70, 0x00, 0x00, 0x00, 0x00,
    0x06, 0xFF, 0xFF, 0xFA, 0x00, 0x00, 0x00, 0x00, 0x00, 0x3F, 0xFF, 0xFF, 0xD1, 0x00, 0x00, 0x00,
    0x00, 0x01, 0xDF, 0xFF, 0xFE, 0x30, 0x00, 0x00, 0x00, 0x00, 0x0B, 0xFF, 0xFF, 0xF5, 0x00, 0x00,
    0x00, 0x00, 0x00, 0x9F, 0xFF, 0xFF, 0x80, 0x00, 0x00, 0x00, 0x00, 0x05, 0xFF, 0xFF, 0xFB, 0x00,
    0x00, 0x00, 0x00, 0x00, 0x3E, 0xFF, 0xFF, 0xD1, 0x00, 0x00, 0x00, 0x00, 0x01, 0xDF, 0xFF, 0xFF,
    0x30, 0x00, 0x00, 0x00, 0x00, 0x0B, 0xFF, 0xFF, 0xF6, 0x00, 0x00, 0x00, 0x00, 0x00, 0x8F, 0xFF,
    0xFF, 0x90, 0x00, 0x00, 0x00, 0x00, 0x00, 0xCF, 0xFF, 0xFF, 0xFF, 0xFF, 0xFF, 0xFF, 0xFF, 0xA0,
    0xCF, 0xFF, 0xFF, 0xFF, 0xFF, 0xFF, 0xFF, 0xFF, 0xA0, 0xCF, 0xFF, 0xFF, 0xFF, 0xFF, 0xFF, 0xFF,
    0xFF, 0xA0, 0xCF, 0xFF, 0xFF, 0xFF, 0x20, 0xCF, 0xFF, 0xFF, 0xFF, 0x20, 0xCF, 0xFF, 0xFF, 0xFF,
    0x20, 0xCF, 0xFF, 0x80, 0x00, 0x00, 0xCF, 0xFF, 0x80, 0x00, 0x00, 0xCF, 0xFF, 0x80, 0x00, 0x00,
    0xCF, 0xFF, 0x80, 0x00, 0x00, 0xCF, 0xFF, 0x80, 0x00, 0x00, 0xCF, 0xFF, 0x80, 0x00, 0x00, 0xCF,
    0xFF, 0x80, 0x00, 0x00, 0xCF, 0xFF, 0x80, 0x00, 0x00, 0xCF, 0xFF, 0x80, 0x00, 0x00, 0xCF, 0xFF,
    0x80, 0x00, 0x00, 0xCF, 0xFF, 0x80, 0x00, 0x00, 0xCF, 0xFF, 0x80, 0x00, 0x00, 0xCF, 0xFF, 0x80,
    0x00, 0x00, 0xCF, 0xFF, 0x80, 0x00, 0x00, 0xCF, 0xFF, 0x80, 0x00, 0x00, 0xCF, 0xFF, 0x80, 0x00,
    0x00, 0xCF, 0xFF, 0x80, 0x00, 0x00, 0xCF, 0xFF, 0xFF, 0xFF, 0x20, 0xCF, 0xFF, 0xFF, 0xFF, 0x20,
    0xCF, 0xFF, 0xFF, 0xFF, 0x20, 0xDF, 0xE0, 0x00, 0x00, 0x00, 0x8F, 0xF4, 0x00, 0x00, 0x00, 0x3F,
    0xF9, 0x00, 0x00, 0x00, 0x0D, 0xFE, 0x00, 0x00, 0x00, 0x09, 0xFF, 0x40, 0x00, 0x00, 0x04, 0xFF,
    0x80, 0x00, 0x00, 0x00, 0xEF, 0xD0, 0x00, 0x00, 0x00, 0x9F, 0xF3, 0x00, 0x00, 0x00, 0x5F, 0xF8,
    0x00, 0x00, 0x00, 0x0E, 0xFD, 0x00, 0x00, 0x00, 0x0A, 0xFF, 0x20, 0x00, 0x00, 0x05, 0xFF, 0x70,
    0x00, 0x00, 0x01, 0xFF, 0xC0, 0x00, 0x00, 0x00, 0xBF, 0xF2, 0x00, 0x00, 0x00, 0x6F, 0xF6, 0x00,
    0x00, 0x00, 0x1F, 0xFB, 0x00, 0x00, 0x00, 0x0B, 0xFF, 0x10, 0x00, 0x00, 0x07, 0xFF, 0x60, 0x00,
    0x00, 0x02, 0xFF, 0xB0, 0x00, 0x00, 0x00, 0xCF, 0xF1, 0x00, 0x00, 0x00, 0x7F, 0xF5, 0x4F, 0xFF,
    0xFF, 0xFF, 0xA0, 0x4F, 0xFF, 0xFF, 0xFF, 0xA0, 0x4F, 0xFF, 0xFF, 0xFF, 0xA0, 0x00, 0x00, 0xAF,
    0xFF, 0xA0, 0x00, 0x00, 0xAF, 0xFF, 0xA0, 0x00, 0x00, 0xAF, 0xFF, 0xA0, 0x00, 0x00, 0xAF, 0xFF,
    0xA0, 0x00, 0x00, 0xAF, 0xFF, 0xA0, 0x00, 0x00, 0xAF, 0xFF, 0xA0, 0x00, 0x00, 0xAF, 0xFF, 0xA0,
    0x00, 0x00, 0xAF, 0xFF, 0xA0, 0x00, 0x00, 0xAF, 0xFF, 0xA0, 0x00, 0x00, 0xAF, 0xFF, 0xA0, 0x00,
    0x00, 0xAF, 0xFF, 0xA0, 0x00, 0x00, 0xAF, 0xFF, 0xA0, 0x00, 0x00, 0xAF, 0xFF, 0xA0, 0x00, 0x00,
    0xAF, 0xFF, 0xA0, 0x00, 0x00, 0xAF, 0xFF, 0xA0, 0x00, 0x00, 0xAF, 0xFF, 0xA0, 0x00, 0x00, 0xAF,
    0xFF, 0xA0, 0x4F, 0xFF, 0xFF, 0xFF, 0xA0, 0x4F, 0xFF, 0xFF, 0xFF, 0xA0, 0x4F, 0xFF, 0xFF, 0xFF,
    0xA0, 0x00, 0x00, 0x00, 0x3E, 0xFF, 0xD1, 0x00, 0x00, 0x00, 0x00, 0x00, 0x03, 0xEF, 0xFF, 0xFC,
    0x10, 0x00, 0x00, 0x00, 0x00, 0x2E, 0xFF, 0xFF, 0xFF, 0xC1, 0x00, 0x00, 0x00, 0x02, 0xDF, 0xFF,
    0x8A, 0xFF, 0xFB, 0x10, 0x00, 0x00, 0x2D, 0xFF, 0xD4, 0x00, 0x6E, 0xFF, 0xB0, 0x00, 0x01, 0xDF,
    0xFA, 0x10, 0x00, 0x02, 0xCF, 0xFA, 0x00, 0x1C, 0xFF, 0x60, 0x00, 0x00, 0x00, 0x09, 0xFF, 0xA0,
    0xFF, 0xFF, 0xFF, 0xFF, 0xFF, 0xFF, 0xF0, 0xFF, 0xFF, 0xFF, 0xFF, 0xFF, 0xFF, 0xF0, 0x5F, 0xFF,
    0x30, 0x00, 0x06, 0xFF, 0xC0, 0x00, 0x00, 0x7F, 0xF9, 0x00, 0x00, 0x08, 0xFF, 0x40, 0x00, 0x00,
    0x9F, 0xE1, 0x01, 0x48, 0xBD, 0xFF, 0xEC, 0x94, 0x00, 0x00, 0x0A, 0xFF, 0xFF, 0xFF, 0xFF, 0xFF,
    0xB1, 0x00, 0x0A, 0xFF, 0xFF, 0xFF, 0xFF, 0xFF, 0xFA, 0x00, 0x09, 0xA5, 0x31, 0x01, 0x4B, 0xFF,
    0xFF, 0x20, 0x00, 0x00, 0x00, 0x00, 0x02, 0xFF, 0xFF, 0x50, 0x00, 0x38, 0xCE, 0xFF, 0xFF, 0xFF,
    0xFF, 0x70, 0x09, 0xFF, 0xFF, 0xFF, 0xFF, 0xFF, 0xFF, 0x70, 0x6F, 0xFF, 0xFF, 0xFF, 0xFF, 0xFF,
    0xFF, 0x80, 0xBF, 0xFF, 0xF6, 0x10, 0x02, 0xFF, 0xFF, 0x80, 0xDF, 0xFF, 0xC0, 0x00, 0x06, 0xFF,
    0xFF, 0x80, 0xCF, 0xFF, 0xE5, 0x11, 0x6E, 0xFF, 0xFF, 0x80, 0x7F, 0xFF, 0xFF, 0xFF, 0xFF, 0xFF,
    0xFF, 0x80, 0x0B, 0xFF, 0xFF, 0xFF, 0xF7, 0xFF, 0xFF, 0x80, 0x00, 0x6C, 0xEF, 0xD9, 0x31, 0xFF,
    0xFF, 0x80, 0xCF, 0xFF, 0xB0, 0x00, 0x00, 0x00, 0x00, 0x00, 0xCF, 0xFF, 0xB0, 0x00, 0x00, 0x00,
    0x00, 0x00, 0xCF, 0xFF, 0xB0, 0x00, 0x00, 0x00, 0x00, 0x00, 0xCF, 0xFF, 0xB0, 0x00, 0x00, 0x00,
    0x00, 0x00, 0xCF, 0xFF, 0xB0, 0x00, 0x00, 0x00, 0x00, 0x00, 0xCF, 0xFF, 0xB0, 0x00, 0x00, 0x00,
    0x00, 0x00, 0xCF, 0xFF, 0xB0, 0x5B, 0xEF, 0xD9, 0x20, 0x00, 0xCF, 0xFF, 0xCA, 0xFF, 0xFF, 0xFF,
    0xE4, 0x00, 0xCF, 0xFF, 0xFF, 0xFF, 0xFF, 0xFF, 0xFE, 0x20, 0xCF, 0xFF, 0xFD, 0x40, 0x29, 0xFF,
    0xFF, 0xB0, 0xCF, 0xFF, 0xF4, 0x00, 0x00, 0xCF, 0xFF, 0xF1, 0xCF, 0xFF, 0xE0, 0x00, 0x00, 0x6F,
    0xFF, 0xF5, 0xCF, 0xFF, 0xC0, 0x00, 0x00, 0x5F, 0xFF, 0xF6, 0xCF, 0xFF, 0xC0, 0x00, 0x00, 0x5F,
    0xFF, 0xF6, 0xCF, 0xFF, 0xE0, 0x00, 0x00, 0x6F, 0xFF, 0xF5, 0xCF, 0xFF, 0xF4, 0x00, 0x00, 0xCF,
    0xFF, 0xF1, 0xCF, 0xFF, 0xFD, 0x40, 0x29, 0xFF, 0xFF, 0xB0, 0xCF, 0xFF, 0xFF, 0xFF, 0xFF, 0xFF,
    0xFF, 0x20, 0xCF, 0xFF, 0xCA, 0xFF, 0xFF, 0xFF, 0xF5, 0x00, 0xCF, 0xFF, 0xB0, 0x5B, 0xEF, 0xD9,
    0x20, 0x00, 0x00, 0x00, 0x6A, 0xDE, 0xFD, 0xB6, 0x10, 0x00, 0x4D, 0xFF, 0xFF, 0xFF, 0xFF, 0xA0,
    0x05, 0xFF, 0xFF, 0xFF, 0xFF, 0xFF, 0xA0, 0x1E, 0xFF, 0xFF, 0xA3, 0x01, 0x37, 0x80, 0x7F, 0xFF,
    0xF9, 0x00, 0x00, 0x00, 0x00, 0xBF, 0xFF, 0xF1, 0x00, 0x00, 0x00, 0x00, 0xDF, 0xFF, 0xD0, 0x00,
    0x00, 0x00, 0x00, 0xDF, 0xFF, 0xD0, 0x00, 0x00, 0x00, 0x00, 0xBF, 0xFF, 0xF1, 0x00, 0x00, 0x00,
    0x00, 0x7F, 0xFF, 0xF9, 0x00, 0x00, 0x00, 0x00, 0x1E, 0xFF, 0xFF, 0x93, 0x01, 0x38, 0x90, 0x05,
    0xFF, 0xFF, 0xFF, 0xFF, 0xFF, 0xA0, 0x00, 0x4E, 0xFF, 0xFF, 0xFF, 0xFF, 0xA0, 0x00, 0x01, 0x6A,
    0xDE, 0xFD, 0xB6, 0x10, 0x00, 0x00, 0x00, 0x00, 0x00, 0x2F, 0xFF, 0xF6, 0x00, 0x00, 0x00, 0x00,
    0x00, 0x2F, 0xFF, 0xF6, 0x00, 0x00, 0x00, 0x00, 0x00, 0x2F, 0xFF, 0xF6, 0x00, 0x00, 0x00, 0x00,
    0x00, 0x2F, 0xFF, 0xF6, 0x00, 0x00, 0x00, 0x00, 0x00, 0x2F, 0xFF, 0xF6, 0x00, 0x00, 0x00, 0x00,
    0x00, 0x2F, 0xFF, 0xF6, 0x00, 0x05, 0xBE, 0xFD, 0x92, 0x2F, 0xFF, 0xF6, 0x00, 0x9F, 0xFF, 0xFF,
    0xFF, 0x7F, 0xFF, 0xF6, 0x08, 0xFF, 0xFF, 0xFF, 0xFF, 0xFF, 0xFF, 0xF6, 0x2F, 0xFF, 0xFE, 0x51,
    0x18, 0xFF, 0xFF, 0xF6, 0x7F, 0xFF, 0xF6, 0x00, 0x00, 0xAF, 0xFF, 0xF6, 0xAF, 0xFF, 0xF1, 0x00,
    0x00, 0x5F, 0xFF, 0xF6, 0xCF, 0xFF, 0xE0, 0x00, 0x00, 0x3F, 0xFF, 0xF6, 0xCF, 0xFF, 0xE0, 0x00,
    0x00, 0x3F, 0xFF, 0xF6, 0xAF, 0xFF, 0xF1, 0x00, 0x00, 0x5F, 0xFF, 0xF6, 0x7F, 0xFF, 0xF6, 0x00,
    0x00, 0xAF, 0xFF, 0xF6, 0x2F, 0xFF, 0xFE, 0x51, 0x17, 0xFF, 0xFF, 0xF6, 0x08, 0xFF, 0xFF, 0xFF,
    0xFF, 0xFF, 0xFF, 0xF6, 0x00, 0xAF, 0xFF, 0xFF, 0xFF, 0x7F, 0xFF, 0xF6, 0x00, 0x05, 0xBE, 0xFD,
    0x92, 0x2F, 0xFF, 0xF6, 0x00, 0x01, 0x6B, 0xDE, 0xED, 0x93, 0x00, 0x00, 0x00, 0x5E, 0xFF, 0xFF,
    0xFF, 0xFF, 0x90, 0x00, 0x05, 0xFF, 0xFF, 0xFF, 0xFF, 0xFF, 0xFA, 0x00, 0x1E, 0xFF, 0xFE, 0x61,
    0x28, 0xFF, 0xFF, 0x60, 0x7F, 0xFF, 0xF5, 0x00, 0x00, 0xAF, 0xFF, 0xD0, 0xBF, 0xFF, 0xE0, 0x00,
    0x00, 0x6F, 0xFF, 0xF2, 0xDF, 0xFF, 0xFF, 0xFF, 0xFF, 0xFF, 0xFF, 0xF4, 0xDF, 0xFF, 0xFF, 0xFF,
    0xFF, 0xFF, 0xFF, 0xF5, 0xBF, 0xFF, 0xFF, 0xFF, 0xFF, 0xFF, 0xFF, 0xF6, 0x7F, 0xFF, 0xE1, 0x00,
    0x00, 0x00, 0x00, 0x00, 0x1E, 0xFF, 0xFC, 0x51, 0x01, 0x24, 0x7B, 0xA0, 0x05, 0xFF, 0xFF, 0xFF,
    0xFF, 0xFF, 0xFF, 0xB0, 0x00, 0x5E, 0xFF, 0xFF, 0xFF, 0xFF, 0xFF, 0xB0, 0x00, 0x01, 0x6A, 0xDE,
    0xFE, 0xCB, 0x84, 0x10, 0x00, 0x00, 0x29, 0xDF, 0xFF, 0xF8, 0x00, 0x04, 0xFF, 0xFF, 0xFF, 0xF8,
    0x00, 0x0C, 0xFF, 0xFF, 0xFF, 0xF8, 0x00, 0x2F, 0xFF, 0xFA, 0x10, 0x00, 0x00, 0x3F, 0xFF, 0xF5,
    0x00, 0x00, 0x00, 0x4F, 0xFF, 0xF4, 0x00, 0x00, 0x8F, 0xFF, 0xFF, 0xFF, 0xFF, 0xF3, 0x8F, 0xFF,
    0xFF, 0xFF, 0xFF, 0xF3, 0x8F, 0xFF, 0xFF, 0xFF, 0xFF, 0xF3, 0x00, 0x4F, 0xFF, 0xF4, 0x00, 0x00,
    0x00, 0x4F, 0xFF, 0xF4, 0x00, 0x00, 0x00, 0x4F, 0xFF, 0xF4, 0x00, 0x00, 0x00, 0x4F, 0xFF, 0xF4,
    0x00, 0x00, 0x00, 0x4F, 0xFF, 0xF4, 0x00, 0x00, 0x00, 0x4F, 0xFF, 0xF4, 0x00, 0x00, 0x00, 0x4F,
    0xFF, 0xF4, 0x00, 0x00, 0x00, 0x4F, 0xFF, 0xF4, 0x00, 0x00, 0x00, 0x4F, 0xFF, 0xF4, 0x00, 0x00,
    0x00, 0x4F, 0xFF, 0xF4, 0x00, 0x00, 0x00, 0x4F, 0xFF, 0xF4, 0x00, 0x00, 0x00, 0x05, 0xBE, 0xFD,
    0x92, 0x2F, 0xFF, 0xF6, 0x00, 0x9F, 0xFF, 0xFF, 0xFF, 0x7F, 0xFF, 0xF6, 0x08, 0xFF, 0xFF, 0xFF,
    0xFF, 0xFF, 0xFF, 0xF6, 0x2F, 0xFF, 0xFE, 0x51, 0x18, 0xFF, 0xFF, 0xF6, 0x7F, 0xFF, 0xF7, 0x00,
    0x00, 0xBF, 0xFF, 0xF6, 0xAF, 0xFF, 0xF1, 0x00, 0x00, 0x5F, 0xFF, 0xF6, 0xCF, 0xFF, 0xE0, 0x00,
    0x00, 0x3F, 0xFF, 0xF6, 0xCF, 0xFF, 0xE0, 0x00, 0x00, 0x3F, 0xFF, 0xF6, 0xAF, 0xFF, 0xF1, 0x00,
    0x00, 0x5F, 0xFF, 0xF6, 0x7F, 0xFF, 0xF6, 0x00, 0x00, 0xBF, 0xFF, 0xF6, 0x2F, 0xFF, 0xFE, 0x51,
    0x18, 0xFF, 0xFF, 0xF6, 0x08, 0xFF, 0xFF, 0xFF, 0xFF, 0xFF, 0xFF, 0xF6, 0x00, 0x9F, 0xFF, 0xFF,
    0xFF, 0x7F, 0xFF, 0xF6, 0x00, 0x05, 0xBE, 0xFD, 0x92, 0x3F, 0xFF, 0xF5, 0x00, 0x00, 0x00, 0x00,
    0x00, 0x9F, 0xFF, 0xF3, 0x01, 0xC7, 0x32, 0x01, 0x39, 0xFF, 0xFF, 0xC0, 0x01, 0xFF, 0xFF, 0xFF,
    0xFF, 0xFF, 0xFE, 0x30, 0x01, 0xFF, 0xFF, 0xFF, 0xFF, 0xFF, 0xD3, 0x00, 0x00, 0x37, 0xBD, 0xEF,
    0xEC, 0x95, 0x00, 0x00, 0xCF, 0xFF, 0xB0, 0x00, 0x00, 0x00, 0x00, 0x00, 0xCF, 0xFF, 0xB0, 0x00,
    0x00, 0x00, 0x00, 0x00, 0xCF, 0xFF, 0xB0, 0x00, 0x00, 0x00, 0x00, 0x00, 0xCF, 0xFF, 0xB0, 0x00,
    0x00, 0x00, 0x00, 0x00, 0xCF, 0xFF, 0xB0, 0x00, 0x00, 0x00, 0x00, 0x00, 0xCF, 0xFF, 0xB0, 0x00,
    0x00, 0x00, 0x00, 0x00, 0xCF, 0xFF, 0xB0, 0x4A, 0xEF, 0xEA, 0x30, 0x00, 0xCF, 0xFF, 0xBA, 0xFF,
    0xFF, 0xFF, 0xF4, 0x00, 0xCF, 0xFF, 0xFF, 0xFF, 0xFF, 0xFF, 0xFD, 0x00, 0xCF, 0xFF, 0xFE, 0x51,
    0x3C, 0xFF, 0xFF, 0x40, 0xCF, 0xFF, 0xF5, 0x00, 0x04, 0xFF, 0xFF, 0x60, 0xCF, 0xFF, 0xE0, 0x00,
    0x02, 0xFF, 0xFF, 0x70, 0xCF, 0xFF, 0xC0, 0x00, 0x02, 0xFF, 0xFF, 0x70, 0xCF, 0xFF, 0xB0, 0x00,
    0x01, 0xFF, 0xFF, 0x70, 0xCF, 0xFF, 0xB0, 0x00, 0x01, 0xFF, 0xFF, 0x70, 0xCF, 0xFF, 0xB0, 0x00,
    0x01, 0xFF, 0xFF, 0x70, 0xCF, 0xFF, 0xB0, 0x00, 0x01, 0xFF, 0xFF, 0x70, 0xCF, 0xFF, 0xB0, 0x00,
    0x01, 0xFF, 0xFF, 0x70, 0xCF, 0xFF, 0xB0, 0x00, 0x01, 0xFF, 0xFF, 0x70, 0xCF, 0xFF, 0xB0, 0x00,
    0x01, 0xFF, 0xFF, 0x70, 0xCF, 0xFF, 0xB0, 0xCF, 0xFF, 0xB0, 0xCF, 0xFF, 0xB0, 0xCF, 0xFF, 0xB0,
    0x00, 0x00, 0x00, 0x00, 0x00, 0x00, 0xCF, 0xFF, 0xB0, 0xCF, 0xFF, 0xB0, 0xCF, 0xFF, 0xB0, 0xCF,
    0xFF, 0xB0, 0xCF, 0xFF, 0xB0, 0xCF, 0xFF, 0xB0, 0xCF, 0xFF, 0xB0, 0xCF, 0xFF, 0xB0, 0xCF, 0xFF,
    0xB0, 0xCF, 0xFF, 0xB0, 0xCF, 0xFF, 0xB0, 0xCF, 0xFF, 0xB0, 0xCF, 0xFF, 0xB0, 0xCF, 0xFF, 0xB0,
    0x00, 0x0C, 0xFF, 0xFB, 0x00, 0x0C, 0xFF, 0xFB, 0x00, 0x0C, 0xFF, 0xFB, 0x00, 0x0C, 0xFF, 0xFB,
    0x00, 0x00, 0x00, 0x00, 0x00, 0x00, 0x00, 0x00, 0x00, 0x0C, 0xFF, 0xFB, 0x00, 0x0C, 0xFF, 0xFB,
    0x00, 0x0C, 0xFF, 0xFB, 0x00, 0x0C, 0xFF, 0xFB, 0x00, 0x0C, 0xFF, 0xFB, 0x00, 0x0C, 0xFF, 0xFB,
    0x00, 0x0C, 0xFF, 0xFB, 0x00, 0x0C, 0xFF, 0xFB, 0x00, 0x0C, 0xFF, 0xFB, 0x00, 0x0C, 0xFF, 0xFB,
    0x00, 0x0C, 0xFF, 0xFB, 0x00, 0x0C, 0xFF, 0xFB, 0x00, 0x0C, 0xFF, 0xFB, 0x00, 0x0C, 0xFF, 0xFB,
    0x00, 0x0E, 0xFF, 0xFA, 0x01, 0x7F, 0xFF, 0xF6, 0xDF, 0xFF, 0xFF, 0xE1, 0xDF, 0xFF, 0xFF, 0x50,
    0xDF, 0xFE, 0xA3, 0x00, 0xCF, 0xFF, 0xB0, 0x00, 0x00, 0x00, 0x00, 0x00, 0xCF, 0xFF, 0xB0, 0x00,
    0x00, 0x00, 0x00, 0x00, 0xCF, 0xFF, 0xB0, 0x00, 0x00, 0x00, 0x00, 0x00, 0xCF, 0xFF, 0xB0, 0x00,
    0x00, 0x00, 0x00, 0x00, 0xCF, 0xFF, 0xB0, 0x00, 0x00, 0x00, 0x00, 0x00, 0xCF, 0xFF, 0xB0, 0x00,
    0x00, 0x00, 0x00, 0x00, 0xCF, 0xFF, 0xB0, 0x00, 0x08, 0xFF, 0xFF, 0xA0, 0xCF, 0xFF, 0xB0, 0x00,
    0x8F, 0xFF, 0xF9, 0x00, 0xCF, 0xFF, 0xB0, 0x09, 0xFF, 0xFF, 0x80, 0x00, 0xCF, 0xFF, 0xB0, 0x9F,
    0xFF, 0xF7, 0x00, 0x00, 0xCF, 0xFF, 0xB9, 0xFF, 0xFF, 0x60, 0x00, 0x00, 0xCF, 0xFF, 0xFF, 0xFF,
    0xF5, 0x00, 0x00, 0x00, 0xCF, 0xFF, 0xFF, 0xFF, 0x80, 0x00, 0x00, 0x00, 0xCF, 0xFF, 0xFF, 0xFF,
    0xF6, 0x00, 0x00, 0x00, 0xCF, 0xFF, 0xCD, 0xFF, 0xFF, 0x50, 0x00, 0x00, 0xCF, 0xFF, 0xB2, 0xDF,
    0xFF, 0xF5, 0x00, 0x00, 0xCF, 0xFF, 0xB0, 0x2E, 0xFF, 0xFF, 0x50, 0x00, 0xCF, 0xFF, 0xB0, 0x03,
    0xEF, 0xFF, 0xF5, 0x00, 0xCF, 0xFF, 0xB0, 0x00, 0x3E, 0xFF, 0xFF, 0x50, 0xCF, 0xFF, 0xB0, 0x00,
    0x04, 0xEF, 0xFF, 0xF5, 0xCF, 0xFF, 0xB0, 0xCF, 0xFF, 0xB0, 0xCF, 0xFF, 0xB0, 0xCF, 0xFF, 0xB0,
    0xCF, 0xFF, 0xB0, 0xCF, 0xFF, 0xB0, 0xCF, 0xFF, 0xB0, 0xCF, 0xFF, 0xB0, 0xCF, 0xFF, 0xB0, 0xCF,
    0xFF, 0xB0, 0xCF, 0xFF, 0xB0, 0xCF, 0xFF, 0xB0, 0xCF, 0xFF, 0xB0, 0xCF, 0xFF, 0xB0, 0xCF, 0xFF,
    0xB0, 0xCF, 0xFF, 0xB0, 0xCF, 0xFF, 0xB0, 0xCF, 0xFF, 0xB0, 0xCF, 0xFF, 0xB0, 0xCF, 0xFF, 0xB0,
    0xDF, 0xFF, 0xB0, 0x6C, 0xEE, 0xC6, 0x00, 0x06, 0xCE, 0xEC, 0x70, 0x00, 0xDF, 0xFF, 0xCB, 0xFF,
    0xFF, 0xFF, 0xB1, 0xCF, 0xFF, 0xFF, 0xFB, 0x00, 0xDF, 0xFF, 0xFF, 0xFF, 0xFF, 0xFF, 0xFE, 0xFF,
    0xFF, 0xFF, 0xFF, 0x70, 0xDF, 0xFF, 0xFD, 0x31, 0x5F, 0xFF, 0xFF, 0xE4, 0x14, 0xFF, 0xFF, 0xC0,
    0xDF, 0xFF, 0xF4, 0x00, 0x0D, 0xFF, 0xFF, 0x60, 0x00, 0xAF, 0xFF, 0xF0, 0xDF, 0xFF, 0xE0, 0x00,
    0x0B, 0xFF, 0xFF, 0x10, 0x00, 0x8F, 0xFF, 0xF0, 0xDF, 0xFF, 0xC0, 0x00, 0x0A, 0xFF, 0xFE, 0x00,
    0x00, 0x8F, 0xFF, 0xF0, 0xDF, 0xFF, 0xB0, 0x00, 0x0A, 0xFF, 0xFD, 0x00, 0x00, 0x8F, 0xFF, 0xF0,
    0xDF, 0xFF, 0xB0, 0x00, 0x0A, 0xFF, 0xFD, 0x00, 0x00, 0x8F, 0xFF, 0xF0, 0xDF, 0xFF, 0xB0, 0x00,
    0x0A, 0xFF, 0xFD, 0x00, 0x00, 0x8F, 0xFF, 0xF0, 0xDF, 0xFF, 0xB0, 0x00, 0x0A, 0xFF, 0xFD, 0x00,
    0x00, 0x8F, 0xFF, 0xF0, 0xDF, 0xFF, 0xB0, 0x00, 0x0A, 0xFF, 0xFD, 0x00, 0x00, 0x8F, 0xFF, 0xF0,
    0xDF, 0xFF, 0xB0, 0x00, 0x0A, 0xFF, 0xFD, 0x00, 0x00, 0x8F, 0xFF, 0xF0, 0xDF, 0xFF, 0xB0, 0x00,
    0x0A, 0xFF, 0xFD, 0x00, 0x00, 0x8F, 0xFF, 0xF0, 0xCF, 0xFF, 0xB0, 0x4A, 0xEF, 0xEA, 0x30, 0x00,
    0xCF, 0xFF, 0xBA, 0xFF, 0xFF, 0xFF, 0xF4, 0x00, 0xCF, 0xFF, 0xFF, 0xFF, 0xFF, 0xFF, 0xFD, 0x00,
    0xCF, 0xFF, 0xFE, 0x51, 0x3C, 0xFF, 0xFF, 0x40, 0xCF, 0xFF, 0xF5, 0x00, 0x04, 0xFF, 0xFF, 0x60,
    0xCF, 0xFF, 0xE0, 0x00, 0x02, 0xFF, 0xFF, 0x70, 0xCF, 0xFF, 0xC0, 0x00, 0x02, 0xFF, 0xFF, 0x70,
    0xCF, 0xFF, 0xB0, 0x00, 0x01, 0xFF, 0xFF, 0x70, 0xCF, 0xFF, 0xB0, 0x00, 0x01, 0xFF, 0xFF, 0x70,
    0xCF, 0xFF, 0xB0, 0x00, 0x01, 0xFF, 0xFF, 0x70, 0xCF, 0xFF, 0xB0, 0x00, 0x01, 0xFF, 0xFF, 0x70,
    0xCF, 0xFF, 0xB0, 0x00, 0x01, 0xFF, 0xFF, 0x70, 0xCF, 0xFF, 0xB0, 0x00, 0x01, 0xFF, 0xFF, 0x70,
    0xCF, 0xFF, 0xB0, 0x00, 0x01, 0xFF, 0xFF, 0x70, 0x00, 0x01, 0x7B, 0xDF, 0xED, 0xA6, 0x10, 0x00,
    0x00, 0x5E, 0xFF, 0xFF, 0xFF, 0xFF, 0xE4, 0x00, 0x06, 0xFF, 0xFF, 0xFF, 0xFF, 0xFF, 0xFF, 0x40,
    0x1E, 0xFF, 0xFE, 0x51, 0x16, 0xFF, 0xFF, 0xD0, 0x7F, 0xFF, 0xF6, 0x00, 0x00, 0x8F, 0xFF, 0xF5,
    0xBF, 0xFF, 0xF1, 0x00, 0x00, 0x3F, 0xFF, 0xF9, 0xDF, 0xFF, 0xE0, 0x00, 0x00, 0x1F, 0xFF, 0xFB,
    0xDF, 0xFF, 0xE0, 0x00, 0x00, 0x1F, 0xFF, 0xFB, 0xBF, 0xFF, 0xF1, 0x00, 0x00, 0x3F, 0xFF, 0xF9,
    0x7F, 0xFF, 0xF6, 0x00, 0x00, 0x8F, 0xFF, 0xF5, 0x1E, 0xFF, 0xFE, 0x51, 0x16, 0xFF, 0xFF, 0xD0,
    0x06, 0xFF, 0xFF, 0xFF, 0xFF, 0xFF, 0xFF, 0x40, 0x00, 0x5E, 0xFF, 0xFF, 0xFF, 0xFF, 0xE4, 0x00,
    0x00, 0x01, 0x7B, 0xEF, 0xFD, 0xB6, 0x10, 0x00, 0xCF, 0xFF, 0xB0, 0x5B, 0xEF, 0xD9, 0x20, 0x00,
    0xCF, 0xFF, 0xCA, 0xFF, 0xFF, 0xFF, 0xE4, 0x00, 0xCF, 0xFF, 0xFF, 0xFF, 0xFF, 0xFF, 0xFE, 0x20,
    0xCF, 0xFF, 0xFD, 0x40, 0x29, 0xFF, 0xFF, 0xB0, 0xCF, 0xFF, 0xF4, 0x00, 0x00, 0xCF, 0xFF, 0xF1,
    0xCF, 0xFF, 0xE0, 0x00, 0x00, 0x6F, 0xFF, 0xF5, 0xCF, 0xFF, 0xC0, 0x00, 0x00, 0x5F, 0xFF, 0xF6,
    0xCF, 0xFF, 0xC0, 0x00, 0x00, 0x5F, 0xFF, 0xF6, 0xCF, 0xFF, 0xE0, 0x00, 0x00, 0x6F, 0xFF, 0xF5,
    0xCF, 0xFF, 0xF4, 0x00, 0x00, 0xCF, 0xFF, 0xF1, 0xCF, 0xFF, 0xFD, 0x40, 0x29, 0xFF, 0xFF, 0xB0,
    0xCF, 0xFF, 0xFF, 0xFF, 0xFF, 0xFF, 0xFF, 0x20, 0xCF, 0xFF, 0xCA, 0xFF, 0xFF, 0xFF, 0xF5, 0x00,
    0xCF, 0xFF, 0xB0, 0x5B, 0xEF, 0xD9, 0x20, 0x00, 0xCF, 0xFF, 0xB0, 0x00, 0x00, 0x00, 0x00, 0x00,
    0xCF, 0xFF, 0xB0, 0x00, 0x00, 0x00, 0x00, 0x00, 0xCF, 0xFF, 0xB0, 0x00, 0x00, 0x00, 0x00, 0x00,
    0xCF, 0xFF, 0xB0, 0x00, 0x00, 0x00, 0x00, 0x00, 0xCF, 0xFF, 0xB0, 0x00, 0x00, 0x00, 0x00, 0x00,
    0x00, 0x05, 0xBE, 0xFD, 0x92, 0x2F, 0xFF, 0xF6, 0x00, 0xAF, 0xFF, 0xFF, 0xFF, 0x7F, 0xFF, 0xF6,
    0x08, 0xFF, 0xFF, 0xFF, 0xFF, 0xFF, 0xFF, 0xF6, 0x2F, 0xFF, 0xFE, 0x51, 0x18, 0xFF, 0xFF, 0xF6,
    0x7F, 0xFF, 0xF6, 0x00, 0x00, 0xAF, 0xFF, 0xF6, 0xBF, 0xFF, 0xF1, 0x00, 0x00, 0x5F, 0xFF, 0xF6,
    0xCF, 0xFF, 0xE0, 0x00, 0x00, 0x3F, 0xFF, 0xF6, 0xCF, 0xFF, 0xE0, 0x00, 0x00, 0x3F, 0xFF, 0xF6,
    0xAF, 0xFF, 0xF1, 0x00, 0x00, 0x5F, 0xFF, 0xF6, 0x7F, 0xFF, 0xF6, 0x00, 0x00, 0xAF, 0xFF, 0xF6,
    0x2F, 0xFF, 0xFE, 0x51, 0x17, 0xFF, 0xFF, 0xF6, 0x08, 0xFF, 0xFF, 0xFF, 0xFF, 0xFF, 0xFF, 0xF6,
    0x00, 0xAF, 0xFF, 0xFF, 0xFF, 0x7F, 0xFF, 0xF6, 0x00, 0x05, 0xBE, 0xFD, 0x92, 0x2F, 0xFF, 0xF6,
    0x00, 0x00, 0x00, 0x00, 0x00, 0x2F, 0xFF, 0xF6, 0x00, 0x00, 0x00, 0x00, 0x00, 0x2F, 0xFF, 0xF6,
    0x00, 0x00, 0x00, 0x00, 0x00, 0x2F, 0xFF, 0xF6, 0x00, 0x00, 0x00, 0x00, 0x00, 0x2F, 0xFF, 0xF6,
    0x00, 0x00, 0x00, 0x00, 0x00, 0x2F, 0xFF, 0xF6, 0xCF, 0xFF, 0xB0, 0x29, 0xDF, 0xB0, 0xCF, 0xFF,
    0xB3, 0xEF, 0xFF, 0xB0, 0xCF, 0xFF, 0xCD, 0xFF, 0xFF, 0xB0, 0xCF, 0xFF, 0xFF, 0x82, 0x14, 0x80,
    0xCF, 0xFF, 0xF8, 0x00, 0x00, 0x00, 0xCF, 0xFF, 0xF1, 0x00, 0x00, 0x00, 0xCF, 0xFF, 0xC0, 0x00,
    0x00, 0x00, 0xCF, 0xFF, 0xB0, 0x00, 0x00, 0x00, 0xCF, 0xFF, 0xB0, 0x00, 0x00, 0x00, 0xCF, 0xFF,
    0xB0, 0x00, 0x00, 0x00, 0xCF, 0xFF, 0xB0, 0x00, 0x00, 0x00, 0xCF, 0xFF, 0xB0, 0x00, 0x00, 0x00,
    0xCF, 0xFF, 0xB0, 0x00, 0x00, 0x00, 0xCF, 0xFF, 0xB0, 0x00, 0x00, 0x00, 0x00, 0x4A, 0xDE, 0xFE,
    0xCA, 0x73, 0x00, 0x09, 0xFF, 0xFF, 0xFF, 0xFF, 0xFF, 0x40, 0x5F, 0xFF, 0xFF, 0xFF, 0xFF, 0xFF,
    0x40, 0x9F, 0xFF, 0xB2, 0x01, 0x24, 0x8C, 0x40, 0x9F, 0xFF, 0x80, 0x00, 0x00, 0x00, 0x00, 0x7F,
    0xFF, 0xFD, 0xB9, 0x63, 0x00, 0x00, 0x1E, 0xFF, 0xFF, 0xFF, 0xFF, 0xE8, 0x00, 0x02, 0xAF, 0xFF,
    0xFF, 0xFF, 0xFF, 0xA0, 0x00, 0x01, 0x46, 0x8B, 0xEF, 0xFF, 0xF1, 0x00, 0x00, 0x00, 0x00, 0x3F,
    0xFF, 0xF3, 0x6B, 0x74, 0x21, 0x02, 0x8F, 0xFF, 0xF2, 0x7F, 0xFF, 0xFF, 0xFF, 0xFF, 0xFF, 0xD0,
    0x7F, 0xFF, 0xFF, 0xFF, 0xFF, 0xFD, 0x30, 0x03, 0x7B, 0xCE, 0xFE, 0xDB, 0x61, 0x00, 0x00, 0x6F,
    0xFF, 0xF2, 0x00, 0x00, 0x00, 0x6F, 0xFF, 0xF2, 0x00, 0x00, 0x00, 0x6F, 0xFF, 0xF2, 0x00, 0x00,
    0x00, 0x6F, 0xFF, 0xF2, 0x00, 0x00, 0xAF, 0xFF, 0xFF, 0xFF, 0xFF, 0xFC, 0xAF, 0xFF, 0xFF, 0xFF,
    0xFF, 0xFC, 0xAF, 0xFF, 0xFF, 0xFF, 0xFF, 0xFC, 0x00, 0x6F, 0xFF, 0xF2, 0x00, 0x00, 0x00, 0x6F,
    0xFF, 0xF2, 0x00, 0x00, 0x00, 0x6F, 0xFF, 0xF2, 0x00, 0x00, 0x00, 0x6F, 0xFF, 0xF2, 0x00, 0x00,
    0x00, 0x6F, 0xFF, 0xF2, 0x00, 0x00, 0x00, 0x6F, 0xFF, 0xF2, 0x00, 0x00, 0x00, 0x6F, 0xFF, 0xF3,
    0x00, 0x00, 0x00, 0x4F, 0xFF, 0xF8, 0x10, 0x00, 0x00, 0x1F, 0xFF, 0xFF, 0xFF, 0xF7, 0x00, 0x09,
    0xFF, 0xFF, 0xFF, 0xF7, 0x00, 0x00, 0x6C, 0xEF, 0xFF, 0xF7, 0xFF, 0xFF, 0x90, 0x00, 0x03, 0xFF,
    0xFF, 0x50, 0xFF, 0xFF, 0x90, 0x00, 0x03, 0xFF, 0xFF, 0x50, 0xFF, 0xFF, 0x90, 0x00, 0x03, 0xFF,
    0xFF, 0x50, 0xFF, 0xFF, 0x90, 0x00, 0x03, 0xFF, 0xFF, 0x50, 0xFF, 0xFF, 0x90, 0x00, 0x03, 0xFF,
    0xFF, 0x50, 0xFF, 0xFF, 0x90, 0x00, 0x03, 0xFF, 0xFF, 0x50, 0xFF, 0xFF, 0x90, 0x00, 0x03, 0xFF,
    0xFF, 0x50, 0xFF, 0xFF, 0x90, 0x00, 0x04, 0xFF, 0xFF, 0x50, 0xEF, 0xFF, 0x90, 0x00, 0x06, 0xFF,
    0xFF, 0x50, 0xEF, 0xFF, 0xC0, 0x00, 0x0C, 0xFF, 0xFF, 0x50, 0xBF, 0xFF, 0xF7, 0x12, 0x9F, 0xFF,
    0xFF, 0x50, 0x6F, 0xFF, 0xFF, 0xFF, 0xFF, 0xFF, 0xFF, 0x50, 0x0B, 0xFF, 0xFF, 0xFF, 0xE7, 0xFF,
    0xFF, 0x50, 0x00, 0x7C, 0xEE, 0xD8, 0x13, 0xFF, 0xFF, 0x50, 0x6F, 0xFF, 0xF2, 0x00, 0x00, 0x03,
    0xFF, 0xFF, 0x50, 0x1E, 0xFF, 0xF7, 0x00, 0x00, 0x08, 0xFF, 0xFE, 0x00, 0x09, 0xFF, 0xFD, 0x00,
    0x00, 0x0D, 0xFF, 0xF8, 0x00, 0x03, 0xFF, 0xFF, 0x30, 0x00, 0x4F, 0xFF, 0xF2, 0x00, 0x00, 0xCF,
    0xFF, 0x90, 0x00, 0x9F, 0xFF, 0xB0, 0x00, 0x00, 0x6F, 0xFF, 0xE0, 0x01, 0xEF, 0xFF, 0x50, 0x00,
    0x00, 0x1E, 0xFF, 0xF5, 0x05, 0xFF, 0xFE, 0x00, 0x00, 0x00, 0x09, 0xFF, 0xFA, 0x0B, 0xFF, 0xF8,
    0x00, 0x00, 0x00, 0x03, 0xFF, 0xFF, 0x3F, 0xFF, 0xF2, 0x00, 0x00, 0x00, 0x00, 0xCF, 0xFF, 0xDF,
    0xFF, 0xC0, 0x00, 0x00, 0x00, 0x00, 0x6F, 0xFF, 0xFF, 0xFF, 0x50, 0x00, 0x00, 0x00, 0x00, 0x1E,
    0xFF, 0xFF, 0xFE, 0x00, 0x00, 0x00, 0x00, 0x00, 0x09, 0xFF, 0xFF, 0xF9, 0x00, 0x00, 0x00, 0x00,
    0x00, 0x03, 0xFF, 0xFF, 0xF3, 0x00, 0x00, 0x00, 0xEF, 0xFF, 0x70, 0x00, 0x0F, 0xFF, 0xF1, 0x00,
    0x06, 0xFF, 0xFE, 0xAF, 0xFF, 0xA0, 0x00, 0x4F, 0xFF, 0xF4, 0x00, 0x0A, 0xFF, 0xFB, 0x6F, 0xFF,
    0xE0, 0x00, 0x8F, 0xFF, 0xF8, 0x00, 0x0E, 0xFF, 0xF7, 0x2F, 0xFF, 0xF3, 0x00, 0xBF, 0xFF, 0xFC,
    0x00, 0x3F, 0xFF, 0xF3, 0x0D, 0xFF, 0xF7, 0x00, 0xFF, 0xEE, 0xFF, 0x10, 0x7F, 0xFF, 0xE0, 0x09,
    0xFF, 0xFA, 0x04, 0xFF, 0xBB, 0xFF, 0x40, 0xAF, 0xFF, 0xA0, 0x05, 0xFF, 0xFE, 0x07, 0xFF, 0x77,
    0xFF, 0x80, 0xEF, 0xFF, 0x60, 0x01, 0xFF, 0xFF, 0x3B, 0xFF, 0x43, 0xFF, 0xC3, 0xFF, 0xFF, 0x20,
    0x00, 0xCF, 0xFF, 0x7F, 0xFE, 0x00, 0xEF, 0xF7, 0xFF, 0xFD, 0x00, 0x00, 0x8F, 0xFF, 0xDF, 0xFB,
    0x00, 0xBF, 0xFE, 0xFF, 0xF9, 0x00, 0x00, 0x4F, 0xFF, 0xFF, 0xF7, 0x00, 0x7F, 0xFF, 0xFF, 0xF5,
    0x00, 0x00, 0x1F, 0xFF, 0xFF, 0xF4, 0x00, 0x3F, 0xFF, 0xFF, 0xF1, 0x00, 0x00, 0x0B, 0xFF, 0xFF,
    0xF0, 0x00, 0x0E, 0xFF, 0xFF, 0xC0, 0x00, 0x00, 0x07, 0xFF, 0xFF, 0xB0, 0x00, 0x0B, 0xFF, 0xFF,
    0x80, 0x00, 0x1E, 0xFF, 0xFC, 0x00, 0x00, 0x2E, 0xFF, 0xFB, 0x00, 0x04, 0xFF, 0xFF, 0x80, 0x00,
    0xBF, 0xFF, 0xE1, 0x00, 0x00, 0x7F, 0xFF, 0xF3, 0x07, 0xFF, 0xFF, 0x40, 0x00, 0x00, 0x0B, 0xFF,
    0xFD, 0x4F, 0xFF, 0xF7, 0x00, 0x00, 0x00, 0x01, 0xDF, 0xFF, 0xFF, 0xFF, 0xB0, 0x00, 0x00, 0x00,
    0x00, 0x4F, 0xFF, 0xFF, 0xFE, 0x10, 0x00, 0x00, 0x00, 0x00, 0x07, 0xFF, 0xFF, 0xF4, 0x00, 0x00,
    0x00, 0x00, 0x00, 0x0B, 0xFF, 0xFF, 0xF8, 0x00, 0x00, 0x00, 0x00, 0x00, 0x7F, 0xFF, 0xFF, 0xFF,
    0x40, 0x00, 0x00, 0x00, 0x04, 0xFF, 0xFF, 0xDF, 0xFF, 0xE1, 0x00, 0x00, 0x00, 0x1D, 0xFF, 0xFA,
    0x1D, 0xFF, 0xFB, 0x00, 0x00, 0x00, 0xBF, 0xFF, 0xE1, 0x04, 0xFF, 0xFF, 0x80, 0x00, 0x07, 0xFF,
    0xFF, 0x40, 0x00, 0x8F, 0xFF, 0xF4, 0x00, 0x4F, 0xFF, 0xF8, 0x00, 0x00, 0x0C, 0xFF, 0xFE, 0x10,
    0x7F, 0xFF, 0xF1, 0x00, 0x00, 0x04, 0xFF, 0xFF, 0x40, 0x1E, 0xFF, 0xF7, 0x00, 0x00, 0x09, 0xFF,
    0xFD, 0x00, 0x09, 0xFF, 0xFD, 0x00, 0x00, 0x0E, 0xFF, 0xF7, 0x00, 0x02, 0xFF, 0xFF, 0x40, 0x00,
    0x4F, 0xFF, 0xF1, 0x00, 0x00, 0xBF, 0xFF, 0xA0, 0x00, 0x9F, 0xFF, 0xA0, 0x00, 0x00, 0x4F, 0xFF,
    0xF1, 0x00, 0xEF, 0xFF, 0x40, 0x00, 0x00, 0x0C, 0xFF, 0xF7, 0x04, 0xFF, 0xFD, 0x00, 0x00, 0x00,
    0x06, 0xFF, 0xFD, 0x09, 0xFF, 0xF7, 0x00, 0x00, 0x00, 0x00, 0xEF, 0xFF, 0x5E, 0xFF, 0xF1, 0x00,
    0x00, 0x00, 0x00, 0x7F, 0xFF, 0xEF, 0xFF, 0xA0, 0x00, 0x00, 0x00, 0x00, 0x1F, 0xFF, 0xFF, 0xFF,
    0x30, 0x00, 0x00, 0x00, 0x00, 0x09, 0xFF, 0xFF, 0xFC, 0x00, 0x00, 0x00, 0x00, 0x00, 0x02, 0xFF,
    0xFF, 0xF6, 0x00, 0x00, 0x00, 0x00, 0x00, 0x00, 0xBF, 0xFF, 0xE1, 0x00, 0x00, 0x00, 0x00, 0x00,
    0x00, 0x7F, 0xFF, 0x90, 0x00, 0x00, 0x00, 0x00, 0x00, 0x04, 0xEF, 0xFF, 0x30, 0x00, 0x00, 0x00,
    0x00, 0x6F, 0xFF, 0xFF, 0xFA, 0x00, 0x00, 0x00, 0x00, 0x00, 0x6F, 0xFF, 0xFF, 0xD1, 0x00, 0x00,
    0x00, 0x00, 0x00, 0x6F, 0xFE, 0xD8, 0x10, 0x00, 0x00, 0x00, 0x00, 0x8F, 0xFF, 0xFF, 0xFF, 0xFF,
    0xFF, 0xD0, 0x8F, 0xFF, 0xFF, 0xFF, 0xFF, 0xFF, 0xD0, 0x8F, 0xFF, 0xFF, 0xFF, 0xFF, 0xFF, 0xD0,
    0x00, 0x00, 0x00, 0x1C, 0xFF, 0xFF, 0x90, 0x00, 0x00, 0x01, 0xBF, 0xFF, 0xF9, 0x00, 0x00, 0x00,
    0x0B, 0xFF, 0xFF, 0xA0, 0x00, 0x00, 0x00, 0xAF, 0xFF, 0xFA, 0x00, 0x00, 0x00, 0x0A, 0xFF, 0xFF,
    0xB0, 0x00, 0x00, 0x00, 0x9F, 0xFF, 0xFB, 0x10, 0x00, 0x00, 0x09, 0xFF, 0xFF, 0xC1, 0x00, 0x00,
    0x00, 0x8F, 0xFF, 0xFC, 0x10, 0x00, 0x00, 0x00, 0xCF, 0xFF, 0xFF, 0xFF, 0xFF, 0xFF, 0xD0, 0xCF,
    0xFF, 0xFF, 0xFF, 0xFF, 0xFF, 0xD0, 0xCF, 0xFF, 0xFF, 0xFF, 0xFF, 0xFF, 0xD0, 0x00, 0x00, 0x00,
    0x7C, 0xEF, 0xFF, 0x40, 0x00, 0x00, 0x0C, 0xFF, 0xFF, 0xFF, 0x40, 0x00, 0x00, 0x6F, 0xFF, 0xFF,
    0xFF, 0x40, 0x00, 0x00, 0xAF, 0xFF, 0xE5, 0x10, 0x00, 0x00, 0x00, 0xCF, 0xFF, 0xA0, 0x00, 0x00,
    0x00, 0x00, 0xCF, 0xFF, 0x80, 0x00, 0x00, 0x00, 0x00, 0xCF, 0xFF, 0x80, 0x00, 0x00, 0x00, 0x00,
    0xCF, 0xFF, 0x80, 0x00, 0x00, 0x00, 0x00, 0xDF, 0xFF, 0x80, 0x00, 0x00, 0x00, 0x01, 0xFF, 0xFF,
    0x60, 0x00, 0x00, 0x00, 0x3B, 0xFF, 0xFF, 0x30, 0x00, 0x00, 0xBF, 0xFF, 0xFF, 0xF9, 0x00, 0x00,
    0x00, 0xBF, 0xFF, 0xFF, 0x90, 0x00, 0x00, 0x00, 0xBF, 0xFF, 0xFF, 0xFB, 0x00, 0x00, 0x00, 0x00,
    0x3B, 0xFF, 0xFF, 0x40, 0x00, 0x00, 0x00, 0x01, 0xFF, 0xFF, 0x70, 0x00, 0x00, 0x00, 0x00, 0xDF,
    0xFF, 0x80, 0x00, 0x00, 0x00, 0x00, 0xCF, 0xFF, 0x80, 0x00, 0x00, 0x00, 0x00, 0xCF, 0xFF, 0x80,
    0x00, 0x00, 0x00, 0x00, 0xCF, 0xFF, 0x90, 0x00, 0x00, 0x00, 0x00, 0xAF, 0xFF, 0xE4, 0x10, 0x00,
    0x00, 0x00, 0x6F, 0xFF, 0xFF, 0xFF, 0x40, 0x00, 0x00, 0x1C, 0xFF, 0xFF, 0xFF, 0x40, 0x00, 0x00,
    0x01, 0x7C, 0xEF, 0xFF, 0x40, 0xBF, 0xF3, 0xBF, 0xF3, 0xBF, 0xF3, 0xBF, 0xF3, 0xBF, 0xF3, 0xBF,
    0xF3, 0xBF, 0xF3, 0xBF, 0xF3, 0xBF, 0xF3, 0xBF, 0xF3, 0xBF, 0xF3, 0xBF, 0xF3, 0xBF, 0xF3, 0xBF,
    0xF3, 0xBF, 0xF3, 0xBF, 0xF3, 0xBF, 0xF3, 0xBF, 0xF3, 0xBF, 0xF3, 0xBF, 0xF3, 0xBF, 0xF3, 0xBF,
    0xF3, 0xBF, 0xF3, 0xBF, 0xF3, 0xBF, 0xF3, 0xBF, 0xF3, 0xBF, 0xFF, 0xDA, 0x30, 0x00, 0x00, 0x00,
    0xBF, 0xFF, 0xFF, 0xF5, 0x00, 0x00, 0x00, 0xBF, 0xFF, 0xFF, 0xFD, 0x00, 0x00, 0x00, 0x00, 0x2A,
    0xFF, 0xFF, 0x30, 0x00, 0x00, 0x00, 0x02, 0xFF, 0xFF, 0x40, 0x00, 0x00, 0x00, 0x00, 0xFF, 0xFF,
    0x50, 0x00, 0x00, 0x00, 0x00, 0xFF, 0xFF, 0x50, 0x00, 0x00, 0x00, 0x00, 0xFF, 0xFF, 0x50, 0x00,
    0x00, 0x00, 0x00, 0xFF, 0xFF, 0x60, 0x00, 0x00, 0x00, 0x00, 0xEF, 0xFF, 0x90, 0x00, 0x00, 0x00,
    0x00, 0xAF, 0xFF, 0xF6, 0x10, 0x00, 0x00, 0x00, 0x2E, 0xFF, 0xFF, 0xFF, 0x40, 0x00, 0x00, 0x03,
    0xDF, 0xFF, 0xFF, 0x40, 0x00, 0x00, 0x4F, 0xFF, 0xFF, 0xFF, 0x40, 0x00, 0x00, 0xCF, 0xFF, 0xF6,
    0x10, 0x00, 0x00, 0x00, 0xEF, 0xFF, 0x90, 0x00, 0x00, 0x00, 0x00, 0xFF, 0xFF, 0x50, 0x00, 0x00,
    0x00, 0x00, 0xFF, 0xFF, 0x50, 0x00, 0x00, 0x00, 0x00, 0xFF, 0xFF, 0x50, 0x00, 0x00, 0x00, 0x02,
    0xFF, 0xFF, 0x40, 0x00, 0x00, 0x00, 0x29, 0xFF, 0xFF, 0x30, 0x00, 0x00, 0xBF, 0xFF, 0xFF, 0xFE,
    0x00, 0x00, 0x00, 0xBF, 0xFF, 0xFF, 0xF5, 0x00, 0x00, 0x00, 0xBF, 0xFF, 0xDA, 0x40, 0x00, 0x00,
    0x00, 0x00, 0x00, 0x00, 0x00, 0x00, 0x00, 0x00, 0x00, 0x10, 0x00, 0x29, 0xDF, 0xD9, 0x40, 0x00,
    0x00, 0x02, 0xC0, 0x07, 0xFF, 0xFF, 0xFF, 0xFC, 0x72, 0x02, 0x7E, 0xF0, 0x4F, 0xFF, 0xFF, 0xFF,
    0xFF, 0xFF, 0xFF, 0xFF, 0xF0, 0x4F, 0xC5, 0x11, 0x38, 0xEF, 0xFF, 0xFF, 0xFE, 0x40, 0x37, 0x00,
    0x00, 0x00, 0x05, 0xBE, 0xEC, 0x81, 0x00, 0x5F, 0xFF, 0xF3, 0x5F, 0xFF, 0xF3, 0x5F, 0xFF, 0xF3,
    0x5F, 0xFF, 0xF3, 0x5F, 0xFF, 0xF3, 0x00, 0x00, 0x00, 0x00, 0x00, 0x00, 0x0C, 0xFF, 0x90, 0x0E,
    0xFF, 0xB0, 0x0F, 0xFF, 0xD0, 0x2F, 0xFF, 0xF0, 0x4F, 0xFF, 0xF2, 0x5F, 0xFF, 0xF3, 0x5F, 0xFF,
    0xF3, 0x5F, 0xFF, 0xF3, 0x5F, 0xFF, 0xF3, 0x5F, 0xFF, 0xF3, 0x5F, 0xFF, 0xF3, 0x5F, 0xFF, 0xF3,
    0x00, 0x00, 0x00, 0x1F, 0xF0, 0x00, 0x00, 0x00, 0x00, 0x00, 0x1F, 0xF0, 0x00, 0x00, 0x00, 0x00,
    0x00, 0x1F, 0xF0, 0x00, 0x00, 0x00, 0x00, 0x00, 0x1F, 0xF0, 0x00, 0x00, 0x00, 0x01, 0x6B, 0xEF,
    0xFE, 0xB7, 0x10, 0x00, 0x5E, 0xFF, 0xFF, 0xFF, 0xFF, 0xB0, 0x05, 0xFF, 0xFF, 0xFF, 0xFF, 0xFF,
    0xB0, 0x1E, 0xFF, 0xFF, 0xBF, 0xF0, 0x38, 0x90, 0x7F, 0xFF, 0xFA, 0x1F, 0xF0, 0x00, 0x00, 0xAF,
    0xFF, 0xF3, 0x1F, 0xF0, 0x00, 0x00, 0xCF, 0xFF, 0xF0, 0x1F, 0xF0, 0x00, 0x00, 0xBF, 0xFF, 0xF0,
    0x1F, 0xF0, 0x00, 0x00, 0x9F, 0xFF, 0xF2, 0x1F, 0xF0, 0x00, 0x00, 0x5F, 0xFF, 0xF9, 0x1F, 0xF0,
    0x00, 0x00, 0x0D, 0xFF, 0xFF, 0xAF, 0xF1, 0x37, 0x90, 0x04, 0xFF, 0xFF, 0xFF, 0xFF, 0xFF, 0xB0,
    0x00, 0x3D, 0xFF, 0xFF, 0xFF, 0xFF, 0xB0, 0x00, 0x00, 0x5A, 0xDF, 0xFE, 0xC7, 0x20, 0x00, 0x00,
    0x00, 0x1F, 0xF0, 0x00, 0x00, 0x00, 0x00, 0x00, 0x1F, 0xF0, 0x00, 0x00, 0x00, 0x00, 0x00, 0x1F,
    0xF0, 0x00, 0x00, 0x00, 0x00, 0x00, 0x1F, 0xF0, 0x00, 0x00, 0x00, 0x00, 0x00, 0x6A, 0xDE, 0xED,
    0xB6, 0x10, 0x00, 0x00, 0x1C, 0xFF, 0xFF, 0xFF, 0xFF, 0xC0, 0x00, 0x00, 0xBF, 0xFF, 0xFF, 0xFF,
    0xFF, 0xC0, 0x00, 0x02, 0xFF, 0xFF, 0xE5, 0x11, 0x37, 0xA0, 0x00, 0x06, 0xFF, 0xFF, 0x60, 0x00,
    0x00, 0x00, 0x00, 0x07, 0xFF, 0xFF, 0x30, 0x00, 0x00, 0x00, 0x00, 0x08, 0xFF, 0xFF, 0x20, 0x00,
    0x00, 0x00, 0x00, 0x08, 0xFF, 0xFF, 0x20, 0x00, 0x00, 0x00, 0x0F, 0xFF, 0xFF, 0xFF, 0xFF, 0xFF,
    0xD0, 0x00, 0x0F, 0xFF, 0xFF, 0xFF, 0xFF, 0xFF, 0xD0, 0x00, 0x0F, 0xFF, 0xFF, 0xFF, 0xFF, 0xFF,
    0xD0, 0x00, 0x00, 0x08, 0xFF, 0xFF, 0x20, 0x00, 0x00, 0x00, 0x00, 0x08, 0xFF, 0xFF, 0x20, 0x00,
    0x00, 0x00, 0x00, 0x08, 0xFF, 0xFF, 0x20, 0x00, 0x00, 0x00, 0x00, 0x08, 0xFF, 0xFF, 0x20, 0x00,
    0x00, 0x00, 0x00, 0x08, 0xFF, 0xFF, 0x20, 0x00, 0x00, 0x00, 0x6F, 0xFF, 0xFF, 0xFF, 0xFF, 0xFF,
    0xFF, 0xE0, 0x6F, 0xFF, 0xFF, 0xFF, 0xFF, 0xFF, 0xFF, 0xE0, 0x6F, 0xFF, 0xFF, 0xFF, 0xFF, 0xFF,
    0xFF, 0xE0, 0x08, 0x60, 0x00, 0x00, 0x00, 0x01, 0xB4, 0x00, 0x7F, 0xF5, 0x00, 0x00, 0x00, 0x0B,
    0xFE, 0x30, 0xAF, 0xFF, 0x59, 0xDE, 0xC7, 0xAF, 0xFF, 0x40, 0x0B, 0xFF, 0xFF, 0xFF, 0xFF, 0xFF,
    0xF5, 0x00, 0x01, 0xCF, 0xFF, 0xFF, 0xFF, 0xFF, 0x70, 0x00, 0x00, 0x9F, 0xFA, 0x21, 0x4D, 0xFF,
    0x30, 0x00, 0x00, 0xFF, 0xC0, 0x00, 0x03, 0xFF, 0x80, 0x00, 0x02, 0xFF, 0x90, 0x00, 0x00, 0xFF,
    0xA0, 0x00, 0x00, 0xFF, 0xC0, 0x00, 0x03, 0xFF, 0x90, 0x00, 0x00, 0xAF, 0xFA, 0x21, 0x4D, 0xFF,
    0x30, 0x00, 0x01, 0xCF, 0xFF, 0xFF, 0xFF, 0xFF, 0x70, 0x00, 0x0B, 0xFF, 0xFF, 0xFF, 0xFF, 0xFF,
    0xF5, 0x00, 0xAF, 0xFF, 0x6A, 0xDE, 0xC6, 0xAF, 0xFF, 0x40, 0x8F, 0xF5, 0x00, 0x00, 0x00, 0x0B,
    0xFD, 0x20, 0x09, 0x50, 0x00, 0x00, 0x00, 0x00, 0xA2, 0x00, 0x6F, 0xFF, 0xFA, 0x00, 0x00, 0x00,
    0x9F, 0xFF, 0xF7, 0x0C, 0xFF, 0xFF, 0x40, 0x00, 0x03, 0xFF, 0xFF, 0xD0, 0x03, 0xFF, 0xFF, 0xD1,
    0x00, 0x0C, 0xFF, 0xFF, 0x40, 0x00, 0x8F, 0xFF, 0xF8, 0x00, 0x7F, 0xFF, 0xFA, 0x00, 0x00, 0x1D,
    0xFF, 0xFF, 0x22, 0xEF, 0xFF, 0xE1, 0x00, 0x00, 0x05, 0xFF, 0xFF, 0xBA, 0xFF, 0xFF, 0x60, 0x00,
    0x00, 0x00, 0xBF, 0xFF, 0xFF, 0xFF, 0xFC, 0x00, 0x00, 0x2F, 0xFF, 0xFF, 0xFF, 0xFF, 0xFF, 0xFF,
    0xFF, 0xF4, 0x2F, 0xFF, 0xFF, 0xFF, 0xFF, 0xFF, 0xFF, 0xFF, 0xF4, 0x00, 0x00, 0x00, 0xBF, 0xFF,
    0xFC, 0x00, 0x00, 0x00, 0x00, 0x00, 0x00, 0x6F, 0xFF, 0xF7, 0x00, 0x00, 0x00, 0x2F, 0xFF, 0xFF,
    0xFF, 0xFF, 0xFF, 0xFF, 0xFF, 0xF4, 0x2F, 0xFF, 0xFF, 0xFF, 0xFF, 0xFF, 0xFF, 0xFF, 0xF4, 0x00,
    0x00, 0x00, 0x6F, 0xFF, 0xF7, 0x00, 0x00, 0x00, 0x00, 0x00, 0x00, 0x6F, 0xFF, 0xF7, 0x00, 0x00,
    0x00, 0x00, 0x00, 0x00, 0x6F, 0xFF, 0xF7, 0x00, 0x00, 0x00, 0x00, 0x00, 0x00, 0x6F, 0xFF, 0xF7,
    0x00, 0x00, 0x00, 0x00, 0x00, 0x00, 0x6F, 0xFF, 0xF7, 0x00, 0x00, 0x00, 0x00, 0x00, 0x00, 0x6F,
    0xFF, 0xF7, 0x00, 0x00, 0x00, 0xBF, 0xF3, 0xBF, 0xF3, 0xBF, 0xF3, 0xBF, 0xF3, 0xBF, 0xF3, 0xBF,
    0xF3, 0xBF, 0xF3, 0xBF, 0xF3, 0xBF, 0xF3, 0xBF, 0xF3, 0x00, 0x00, 0x00, 0x00, 0x00, 0x00, 0xBF,
    0xF3, 0xBF, 0xF3, 0xBF, 0xF3, 0xBF, 0xF3, 0xBF, 0xF3, 0xBF, 0xF3, 0xBF, 0xF3, 0xBF, 0xF3, 0xBF,
    0xF3, 0xBF, 0xF3, 0x00, 0x06, 0xBE, 0xFE, 0xC9, 0x51, 0x00, 0x00, 0xBF, 0xFF, 0xFF, 0xFF, 0xF4,
    0x00, 0x07, 0xFF, 0xFF, 0xFF, 0xFF, 0xF4, 0x00, 0x0B, 0xFF, 0xFA, 0x10, 0x26, 0xB3, 0x00, 0x0A,
    0xFF, 0xF8, 0x00, 0x00, 0x00, 0x00, 0x05, 0xFF, 0xFF, 0xA3, 0x00, 0x00, 0x00, 0x00, 0x8F, 0xFF,
    0xFF, 0xC6, 0x00, 0x00, 0x03, 0xCF, 0xFF, 0xFF, 0xFF, 0xD4, 0x00, 0x3E, 0xFF, 0xD7, 0xAF, 0xFF,
    0xFF, 0x40, 0xAF, 0xFE, 0x10, 0x02, 0xAF, 0xFF, 0xB0, 0xCF, 0xFE, 0x00, 0x00, 0x0C, 0xFF, 0xD0,
    0xAF, 0xFF, 0xA1, 0x00, 0x0C, 0xFF, 0xB0, 0x3F, 0xFF, 0xFF, 0xA5, 0xAF, 0xFF, 0x50, 0x04, 0xEF,
    0xFF, 0xFF, 0xFF, 0xE5, 0x00, 0x00, 0x17, 0xDF, 0xFF, 0xFF, 0x70, 0x00, 0x00, 0x00, 0x04, 0xBF,
    0xFF, 0xF6, 0x00, 0x00, 0x00, 0x00, 0x08, 0xFF, 0xFC, 0x00, 0x07, 0xA6, 0x30, 0x19, 0xFF, 0xFD,
    0x00, 0x08, 0xFF, 0xFF, 0xFF, 0xFF, 0xF9, 0x00, 0x08, 0xFF, 0xFF, 0xFF, 0xFF, 0xC1, 0x00, 0x04,
    0x9C, 0xEE, 0xFE, 0xB6, 0x00, 0x00, 0x8F, 0xF7, 0x07, 0xFF, 0x80, 0x8F, 0xF7, 0x07, 0xFF, 0x80,
    0x8F, 0xF7, 0x07, 0xFF, 0x80, 0x00, 0x00, 0x00, 0x59, 0xDE, 0xED, 0x95, 0x00, 0x00, 0x00, 0x00,
    0x00, 0x3C, 0xFF, 0xFF, 0xFF, 0xFF, 0xC3, 0x00, 0x00, 0x00, 0x05, 0xEF, 0xD7, 0x31, 0x13, 0x7D,
    0xFE, 0x50, 0x00, 0x00, 0x4F, 0xF9, 0x00, 0x00, 0x00, 0x00, 0x9F, 0xF4, 0x00, 0x01, 0xEF, 0x70,
    0x05, 0xBE, 0xFE, 0xC7, 0x07, 0xFE, 0x10, 0x08, 0xFB, 0x00, 0xAF, 0xFF, 0xFF, 0xFC, 0x00, 0xBF,
    0x80, 0x0E, 0xF2, 0x08, 0xFF, 0xE6, 0x11, 0x59, 0x00, 0x3F, 0xD0, 0x3F, 0xC0, 0x1F, 0xFF, 0x60,
    0x00, 0x00, 0x00, 0x0C, 0xF3, 0x5F, 0x90, 0x4F, 0xFF, 0x00, 0x00, 0x00, 0x00, 0x09, 0xF5, 0x6F,
    0x80, 0x5F, 0xFE, 0x00, 0x00, 0x00, 0x00, 0x08, 0xF6, 0x5F, 0x90, 0x4F, 0xFF, 0x00, 0x00, 0x00,
    0x00, 0x09, 0xF5, 0x3F, 0xC0, 0x1F, 0xFF, 0x60, 0x00, 0x00, 0x00, 0x0C, 0xF3, 0x0E, 0xF2, 0x08,
    0xFF, 0xE5, 0x11, 0x59, 0x00, 0x2F, 0xE0, 0x08, 0xFA, 0x00, 0xAF, 0xFF, 0xFF, 0xFC, 0x00, 0xAF,
    0x80, 0x01, 0xEF, 0x70, 0x05, 0xBE, 0xFE, 0xC7, 0x07, 0xFE, 0x10, 0x00, 0x4F, 0xF8, 0x00, 0x00,
    0x00, 0x00, 0x8F, 0xF4, 0x00, 0x00, 0x05, 0xEF, 0xD7, 0x21, 0x12, 0x6D, 0xFE, 0x50, 0x00, 0x00,
    0x00, 0x3C, 0xFF, 0xFF, 0xFF, 0xFF, 0xC3, 0x00, 0x00, 0x00, 0x00, 0x00, 0x5A, 0xDE, 0xED, 0xA5,
    0x00, 0x00, 0x00, 0x17, 0xAD, 0xEF, 0xEC, 0x71, 0x00, 0x2F, 0xFF, 0xFF, 0xFF, 0xFD, 0x10, 0x2C,
    0x63, 0x10, 0x3E, 0xFF, 0x70, 0x03, 0x9D, 0xEF, 0xFF, 0xFF, 0xA0, 0x5F, 0xFF, 0xFF, 0xFF, 0xFF,
    0xB0, 0xCF, 0xFA, 0x20, 0x0B, 0xFF, 0xB0, 0xFF, 0xF3, 0x00, 0x1E, 0xFF, 0xB0, 0xDF, 0xF9, 0x12,
    0xBF, 0xFF, 0xB0, 0x7F, 0xFF, 0xFF, 0xFB, 0xFF, 0xB0, 0x05, 0xCE, 0xEB, 0x46, 0xFF, 0xB0, 0x00,
    0x00, 0x00, 0x00, 0x00, 0x00, 0x00, 0x00, 0x00, 0x00, 0x00, 0x00, 0xCF, 0xFF, 0xFF, 0xFF, 0xFF,
    0x80, 0xCF, 0xFF, 0xFF, 0xFF, 0xFF, 0x80, 0xCF, 0xFF, 0xFF, 0xFF, 0xFF, 0x80, 0x00, 0x00, 0x06,
    0x40, 0x00, 0x05, 0x40, 0x00, 0x01, 0xAF, 0x40, 0x00, 0x9F, 0x50, 0x00, 0x2C, 0xFF, 0x40, 0x2C,
    0xFF, 0x50, 0x05, 0xEF, 0xFB, 0x14, 0xEF, 0xFC, 0x10, 0x9F, 0xFF, 0x80, 0x7F, 0xFF, 0x90, 0x00,
    0xFF, 0xE4, 0x00, 0xEF, 0xE5, 0x00, 0x00, 0xFF, 0xE4, 0x00, 0xEF, 0xE5, 0x00, 0x00, 0x9F, 0xFF,
    0x70, 0x8F, 0xFF, 0x80, 0x00, 0x05, 0xEF, 0xFB, 0x15, 0xEF, 0xFC, 0x10, 0x00, 0x3D, 0xFF, 0x40,
    0x2C, 0xFF, 0x50, 0x00, 0x01, 0xAF, 0x40, 0x00, 0x9F, 0x50, 0x00, 0x00, 0x06, 0x40, 0x00, 0x05,
    0x40, 0x4F, 0xFF, 0xFF, 0xFF, 0xFF, 0xFF, 0xFF, 0xFF, 0xF0, 0x4F, 0xFF, 0xFF, 0xFF, 0xFF, 0xFF,
    0xFF, 0xFF, 0xF0, 0x4F, 0xFF, 0xFF, 0xFF, 0xFF, 0xFF, 0xFF, 0xFF, 0xF0, 0x00, 0x00, 0x00, 0x00,
    0x00, 0x00, 0x00, 0xEF, 0xF0, 0x00, 0x00, 0x00, 0x00, 0x00, 0x00, 0x00, 0xEF, 0xF0, 0x00, 0x00,
    0x00, 0x00, 0x00, 0x00, 0x00, 0xEF, 0xF0, 0x00, 0x00, 0x00, 0x00, 0x00, 0x00, 0x00, 0xEF, 0xF0,
    0x00, 0x00, 0x00, 0x00, 0x00, 0x00, 0x00, 0xEF, 0xF0, 0x9F, 0xFF, 0xFF, 0xFF, 0x60, 0x9F, 0xFF,
    0xFF, 0xFF, 0x60, 0x9F, 0xFF, 0xFF, 0xFF, 0x60, 0x9F, 0xFF, 0xFF, 0xFF, 0x60, 0x00, 0x00, 0x00,
    0x59, 0xDE, 0xED, 0x95, 0x00, 0x00, 0x00, 0x00, 0x00, 0x3C, 0xFF, 0xFF, 0xFF, 0xFF, 0xC3, 0x00,
    0x00, 0x00, 0x05, 0xEF, 0xD7, 0x31, 0x13, 0x7D, 0xFE, 0x50, 0x00, 0x00, 0x4F, 0xF9, 0x00, 0x00,
    0x00, 0x00, 0x9F, 0xF4, 0x00, 0x01, 0xEF, 0x70, 0xDF, 0xFF, 0xED, 0x81, 0x07, 0xFE, 0x10, 0x08,
    0xFB, 0x00, 0xDF, 0xFF, 0xFF, 0xFC, 0x00, 0xBF, 0x80, 0x0E, 0xF2, 0x00, 0xDF, 0xC0, 0x3E, 0xFF,
    0x20, 0x3F, 0xD0, 0x3F, 0xC0, 0x00, 0xDF, 0xC0, 0x3E, 0xFF, 0x10, 0x0C, 0xF3, 0x5F, 0x90, 0x00,
    0xDF, 0xFF, 0xFF, 0xFA, 0x00, 0x09, 0xF5, 0x6F, 0x80, 0x00, 0xDF, 0xFF, 0xFE, 0x50, 0x00, 0x08,
    0xF6, 0x5F, 0x90, 0x00, 0xDF, 0xC5, 0xFF, 0x80, 0x00, 0x09, 0xF5, 0x3F, 0xC0, 0x00, 0xDF, 0xC0,
    0xAF, 0xF3, 0x00, 0x0C, 0xF3, 0x0E, 0xF2, 0x00, 0xDF, 0xC0, 0x3F, 0xFA, 0x00, 0x2F, 0xE0, 0x08,
    0xFA, 0x00, 0xDF, 0xC0, 0x0B, 0xFF, 0x20, 0xAF, 0x80, 0x01, 0xEF, 0x70, 0xDF, 0xC0, 0x04, 0xFF,
    0x97, 0xFE, 0x10, 0x00, 0x4F, 0xF8, 0x00, 0x00, 0x00, 0x00, 0x8F, 0xF4, 0x00, 0x00, 0x05, 0xEF,
    0xD7, 0x21, 0x12, 0x6D, 0xFE, 0x50, 0x00, 0x00, 0x00, 0x3C, 0xFF, 0xFF, 0xFF, 0xFF, 0xC3, 0x00,
    0x00, 0x00, 0x00, 0x00, 0x5A, 0xDE, 0xED, 0xA5, 0x00, 0x00, 0x00, 0x8F, 0xFF, 0xFF, 0xFF, 0x80,
    0x8F, 0xFF, 0xFF, 0xFF, 0x80, 0x01, 0x8D, 0xFD, 0x70, 0x00, 0x0C, 0xFF, 0xFF, 0xFB, 0x00, 0x6F,
    0xE4, 0x14, 0xEF, 0x60, 0xAF, 0x60, 0x00, 0x7F, 0xA0, 0xAF, 0x60, 0x00, 0x6F, 0xA0, 0x6F, 0xE4,
    0x14, 0xEF, 0x60, 0x0C, 0xFF, 0xFF, 0xFB, 0x00, 0x01, 0x8D, 0xFD, 0x80, 0x00, 0x00, 0x00, 0x00,
    0x09, 0xFF, 0x60, 0x00, 0x00, 0x00, 0x00, 0x00, 0x00, 0x09, 0xFF, 0x60, 0x00, 0x00, 0x00, 0x00,
    0x00, 0x00, 0x09, 0xFF, 0x60, 0x00, 0x00, 0x00, 0x00, 0x00, 0x00, 0x09, 0xFF, 0x60, 0x00, 0x00,
    0x00, 0x4F, 0xFF, 0xFF, 0xFF, 0xFF, 0xFF, 0xFF, 0xFF, 0xF0, 0x4F, 0xFF, 0xFF, 0xFF, 0xFF, 0xFF,
    0xFF, 0xFF, 0xF0, 0x4F, 0xFF, 0xFF, 0xFF, 0xFF, 0xFF, 0xFF, 0xFF, 0xF0, 0x00, 0x00, 0x00, 0x09,
    0xFF, 0x60, 0x00, 0x00, 0x00, 0x00, 0x00, 0x00, 0x09, 0xFF, 0x60, 0x00, 0x00, 0x00, 0x00, 0x00,
    0x00, 0x09, 0xFF, 0x60, 0x00, 0x00, 0x00, 0x00, 0x00, 0x00, 0x09, 0xFF, 0x60, 0x00, 0x00, 0x00,
    0x00, 0x00, 0x00, 0x00, 0x00, 0x00, 0x00, 0x00, 0x00, 0x00, 0x00, 0x00, 0x00, 0x00, 0x00, 0x00,
    0x00, 0x00, 0x4F, 0xFF, 0xFF, 0xFF, 0xFF, 0xFF, 0xFF, 0xFF, 0xF0, 0x4F, 0xFF, 0xFF, 0xFF, 0xFF,
    0xFF, 0xFF, 0xFF, 0xF0, 0x4F, 0xFF, 0xFF, 0xFF, 0xFF, 0xFF, 0xFF, 0xFF, 0xF0, 0x38, 0xCD, 0xFD,
    0xB4, 0x00, 0x8F, 0xFF, 0xFF, 0xFF, 0x50, 0x78, 0x41, 0x1A, 0xFF, 0xC0, 0x00, 0x00, 0x04, 0xFF,
    0xC0, 0x00, 0x00, 0x09, 0xFF, 0x80, 0x00, 0x00, 0x8F, 0xFD, 0x10, 0x00, 0x0A, 0xFF, 0xD2, 0x00,
    0x01, 0xBF, 0xFC, 0x10, 0x00, 0x2D, 0xFF, 0xB1, 0x00, 0x00, 0x9F, 0xFF, 0xFF, 0xFF, 0xE0, 0x9F,
    0xFF, 0xFF, 0xFF, 0xE0, 0x4B, 0xDE, 0xFD, 0xB5, 0x00, 0x8F, 0xFF, 0xFF, 0xFF, 0x50, 0x78, 0x31,
    0x1A, 0xFF, 0xA0, 0x00, 0x00, 0x2A, 0xFF, 0x70, 0x00, 0xDF, 0xFF, 0xE8, 0x00, 0x00, 0xDF, 0xFF,
    0xFA, 0x10, 0x00, 0x00, 0x2A, 0xFF, 0xA0, 0x00, 0x00, 0x03, 0xFF, 0xE0, 0xA6, 0x20, 0x2A, 0xFF,
    0xD0, 0xDF, 0xFF, 0xFF, 0xFF, 0x60, 0x6B, 0xDF, 0xFD, 0xA4, 0x00, 0x00, 0x03, 0xFF, 0xF5, 0x00,
    0x0C, 0xFF, 0x60, 0x00, 0x9F, 0xF7, 0x00, 0x04, 0xFF, 0x80, 0x00, 0x1E, 0xF9, 0x00, 0x00, 0xCF,
    0xFF, 0xC0, 0x00, 0x01, 0xFF, 0xFF, 0x80, 0x00, 0xCF, 0xFF, 0xC0, 0x00, 0x01, 0xFF, 0xFF, 0x80,
    0x00, 0xCF, 0xFF, 0xC0, 0x00, 0x01, 0xFF, 0xFF, 0x80, 0x00, 0xCF, 0xFF, 0xC0, 0x00, 0x01, 0xFF,
    0xFF, 0x80, 0x00, 0xCF, 0xFF, 0xC0, 0x00, 0x01, 0xFF, 0xFF, 0x80, 0x00, 0xCF, 0xFF, 0xC0, 0x00,
    0x01, 0xFF, 0xFF, 0x80, 0x00, 0xCF, 0xFF, 0xC0, 0x00, 0x01, 0xFF, 0xFF, 0x80, 0x00, 0xCF, 0xFF,
    0xC0, 0x00, 0x01, 0xFF, 0xFF, 0x80, 0x00, 0xCF, 0xFF, 0xD0, 0x00, 0x02, 0xFF, 0xFF, 0x80, 0x00,
    0xCF, 0xFF, 0xF1, 0x00, 0x05, 0xFF, 0xFF, 0x80, 0x00, 0xCF, 0xFF, 0xFA, 0x21, 0x4D, 0xFF, 0xFF,
    0xB1, 0x10, 0xCF, 0xFF, 0xFF, 0xFF, 0xFF, 0xFF, 0xFF, 0xFF, 0x50, 0xCF, 0xFF, 0xFF, 0xFF, 0xFF,
    0xAD, 0xFF, 0xFF, 0x50, 0xCF, 0xFF, 0xC8, 0xDF, 0xD7, 0x03, 0xBE, 0xEB, 0x30, 0xCF, 0xFF, 0xC0,
    0x00, 0x00, 0x00, 0x00, 0x00, 0x00, 0xCF, 0xFF, 0xC0, 0x00, 0x00, 0x00, 0x00, 0x00, 0x00, 0xCF,
    0xFF, 0xC0, 0x00, 0x00, 0x00, 0x00, 0x00, 0x00, 0xCF, 0xFF, 0xC0, 0x00, 0x00, 0x00, 0x00, 0x00,
    0x00, 0xCF, 0xFF, 0xC0, 0x00, 0x00, 0x00, 0x00, 0x00, 0x00, 0x00, 0x04, 0xAE, 0xFF, 0xFF, 0xFF,
    0xF4, 0x00, 0x9F, 0xFF, 0xFF, 0xFF, 0xFF, 0xF4, 0x08, 0xFF, 0xFF, 0xFF, 0x70, 0x2F, 0xF4, 0x1E,
    0xFF, 0xFF, 0xFF, 0x70, 0x2F, 0xF4, 0x4F, 0xFF, 0xFF, 0xFF, 0x70, 0x2F, 0xF4, 0x5F, 0xFF, 0xFF,
    0xFF, 0x70, 0x2F, 0xF4, 0x4F, 0xFF, 0xFF, 0xFF, 0x70, 0x2F, 0xF4, 0x1E, 0xFF, 0xFF, 0xFF, 0x70,
    0x2F, 0xF4, 0x08, 0xFF, 0xFF, 0xFF, 0x70, 0x2F, 0xF4, 0x00, 0x9F, 0xFF, 0xFF, 0x70, 0x2F, 0xF4,
    0x00, 0x04, 0xAE, 0xFF, 0x70, 0x2F, 0xF4, 0x00, 0x00, 0x00, 0xEF, 0x70, 0x2F, 0xF4, 0x00, 0x00,
    0x00, 0xEF, 0x70, 0x2F, 0xF4, 0x00, 0x00, 0x00, 0xEF, 0x70, 0x2F, 0xF4, 0x00, 0x00, 0x00, 0xEF,
    0x70, 0x2F, 0xF4, 0x00, 0x00, 0x00, 0xEF, 0x70, 0x2F, 0xF4, 0x00, 0x00, 0x00, 0xEF, 0x70, 0x2F,
    0xF4, 0x00, 0x00, 0x00, 0xEF, 0x70, 0x2F, 0xF4, 0x00, 0x00, 0x00, 0xEF, 0x70, 0x2F, 0xF4, 0x00,
    0x00, 0x00, 0xEF, 0x70, 0x2F, 0xF4, 0x00, 0x00, 0x00, 0xEF, 0x70, 0x2F, 0xF4, 0x00, 0x00, 0x00,
    0xEF, 0x70, 0x2F, 0xF4, 0x5F, 0xFF, 0xF3, 0x5F, 0xFF, 0xF3, 0x5F, 0xFF, 0xF3, 0x5F, 0xFF, 0xF3,
    0x5F, 0xFF, 0xF3, 0x00, 0x0B, 0xE2, 0x00, 0x00, 0x02, 0xFB, 0x00, 0x00, 0x05, 0xFF, 0x10, 0xAF,
    0xFF, 0xFD, 0x00, 0xAF, 0xFE, 0xB3, 0x00, 0x05, 0xAE, 0xFF, 0x50, 0x00, 0x7F, 0xFF, 0xFF, 0x50,
    0x00, 0x6C, 0x8B, 0xFF, 0x50, 0x00, 0x00, 0x09, 0xFF, 0x50, 0x00, 0x00, 0x09, 0xFF, 0x50, 0x00,
    0x00, 0x09, 0xFF, 0x50, 0x00, 0x00, 0x09, 0xFF, 0x50, 0x00, 0x00, 0x09, 0xFF, 0x50, 0x00, 0x00,
    0x09, 0xFF, 0x50, 0x00, 0x3F, 0xFF, 0xFF, 0xFF, 0xE0, 0x3F, 0xFF, 0xFF, 0xFF, 0xE0, 0x00, 0x17,
    0xCE, 0xFE, 0xB5, 0x00, 0x00, 0x02, 0xDF, 0xFF, 0xFF, 0xFF, 0xA0, 0x00, 0x0D, 0xFF, 0xD3, 0x16,
    0xFF, 0xF8, 0x00, 0x4F, 0xFF, 0x60, 0x00, 0xBF, 0xFE, 0x00, 0x7F, 0xFF, 0x20, 0x00, 0x8F, 0xFF,
    0x20, 0x7F, 0xFF, 0x20, 0x00, 0x8F, 0xFF, 0x20, 0x5F, 0xFF, 0x50, 0x00, 0xBF, 0xFE, 0x00, 0x0D,
    0xFF, 0xD3, 0x16, 0xFF, 0xF8, 0x00, 0x03, 0xEF, 0xFF, 0xFF, 0xFF, 0xB0, 0x00, 0x00, 0x17, 0xCE,
    0xFE, 0xB5, 0x00, 0x00, 0x00, 0x00, 0x00, 0x00, 0x00, 0x00, 0x00, 0x00, 0x00, 0x00, 0x00, 0x00,
    0x00, 0x00, 0x0D, 0xFF, 0xFF, 0xFF, 0xFF, 0xF8, 0x00, 0x0D, 0xFF, 0xFF, 0xFF, 0xFF, 0xF8, 0x00,
    0x0D, 0xFF, 0xFF, 0xFF, 0xFF, 0xF8, 0x00, 0x63, 0x00, 0x00, 0x64, 0x00, 0x00, 0x00, 0x8F, 0x60,
    0x00, 0x7F, 0x70, 0x00, 0x00, 0x8F, 0xFA, 0x10, 0x7F, 0xFB, 0x10, 0x00, 0x3D, 0xFF, 0xC2, 0x2D,
    0xFF, 0xD3, 0x00, 0x01, 0xBF, 0xFE, 0x51, 0xAF, 0xFF, 0x60, 0x00, 0x07, 0xFF, 0xA0, 0x06, 0xFF,
    0xC0, 0x00, 0x07, 0xFF, 0xA0, 0x06, 0xFF, 0xC0, 0x01, 0xBF, 0xFE, 0x51, 0xAF, 0xFF, 0x60, 0x3D,
    0xFF, 0xD3, 0x2D, 0xFF, 0xD3, 0x00, 0x8F, 0xFA, 0x10, 0x7F, 0xFB, 0x10, 0x00, 0x8F, 0x60, 0x00,
    0x7F, 0x80, 0x00, 0x00, 0x63, 0x00, 0x00, 0x64, 0x00, 0x00, 0x00, 0x16, 0xCF, 0xFF, 0x10, 0x00,
    0x00, 0x00, 0x00, 0x1E, 0xFD, 0x00, 0x00, 0xBF, 0xFF, 0xFF, 0x10, 0x00, 0x00, 0x00, 0x00, 0x9F,
    0xF4, 0x00, 0x00, 0xAB, 0x7E, 0xFF, 0x10, 0x00, 0x00, 0x00, 0x04, 0xFF, 0x90, 0x00, 0x00, 0x00,
    0x0D, 0xFF, 0x10, 0x00, 0x00, 0x00, 0x0D, 0xFE, 0x10, 0x00, 0x00, 0x00, 0x0D, 0xFF, 0x10, 0x00,
    0x00, 0x00, 0x7F, 0xF5, 0x00, 0x00, 0x00, 0x00, 0x0D, 0xFF, 0x10, 0x00, 0x00, 0x02, 0xFF, 0xB0,
    0x00, 0x00, 0x00, 0x00, 0x0D, 0xFF, 0x10, 0x00, 0x00, 0x0B, 0xFF, 0x20, 0x00, 0x00, 0x00, 0x00,
    0x0D, 0xFF, 0x10, 0x00, 0x00, 0x5F, 0xF7, 0x00, 0x01, 0x11, 0x00, 0x00, 0x0D, 0xFF, 0x10, 0x00,
    0x01, 0xEF, 0xD0, 0x00, 0x6F, 0xFF, 0x20, 0x8F, 0xFF, 0xFF, 0xFF, 0x90, 0x09, 0xFF, 0x40, 0x03,
    0xFF, 0xFF, 0x20, 0x8F, 0xFF, 0xFF, 0xFF, 0x90, 0x3F, 0xF9, 0x00, 0x1D, 0xEE, 0xFF, 0x20, 0x00,
    0x00, 0x00, 0x00, 0x00, 0xCF, 0xE1, 0x00, 0xAF, 0x6C, 0xFF, 0x20, 0x00, 0x00, 0x00, 0x00, 0x07,
    0xFF, 0x60, 0x06, 0xFA, 0x0C, 0xFF, 0x20, 0x00, 0x00, 0x00, 0x00, 0x2E, 0xFB, 0x00, 0x2E, 0xD1,
    0x0C, 0xFF, 0x20, 0x00, 0x00, 0x00, 0x00, 0xBF, 0xF2, 0x00, 0xAF, 0xA8, 0x8D, 0xFF, 0x97, 0x00,
    0x00, 0x00, 0x05, 0xFF, 0x70, 0x00, 0xBF, 0xFF, 0xFF, 0xFF, 0xFD, 0x00, 0x00, 0x00, 0x1E, 0xFD,
    0x00, 0x00, 0x57, 0x77, 0x7D, 0xFF, 0x86, 0x00, 0x00, 0x00, 0x9F, 0xF4, 0x00, 0x00, 0x00, 0x00,
    0x0C, 0xFF, 0x20, 0x00, 0x00, 0x03, 0xFF, 0x90, 0x00, 0x00, 0x00, 0x00, 0x06, 0x88, 0x10, 0x16,
    0xCF, 0xFF, 0x10, 0x00, 0x00, 0x00, 0x00, 0x1E, 0xFD, 0x00, 0x00, 0x00, 0xBF, 0xFF, 0xFF, 0x10,
    0x00, 0x00, 0x00, 0x00, 0x9F, 0xF4, 0x00, 0x00, 0x00, 0xAB, 0x7E, 0xFF, 0x10, 0x00, 0x00, 0x00,
    0x04, 0xFF, 0x90, 0x00, 0x00, 0x00, 0x00, 0x0D, 0xFF, 0x10, 0x00, 0x00, 0x00, 0x0D, 0xFE, 0x10,
    0x00, 0x00, 0x00, 0x00, 0x0D, 0xFF, 0x10, 0x00, 0x00, 0x00, 0x7F, 0xF5, 0x00, 0x00, 0x00, 0x00,
    0x00, 0x0D, 0xFF, 0x10, 0x00, 0x00, 0x02, 0xFF, 0xB0, 0x00, 0x00, 0x00, 0x00, 0x00, 0x0D, 0xFF,
    0x10, 0x00, 0x00, 0x0B, 0xFF, 0x20, 0x00, 0x00, 0x00, 0x00, 0x00, 0x0D, 0xFF, 0x10, 0x00, 0x00,
    0x5F, 0xF7, 0x00, 0x00, 0x00, 0x00, 0x00, 0x00, 0x0D, 0xFF, 0x10, 0x00, 0x01, 0xEF, 0xD0, 0x49,
    0xCE, 0xFD, 0x92, 0x00, 0x8F, 0xFF, 0xFF, 0xFF, 0x90, 0x09, 0xFF, 0x40, 0xCF, 0xFF, 0xFF, 0xFE,
    0x20, 0x8F, 0xFF, 0xFF, 0xFF, 0x90, 0x3F, 0xF9, 0x00, 0xA7, 0x31, 0x2C, 0xFF, 0x80, 0x00, 0x00,
    0x00, 0x00, 0x00, 0xCF, 0xE1, 0x00, 0x00, 0x00, 0x08, 0xFF, 0x80, 0x00, 0x00, 0x00, 0x00, 0x07,
    0xFF, 0x60, 0x00, 0x00, 0x00, 0x1D, 0xFF, 0x40, 0x00, 0x00, 0x00, 0x00, 0x2E, 0xFB, 0x00, 0x00,
    0x00, 0x01, 0xBF, 0xFA, 0x00, 0x00, 0x00, 0x00, 0x00, 0xBF, 0xF2, 0x00, 0x00, 0x00, 0x2C, 0xFF,
    0xA0, 0x00, 0x00, 0x00, 0x00, 0x05, 0xFF, 0x70, 0x00, 0x00, 0x03, 0xEF, 0xF9, 0x00, 0x00, 0x00,
    0x00, 0x00, 0x1E, 0xFD, 0x00, 0x00, 0x00, 0x5E, 0xFF, 0x80, 0x00, 0x00, 0x00, 0x00, 0x00, 0x9F,
    0xF4, 0x00, 0x00, 0x00, 0xDF, 0xFF, 0xFF, 0xFF, 0xA0, 0x00, 0x00, 0x03, 0xFF, 0x90, 0x00, 0x00,
    0x00, 0xDF, 0xFF, 0xFF, 0xFF, 0xA0, 0x3A, 0xDE, 0xFE, 0xB6, 0x00, 0x00, 0x00, 0x00, 0x1E, 0xFD,
    0x00, 0x00, 0x5F, 0xFF, 0xFF, 0xFF, 0x80, 0x00, 0x00, 0x00, 0x9F, 0xF4, 0x00, 0x00, 0x59, 0x31,
    0x18, 0xFF, 0xD0, 0x00, 0x00, 0x04, 0xFF, 0x90, 0x00, 0x00, 0x00, 0x00, 0x18, 0xFF, 0xA0, 0x00,
    0x00, 0x0D, 0xFE, 0x10, 0x00, 0x00, 0x00, 0xAF, 0xFF, 0xFA, 0x10, 0x00, 0x00, 0x7F, 0xF5, 0x00,
    0x00, 0x00, 0x00, 0xAF, 0xFF, 0xFC, 0x20, 0x00, 0x02, 0xFF, 0xB0, 0x00, 0x00, 0x00, 0x00, 0x00,
    0x28, 0xFF, 0xD0, 0x00, 0x0B, 0xFF, 0x20, 0x00, 0x00, 0x00, 0x00, 0x00, 0x00, 0xFF, 0xF2, 0x00,
    0x5F, 0xF7, 0x00, 0x01, 0x11, 0x00, 0x97, 0x20, 0x28, 0xFF, 0xF1, 0x01, 0xEF, 0xD0, 0x00, 0x6F,
    0xFF, 0x20, 0xAF, 0xFF, 0xFF, 0xFF, 0x80, 0x09, 0xFF, 0x40, 0x03, 0xFF, 0xFF, 0x20, 0x5A, 0xDE,
    0xFE, 0xB5, 0x00, 0x3F, 0xF9, 0x00, 0x1D, 0xEE, 0xFF, 0x20, 0x00, 0x00, 0x00, 0x00, 0x00, 0xCF,
    0xE1, 0x00, 0xAF, 0x6C, 0xFF, 0x20, 0x00, 0x00, 0x00, 0x00, 0x07, 0xFF, 0x60, 0x06, 0xFA, 0x0C,
    0xFF, 0x20, 0x00, 0x00, 0x00, 0x00, 0x2E, 0xFB, 0x00, 0x2E, 0xD1, 0x0C, 0xFF, 0x20, 0x00, 0x00,
    0x00, 0x00, 0xBF, 0xF2, 0x00, 0xAF, 0xA8, 0x8D, 0xFF, 0x97, 0x00, 0x00, 0x00, 0x05, 0xFF, 0x70,
    0x00, 0xBF, 0xFF, 0xFF, 0xFF, 0xFD, 0x00, 0x00, 0x00, 0x1E, 0xFD, 0x00, 0x00, 0x57, 0x77, 0x7D,
    0xFF, 0x86, 0x00, 0x00, 0x00, 0x9F, 0xF4, 0x00, 0x00, 0x00, 0x00, 0x0C, 0xFF, 0x20, 0x00, 0x00,
    0x03, 0xFF, 0x90, 0x00, 0x00, 0x00, 0x00, 0x06, 0x88, 0x10, 0x00, 0x00, 0x0C, 0xFF, 0xFC, 0x00,
    0x00, 0x00, 0x00, 0x0C, 0xFF, 0xFC, 0x00, 0x00, 0x00, 0x00, 0x0C, 0xFF, 0xFC, 0x00, 0x00, 0x00,
    0x00, 0x0C, 0xFF, 0xFC, 0x00, 0x00, 0x00, 0x00, 0x0C, 0xFF, 0xFC, 0x00, 0x00, 0x00, 0x00, 0x00,
    0x00, 0x00, 0x00, 0x00, 0x00, 0x00, 0x00, 0x00, 0x00, 0x00, 0x00, 0x00, 0x00, 0x0C, 0xFF, 0xFB,
    0x00, 0x00, 0x00, 0x00, 0x1E, 0xFF, 0xFA, 0x00, 0x00, 0x00, 0x01, 0xBF, 0xFF, 0xF4, 0x00, 0x00,
    0x00, 0x1C, 0xFF, 0xFF, 0x90, 0x00, 0x00, 0x01, 0xCF, 0xFF, 0xFA, 0x00, 0x00, 0x00, 0x0A, 0xFF,
    0xFF, 0x80, 0x00, 0x00, 0x00, 0x1F, 0xFF, 0xFA, 0x00, 0x00, 0x00, 0x00, 0x3F, 0xFF, 0xF6, 0x00,
    0x00, 0x00, 0x00, 0x1F, 0xFF, 0xFD, 0x30, 0x13, 0x6B, 0x60, 0x0B, 0xFF, 0xFF, 0xFF, 0xFF, 0xFF,
    0x60, 0x02, 0xDF, 0xFF, 0xFF, 0xFF, 0xFF, 0x60, 0x00, 0x06, 0xBD, 0xFF, 0xFF, 0xFF, 0x60, 0x00,
    0x00, 0x01, 0xCF, 0xF8, 0x00, 0x00, 0x00, 0x00, 0x00, 0x00, 0x00, 0x00, 0x0A, 0xFF, 0x50, 0x00,
    0x00, 0x00, 0x00, 0x00, 0x00, 0x00, 0x00, 0x7F, 0xF3, 0x00, 0x00, 0x00, 0x00, 0x00, 0x00, 0x00,
    0x00, 0x00, 0x00, 0x00, 0x00, 0x00, 0x00, 0x00, 0x00, 0x00, 0x00, 0x00, 0x00, 0x00, 0x00, 0x00,
    0x00, 0x00, 0x00, 0x00, 0x1F, 0xFF, 0xFF, 0xF2, 0x00, 0x00, 0x00, 0x00, 0x00, 0x00, 0x6F, 0xFF,
    0xFF, 0xF8, 0x00, 0x00, 0x00, 0x00, 0x00, 0x00, 0xCF, 0xFF, 0xFF, 0xFD, 0x00, 0x00, 0x00, 0x00,
    0x00, 0x02, 0xFF, 0xFF, 0xFF, 0xFF, 0x40, 0x00, 0x00, 0x00, 0x00, 0x08, 0xFF, 0xFF, 0xEF, 0xFF,
    0x90, 0x00, 0x00, 0x00, 0x00, 0x0D, 0xFF, 0xFB, 0x9F, 0xFF, 0xE1, 0x00, 0x00, 0x00, 0x00, 0x4F,
    0xFF, 0xF5, 0x4F, 0xFF, 0xF6, 0x00, 0x00, 0x00, 0x00, 0x9F, 0xFF, 0xE1, 0x0D, 0xFF, 0xFB, 0x00,
    0x00, 0x00, 0x01, 0xEF, 0xFF, 0xA0, 0x08, 0xFF, 0xFF, 0x20, 0x00, 0x00, 0x06, 0xFF, 0xFF, 0x50,
    0x03, 0xFF, 0xFF, 0x70, 0x00, 0x00, 0x0B, 0xFF, 0xFE, 0x00, 0x00, 0xDF, 0xFF, 0xD0, 0x00, 0x00,
    0x2F, 0xFF, 0xFA, 0x00, 0x00, 0x8F, 0xFF, 0xF3, 0x00, 0x00, 0x7F, 0xFF, 0xFF, 0xFF, 0xFF, 0xFF,
    0xFF, 0xF9, 0x00, 0x00, 0xDF, 0xFF, 0xFF, 0xFF, 0xFF, 0xFF, 0xFF, 0xFE, 0x00, 0x03, 0xFF, 0xFF,
    0xFF, 0xFF, 0xFF, 0xFF, 0xFF, 0xFF, 0x50, 0x09, 0xFF, 0xFF, 0x20, 0x00, 0x00, 0x00, 0xEF, 0xFF,
    0xB0, 0x0E, 0xFF, 0xFC, 0x00, 0x00, 0x00, 0x00, 0xAF, 0xFF, 0xF1, 0x5F, 0xFF, 0xF7, 0x00, 0x00,
    0x00, 0x00, 0x6F, 0xFF, 0xF7, 0xAF, 0xFF, 0xF3, 0x00, 0x00, 0x00, 0x00, 0x1F, 0xFF, 0xFC, 0x00,
    0x00, 0x00, 0x00, 0x02, 0xEF, 0xF6, 0x00, 0x00, 0x00, 0x00, 0x00, 0x00, 0x00, 0x1C, 0xFE, 0x40,
    0x00, 0x00, 0x00, 0x00, 0x00, 0x00, 0x00, 0xAF, 0xD2, 0x00, 0x00, 0x00, 0x00, 0x00, 0x00, 0x00,
    0x00, 0x00, 0x00, 0x00, 0x00, 0x00, 0x00, 0x00, 0x00, 0x00, 0x00, 0x00, 0x00, 0x00, 0x00, 0x00,
    0x00, 0x00, 0x00, 0x00, 0x1F, 0xFF, 0xFF, 0xF2, 0x00, 0x00, 0x00, 0x00, 0x00, 0x00, 0x6F, 0xFF,
    0xFF, 0xF8, 0x00, 0x00, 0x00, 0x00, 0x00, 0x00, 0xCF, 0xFF, 0xFF, 0xFD, 0x00, 0x00, 0x00, 0x00,
    0x00, 0x02, 0xFF, 0xFF, 0xFF, 0xFF, 0x40, 0x00, 0x00, 0x00, 0x00, 0x08, 0xFF, 0xFF, 0xEF, 0xFF,
    0x90, 0x00, 0x00, 0x00, 0x00, 0x0D, 0xFF, 0xFB, 0x9F, 0xFF, 0xE1, 0x00, 0x00, 0x00, 0x00, 0x4F,
    0xFF, 0xF5, 0x4F, 0xFF, 0xF6, 0x00, 0x00, 0x00, 0x00, 0x9F, 0xFF, 0xE1, 0x0D, 0xFF, 0xFB, 0x00,
    0x00, 0x00, 0x01, 0xEF, 0xFF, 0xA0, 0x08, 0xFF, 0xFF, 0x20, 0x00, 0x00, 0x06, 0xFF, 0xFF, 0x50,
    0x03, 0xFF, 0xFF, 0x70, 0x00, 0x00, 0x0B, 0xFF, 0xFE, 0x00, 0x00, 0xDF, 0xFF, 0xD0, 0x00, 0x00,
    0x2F, 0xFF, 0xFA, 0x00, 0x00, 0x8F, 0xFF, 0xF3, 0x00, 0x00, 0x7F, 0xFF, 0xFF, 0xFF, 0xFF, 0xFF,
    0xFF, 0xF9, 0x00, 0x00, 0xDF, 0xFF, 0xFF, 0xFF, 0xFF, 0xFF, 0xFF, 0xFE, 0x00, 0x03, 0xFF, 0xFF,
    0xFF, 0xFF, 0xFF, 0xFF, 0xFF, 0xFF, 0x50, 0x09, 0xFF, 0xFF, 0x20, 0x00, 0x00, 0x00, 0xEF, 0xFF,
    0xB0, 0x0E, 0xFF, 0xFC, 0x00, 0x00, 0x00, 0x00, 0xAF, 0xFF, 0xF1, 0x5F, 0xFF, 0xF7, 0x00, 0x00,
    0x00, 0x00, 0x6F, 0xFF, 0xF7, 0xAF, 0xFF, 0xF3, 0x00, 0x00, 0x00, 0x00, 0x1F, 0xFF, 0xFC, 0x00,
    0x00, 0x00, 0x06, 0xFF, 0xFF, 0x70, 0x00, 0x00, 0x00, 0x00, 0x00, 0x00, 0x5F, 0xF9, 0x7F, 0xF6,
    0x00, 0x00, 0x00, 0x00, 0x00, 0x04, 0xFE, 0x50, 0x03, 0xDF, 0x60, 0x00, 0x00, 0x00, 0x00, 0x00,
    0x00, 0x00, 0x00, 0x00, 0x00, 0x00, 0x00, 0x00, 0x00, 0x00, 0x00, 0x00, 0x00, 0x00, 0x00, 0x00,
    0x00, 0x00, 0x00, 0x00, 0x1F, 0xFF, 0xFF, 0xF2, 0x00, 0x00, 0x00, 0x00, 0x00, 0x00, 0x6F, 0xFF,
    0xFF, 0xF8, 0x00, 0x00, 0x00, 0x00, 0x00, 0x00, 0xCF, 0xFF, 0xFF, 0xFD, 0x00, 0x00, 0x00, 0x00,
    0x00, 0x02, 0xFF, 0xFF, 0xFF, 0xFF, 0x40, 0x00, 0x00, 0x00, 0x00, 0x08, 0xFF, 0xFF, 0xEF, 0xFF,
    0x90, 0x00, 0x00, 0x00, 0x00, 0x0D, 0xFF, 0xFB, 0x9F, 0xFF, 0xE1, 0x00, 0x00, 0x00, 0x00, 0x4F,
    0xFF, 0xF5, 0x4F, 0xFF, 0xF6, 0x00, 0x00, 0x00, 0x00, 0x9F, 0xFF, 0xE1, 0x0D, 0xFF, 0xFB, 0x00,
    0x00, 0x00, 0x01, 0xEF, 0xFF, 0xA0, 0x08, 0xFF, 0xFF, 0x20, 0x00, 0x00, 0x06, 0xFF, 0xFF, 0x50,
    0x03, 0xFF, 0xFF, 0x70, 0x00, 0x00, 0x0B, 0xFF, 0xFE, 0x00, 0x00, 0xDF, 0xFF, 0xD0, 0x00, 0x00,
    0x2F, 0xFF, 0xFA, 0x00, 0x00, 0x8F, 0xFF, 0xF3, 0x00, 0x00, 0x7F, 0xFF, 0xFF, 0xFF, 0xFF, 0xFF,
    0xFF, 0xF9, 0x00, 0x00, 0xDF, 0xFF, 0xFF, 0xFF, 0xFF, 0xFF, 0xFF, 0xFE, 0x00, 0x03, 0xFF, 0xFF,
    0xFF, 0xFF, 0xFF, 0xFF, 0xFF, 0xFF, 0x50, 0x09, 0xFF, 0xFF, 0x20, 0x00, 0x00, 0x00, 0xEF, 0xFF,
    0xB0, 0x0E, 0xFF, 0xFC, 0x00, 0x00, 0x00, 0x00, 0xAF, 0xFF, 0xF1, 0x5F, 0xFF, 0xF7, 0x00, 0x00,
    0x00, 0x00, 0x6F, 0xFF, 0xF7, 0xAF, 0xFF, 0xF3, 0x00, 0x00, 0x00, 0x00, 0x1F, 0xFF, 0xFC, 0x00,
    0x00, 0x00, 0x5D, 0xEB, 0x61, 0x8F, 0x60, 0x00, 0x00, 0x00, 0x00, 0x02, 0xFF, 0xFF, 0xFF, 0xFF,
    0x30, 0x00, 0x00, 0x00, 0x00, 0x04, 0xF9, 0x15, 0xBE, 0xE7, 0x00, 0x00, 0x00, 0x00, 0x00, 0x00,
    0x00, 0x00, 0x00, 0x00, 0x00, 0x00, 0x00, 0x00, 0x00, 0x00, 0x00, 0x00, 0x00, 0x00, 0x00, 0x00,
    0x00, 0x00, 0x00, 0x00, 0x1F, 0xFF, 0xFF, 0xF2, 0x00, 0x00, 0x00, 0x00, 0x00, 0x00, 0x6F, 0xFF,
    0xFF, 0xF8, 0x00, 0x00, 0x00, 0x00, 0x00, 0x00, 0xCF, 0xFF, 0xFF, 0xFD, 0x00, 0x00, 0x00, 0x00,
    0x00, 0x02, 0xFF, 0xFF, 0xFF, 0xFF, 0x40, 0x00, 0x00, 0x00, 0x00, 0x08, 0xFF, 0xFF, 0xEF, 0xFF,
    0x90, 0x00, 0x00, 0x00, 0x00, 0x0D, 0xFF, 0xFB, 0x9F, 0xFF, 0xE1, 0x00, 0x00, 0x00, 0x00, 0x4F,
    0xFF, 0xF5, 0x4F, 0xFF, 0xF6, 0x00, 0x00, 0x00, 0x00, 0x9F, 0xFF, 0xE1, 0x0D, 0xFF, 0xFB, 0x00,
    0x00, 0x00, 0x01, 0xEF, 0xFF, 0xA0, 0x08, 0xFF, 0xFF, 0x20, 0x00, 0x00, 0x06, 0xFF, 0xFF, 0x50,
    0x03, 0xFF, 0xFF, 0x70, 0x00, 0x00, 0x0B, 0xFF, 0xFE, 0x00, 0x00, 0xDF, 0xFF, 0xD0, 0x00, 0x00,
    0x2F, 0xFF, 0xFA, 0x00, 0x00, 0x8F, 0xFF, 0xF3, 0x00, 0x00, 0x7F, 0xFF, 0xFF, 0xFF, 0xFF, 0xFF,
    0xFF, 0xF9, 0x00, 0x00, 0xDF, 0xFF, 0xFF, 0xFF, 0xFF, 0xFF, 0xFF, 0xFE, 0x00, 0x03, 0xFF, 0xFF,
    0xFF, 0xFF, 0xFF, 0xFF, 0xFF, 0xFF, 0x50, 0x09, 0xFF, 0xFF, 0x20, 0x00, 0x00, 0x00, 0xEF, 0xFF,
    0xB0, 0x0E, 0xFF, 0xFC, 0x00, 0x00, 0x00, 0x00, 0xAF, 0xFF, 0xF1, 0x5F, 0xFF, 0xF7, 0x00, 0x00,
    0x00, 0x00, 0x6F, 0xFF, 0xF7, 0xAF, 0xFF, 0xF3, 0x00, 0x00, 0x00, 0x00, 0x1F, 0xFF, 0xFC, 0x00,
    0x00, 0x00, 0xFF, 0xF0, 0x0F, 0xFF, 0x00, 0x00, 0x00, 0x00, 0x00, 0x00, 0xFF, 0xF0, 0x0F, 0xFF,
    0x00, 0x00, 0x00, 0x00, 0x00, 0x00, 0xFF, 0xF0, 0x0F, 0xFF, 0x00, 0x00, 0x00, 0x00, 0x00, 0x00,
    0x00, 0x00, 0x00, 0x00, 0x00, 0x00, 0x00, 0x00, 0x00, 0x00, 0x00, 0x00, 0x00, 0x00, 0x00, 0x00,
    0x00, 0x00, 0x00, 0x00, 0x1F, 0xFF, 0xFF, 0xF2, 0x00, 0x00, 0x00, 0x00, 0x00, 0x00, 0x6F, 0xFF,
    0xFF, 0xF8, 0x00, 0x00, 0x00, 0x00, 0x00, 0x00, 0xCF, 0xFF, 0xFF, 0xFD, 0x00, 0x00, 0x00, 0x00,
    0x00, 0x02, 0xFF, 0xFF, 0xFF, 0xFF, 0x40, 0x00, 0x00, 0x00, 0x00, 0x08, 0xFF, 0xFF, 0xEF, 0xFF,
    0x90, 0x00, 0x00, 0x00, 0x00, 0x0D, 0xFF, 0xFB, 0x9F, 0xFF, 0xE1, 0x00, 0x00, 0x00, 0x00, 0x4F,
    0xFF, 0xF5, 0x4F, 0xFF, 0xF6, 0x00, 0x00, 0x00, 0x00, 0x9F, 0xFF, 0xE1, 0x0D, 0xFF, 0xFB, 0x00,
    0x00, 0x00, 0x01, 0xEF, 0xFF, 0xA0, 0x08, 0xFF, 0xFF, 0x20, 0x00, 0x00, 0x06, 0xFF, 0xFF, 0x50,
    0x03, 0xFF, 0xFF, 0x70, 0x00, 0x00, 0x0B, 0xFF, 0xFE, 0x00, 0x00, 0xDF, 0xFF, 0xD0, 0x00, 0x00,
    0x2F, 0xFF, 0xFA, 0x00, 0x00, 0x8F, 0xFF, 0xF3, 0x00, 0x00, 0x7F, 0xFF, 0xFF, 0xFF, 0xFF, 0xFF,
    0xFF, 0xF9, 0x00, 0x00, 0xDF, 0xFF, 0xFF, 0xFF, 0xFF, 0xFF, 0xFF, 0xFE, 0x00, 0x03, 0xFF, 0xFF,
    0xFF, 0xFF, 0xFF, 0xFF, 0xFF, 0xFF, 0x50, 0x09, 0xFF, 0xFF, 0x20, 0x00, 0x00, 0x00, 0xEF, 0xFF,
    0xB0, 0x0E, 0xFF, 0xFC, 0x00, 0x00, 0x00, 0x00, 0xAF, 0xFF, 0xF1, 0x5F, 0xFF, 0xF7, 0x00, 0x00,
    0x00, 0x00, 0x6F, 0xFF, 0xF7, 0xAF, 0xFF, 0xF3, 0x00, 0x00, 0x00, 0x00, 0x1F, 0xFF, 0xFC, 0x00,
    0x00, 0x00, 0x01, 0xAE, 0xEA, 0x20, 0x00, 0x00, 0x00, 0x00, 0x00, 0x00, 0x1D, 0xFF, 0xFF, 0xE1,
    0x00, 0x00, 0x00, 0x00, 0x00, 0x00, 0x6F, 0xC2, 0x1B, 0xF8, 0x00, 0x00, 0x00, 0x00, 0x00, 0x00,
    0x8F, 0x70, 0x05, 0xFA, 0x00, 0x00, 0x00, 0x00, 0x00, 0x00, 0x5F, 0xC2, 0x1B, 0xF7, 0x00, 0x00,
    0x00, 0x00, 0x00, 0x00, 0x2F, 0xFF, 0xFF, 0xF3, 0x00, 0x00, 0x00, 0x00, 0x00, 0x00, 0x7F, 0xFF,
    0xFF, 0xF8, 0x00, 0x00, 0x00, 0x00, 0x00, 0x00, 0xCF, 0xFF, 0xFF, 0xFE, 0x00, 0x00, 0x00, 0x00,
    0x00, 0x03, 0xFF, 0xFF, 0xFF, 0xFF, 0x40, 0x00, 0x00, 0x00, 0x00, 0x08, 0xFF, 0xFF, 0xEF, 0xFF,
    0xA0, 0x00, 0x00, 0x00, 0x00, 0x0D, 0xFF, 0xFA, 0x8F, 0xFF, 0xF1, 0x00, 0x00, 0x00, 0x00, 0x4F,
    0xFF, 0xF5, 0x3F, 0xFF, 0xF6, 0x00, 0x00, 0x00, 0x00, 0xAF, 0xFF, 0xE1, 0x0D, 0xFF, 0xFC, 0x00,
    0x00, 0x00, 0x01, 0xEF, 0xFF, 0xA0, 0x08, 0xFF, 0xFF, 0x20, 0x00, 0x00, 0x06, 0xFF, 0xFF, 0x50,
    0x03, 0xFF, 0xFF, 0x80, 0x00, 0x00, 0x0B, 0xFF, 0xFE, 0x00, 0x00, 0xDF, 0xFF, 0xD0, 0x00, 0x00,
    0x2F, 0xFF, 0xFA, 0x00, 0x00, 0x8F, 0xFF, 0xF4, 0x00, 0x00, 0x7F, 0xFF, 0xFF, 0xFF, 0xFF, 0xFF,
    0xFF, 0xF9, 0x00, 0x00, 0xDF, 0xFF, 0xFF, 0xFF, 0xFF, 0xFF, 0xFF, 0xFE, 0x00, 0x03, 0xFF, 0xFF,
    0xFF, 0xFF, 0xFF, 0xFF, 0xFF, 0xFF, 0x50, 0x09, 0xFF, 0xFF, 0x20, 0x00, 0x00, 0x00, 0xEF, 0xFF,
    0xB0, 0x0E, 0xFF, 0xFC, 0x00, 0x00, 0x00, 0x00, 0xAF, 0xFF, 0xF1, 0x5F, 0xFF, 0xF7, 0x00, 0x00,
    0x00, 0x00, 0x6F, 0xFF, 0xF7, 0xAF, 0xFF, 0xF3, 0x00, 0x00, 0x00, 0x00, 0x1F, 0xFF, 0xFC, 0x00,
    0x00, 0x00, 0x04, 0xFF, 0xFF, 0xFF, 0xFF, 0xFF, 0xFF, 0xFF, 0xFF, 0xFF, 0x00, 0x00, 0x00, 0x00,
    0x0A, 0xFF, 0xFF, 0xFF, 0xFF, 0xFF, 0xFF, 0xFF, 0xFF, 0xFF, 0x00, 0x00, 0x00, 0x00, 0x2F, 0xFF,
    0xFB, 0xAF, 0xFF, 0xFF, 0xFF, 0xFF, 0xFF, 0xFF, 0x00, 0x00, 0x00, 0x00, 0x8F, 0xFF, 0xE1, 0x2F,
    0xFF, 0xFB, 0x00, 0x00, 0x00, 0x00, 0x00, 0x00, 0x00, 0x00, 0xEF, 0xFF, 0x90, 0x2F, 0xFF, 0xFB,
    0x00, 0x00, 0x00, 0x00, 0x00, 0x00, 0x00, 0x05, 0xFF, 0xFF, 0x30, 0x2F, 0xFF, 0xFB, 0x00, 0x00,
    0x00, 0x00, 0x00, 0x00, 0x00, 0x0C, 0xFF, 0xFC, 0x00, 0x2F, 0xFF, 0xFB, 0x00, 0x00, 0x00, 0x00,
    0x00, 0x00, 0x00, 0x3F, 0xFF, 0xF6, 0x00, 0x2F, 0xFF, 0xFF, 0xFF, 0xFF, 0xFF, 0xF8, 0x00, 0x00,
    0x00, 0x9F, 0xFF, 0xF1, 0x00, 0x2F, 0xFF, 0xFF, 0xFF, 0xFF, 0xFF, 0xF8, 0x00, 0x00, 0x01, 0xEF,
    0xFF, 0xA0, 0x00, 0x2F, 0xFF, 0xFF, 0xFF, 0xFF, 0xFF, 0xF8, 0x00, 0x00, 0x07, 0xFF, 0xFF, 0x40,
    0x00, 0x2F, 0xFF, 0xFB, 0x00, 0x00, 0x00, 0x00, 0x00, 0x00, 0x0D, 0xFF, 0xFF, 0xFF, 0xFF, 0xFF,
    0xFF, 0xFB, 0x00, 0x00, 0x00, 0x00, 0x00, 0x00, 0x4F, 0xFF, 0xFF, 0xFF, 0xFF, 0xFF, 0xFF, 0xFB,
    0x00, 0x00, 0x00, 0x00, 0x00, 0x00, 0xBF, 0xFF, 0xFF, 0xFF, 0xFF, 0xFF, 0xFF, 0xFB, 0x00, 0x00,
    0x00, 0x00, 0x00, 0x02, 0xFF, 0xFF, 0x60, 0x00, 0x00, 0x2F, 0xFF, 0xFB, 0x00, 0x00, 0x00, 0x00,
    0x00, 0x08, 0xFF, 0xFE, 0x10, 0x00, 0x00, 0x2F, 0xFF, 0xFB, 0x00, 0x00, 0x00, 0x00, 0x00, 0x0E,
    0xFF, 0xFA, 0x00, 0x00, 0x00, 0x2F, 0xFF, 0xFF, 0xFF, 0xFF, 0xFF, 0xFF, 0x50, 0x6F, 0xFF, 0xF4,
    0x00, 0x00, 0x00, 0x2F, 0xFF, 0xFF, 0xFF, 0xFF, 0xFF, 0xFF, 0x50, 0xCF, 0xFF, 0xD0, 0x00, 0x00,
    0x00, 0x2F, 0xFF, 0xFF, 0xFF, 0xFF, 0xFF, 0xFF, 0x50, 0x00, 0x00, 0x01, 0x6A, 0xDE, 0xFE, 0xDB,
    0x72, 0x00, 0x00, 0x00, 0x7E, 0xFF, 0xFF, 0xFF, 0xFF, 0xFF, 0x60, 0x00, 0x1B, 0xFF, 0xFF, 0xFF,
    0xFF, 0xFF, 0xFF, 0x60, 0x00, 0xBF, 0xFF, 0xFE, 0x83, 0x11, 0x26, 0xDF, 0x60, 0x07, 0xFF, 0xFF,
    0xE3, 0x00, 0x00, 0x00, 0x06, 0x50, 0x0E, 0xFF, 0xFF, 0x50, 0x00, 0x00, 0x00, 0x00, 0x00, 0x4F,
    0xFF, 0xFD, 0x00, 0x00, 0x00, 0x00, 0x00, 0x00, 0x8F, 0xFF, 0xF8, 0x00, 0x00, 0x00, 0x00, 0x00,
    0x00, 0x9F, 0xFF, 0xF6, 0x00, 0x00, 0x00, 0x00, 0x00, 0x00, 0xAF, 0xFF, 0xF5, 0x00, 0x00, 0x00,
    0x00, 0x00, 0x00, 0x9F, 0xFF, 0xF6, 0x00, 0x00, 0x00, 0x00, 0x00, 0x00, 0x8F, 0xFF, 0xF8, 0x00,
    0x00, 0x00, 0x00, 0x00, 0x00, 0x4F, 0xFF, 0xFD, 0x00, 0x00, 0x00, 0x00, 0x00, 0x00, 0x0E, 0xFF,
    0xFF, 0x50, 0x00, 0x00, 0x00, 0x00, 0x00, 0x07, 0xFF, 0xFF, 0xE3, 0x00, 0x00, 0x00, 0x06, 0x50,
    0x00, 0xBF, 0xFF, 0xFE, 0x83, 0x11, 0x26, 0xDF, 0x60, 0x00, 0x1B, 0xFF, 0xFF, 0xFF, 0xFF, 0xFF,
    0xFF, 0x60, 0x00, 0x00, 0x7E, 0xFF, 0xFF, 0xFF, 0xFF, 0xFF, 0x60, 0x00, 0x00, 0x01, 0x6A, 0xDE,
    0xFE, 0xDB, 0x72, 0x00, 0x00, 0x00, 0x00, 0x00, 0x02, 0xEB, 0x00, 0x00, 0x00, 0x00, 0x00, 0x00,
    0x00, 0x00, 0x7F, 0x60, 0x00, 0x00, 0x00, 0x00, 0x00, 0x00, 0x01, 0x9F, 0xB0, 0x00, 0x00, 0x00,
    0x00, 0x00, 0x0F, 0xFF, 0xFF, 0x90, 0x00, 0x00, 0x00, 0x00, 0x00, 0x0E, 0xFF, 0xEA, 0x10, 0x00,
    0x00, 0x00, 0x1C, 0xFF, 0x80, 0x00, 0x00, 0x00, 0x00, 0x00, 0x9F, 0xF6, 0x00, 0x00, 0x00, 0x00,
    0x00, 0x07, 0xFF, 0x40, 0x00, 0x00, 0x00, 0x00, 0x00, 0x00, 0x00, 0x00, 0x00, 0x00, 0x00, 0x00,
    0x00, 0x00, 0x00, 0x00, 0x9F, 0xFF, 0xFF, 0xFF, 0xFF, 0xFF, 0xF9, 0x9F, 0xFF, 0xFF, 0xFF, 0xFF,
    0xFF, 0xF9, 0x9F, 0xFF, 0xFF, 0xFF, 0xFF, 0xFF, 0xF9, 0x9F, 0xFF, 0xF4, 0x00, 0x00, 0x00, 0x00,
    0x9F, 0xFF, 0xF4, 0x00, 0x00, 0x00, 0x00, 0x9F, 0xFF, 0xF4, 0x00, 0x00, 0x00, 0x00, 0x9F, 0xFF,
    0xF4, 0x00, 0x00, 0x00, 0x00, 0x9F, 0xFF, 0xFF, 0xFF, 0xFF, 0xFF, 0xF1, 0x9F, 0xFF, 0xFF, 0xFF,
    0xFF, 0xFF, 0xF1, 0x9F, 0xFF, 0xFF, 0xFF, 0xFF, 0xFF, 0xF1, 0x9F, 0xFF, 0xF4, 0x00, 0x00, 0x00,
    0x00, 0x9F, 0xFF, 0xF4, 0x00, 0x00, 0x00, 0x00, 0x9F, 0xFF, 0xF4, 0x00, 0x00, 0x00, 0x00, 0x9F,
    0xFF, 0xF4, 0x00, 0x00, 0x00, 0x00, 0x9F, 0xFF, 0xF4, 0x00, 0x00, 0x00, 0x00, 0x9F, 0xFF, 0xF4,
    0x00, 0x00, 0x00, 0x00, 0x9F, 0xFF, 0xFF, 0xFF, 0xFF, 0xFF, 0xFD, 0x9F, 0xFF, 0xFF, 0xFF, 0xFF,
    0xFF, 0xFD, 0x9F, 0xFF, 0xFF, 0xFF, 0xFF, 0xFF, 0xFD, 0x00, 0x00, 0x00, 0x1D, 0xFF, 0x60, 0x00,
    0x00, 0x00, 0x00, 0xCF, 0xE4, 0x00, 0x00, 0x00, 0x00, 0x0A, 0xFD, 0x20, 0x00, 0x00, 0x00, 0x00,
    0x00, 0x00, 0x00, 0x00, 0x00, 0x00, 0x00, 0x00, 0x00, 0x00, 0x00, 0x00, 0x9F, 0xFF, 0xFF, 0xFF,
    0xFF, 0xFF, 0xF9, 0x9F, 0xFF, 0xFF, 0xFF, 0xFF, 0xFF, 0xF9, 0x9F, 0xFF, 0xFF, 0xFF, 0xFF, 0xFF,
    0xF9, 0x9F, 0xFF, 0xF4, 0x00, 0x00, 0x00, 0x00, 0x9F, 0xFF, 0xF4, 0x00, 0x00, 0x00, 0x00, 0x9F,
    0xFF, 0xF4, 0x00, 0x00, 0x00, 0x00, 0x9F, 0xFF, 0xF4, 0x00, 0x00, 0x00, 0x00, 0x9F, 0xFF, 0xFF,
    0xFF, 0xFF, 0xFF, 0xF1, 0x9F, 0xFF, 0xFF, 0xFF, 0xFF, 0xFF, 0xF1, 0x9F, 0xFF, 0xFF, 0xFF, 0xFF,
    0xFF, 0xF1, 0x9F, 0xFF, 0xF4, 0x00, 0x00, 0x00, 0x00, 0x9F, 0xFF, 0xF4, 0x00, 0x00, 0x00, 0x00,
    0x9F, 0xFF, 0xF4, 0x00, 0x00, 0x00, 0x00, 0x9F, 0xFF, 0xF4, 0x00, 0x00, 0x00, 0x00, 0x9F, 0xFF,
    0xF4, 0x00, 0x00, 0x00, 0x00, 0x9F, 0xFF, 0xF4, 0x00, 0x00, 0x00, 0x00, 0x9F, 0xFF, 0xFF, 0xFF,
    0xFF, 0xFF, 0xFD, 0x9F, 0xFF, 0xFF, 0xFF, 0xFF, 0xFF, 0xFD, 0x9F, 0xFF, 0xFF, 0xFF, 0xFF, 0xFF,
    0xFD, 0x00, 0x00, 0xAF, 0xFF, 0xE4, 0x00, 0x00, 0x00, 0x09, 0xFE, 0x6A, 0xFE, 0x30, 0x00, 0x00,
    0x8F, 0xC2, 0x00, 0x6F, 0xE2, 0x00, 0x00, 0x00, 0x00, 0x00, 0x00, 0x00, 0x00, 0x00, 0x00, 0x00,
    0x00, 0x00, 0x00, 0x00, 0x9F, 0xFF, 0xFF, 0xFF, 0xFF, 0xFF, 0xF9, 0x9F, 0xFF, 0xFF, 0xFF, 0xFF,
    0xFF, 0xF9, 0x9F, 0xFF, 0xFF, 0xFF, 0xFF, 0xFF, 0xF9, 0x9F, 0xFF, 0xF4, 0x00, 0x00, 0x00, 0x00,
    0x9F, 0xFF, 0xF4, 0x00, 0x00, 0x00, 0x00, 0x9F, 0xFF, 0xF4, 0x00, 0x00, 0x00, 0x00, 0x9F, 0xFF,
    0xF4, 0x00, 0x00, 0x00, 0x00, 0x9F, 0xFF, 0xFF, 0xFF, 0xFF, 0xFF, 0xF1, 0x9F, 0xFF, 0xFF, 0xFF,
    0xFF, 0xFF, 0xF1, 0x9F, 0xFF, 0xFF, 0xFF, 0xFF, 0xFF, 0xF1, 0x9F, 0xFF, 0xF4, 0x00, 0x00, 0x00,
    0x00, 0x9F, 0xFF, 0xF4, 0x00, 0x00, 0x00, 0x00, 0x9F, 0xFF, 0xF4, 0x00, 0x00, 0x00, 0x00, 0x9F,
    0xFF, 0xF4, 0x00, 0x00, 0x00, 0x00, 0x9F, 0xFF, 0xF4, 0x00, 0x00, 0x00, 0x00, 0x9F, 0xFF, 0xF4,
    0x00, 0x00, 0x00, 0x00, 0x9F, 0xFF, 0xFF, 0xFF, 0xFF, 0xFF, 0xFD, 0x9F, 0xFF, 0xFF, 0xFF, 0xFF,
    0xFF, 0xFD, 0x9F, 0xFF, 0xFF, 0xFF, 0xFF, 0xFF, 0xFD, 0x00, 0x3F, 0xFC, 0x03, 0xFF, 0xC0, 0x00,
    0x00, 0x3F, 0xFC, 0x03, 0xFF, 0xC0, 0x00, 0x00, 0x3F, 0xFC, 0x03, 0xFF, 0xC0, 0x00, 0x00, 0x00,
    0x00, 0x00, 0x00, 0x00, 0x00, 0x00, 0x00, 0x00, 0x00, 0x00, 0x00, 0x00, 0x9F, 0xFF, 0xFF, 0xFF,
    0xFF, 0xFF, 0xF9, 0x9F, 0xFF, 0xFF, 0xFF, 0xFF, 0xFF, 0xF9, 0x9F, 0xFF, 0xFF, 0xFF, 0xFF, 0xFF,
    0xF9, 0x9F, 0xFF, 0xF4, 0x00, 0x00, 0x00, 0x00, 0x9F, 0xFF, 0xF4, 0x00, 0x00, 0x00, 0x00, 0x9F,
    0xFF, 0xF4, 0x00, 0x00, 0x00, 0x00, 0x9F, 0xFF, 0xF4, 0x00, 0x00, 0x00, 0x00, 0x9F, 0xFF, 0xFF,
    0xFF, 0xFF, 0xFF, 0xF1, 0x9F, 0xFF, 0xFF, 0xFF, 0xFF, 0xFF, 0xF1, 0x9F, 0xFF, 0xFF, 0xFF, 0xFF,
    0xFF, 0xF1, 0x9F, 0xFF, 0xF4, 0x00, 0x00, 0x00, 0x00, 0x9F, 0xFF, 0xF4, 0x00, 0x00, 0x00, 0x00,
    0x9F, 0xFF, 0xF4, 0x00, 0x00, 0x00, 0x00, 0x9F, 0xFF, 0xF4, 0x00, 0x00, 0x00, 0x00, 0x9F, 0xFF,
    0xF4, 0x00, 0x00, 0x00, 0x00, 0x9F, 0xFF, 0xF4, 0x00, 0x00, 0x00, 0x00, 0x9F, 0xFF, 0xFF, 0xFF,
    0xFF, 0xFF, 0xFD, 0x9F, 0xFF, 0xFF, 0xFF, 0xFF, 0xFF, 0xFD, 0x9F, 0xFF, 0xFF, 0xFF, 0xFF, 0xFF,
    0xFD, 0x3E, 0xFF, 0x40, 0x00, 0x02, 0xCF, 0xE3, 0x00, 0x00, 0x1A, 0xFD, 0x10, 0x00, 0x00, 0x00,
    0x00, 0x00, 0x00, 0x00, 0x00, 0x00, 0x9F, 0xFF, 0xF4, 0x00, 0x9F, 0xFF, 0xF4, 0x00, 0x9F, 0xFF,
    0xF4, 0x00, 0x9F, 0xFF, 0xF4, 0x00, 0x9F, 0xFF, 0xF4, 0x00, 0x9F, 0xFF, 0xF4, 0x00, 0x9F, 0xFF,
    0xF4, 0x00, 0x9F, 0xFF, 0xF4, 0x00, 0x9F, 0xFF, 0xF4, 0x00, 0x9F, 0xFF, 0xF4, 0x00, 0x9F, 0xFF,
    0xF4, 0x00, 0x9F, 0xFF, 0xF4, 0x00, 0x9F, 0xFF, 0xF4, 0x00, 0x9F, 0xFF, 0xF4, 0x00, 0x9F, 0xFF,
    0xF4, 0x00, 0x9F, 0xFF, 0xF4, 0x00, 0x9F, 0xFF, 0xF4, 0x00, 0x9F, 0xFF, 0xF4, 0x00, 0x9F, 0xFF,
    0xF4, 0x00, 0x4F, 0xFE, 0x30, 0x02, 0xEF, 0xC2, 0x00, 0x1D, 0xFA, 0x10, 0x00, 0x00, 0x00, 0x00,
    0x00, 0x00, 0x00, 0x00, 0x00, 0x9F, 0xFF, 0xF4, 0x00, 0x9F, 0xFF, 0xF4, 0x00, 0x9F, 0xFF, 0xF4,
    0x00, 0x9F, 0xFF, 0xF4, 0x00, 0x9F, 0xFF, 0xF4, 0x00, 0x9F, 0xFF, 0xF4, 0x00, 0x9F, 0xFF, 0xF4,
    0x00, 0x9F, 0xFF, 0xF4, 0x00, 0x9F, 0xFF, 0xF4, 0x00, 0x9F, 0xFF, 0xF4, 0x00, 0x9F, 0xFF, 0xF4,
    0x00, 0x9F, 0xFF, 0xF4, 0x00, 0x9F, 0xFF, 0xF4, 0x00, 0x9F, 0xFF, 0xF4, 0x00, 0x9F, 0xFF, 0xF4,
    0x00, 0x9F, 0xFF, 0xF4, 0x00, 0x9F, 0xFF, 0xF4, 0x00, 0x9F, 0xFF, 0xF4, 0x00, 0x9F, 0xFF, 0xF4,
    0x00, 0x00, 0x9F, 0xFF, 0xF4, 0x00, 0x08, 0xFE, 0x6A, 0xFE, 0x40, 0x7F, 0xC3, 0x00, 0x6E, 0xE3,
    0x00, 0x00, 0x00, 0x00, 0x00, 0x00, 0x00, 0x00, 0x00, 0x00, 0x00, 0x9F, 0xFF, 0xF4, 0x00, 0x00,
    0x9F, 0xFF, 0xF4, 0x00, 0x00, 0x9F, 0xFF, 0xF4, 0x00, 0x00, 0x9F, 0xFF, 0xF4, 0x00, 0x00, 0x9F,
    0xFF, 0xF4, 0x00, 0x00, 0x9F, 0xFF, 0xF4, 0x00, 0x00, 0x9F, 0xFF, 0xF4, 0x00, 0x00, 0x9F, 0xFF,
    0xF4, 0x00, 0x00, 0x9F, 0xFF, 0xF4, 0x00, 0x00, 0x9F, 0xFF, 0xF4, 0x00, 0x00, 0x9F, 0xFF, 0xF4,
    0x00, 0x00, 0x9F, 0xFF, 0xF4, 0x00, 0x00, 0x9F, 0xFF, 0xF4, 0x00, 0x00, 0x9F, 0xFF, 0xF4, 0x00,
    0x00, 0x9F, 0xFF, 0xF4, 0x00, 0x00, 0x9F, 0xFF, 0xF4, 0x00, 0x00, 0x9F, 0xFF, 0xF4, 0x00, 0x00,
    0x9F, 0xFF, 0xF4, 0x00, 0x00, 0x9F, 0xFF, 0xF4, 0x00, 0x3F, 0xFC, 0x02, 0xFF, 0xC0, 0x3F, 0xFC,
    0x02, 0xFF, 0xC0, 0x3F, 0xFC, 0x02, 0xFF, 0xC0, 0x00, 0x00, 0x00, 0x00, 0x00, 0x00, 0x00, 0x00,
    0x00, 0x00, 0x00, 0x9F, 0xFF, 0xF4, 0x00, 0x00, 0x9F, 0xFF, 0xF4, 0x00, 0x00, 0x9F, 0xFF, 0xF4,
    0x00, 0x00, 0x9F, 0xFF, 0xF4, 0x00, 0x00, 0x9F, 0xFF, 0xF4, 0x00, 0x00, 0x9F, 0xFF, 0xF4, 0x00,
    0x00, 0x9F, 0xFF, 0xF4, 0x00, 0x00, 0x9F, 0xFF, 0xF4, 0x00, 0x00, 0x9F, 0xFF, 0xF4, 0x00, 0x00,
    0x9F, 0xFF, 0xF4, 0x00, 0x00, 0x9F, 0xFF, 0xF4, 0x00, 0x00, 0x9F, 0xFF, 0xF4, 0x00, 0x00, 0x9F,
    0xFF, 0xF4, 0x00, 0x00, 0x9F, 0xFF, 0xF4, 0x00, 0x00, 0x9F, 0xFF, 0xF4, 0x00, 0x00, 0x9F, 0xFF,
    0xF4, 0x00, 0x00, 0x9F, 0xFF, 0xF4, 0x00, 0x00, 0x9F, 0xFF, 0xF4, 0x00, 0x00, 0x9F, 0xFF, 0xF4,
    0x00, 0x00, 0x6F, 0xFF, 0xFF, 0xFE, 0xED, 0xB8, 0x40, 0x00, 0x00, 0x00, 0x00, 0x6F, 0xFF, 0xFF,
    0xFF, 0xFF, 0xFF, 0xFC, 0x40, 0x00, 0x00, 0x00, 0x6F, 0xFF, 0xFF, 0xFF, 0xFF, 0xFF, 0xFF, 0xF8,
    0x00, 0x00, 0x00, 0x6F, 0xFF, 0xF8, 0x00, 0x25, 0xBF, 0xFF, 0xFF, 0x70, 0x00, 0x00, 0x6F, 0xFF,
    0xF8, 0x00, 0x00, 0x06, 0xFF, 0xFF, 0xF3, 0x00, 0x00, 0x6F, 0xFF, 0xF8, 0x00, 0x00, 0x00, 0x9F,
    0xFF, 0xFB, 0x00, 0x00, 0x6F, 0xFF, 0xF8, 0x00, 0x00, 0x00, 0x1F, 0xFF, 0xFF, 0x10, 0x00, 0x6F,
    0xFF, 0xF8, 0x00, 0x00, 0x00, 0x0C, 0xFF, 0xFF, 0x40, 0x9F, 0xFF, 0xFF, 0xFF, 0xFF, 0x80, 0x00,
    0x0A, 0xFF, 0xFF, 0x60, 0x9F, 0xFF, 0xFF, 0xFF, 0xFF, 0x80, 0x00, 0x09, 0xFF, 0xFF, 0x70, 0x9F,
    0xFF, 0xFF, 0xFF, 0xFF, 0x80, 0x00, 0x0A, 0xFF, 0xFF, 0x60, 0x00, 0x6F, 0xFF, 0xF8, 0x00, 0x00,
    0x00, 0x0C, 0xFF, 0xFF, 0x40, 0x00, 0x6F, 0xFF, 0xF8, 0x00, 0x00, 0x00, 0x2F, 0xFF, 0xFF, 0x10,
    0x00, 0x6F, 0xFF, 0xF8, 0x00, 0x00, 0x00, 0x9F, 0xFF, 0xFB, 0x00, 0x00, 0x6F, 0xFF, 0xF8, 0x00,
    0x00, 0x06, 0xFF, 0xFF, 0xF3, 0x00, 0x00, 0x6F, 0xFF, 0xF8, 0x00, 0x15, 0xBF, 0xFF, 0xFF, 0x70,
    0x00, 0x00, 0x6F, 0xFF, 0xFF, 0xFF, 0xFF, 0xFF, 0xFF, 0xF8, 0x00, 0x00, 0x00, 0x6F, 0xFF, 0xFF,
    0xFF, 0xFF, 0xFF, 0xFC, 0x40, 0x00, 0x00, 0x00, 0x6F, 0xFF, 0xFF, 0xFF, 0xED, 0xB8, 0x40, 0x00,
    0x00, 0x00, 0x00, 0x00, 0x2B, 0xED, 0x82, 0x3F, 0xC0, 0x00, 0x00, 0x00, 0x00, 0xBF, 0xFF, 0xFF,
    0xFF, 0x80, 0x00, 0x00, 0x00, 0x00, 0xEE, 0x13, 0x9D, 0xEA, 0x10, 0x00, 0x00, 0x00, 0x00, 0x00,
    0x00, 0x00, 0x00, 0x00, 0x00, 0x00, 0x00, 0x00, 0x00, 0x00, 0x00, 0x00, 0x00, 0x00, 0x00, 0x9F,
    0xFF, 0xFF, 0x20, 0x00, 0x00, 0x4F, 0xFF, 0xF6, 0x9F, 0xFF, 0xFF, 0xA0, 0x00, 0x00, 0x4F, 0xFF,
    0xF6, 0x9F, 0xFF, 0xFF, 0xF3, 0x00, 0x00, 0x4F, 0xFF, 0xF6, 0x9F, 0xFF, 0xFF, 0xFA, 0x00, 0x00,
    0x4F, 0xFF, 0xF6, 0x9F, 0xFF, 0xFF, 0xFF, 0x30, 0x00, 0x4F, 0xFF, 0xF6, 0x9F, 0xFF, 0xFF, 0xFF,
    0xB0, 0x00, 0x4F, 0xFF, 0xF6, 0x9F, 0xFF, 0xFB, 0xFF, 0xF4, 0x00, 0x4F, 0xFF, 0xF6, 0x9F, 0xFF,
    0xF3, 0xFF, 0xFC, 0x00, 0x4F, 0xFF, 0xF6, 0x9F, 0xFF, 0xF0, 0xAF, 0xFF, 0x50, 0x4F, 0xFF, 0xF6,
    0x9F, 0xFF, 0xF0, 0x2F, 0xFF, 0xD0, 0x4F, 0xFF, 0xF6, 0x9F, 0xFF, 0xF0, 0x09, 0xFF, 0xF6, 0x4F,
    0xFF, 0xF6, 0x9F, 0xFF, 0xF0, 0x01, 0xEF, 0xFD, 0x4F, 0xFF, 0xF6, 0x9F, 0xFF, 0xF0, 0x00, 0x8F,
    0xFF, 0xBF, 0xFF, 0xF6, 0x9F, 0xFF, 0xF0, 0x00, 0x1E, 0xFF, 0xFF, 0xFF, 0xF6, 0x9F, 0xFF, 0xF0,
    0x00, 0x07, 0xFF, 0xFF, 0xFF, 0xF6, 0x9F, 0xFF, 0xF0, 0x00, 0x01, 0xDF, 0xFF, 0xFF, 0xF6, 0x9F,
    0xFF, 0xF0, 0x00, 0x00, 0x6F, 0xFF, 0xFF, 0xF6, 0x9F, 0xFF, 0xF0, 0x00, 0x00, 0x0D, 0xFF, 0xFF,
    0xF6, 0x9F, 0xFF, 0xF0, 0x00, 0x00, 0x05, 0xFF, 0xFF, 0xF6, 0x00, 0x00, 0x02, 0xCF, 0xF7, 0x00,
    0x00, 0x00, 0x00, 0x00, 0x00, 0x00, 0x00, 0x1A, 0xFF, 0x50, 0x00, 0x00, 0x00, 0x00, 0x00, 0x00,
    0x00, 0x00, 0x7F, 0xE3, 0x00, 0x00, 0x00, 0x00, 0x00, 0x00, 0x00, 0x00, 0x00, 0x00, 0x00, 0x00,
    0x00, 0x00, 0x00, 0x00, 0x00, 0x00, 0x00, 0x00, 0x00, 0x00, 0x00, 0x00, 0x00, 0x00, 0x02, 0x7B,
    0xDE, 0xED, 0xB8, 0x30, 0x00, 0x00, 0x00, 0x01, 0xAF, 0xFF, 0xFF, 0xFF, 0xFF, 0xFB, 0x20, 0x00,
    0x00, 0x2D, 0xFF, 0xFF, 0xFF, 0xFF, 0xFF, 0xFF, 0xE3, 0x00, 0x01, 0xDF, 0xFF, 0xFC, 0x41, 0x14,
    0xBF, 0xFF, 0xFD, 0x10, 0x08, 0xFF, 0xFF, 0xB0, 0x00, 0x00, 0x0A, 0xFF, 0xFF, 0x90, 0x1E, 0xFF,
    0xFF, 0x20, 0x00, 0x00, 0x01, 0xEF, 0xFF, 0xF2, 0x5F, 0xFF, 0xFB, 0x00, 0x00, 0x00, 0x00, 0xAF,
    0xFF, 0xF6, 0x8F, 0xFF, 0xF8, 0x00, 0x00, 0x00, 0x00, 0x6F, 0xFF, 0xF9, 0x9F, 0xFF, 0xF6, 0x00,
    0x00, 0x00, 0x00, 0x5F, 0xFF, 0xFB, 0xAF, 0xFF, 0xF5, 0x00, 0x00, 0x00, 0x00, 0x4F, 0xFF, 0xFC,
    0x9F, 0xFF, 0xF6, 0x00, 0x00, 0x00, 0x00, 0x5F, 0xFF, 0xFB, 0x8F, 0xFF, 0xF8, 0x00, 0x00, 0x00,
    0x00, 0x6F, 0xFF, 0xF9, 0x5F, 0xFF, 0xFB, 0x00, 0x00, 0x00, 0x00, 0xAF, 0xFF, 0xF6, 0x1E, 0xFF,
    0xFF, 0x20, 0x00, 0x00, 0x01, 0xEF, 0xFF, 0xF2, 0x08, 0xFF, 0xFF, 0xB0, 0x00, 0x00, 0x0A, 0xFF,
    0xFF, 0xA0, 0x01, 0xDF, 0xFF, 0xFC, 0x41, 0x14, 0xBF, 0xFF, 0xFE, 0x20, 0x00, 0x2D, 0xFF, 0xFF,
    0xFF, 0xFF, 0xFF, 0xFF, 0xE3, 0x00, 0x00, 0x01, 0xAF, 0xFF, 0xFF, 0xFF, 0xFF, 0xFB, 0x20, 0x00,
    0x00, 0x00, 0x02, 0x8B, 0xDE, 0xFD, 0xC8, 0x30, 0x00, 0x00, 0x00, 0x00, 0x00, 0x00, 0x02, 0xEF,
    0xF6, 0x00, 0x00, 0x00, 0x00, 0x00, 0x00, 0x00, 0x1C, 0xFE, 0x40, 0x00, 0x00, 0x00, 0x00, 0x00,
    0x00, 0x00, 0xAF, 0xC2, 0x00, 0x00, 0x00, 0x00, 0x00, 0x00, 0x00, 0x00, 0x00, 0x00, 0x00, 0x00,
    0x00, 0x00, 0x00, 0x00, 0x00, 0x00, 0x00, 0x00, 0x00, 0x00, 0x00, 0x00, 0x00, 0x00, 0x02, 0x7B,
    0xDE, 0xED, 0xB8, 0x30, 0x00, 0x00, 0x00, 0x01, 0xAF, 0xFF, 0xFF, 0xFF, 0xFF, 0xFB, 0x20, 0x00,
    0x00, 0x2D, 0xFF, 0xFF, 0xFF, 0xFF, 0xFF, 0xFF, 0xE3, 0x00, 0x01, 0xDF, 0xFF, 0xFC, 0x41, 0x14,
    0xBF, 0xFF, 0xFD, 0x10, 0x08, 0xFF, 0xFF, 0xB0, 0x00, 0x00, 0x0A, 0xFF, 0xFF, 0x90, 0x1E, 0xFF,
    0xFF, 0x20, 0x00, 0x00, 0x01, 0xEF, 0xFF, 0xF2, 0x5F, 0xFF, 0xFB, 0x00, 0x00, 0x00, 0x00, 0xAF,
    0xFF, 0xF6, 0x8F, 0xFF, 0xF8, 0x00, 0x00, 0x00, 0x00, 0x6F, 0xFF, 0xF9, 0x9F, 0xFF, 0xF6, 0x00,
    0x00, 0x00, 0x00, 0x5F, 0xFF, 0xFB, 0xAF, 0xFF, 0xF5, 0x00, 0x00, 0x00, 0x00, 0x4F, 0xFF, 0xFC,
    0x9F, 0xFF, 0xF6, 0x00, 0x00, 0x00, 0x00, 0x5F, 0xFF, 0xFB, 0x8F, 0xFF, 0xF8, 0x00, 0x00, 0x00,
    0x00, 0x6F, 0xFF, 0xF9, 0x5F, 0xFF, 0xFB, 0x00, 0x00, 0x00, 0x00, 0xAF, 0xFF, 0xF6, 0x1E, 0xFF,
    0xFF, 0x20, 0x00, 0x00, 0x01, 0xEF, 0xFF, 0xF2, 0x08, 0xFF, 0xFF, 0xB0, 0x00, 0x00, 0x0A, 0xFF,
    0xFF, 0xA0, 0x01, 0xDF, 0xFF, 0xFC, 0x41, 0x14, 0xBF, 0xFF, 0xFE, 0x20, 0x00, 0x2D, 0xFF, 0xFF,
    0xFF, 0xFF, 0xFF, 0xFF, 0xE3, 0x00, 0x00, 0x01, 0xAF, 0xFF, 0xFF, 0xFF, 0xFF, 0xFB, 0x20, 0x00,
    0x00, 0x00, 0x02, 0x8B, 0xDE, 0xFD, 0xC8, 0x30, 0x00, 0x00, 0x00, 0x00, 0x00, 0x0A, 0xFF, 0xFE,
    0x30, 0x00, 0x00, 0x00, 0x00, 0x00, 0x00, 0x9F, 0xE6, 0xBF, 0xE3, 0x00, 0x00, 0x00, 0x00, 0x00,
    0x09, 0xFC, 0x20, 0x07, 0xFE, 0x20, 0x00, 0x00, 0x00, 0x00, 0x00, 0x00, 0x00, 0x00, 0x00, 0x00,
    0x00, 0x00, 0x00, 0x00, 0x00, 0x00, 0x00, 0x00, 0x00, 0x00, 0x00, 0x00, 0x00, 0x00, 0x02, 0x7B,
    0xDE, 0xED, 0xB8, 0x30, 0x00, 0x00, 0x00, 0x01, 0xAF, 0xFF, 0xFF, 0xFF, 0xFF, 0xFB, 0x20, 0x00,
    0x00, 0x2D, 0xFF, 0xFF, 0xFF, 0xFF, 0xFF, 0xFF, 0xE3, 0x00, 0x01, 0xDF, 0xFF, 0xFC, 0x41, 0x14,
    0xBF, 0xFF, 0xFD, 0x10, 0x08, 0xFF, 0xFF, 0xB0, 0x00, 0x00, 0x0A, 0xFF, 0xFF, 0x90, 0x1E, 0xFF,
    0xFF, 0x20, 0x00, 0x00, 0x01, 0xEF, 0xFF, 0xF2, 0x5F, 0xFF, 0xFB, 0x00, 0x00, 0x00, 0x00, 0xAF,
    0xFF, 0xF6, 0x8F, 0xFF, 0xF8, 0x00, 0x00, 0x00, 0x00, 0x6F, 0xFF, 0xF9, 0x9F, 0xFF, 0xF6, 0x00,
    0x00, 0x00, 0x00, 0x5F, 0xFF, 0xFB, 0xAF, 0xFF, 0xF5, 0x00, 0x00, 0x00, 0x00, 0x4F, 0xFF, 0xFC,
    0x9F, 0xFF, 0xF6, 0x00, 0x00, 0x00, 0x00, 0x5F, 0xFF, 0xFB, 0x8F, 0xFF, 0xF8, 0x00, 0x00, 0x00,
    0x00, 0x6F, 0xFF, 0xF9, 0x5F, 0xFF, 0xFB, 0x00, 0x00, 0x00, 0x00, 0xAF, 0xFF, 0xF6, 0x1E, 0xFF,
    0xFF, 0x20, 0x00, 0x00, 0x01, 0xEF, 0xFF, 0xF2, 0x08, 0xFF, 0xFF, 0xB0, 0x00, 0x00, 0x0A, 0xFF,
    0xFF, 0xA0, 0x01, 0xDF, 0xFF, 0xFC, 0x41, 0x14, 0xBF, 0xFF, 0xFE, 0x20, 0x00, 0x2D, 0xFF, 0xFF,
    0xFF, 0xFF, 0xFF, 0xFF, 0xE3, 0x00, 0x00, 0x01, 0xAF, 0xFF, 0xFF, 0xFF, 0xFF, 0xFB, 0x20, 0x00,
    0x00, 0x00, 0x02, 0x8B, 0xDE, 0xFD, 0xC8, 0x30, 0x00, 0x00, 0x00, 0x00, 0x00, 0x5D, 0xEB, 0x61,
    0x8F, 0x60, 0x00, 0x00, 0x00, 0x00, 0x02, 0xFF, 0xFF, 0xFF, 0xFF, 0x30, 0x00, 0x00, 0x00, 0x00,
    0x04, 0xF9, 0x15, 0xBE, 0xE7, 0x00, 0x00, 0x00, 0x00, 0x00, 0x00, 0x00, 0x00, 0x00, 0x00, 0x00,
    0x00, 0x00, 0x00, 0x00, 0x00, 0x00, 0x00, 0x00, 0x00, 0x00, 0x00, 0x00, 0x00, 0x00, 0x02, 0x7B,
    0xDE, 0xED, 0xB8, 0x30, 0x00, 0x00, 0x00, 0x01, 0xAF, 0xFF, 0xFF, 0xFF, 0xFF, 0xFB, 0x20, 0x00,
    0x00, 0x2D, 0xFF, 0xFF, 0xFF, 0xFF, 0xFF, 0xFF, 0xE3, 0x00, 0x01, 0xDF, 0xFF, 0xFC, 0x41, 0x14,
    0xBF, 0xFF, 0xFD, 0x10, 0x08, 0xFF, 0xFF, 0xB0, 0x00, 0x00, 0x0A, 0xFF, 0xFF, 0x90, 0x1E, 0xFF,
    0xFF, 0x20, 0x00, 0x00, 0x01, 0xEF, 0xFF, 0xF2, 0x5F, 0xFF, 0xFB, 0x00, 0x00, 0x00, 0x00, 0xAF,
    0xFF, 0xF6, 0x8F, 0xFF, 0xF8, 0x00, 0x00, 0x00, 0x00, 0x6F, 0xFF, 0xF9, 0x9F, 0xFF, 0xF6, 0x00,
    0x00, 0x00, 0x00, 0x5F, 0xFF, 0xFB, 0xAF, 0xFF, 0xF5, 0x00, 0x00, 0x00, 0x00, 0x4F, 0xFF, 0xFC,
    0x9F, 0xFF, 0xF6, 0x00, 0x00, 0x00, 0x00, 0x5F, 0xFF, 0xFB, 0x8F, 0xFF, 0xF8, 0x00, 0x00, 0x00,
    0x00, 0x6F, 0xFF, 0xF9, 0x5F, 0xFF, 0xFB, 0x00, 0x00, 0x00, 0x00, 0xAF, 0xFF, 0xF6, 0x1E, 0xFF,
    0xFF, 0x20, 0x00, 0x00, 0x01, 0xEF, 0xFF, 0xF2, 0x08, 0xFF, 0xFF, 0xB0, 0x00, 0x00, 0x0A, 0xFF,
    0xFF, 0xA0, 0x01, 0xDF, 0xFF, 0xFC, 0x41, 0x14, 0xBF, 0xFF, 0xFE, 0x20, 0x00, 0x2D, 0xFF, 0xFF,
    0xFF, 0xFF, 0xFF, 0xFF, 0xE3, 0x00, 0x00, 0x01, 0xAF, 0xFF, 0xFF, 0xFF, 0xFF, 0xFB, 0x20, 0x00,
    0x00, 0x00, 0x02, 0x8B, 0xDE, 0xFD, 0xC8, 0x30, 0x00, 0x00, 0x00, 0x00, 0x00, 0xEF, 0xF0, 0x0E,
    0xFF, 0x10, 0x00, 0x00, 0x00, 0x00, 0x00, 0xEF, 0xF0, 0x0E, 0xFF, 0x10, 0x00, 0x00, 0x00, 0x00,
    0x00, 0xEF, 0xF0, 0x0E, 0xFF, 0x10, 0x00, 0x00, 0x00, 0x00, 0x00, 0x00, 0x00, 0x00, 0x00, 0x00,
    0x00, 0x00, 0x00, 0x00, 0x00, 0x00, 0x00, 0x00, 0x00, 0x00, 0x00, 0x00, 0x00, 0x00, 0x02, 0x7B,
    0xDE, 0xED, 0xB8, 0x30, 0x00, 0x00, 0x00, 0x01, 0xAF, 0xFF, 0xFF, 0xFF, 0xFF, 0xFB, 0x20, 0x00,
    0x00, 0x2D, 0xFF, 0xFF, 0xFF, 0xFF, 0xFF, 0xFF, 0xE3, 0x00, 0x01, 0xDF, 0xFF, 0xFC, 0x41, 0x14,
    0xBF, 0xFF, 0xFD, 0x10, 0x08, 0xFF, 0xFF, 0xB0, 0x00, 0x00, 0x0A, 0xFF, 0xFF, 0x90, 0x1E, 0xFF,
    0xFF, 0x20, 0x00, 0x00, 0x01, 0xEF, 0xFF, 0xF2, 0x5F, 0xFF, 0xFB, 0x00, 0x00, 0x00, 0x00, 0xAF,
    0xFF, 0xF6, 0x8F, 0xFF, 0xF8, 0x00, 0x00, 0x00, 0x00, 0x6F, 0xFF, 0xF9, 0x9F, 0xFF, 0xF6, 0x00,
    0x00, 0x00, 0x00, 0x5F, 0xFF, 0xFB, 0xAF, 0xFF, 0xF5, 0x00, 0x00, 0x00, 0x00, 0x4F, 0xFF, 0xFC,
    0x9F, 0xFF, 0xF6, 0x00, 0x00, 0x00, 0x00, 0x5F, 0xFF, 0xFB, 0x8F, 0xFF, 0xF8, 0x00, 0x00, 0x00,
    0x00, 0x6F, 0xFF, 0xF9, 0x5F, 0xFF, 0xFB, 0x00, 0x00, 0x00, 0x00, 0xAF, 0xFF, 0xF6, 0x1E, 0xFF,
    0xFF, 0x20, 0x00, 0x00, 0x01, 0xEF, 0xFF, 0xF2, 0x08, 0xFF, 0xFF, 0xB0, 0x00, 0x00, 0x0A, 0xFF,
    0xFF, 0xA0, 0x01, 0xDF, 0xFF, 0xFC, 0x41, 0x14, 0xBF, 0xFF, 0xFE, 0x20, 0x00, 0x2D, 0xFF, 0xFF,
    0xFF, 0xFF, 0xFF, 0xFF, 0xE3, 0x00, 0x00, 0x01, 0xAF, 0xFF, 0xFF, 0xFF, 0xFF, 0xFB, 0x20, 0x00,
    0x00, 0x00, 0x02, 0x8B, 0xDE, 0xFD, 0xC8, 0x30, 0x00, 0x00, 0x03, 0xB1, 0x00, 0x00, 0x00, 0x00,
    0x3B, 0x10, 0x3E, 0xFC, 0x10, 0x00, 0x00, 0x03, 0xEF, 0xD1, 0x5F, 0xFF, 0xD1, 0x00, 0x00, 0x3E,
    0xFF, 0xE3, 0x05, 0xFF, 0xFD, 0x10, 0x03, 0xEF, 0xFE, 0x30, 0x00, 0x5F, 0xFF, 0xD2, 0x3E, 0xFF,
    0xE3, 0x00, 0x00, 0x05, 0xFF, 0xFD, 0xEF, 0xFE, 0x30, 0x00, 0x00, 0x00, 0x4F, 0xFF, 0xFF, 0xE2,
    0x00, 0x00, 0x00, 0x00, 0x07, 0xFF, 0xFF, 0x40, 0x00, 0x00, 0x00, 0x00, 0x4E, 0xFF, 0xFF, 0xD2,
    0x00, 0x00, 0x00, 0x04, 0xFF, 0xFD, 0xEF, 0xFD, 0x20, 0x00, 0x00, 0x5F, 0xFF, 0xD2, 0x4E, 0xFF,
    0xE3, 0x00, 0x05, 0xFF, 0xFD, 0x20, 0x03, 0xEF, 0xFE, 0x30, 0x5F, 0xFF, 0xD1, 0x00, 0x00, 0x3E,
    0xFF, 0xE3, 0x3E, 0xFC, 0x10, 0x00, 0x00, 0x03, 0xEF, 0xD1, 0x03, 0xB1, 0x00, 0x00, 0x00, 0x00,
    0x3B, 0x10, 0x00, 0x00, 0x00, 0x00, 0x00, 0x00, 0x00, 0x00, 0x00, 0x03, 0x30, 0x00, 0x00, 0x00,
    0x27, 0xBD, 0xEF, 0xEC, 0x94, 0x00, 0x5E, 0xE2, 0x00, 0x00, 0x19, 0xFF, 0xFF, 0xFF, 0xFF, 0xFF,
    0xD8, 0xFF, 0x70, 0x00, 0x02, 0xDF, 0xFF, 0xFF, 0xFF, 0xFF, 0xFF, 0xFF, 0xF5, 0x00, 0x00, 0x0C,
    0xFF, 0xFF, 0xC4, 0x11, 0x4B, 0xFF, 0xFF, 0xF4, 0x00, 0x00, 0x7F, 0xFF, 0xFB, 0x00, 0x00, 0x00,
    0xDF, 0xFF, 0xFC, 0x00, 0x00, 0xEF, 0xFF, 0xF2, 0x00, 0x00, 0x08, 0xFF, 0xFF, 0xFF, 0x30, 0x04,
    0xFF, 0xFF, 0xB0, 0x00, 0x00, 0x8F, 0xFD, 0xFF, 0xFF, 0x70, 0x08, 0xFF, 0xFF, 0x80, 0x00, 0x08,
    0xFF, 0x56, 0xFF, 0xFF, 0xA0, 0x09, 0xFF, 0xFF, 0x60, 0x00, 0x7F, 0xF6, 0x05, 0xFF, 0xFF, 0xB0,
    0x0A, 0xFF, 0xFF, 0x50, 0x07, 0xFF, 0x60, 0x04, 0xFF, 0xFF, 0xC0, 0x0A, 0xFF, 0xFF, 0x60, 0x6F,
    0xF7, 0x00, 0x05, 0xFF, 0xFF, 0xB0, 0x09, 0xFF, 0xFF, 0x86, 0xFF, 0x70, 0x00, 0x06, 0xFF, 0xFF,
    0x90, 0x06, 0xFF, 0xFF, 0xDF, 0xF8, 0x00, 0x00, 0x0A, 0xFF, 0xFF, 0x50, 0x02, 0xFF, 0xFF, 0xFF,
    0x80, 0x00, 0x00, 0x1E, 0xFF, 0xFF, 0x10, 0x00, 0xBF, 0xFF, 0xFD, 0x10, 0x00, 0x00, 0xAF, 0xFF,
    0xF9, 0x00, 0x00, 0x3F, 0xFF, 0xFF, 0xC4, 0x11, 0x4B, 0xFF, 0xFF, 0xD1, 0x00, 0x00, 0x5F, 0xFF,
    0xFF, 0xFF, 0xFF, 0xFF, 0xFF, 0xFD, 0x20, 0x00, 0x05, 0xFF, 0x7C, 0xFF, 0xFF, 0xFF, 0xFF, 0xFF,
    0xA1, 0x00, 0x00, 0x2F, 0xE4, 0x00, 0x48, 0xCE, 0xFF, 0xDB, 0x83, 0x00, 0x00, 0x00, 0x03, 0x30,
    0x00, 0x00, 0x00, 0x00, 0x00, 0x00, 0x00, 0x00, 0x00, 0x00, 0x00, 0x6F, 0xFE, 0x20, 0x00, 0x00,
    0x00, 0x00, 0x00, 0x00, 0x04, 0xEF, 0xC1, 0x00, 0x00, 0x00, 0x00, 0x00, 0x00, 0x00, 0x2D, 0xFA,
    0x00, 0x00, 0x00, 0x00, 0x00, 0x00, 0x00, 0x00, 0x00, 0x00, 0x00, 0x00, 0x00, 0x00, 0x00, 0x00,
    0x00, 0x00, 0x00, 0x00, 0x00, 0x00, 0x9F, 0xFF, 0xF4, 0x00, 0x00, 0x02, 0xFF, 0xFF, 0xB0, 0x9F,
    0xFF, 0xF4, 0x00, 0x00, 0x02, 0xFF, 0xFF, 0xB0, 0x9F, 0xFF, 0xF4, 0x00, 0x00, 0x02, 0xFF, 0xFF,
    0xB0, 0x9F, 0xFF, 0xF4, 0x00, 0x00, 0x02, 0xFF, 0xFF, 0xB0, 0x9F, 0xFF, 0xF4, 0x00, 0x00, 0x02,
    0xFF, 0xFF, 0xB0, 0x9F, 0xFF, 0xF4, 0x00, 0x00, 0x02, 0xFF, 0xFF, 0xB0, 0x9F, 0xFF, 0xF4, 0x00,
    0x00, 0x02, 0xFF, 0xFF, 0xB0, 0x9F, 0xFF, 0xF4, 0x00, 0x00, 0x02, 0xFF, 0xFF, 0xB0, 0x9F, 0xFF,
    0xF4, 0x00, 0x00, 0x02, 0xFF, 0xFF, 0xB0, 0x9F, 0xFF, 0xF4, 0x00, 0x00, 0x02, 0xFF, 0xFF, 0xB0,
    0x9F, 0xFF, 0xF4, 0x00, 0x00, 0x02, 0xFF, 0xFF, 0xB0, 0x9F, 0xFF, 0xF4, 0x00, 0x00, 0x02, 0xFF,
    0xFF, 0xB0, 0x8F, 0xFF, 0xF5, 0x00, 0x00, 0x03, 0xFF, 0xFF, 0xA0, 0x6F, 0xFF, 0xF7, 0x00, 0x00,
    0x05, 0xFF, 0xFF, 0x80, 0x3F, 0xFF, 0xFC, 0x00, 0x00, 0x0A, 0xFF, 0xFF, 0x40, 0x0C, 0xFF, 0xFF,
    0x92, 0x02, 0x8F, 0xFF, 0xFD, 0x00, 0x03, 0xEF, 0xFF, 0xFF, 0xFF, 0xFF, 0xFF, 0xF4, 0x00, 0x00,
    0x4D, 0xFF, 0xFF, 0xFF, 0xFF, 0xFE, 0x50, 0x00, 0x00, 0x00, 0x5A, 0xDE, 0xFE, 0xDA, 0x61, 0x00,
    0x00, 0x00, 0x00, 0x00, 0x00, 0x8F, 0xFC, 0x10, 0x00, 0x00, 0x00, 0x00, 0x00, 0x05, 0xFF, 0xA0,
    0x00, 0x00, 0x00, 0x00, 0x00, 0x00, 0x3F, 0xF7, 0x00, 0x00, 0x00, 0x00, 0x00, 0x00, 0x00, 0x00,
    0x00, 0x00, 0x00, 0x00, 0x00, 0x00, 0x00, 0x00, 0x00, 0x00, 0x00, 0x00, 0x00, 0x00, 0x9F, 0xFF,
    0xF4, 0x00, 0x00, 0x02, 0xFF, 0xFF, 0xB0, 0x9F, 0xFF, 0xF4, 0x00, 0x00, 0x02, 0xFF, 0xFF, 0xB0,
    0x9F, 0xFF, 0xF4, 0x00, 0x00, 0x02, 0xFF, 0xFF, 0xB0, 0x9F, 0xFF, 0xF4, 0x00, 0x00, 0x02, 0xFF,
    0xFF, 0xB0, 0x9F, 0xFF, 0xF4, 0x00, 0x00, 0x02, 0xFF, 0xFF, 0xB0, 0x9F, 0xFF, 0xF4, 0x00, 0x00,
    0x02, 0xFF, 0xFF, 0xB0, 0x9F, 0xFF, 0xF4, 0x00, 0x00, 0x02, 0xFF, 0xFF, 0xB0, 0x9F, 0xFF, 0xF4,
    0x00, 0x00, 0x02, 0xFF, 0xFF, 0xB0, 0x9F, 0xFF, 0xF4, 0x00, 0x00, 0x02, 0xFF, 0xFF, 0xB0, 0x9F,
    0xFF, 0xF4, 0x00, 0x00, 0x02, 0xFF, 0xFF, 0xB0, 0x9F, 0xFF, 0xF4, 0x00, 0x00, 0x02, 0xFF, 0xFF,
    0xB0, 0x9F, 0xFF, 0xF4, 0x00, 0x00, 0x02, 0xFF, 0xFF, 0xB0, 0x8F, 0xFF, 0xF5, 0x00, 0x00, 0x03,
    0xFF, 0xFF, 0xA0, 0x6F, 0xFF, 0xF7, 0x00, 0x00, 0x05, 0xFF, 0xFF, 0x80, 0x3F, 0xFF, 0xFC, 0x00,
    0x00, 0x0A, 0xFF, 0xFF, 0x40, 0x0C, 0xFF, 0xFF, 0x92, 0x02, 0x8F, 0xFF, 0xFD, 0x00, 0x03, 0xEF,
    0xFF, 0xFF, 0xFF, 0xFF, 0xFF, 0xF4, 0x00, 0x00, 0x4D, 0xFF, 0xFF, 0xFF, 0xFF, 0xFE, 0x50, 0x00,
    0x00, 0x00, 0x5A, 0xDE, 0xFE, 0xDA, 0x61, 0x00, 0x00, 0x00, 0x00, 0x01, 0xCF, 0xFF, 0xD2, 0x00,
    0x00, 0x00, 0x00, 0x00, 0x1B, 0xFD, 0x5C, 0xFD, 0x10, 0x00, 0x00, 0x00, 0x00, 0xBF, 0xA1, 0x00,
    0x9F, 0xC1, 0x00, 0x00, 0x00, 0x00, 0x00, 0x00, 0x00, 0x00, 0x00, 0x00, 0x00, 0x00, 0x00, 0x00,
    0x00, 0x00, 0x00, 0x00, 0x00, 0x00, 0x9F, 0xFF, 0xF4, 0x00, 0x00, 0x02, 0xFF, 0xFF, 0xB0, 0x9F,
    0xFF, 0xF4, 0x00, 0x00, 0x02, 0xFF, 0xFF, 0xB0, 0x9F, 0xFF, 0xF4, 0x00, 0x00, 0x02, 0xFF, 0xFF,
    0xB0, 0x9F, 0xFF, 0xF4, 0x00, 0x00, 0x02, 0xFF, 0xFF, 0xB0, 0x9F, 0xFF, 0xF4, 0x00, 0x00, 0x02,
    0xFF, 0xFF, 0xB0, 0x9F, 0xFF, 0xF4, 0x00, 0x00, 0x02, 0xFF, 0xFF, 0xB0, 0x9F, 0xFF, 0xF4, 0x00,
    0x00, 0x02, 0xFF, 0xFF, 0xB0, 0x9F, 0xFF, 0xF4, 0x00, 0x00, 0x02, 0xFF, 0xFF, 0xB0, 0x9F, 0xFF,
    0xF4, 0x00, 0x00, 0x02, 0xFF, 0xFF, 0xB0, 0x9F, 0xFF, 0xF4, 0x00, 0x00, 0x02, 0xFF, 0xFF, 0xB0,
    0x9F, 0xFF, 0xF4, 0x00, 0x00, 0x02, 0xFF, 0xFF, 0xB0, 0x9F, 0xFF, 0xF4, 0x00, 0x00, 0x02, 0xFF,
    0xFF, 0xB0, 0x8F, 0xFF, 0xF5, 0x00, 0x00, 0x03, 0xFF, 0xFF, 0xA0, 0x6F, 0xFF, 0xF7, 0x00, 0x00,
    0x05, 0xFF, 0xFF, 0x80, 0x3F, 0xFF, 0xFC, 0x00, 0x00, 0x0A, 0xFF, 0xFF, 0x40, 0x0C, 0xFF, 0xFF,
    0x92, 0x02, 0x8F, 0xFF, 0xFD, 0x00, 0x03, 0xEF, 0xFF, 0xFF, 0xFF, 0xFF, 0xFF, 0xF4, 0x00, 0x00,
    0x4D, 0xFF, 0xFF, 0xFF, 0xFF, 0xFE, 0x50, 0x00, 0x00, 0x00, 0x5A, 0xDE, 0xFE, 0xDA, 0x61, 0x00,
    0x00, 0x00, 0x00, 0x7F, 0xF8, 0x06, 0xFF, 0x80, 0x00, 0x00, 0x00, 0x00, 0x7F, 0xF8, 0x06, 0xFF,
    0x80, 0x00, 0x00, 0x00, 0x00, 0x7F, 0xF8, 0x06, 0xFF, 0x80, 0x00, 0x00, 0x00, 0x00, 0x00, 0x00,
    0x00, 0x00, 0x00, 0x00, 0x00, 0x00, 0x00, 0x00, 0x00, 0x00, 0x00, 0x00, 0x00, 0x00, 0x9F, 0xFF,
    0xF4, 0x00, 0x00, 0x02, 0xFF, 0xFF, 0xB0, 0x9F, 0xFF, 0xF4, 0x00, 0x00, 0x02, 0xFF, 0xFF, 0xB0,
    0x9F, 0xFF, 0xF4, 0x00, 0x00, 0x02, 0xFF, 0xFF, 0xB0, 0x9F, 0xFF, 0xF4, 0x00, 0x00, 0x02, 0xFF,
    0xFF, 0xB0, 0x9F, 0xFF, 0xF4, 0x00, 0x00, 0x02, 0xFF, 0xFF, 0xB0, 0x9F, 0xFF, 0xF4, 0x00, 0x00,
    0x02, 0xFF, 0xFF, 0xB0, 0x9F, 0xFF, 0xF4, 0x00, 0x00, 0x02, 0xFF, 0xFF, 0xB0, 0x9F, 0xFF, 0xF4,
    0x00, 0x00, 0x02, 0xFF, 0xFF, 0xB0, 0x9F, 0xFF, 0xF4, 0x00, 0x00, 0x02, 0xFF, 0xFF, 0xB0, 0x9F,
    0xFF, 0xF4, 0x00, 0x00, 0x02, 0xFF, 0xFF, 0xB0, 0x9F, 0xFF, 0xF4, 0x00, 0x00, 0x02, 0xFF, 0xFF,
    0xB0, 0x9F, 0xFF, 0xF4, 0x00, 0x00, 0x02, 0xFF, 0xFF, 0xB0, 0x8F, 0xFF, 0xF5, 0x00, 0x00, 0x03,
    0xFF, 0xFF, 0xA0, 0x6F, 0xFF, 0xF7, 0x00, 0x00, 0x05, 0xFF, 0xFF, 0x80, 0x3F, 0xFF, 0xFC, 0x00,
    0x00, 0x0A, 0xFF, 0xFF, 0x40, 0x0C, 0xFF, 0xFF, 0x92, 0x02, 0x8F, 0xFF, 0xFD, 0x00, 0x03, 0xEF,
    0xFF, 0xFF, 0xFF, 0xFF, 0xFF, 0xF4, 0x00, 0x00, 0x4D, 0xFF, 0xFF, 0xFF, 0xFF, 0xFE, 0x50, 0x00,
    0x00, 0x00, 0x5A, 0xDE, 0xFE, 0xDA, 0x61, 0x00, 0x00, 0x00, 0x00, 0x00, 0x00, 0x00, 0xAF, 0xFA,
    0x10, 0x00, 0x00, 0x00, 0x00, 0x00, 0x00, 0x07, 0xFF, 0x80, 0x00, 0x00, 0x00, 0x00, 0x00, 0x00,
    0x00, 0x5F, 0xF5, 0x00, 0x00, 0x00, 0x00, 0x00, 0x00, 0x00, 0x00, 0x00, 0x00, 0x00, 0x00, 0x00,
    0x00, 0x00, 0x00, 0x00, 0x00, 0x00, 0x00, 0x00, 0x00, 0x00, 0x00, 0x1D, 0xFF, 0xFF, 0x60, 0x00,
    0x00, 0x00, 0x9F, 0xFF, 0xFB, 0x04, 0xFF, 0xFF, 0xE2, 0x00, 0x00, 0x04, 0xFF, 0xFF, 0xE2, 0x00,
    0x9F, 0xFF, 0xFA, 0x00, 0x00, 0x0D, 0xFF, 0xFF, 0x70, 0x00, 0x1D, 0xFF, 0xFF, 0x50, 0x00, 0x8F,
    0xFF, 0xFC, 0x00, 0x00, 0x04, 0xFF, 0xFF, 0xE1, 0x03, 0xFF, 0xFF, 0xF2, 0x00, 0x00, 0x00, 0xAF,
    0xFF, 0xF9, 0x0C, 0xFF, 0xFF, 0x70, 0x00, 0x00, 0x00, 0x1E, 0xFF, 0xFF, 0xAF, 0xFF, 0xFC, 0x00,
    0x00, 0x00, 0x00, 0x05, 0xFF, 0xFF, 0xFF, 0xFF, 0xF3, 0x00, 0x00, 0x00, 0x00, 0x00, 0xAF, 0xFF,
    0xFF, 0xFF, 0x70, 0x00, 0x00, 0x00, 0x00, 0x00, 0x1E, 0xFF, 0xFF, 0xFC, 0x00, 0x00, 0x00, 0x00,
    0x00, 0x00, 0x05, 0xFF, 0xFF, 0xF3, 0x00, 0x00, 0x00, 0x00, 0x00, 0x00, 0x00, 0xFF, 0xFF, 0xD0,
    0x00, 0x00, 0x00, 0x00, 0x00, 0x00, 0x00, 0xFF, 0xFF, 0xD0, 0x00, 0x00, 0x00, 0x00, 0x00, 0x00,
    0x00, 0xFF, 0xFF, 0xD0, 0x00, 0x00, 0x00, 0x00, 0x00, 0x00, 0x00, 0xFF, 0xFF, 0xD0, 0x00, 0x00,
    0x00, 0x00, 0x00, 0x00, 0x00, 0xFF, 0xFF, 0xD0, 0x00, 0x00, 0x00, 0x00, 0x00, 0x00, 0x00, 0xFF,
    0xFF, 0xD0, 0x00, 0x00, 0x00, 0x00, 0x00, 0x00, 0x00, 0xFF, 0xFF, 0xD0, 0x00, 0x00, 0x00, 0x00,
    0x00, 0x00, 0x00, 0xFF, 0xFF, 0xD0, 0x00, 0x00, 0x00, 0x9F, 0xFF, 0xF4, 0x00, 0x00, 0x00, 0x00,
    0x00, 0x9F, 0xFF, 0xF4, 0x00, 0x00, 0x00, 0x00, 0x00, 0x9F, 0xFF, 0xF4, 0x00, 0x00, 0x00, 0x00,
    0x00, 0x9F, 0xFF, 0xFF, 0xFF, 0xFE, 0xDA, 0x40, 0x00, 0x9F, 0xFF, 0xFF, 0xFF, 0xFF, 0xFF, 0xFC,
    0x20, 0x9F, 0xFF, 0xFF, 0xFF, 0xFF, 0xFF, 0xFF, 0xD1, 0x9F, 0xFF, 0xF4, 0x00, 0x16, 0xEF, 0xFF,
    0xF7, 0x9F, 0xFF, 0xF4, 0x00, 0x00, 0x6F, 0xFF, 0xFC, 0x9F, 0xFF, 0xF4, 0x00, 0x00, 0x2F, 0xFF,
    0xFE, 0x9F, 0xFF, 0xF4, 0x00, 0x00, 0x2F, 0xFF, 0xFE, 0x9F, 0xFF, 0xF4, 0x00, 0x00, 0x6F, 0xFF,
    0xFC, 0x9F, 0xFF, 0xF4, 0x00, 0x16, 0xEF, 0xFF, 0xF7, 0x9F, 0xFF, 0xFF, 0xFF, 0xFF, 0xFF, 0xFF,
    0xD1, 0x9F, 0xFF, 0xFF, 0xFF, 0xFF, 0xFF, 0xFC, 0x20, 0x9F, 0xFF, 0xFF, 0xFF, 0xFE, 0xDA, 0x50,
    0x00, 0x9F, 0xFF, 0xF4, 0x00, 0x00, 0x00, 0x00, 0x00, 0x9F, 0xFF, 0xF4, 0x00, 0x00, 0x00, 0x00,
    0x00, 0x9F, 0xFF, 0xF4, 0x00, 0x00, 0x00, 0x00, 0x00, 0x9F, 0xFF, 0xF4, 0x00, 0x00, 0x00, 0x00,
    0x00, 0x00, 0x17, 0xBE, 0xFF, 0xEB, 0x71, 0x00, 0x00, 0x04, 0xEF, 0xFF, 0xFF, 0xFF, 0xFE, 0x40,
    0x00, 0x1E, 0xFF, 0xFF, 0xFF, 0xFF, 0xFF, 0xE1, 0x00, 0x7F, 0xFF, 0xFA, 0x21, 0x4E, 0xFF, 0xF7,
    0x00, 0xBF, 0xFF, 0xE0, 0x00, 0x07, 0xFF, 0xFB, 0x00, 0xCF, 0xFF, 0xC0, 0x00, 0x5C, 0xFF, 0xFC,
    0x00, 0xCF, 0xFF, 0xB0, 0x0A, 0xFF, 0xFD, 0x96, 0x00, 0xCF, 0xFF, 0xB0, 0x7F, 0xFF, 0x70, 0x00,
    0x00, 0xCF, 0xFF, 0xB0, 0xCF, 0xFF, 0x20, 0x00, 0x00, 0xCF, 0xFF, 0xB0, 0xDF, 0xFF, 0xA1, 0x00,
    0x00, 0xCF, 0xFF, 0xB0, 0x9F, 0xFF, 0xFE, 0x70, 0x00, 0xCF, 0xFF, 0xB0, 0x2D, 0xFF, 0xFF, 0xFC,
    0x10, 0xCF, 0xFF, 0xB0, 0x01, 0xAF, 0xFF, 0xFF, 0xC0, 0xCF, 0xFF, 0xB0, 0x00, 0x03, 0xDF, 0xFF,
    0xF4, 0xCF, 0xFF, 0xB0, 0x00, 0x00, 0x2F, 0xFF, 0xF7, 0xCF, 0xFF, 0xB0, 0x00, 0x00, 0x0E, 0xFF,
    0xF8, 0xCF, 0xFF, 0xB0, 0x95, 0x11, 0x8F, 0xFF, 0xF6, 0xCF, 0xFF, 0xB0, 0xCF, 0xFF, 0xFF, 0xFF,
    0xF2, 0xCF, 0xFF, 0xB0, 0xCF, 0xFF, 0xFF, 0xFF, 0x60, 0xCF, 0xFF, 0xB0, 0x28, 0xCE, 0xED, 0x93,
    0x00, 0x00, 0x2D, 0xFF, 0x70, 0x00, 0x00, 0x00, 0x00, 0x00, 0x02, 0xEF, 0xF3, 0x00, 0x00, 0x00,
    0x00, 0x00, 0x00, 0x3E, 0xFD, 0x10, 0x00, 0x00, 0x00, 0x00, 0x00, 0x03, 0xEF, 0xA0, 0x00, 0x00,
    0x00, 0x00, 0x00, 0x00, 0x4F, 0xF5, 0x00, 0x00, 0x00, 0x00, 0x00, 0x00, 0x00, 0x00, 0x00, 0x00,
    0x00, 0x00, 0x00, 0x00, 0x00, 0x00, 0x00, 0x00, 0x00, 0x01, 0x48, 0xBD, 0xFF, 0xEC, 0x94, 0x00,
    0x00, 0x0A, 0xFF, 0xFF, 0xFF, 0xFF, 0xFF, 0xB1, 0x00, 0x0A, 0xFF, 0xFF, 0xFF, 0xFF, 0xFF, 0xFA,
    0x00, 0x09, 0xA5, 0x31, 0x01, 0x4B, 0xFF, 0xFF, 0x20, 0x00, 0x00, 0x00, 0x00, 0x02, 0xFF, 0xFF,
    0x50, 0x00, 0x38, 0xCE, 0xFF, 0xFF, 0xFF, 0xFF, 0x70, 0x09, 0xFF, 0xFF, 0xFF, 0xFF, 0xFF, 0xFF,
    0x70, 0x6F, 0xFF, 0xFF, 0xFF, 0xFF, 0xFF, 0xFF, 0x80, 0xBF, 0xFF, 0xF6, 0x10, 0x02, 0xFF, 0xFF,
    0x80, 0xDF, 0xFF, 0xC0, 0x00, 0x06, 0xFF, 0xFF, 0x80, 0xCF, 0xFF, 0xE5, 0x11, 0x6E, 0xFF, 0xFF,
    0x80, 0x7F, 0xFF, 0xFF, 0xFF, 0xFF, 0xFF, 0xFF, 0x80, 0x0B, 0xFF, 0xFF, 0xFF, 0xF7, 0xFF, 0xFF,
    0x80, 0x00, 0x6C, 0xEF, 0xD9, 0x31, 0xFF, 0xFF, 0x80, 0x00, 0x00, 0x00, 0x00, 0x0C, 0xFF, 0xA0,
    0x00, 0x00, 0x00, 0x00, 0x00, 0x7F, 0xFB, 0x00, 0x00, 0x00, 0x00, 0x00, 0x03, 0xFF, 0xC1, 0x00,
    0x00, 0x00, 0x00, 0x00, 0x1D, 0xFC, 0x10, 0x00, 0x00, 0x00, 0x00, 0x00, 0xAF, 0xD1, 0x00, 0x00,
    0x00, 0x00, 0x00, 0x00, 0x00, 0x00, 0x00, 0x00, 0x00, 0x00, 0x00, 0x00, 0x00, 0x00, 0x00, 0x00,
    0x00, 0x01, 0x48, 0xBD, 0xFF, 0xEC, 0x94, 0x00, 0x00, 0x0A, 0xFF, 0xFF, 0xFF, 0xFF, 0xFF, 0xB1,
    0x00, 0x0A, 0xFF, 0xFF, 0xFF, 0xFF, 0xFF, 0xFA, 0x00, 0x09, 0xA5, 0x31, 0x01, 0x4B, 0xFF, 0xFF,
    0x20, 0x00, 0x00, 0x00, 0x00, 0x02, 0xFF, 0xFF, 0x50, 0x00, 0x38, 0xCE, 0xFF, 0xFF, 0xFF, 0xFF,
    0x70, 0x09, 0xFF, 0xFF, 0xFF, 0xFF, 0xFF, 0xFF, 0x70, 0x6F, 0xFF, 0xFF, 0xFF, 0xFF, 0xFF, 0xFF,
    0x80, 0xBF, 0xFF, 0xF6, 0x10, 0x02, 0xFF, 0xFF, 0x80, 0xDF, 0xFF, 0xC0, 0x00, 0x06, 0xFF, 0xFF,
    0x80, 0xCF, 0xFF, 0xE5, 0x11, 0x6E, 0xFF, 0xFF, 0x80, 0x7F, 0xFF, 0xFF, 0xFF, 0xFF, 0xFF, 0xFF,
    0x80, 0x0B, 0xFF, 0xFF, 0xFF, 0xF7, 0xFF, 0xFF, 0x80, 0x00, 0x6C, 0xEF, 0xD9, 0x31, 0xFF, 0xFF,
    0x80, 0x00, 0x00, 0x01, 0xEF, 0xFB, 0x00, 0x00, 0x00, 0x00, 0x00, 0x0A, 0xFF, 0xFF, 0x50, 0x00,
    0x00, 0x00, 0x00, 0x4F, 0xF7, 0xBF, 0xE1, 0x00, 0x00, 0x00, 0x01, 0xDF, 0x90, 0x1C, 0xFA, 0x00,
    0x00, 0x00, 0x09, 0xFB, 0x00, 0x02, 0xEF, 0x50, 0x00, 0x00, 0x00, 0x00, 0x00, 0x00, 0x00, 0x00,
    0x00, 0x00, 0x00, 0x00, 0x00, 0x00, 0x00, 0x00, 0x00, 0x01, 0x48, 0xBD, 0xFF, 0xEC, 0x94, 0x00,
    0x00, 0x0A, 0xFF, 0xFF, 0xFF, 0xFF, 0xFF, 0xB1, 0x00, 0x0A, 0xFF, 0xFF, 0xFF, 0xFF, 0xFF, 0xFA,
    0x00, 0x09, 0xA5, 0x31, 0x01, 0x4B, 0xFF, 0xFF, 0x20, 0x00, 0x00, 0x00, 0x00, 0x02, 0xFF, 0xFF,
    0x50, 0x00, 0x38, 0xCE, 0xFF, 0xFF, 0xFF, 0xFF, 0x70, 0x09, 0xFF, 0xFF, 0xFF, 0xFF, 0xFF, 0xFF,
    0x70, 0x6F, 0xFF, 0xFF, 0xFF, 0xFF, 0xFF, 0xFF, 0x80, 0xBF, 0xFF, 0xF6, 0x10, 0x02, 0xFF, 0xFF,
    0x80, 0xDF, 0xFF, 0xC0, 0x00, 0x06, 0xFF, 0xFF, 0x80, 0xCF, 0xFF, 0xE5, 0x11, 0x6E, 0xFF, 0xFF,
    0x80, 0x7F, 0xFF, 0xFF, 0xFF, 0xFF, 0xFF, 0xFF, 0x80, 0x0B, 0xFF, 0xFF, 0xFF, 0xF7, 0xFF, 0xFF,
    0x80, 0x00, 0x6C, 0xEF, 0xD9, 0x31, 0xFF, 0xFF, 0x80, 0x00, 0x00, 0x5E, 0xD3, 0x00, 0x7E, 0x40,
    0x00, 0x00, 0x01, 0xEF, 0xFD, 0x10, 0x9F, 0x30, 0x00, 0x00, 0x05, 0xF9, 0x3E, 0xC2, 0xDF, 0x10,
    0x00, 0x00, 0x07, 0xF4, 0x04, 0xFF, 0xFB, 0x00, 0x00, 0x00, 0x08, 0xE3, 0x00, 0x5E, 0xC2, 0x00,
    0x00, 0x00, 0x00, 0x00, 0x00, 0x00, 0x00, 0x00, 0x00, 0x00, 0x00, 0x00, 0x00, 0x00, 0x00, 0x00,
    0x00, 0x01, 0x48, 0xBD, 0xFF, 0xEC, 0x94, 0x00, 0x00, 0x0A, 0xFF, 0xFF, 0xFF, 0xFF, 0xFF, 0xB1,
    0x00, 0x0A, 0xFF, 0xFF, 0xFF, 0xFF, 0xFF, 0xFA, 0x00, 0x09, 0xA5, 0x31, 0x01, 0x4B, 0xFF, 0xFF,
    0x20, 0x00, 0x00, 0x00, 0x00, 0x02, 0xFF, 0xFF, 0x50, 0x00, 0x38, 0xCE, 0xFF, 0xFF, 0xFF, 0xFF,
    0x70, 0x09, 0xFF, 0xFF, 0xFF, 0xFF, 0xFF, 0xFF, 0x70, 0x6F, 0xFF, 0xFF, 0xFF, 0xFF, 0xFF, 0xFF,
    0x80, 0xBF, 0xFF, 0xF6, 0x10, 0x02, 0xFF, 0xFF, 0x80, 0xDF, 0xFF, 0xC0, 0x00, 0x06, 0xFF, 0xFF,
    0x80, 0xCF, 0xFF, 0xE5, 0x11, 0x6E, 0xFF, 0xFF, 0x80, 0x7F, 0xFF, 0xFF, 0xFF, 0xFF, 0xFF, 0xFF,
    0x80, 0x0B, 0xFF, 0xFF, 0xFF, 0xF7, 0xFF, 0xFF, 0x80, 0x00, 0x6C, 0xEF, 0xD9, 0x31, 0xFF, 0xFF,
    0x80, 0x00, 0x02, 0xFF, 0xD0, 0x2F, 0xFD, 0x00, 0x00, 0x00, 0x02, 0xFF, 0xD0, 0x2F, 0xFD, 0x00,
    0x00, 0x00, 0x02, 0xFF, 0xD0, 0x2F, 0xFD, 0x00, 0x00, 0x00, 0x00, 0x00, 0x00, 0x00, 0x00, 0x00,
    0x00, 0x00, 0x00, 0x00, 0x00, 0x00, 0x00, 0x00, 0x00, 0x00, 0x00, 0x00, 0x00, 0x00, 0x00, 0x00,
    0x00, 0x01, 0x48, 0xBD, 0xFF, 0xEC, 0x94, 0x00, 0x00, 0x0A, 0xFF, 0xFF, 0xFF, 0xFF, 0xFF, 0xB1,
    0x00, 0x0A, 0xFF, 0xFF, 0xFF, 0xFF, 0xFF, 0xFA, 0x00, 0x09, 0xA5, 0x31, 0x01, 0x4B, 0xFF, 0xFF,
    0x20, 0x00, 0x00, 0x00, 0x00, 0x02, 0xFF, 0xFF, 0x50, 0x00, 0x38, 0xCE, 0xFF, 0xFF, 0xFF, 0xFF,
    0x70, 0x09, 0xFF, 0xFF, 0xFF, 0xFF, 0xFF, 0xFF, 0x70, 0x6F, 0xFF, 0xFF, 0xFF, 0xFF, 0xFF, 0xFF,
    0x80, 0xBF, 0xFF, 0xF6, 0x10, 0x02, 0xFF, 0xFF, 0x80, 0xDF, 0xFF, 0xC0, 0x00, 0x06, 0xFF, 0xFF,
    0x80, 0xCF, 0xFF, 0xE5, 0x11, 0x6E, 0xFF, 0xFF, 0x80, 0x7F, 0xFF, 0xFF, 0xFF, 0xFF, 0xFF, 0xFF,
    0x80, 0x0B, 0xFF, 0xFF, 0xFF, 0xF7, 0xFF, 0xFF, 0x80, 0x00, 0x6C, 0xEF, 0xD9, 0x31, 0xFF, 0xFF,
    0x80, 0x00, 0x00, 0x03, 0xBE, 0xE9, 0x10, 0x00, 0x00, 0x00, 0x00, 0x2E, 0xFF, 0xFF, 0xC0, 0x00,
    0x00, 0x00, 0x00, 0x9F, 0xA1, 0x2D, 0xF5, 0x00, 0x00, 0x00, 0x00, 0xBF, 0x40, 0x08, 0xF7, 0x00,
    0x00, 0x00, 0x00, 0x9F, 0xA1, 0x2D, 0xF5, 0x00, 0x00, 0x00, 0x00, 0x2E, 0xFF, 0xFF, 0xC0, 0x00,
    0x00, 0x00, 0x00, 0x03, 0xBF, 0xE9, 0x10, 0x00, 0x00, 0x00, 0x00, 0x00, 0x00, 0x00, 0x00, 0x00,
    0x00, 0x00, 0x00, 0x00, 0x00, 0x00, 0x00, 0x00, 0x00, 0x01, 0x48, 0xBD, 0xFF, 0xEC, 0x94, 0x00,
    0x00, 0x0A, 0xFF, 0xFF, 0xFF, 0xFF, 0xFF, 0xB1, 0x00, 0x0A, 0xFF, 0xFF, 0xFF, 0xFF, 0xFF, 0xFA,
    0x00, 0x09, 0xA5, 0x31, 0x01, 0x4B, 0xFF, 0xFF, 0x20, 0x00, 0x00, 0x00, 0x00, 0x02, 0xFF, 0xFF,
    0x50, 0x00, 0x38, 0xCE, 0xFF, 0xFF, 0xFF, 0xFF, 0x70, 0x09, 0xFF, 0xFF, 0xFF, 0xFF, 0xFF, 0xFF,
    0x70, 0x6F, 0xFF, 0xFF, 0xFF, 0xFF, 0xFF, 0xFF, 0x80, 0xBF, 0xFF, 0xF6, 0x10, 0x02, 0xFF, 0xFF,
    0x80, 0xDF, 0xFF, 0xC0, 0x00, 0x06, 0xFF, 0xFF, 0x80, 0xCF, 0xFF, 0xE5, 0x11, 0x6E, 0xFF, 0xFF,
    0x80, 0x7F, 0xFF, 0xFF, 0xFF, 0xFF, 0xFF, 0xFF, 0x80, 0x0B, 0xFF, 0xFF, 0xFF, 0xF7, 0xFF, 0xFF,
    0x80, 0x00, 0x6C, 0xEF, 0xD9, 0x31, 0xFF, 0xFF, 0x80, 0x01, 0x48, 0xBE, 0xFE, 0xDA, 0x50, 0x00,
    0x5A, 0xEF, 0xEC, 0x82, 0x00, 0x00, 0x0A, 0xFF, 0xFF, 0xFF, 0xFF, 0xFC, 0x3C, 0xFF, 0xFF, 0xFF,
    0xFF, 0x60, 0x00, 0x0A, 0xFF, 0xFF, 0xFF, 0xFF, 0xFF, 0xFF, 0xFF, 0xFF, 0xFF, 0xFF, 0xF6, 0x00,
    0x09, 0xA5, 0x31, 0x01, 0x4B, 0xFF, 0xFF, 0xFC, 0x31, 0x3C, 0xFF, 0xFF, 0x20, 0x00, 0x00, 0x00,
    0x00, 0x02, 0xFF, 0xFF, 0xE1, 0x00, 0x02, 0xEF, 0xFF, 0x80, 0x00, 0x38, 0xCE, 0xFF, 0xFF, 0xFF,
    0xFF, 0x90, 0x00, 0x00, 0xCF, 0xFF, 0xC0, 0x09, 0xFF, 0xFF, 0xFF, 0xFF, 0xFF, 0xFF, 0xFF, 0xFF,
    0xFF, 0xFF, 0xFF, 0xE0, 0x6F, 0xFF, 0xFF, 0xFF, 0xFF, 0xFF, 0xFF, 0xFF, 0xFF, 0xFF, 0xFF, 0xFF,
    0xF0, 0xBF, 0xFF, 0xF6, 0x10, 0x01, 0xFF, 0xFF, 0xFF, 0xFF, 0xFF, 0xFF, 0xFF, 0xF0, 0xDF, 0xFF,
    0xC0, 0x00, 0x04, 0xFF, 0xFF, 0x90, 0x00, 0x00, 0x00, 0x00, 0x00, 0xCF, 0xFF, 0xE5, 0x11, 0x5D,
    0xFF, 0xFF, 0xF9, 0x31, 0x02, 0x35, 0x8C, 0x50, 0x7F, 0xFF, 0xFF, 0xFF, 0xFF, 0xC5, 0xFF, 0xFF,
    0xFF, 0xFF, 0xFF, 0xFF, 0x50, 0x0B, 0xFF, 0xFF, 0xFF, 0xFA, 0x10, 0x4E, 0xFF, 0xFF, 0xFF, 0xFF,
    0xFF, 0x50, 0x00, 0x6B, 0xEF, 0xDA, 0x50, 0x00, 0x01, 0x6B, 0xDF, 0xED, 0xCA, 0x63, 0x00, 0x00,
    0x00, 0x6A, 0xDE, 0xFD, 0xB6, 0x10, 0x00, 0x4D, 0xFF, 0xFF, 0xFF, 0xFF, 0xA0, 0x05, 0xFF, 0xFF,
    0xFF, 0xFF, 0xFF, 0xA0, 0x1E, 0xFF, 0xFF, 0xA3, 0x01, 0x37, 0x80, 0x7F, 0xFF, 0xF9, 0x00, 0x00,
    0x00, 0x00, 0xBF, 0xFF, 0xF1, 0x00, 0x00, 0x00, 0x00, 0xDF, 0xFF, 0xD0, 0x00, 0x00, 0x00, 0x00,
    0xDF, 0xFF, 0xD0, 0x00, 0x00, 0x00, 0x00, 0xBF, 0xFF, 0xF1, 0x00, 0x00, 0x00, 0x00, 0x7F, 0xFF,
    0xF9, 0x00, 0x00, 0x00, 0x00, 0x1E, 0xFF, 0xFF, 0x93, 0x01, 0x38, 0x90, 0x05, 0xFF, 0xFF, 0xFF,
    0xFF, 0xFF, 0xA0, 0x00, 0x4E, 0xFF, 0xFF, 0xFF, 0xFF, 0xA0, 0x00, 0x01, 0x6A, 0xDE, 0xFD, 0xB6,
    0x10, 0x00, 0x00, 0x00, 0x06, 0xF6, 0x00, 0x00, 0x00, 0x00, 0x00, 0x00, 0xCE, 0x20, 0x00, 0x00,
    0x00, 0x00, 0x02, 0xDF, 0x60, 0x00, 0x00, 0x00, 0x5F, 0xFF, 0xFF, 0x40, 0x00, 0x00, 0x00, 0x5F,
    0xFF, 0xD7, 0x00, 0x00, 0x00, 0x09, 0xFF, 0xD1, 0x00, 0x00, 0x00, 0x00, 0x00, 0x00, 0xAF, 0xF9,
    0x00, 0x00, 0x00, 0x00, 0x00, 0x00, 0x0B, 0xFF, 0x50, 0x00, 0x00, 0x00, 0x00, 0x00, 0x00, 0xBF,
    0xE2, 0x00, 0x00, 0x00, 0x00, 0x00, 0x00, 0x1C, 0xFB, 0x00, 0x00, 0x00, 0x00, 0x00, 0x00, 0x00,
    0x00, 0x00, 0x00, 0x00, 0x00, 0x00, 0x00, 0x00, 0x00, 0x00, 0x00, 0x00, 0x00, 0x01, 0x6B, 0xDE,
    0xED, 0x93, 0x00, 0x00, 0x00, 0x5E, 0xFF, 0xFF, 0xFF, 0xFF, 0x90, 0x00, 0x05, 0xFF, 0xFF, 0xFF,
    0xFF, 0xFF, 0xFA, 0x00, 0x1E, 0xFF, 0xFE, 0x61, 0x28, 0xFF, 0xFF, 0x60, 0x7F, 0xFF, 0xF5, 0x00,
    0x00, 0xAF, 0xFF, 0xD0, 0xBF, 0xFF, 0xE0, 0x00, 0x00, 0x6F, 0xFF, 0xF2, 0xDF, 0xFF, 0xFF, 0xFF,
    0xFF, 0xFF, 0xFF, 0xF4, 0xDF, 0xFF, 0xFF, 0xFF, 0xFF, 0xFF, 0xFF, 0xF5, 0xBF, 0xFF, 0xFF, 0xFF,
    0xFF, 0xFF, 0xFF, 0xF6, 0x7F, 0xFF, 0xE1, 0x00, 0x00, 0x00, 0x00, 0x00, 0x1E, 0xFF, 0xFC, 0x51,
    0x01, 0x24, 0x7B, 0xA0, 0x05, 0xFF, 0xFF, 0xFF, 0xFF, 0xFF, 0xFF, 0xB0, 0x00, 0x5E, 0xFF, 0xFF,
    0xFF, 0xFF, 0xFF, 0xB0, 0x00, 0x01, 0x6A, 0xDE, 0xFE, 0xCB, 0x84, 0x10, 0x00, 0x00, 0x00, 0x00,
    0x06, 0xFF, 0xE3, 0x00, 0x00, 0x00, 0x00, 0x00, 0x2E, 0xFE, 0x30, 0x00, 0x00, 0x00, 0x00, 0x00,
    0xCF, 0xF4, 0x00, 0x00, 0x00, 0x00, 0x00, 0x08, 0xFF, 0x40, 0x00, 0x00, 0x00, 0x00, 0x00, 0x4F,
    0xF5, 0x00, 0x00, 0x00, 0x00, 0x00, 0x00, 0x00, 0x00, 0x00, 0x00, 0x00, 0x00, 0x00, 0x00, 0x00,
    0x00, 0x00, 0x00, 0x00, 0x00, 0x01, 0x6B, 0xDE, 0xED, 0x93, 0x00, 0x00, 0x00, 0x5E, 0xFF, 0xFF,
    0xFF, 0xFF, 0x90, 0x00, 0x05, 0xFF, 0xFF, 0xFF, 0xFF, 0xFF, 0xFA, 0x00, 0x1E, 0xFF, 0xFE, 0x61,
    0x28, 0xFF, 0xFF, 0x60, 0x7F, 0xFF, 0xF5, 0x00, 0x00, 0xAF, 0xFF, 0xD0, 0xBF, 0xFF, 0xE0, 0x00,
    0x00, 0x6F, 0xFF, 0xF2, 0xDF, 0xFF, 0xFF, 0xFF, 0xFF, 0xFF, 0xFF, 0xF4, 0xDF, 0xFF, 0xFF, 0xFF,
    0xFF, 0xFF, 0xFF, 0xF5, 0xBF, 0xFF, 0xFF, 0xFF, 0xFF, 0xFF, 0xFF, 0xF6, 0x7F, 0xFF, 0xE1, 0x00,
    0x00, 0x00, 0x00, 0x00, 0x1E, 0xFF, 0xFC, 0x51, 0x01, 0x24, 0x7B, 0xA0, 0x05, 0xFF, 0xFF, 0xFF,
    0xFF, 0xFF, 0xFF, 0xB0, 0x00, 0x5E, 0xFF, 0xFF, 0xFF, 0xFF, 0xFF, 0xB0, 0x00, 0x01, 0x6A, 0xDE,
    0xFE, 0xCB, 0x84, 0x10, 0x00, 0x00, 0x00, 0x9F, 0xFE, 0x20, 0x00, 0x00, 0x00, 0x00, 0x04, 0xFF,
    0xFF, 0xB0, 0x00, 0x00, 0x00, 0x00, 0x1D, 0xFC, 0x6F, 0xF6, 0x00, 0x00, 0x00, 0x00, 0x8F, 0xD2,
    0x07, 0xFE, 0x20, 0x00, 0x00, 0x03, 0xFE, 0x30, 0x00, 0xAF, 0xB0, 0x00, 0x00, 0x00, 0x00, 0x00,
    0x00, 0x00, 0x00, 0x00, 0x00, 0x00, 0x00, 0x00, 0x00, 0x00, 0x00, 0x00, 0x00, 0x01, 0x6B, 0xDE,
    0xED, 0x93, 0x00, 0x00, 0x00, 0x5E, 0xFF, 0xFF, 0xFF, 0xFF, 0x90, 0x00, 0x05, 0xFF, 0xFF, 0xFF,
    0xFF, 0xFF, 0xFA, 0x00, 0x1E, 0xFF, 0xFE, 0x61, 0x28, 0xFF, 0xFF, 0x60, 0x7F, 0xFF, 0xF5, 0x00,
    0x00, 0xAF, 0xFF, 0xD0, 0xBF, 0xFF, 0xE0, 0x00, 0x00, 0x6F, 0xFF, 0xF2, 0xDF, 0xFF, 0xFF, 0xFF,
    0xFF, 0xFF, 0xFF, 0xF4, 0xDF, 0xFF, 0xFF, 0xFF, 0xFF, 0xFF, 0xFF, 0xF5, 0xBF, 0xFF, 0xFF, 0xFF,
    0xFF, 0xFF, 0xFF, 0xF6, 0x7F, 0xFF, 0xE1, 0x00, 0x00, 0x00, 0x00, 0x00, 0x1E, 0xFF, 0xFC, 0x51,
    0x01, 0x24, 0x7B, 0xA0, 0x05, 0xFF, 0xFF, 0xFF, 0xFF, 0xFF, 0xFF, 0xB0, 0x00, 0x5E, 0xFF, 0xFF,
    0xFF, 0xFF, 0xFF, 0xB0, 0x00, 0x01, 0x6A, 0xDE, 0xFE, 0xCB, 0x84, 0x10, 0x00, 0x00, 0xBF, 0xF4,
    0x0B, 0xFF, 0x40, 0x00, 0x00, 0x00, 0xBF, 0xF4, 0x0B, 0xFF, 0x40, 0x00, 0x00, 0x00, 0xBF, 0xF4,
    0x0B, 0xFF, 0x40, 0x00, 0x00, 0x00, 0x00, 0x00, 0x00, 0x00, 0x00, 0x00, 0x00, 0x00, 0x00, 0x00,
    0x00, 0x00, 0x00, 0x00, 0x00, 0x00, 0x00, 0x00, 0x00, 0x00, 0x00, 0x00, 0x00, 0x01, 0x6B, 0xDE,
    0xED, 0x93, 0x00, 0x00, 0x00, 0x5E, 0xFF, 0xFF, 0xFF, 0xFF, 0x90, 0x00, 0x05, 0xFF, 0xFF, 0xFF,
    0xFF, 0xFF, 0xFA, 0x00, 0x1E, 0xFF, 0xFE, 0x61, 0x28, 0xFF, 0xFF, 0x60, 0x7F, 0xFF, 0xF5, 0x00,
    0x00, 0xAF, 0xFF, 0xD0, 0xBF, 0xFF, 0xE0, 0x00, 0x00, 0x6F, 0xFF, 0xF2, 0xDF, 0xFF, 0xFF, 0xFF,
    0xFF, 0xFF, 0xFF, 0xF4, 0xDF, 0xFF, 0xFF, 0xFF, 0xFF, 0xFF, 0xFF, 0xF5, 0xBF, 0xFF, 0xFF, 0xFF,
    0xFF, 0xFF, 0xFF, 0xF6, 0x7F, 0xFF, 0xE1, 0x00, 0x00, 0x00, 0x00, 0x00, 0x1E, 0xFF, 0xFC, 0x51,
    0x01, 0x24, 0x7B, 0xA0, 0x05, 0xFF, 0xFF, 0xFF, 0xFF, 0xFF, 0xFF, 0xB0, 0x00, 0x5E, 0xFF, 0xFF,
    0xFF, 0xFF, 0xFF, 0xB0, 0x00, 0x01, 0x6A, 0xDE, 0xFE, 0xCB, 0x84, 0x10, 0x2E, 0xFF, 0x60, 0x00,
    0x03, 0xEF, 0xE2, 0x00, 0x00, 0x4E, 0xFC, 0x00, 0x00, 0x04, 0xFF, 0x80, 0x00, 0x00, 0x5F, 0xF4,
    0x00, 0x00, 0x00, 0x00, 0x00, 0x00, 0x00, 0x00, 0x00, 0x0C, 0xFF, 0xFB, 0x00, 0x0C, 0xFF, 0xFB,
    0x00, 0x0C, 0xFF, 0xFB, 0x00, 0x0C, 0xFF, 0xFB, 0x00, 0x0C, 0xFF, 0xFB, 0x00, 0x0C, 0xFF, 0xFB,
    0x00, 0x0C, 0xFF, 0xFB, 0x00, 0x0C, 0xFF, 0xFB, 0x00, 0x0C, 0xFF, 0xFB, 0x00, 0x0C, 0xFF, 0xFB,
    0x00, 0x0C, 0xFF, 0xFB, 0x00, 0x0C, 0xFF, 0xFB, 0x00, 0x0C, 0xFF, 0xFB, 0x00, 0x0C, 0xFF, 0xFB,
    0x00, 0x01, 0xDF, 0xF9, 0x00, 0x09, 0xFF, 0xA0, 0x00, 0x5F, 0xFB, 0x00, 0x01, 0xEF, 0xB1, 0x00,
    0x0B, 0xFC, 0x10, 0x00, 0x00, 0x00, 0x00, 0x00, 0x00, 0x00, 0x00, 0x00, 0xCF, 0xFF, 0xB0, 0x00,
    0xCF, 0xFF, 0xB0, 0x00, 0xCF, 0xFF, 0xB0, 0x00, 0xCF, 0xFF, 0xB0, 0x00, 0xCF, 0xFF, 0xB0, 0x00,
    0xCF, 0xFF, 0xB0, 0x00, 0xCF, 0xFF, 0xB0, 0x00, 0xCF, 0xFF, 0xB0, 0x00, 0xCF, 0xFF, 0xB0, 0x00,
    0xCF, 0xFF, 0xB0, 0x00, 0xCF, 0xFF, 0xB0, 0x00, 0xCF, 0xFF, 0xB0, 0x00, 0xCF, 0xFF, 0xB0, 0x00,
    0xCF, 0xFF, 0xB0, 0x00, 0x00, 0x06, 0xFF, 0xF4, 0x00, 0x00, 0x00, 0x2E, 0xFF, 0xFD, 0x10, 0x00,
    0x00, 0xBF, 0xE5, 0xEF, 0x90, 0x00, 0x06, 0xFE, 0x30, 0x5F, 0xF4, 0x00, 0x1E, 0xF5, 0x00, 0x07,
    0xFD, 0x10, 0x00, 0x00, 0x00, 0x00, 0x00, 0x00, 0x00, 0x00, 0x00, 0x00, 0x00, 0x00, 0x00, 0x0C,
    0xFF, 0xFB, 0x00, 0x00, 0x00, 0x0C, 0xFF, 0xFB, 0x00, 0x00, 0x00, 0x0C, 0xFF, 0xFB, 0x00, 0x00,
    0x00, 0x0C, 0xFF, 0xFB, 0x00, 0x00, 0x00, 0x0C, 0xFF, 0xFB, 0x00, 0x00, 0x00, 0x0C, 0xFF, 0xFB,
    0x00, 0x00, 0x00, 0x0C, 0xFF, 0xFB, 0x00, 0x00, 0x00, 0x0C, 0xFF, 0xFB, 0x00, 0x00, 0x00, 0x0C,
    0xFF, 0xFB, 0x00, 0x00, 0x00, 0x0C, 0xFF, 0xFB, 0x00, 0x00, 0x00, 0x0C, 0xFF, 0xFB, 0x00, 0x00,
    0x00, 0x0C, 0xFF, 0xFB, 0x00, 0x00, 0x00, 0x0C, 0xFF, 0xFB, 0x00, 0x00, 0x00, 0x0C, 0xFF, 0xFB,
    0x00, 0x00, 0x8F, 0xF6, 0x08, 0xFF, 0x70, 0x8F, 0xF6, 0x08, 0xFF, 0x70, 0x8F, 0xF6, 0x08, 0xFF,
    0x70, 0x00, 0x00, 0x00, 0x00, 0x00, 0x00, 0x00, 0x00, 0x00, 0x00, 0x00, 0x00, 0x00, 0x00, 0x00,
    0x00, 0xCF, 0xFF, 0xB0, 0x00, 0x00, 0xCF, 0xFF, 0xB0, 0x00, 0x00, 0xCF, 0xFF, 0xB0, 0x00, 0x00,
    0xCF, 0xFF, 0xB0, 0x00, 0x00, 0xCF, 0xFF, 0xB0, 0x00, 0x00, 0xCF, 0xFF, 0xB0, 0x00, 0x00, 0xCF,
    0xFF, 0xB0, 0x00, 0x00, 0xCF, 0xFF, 0xB0, 0x00, 0x00, 0xCF, 0xFF, 0xB0, 0x00, 0x00, 0xCF, 0xFF,
    0xB0, 0x00, 0x00, 0xCF, 0xFF, 0xB0, 0x00, 0x00, 0xCF, 0xFF, 0xB0, 0x00, 0x00, 0xCF, 0xFF, 0xB0,
    0x00, 0x00, 0xCF, 0xFF, 0xB0, 0x00, 0x00, 0x05, 0xFF, 0xFE, 0x30, 0x03, 0x8C, 0x00, 0x00, 0x00,
    0x8F, 0xFF, 0xD8, 0xDF, 0xFF, 0x30, 0x00, 0x00, 0x0B, 0xFF, 0xFF, 0xFC, 0x72, 0x00, 0x00, 0x27,
    0xCF, 0xFF, 0xFF, 0xA0, 0x00, 0x00, 0x03, 0xFF, 0xFC, 0x7D, 0xFF, 0xF6, 0x00, 0x00, 0x00, 0xC8,
    0x20, 0x03, 0xEF, 0xFF, 0x30, 0x00, 0x00, 0x00, 0x00, 0x00, 0x5F, 0xFF, 0xE2, 0x00, 0x00, 0x04,
    0x9D, 0xEF, 0xDE, 0xFF, 0xFC, 0x00, 0x01, 0xBF, 0xFF, 0xFF, 0xFF, 0xFF, 0xFF, 0x70, 0x0C, 0xFF,
    0xFF, 0xFF, 0xFF, 0xFF, 0xFF, 0xE1, 0x6F, 0xFF, 0xFD, 0x51, 0x14, 0xAF, 0xFF, 0xF5, 0xBF, 0xFF,
    0xF4, 0x00, 0x00, 0x2F, 0xFF, 0xF9, 0xDF, 0xFF, 0xE0, 0x00, 0x00, 0x0F, 0xFF, 0xFB, 0xDF, 0xFF,
    0xE0, 0x00, 0x00, 0x1F, 0xFF, 0xFB, 0xBF, 0xFF, 0xF1, 0x00, 0x00, 0x3F, 0xFF, 0xF9, 0x7F, 0xFF,
    0xF7, 0x00, 0x00, 0x9F, 0xFF, 0xF5, 0x1E, 0xFF, 0xFE, 0x61, 0x16, 0xFF, 0xFF, 0xD0, 0x05, 0xFF,
    0xFF, 0xFF, 0xFF, 0xFF, 0xFF, 0x40, 0x00, 0x5E, 0xFF, 0xFF, 0xFF, 0xFF, 0xE4, 0x00, 0x00, 0x01,
    0x7B, 0xEF, 0xFD, 0xB6, 0x10, 0x00, 0x00, 0x00, 0x8E, 0xA1, 0x00, 0xBE, 0x00, 0x00, 0x00, 0x04,
    0xFF, 0xFA, 0x00, 0xDE, 0x00, 0x00, 0x00, 0x09, 0xF5, 0x7F, 0x83, 0xFB, 0x00, 0x00, 0x00, 0x0B,
    0xF0, 0x08, 0xFF, 0xF6, 0x00, 0x00, 0x00, 0x0C, 0xD0, 0x00, 0x9E, 0xA0, 0x00, 0x00, 0x00, 0x00,
    0x00, 0x00, 0x00, 0x00, 0x00, 0x00, 0x00, 0x00, 0x00, 0x00, 0x00, 0x00, 0x00, 0x00, 0xCF, 0xFF,
    0xB0, 0x4A, 0xEF, 0xEA, 0x30, 0x00, 0xCF, 0xFF, 0xBA, 0xFF, 0xFF, 0xFF, 0xF4, 0x00, 0xCF, 0xFF,
    0xFF, 0xFF, 0xFF, 0xFF, 0xFD, 0x00, 0xCF, 0xFF, 0xFE, 0x51, 0x3C, 0xFF, 0xFF, 0x40, 0xCF, 0xFF,
    0xF5, 0x00, 0x04, 0xFF, 0xFF, 0x60, 0xCF, 0xFF, 0xE0, 0x00, 0x02, 0xFF, 0xFF, 0x70, 0xCF, 0xFF,
    0xC0, 0x00, 0x02, 0xFF, 0xFF, 0x70, 0xCF, 0xFF, 0xB0, 0x00, 0x01, 0xFF, 0xFF, 0x70, 0xCF, 0xFF,
    0xB0, 0x00, 0x01, 0xFF, 0xFF, 0x70, 0xCF, 0xFF, 0xB0, 0x00, 0x01, 0xFF, 0xFF, 0x70, 0xCF, 0xFF,
    0xB0, 0x00, 0x01, 0xFF, 0xFF, 0x70, 0xCF, 0xFF, 0xB0, 0x00, 0x01, 0xFF, 0xFF, 0x70, 0xCF, 0xFF,
    0xB0, 0x00, 0x01, 0xFF, 0xFF, 0x70, 0xCF, 0xFF, 0xB0, 0x00, 0x01, 0xFF, 0xFF, 0x70, 0x00, 0x09,
    0xFF, 0xD1, 0x00, 0x00, 0x00, 0x00, 0x00, 0x00, 0xAF, 0xF9, 0x00, 0x00, 0x00, 0x00, 0x00, 0x00,
    0x0B, 0xFF, 0x50, 0x00, 0x00, 0x00, 0x00, 0x00, 0x01, 0xBF, 0xE1, 0x00, 0x00, 0x00, 0x00, 0x00,
    0x00, 0x1C, 0xFB, 0x00, 0x00, 0x00, 0x00, 0x00, 0x00, 0x00, 0x00, 0x00, 0x00, 0x00, 0x00, 0x00,
    0x00, 0x00, 0x00, 0x00, 0x00, 0x00, 0x00, 0x01, 0x7B, 0xDF, 0xED, 0xA6, 0x10, 0x00, 0x00, 0x5E,
    0xFF, 0xFF, 0xFF, 0xFF, 0xE4, 0x00, 0x06, 0xFF, 0xFF, 0xFF, 0xFF, 0xFF, 0xFF, 0x40, 0x1E, 0xFF,
    0xFE, 0x51, 0x16, 0xFF, 0xFF, 0xD0, 0x7F, 0xFF, 0xF6, 0x00, 0x00, 0x8F, 0xFF, 0xF5, 0xBF, 0xFF,
    0xF1, 0x00, 0x00, 0x3F, 0xFF, 0xF9, 0xDF, 0xFF, 0xE0, 0x00, 0x00, 0x1F, 0xFF, 0xFB, 0xDF, 0xFF,
    0xE0, 0x00, 0x00, 0x1F, 0xFF, 0xFB, 0xBF, 0xFF, 0xF1, 0x00, 0x00, 0x3F, 0xFF, 0xF9, 0x7F, 0xFF,
    0xF6, 0x00, 0x00, 0x8F, 0xFF, 0xF5, 0x1E, 0xFF, 0xFE, 0x51, 0x16, 0xFF, 0xFF, 0xD0, 0x06, 0xFF,
    0xFF, 0xFF, 0xFF, 0xFF, 0xFF, 0x40, 0x00, 0x5E, 0xFF, 0xFF, 0xFF, 0xFF, 0xE4, 0x00, 0x00, 0x01,
    0x7B, 0xEF, 0xFD, 0xB6, 0x10, 0x00, 0x00, 0x00, 0x00, 0x00, 0x06, 0xFF, 0xE2, 0x00, 0x00, 0x00,
    0x00, 0x00, 0x2E, 0xFE, 0x30, 0x00, 0x00, 0x00, 0x00, 0x00, 0xCF, 0xE4, 0x00, 0x00, 0x00, 0x00,
    0x00, 0x08, 0xFF, 0x40, 0x00, 0x00, 0x00, 0x00, 0x00, 0x4F, 0xF5, 0x00, 0x00, 0x00, 0x00, 0x00,
    0x00, 0x00, 0x00, 0x00, 0x00, 0x00, 0x00, 0x00, 0x00, 0x00, 0x00, 0x00, 0x00, 0x00, 0x00, 0x01,
    0x7B, 0xDF, 0xED, 0xA6, 0x10, 0x00, 0x00, 0x5E, 0xFF, 0xFF, 0xFF, 0xFF, 0xE4, 0x00, 0x06, 0xFF,
    0xFF, 0xFF, 0xFF, 0xFF, 0xFF, 0x40, 0x1E, 0xFF, 0xFE, 0x51, 0x16, 0xFF, 0xFF, 0xD0, 0x7F, 0xFF,
    0xF6, 0x00, 0x00, 0x8F, 0xFF, 0xF5, 0xBF, 0xFF, 0xF1, 0x00, 0x00, 0x3F, 0xFF, 0xF9, 0xDF, 0xFF,
    0xE0, 0x00, 0x00, 0x1F, 0xFF, 0xFB, 0xDF, 0xFF, 0xE0, 0x00, 0x00, 0x1F, 0xFF, 0xFB, 0xBF, 0xFF,
    0xF1, 0x00, 0x00, 0x3F, 0xFF, 0xF9, 0x7F, 0xFF, 0xF6, 0x00, 0x00, 0x8F, 0xFF, 0xF5, 0x1E, 0xFF,
    0xFE, 0x51, 0x16, 0xFF, 0xFF, 0xD0, 0x06, 0xFF, 0xFF, 0xFF, 0xFF, 0xFF, 0xFF, 0x40, 0x00, 0x5E,
    0xFF, 0xFF, 0xFF, 0xFF, 0xE4, 0x00, 0x00, 0x01, 0x7B, 0xEF, 0xFD, 0xB6, 0x10, 0x00, 0x00, 0x00,
    0x01, 0xDF, 0xFC, 0x00, 0x00, 0x00, 0x00, 0x00, 0x09, 0xFF, 0xFF, 0x60, 0x00, 0x00, 0x00, 0x00,
    0x4F, 0xF8, 0xAF, 0xE2, 0x00, 0x00, 0x00, 0x00, 0xDF, 0xA0, 0x1C, 0xFB, 0x00, 0x00, 0x00, 0x08,
    0xFC, 0x00, 0x01, 0xDF, 0x60, 0x00, 0x00, 0x00, 0x00, 0x00, 0x00, 0x00, 0x00, 0x00, 0x00, 0x00,
    0x00, 0x00, 0x00, 0x00, 0x00, 0x00, 0x00, 0x01, 0x7B, 0xDF, 0xED, 0xA6, 0x10, 0x00, 0x00, 0x5E,
    0xFF, 0xFF, 0xFF, 0xFF, 0xE4, 0x00, 0x06, 0xFF, 0xFF, 0xFF, 0xFF, 0xFF, 0xFF, 0x40, 0x1E, 0xFF,
    0xFE, 0x51, 0x16, 0xFF, 0xFF, 0xD0, 0x7F, 0xFF, 0xF6, 0x00, 0x00, 0x8F, 0xFF, 0xF5, 0xBF, 0xFF,
    0xF1, 0x00, 0x00, 0x3F, 0xFF, 0xF9, 0xDF, 0xFF, 0xE0, 0x00, 0x00, 0x1F, 0xFF, 0xFB, 0xDF, 0xFF,
    0xE0, 0x00, 0x00, 0x1F, 0xFF, 0xFB, 0xBF, 0xFF, 0xF1, 0x00, 0x00, 0x3F, 0xFF, 0xF9, 0x7F, 0xFF,
    0xF6, 0x00, 0x00, 0x8F, 0xFF, 0xF5, 0x1E, 0xFF, 0xFE, 0x51, 0x16, 0xFF, 0xFF, 0xD0, 0x06, 0xFF,
    0xFF, 0xFF, 0xFF, 0xFF, 0xFF, 0x40, 0x00, 0x5E, 0xFF, 0xFF, 0xFF, 0xFF, 0xE4, 0x00, 0x00, 0x01,
    0x7B, 0xEF, 0xFD, 0xB6, 0x10, 0x00, 0x00, 0x00, 0x4E, 0xD3, 0x00, 0x7E, 0x40, 0x00, 0x00, 0x00,
    0xEF, 0xFE, 0x20, 0x8F, 0x40, 0x00, 0x00, 0x04, 0xFA, 0x3E, 0xC2, 0xDF, 0x10, 0x00, 0x00, 0x06,
    0xF5, 0x04, 0xFF, 0xFB, 0x00, 0x00, 0x00, 0x07, 0xE4, 0x00, 0x5E, 0xD2, 0x00, 0x00, 0x00, 0x00,
    0x00, 0x00, 0x00, 0x00, 0x00, 0x00, 0x00, 0x00, 0x00, 0x00, 0x00, 0x00, 0x00, 0x00, 0x00, 0x01,
    0x7B, 0xDF, 0xED, 0xA6, 0x10, 0x00, 0x00, 0x5E, 0xFF, 0xFF, 0xFF, 0xFF, 0xE4, 0x00, 0x06, 0xFF,
    0xFF, 0xFF, 0xFF, 0xFF, 0xFF, 0x40, 0x1E, 0xFF, 0xFE, 0x51, 0x16, 0xFF, 0xFF, 0xD0, 0x7F, 0xFF,
    0xF6, 0x00, 0x00, 0x8F, 0xFF, 0xF5, 0xBF, 0xFF, 0xF1, 0x00, 0x00, 0x3F, 0xFF, 0xF9, 0xDF, 0xFF,
    0xE0, 0x00, 0x00, 0x1F, 0xFF, 0xFB, 0xDF, 0xFF, 0xE0, 0x00, 0x00, 0x1F, 0xFF, 0xFB, 0xBF, 0xFF,
    0xF1, 0x00, 0x00, 0x3F, 0xFF, 0xF9, 0x7F, 0xFF, 0xF6, 0x00, 0x00, 0x8F, 0xFF, 0xF5, 0x1E, 0xFF,
    0xFE, 0x51, 0x16, 0xFF, 0xFF, 0xD0, 0x06, 0xFF, 0xFF, 0xFF, 0xFF, 0xFF, 0xFF, 0x40, 0x00, 0x5E,
    0xFF, 0xFF, 0xFF, 0xFF, 0xE4, 0x00, 0x00, 0x01, 0x7B, 0xEF, 0xFD, 0xB6, 0x10, 0x00, 0x00, 0x01,
    0xFF, 0xD0, 0x1F, 0xFE, 0x00, 0x00, 0x00, 0x01, 0xFF, 0xD0, 0x1F, 0xFE, 0x00, 0x00, 0x00, 0x01,
    0xFF, 0xD0, 0x1F, 0xFE, 0x00, 0x00, 0x00, 0x00, 0x00, 0x00, 0x00, 0x00, 0x00, 0x00, 0x00, 0x00,
    0x00, 0x00, 0x00, 0x00, 0x00, 0x00, 0x00, 0x00, 0x00, 0x00, 0x00, 0x00, 0x00, 0x00, 0x00, 0x01,
    0x7B, 0xDF, 0xED, 0xA6, 0x10, 0x00, 0x00, 0x5E, 0xFF, 0xFF, 0xFF, 0xFF, 0xE4, 0x00, 0x06, 0xFF,
    0xFF, 0xFF, 0xFF, 0xFF, 0xFF, 0x40, 0x1E, 0xFF, 0xFE, 0x51, 0x16, 0xFF, 0xFF, 0xD0, 0x7F, 0xFF,
    0xF6, 0x00, 0x00, 0x8F, 0xFF, 0xF5, 0xBF, 0xFF, 0xF1, 0x00, 0x00, 0x3F, 0xFF, 0xF9, 0xDF, 0xFF,
    0xE0, 0x00, 0x00, 0x1F, 0xFF, 0xFB, 0xDF, 0xFF, 0xE0, 0x00, 0x00, 0x1F, 0xFF, 0xFB, 0xBF, 0xFF,
    0xF1, 0x00, 0x00, 0x3F, 0xFF, 0xF9, 0x7F, 0xFF, 0xF6, 0x00, 0x00, 0x8F, 0xFF, 0xF5, 0x1E, 0xFF,
    0xFE, 0x51, 0x16, 0xFF, 0xFF, 0xD0, 0x06, 0xFF, 0xFF, 0xFF, 0xFF, 0xFF, 0xFF, 0x40, 0x00, 0x5E,
    0xFF, 0xFF, 0xFF, 0xFF, 0xE4, 0x00, 0x00, 0x01, 0x7B, 0xEF, 0xFD, 0xB6, 0x10, 0x00, 0x00, 0x00,
    0x00, 0x1F, 0xFF, 0xD0, 0x00, 0x00, 0x00, 0x00, 0x00, 0x00, 0x1F, 0xFF, 0xD0, 0x00, 0x00, 0x00,
    0x00, 0x00, 0x00, 0x1F, 0xFF, 0xD0, 0x00, 0x00, 0x00, 0x00, 0x00, 0x00, 0x1F, 0xFF, 0xD0, 0x00,
    0x00, 0x00, 0x00, 0x00, 0x00, 0x00, 0x00, 0x00, 0x00, 0x00, 0x00, 0x00, 0x00, 0x00, 0x00, 0x00,
    0x00, 0x00, 0x00, 0x00, 0x4F, 0xFF, 0xFF, 0xFF, 0xFF, 0xFF, 0xFF, 0xFF, 0xF0, 0x4F, 0xFF, 0xFF,
    0xFF, 0xFF, 0xFF, 0xFF, 0xFF, 0xF0, 0x4F, 0xFF, 0xFF, 0xFF, 0xFF, 0xFF, 0xFF, 0xFF, 0xF0, 0x00,
    0x00, 0x00, 0x00, 0x00, 0x00, 0x00, 0x00, 0x00, 0x00, 0x00, 0x00, 0x00, 0x00, 0x00, 0x00, 0x00,
    0x00, 0x00, 0x00, 0x00, 0x1F, 0xFF, 0xD0, 0x00, 0x00, 0x00, 0x00, 0x00, 0x00, 0x1F, 0xFF, 0xD0,
    0x00, 0x00, 0x00, 0x00, 0x00, 0x00, 0x1F, 0xFF, 0xD0, 0x00, 0x00, 0x00, 0x00, 0x00, 0x00, 0x1F,
    0xFF, 0xD0, 0x00, 0x00, 0x00, 0x00, 0x00, 0x00, 0x00, 0x00, 0x00, 0x02, 0xA1, 0x00, 0x01, 0x7B,
    0xDF, 0xFD, 0xB6, 0x2D, 0xF7, 0x00, 0x5E, 0xFF, 0xFF, 0xFF, 0xFF, 0xFF, 0x90, 0x05, 0xFF, 0xFF,
    0xFF, 0xFF, 0xFF, 0xFF, 0x40, 0x1E, 0xFF, 0xFE, 0x51, 0x18, 0xFF, 0xFF, 0xE0, 0x7F, 0xFF, 0xF6,
    0x00, 0x1D, 0xFF, 0xFF, 0xF5, 0xBF, 0xFF, 0xF1, 0x01, 0xDF, 0xBF, 0xFF, 0xF9, 0xCF, 0xFF, 0xE0,
    0x1C, 0xFA, 0x0F, 0xFF, 0xFB, 0xDF, 0xFF, 0xD1, 0xCF, 0xA0, 0x1F, 0xFF, 0xFB, 0xBF, 0xFF, 0xFC,
    0xFA, 0x00, 0x3F, 0xFF, 0xF9, 0x8F, 0xFF, 0xFF, 0xA0, 0x00, 0x8F, 0xFF, 0xF5, 0x2F, 0xFF, 0xFF,
    0x61, 0x16, 0xFF, 0xFF, 0xD0, 0x07, 0xFF, 0xFF, 0xFF, 0xFF, 0xFF, 0xFF, 0x40, 0x0A, 0xFF, 0xFF,
    0xFF, 0xFF, 0xFF, 0xE4, 0x00, 0x9F, 0xC4, 0x8C, 0xDE, 0xFD, 0xB6, 0x10, 0x00, 0x59, 0x10, 0x00,
    0x00, 0x00, 0x00, 0x00, 0x00, 0x00, 0x4F, 0xFF, 0x30, 0x00, 0x00, 0x00, 0x00, 0x00, 0x05, 0xFF,
    0xD1, 0x00, 0x00, 0x00, 0x00, 0x00, 0x00, 0x6F, 0xFA, 0x00, 0x00, 0x00, 0x00, 0x00, 0x00, 0x07,
    0xFF, 0x50, 0x00, 0x00, 0x00, 0x00, 0x00, 0x00, 0x8F, 0xE2, 0x00, 0x00, 0x00, 0x00, 0x00, 0x00,
    0x00, 0x00, 0x00, 0x00, 0x00, 0x00, 0x00, 0x00, 0x00, 0x00, 0x00, 0x00, 0x00, 0xFF, 0xFF, 0x90,
    0x00, 0x03, 0xFF, 0xFF, 0x50, 0xFF, 0xFF, 0x90, 0x00, 0x03, 0xFF, 0xFF, 0x50, 0xFF, 0xFF, 0x90,
    0x00, 0x03, 0xFF, 0xFF, 0x50, 0xFF, 0xFF, 0x90, 0x00, 0x03, 0xFF, 0xFF, 0x50, 0xFF, 0xFF, 0x90,
    0x00, 0x03, 0xFF, 0xFF, 0x50, 0xFF, 0xFF, 0x90, 0x00, 0x03, 0xFF, 0xFF, 0x50, 0xFF, 0xFF, 0x90,
    0x00, 0x03, 0xFF, 0xFF, 0x50, 0xFF, 0xFF, 0x90, 0x00, 0x04, 0xFF, 0xFF, 0x50, 0xEF, 0xFF, 0x90,
    0x00, 0x06, 0xFF, 0xFF, 0x50, 0xEF, 0xFF, 0xC0, 0x00, 0x0C, 0xFF, 0xFF, 0x50, 0xBF, 0xFF, 0xF7,
    0x12, 0x9F, 0xFF, 0xFF, 0x50, 0x6F, 0xFF, 0xFF, 0xFF, 0xFF, 0xFF, 0xFF, 0x50, 0x0B, 0xFF, 0xFF,
    0xFF, 0xE7, 0xFF, 0xFF, 0x50, 0x00, 0x7C, 0xEE, 0xD8, 0x13, 0xFF, 0xFF, 0x50, 0x00, 0x00, 0x00,
    0x00, 0x2E, 0xFF, 0x60, 0x00, 0x00, 0x00, 0x00, 0x00, 0xBF, 0xF7, 0x00, 0x00, 0x00, 0x00, 0x00,
    0x07, 0xFF, 0x80, 0x00, 0x00, 0x00, 0x00, 0x00, 0x3F, 0xF9, 0x00, 0x00, 0x00, 0x00, 0x00, 0x01,
    0xDF, 0xA0, 0x00, 0x00, 0x00, 0x00, 0x00, 0x00, 0x00, 0x00, 0x00, 0x00, 0x00, 0x00, 0x00, 0x00,
    0x00, 0x00, 0x00, 0x00, 0x00, 0xFF, 0xFF, 0x90, 0x00, 0x03, 0xFF, 0xFF, 0x50, 0xFF, 0xFF, 0x90,
    0x00, 0x03, 0xFF, 0xFF, 0x50, 0xFF, 0xFF, 0x90, 0x00, 0x03, 0xFF, 0xFF, 0x50, 0xFF, 0xFF, 0x90,
    0x00, 0x03, 0xFF, 0xFF, 0x50, 0xFF, 0xFF, 0x90, 0x00, 0x03, 0xFF, 0xFF, 0x50, 0xFF, 0xFF, 0x90,
    0x00, 0x03, 0xFF, 0xFF, 0x50, 0xFF, 0xFF, 0x90, 0x00, 0x03, 0xFF, 0xFF, 0x50, 0xFF, 0xFF, 0x90,
    0x00, 0x04, 0xFF, 0xFF, 0x50, 0xEF, 0xFF, 0x90, 0x00, 0x06, 0xFF, 0xFF, 0x50, 0xEF, 0xFF, 0xC0,
    0x00, 0x0C, 0xFF, 0xFF, 0x50, 0xBF, 0xFF, 0xF7, 0x12, 0x9F, 0xFF, 0xFF, 0x50, 0x6F, 0xFF, 0xFF,
    0xFF, 0xFF, 0xFF, 0xFF, 0x50, 0x0B, 0xFF, 0xFF, 0xFF, 0xE7, 0xFF, 0xFF, 0x50, 0x00, 0x7C, 0xEE,
    0xD8, 0x13, 0xFF, 0xFF, 0x50, 0x00, 0x00, 0x0A, 0xFF, 0xE2, 0x00, 0x00, 0x00, 0x00, 0x00, 0x5F,
    0xFF, 0xFA, 0x00, 0x00, 0x00, 0x00, 0x01, 0xEF, 0xB6, 0xFF, 0x50, 0x00, 0x00, 0x00, 0x09, 0xFD,
    0x10, 0x8F, 0xE1, 0x00, 0x00, 0x00, 0x4F, 0xE2, 0x00, 0x0A, 0xFA, 0x00, 0x00, 0x00, 0x00, 0x00,
    0x00, 0x00, 0x00, 0x00, 0x00, 0x00, 0x00, 0x00, 0x00, 0x00, 0x00, 0x00, 0x00, 0xFF, 0xFF, 0x90,
    0x00, 0x03, 0xFF, 0xFF, 0x50, 0xFF, 0xFF, 0x90, 0x00, 0x03, 0xFF, 0xFF, 0x50, 0xFF, 0xFF, 0x90,
    0x00, 0x03, 0xFF, 0xFF, 0x50, 0xFF, 0xFF, 0x90, 0x00, 0x03, 0xFF, 0xFF, 0x50, 0xFF, 0xFF, 0x90,
    0x00, 0x03, 0xFF, 0xFF, 0x50, 0xFF, 0xFF, 0x90, 0x00, 0x03, 0xFF, 0xFF, 0x50, 0xFF, 0xFF, 0x90,
    0x00, 0x03, 0xFF, 0xFF, 0x50, 0xFF, 0xFF, 0x90, 0x00, 0x04, 0xFF, 0xFF, 0x50, 0xEF, 0xFF, 0x90,
    0x00, 0x06, 0xFF, 0xFF, 0x50, 0xEF, 0xFF, 0xC0, 0x00, 0x0C, 0xFF, 0xFF, 0x50, 0xBF, 0xFF, 0xF7,
    0x12, 0x9F, 0xFF, 0xFF, 0x50, 0x6F, 0xFF, 0xFF, 0xFF, 0xFF, 0xFF, 0xFF, 0x50, 0x0B, 0xFF, 0xFF,
    0xFF, 0xE7, 0xFF, 0xFF, 0x50, 0x00, 0x7C, 0xEE, 0xD8, 0x13, 0xFF, 0xFF, 0x50, 0x00, 0x0C, 0xFF,
    0x30, 0xCF, 0xF3, 0x00, 0x00, 0x00, 0x0C, 0xFF, 0x30, 0xCF, 0xF3, 0x00, 0x00, 0x00, 0x0C, 0xFF,
    0x30, 0xCF, 0xF3, 0x00, 0x00, 0x00, 0x00, 0x00, 0x00, 0x00, 0x00, 0x00, 0x00, 0x00, 0x00, 0x00,
    0x00, 0x00, 0x00, 0x00, 0x00, 0x00, 0x00, 0x00, 0x00, 0x00, 0x00, 0x00, 0x00, 0xFF, 0xFF, 0x90,
    0x00, 0x03, 0xFF, 0xFF, 0x50, 0xFF, 0xFF, 0x90, 0x00, 0x03, 0xFF, 0xFF, 0x50, 0xFF, 0xFF, 0x90,
    0x00, 0x03, 0xFF, 0xFF, 0x50, 0xFF, 0xFF, 0x90, 0x00, 0x03, 0xFF, 0xFF, 0x50, 0xFF, 0xFF, 0x90,
    0x00, 0x03, 0xFF, 0xFF, 0x50, 0xFF, 0xFF, 0x90, 0x00, 0x03, 0xFF, 0xFF, 0x50, 0xFF, 0xFF, 0x90,
    0x00, 0x03, 0xFF, 0xFF, 0x50, 0xFF, 0xFF, 0x90, 0x00, 0x04, 0xFF, 0xFF, 0x50, 0xEF, 0xFF, 0x90,
    0x00, 0x06, 0xFF, 0xFF, 0x50, 0xEF, 0xFF, 0xC0, 0x00, 0x0C, 0xFF, 0xFF, 0x50, 0xBF, 0xFF, 0xF7,
    0x12, 0x9F, 0xFF, 0xFF, 0x50, 0x6F, 0xFF, 0xFF, 0xFF, 0xFF, 0xFF, 0xFF, 0x50, 0x0B, 0xFF, 0xFF,
    0xFF, 0xE7, 0xFF, 0xFF, 0x50, 0x00, 0x7C, 0xEE, 0xD8, 0x13, 0xFF, 0xFF, 0x50, 0x00, 0x00, 0x00,
    0x00, 0x03, 0xFF, 0xF5, 0x00, 0x00, 0x00, 0x00, 0x00, 0x00, 0x1D, 0xFF, 0x60, 0x00, 0x00, 0x00,
    0x00, 0x00, 0x00, 0x9F, 0xF7, 0x00, 0x00, 0x00, 0x00, 0x00, 0x00, 0x05, 0xFF, 0x80, 0x00, 0x00,
    0x00, 0x00, 0x00, 0x00, 0x1E, 0xF9, 0x00, 0x00, 0x00, 0x00, 0x00, 0x00, 0x00, 0x00, 0x00, 0x00,
    0x00, 0x00, 0x00, 0x00, 0x00, 0x00, 0x00, 0x00, 0x00, 0x00, 0x00, 0x00, 0x7F, 0xFF, 0xF1, 0x00,
    0x00, 0x04, 0xFF, 0xFF, 0x40, 0x1E, 0xFF, 0xF7, 0x00, 0x00, 0x09, 0xFF, 0xFD, 0x00, 0x09, 0xFF,
    0xFD, 0x00, 0x00, 0x0E, 0xFF, 0xF7, 0x00, 0x02, 0xFF, 0xFF, 0x40, 0x00, 0x4F, 0xFF, 0xF1, 0x00,
    0x00, 0xBF, 0xFF, 0xA0, 0x00, 0x9F, 0xFF, 0xA0, 0x00, 0x00, 0x4F, 0xFF, 0xF1, 0x00, 0xEF, 0xFF,
    0x40, 0x00, 0x00, 0x0C, 0xFF, 0xF7, 0x04, 0xFF, 0xFD, 0x00, 0x00, 0x00, 0x06, 0xFF, 0xFD, 0x09,
    0xFF, 0xF7, 0x00, 0x00, 0x00, 0x00, 0xEF, 0xFF, 0x5E, 0xFF, 0xF1, 0x00, 0x00, 0x00, 0x00, 0x7F,
    0xFF, 0xEF, 0xFF, 0xA0, 0x00, 0x00, 0x00, 0x00, 0x1F, 0xFF, 0xFF, 0xFF, 0x30, 0x00, 0x00, 0x00,
    0x00, 0x09, 0xFF, 0xFF, 0xFC, 0x00, 0x00, 0x00, 0x00, 0x00, 0x02, 0xFF, 0xFF, 0xF6, 0x00, 0x00,
    0x00, 0x00, 0x00, 0x00, 0xBF, 0xFF, 0xE1, 0x00, 0x00, 0x00, 0x00, 0x00, 0x00, 0x7F, 0xFF, 0x90,
    0x00, 0x00, 0x00, 0x00, 0x00, 0x04, 0xEF, 0xFF, 0x30, 0x00, 0x00, 0x00, 0x00, 0x6F, 0xFF, 0xFF,
    0xFA, 0x00, 0x00, 0x00, 0x00, 0x00, 0x6F, 0xFF, 0xFF, 0xD1, 0x00, 0x00, 0x00, 0x00, 0x00, 0x6F,
    0xFE, 0xD8, 0x10, 0x00, 0x00, 0x00, 0x00, 0xCF, 0xFF, 0xB0, 0x00, 0x00, 0x00, 0x00, 0x00, 0xCF,
    0xFF, 0xB0, 0x00, 0x00, 0x00, 0x00, 0x00, 0xCF, 0xFF, 0xB0, 0x00, 0x00, 0x00, 0x00, 0x00, 0xCF,
    0xFF, 0xB0, 0x00, 0x00, 0x00, 0x00, 0x00, 0xCF, 0xFF, 0xB0, 0x00, 0x00, 0x00, 0x00, 0x00, 0xCF,
    0xFF, 0xB0, 0x00, 0x00, 0x00, 0x00, 0x00, 0xCF, 0xFF, 0xB0, 0x5B, 0xEF, 0xD9, 0x20, 0x00, 0xCF,
    0xFF, 0xCA, 0xFF, 0xFF, 0xFF, 0xE4, 0x00, 0xCF, 0xFF, 0xFF, 0xFF, 0xFF, 0xFF, 0xFE, 0x20, 0xCF,
    0xFF, 0xFD, 0x40, 0x29, 0xFF, 0xFF, 0xB0, 0xCF, 0xFF, 0xF4, 0x00, 0x00, 0xCF, 0xFF, 0xF1, 0xCF,
    0xFF, 0xE0, 0x00, 0x00, 0x6F, 0xFF, 0xF5, 0xCF, 0xFF, 0xC0, 0x00, 0x00, 0x5F, 0xFF, 0xF6, 0xCF,
    0xFF, 0xC0, 0x00, 0x00, 0x5F, 0xFF, 0xF6, 0xCF, 0xFF, 0xE0, 0x00, 0x00, 0x6F, 0xFF, 0xF5, 0xCF,
    0xFF, 0xF4, 0x00, 0x00, 0xCF, 0xFF, 0xF1, 0xCF, 0xFF, 0xFD, 0x40, 0x29, 0xFF, 0xFF, 0xB0, 0xCF,
    0xFF, 0xFF, 0xFF, 0xFF, 0xFF, 0xFF, 0x20, 0xCF, 0xFF, 0xCA, 0xFF, 0xFF, 0xFF, 0xF5, 0x00, 0xCF,
    0xFF, 0xB0, 0x5B, 0xEF, 0xD9, 0x20, 0x00, 0xCF, 0xFF, 0xB0, 0x00, 0x00, 0x00, 0x00, 0x00, 0xCF,
    0xFF, 0xB0, 0x00, 0x00, 0x00, 0x00, 0x00, 0xCF, 0xFF, 0xB0, 0x00, 0x00, 0x00, 0x00, 0x00, 0xCF,
    0xFF, 0xB0, 0x00, 0x00, 0x00, 0x00, 0x00, 0xCF, 0xFF, 0xB0, 0x00, 0x00, 0x00, 0x00, 0x00, 0x00,
    0x00, 0x8F, 0xF7, 0x08, 0xFF, 0x70, 0x00, 0x00, 0x00, 0x00, 0x8F, 0xF7, 0x08, 0xFF, 0x70, 0x00,
    0x00, 0x00, 0x00, 0x8F, 0xF7, 0x08, 0xFF, 0x70, 0x00, 0x00, 0x00, 0x00, 0x00, 0x00, 0x00, 0x00,
    0x00, 0x00, 0x00, 0x00, 0x00, 0x00, 0x00, 0x00, 0x00, 0x00, 0x00, 0x00, 0x00, 0x00, 0x00, 0x00,
    0x00, 0x00, 0x00, 0x00, 0x00, 0x7F, 0xFF, 0xF1, 0x00, 0x00, 0x04, 0xFF, 0xFF, 0x40, 0x1E, 0xFF,
    0xF7, 0x00, 0x00, 0x09, 0xFF, 0xFD, 0x00, 0x09, 0xFF, 0xFD, 0x00, 0x00, 0x0E, 0xFF, 0xF7, 0x00,
    0x02, 0xFF, 0xFF, 0x40, 0x00, 0x4F, 0xFF, 0xF1, 0x00, 0x00, 0xBF, 0xFF, 0xA0, 0x00, 0x9F, 0xFF,
    0xA0, 0x00, 0x00, 0x4F, 0xFF, 0xF1, 0x00, 0xEF, 0xFF, 0x40, 0x00, 0x00, 0x0C, 0xFF, 0xF7, 0x04,
    0xFF, 0xFD, 0x00, 0x00, 0x00, 0x06, 0xFF, 0xFD, 0x09, 0xFF, 0xF7, 0x00, 0x00, 0x00, 0x00, 0xEF,
    0xFF, 0x5E, 0xFF, 0xF1, 0x00, 0x00, 0x00, 0x00, 0x7F, 0xFF, 0xEF, 0xFF, 0xA0, 0x00, 0x00, 0x00,
    0x00, 0x1F, 0xFF, 0xFF, 0xFF, 0x30, 0x00, 0x00, 0x00, 0x00, 0x09, 0xFF, 0xFF, 0xFC, 0x00, 0x00,
    0x00, 0x00, 0x00, 0x02, 0xFF, 0xFF, 0xF6, 0x00, 0x00, 0x00, 0x00, 0x00, 0x00, 0xBF, 0xFF, 0xE1,
    0x00, 0x00, 0x00, 0x00, 0x00, 0x00, 0x7F, 0xFF, 0x90, 0x00, 0x00, 0x00, 0x00, 0x00, 0x04, 0xEF,
    0xFF, 0x30, 0x00, 0x00, 0x00, 0x00, 0x6F, 0xFF, 0xFF, 0xFA, 0x00, 0x00, 0x00, 0x00, 0x00, 0x6F,
    0xFF, 0xFF, 0xD1, 0x00, 0x00, 0x00, 0x00, 0x00, 0x6F, 0xFE, 0xD8, 0x10, 0x00, 0x00, 0x00, 0x00,
    0x00, 0x00, 0x00, 0xEF, 0xFF, 0xFF, 0xFF, 0x10, 0x00, 0x00, 0x00, 0x00, 0x00, 0xEF, 0xFF, 0xFF,
    0xFF, 0x10, 0x00, 0x00, 0x00, 0x00, 0x00, 0x00, 0x00, 0x00, 0x00, 0x00, 0x00, 0x00, 0x00, 0x00,
    0x00, 0x00, 0x00, 0x00, 0x00, 0x00, 0x00, 0x00, 0x00, 0x00, 0x00, 0x00, 0x00, 0x00, 0x00, 0x00,
    0x00, 0x00, 0x00, 0x00, 0x00, 0x1F, 0xFF, 0xFF, 0xF2, 0x00, 0x00, 0x00, 0x00, 0x00, 0x00, 0x6F,
    0xFF, 0xFF, 0xF8, 0x00, 0x00, 0x00, 0x00, 0x00, 0x00, 0xCF, 0xFF, 0xFF, 0xFD, 0x00, 0x00, 0x00,
    0x00, 0x00, 0x02, 0xFF, 0xFF, 0xFF, 0xFF, 0x40, 0x00, 0x00, 0x00, 0x00, 0x08, 0xFF, 0xFF, 0xEF,
    0xFF, 0x90, 0x00, 0x00, 0x00, 0x00, 0x0D, 0xFF, 0xFB, 0x9F, 0xFF, 0xE1, 0x00, 0x00, 0x00, 0x00,
    0x4F, 0xFF, 0xF5, 0x4F, 0xFF, 0xF6, 0x00, 0x00, 0x00, 0x00, 0x9F, 0xFF, 0xE1, 0x0D, 0xFF, 0xFB,
    0x00, 0x00, 0x00, 0x01, 0xEF, 0xFF, 0xA0, 0x08, 0xFF, 0xFF, 0x20, 0x00, 0x00, 0x06, 0xFF, 0xFF,
    0x50, 0x03, 0xFF, 0xFF, 0x70, 0x00, 0x00, 0x0B, 0xFF, 0xFE, 0x00, 0x00, 0xDF, 0xFF, 0xD0, 0x00,
    0x00, 0x2F, 0xFF, 0xFA, 0x00, 0x00, 0x8F, 0xFF, 0xF3, 0x00, 0x00, 0x7F, 0xFF, 0xFF, 0xFF, 0xFF,
    0xFF, 0xFF, 0xF9, 0x00, 0x00, 0xDF, 0xFF, 0xFF, 0xFF, 0xFF, 0xFF, 0xFF, 0xFE, 0x00, 0x03, 0xFF,
    0xFF, 0xFF, 0xFF, 0xFF, 0xFF, 0xFF, 0xFF, 0x50, 0x09, 0xFF, 0xFF, 0x20, 0x00, 0x00, 0x00, 0xEF,
    0xFF, 0xB0, 0x0E, 0xFF, 0xFC, 0x00, 0x00, 0x00, 0x00, 0xAF, 0xFF, 0xF1, 0x5F, 0xFF, 0xF7, 0x00,
    0x00, 0x00, 0x00, 0x6F, 0xFF, 0xF7, 0xAF, 0xFF, 0xF3, 0x00, 0x00, 0x00, 0x00, 0x1F, 0xFF, 0xFC,
    0x00, 0x0C, 0xFF, 0xFF, 0xFF, 0xF4, 0x00, 0x00, 0x00, 0x0C, 0xFF, 0xFF, 0xFF, 0xF4, 0x00, 0x00,
    0x00, 0x00, 0x00, 0x00, 0x00, 0x00, 0x00, 0x00, 0x00, 0x00, 0x00, 0x00, 0x00, 0x00, 0x00, 0x00,
    0x00, 0x00, 0x00, 0x00, 0x00, 0x00, 0x00, 0x00, 0x00, 0x00, 0x00, 0x00, 0x00, 0x00, 0x00, 0x00,
    0x01, 0x48, 0xBD, 0xFF, 0xEC, 0x94, 0x00, 0x00, 0x0A, 0xFF, 0xFF, 0xFF, 0xFF, 0xFF, 0xB1, 0x00,
    0x0A, 0xFF, 0xFF, 0xFF, 0xFF, 0xFF, 0xFA, 0x00, 0x09, 0xA5, 0x31, 0x01, 0x4B, 0xFF, 0xFF, 0x20,
    0x00, 0x00, 0x00, 0x00, 0x02, 0xFF, 0xFF, 0x50, 0x00, 0x38, 0xCE, 0xFF, 0xFF, 0xFF, 0xFF, 0x70,
    0x09, 0xFF, 0xFF, 0xFF, 0xFF, 0xFF, 0xFF, 0x70, 0x6F, 0xFF, 0xFF, 0xFF, 0xFF, 0xFF, 0xFF, 0x80,
    0xBF, 0xFF, 0xF6, 0x10, 0x02, 0xFF, 0xFF, 0x80, 0xDF, 0xFF, 0xC0, 0x00, 0x06, 0xFF, 0xFF, 0x80,
    0xCF, 0xFF, 0xE5, 0x11, 0x6E, 0xFF, 0xFF, 0x80, 0x7F, 0xFF, 0xFF, 0xFF, 0xFF, 0xFF, 0xFF, 0x80,
    0x0B, 0xFF, 0xFF, 0xFF, 0xF7, 0xFF, 0xFF, 0x80, 0x00, 0x6C, 0xEF, 0xD9, 0x31, 0xFF, 0xFF, 0x80,
    0x00, 0x00, 0x03, 0xFB, 0x00, 0x00, 0xAF, 0x30, 0x00, 0x00, 0x00, 0x00, 0x00, 0xEF, 0x71, 0x17,
    0xFE, 0x10, 0x00, 0x00, 0x00, 0x00, 0x00, 0x7F, 0xFF, 0xFF, 0xF7, 0x00, 0x00, 0x00, 0x00, 0x00,
    0x00, 0x05, 0xCF, 0xFC, 0x60, 0x00, 0x00, 0x00, 0x00, 0x00, 0x00, 0x00, 0x00, 0x00, 0x00, 0x00,
    0x00, 0x00, 0x00, 0x00, 0x00, 0x1F, 0xFF, 0xFF, 0xF2, 0x00, 0x00, 0x00, 0x00, 0x00, 0x00, 0x6F,
    0xFF, 0xFF, 0xF8, 0x00, 0x00, 0x00, 0x00, 0x00, 0x00, 0xCF, 0xFF, 0xFF, 0xFD, 0x00, 0x00, 0x00,
    0x00, 0x00, 0x02, 0xFF, 0xFF, 0xFF, 0xFF, 0x40, 0x00, 0x00, 0x00, 0x00, 0x08, 0xFF, 0xFF, 0xEF,
    0xFF, 0x90, 0x00, 0x00, 0x00, 0x00, 0x0D, 0xFF, 0xFB, 0x9F, 0xFF, 0xE1, 0x00, 0x00, 0x00, 0x00,
    0x4F, 0xFF, 0xF5, 0x4F, 0xFF, 0xF6, 0x00, 0x00, 0x00, 0x00, 0x9F, 0xFF, 0xE1, 0x0D, 0xFF, 0xFB,
    0x00, 0x00, 0x00, 0x01, 0xEF, 0xFF, 0xA0, 0x08, 0xFF, 0xFF, 0x20, 0x00, 0x00, 0x06, 0xFF, 0xFF,
    0x50, 0x03, 0xFF, 0xFF, 0x70, 0x00, 0x00, 0x0B, 0xFF, 0xFE, 0x00, 0x00, 0xDF, 0xFF, 0xD0, 0x00,
    0x00, 0x2F, 0xFF, 0xFA, 0x00, 0x00, 0x8F, 0xFF, 0xF3, 0x00, 0x00, 0x7F, 0xFF, 0xFF, 0xFF, 0xFF,
    0xFF, 0xFF, 0xF9, 0x00, 0x00, 0xDF, 0xFF, 0xFF, 0xFF, 0xFF, 0xFF, 0xFF, 0xFE, 0x00, 0x03, 0xFF,
    0xFF, 0xFF, 0xFF, 0xFF, 0xFF, 0xFF, 0xFF, 0x50, 0x09, 0xFF, 0xFF, 0x20, 0x00, 0x00, 0x00, 0xEF,
    0xFF, 0xB0, 0x0E, 0xFF, 0xFC, 0x00, 0x00, 0x00, 0x00, 0xAF, 0xFF, 0xF1, 0x5F, 0xFF, 0xF7, 0x00,
    0x00, 0x00, 0x00, 0x6F, 0xFF, 0xF7, 0xAF, 0xFF, 0xF3, 0x00, 0x00, 0x00, 0x00, 0x1F, 0xFF, 0xFC,
    0x00, 0x00, 0xEE, 0x00, 0x00, 0x7F, 0x70, 0x00, 0x00, 0x00, 0xBF, 0xA2, 0x14, 0xEF, 0x40, 0x00,
    0x00, 0x00, 0x3F, 0xFF, 0xFF, 0xFB, 0x00, 0x00, 0x00, 0x00, 0x03, 0xBE, 0xFD, 0x80, 0x00, 0x00,
    0x00, 0x00, 0x00, 0x00, 0x00, 0x00, 0x00, 0x00, 0x00, 0x00, 0x00, 0x00, 0x00, 0x00, 0x00, 0x00,
    0x01, 0x48, 0xBD, 0xFF, 0xEC, 0x94, 0x00, 0x00, 0x0A, 0xFF, 0xFF, 0xFF, 0xFF, 0xFF, 0xB1, 0x00,
    0x0A, 0xFF, 0xFF, 0xFF, 0xFF, 0xFF, 0xFA, 0x00, 0x09, 0xA5, 0x31, 0x01, 0x4B, 0xFF, 0xFF, 0x20,
    0x00, 0x00, 0x00, 0x00, 0x02, 0xFF, 0xFF, 0x50, 0x00, 0x38, 0xCE, 0xFF, 0xFF, 0xFF, 0xFF, 0x70,
    0x09, 0xFF, 0xFF, 0xFF, 0xFF, 0xFF, 0xFF, 0x70, 0x6F, 0xFF, 0xFF, 0xFF, 0xFF, 0xFF, 0xFF, 0x80,
    0xBF, 0xFF, 0xF6, 0x10, 0x02, 0xFF, 0xFF, 0x80, 0xDF, 0xFF, 0xC0, 0x00, 0x06, 0xFF, 0xFF, 0x80,
    0xCF, 0xFF, 0xE5, 0x11, 0x6E, 0xFF, 0xFF, 0x80, 0x7F, 0xFF, 0xFF, 0xFF, 0xFF, 0xFF, 0xFF, 0x80,
    0x0B, 0xFF, 0xFF, 0xFF, 0xF7, 0xFF, 0xFF, 0x80, 0x00, 0x6C, 0xEF, 0xD9, 0x31, 0xFF, 0xFF, 0x80,
    0x00, 0x00, 0x00, 0x1F, 0xFF, 0xFF, 0xF2, 0x00, 0x00, 0x00, 0x00, 0x00, 0x00, 0x6F, 0xFF, 0xFF,
    0xF8, 0x00, 0x00, 0x00, 0x00, 0x00, 0x00, 0xCF, 0xFF, 0xFF, 0xFD, 0x00, 0x00, 0x00, 0x00, 0x00,
    0x02, 0xFF, 0xFF, 0xFF, 0xFF, 0x40, 0x00, 0x00, 0x00, 0x00, 0x08, 0xFF, 0xFF, 0xEF, 0xFF, 0x90,
    0x00, 0x00, 0x00, 0x00, 0x0D, 0xFF, 0xFB, 0x9F, 0xFF, 0xE1, 0x00, 0x00, 0x00, 0x00, 0x4F, 0xFF,
    0xF5, 0x4F, 0xFF, 0xF6, 0x00, 0x00, 0x00, 0x00, 0x9F, 0xFF, 0xE1, 0x0D, 0xFF, 0xFB, 0x00, 0x00,
    0x00, 0x01, 0xEF, 0xFF, 0xA0, 0x08, 0xFF, 0xFF, 0x20, 0x00, 0x00, 0x06, 0xFF, 0xFF, 0x50, 0x03,
    0xFF, 0xFF, 0x70, 0x00, 0x00, 0x0B, 0xFF, 0xFE, 0x00, 0x00, 0xDF, 0xFF, 0xD0, 0x00, 0x00, 0x2F,
    0xFF, 0xFA, 0x00, 0x00, 0x8F, 0xFF, 0xF3, 0x00, 0x00, 0x7F, 0xFF, 0xFF, 0xFF, 0xFF, 0xFF, 0xFF,
    0xF9, 0x00, 0x00, 0xDF, 0xFF, 0xFF, 0xFF, 0xFF, 0xFF, 0xFF, 0xFE, 0x00, 0x03, 0xFF, 0xFF, 0xFF,
    0xFF, 0xFF, 0xFF, 0xFF, 0xFF, 0x50, 0x09, 0xFF, 0xFF, 0x20, 0x00, 0x00, 0x00, 0xEF, 0xFF, 0xB0,
    0x0E, 0xFF, 0xFC, 0x00, 0x00, 0x00, 0x00, 0xAF, 0xFF, 0xF1, 0x5F, 0xFF, 0xF7, 0x00, 0x00, 0x00,
    0x00, 0x6F, 0xFF, 0xF7, 0xAF, 0xFF, 0xF3, 0x00, 0x00, 0x00, 0x00, 0x1F, 0xFF, 0xFC, 0x00, 0x00,
    0x00, 0x00, 0x00, 0x00, 0x00, 0x5F, 0x70, 0x00, 0x00, 0x00, 0x00, 0x00, 0x00, 0x00, 0x01, 0xED,
    0x00, 0x00, 0x00, 0x00, 0x00, 0x00, 0x00, 0x00, 0x04, 0xFE, 0x20, 0x00, 0x00, 0x00, 0x00, 0x00,
    0x00, 0x00, 0x02, 0xFF, 0xFF, 0xF2, 0x00, 0x00, 0x00, 0x00, 0x00, 0x00, 0x00, 0x6D, 0xFF, 0xF2,
    0x01, 0x48, 0xBD, 0xFF, 0xEC, 0x94, 0x00, 0x00, 0x0A, 0xFF, 0xFF, 0xFF, 0xFF, 0xFF, 0xB1, 0x00,
    0x0A, 0xFF, 0xFF, 0xFF, 0xFF, 0xFF, 0xFA, 0x00, 0x09, 0xA5, 0x31, 0x01, 0x4B, 0xFF, 0xFF, 0x20,
    0x00, 0x00, 0x00, 0x00, 0x02, 0xFF, 0xFF, 0x50, 0x00, 0x38, 0xCE, 0xFF, 0xFF, 0xFF, 0xFF, 0x70,
    0x09, 0xFF, 0xFF, 0xFF, 0xFF, 0xFF, 0xFF, 0x70, 0x6F, 0xFF, 0xFF, 0xFF, 0xFF, 0xFF, 0xFF, 0x80,
    0xBF, 0xFF, 0xF6, 0x10, 0x02, 0xFF, 0xFF, 0x80, 0xDF, 0xFF, 0xC0, 0x00, 0x06, 0xFF, 0xFF, 0x80,
    0xCF, 0xFF, 0xE5, 0x11, 0x6E, 0xFF, 0xFF, 0x80, 0x7F, 0xFF, 0xFF, 0xFF, 0xFF, 0xFF, 0xFF, 0x80,
    0x0B, 0xFF, 0xFF, 0xFF, 0xF7, 0xFF, 0xFF, 0x80, 0x00, 0x6C, 0xEF, 0xD9, 0x31, 0xFF, 0xFF, 0x80,
    0x00, 0x00, 0x00, 0x00, 0x06, 0xF6, 0x00, 0x00, 0x00, 0x00, 0x00, 0x00, 0x2F, 0xC0, 0x00, 0x00,
    0x00, 0x00, 0x00, 0x00, 0x6F, 0xD2, 0x00, 0x00, 0x00, 0x00, 0x00, 0x00, 0x4F, 0xFF, 0xFF, 0x00,
    0x00, 0x00, 0x00, 0x00, 0x07, 0xDF, 0xFF, 0x00, 0x00, 0x00, 0x00, 0x00, 0x00, 0xBF, 0xFA, 0x00,
    0x00, 0x00, 0x00, 0x00, 0x00, 0x08, 0xFF, 0x70, 0x00, 0x00, 0x00, 0x00, 0x00, 0x00, 0x6F, 0xE5,
    0x00, 0x00, 0x00, 0x00, 0x00, 0x00, 0x00, 0x00, 0x00, 0x00, 0x00, 0x00, 0x00, 0x00, 0x00, 0x00,
    0x00, 0x00, 0x00, 0x00, 0x00, 0x00, 0x00, 0x01, 0x6A, 0xDE, 0xFE, 0xDB, 0x72, 0x00, 0x00, 0x00,
    0x7E, 0xFF, 0xFF, 0xFF, 0xFF, 0xFF, 0x60, 0x00, 0x1B, 0xFF, 0xFF, 0xFF, 0xFF, 0xFF, 0xFF, 0x60,
    0x00, 0xBF, 0xFF, 0xFE, 0x83, 0x11, 0x26, 0xDF, 0x60, 0x07, 0xFF, 0xFF, 0xE3, 0x00, 0x00, 0x00,
    0x06, 0x50, 0x0E, 0xFF, 0xFF, 0x50, 0x00, 0x00, 0x00, 0x00, 0x00, 0x4F, 0xFF, 0xFD, 0x00, 0x00,
    0x00, 0x00, 0x00, 0x00, 0x8F, 0xFF, 0xF8, 0x00, 0x00, 0x00, 0x00, 0x00, 0x00, 0x9F, 0xFF, 0xF6,
    0x00, 0x00, 0x00, 0x00, 0x00, 0x00, 0xAF, 0xFF, 0xF5, 0x00, 0x00, 0x00, 0x00, 0x00, 0x00, 0x9F,
    0xFF, 0xF6, 0x00, 0x00, 0x00, 0x00, 0x00, 0x00, 0x8F, 0xFF, 0xF8, 0x00, 0x00, 0x00, 0x00, 0x00,
    0x00, 0x4F, 0xFF, 0xFD, 0x00, 0x00, 0x00, 0x00, 0x00, 0x00, 0x0E, 0xFF, 0xFF, 0x50, 0x00, 0x00,
    0x00, 0x00, 0x00, 0x07, 0xFF, 0xFF, 0xE3, 0x00, 0x00, 0x00, 0x06, 0x50, 0x00, 0xBF, 0xFF, 0xFE,
    0x83, 0x11, 0x26, 0xDF, 0x60, 0x00, 0x1B, 0xFF, 0xFF, 0xFF, 0xFF, 0xFF, 0xFF, 0x60, 0x00, 0x00,
    0x7E, 0xFF, 0xFF, 0xFF, 0xFF, 0xFF, 0x60, 0x00, 0x00, 0x01, 0x6A, 0xDE, 0xFE, 0xDB, 0x72, 0x00,
    0x00, 0x00, 0x00, 0x00, 0x07, 0xFF, 0xD2, 0x00, 0x00, 0x00, 0x00, 0x3F, 0xFE, 0x20, 0x00, 0x00,
    0x00, 0x01, 0xDF, 0xE3, 0x00, 0x00, 0x00, 0x00, 0x09, 0xFE, 0x40, 0x00, 0x00, 0x00, 0x00, 0x5F,
    0xF4, 0x00, 0x00, 0x00, 0x00, 0x00, 0x00, 0x00, 0x00, 0x00, 0x00, 0x00, 0x00, 0x00, 0x00, 0x00,
    0x00, 0x00, 0x00, 0x6A, 0xDE, 0xFD, 0xB6, 0x10, 0x00, 0x4D, 0xFF, 0xFF, 0xFF, 0xFF, 0xA0, 0x05,
    0xFF, 0xFF, 0xFF, 0xFF, 0xFF, 0xA0, 0x1E, 0xFF, 0xFF, 0xA3, 0x01, 0x37, 0x80, 0x7F, 0xFF, 0xF9,
    0x00, 0x00, 0x00, 0x00, 0xBF, 0xFF, 0xF1, 0x00, 0x00, 0x00, 0x00, 0xDF, 0xFF, 0xD0, 0x00, 0x00,
    0x00, 0x00, 0xDF, 0xFF, 0xD0, 0x00, 0x00, 0x00, 0x00, 0xBF, 0xFF, 0xF1, 0x00, 0x00, 0x00, 0x00,
    0x7F, 0xFF, 0xF9, 0x00, 0x00, 0x00, 0x00, 0x1E, 0xFF, 0xFF, 0x93, 0x01, 0x38, 0x90, 0x05, 0xFF,
    0xFF, 0xFF, 0xFF, 0xFF, 0xA0, 0x00, 0x4E, 0xFF, 0xFF, 0xFF, 0xFF, 0xA0, 0x00, 0x01, 0x6A, 0xDE,
    0xFD, 0xB6, 0x10, 0x00, 0x00, 0x00, 0x01, 0xCF, 0xFF, 0xD2, 0x00, 0x00, 0x00, 0x00, 0x00, 0x1B,
    0xFD, 0x5C, 0xFD, 0x10, 0x00, 0x00, 0x00, 0x00, 0xBF, 0xA1, 0x00, 0x9F, 0xC1, 0x00, 0x00, 0x00,
    0x00, 0x00, 0x00, 0x00, 0x00, 0x00, 0x00, 0x00, 0x00, 0x00, 0x00, 0x00, 0x00, 0x00, 0x00, 0x00,
    0x00, 0x00, 0x01, 0x6A, 0xDE, 0xFE, 0xDB, 0x72, 0x00, 0x00, 0x00, 0x7E, 0xFF, 0xFF, 0xFF, 0xFF,
    0xFF, 0x60, 0x00, 0x1B, 0xFF, 0xFF, 0xFF, 0xFF, 0xFF, 0xFF, 0x60, 0x00, 0xBF, 0xFF, 0xFE, 0x83,
    0x11, 0x26, 0xDF, 0x60, 0x07, 0xFF, 0xFF, 0xE3, 0x00, 0x00, 0x00, 0x06, 0x50, 0x0E, 0xFF, 0xFF,
    0x50, 0x00, 0x00, 0x00, 0x00, 0x00, 0x4F, 0xFF, 0xFD, 0x00, 0x00, 0x00, 0x00, 0x00, 0x00, 0x8F,
    0xFF, 0xF8, 0x00, 0x00, 0x00, 0x00, 0x00, 0x00, 0x9F, 0xFF, 0xF6, 0x00, 0x00, 0x00, 0x00, 0x00,
    0x00, 0xAF, 0xFF, 0xF5, 0x00, 0x00, 0x00, 0x00, 0x00, 0x00, 0x9F, 0xFF, 0xF6, 0x00, 0x00, 0x00,
    0x00, 0x00, 0x00, 0x8F, 0xFF, 0xF8, 0x00, 0x00, 0x00, 0x00, 0x00, 0x00, 0x4F, 0xFF, 0xFD, 0x00,
    0x00, 0x00, 0x00, 0x00, 0x00, 0x0E, 0xFF, 0xFF, 0x50, 0x00, 0x00, 0x00, 0x00, 0x00, 0x07, 0xFF,
    0xFF, 0xE3, 0x00, 0x00, 0x00, 0x06, 0x50, 0x00, 0xBF, 0xFF, 0xFE, 0x83, 0x11, 0x26, 0xDF, 0x60,
    0x00, 0x1B, 0xFF, 0xFF, 0xFF, 0xFF, 0xFF, 0xFF, 0x60, 0x00, 0x00, 0x7E, 0xFF, 0xFF, 0xFF, 0xFF,
    0xFF, 0x60, 0x00, 0x00, 0x01, 0x6A, 0xDE, 0xFE, 0xDB, 0x72, 0x00, 0x00, 0x00, 0x00, 0x8F, 0xFF,
    0x30, 0x00, 0x00, 0x00, 0x03, 0xFF, 0xFF, 0xC0, 0x00, 0x00, 0x00, 0x0C, 0xFD, 0x5F, 0xF7, 0x00,
    0x00, 0x00, 0x7F, 0xE2, 0x06, 0xFF, 0x20, 0x00, 0x03, 0xFF, 0x30, 0x00, 0x9F, 0xB0, 0x00, 0x00,
    0x00, 0x00, 0x00, 0x00, 0x00, 0x00, 0x00, 0x00, 0x00, 0x00, 0x00, 0x00, 0x00, 0x00, 0x6A, 0xDE,
    0xFD, 0xB6, 0x10, 0x00, 0x4D, 0xFF, 0xFF, 0xFF, 0xFF, 0xA0, 0x05, 0xFF, 0xFF, 0xFF, 0xFF, 0xFF,
    0xA0, 0x1E, 0xFF, 0xFF, 0xA3, 0x01, 0x37, 0x80, 0x7F, 0xFF, 0xF9, 0x00, 0x00, 0x00, 0x00, 0xBF,
    0xFF, 0xF1, 0x00, 0x00, 0x00, 0x00, 0xDF, 0xFF, 0xD0, 0x00, 0x00, 0x00, 0x00, 0xDF, 0xFF, 0xD0,
    0x00, 0x00, 0x00, 0x00, 0xBF, 0xFF, 0xF1, 0x00, 0x00, 0x00, 0x00, 0x7F, 0xFF, 0xF9, 0x00, 0x00,
    0x00, 0x00, 0x1E, 0xFF, 0xFF, 0x93, 0x01, 0x38, 0x90, 0x05, 0xFF, 0xFF, 0xFF, 0xFF, 0xFF, 0xA0,
    0x00, 0x4E, 0xFF, 0xFF, 0xFF, 0xFF, 0xA0, 0x00, 0x01, 0x6A, 0xDE, 0xFD, 0xB6, 0x10, 0x00, 0x00,
    0x00, 0x00, 0x3F, 0xFF, 0x40, 0x00, 0x00, 0x00, 0x00, 0x00, 0x00, 0x3F, 0xFF, 0x40, 0x00, 0x00,
    0x00, 0x00, 0x00, 0x00, 0x3F, 0xFF, 0x40, 0x00, 0x00, 0x00, 0x00, 0x00, 0x00, 0x00, 0x00, 0x00,
    0x00, 0x00, 0x00, 0x00, 0x00, 0x00, 0x00, 0x00, 0x00, 0x00, 0x00, 0x00, 0x00, 0x01, 0x6A, 0xDE,
    0xFE, 0xDB, 0x72, 0x00, 0x00, 0x00, 0x7E, 0xFF, 0xFF, 0xFF, 0xFF, 0xFF, 0x60, 0x00, 0x1B, 0xFF,
    0xFF, 0xFF, 0xFF, 0xFF, 0xFF, 0x60, 0x00, 0xBF, 0xFF, 0xFE, 0x83, 0x11, 0x26, 0xDF, 0x60, 0x07,
    0xFF, 0xFF, 0xE3, 0x00, 0x00, 0x00, 0x06, 0x50, 0x0E, 0xFF, 0xFF, 0x50, 0x00, 0x00, 0x00, 0x00,
    0x00, 0x4F, 0xFF, 0xFD, 0x00, 0x00, 0x00, 0x00, 0x00, 0x00, 0x8F, 0xFF, 0xF8, 0x00, 0x00, 0x00,
    0x00, 0x00, 0x00, 0x9F, 0xFF, 0xF6, 0x00, 0x00, 0x00, 0x00, 0x00, 0x00, 0xAF, 0xFF, 0xF5, 0x00,
    0x00, 0x00, 0x00, 0x00, 0x00, 0x9F, 0xFF, 0xF6, 0x00, 0x00, 0x00, 0x00, 0x00, 0x00, 0x8F, 0xFF,
    0xF8, 0x00, 0x00, 0x00, 0x00, 0x00, 0x00, 0x4F, 0xFF, 0xFD, 0x00, 0x00, 0x00, 0x00, 0x00, 0x00,
    0x0E, 0xFF, 0xFF, 0x50, 0x00, 0x00, 0x00, 0x00, 0x00, 0x07, 0xFF, 0xFF, 0xE3, 0x00, 0x00, 0x00,
    0x06, 0x50, 0x00, 0xBF, 0xFF, 0xFE, 0x83, 0x11, 0x26, 0xDF, 0x60, 0x00, 0x1B, 0xFF, 0xFF, 0xFF,
    0xFF, 0xFF, 0xFF, 0x60, 0x00, 0x00, 0x7E, 0xFF, 0xFF, 0xFF, 0xFF, 0xFF, 0x60, 0x00, 0x00, 0x01,
    0x6A, 0xDE, 0xFE, 0xDB, 0x72, 0x00, 0x00, 0x00, 0x00, 0xFF, 0xFF, 0x90, 0x00, 0x00, 0x00, 0x00,
    0xFF, 0xFF, 0x90, 0x00, 0x00, 0x00, 0x00, 0xFF, 0xFF, 0x90, 0x00, 0x00, 0x00, 0x00, 0xFF, 0xFF,
    0x90, 0x00, 0x00, 0x00, 0x00, 0xFF, 0xFF, 0x90, 0x00, 0x00, 0x00, 0x00, 0x00, 0x00, 0x00, 0x00,
    0x00, 0x00, 0x00, 0x00, 0x00, 0x00, 0x00, 0x00, 0x00, 0x6A, 0xDE, 0xFD, 0xB6, 0x10, 0x00, 0x4D,
    0xFF, 0xFF, 0xFF, 0xFF, 0xA0, 0x05, 0xFF, 0xFF, 0xFF, 0xFF, 0xFF, 0xA0, 0x1E, 0xFF, 0xFF, 0xA3,
    0x01, 0x37, 0x80, 0x7F, 0xFF, 0xF9, 0x00, 0x00, 0x00, 0x00, 0xBF, 0xFF, 0xF1, 0x00, 0x00, 0x00,
    0x00, 0xDF, 0xFF, 0xD0, 0x00, 0x00, 0x00, 0x00, 0xDF, 0xFF, 0xD0, 0x00, 0x00, 0x00, 0x00, 0xBF,
    0xFF, 0xF1, 0x00, 0x00, 0x00, 0x00, 0x7F, 0xFF, 0xF9, 0x00, 0x00, 0x00, 0x00, 0x1E, 0xFF, 0xFF,
    0x93, 0x01, 0x38, 0x90, 0x05, 0xFF, 0xFF, 0xFF, 0xFF, 0xFF, 0xA0, 0x00, 0x4E, 0xFF, 0xFF, 0xFF,
    0xFF, 0xA0, 0x00, 0x01, 0x6A, 0xDE, 0xFD, 0xB6, 0x10, 0x00, 0x00, 0x04, 0xFE, 0x40, 0x03, 0xDF,
    0x50, 0x00, 0x00, 0x00, 0x00, 0x5F, 0xF8, 0x7F, 0xF6, 0x00, 0x00, 0x00, 0x00, 0x00, 0x06, 0xFF,
    0xFF, 0x70, 0x00, 0x00, 0x00, 0x00, 0x00, 0x00, 0x00, 0x00, 0x00, 0x00, 0x00, 0x00, 0x00, 0x00,
    0x00, 0x00, 0x00, 0x00, 0x00, 0x00, 0x00, 0x00, 0x01, 0x6A, 0xDE, 0xFE, 0xDB, 0x72, 0x00, 0x00,
    0x00, 0x7E, 0xFF, 0xFF, 0xFF, 0xFF, 0xFF, 0x60, 0x00, 0x1B, 0xFF, 0xFF, 0xFF, 0xFF, 0xFF, 0xFF,
    0x60, 0x00, 0xBF, 0xFF, 0xFE, 0x83, 0x11, 0x26, 0xDF, 0x60, 0x07, 0xFF, 0xFF, 0xE3, 0x00, 0x00,
    0x00, 0x06, 0x50, 0x0E, 0xFF, 0xFF, 0x50, 0x00, 0x00, 0x00, 0x00, 0x00, 0x4F, 0xFF, 0xFD, 0x00,
    0x00, 0x00, 0x00, 0x00, 0x00, 0x8F, 0xFF, 0xF8, 0x00, 0x00, 0x00, 0x00, 0x00, 0x00, 0x9F, 0xFF,
    0xF6, 0x00, 0x00, 0x00, 0x00, 0x00, 0x00, 0xAF, 0xFF, 0xF5, 0x00, 0x00, 0x00, 0x00, 0x00, 0x00,
    0x9F, 0xFF, 0xF6, 0x00, 0x00, 0x00, 0x00, 0x00, 0x00, 0x8F, 0xFF, 0xF8, 0x00, 0x00, 0x00, 0x00,
    0x00, 0x00, 0x4F, 0xFF, 0xFD, 0x00, 0x00, 0x00, 0x00, 0x00, 0x00, 0x0E, 0xFF, 0xFF, 0x50, 0x00,
    0x00, 0x00, 0x00, 0x00, 0x07, 0xFF, 0xFF, 0xE3, 0x00, 0x00, 0x00, 0x06, 0x50, 0x00, 0xBF, 0xFF,
    0xFE, 0x83, 0x11, 0x26, 0xDF, 0x60, 0x00, 0x1B, 0xFF, 0xFF, 0xFF, 0xFF, 0xFF, 0xFF, 0x60, 0x00,
    0x00, 0x7E, 0xFF, 0xFF, 0xFF, 0xFF, 0xFF, 0x60, 0x00, 0x00, 0x01, 0x6A, 0xDE, 0xFE, 0xDB, 0x72,
    0x00, 0x00, 0x04, 0xFE, 0x20, 0x00, 0xBF, 0x90, 0x00, 0x00, 0xAF, 0xD1, 0x08, 0xFE, 0x10, 0x00,
    0x00, 0x1E, 0xFB, 0x6F, 0xF5, 0x00, 0x00, 0x00, 0x05, 0xFF, 0xFF, 0xA0, 0x00, 0x00, 0x00, 0x00,
    0xAF, 0xFE, 0x10, 0x00, 0x00, 0x00, 0x00, 0x00, 0x00, 0x00, 0x00, 0x00, 0x00, 0x00, 0x00, 0x00,
    0x00, 0x00, 0x00, 0x00, 0x6A, 0xDE, 0xFD, 0xB6, 0x10, 0x00, 0x4D, 0xFF, 0xFF, 0xFF, 0xFF, 0xA0,
    0x05, 0xFF, 0xFF, 0xFF, 0xFF, 0xFF, 0xA0, 0x1E, 0xFF, 0xFF, 0xA3, 0x01, 0x37, 0x80, 0x7F, 0xFF,
    0xF9, 0x00, 0x00, 0x00, 0x00, 0xBF, 0xFF, 0xF1, 0x00, 0x00, 0x00, 0x00, 0xDF, 0xFF, 0xD0, 0x00,
    0x00, 0x00, 0x00, 0xDF, 0xFF, 0xD0, 0x00, 0x00, 0x00, 0x00, 0xBF, 0xFF, 0xF1, 0x00, 0x00, 0x00,
    0x00, 0x7F, 0xFF, 0xF9, 0x00, 0x00, 0x00, 0x00, 0x1E, 0xFF, 0xFF, 0x93, 0x01, 0x38, 0x90, 0x05,
    0xFF, 0xFF, 0xFF, 0xFF, 0xFF, 0xA0, 0x00, 0x4E, 0xFF, 0xFF, 0xFF, 0xFF, 0xA0, 0x00, 0x01, 0x6A,
    0xDE, 0xFD, 0xB6, 0x10, 0x00, 0x06, 0xFD, 0x30, 0x05, 0xEE, 0x40, 0x00, 0x00, 0x00, 0x00, 0x00,
    0x7F, 0xF7, 0x9F, 0xF4, 0x00, 0x00, 0x00, 0x00, 0x00, 0x00, 0x08, 0xFF, 0xFF, 0x50, 0x00, 0x00,
    0x00, 0x00, 0x00, 0x00, 0x00, 0x00, 0x00, 0x00, 0x00, 0x00, 0x00, 0x00, 0x00, 0x00, 0x00, 0x00,
    0x00, 0x00, 0x00, 0x00, 0x00, 0x00, 0x9F, 0xFF, 0xFF, 0xFE, 0xDC, 0xA7, 0x20, 0x00, 0x00, 0x00,
    0x9F, 0xFF, 0xFF, 0xFF, 0xFF, 0xFF, 0xFB, 0x20, 0x00, 0x00, 0x9F, 0xFF, 0xFF, 0xFF, 0xFF, 0xFF,
    0xFF, 0xE5, 0x00, 0x00, 0x9F, 0xFF, 0xF4, 0x01, 0x26, 0xCF, 0xFF, 0xFF, 0x40, 0x00, 0x9F, 0xFF,
    0xF4, 0x00, 0x00, 0x09, 0xFF, 0xFF, 0xE1, 0x00, 0x9F, 0xFF, 0xF4, 0x00, 0x00, 0x00, 0xCF, 0xFF,
    0xF7, 0x00, 0x9F, 0xFF, 0xF4, 0x00, 0x00, 0x00, 0x5F, 0xFF, 0xFC, 0x00, 0x9F, 0xFF, 0xF4, 0x00,
    0x00, 0x00, 0x1F, 0xFF, 0xFF, 0x10, 0x9F, 0xFF, 0xF4, 0x00, 0x00, 0x00, 0x0D, 0xFF, 0xFF, 0x20,
    0x9F, 0xFF, 0xF4, 0x00, 0x00, 0x00, 0x0C, 0xFF, 0xFF, 0x30, 0x9F, 0xFF, 0xF4, 0x00, 0x00, 0x00,
    0x0D, 0xFF, 0xFF, 0x20, 0x9F, 0xFF, 0xF4, 0x00, 0x00, 0x00, 0x1F, 0xFF, 0xFF, 0x10, 0x9F, 0xFF,
    0xF4, 0x00, 0x00, 0x00, 0x5F, 0xFF, 0xFC, 0x00, 0x9F, 0xFF, 0xF4, 0x00, 0x00, 0x00, 0xCF, 0xFF,
    0xF7, 0x00, 0x9F, 0xFF, 0xF4, 0x00, 0x00, 0x09, 0xFF, 0xFF, 0xE1, 0x00, 0x9F, 0xFF, 0xF4, 0x00,
    0x26, 0xCF, 0xFF, 0xFF, 0x40, 0x00, 0x9F, 0xFF, 0xFF, 0xFF, 0xFF, 0xFF, 0xFF, 0xE5, 0x00, 0x00,
    0x9F, 0xFF, 0xFF, 0xFF, 0xFF, 0xFF, 0xFB, 0x20, 0x00, 0x00, 0x9F, 0xFF, 0xFF, 0xFE, 0xEC, 0xA7,
    0x20, 0x00, 0x00, 0x00, 0x00, 0x00, 0x00, 0x00, 0x00, 0x2F, 0xFF, 0xF6, 0x01, 0xFF, 0xF6, 0x00,
    0x00, 0x00, 0x00, 0x00, 0x2F, 0xFF, 0xF6, 0x04, 0xFF, 0xE1, 0x00, 0x00, 0x00, 0x00, 0x00, 0x2F,
    0xFF, 0xF6, 0x07, 0xFF, 0x90, 0x00, 0x00, 0x00, 0x00, 0x00, 0x2F, 0xFF, 0xF6, 0x0A, 0xFF, 0x20,
    0x00, 0x00, 0x00, 0x00, 0x00, 0x2F, 0xFF, 0xF6, 0x0D, 0xFB, 0x00, 0x00, 0x00, 0x00, 0x00, 0x00,
    0x2F, 0xFF, 0xF6, 0x00, 0x00, 0x00, 0x00, 0x05, 0xBE, 0xFD, 0x92, 0x2F, 0xFF, 0xF6, 0x00, 0x00,
    0x00, 0x00, 0x9F, 0xFF, 0xFF, 0xFF, 0x7F, 0xFF, 0xF6, 0x00, 0x00, 0x00, 0x08, 0xFF, 0xFF, 0xFF,
    0xFF, 0xFF, 0xFF, 0xF6, 0x00, 0x00, 0x00, 0x2F, 0xFF, 0xFE, 0x51, 0x18, 0xFF, 0xFF, 0xF6, 0x00,
    0x00, 0x00, 0x7F, 0xFF, 0xF6, 0x00, 0x00, 0xAF, 0xFF, 0xF6, 0x00, 0x00, 0x00, 0xAF, 0xFF, 0xF1,
    0x00, 0x00, 0x5F, 0xFF, 0xF6, 0x00, 0x00, 0x00, 0xCF, 0xFF, 0xE0, 0x00, 0x00, 0x3F, 0xFF, 0xF6,
    0x00, 0x00, 0x00, 0xCF, 0xFF, 0xE0, 0x00, 0x00, 0x3F, 0xFF, 0xF6, 0x00, 0x00, 0x00, 0xAF, 0xFF,
    0xF1, 0x00, 0x00, 0x5F, 0xFF, 0xF6, 0x00, 0x00, 0x00, 0x7F, 0xFF, 0xF6, 0x00, 0x00, 0xAF, 0xFF,
    0xF6, 0x00, 0x00, 0x00, 0x2F, 0xFF, 0xFE, 0x51, 0x17, 0xFF, 0xFF, 0xF6, 0x00, 0x00, 0x00, 0x08,
    0xFF, 0xFF, 0xFF, 0xFF, 0xFF, 0xFF, 0xF6, 0x00, 0x00, 0x00, 0x00, 0xAF, 0xFF, 0xFF, 0xFF, 0x7F,
    0xFF, 0xF6, 0x00, 0x00, 0x00, 0x00, 0x05, 0xBE, 0xFD, 0x92, 0x2F, 0xFF, 0xF6, 0x00, 0x00, 0x00,
    0x00, 0x6F, 0xFF, 0xFF, 0xFE, 0xED, 0xB8, 0x40, 0x00, 0x00, 0x00, 0x00, 0x6F, 0xFF, 0xFF, 0xFF,
    0xFF, 0xFF, 0xFC, 0x40, 0x00, 0x00, 0x00, 0x6F, 0xFF, 0xFF, 0xFF, 0xFF, 0xFF, 0xFF, 0xF8, 0x00,
    0x00, 0x00, 0x6F, 0xFF, 0xF8, 0x00, 0x25, 0xBF, 0xFF, 0xFF, 0x70, 0x00, 0x00, 0x6F, 0xFF, 0xF8,
    0x00, 0x00, 0x06, 0xFF, 0xFF, 0xF3, 0x00, 0x00, 0x6F, 0xFF, 0xF8, 0x00, 0x00, 0x00, 0x9F, 0xFF,
    0xFB, 0x00, 0x00, 0x6F, 0xFF, 0xF8, 0x00, 0x00, 0x00, 0x1F, 0xFF, 0xFF, 0x10, 0x00, 0x6F, 0xFF,
    0xF8, 0x00, 0x00, 0x00, 0x0C, 0xFF, 0xFF, 0x40, 0x9F, 0xFF, 0xFF, 0xFF, 0xFF, 0x80, 0x00, 0x0A,
    0xFF, 0xFF, 0x60, 0x9F, 0xFF, 0xFF, 0xFF, 0xFF, 0x80, 0x00, 0x09, 0xFF, 0xFF, 0x70, 0x9F, 0xFF,
    0xFF, 0xFF, 0xFF, 0x80, 0x00, 0x0A, 0xFF, 0xFF, 0x60, 0x00, 0x6F, 0xFF, 0xF8, 0x00, 0x00, 0x00,
    0x0C, 0xFF, 0xFF, 0x40, 0x00, 0x6F, 0xFF, 0xF8, 0x00, 0x00, 0x00, 0x2F, 0xFF, 0xFF, 0x10, 0x00,
    0x6F, 0xFF, 0xF8, 0x00, 0x00, 0x00, 0x9F, 0xFF, 0xFB, 0x00, 0x00, 0x6F, 0xFF, 0xF8, 0x00, 0x00,
    0x06, 0xFF, 0xFF, 0xF3, 0x00, 0x00, 0x6F, 0xFF, 0xF8, 0x00, 0x15, 0xBF, 0xFF, 0xFF, 0x70, 0x00,
    0x00, 0x6F, 0xFF, 0xFF, 0xFF, 0xFF, 0xFF, 0xFF, 0xF8, 0x00, 0x00, 0x00, 0x6F, 0xFF, 0xFF, 0xFF,
    0xFF, 0xFF, 0xFC, 0x40, 0x00, 0x00, 0x00, 0x6F, 0xFF, 0xFF, 0xFF, 0xED, 0xB8, 0x40, 0x00, 0x00,
    0x00, 0x00, 0x00, 0x00, 0x00, 0x00, 0x2F, 0xFF, 0xF6, 0x00, 0x00, 0x00, 0x00, 0x00, 0x00, 0x2F,
    0xFF, 0xF6, 0x00, 0x00, 0x00, 0x00, 0x4F, 0xFF, 0xFF, 0xFF, 0xFF, 0xF6, 0x00, 0x00, 0x00, 0x4F,
    0xFF, 0xFF, 0xFF, 0xFF, 0xF6, 0x00, 0x00, 0x00, 0x4F, 0xFF, 0xFF, 0xFF, 0xFF, 0xF6, 0x00, 0x00,
    0x00, 0x00, 0x00, 0x2F, 0xFF, 0xF6, 0x00, 0x00, 0x05, 0xBE, 0xFD, 0x92, 0x2F, 0xFF, 0xF6, 0x00,
    0x00, 0x9F, 0xFF, 0xFF, 0xFF, 0x7F, 0xFF, 0xF6, 0x00, 0x08, 0xFF, 0xFF, 0xFF, 0xFF, 0xFF, 0xFF,
    0xF6, 0x00, 0x2F, 0xFF, 0xFE, 0x51, 0x18, 0xFF, 0xFF, 0xF6, 0x00, 0x7F, 0xFF, 0xF6, 0x00, 0x00,
    0xAF, 0xFF, 0xF6, 0x00, 0xAF, 0xFF, 0xF1, 0x00, 0x00, 0x5F, 0xFF, 0xF6, 0x00, 0xCF, 0xFF, 0xE0,
    0x00, 0x00, 0x3F, 0xFF, 0xF6, 0x00, 0xCF, 0xFF, 0xE0, 0x00, 0x00, 0x3F, 0xFF, 0xF6, 0x00, 0xAF,
    0xFF, 0xF1, 0x00, 0x00, 0x5F, 0xFF, 0xF6, 0x00, 0x7F, 0xFF, 0xF6, 0x00, 0x00, 0xAF, 0xFF, 0xF6,
    0x00, 0x2F, 0xFF, 0xFE, 0x51, 0x17, 0xFF, 0xFF, 0xF6, 0x00, 0x08, 0xFF, 0xFF, 0xFF, 0xFF, 0xFF,
    0xFF, 0xF6, 0x00, 0x00, 0xAF, 0xFF, 0xFF, 0xFF, 0x7F, 0xFF, 0xF6, 0x00, 0x00, 0x05, 0xBE, 0xFD,
    0x92, 0x2F, 0xFF, 0xF6, 0x00, 0x00, 0x0F, 0xFF, 0xFF, 0xFF, 0xF0, 0x00, 0x00, 0x0F, 0xFF, 0xFF,
    0xFF, 0xF0, 0x00, 0x00, 0x00, 0x00, 0x00, 0x00, 0x00, 0x00, 0x00, 0x00, 0x00, 0x00, 0x00, 0x00,
    0x00, 0x00, 0x00, 0x00, 0x00, 0x00, 0x00, 0x00, 0x9F, 0xFF, 0xFF, 0xFF, 0xFF, 0xFF, 0xF9, 0x9F,
    0xFF, 0xFF, 0xFF, 0xFF, 0xFF, 0xF9, 0x9F, 0xFF, 0xFF, 0xFF, 0xFF, 0xFF, 0xF9, 0x9F, 0xFF, 0xF4,
    0x00, 0x00, 0x00, 0x00, 0x9F, 0xFF, 0xF4, 0x00, 0x00, 0x00, 0x00, 0x9F, 0xFF, 0xF4, 0x00, 0x00,
    0x00, 0x00, 0x9F, 0xFF, 0xF4, 0x00, 0x00, 0x00, 0x00, 0x9F, 0xFF, 0xFF, 0xFF, 0xFF, 0xFF, 0xF1,
    0x9F, 0xFF, 0xFF, 0xFF, 0xFF, 0xFF, 0xF1, 0x9F, 0xFF, 0xFF, 0xFF, 0xFF, 0xFF, 0xF1, 0x9F, 0xFF,
    0xF4, 0x00, 0x00, 0x00, 0x00, 0x9F, 0xFF, 0xF4, 0x00, 0x00, 0x00, 0x00, 0x9F, 0xFF, 0xF4, 0x00,
    0x00, 0x00, 0x00, 0x9F, 0xFF, 0xF4, 0x00, 0x00, 0x00, 0x00, 0x9F, 0xFF, 0xF4, 0x00, 0x00, 0x00,
    0x00, 0x9F, 0xFF, 0xF4, 0x00, 0x00, 0x00, 0x00, 0x9F, 0xFF, 0xFF, 0xFF, 0xFF, 0xFF, 0xFD, 0x9F,
    0xFF, 0xFF, 0xFF, 0xFF, 0xFF, 0xFD, 0x9F, 0xFF, 0xFF, 0xFF, 0xFF, 0xFF, 0xFD, 0x00, 0x04, 0xFF,
    0xFF, 0xFF, 0xFB, 0x00, 0x00, 0x00, 0x04, 0xFF, 0xFF, 0xFF, 0xFB, 0x00, 0x00, 0x00, 0x00, 0x00,
    0x00, 0x00, 0x00, 0x00, 0x00, 0x00, 0x00, 0x00, 0x00, 0x00, 0x00, 0x00, 0x00, 0x00, 0x00, 0x00,
    0x00, 0x00, 0x00, 0x00, 0x00, 0x00, 0x00, 0x00, 0x00, 0x00, 0x00, 0x00, 0x00, 0x00, 0x01, 0x6B,
    0xDE, 0xED, 0x93, 0x00, 0x00, 0x00, 0x5E, 0xFF, 0xFF, 0xFF, 0xFF, 0x90, 0x00, 0x05, 0xFF, 0xFF,
    0xFF, 0xFF, 0xFF, 0xFA, 0x00, 0x1E, 0xFF, 0xFE, 0x61, 0x28, 0xFF, 0xFF, 0x60, 0x7F, 0xFF, 0xF5,
    0x00, 0x00, 0xAF, 0xFF, 0xD0, 0xBF, 0xFF, 0xE0, 0x00, 0x00, 0x6F, 0xFF, 0xF2, 0xDF, 0xFF, 0xFF,
    0xFF, 0xFF, 0xFF, 0xFF, 0xF4, 0xDF, 0xFF, 0xFF, 0xFF, 0xFF, 0xFF, 0xFF, 0xF5, 0xBF, 0xFF, 0xFF,
    0xFF, 0xFF, 0xFF, 0xFF, 0xF6, 0x7F, 0xFF, 0xE1, 0x00, 0x00, 0x00, 0x00, 0x00, 0x1E, 0xFF, 0xFC,
    0x51, 0x01, 0x24, 0x7B, 0xA0, 0x05, 0xFF, 0xFF, 0xFF, 0xFF, 0xFF, 0xFF, 0xB0, 0x00, 0x5E, 0xFF,
    0xFF, 0xFF, 0xFF, 0xFF, 0xB0, 0x00, 0x01, 0x6A, 0xDE, 0xFE, 0xCB, 0x84, 0x10, 0x00, 0x5F, 0xB3,
    0x01, 0x5F, 0xD0, 0x00, 0x00, 0x0C, 0xFF, 0xFF, 0xFF, 0x60, 0x00, 0x00, 0x01, 0x8D, 0xEE, 0xB5,
    0x00, 0x00, 0x00, 0x00, 0x00, 0x00, 0x00, 0x00, 0x00, 0x00, 0x00, 0x00, 0x00, 0x00, 0x00, 0x00,
    0x9F, 0xFF, 0xFF, 0xFF, 0xFF, 0xFF, 0xF9, 0x9F, 0xFF, 0xFF, 0xFF, 0xFF, 0xFF, 0xF9, 0x9F, 0xFF,
    0xFF, 0xFF, 0xFF, 0xFF, 0xF9, 0x9F, 0xFF, 0xF4, 0x00, 0x00, 0x00, 0x00, 0x9F, 0xFF, 0xF4, 0x00,
    0x00, 0x00, 0x00, 0x9F, 0xFF, 0xF4, 0x00, 0x00, 0x00, 0x00, 0x9F, 0xFF, 0xF4, 0x00, 0x00, 0x00,
    0x00, 0x9F, 0xFF, 0xFF, 0xFF, 0xFF, 0xFF, 0xF1, 0x9F, 0xFF, 0xFF, 0xFF, 0xFF, 0xFF, 0xF1, 0x9F,
    0xFF, 0xFF, 0xFF, 0xFF, 0xFF, 0xF1, 0x9F, 0xFF, 0xF4, 0x00, 0x00, 0x00, 0x00, 0x9F, 0xFF, 0xF4,
    0x00, 0x00, 0x00, 0x00, 0x9F, 0xFF, 0xF4, 0x00, 0x00, 0x00, 0x00, 0x9F, 0xFF, 0xF4, 0x00, 0x00,
    0x00, 0x00, 0x9F, 0xFF, 0xF4, 0x00, 0x00, 0x00, 0x00, 0x9F, 0xFF, 0xF4, 0x00, 0x00, 0x00, 0x00,
    0x9F, 0xFF, 0xFF, 0xFF, 0xFF, 0xFF, 0xFD, 0x9F, 0xFF, 0xFF, 0xFF, 0xFF, 0xFF, 0xFD, 0x9F, 0xFF,
    0xFF, 0xFF, 0xFF, 0xFF, 0xFD, 0x00, 0x00, 0xEE, 0x00, 0x00, 0x7F, 0x70, 0x00, 0x00, 0x00, 0xBF,
    0xA2, 0x14, 0xEF, 0x30, 0x00, 0x00, 0x00, 0x4F, 0xFF, 0xFF, 0xFB, 0x00, 0x00, 0x00, 0x00, 0x03,
    0xBE, 0xFD, 0x80, 0x00, 0x00, 0x00, 0x00, 0x00, 0x00, 0x00, 0x00, 0x00, 0x00, 0x00, 0x00, 0x00,
    0x00, 0x00, 0x00, 0x00, 0x00, 0x00, 0x01, 0x6B, 0xDE, 0xED, 0x93, 0x00, 0x00, 0x00, 0x5E, 0xFF,
    0xFF, 0xFF, 0xFF, 0x90, 0x00, 0x05, 0xFF, 0xFF, 0xFF, 0xFF, 0xFF, 0xFA, 0x00, 0x1E, 0xFF, 0xFE,
    0x61, 0x28, 0xFF, 0xFF, 0x60, 0x7F, 0xFF, 0xF5, 0x00, 0x00, 0xAF, 0xFF, 0xD0, 0xBF, 0xFF, 0xE0,
    0x00, 0x00, 0x6F, 0xFF, 0xF2, 0xDF, 0xFF, 0xFF, 0xFF, 0xFF, 0xFF, 0xFF, 0xF4, 0xDF, 0xFF, 0xFF,
    0xFF, 0xFF, 0xFF, 0xFF, 0xF5, 0xBF, 0xFF, 0xFF, 0xFF, 0xFF, 0xFF, 0xFF, 0xF6, 0x7F, 0xFF, 0xE1,
    0x00, 0x00, 0x00, 0x00, 0x00, 0x1E, 0xFF, 0xFC, 0x51, 0x01, 0x24, 0x7B, 0xA0, 0x05, 0xFF, 0xFF,
    0xFF, 0xFF, 0xFF, 0xFF, 0xB0, 0x00, 0x5E, 0xFF, 0xFF, 0xFF, 0xFF, 0xFF, 0xB0, 0x00, 0x01, 0x6A,
    0xDE, 0xFE, 0xCB, 0x84, 0x10, 0x00, 0x00, 0x0E, 0xFF, 0x80, 0x00, 0x00, 0x00, 0x00, 0x0E, 0xFF,
    0x80, 0x00, 0x00, 0x00, 0x00, 0x0E, 0xFF, 0x80, 0x00, 0x00, 0x00, 0x00, 0x00, 0x00, 0x00, 0x00,
    0x00, 0x00, 0x00, 0x00, 0x00, 0x00, 0x00, 0x00, 0x9F, 0xFF, 0xFF, 0xFF, 0xFF, 0xFF, 0xF9, 0x9F,
    0xFF, 0xFF, 0xFF, 0xFF, 0xFF, 0xF9, 0x9F, 0xFF, 0xFF, 0xFF, 0xFF, 0xFF, 0xF9, 0x9F, 0xFF, 0xF4,
    0x00, 0x00, 0x00, 0x00, 0x9F, 0xFF, 0xF4, 0x00, 0x00, 0x00, 0x00, 0x9F, 0xFF, 0xF4, 0x00, 0x00,
    0x00, 0x00, 0x9F, 0xFF, 0xF4, 0x00, 0x00, 0x00, 0x00, 0x9F, 0xFF, 0xFF, 0xFF, 0xFF, 0xFF, 0xF1,
    0x9F, 0xFF, 0xFF, 0xFF, 0xFF, 0xFF, 0xF1, 0x9F, 0xFF, 0xFF, 0xFF, 0xFF, 0xFF, 0xF1, 0x9F, 0xFF,
    0xF4, 0x00, 0x00, 0x00, 0x00, 0x9F, 0xFF, 0xF4, 0x00, 0x00, 0x00, 0x00, 0x9F, 0xFF, 0xF4, 0x00,
    0x00, 0x00, 0x00, 0x9F, 0xFF, 0xF4, 0x00, 0x00, 0x00, 0x00, 0x9F, 0xFF, 0xF4, 0x00, 0x00, 0x00,
    0x00, 0x9F, 0xFF, 0xF4, 0x00, 0x00, 0x00, 0x00, 0x9F, 0xFF, 0xFF, 0xFF, 0xFF, 0xFF, 0xFD, 0x9F,
    0xFF, 0xFF, 0xFF, 0xFF, 0xFF, 0xFD, 0x9F, 0xFF, 0xFF, 0xFF, 0xFF, 0xFF, 0xFD, 0x00, 0x00, 0x00,
    0xFF, 0xFF, 0x80, 0x00, 0x00, 0x00, 0x00, 0x00, 0xFF, 0xFF, 0x80, 0x00, 0x00, 0x00, 0x00, 0x00,
    0xFF, 0xFF, 0x80, 0x00, 0x00, 0x00, 0x00, 0x00, 0xFF, 0xFF, 0x80, 0x00, 0x00, 0x00, 0x00, 0x00,
    0xFF, 0xFF, 0x80, 0x00, 0x00, 0x00, 0x00, 0x00, 0x00, 0x00, 0x00, 0x00, 0x00, 0x00, 0x00, 0x00,
    0x00, 0x00, 0x00, 0x00, 0x00, 0x00, 0x01, 0x6B, 0xDE, 0xED, 0x93, 0x00, 0x00, 0x00, 0x5E, 0xFF,
    0xFF, 0xFF, 0xFF, 0x90, 0x00, 0x05, 0xFF, 0xFF, 0xFF, 0xFF, 0xFF, 0xFA, 0x00, 0x1E, 0xFF, 0xFE,
    0x61, 0x28, 0xFF, 0xFF, 0x60, 0x7F, 0xFF, 0xF5, 0x00, 0x00, 0xAF, 0xFF, 0xD0, 0xBF, 0xFF, 0xE0,
    0x00, 0x00, 0x6F, 0xFF, 0xF2, 0xDF, 0xFF, 0xFF, 0xFF, 0xFF, 0xFF, 0xFF, 0xF4, 0xDF, 0xFF, 0xFF,
    0xFF, 0xFF, 0xFF, 0xFF, 0xF5, 0xBF, 0xFF, 0xFF, 0xFF, 0xFF, 0xFF, 0xFF, 0xF6, 0x7F, 0xFF, 0xE1,
    0x00, 0x00, 0x00, 0x00, 0x00, 0x1E, 0xFF, 0xFC, 0x51, 0x01, 0x24, 0x7B, 0xA0, 0x05, 0xFF, 0xFF,
    0xFF, 0xFF, 0xFF, 0xFF, 0xB0, 0x00, 0x5E, 0xFF, 0xFF, 0xFF, 0xFF, 0xFF, 0xB0, 0x00, 0x01, 0x6A,
    0xDE, 0xFE, 0xCB, 0x84, 0x10, 0x9F, 0xFF, 0xFF, 0xFF, 0xFF, 0xFF, 0xF9, 0x9F, 0xFF, 0xFF, 0xFF,
    0xFF, 0xFF, 0xF9, 0x9F, 0xFF, 0xFF, 0xFF, 0xFF, 0xFF, 0xF9, 0x9F, 0xFF, 0xF4, 0x00, 0x00, 0x00,
    0x00, 0x9F, 0xFF, 0xF4, 0x00, 0x00, 0x00, 0x00, 0x9F, 0xFF, 0xF4, 0x00, 0x00, 0x00, 0x00, 0x9F,
    0xFF, 0xF4, 0x00, 0x00, 0x00, 0x00, 0x9F, 0xFF, 0xFF, 0xFF, 0xFF, 0xFF, 0xF1, 0x9F, 0xFF, 0xFF,
    0xFF, 0xFF, 0xFF, 0xF1, 0x9F, 0xFF, 0xFF, 0xFF, 0xFF, 0xFF, 0xF1, 0x9F, 0xFF, 0xF4, 0x00, 0x00,
    0x00, 0x00, 0x9F, 0xFF, 0xF4, 0x00, 0x00, 0x00, 0x00, 0x9F, 0xFF, 0xF4, 0x00, 0x00, 0x00, 0x00,
    0x9F, 0xFF, 0xF4, 0x00, 0x00, 0x00, 0x00, 0x9F, 0xFF, 0xF4, 0x00, 0x00, 0x00, 0x00, 0x9F, 0xFF,
    0xF4, 0x00, 0x00, 0x00, 0x00, 0x9F, 0xFF, 0xFF, 0xFF, 0xFF, 0xFF, 0xFD, 0x9F, 0xFF, 0xFF, 0xFF,
    0xFF, 0xFF, 0xFD, 0x9F, 0xFF, 0xFF, 0xFF, 0xFF, 0xFF, 0xFD, 0x00, 0x00, 0x00, 0x00, 0x09, 0xF4,
    0x00, 0x00, 0x00, 0x00, 0x00, 0x3F, 0xA0, 0x00, 0x00, 0x00, 0x00, 0x00, 0x8F, 0xB1, 0x00, 0x00,
    0x00, 0x00, 0x00, 0x6F, 0xFF, 0xFD, 0x00, 0x00, 0x00, 0x00, 0x08, 0xDF, 0xFD, 0x00, 0x01, 0x6B,
    0xDE, 0xED, 0x93, 0x00, 0x00, 0x00, 0x5E, 0xFF, 0xFF, 0xFF, 0xFF, 0x90, 0x00, 0x05, 0xFF, 0xFF,
    0xFF, 0xFF, 0xFF, 0xFA, 0x00, 0x1E, 0xFF, 0xFE, 0x61, 0x28, 0xFF, 0xFF, 0x60, 0x7F, 0xFF, 0xF5,
    0x00, 0x00, 0xAF, 0xFF, 0xD0, 0xBF, 0xFF, 0xE0, 0x00, 0x00, 0x6F, 0xFF, 0xF2, 0xDF, 0xFF, 0xFF,
    0xFF, 0xFF, 0xFF, 0xFF, 0xF4, 0xDF, 0xFF, 0xFF, 0xFF, 0xFF, 0xFF, 0xFF, 0xF5, 0xBF, 0xFF, 0xFF,
    0xFF, 0xFF, 0xFF, 0xFF, 0xF6, 0x7F, 0xFF, 0xE1, 0x00, 0x00, 0x00, 0x00, 0x00, 0x1E, 0xFF, 0xFC,
    0x51, 0x01, 0x24, 0x7B, 0xA0, 0x05, 0xFF, 0xFF, 0xFF, 0xFF, 0xFF, 0xFF, 0xB0, 0x00, 0x5E, 0xFF,
    0xFF, 0xFF, 0xFF, 0xFF, 0xB0, 0x00, 0x01, 0x6A, 0xDE, 0xFE, 0xCB, 0x84, 0x10, 0x00, 0x00, 0x00,
    0x00, 0x07, 0xF5, 0x00, 0x00, 0x00, 0x00, 0x00, 0x00, 0x2F, 0xC0, 0x00, 0x00, 0x00, 0x00, 0x00,
    0x00, 0x6F, 0xC1, 0x00, 0x00, 0x00, 0x00, 0x00, 0x00, 0x4F, 0xFF, 0xFF, 0x00, 0x00, 0x00, 0x00,
    0x00, 0x07, 0xDF, 0xFF, 0x00, 0x00, 0x4F, 0xE4, 0x00, 0x3D, 0xF5, 0x00, 0x00, 0x05, 0xFF, 0x87,
    0xFF, 0x60, 0x00, 0x00, 0x00, 0x6F, 0xFF, 0xF7, 0x00, 0x00, 0x00, 0x00, 0x00, 0x00, 0x00, 0x00,
    0x00, 0x00, 0x00, 0x00, 0x00, 0x00, 0x00, 0x00, 0x9F, 0xFF, 0xFF, 0xFF, 0xFF, 0xFF, 0xF9, 0x9F,
    0xFF, 0xFF, 0xFF, 0xFF, 0xFF, 0xF9, 0x9F, 0xFF, 0xFF, 0xFF, 0xFF, 0xFF, 0xF9, 0x9F, 0xFF, 0xF4,
    0x00, 0x00, 0x00, 0x00, 0x9F, 0xFF, 0xF4, 0x00, 0x00, 0x00, 0x00, 0x9F, 0xFF, 0xF4, 0x00, 0x00,
    0x00, 0x00, 0x9F, 0xFF, 0xF4, 0x00, 0x00, 0x00, 0x00, 0x9F, 0xFF, 0xFF, 0xFF, 0xFF, 0xFF, 0xF1,
    0x9F, 0xFF, 0xFF, 0xFF, 0xFF, 0xFF, 0xF1, 0x9F, 0xFF, 0xFF, 0xFF, 0xFF, 0xFF, 0xF1, 0x9F, 0xFF,
    0xF4, 0x00, 0x00, 0x00, 0x00, 0x9F, 0xFF, 0xF4, 0x00, 0x00, 0x00, 0x00, 0x9F, 0xFF, 0xF4, 0x00,
    0x00, 0x00, 0x00, 0x9F, 0xFF, 0xF4, 0x00, 0x00, 0x00, 0x00, 0x9F, 0xFF, 0xF4, 0x00, 0x00, 0x00,
    0x00, 0x9F, 0xFF, 0xF4, 0x00, 0x00, 0x00, 0x00, 0x9F, 0xFF, 0xFF, 0xFF, 0xFF, 0xFF, 0xFD, 0x9F,
    0xFF, 0xFF, 0xFF, 0xFF, 0xFF, 0xFD, 0x9F, 0xFF, 0xFF, 0xFF, 0xFF, 0xFF, 0xFD, 0x00, 0x04, 0xFE,
    0x20, 0x00, 0xBF, 0x90, 0x00, 0x00, 0x00, 0xAF, 0xD1, 0x08, 0xFE, 0x10, 0x00, 0x00, 0x00, 0x1E,
    0xFB, 0x6F, 0xF5, 0x00, 0x00, 0x00, 0x00, 0x05, 0xFF, 0xFF, 0xA0, 0x00, 0x00, 0x00, 0x00, 0x00,
    0xAF, 0xFE, 0x10, 0x00, 0x00, 0x00, 0x00, 0x00, 0x00, 0x00, 0x00, 0x00, 0x00, 0x00, 0x00, 0x00,
    0x00, 0x00, 0x00, 0x00, 0x00, 0x00, 0x01, 0x6B, 0xDE, 0xED, 0x93, 0x00, 0x00, 0x00, 0x5E, 0xFF,
    0xFF, 0xFF, 0xFF, 0x90, 0x00, 0x05, 0xFF, 0xFF, 0xFF, 0xFF, 0xFF, 0xFA, 0x00, 0x1E, 0xFF, 0xFE,
    0x61, 0x28, 0xFF, 0xFF, 0x60, 0x7F, 0xFF, 0xF5, 0x00, 0x00, 0xAF, 0xFF, 0xD0, 0xBF, 0xFF, 0xE0,
    0x00, 0x00, 0x6F, 0xFF, 0xF2, 0xDF, 0xFF, 0xFF, 0xFF, 0xFF, 0xFF, 0xFF, 0xF4, 0xDF, 0xFF, 0xFF,
    0xFF, 0xFF, 0xFF, 0xFF, 0xF5, 0xBF, 0xFF, 0xFF, 0xFF, 0xFF, 0xFF, 0xFF, 0xF6, 0x7F, 0xFF, 0xE1,
    0x00, 0x00, 0x00, 0x00, 0x00, 0x1E, 0xFF, 0xFC, 0x51, 0x01, 0x24, 0x7B, 0xA0, 0x05, 0xFF, 0xFF,
    0xFF, 0xFF, 0xFF, 0xFF, 0xB0, 0x00, 0x5E, 0xFF, 0xFF, 0xFF, 0xFF, 0xFF, 0xB0, 0x00, 0x01, 0x6A,
    0xDE, 0xFE, 0xCB, 0x84, 0x10, 0x00, 0x00, 0x00, 0x00, 0x9F, 0xFF, 0xF4, 0x00, 0x00, 0x00, 0x00,
    0x00, 0x00, 0x08, 0xFE, 0x6A, 0xFE, 0x40, 0x00, 0x00, 0x00, 0x00, 0x00, 0x7F, 0xC3, 0x00, 0x6E,
    0xE3, 0x00, 0x00, 0x00, 0x00, 0x00, 0x00, 0x00, 0x00, 0x00, 0x00, 0x00, 0x00, 0x00, 0x00, 0x00,
    0x00, 0x00, 0x00, 0x00, 0x00, 0x00, 0x00, 0x00, 0x00, 0x00, 0x59, 0xCE, 0xFF, 0xEC, 0xA7, 0x30,
    0x00, 0x00, 0x00, 0x7E, 0xFF, 0xFF, 0xFF, 0xFF, 0xFF, 0xFA, 0x00, 0x00, 0x1B, 0xFF, 0xFF, 0xFF,
    0xFF, 0xFF, 0xFF, 0xFB, 0x00, 0x00, 0xBF, 0xFF, 0xFF, 0x94, 0x10, 0x14, 0x8D, 0xFB, 0x00, 0x06,
    0xFF, 0xFF, 0xE3, 0x00, 0x00, 0x00, 0x00, 0x59, 0x00, 0x0E, 0xFF, 0xFF, 0x50, 0x00, 0x00, 0x00,
    0x00, 0x00, 0x00, 0x4F, 0xFF, 0xFD, 0x00, 0x00, 0x00, 0x00, 0x00, 0x00, 0x00, 0x8F, 0xFF, 0xF8,
    0x00, 0x00, 0x00, 0x00, 0x00, 0x00, 0x00, 0x9F, 0xFF, 0xF6, 0x00, 0x00, 0x3F, 0xFF, 0xFF, 0xFF,
    0x60, 0xAF, 0xFF, 0xF5, 0x00, 0x00, 0x3F, 0xFF, 0xFF, 0xFF, 0x60, 0x9F, 0xFF, 0xF6, 0x00, 0x00,
    0x3F, 0xFF, 0xFF, 0xFF, 0x60, 0x8F, 0xFF, 0xF8, 0x00, 0x00, 0x00, 0x03, 0xFF, 0xFF, 0x60, 0x4F,
    0xFF, 0xFC, 0x00, 0x00, 0x00, 0x03, 0xFF, 0xFF, 0x60, 0x0E, 0xFF, 0xFF, 0x50, 0x00, 0x00, 0x03,
    0xFF, 0xFF, 0x60, 0x07, 0xFF, 0xFF, 0xE3, 0x00, 0x00, 0x03, 0xFF, 0xFF, 0x60, 0x00, 0xBF, 0xFF,
    0xFE, 0x83, 0x10, 0x27, 0xFF, 0xFF, 0x60, 0x00, 0x1B, 0xFF, 0xFF, 0xFF, 0xFF, 0xFF, 0xFF, 0xFF,
    0x60, 0x00, 0x00, 0x7E, 0xFF, 0xFF, 0xFF, 0xFF, 0xFF, 0xFC, 0x40, 0x00, 0x00, 0x01, 0x6A, 0xDE,
    0xFE, 0xEC, 0xA6, 0x20, 0x00, 0x00, 0x00, 0x01, 0xEF, 0xFB, 0x00, 0x00, 0x00, 0x00, 0x00, 0x0A,
    0xFF, 0xFF, 0x50, 0x00, 0x00, 0x00, 0x00, 0x4F, 0xF7, 0xBF, 0xE1, 0x00, 0x00, 0x00, 0x01, 0xDF,
    0x90, 0x1C, 0xFA, 0x00, 0x00, 0x00, 0x09, 0xFB, 0x00, 0x02, 0xEF, 0x50, 0x00, 0x00, 0x00, 0x00,
    0x00, 0x00, 0x00, 0x00, 0x00, 0x00, 0x00, 0x00, 0x00, 0x00, 0x00, 0x00, 0x00, 0x00, 0x05, 0xBE,
    0xFD, 0x92, 0x2F, 0xFF, 0xF6, 0x00, 0x9F, 0xFF, 0xFF, 0xFF, 0x7F, 0xFF, 0xF6, 0x08, 0xFF, 0xFF,
    0xFF, 0xFF, 0xFF, 0xFF, 0xF6, 0x2F, 0xFF, 0xFE, 0x51, 0x18, 0xFF, 0xFF, 0xF6, 0x7F, 0xFF, 0xF7,
    0x00, 0x00, 0xBF, 0xFF, 0xF6, 0xAF, 0xFF, 0xF1, 0x00, 0x00, 0x5F, 0xFF, 0xF6, 0xCF, 0xFF, 0xE0,
    0x00, 0x00, 0x3F, 0xFF, 0xF6, 0xCF, 0xFF, 0xE0, 0x00, 0x00, 0x3F, 0xFF, 0xF6, 0xAF, 0xFF, 0xF1,
    0x00, 0x00, 0x5F, 0xFF, 0xF6, 0x7F, 0xFF, 0xF6, 0x00, 0x00, 0xBF, 0xFF, 0xF6, 0x2F, 0xFF, 0xFE,
    0x51, 0x18, 0xFF, 0xFF, 0xF6, 0x08, 0xFF, 0xFF, 0xFF, 0xFF, 0xFF, 0xFF, 0xF6, 0x00, 0x9F, 0xFF,
    0xFF, 0xFF, 0x7F, 0xFF, 0xF6, 0x00, 0x05, 0xBE, 0xFD, 0x92, 0x3F, 0xFF, 0xF5, 0x00, 0x00, 0x00,
    0x00, 0x00, 0x9F, 0xFF, 0xF3, 0x01, 0xC7, 0x32, 0x01, 0x39, 0xFF, 0xFF, 0xC0, 0x01, 0xFF, 0xFF,
    0xFF, 0xFF, 0xFF, 0xFE, 0x30, 0x01, 0xFF, 0xFF, 0xFF, 0xFF, 0xFF, 0xD3, 0x00, 0x00, 0x37, 0xBD,
    0xEF, 0xEC, 0x95, 0x00, 0x00, 0x00, 0x00, 0x0B, 0xF7, 0x10, 0x2A, 0xF7, 0x00, 0x00, 0x00, 0x00,
    0x00, 0x04, 0xFF, 0xFF, 0xFF, 0xD2, 0x00, 0x00, 0x00, 0x00, 0x00, 0x00, 0x4B, 0xEF, 0xD9, 0x20,
    0x00, 0x00, 0x00, 0x00, 0x00, 0x00, 0x00, 0x00, 0x00, 0x00, 0x00, 0x00, 0x00, 0x00, 0x00, 0x00,
    0x00, 0x00, 0x00, 0x00, 0x00, 0x00, 0x00, 0x00, 0x00, 0x00, 0x59, 0xCE, 0xFF, 0xEC, 0xA7, 0x30,
    0x00, 0x00, 0x00, 0x7E, 0xFF, 0xFF, 0xFF, 0xFF, 0xFF, 0xFA, 0x00, 0x00, 0x1B, 0xFF, 0xFF, 0xFF,
    0xFF, 0xFF, 0xFF, 0xFB, 0x00, 0x00, 0xBF, 0xFF, 0xFF, 0x94, 0x10, 0x14, 0x8D, 0xFB, 0x00, 0x06,
    0xFF, 0xFF, 0xE3, 0x00, 0x00, 0x00, 0x00, 0x59, 0x00, 0x0E, 0xFF, 0xFF, 0x50, 0x00, 0x00, 0x00,
    0x00, 0x00, 0x00, 0x4F, 0xFF, 0xFD, 0x00, 0x00, 0x00, 0x00, 0x00, 0x00, 0x00, 0x8F, 0xFF, 0xF8,
    0x00, 0x00, 0x00, 0x00, 0x00, 0x00, 0x00, 0x9F, 0xFF, 0xF6, 0x00, 0x00, 0x3F, 0xFF, 0xFF, 0xFF,
    0x60, 0xAF, 0xFF, 0xF5, 0x00, 0x00, 0x3F, 0xFF, 0xFF, 0xFF, 0x60, 0x9F, 0xFF, 0xF6, 0x00, 0x00,
    0x3F, 0xFF, 0xFF, 0xFF, 0x60, 0x8F, 0xFF, 0xF8, 0x00, 0x00, 0x00, 0x03, 0xFF, 0xFF, 0x60, 0x4F,
    0xFF, 0xFC, 0x00, 0x00, 0x00, 0x03, 0xFF, 0xFF, 0x60, 0x0E, 0xFF, 0xFF, 0x50, 0x00, 0x00, 0x03,
    0xFF, 0xFF, 0x60, 0x07, 0xFF, 0xFF, 0xE3, 0x00, 0x00, 0x03, 0xFF, 0xFF, 0x60, 0x00, 0xBF, 0xFF,
    0xFE, 0x83, 0x10, 0x27, 0xFF, 0xFF, 0x60, 0x00, 0x1B, 0xFF, 0xFF, 0xFF, 0xFF, 0xFF, 0xFF, 0xFF,
    0x60, 0x00, 0x00, 0x7E, 0xFF, 0xFF, 0xFF, 0xFF, 0xFF, 0xFC, 0x40, 0x00, 0x00, 0x01, 0x6A, 0xDE,
    0xFE, 0xEC, 0xA6, 0x20, 0x00, 0x00, 0x00, 0xEF, 0x10, 0x00, 0x6F, 0x80, 0x00, 0x00, 0x00, 0xAF,
    0xA2, 0x14, 0xEF, 0x40, 0x00, 0x00, 0x00, 0x3E, 0xFF, 0xFF, 0xFB, 0x00, 0x00, 0x00, 0x00, 0x03,
    0xBE, 0xFD, 0x81, 0x00, 0x00, 0x00, 0x00, 0x00, 0x00, 0x00, 0x00, 0x00, 0x00, 0x00, 0x00, 0x00,
    0x00, 0x00, 0x00, 0x00, 0x00, 0x00, 0x05, 0xBE, 0xFD, 0x92, 0x2F, 0xFF, 0xF6, 0x00, 0x9F, 0xFF,
    0xFF, 0xFF, 0x7F, 0xFF, 0xF6, 0x08, 0xFF, 0xFF, 0xFF, 0xFF, 0xFF, 0xFF, 0xF6, 0x2F, 0xFF, 0xFE,
    0x51, 0x18, 0xFF, 0xFF, 0xF6, 0x7F, 0xFF, 0xF7, 0x00, 0x00, 0xBF, 0xFF, 0xF6, 0xAF, 0xFF, 0xF1,
    0x00, 0x00, 0x5F, 0xFF, 0xF6, 0xCF, 0xFF, 0xE0, 0x00, 0x00, 0x3F, 0xFF, 0xF6, 0xCF, 0xFF, 0xE0,
    0x00, 0x00, 0x3F, 0xFF, 0xF6, 0xAF, 0xFF, 0xF1, 0x00, 0x00, 0x5F, 0xFF, 0xF6, 0x7F, 0xFF, 0xF6,
    0x00, 0x00, 0xBF, 0xFF, 0xF6, 0x2F, 0xFF, 0xFE, 0x51, 0x18, 0xFF, 0xFF, 0xF6, 0x08, 0xFF, 0xFF,
    0xFF, 0xFF, 0xFF, 0xFF, 0xF6, 0x00, 0x9F, 0xFF, 0xFF, 0xFF, 0x7F, 0xFF, 0xF6, 0x00, 0x05, 0xBE,
    0xFD, 0x92, 0x3F, 0xFF, 0xF5, 0x00, 0x00, 0x00, 0x00, 0x00, 0x9F, 0xFF, 0xF3, 0x01, 0xC7, 0x32,
    0x01, 0x39, 0xFF, 0xFF, 0xC0, 0x01, 0xFF, 0xFF, 0xFF, 0xFF, 0xFF, 0xFE, 0x30, 0x01, 0xFF, 0xFF,
    0xFF, 0xFF, 0xFF, 0xD3, 0x00, 0x00, 0x37, 0xBD, 0xEF, 0xEC, 0x95, 0x00, 0x00, 0x00, 0x00, 0x00,
    0x00, 0x0E, 0xFF, 0x80, 0x00, 0x00, 0x00, 0x00, 0x00, 0x00, 0x00, 0x0E, 0xFF, 0x80, 0x00, 0x00,
    0x00, 0x00, 0x00, 0x00, 0x00, 0x0E, 0xFF, 0x80, 0x00, 0x00, 0x00, 0x00, 0x00, 0x00, 0x00, 0x00,
    0x00, 0x00, 0x00, 0x00, 0x00, 0x00, 0x00, 0x00, 0x00, 0x00, 0x00, 0x00, 0x00, 0x00, 0x00, 0x00,
    0x00, 0x00, 0x59, 0xCE, 0xFF, 0xEC, 0xA7, 0x30, 0x00, 0x00, 0x00, 0x7E, 0xFF, 0xFF, 0xFF, 0xFF,
    0xFF, 0xFA, 0x00, 0x00, 0x1B, 0xFF, 0xFF, 0xFF, 0xFF, 0xFF, 0xFF, 0xFB, 0x00, 0x00, 0xBF, 0xFF,
    0xFF, 0x94, 0x10, 0x14, 0x8D, 0xFB, 0x00, 0x06, 0xFF, 0xFF, 0xE3, 0x00, 0x00, 0x00, 0x00, 0x59,
    0x00, 0x0E, 0xFF, 0xFF, 0x50, 0x00, 0x00, 0x00, 0x00, 0x00, 0x00, 0x4F, 0xFF, 0xFD, 0x00, 0x00,
    0x00, 0x00, 0x00, 0x00, 0x00, 0x8F, 0xFF, 0xF8, 0x00, 0x00, 0x00, 0x00, 0x00, 0x00, 0x00, 0x9F,
    0xFF, 0xF6, 0x00, 0x00, 0x3F, 0xFF, 0xFF, 0xFF, 0x60, 0xAF, 0xFF, 0xF5, 0x00, 0x00, 0x3F, 0xFF,
    0xFF, 0xFF, 0x60, 0x9F, 0xFF, 0xF6, 0x00, 0x00, 0x3F, 0xFF, 0xFF, 0xFF, 0x60, 0x8F, 0xFF, 0xF8,
    0x00, 0x00, 0x00, 0x03, 0xFF, 0xFF, 0x60, 0x4F, 0xFF, 0xFC, 0x00, 0x00, 0x00, 0x03, 0xFF, 0xFF,
    0x60, 0x0E, 0xFF, 0xFF, 0x50, 0x00, 0x00, 0x03, 0xFF, 0xFF, 0x60, 0x07, 0xFF, 0xFF, 0xE3, 0x00,
    0x00, 0x03, 0xFF, 0xFF, 0x60, 0x00, 0xBF, 0xFF, 0xFE, 0x83, 0x10, 0x27, 0xFF, 0xFF, 0x60, 0x00,
    0x1B, 0xFF, 0xFF, 0xFF, 0xFF, 0xFF, 0xFF, 0xFF, 0x60, 0x00, 0x00, 0x7E, 0xFF, 0xFF, 0xFF, 0xFF,
    0xFF, 0xFC, 0x40, 0x00, 0x00, 0x01, 0x6A, 0xDE, 0xFE, 0xEC, 0xA6, 0x20, 0x00, 0x00, 0x00, 0x06,
    0xFF, 0xFF, 0x20, 0x00, 0x00, 0x00, 0x00, 0x06, 0xFF, 0xFF, 0x20, 0x00, 0x00, 0x00, 0x00, 0x06,
    0xFF, 0xFF, 0x20, 0x00, 0x00, 0x00, 0x00, 0x06, 0xFF, 0xFF, 0x20, 0x00, 0x00, 0x00, 0x00, 0x06,
    0xFF, 0xFF, 0x20, 0x00, 0x00, 0x00, 0x00, 0x00, 0x00, 0x00, 0x00, 0x00, 0x00, 0x00, 0x00, 0x00,
    0x00, 0x00, 0x00, 0x00, 0x00, 0x00, 0x05, 0xBE, 0xFD, 0x92, 0x2F, 0xFF, 0xF6, 0x00, 0x9F, 0xFF,
    0xFF, 0xFF, 0x7F, 0xFF, 0xF6, 0x08, 0xFF, 0xFF, 0xFF, 0xFF, 0xFF, 0xFF, 0xF6, 0x2F, 0xFF, 0xFE,
    0x51, 0x18, 0xFF, 0xFF, 0xF6, 0x7F, 0xFF, 0xF7, 0x00, 0x00, 0xBF, 0xFF, 0xF6, 0xAF, 0xFF, 0xF1,
    0x00, 0x00, 0x5F, 0xFF, 0xF6, 0xCF, 0xFF, 0xE0, 0x00, 0x00, 0x3F, 0xFF, 0xF6, 0xCF, 0xFF, 0xE0,
    0x00, 0x00, 0x3F, 0xFF, 0xF6, 0xAF, 0xFF, 0xF1, 0x00, 0x00, 0x5F, 0xFF, 0xF6, 0x7F, 0xFF, 0xF6,
    0x00, 0x00, 0xBF, 0xFF, 0xF6, 0x2F, 0xFF, 0xFE, 0x51, 0x18, 0xFF, 0xFF, 0xF6, 0x08, 0xFF, 0xFF,
    0xFF, 0xFF, 0xFF, 0xFF, 0xF6, 0x00, 0x9F, 0xFF, 0xFF, 0xFF, 0x7F, 0xFF, 0xF6, 0x00, 0x05, 0xBE,
    0xFD, 0x92, 0x3F, 0xFF, 0xF5, 0x00, 0x00, 0x00, 0x00, 0x00, 0x9F, 0xFF, 0xF3, 0x01, 0xC7, 0x32,
    0x01, 0x39, 0xFF, 0xFF, 0xC0, 0x01, 0xFF, 0xFF, 0xFF, 0xFF, 0xFF, 0xFE, 0x30, 0x01, 0xFF, 0xFF,
    0xFF, 0xFF, 0xFF, 0xD3, 0x00, 0x00, 0x37, 0xBD, 0xEF, 0xEC, 0x95, 0x00, 0x00, 0x00, 0x00, 0x00,
    0x59, 0xCE, 0xFF, 0xEC, 0xA7, 0x30, 0x00, 0x00, 0x00, 0x7E, 0xFF, 0xFF, 0xFF, 0xFF, 0xFF, 0xFA,
    0x00, 0x00, 0x1B, 0xFF, 0xFF, 0xFF, 0xFF, 0xFF, 0xFF, 0xFB, 0x00, 0x00, 0xBF, 0xFF, 0xFF, 0x94,
    0x10, 0x14, 0x8D, 0xFB, 0x00, 0x06, 0xFF, 0xFF, 0xE3, 0x00, 0x00, 0x00, 0x00, 0x59, 0x00, 0x0E,
    0xFF, 0xFF, 0x50, 0x00, 0x00, 0x00, 0x00, 0x00, 0x00, 0x4F, 0xFF, 0xFD, 0x00, 0x00, 0x00, 0x00,
    0x00, 0x00, 0x00, 0x8F, 0xFF, 0xF8, 0x00, 0x00, 0x00, 0x00, 0x00, 0x00, 0x00, 0x9F, 0xFF, 0xF6,
    0x00, 0x00, 0x3F, 0xFF, 0xFF, 0xFF, 0x60, 0xAF, 0xFF, 0xF5, 0x00, 0x00, 0x3F, 0xFF, 0xFF, 0xFF,
    0x60, 0x9F, 0xFF, 0xF6, 0x00, 0x00, 0x3F, 0xFF, 0xFF, 0xFF, 0x60, 0x8F, 0xFF, 0xF8, 0x00, 0x00,
    0x00, 0x03, 0xFF, 0xFF, 0x60, 0x4F, 0xFF, 0xFC, 0x00, 0x00, 0x00, 0x03, 0xFF, 0xFF, 0x60, 0x0E,
    0xFF, 0xFF, 0x50, 0x00, 0x00, 0x03, 0xFF, 0xFF, 0x60, 0x07, 0xFF, 0xFF, 0xE3, 0x00, 0x00, 0x03,
    0xFF, 0xFF, 0x60, 0x00, 0xBF, 0xFF, 0xFE, 0x83, 0x10, 0x27, 0xFF, 0xFF, 0x60, 0x00, 0x1B, 0xFF,
    0xFF, 0xFF, 0xFF, 0xFF, 0xFF, 0xFF, 0x60, 0x00, 0x00, 0x7E, 0xFF, 0xFF, 0xFF, 0xFF, 0xFF, 0xFC,
    0x40, 0x00, 0x00, 0x01, 0x6A, 0xDE, 0xFE, 0xEC, 0xA6, 0x20, 0x00, 0x00, 0x00, 0x00, 0x00, 0x00,
    0x00, 0x00, 0x00, 0x00, 0x00, 0x00, 0x00, 0x00, 0x00, 0x00, 0x00, 0x00, 0x00, 0x00, 0x00, 0x00,
    0x00, 0x00, 0x00, 0x1F, 0xFF, 0xC0, 0x00, 0x00, 0x00, 0x00, 0x00, 0x00, 0x00, 0x5F, 0xFF, 0x30,
    0x00, 0x00, 0x00, 0x00, 0x00, 0x00, 0x00, 0x9F, 0xF7, 0x00, 0x00, 0x00, 0x00, 0x00, 0x00, 0x00,
    0x00, 0xEF, 0xB0, 0x00, 0x00, 0x00, 0x00, 0x00, 0x00, 0x00, 0x00, 0xAF, 0xE0, 0x00, 0x00, 0x00,
    0x00, 0x00, 0x05, 0xFF, 0xB0, 0x00, 0x00, 0x00, 0x00, 0x00, 0x2E, 0xFF, 0x60, 0x00, 0x00, 0x00,
    0x00, 0x00, 0xBF, 0xFF, 0x20, 0x00, 0x00, 0x00, 0x00, 0x00, 0x00, 0x00, 0x00, 0x00, 0x00, 0x00,
    0x00, 0x00, 0x00, 0x00, 0x00, 0x00, 0x00, 0x00, 0x05, 0xBE, 0xFD, 0x92, 0x2F, 0xFF, 0xF6, 0x00,
    0x9F, 0xFF, 0xFF, 0xFF, 0x7F, 0xFF, 0xF6, 0x08, 0xFF, 0xFF, 0xFF, 0xFF, 0xFF, 0xFF, 0xF6, 0x2F,
    0xFF, 0xFE, 0x51, 0x18, 0xFF, 0xFF, 0xF6, 0x7F, 0xFF, 0xF7, 0x00, 0x00, 0xBF, 0xFF, 0xF6, 0xAF,
    0xFF, 0xF1, 0x00, 0x00, 0x5F, 0xFF, 0xF6, 0xCF, 0xFF, 0xE0, 0x00, 0x00, 0x3F, 0xFF, 0xF6, 0xCF,
    0xFF, 0xE0, 0x00, 0x00, 0x3F, 0xFF, 0xF6, 0xAF, 0xFF, 0xF1, 0x00, 0x00, 0x5F, 0xFF, 0xF6, 0x7F,
    0xFF, 0xF6, 0x00, 0x00, 0xBF, 0xFF, 0xF6, 0x2F, 0xFF, 0xFE, 0x51, 0x18, 0xFF, 0xFF, 0xF6, 0x08,
    0xFF, 0xFF, 0xFF, 0xFF, 0xFF, 0xFF, 0xF6, 0x00, 0x9F, 0xFF, 0xFF, 0xFF, 0x7F, 0xFF, 0xF6, 0x00,
    0x05, 0xBE, 0xFD, 0x92, 0x3F, 0xFF, 0xF5, 0x00, 0x00, 0x00, 0x00, 0x00, 0x9F, 0xFF, 0xF3, 0x01,
    0xC7, 0x32, 0x01, 0x39, 0xFF, 0xFF, 0xC0, 0x01, 0xFF, 0xFF, 0xFF, 0xFF, 0xFF, 0xFE, 0x30, 0x01,
    0xFF, 0xFF, 0xFF, 0xFF, 0xFF, 0xD3, 0x00, 0x00, 0x37, 0xBD, 0xEF, 0xEC, 0x95, 0x00, 0x00, 0x00,
    0x00, 0x00, 0x8F, 0xFF, 0xF5, 0x00, 0x00, 0x00, 0x00, 0x00, 0x07, 0xFF, 0x79, 0xFF, 0x40, 0x00,
    0x00, 0x00, 0x00, 0x7F, 0xD3, 0x00, 0x5E, 0xE3, 0x00, 0x00, 0x00, 0x00, 0x00, 0x00, 0x00, 0x00,
    0x00, 0x00, 0x00, 0x00, 0x00, 0x00, 0x00, 0x00, 0x00, 0x00, 0x00, 0x00, 0x9F, 0xFF, 0xF4, 0x00,
    0x00, 0x00, 0x8F, 0xFF, 0xF6, 0x9F, 0xFF, 0xF4, 0x00, 0x00, 0x00, 0x8F, 0xFF, 0xF6, 0x9F, 0xFF,
    0xF4, 0x00, 0x00, 0x00, 0x8F, 0xFF, 0xF6, 0x9F, 0xFF, 0xF4, 0x00, 0x00, 0x00, 0x8F, 0xFF, 0xF6,
    0x9F, 0xFF, 0xF4, 0x00, 0x00, 0x00, 0x8F, 0xFF, 0xF6, 0x9F, 0xFF, 0xF4, 0x00, 0x00, 0x00, 0x8F,
    0xFF, 0xF6, 0x9F, 0xFF, 0xF4, 0x00, 0x00, 0x00, 0x8F, 0xFF, 0xF6, 0x9F, 0xFF, 0xFF, 0xFF, 0xFF,
    0xFF, 0xFF, 0xFF, 0xF6, 0x9F, 0xFF, 0xFF, 0xFF, 0xFF, 0xFF, 0xFF, 0xFF, 0xF6, 0x9F, 0xFF, 0xFF,
    0xFF, 0xFF, 0xFF, 0xFF, 0xFF, 0xF6, 0x9F, 0xFF, 0xF4, 0x00, 0x00, 0x00, 0x8F, 0xFF, 0xF6, 0x9F,
    0xFF, 0xF4, 0x00, 0x00, 0x00, 0x8F, 0xFF, 0xF6, 0x9F, 0xFF, 0xF4, 0x00, 0x00, 0x00, 0x8F, 0xFF,
    0xF6, 0x9F, 0xFF, 0xF4, 0x00, 0x00, 0x00, 0x8F, 0xFF, 0xF6, 0x9F, 0xFF, 0xF4, 0x00, 0x00, 0x00,
    0x8F, 0xFF, 0xF6, 0x9F, 0xFF, 0xF4, 0x00, 0x00, 0x00, 0x8F, 0xFF, 0xF6, 0x9F, 0xFF, 0xF4, 0x00,
    0x00, 0x00, 0x8F, 0xFF, 0xF6, 0x9F, 0xFF, 0xF4, 0x00, 0x00, 0x00, 0x8F, 0xFF, 0xF6, 0x9F, 0xFF,
    0xF4, 0x00, 0x00, 0x00, 0x8F, 0xFF, 0xF6, 0x01, 0xCF, 0xFF, 0xD2, 0x00, 0x00, 0x00, 0x00, 0x00,
    0x1C, 0xFD, 0x5C, 0xFD, 0x10, 0x00, 0x00, 0x00, 0x00, 0xBF, 0xA1, 0x00, 0x9F, 0xC1, 0x00, 0x00,
    0x00, 0x00, 0x00, 0x00, 0x00, 0x00, 0x00, 0x00, 0x00, 0x00, 0x00, 0x00, 0xCF, 0xFF, 0xB0, 0x00,
    0x00, 0x00, 0x00, 0x00, 0x00, 0xCF, 0xFF, 0xB0, 0x00, 0x00, 0x00, 0x00, 0x00, 0x00, 0xCF, 0xFF,
    0xB0, 0x00, 0x00, 0x00, 0x00, 0x00, 0x00, 0xCF, 0xFF, 0xB0, 0x00, 0x00, 0x00, 0x00, 0x00, 0x00,
    0xCF, 0xFF, 0xB0, 0x00, 0x00, 0x00, 0x00, 0x00, 0x00, 0xCF, 0xFF, 0xB0, 0x00, 0x00, 0x00, 0x00,
    0x00, 0x00, 0xCF, 0xFF, 0xB0, 0x4A, 0xEF, 0xEA, 0x30, 0x00, 0x00, 0xCF, 0xFF, 0xBA, 0xFF, 0xFF,
    0xFF, 0xF4, 0x00, 0x00, 0xCF, 0xFF, 0xFF, 0xFF, 0xFF, 0xFF, 0xFD, 0x00, 0x00, 0xCF, 0xFF, 0xFE,
    0x51, 0x3C, 0xFF, 0xFF, 0x40, 0x00, 0xCF, 0xFF, 0xF5, 0x00, 0x04, 0xFF, 0xFF, 0x60, 0x00, 0xCF,
    0xFF, 0xE0, 0x00, 0x02, 0xFF, 0xFF, 0x70, 0x00, 0xCF, 0xFF, 0xC0, 0x00, 0x02, 0xFF, 0xFF, 0x70,
    0x00, 0xCF, 0xFF, 0xB0, 0x00, 0x01, 0xFF, 0xFF, 0x70, 0x00, 0xCF, 0xFF, 0xB0, 0x00, 0x01, 0xFF,
    0xFF, 0x70, 0x00, 0xCF, 0xFF, 0xB0, 0x00, 0x01, 0xFF, 0xFF, 0x70, 0x00, 0xCF, 0xFF, 0xB0, 0x00,
    0x01, 0xFF, 0xFF, 0x70, 0x00, 0xCF, 0xFF, 0xB0, 0x00, 0x01, 0xFF, 0xFF, 0x70, 0x00, 0xCF, 0xFF,
    0xB0, 0x00, 0x01, 0xFF, 0xFF, 0x70, 0x00, 0xCF, 0xFF, 0xB0, 0x00, 0x01, 0xFF, 0xFF, 0x70, 0x00,
    0xCF, 0xFF, 0xF1, 0x00, 0x00, 0x00, 0xBF, 0xFF, 0xF2, 0x00, 0x00, 0xCF, 0xFF, 0xF1, 0x00, 0x00,
    0x00, 0xBF, 0xFF, 0xF2, 0x00, 0x00, 0xCF, 0xFF, 0xF1, 0x00, 0x00, 0x00, 0xBF, 0xFF, 0xF2, 0x00,
    0x9F, 0xFF, 0xFF, 0xFF, 0xFF, 0xFF, 0xFF, 0xFF, 0xFF, 0xFF, 0xE0, 0x9F, 0xFF, 0xFF, 0xFF, 0xFF,
    0xFF, 0xFF, 0xFF, 0xFF, 0xFF, 0xE0, 0x00, 0xCF, 0xFF, 0xF1, 0x00, 0x00, 0x00, 0xBF, 0xFF, 0xF2,
    0x00, 0x00, 0xCF, 0xFF, 0xF1, 0x00, 0x00, 0x00, 0xBF, 0xFF, 0xF2, 0x00, 0x00, 0xCF, 0xFF, 0xFF,
    0xFF, 0xFF, 0xFF, 0xFF, 0xFF, 0xF2, 0x00, 0x00, 0xCF, 0xFF, 0xFF, 0xFF, 0xFF, 0xFF, 0xFF, 0xFF,
    0xF2, 0x00, 0x00, 0xCF, 0xFF, 0xFF, 0xFF, 0xFF, 0xFF, 0xFF, 0xFF, 0xF2, 0x00, 0x00, 0xCF, 0xFF,
    0xF1, 0x00, 0x00, 0x00, 0xBF, 0xFF, 0xF2, 0x00, 0x00, 0xCF, 0xFF, 0xF1, 0x00, 0x00, 0x00, 0xBF,
    0xFF, 0xF2, 0x00, 0x00, 0xCF, 0xFF, 0xF1, 0x00, 0x00, 0x00, 0xBF, 0xFF, 0xF2, 0x00, 0x00, 0xCF,
    0xFF, 0xF1, 0x00, 0x00, 0x00, 0xBF, 0xFF, 0xF2, 0x00, 0x00, 0xCF, 0xFF, 0xF1, 0x00, 0x00, 0x00,
    0xBF, 0xFF, 0xF2, 0x00, 0x00, 0xCF, 0xFF, 0xF1, 0x00, 0x00, 0x00, 0xBF, 0xFF, 0xF2, 0x00, 0x00,
    0xCF, 0xFF, 0xF1, 0x00, 0x00, 0x00, 0xBF, 0xFF, 0xF2, 0x00, 0x00, 0xCF, 0xFF, 0xF1, 0x00, 0x00,
    0x00, 0xBF, 0xFF, 0xF2, 0x00, 0x00, 0xCF, 0xFF, 0xF1, 0x00, 0x00, 0x00, 0xBF, 0xFF, 0xF2, 0x00,
    0x00, 0xDF, 0xFF, 0xA0, 0x00, 0x00, 0x00, 0x00, 0x00, 0x00, 0xDF, 0xFF, 0xA0, 0x00, 0x00, 0x00,
    0x00, 0x00, 0x00, 0xDF, 0xFF, 0xA0, 0x00, 0x00, 0x00, 0x00, 0x00, 0xDF, 0xFF, 0xFF, 0xFF, 0xFF,
    0xF4, 0x00, 0x00, 0x00, 0xDF, 0xFF, 0xFF, 0xFF, 0xFF, 0xF4, 0x00, 0x00, 0x00, 0x00, 0xDF, 0xFF,
    0xA0, 0x00, 0x00, 0x00, 0x00, 0x00, 0x00, 0xDF, 0xFF, 0xA0, 0x5B, 0xEF, 0xD9, 0x20, 0x00, 0x00,
    0xDF, 0xFF, 0xBA, 0xFF, 0xFF, 0xFF, 0xE2, 0x00, 0x00, 0xDF, 0xFF, 0xFF, 0xFF, 0xFF, 0xFF, 0xFB,
    0x00, 0x00, 0xDF, 0xFF, 0xFE, 0x51, 0x3D, 0xFF, 0xFF, 0x20, 0x00, 0xDF, 0xFF, 0xF6, 0x00, 0x05,
    0xFF, 0xFF, 0x50, 0x00, 0xDF, 0xFF, 0xE0, 0x00, 0x03, 0xFF, 0xFF, 0x60, 0x00, 0xDF, 0xFF, 0xC0,
    0x00, 0x02, 0xFF, 0xFF, 0x70, 0x00, 0xDF, 0xFF, 0xB0, 0x00, 0x02, 0xFF, 0xFF, 0x70, 0x00, 0xDF,
    0xFF, 0xA0, 0x00, 0x02, 0xFF, 0xFF, 0x70, 0x00, 0xDF, 0xFF, 0xA0, 0x00, 0x02, 0xFF, 0xFF, 0x70,
    0x00, 0xDF, 0xFF, 0xA0, 0x00, 0x02, 0xFF, 0xFF, 0x70, 0x00, 0xDF, 0xFF, 0xA0, 0x00, 0x02, 0xFF,
    0xFF, 0x70, 0x00, 0xDF, 0xFF, 0xA0, 0x00, 0x02, 0xFF, 0xFF, 0x70, 0x00, 0xDF, 0xFF, 0xA0, 0x00,
    0x02, 0xFF, 0xFF, 0x70, 0x08, 0xEE, 0xA4, 0x1B, 0xF3, 0x5F, 0xFF, 0xFF, 0xFF, 0xE1, 0x8F, 0x62,
    0x6C, 0xFD, 0x40, 0x00, 0x00, 0x00, 0x00, 0x00, 0x00, 0x00, 0x00, 0x00, 0x00, 0x00, 0x9F, 0xFF,
    0xF4, 0x00, 0x00, 0x9F, 0xFF, 0xF4, 0x00, 0x00, 0x9F, 0xFF, 0xF4, 0x00, 0x00, 0x9F, 0xFF, 0xF4,
    0x00, 0x00, 0x9F, 0xFF, 0xF4, 0x00, 0x00, 0x9F, 0xFF, 0xF4, 0x00, 0x00, 0x9F, 0xFF, 0xF4, 0x00,
    0x00, 0x9F, 0xFF, 0xF4, 0x00, 0x00, 0x9F, 0xFF, 0xF4, 0x00, 0x00, 0x9F, 0xFF, 0xF4, 0x00, 0x00,
    0x9F, 0xFF, 0xF4, 0x00, 0x00, 0x9F, 0xFF, 0xF4, 0x00, 0x00, 0x9F, 0xFF, 0xF4, 0x00, 0x00, 0x9F,
    0xFF, 0xF4, 0x00, 0x00, 0x9F, 0xFF, 0xF4, 0x00, 0x00, 0x9F, 0xFF, 0xF4, 0x00, 0x00, 0x9F, 0xFF,
    0xF4, 0x00, 0x00, 0x9F, 0xFF, 0xF4, 0x00, 0x00, 0x9F, 0xFF, 0xF4, 0x00, 0x0A, 0xE9, 0x00, 0x0D,
    0xC0, 0x6F, 0xFF, 0x90, 0x0F, 0xC0, 0xBF, 0x38, 0xF6, 0x5F, 0x90, 0xDD, 0x00, 0xAF, 0xFF, 0x40,
    0xEC, 0x00, 0x1A, 0xE9, 0x00, 0x00, 0x00, 0x00, 0x00, 0x00, 0x00, 0x00, 0x00, 0x00, 0x00, 0x00,
    0xCF, 0xFF, 0xB0, 0x00, 0x00, 0xCF, 0xFF, 0xB0, 0x00, 0x00, 0xCF, 0xFF, 0xB0, 0x00, 0x00, 0xCF,
    0xFF, 0xB0, 0x00, 0x00, 0xCF, 0xFF, 0xB0, 0x00, 0x00, 0xCF, 0xFF, 0xB0, 0x00, 0x00, 0xCF, 0xFF,
    0xB0, 0x00, 0x00, 0xCF, 0xFF, 0xB0, 0x00, 0x00, 0xCF, 0xFF, 0xB0, 0x00, 0x00, 0xCF, 0xFF, 0xB0,
    0x00, 0x00, 0xCF, 0xFF, 0xB0, 0x00, 0x00, 0xCF, 0xFF, 0xB0, 0x00, 0x00, 0xCF, 0xFF, 0xB0, 0x00,
    0x00, 0xCF, 0xFF, 0xB0, 0x00, 0x3F, 0xFF, 0xFF, 0xFF, 0xC0, 0x3F, 0xFF, 0xFF, 0xFF, 0xC0, 0x00,
    0x00, 0x00, 0x00, 0x00, 0x00, 0x00, 0x00, 0x00, 0x00, 0x00, 0x00, 0x00, 0x00, 0x00, 0x00, 0x9F,
    0xFF, 0xF4, 0x00, 0x00, 0x9F, 0xFF, 0xF4, 0x00, 0x00, 0x9F, 0xFF, 0xF4, 0x00, 0x00, 0x9F, 0xFF,
    0xF4, 0x00, 0x00, 0x9F, 0xFF, 0xF4, 0x00, 0x00, 0x9F, 0xFF, 0xF4, 0x00, 0x00, 0x9F, 0xFF, 0xF4,
    0x00, 0x00, 0x9F, 0xFF, 0xF4, 0x00, 0x00, 0x9F, 0xFF, 0xF4, 0x00, 0x00, 0x9F, 0xFF, 0xF4, 0x00,
    0x00, 0x9F, 0xFF, 0xF4, 0x00, 0x00, 0x9F, 0xFF, 0xF4, 0x00, 0x00, 0x9F, 0xFF, 0xF4, 0x00, 0x00,
    0x9F, 0xFF, 0xF4, 0x00, 0x00, 0x9F, 0xFF, 0xF4, 0x00, 0x00, 0x9F, 0xFF, 0xF4, 0x00, 0x00, 0x9F,
    0xFF, 0xF4, 0x00, 0x00, 0x9F, 0xFF, 0xF4, 0x00, 0x00, 0x9F, 0xFF, 0xF4, 0x00, 0x8F, 0xFF, 0xFF,
    0xFF, 0x70, 0x8F, 0xFF, 0xFF, 0xFF, 0x70, 0x00, 0x00, 0x00, 0x00, 0x00, 0x00, 0x00, 0x00, 0x00,
    0x00, 0x00, 0x00, 0x00, 0x00, 0x00, 0x00, 0x00, 0x00, 0x00, 0x00, 0x00, 0xCF, 0xFF, 0xB0, 0x00,
    0x00, 0xCF, 0xFF, 0xB0, 0x00, 0x00, 0xCF, 0xFF, 0xB0, 0x00, 0x00, 0xCF, 0xFF, 0xB0, 0x00, 0x00,
    0xCF, 0xFF, 0xB0, 0x00, 0x00, 0xCF, 0xFF, 0xB0, 0x00, 0x00, 0xCF, 0xFF, 0xB0, 0x00, 0x00, 0xCF,
    0xFF, 0xB0, 0x00, 0x00, 0xCF, 0xFF, 0xB0, 0x00, 0x00, 0xCF, 0xFF, 0xB0, 0x00, 0x00, 0xCF, 0xFF,
    0xB0, 0x00, 0x00, 0xCF, 0xFF, 0xB0, 0x00, 0x00, 0xCF, 0xFF, 0xB0, 0x00, 0x00, 0xCF, 0xFF, 0xB0,
    0x00, 0x4F, 0xC3, 0x01, 0x5E, 0xE0, 0x0C, 0xFF, 0xFF, 0xFF, 0x70, 0x01, 0x8D, 0xEE, 0xC5, 0x00,
    0x00, 0x00, 0x00, 0x00, 0x00, 0x00, 0x00, 0x00, 0x00, 0x00, 0x00, 0x9F, 0xFF, 0xF4, 0x00, 0x00,
    0x9F, 0xFF, 0xF4, 0x00, 0x00, 0x9F, 0xFF, 0xF4, 0x00, 0x00, 0x9F, 0xFF, 0xF4, 0x00, 0x00, 0x9F,
    0xFF, 0xF4, 0x00, 0x00, 0x9F, 0xFF, 0xF4, 0x00, 0x00, 0x9F, 0xFF, 0xF4, 0x00, 0x00, 0x9F, 0xFF,
    0xF4, 0x00, 0x00, 0x9F, 0xFF, 0xF4, 0x00, 0x00, 0x9F, 0xFF, 0xF4, 0x00, 0x00, 0x9F, 0xFF, 0xF4,
    0x00, 0x00, 0x9F, 0xFF, 0xF4, 0x00, 0x00, 0x9F, 0xFF, 0xF4, 0x00, 0x00, 0x9F, 0xFF, 0xF4, 0x00,
    0x00, 0x9F, 0xFF, 0xF4, 0x00, 0x00, 0x9F, 0xFF, 0xF4, 0x00, 0x00, 0x9F, 0xFF, 0xF4, 0x00, 0x00,
    0x9F, 0xFF, 0xF4, 0x00, 0x00, 0x9F, 0xFF, 0xF4, 0x00, 0xBF, 0x20, 0x00, 0x4F, 0xA0, 0x8F, 0xC3,
    0x03, 0xDF, 0x60, 0x1E, 0xFF, 0xFF, 0xFD, 0x10, 0x02, 0xAE, 0xFE, 0x91, 0x00, 0x00, 0x00, 0x00,
    0x00, 0x00, 0x00, 0x00, 0x00, 0x00, 0x00, 0x00, 0xCF, 0xFF, 0xB0, 0x00, 0x00, 0xCF, 0xFF, 0xB0,
    0x00, 0x00, 0xCF, 0xFF, 0xB0, 0x00, 0x00, 0xCF, 0xFF, 0xB0, 0x00, 0x00, 0xCF, 0xFF, 0xB0, 0x00,
    0x00, 0xCF, 0xFF, 0xB0, 0x00, 0x00, 0xCF, 0xFF, 0xB0, 0x00, 0x00, 0xCF, 0xFF, 0xB0, 0x00, 0x00,
    0xCF, 0xFF, 0xB0, 0x00, 0x00, 0xCF, 0xFF, 0xB0, 0x00, 0x00, 0xCF, 0xFF, 0xB0, 0x00, 0x00, 0xCF,
    0xFF, 0xB0, 0x00, 0x00, 0xCF, 0xFF, 0xB0, 0x00, 0x00, 0xCF, 0xFF, 0xB0, 0x00, 0x9F, 0xFF, 0xF4,
    0x00, 0x9F, 0xFF, 0xF4, 0x00, 0x9F, 0xFF, 0xF4, 0x00, 0x9F, 0xFF, 0xF4, 0x00, 0x9F, 0xFF, 0xF4,
    0x00, 0x9F, 0xFF, 0xF4, 0x00, 0x9F, 0xFF, 0xF4, 0x00, 0x9F, 0xFF, 0xF4, 0x00, 0x9F, 0xFF, 0xF4,
    0x00, 0x9F, 0xFF, 0xF4, 0x00, 0x9F, 0xFF, 0xF4, 0x00, 0x9F, 0xFF, 0xF4, 0x00, 0x9F, 0xFF, 0xF4,
    0x00, 0x9F, 0xFF, 0xF4, 0x00, 0x9F, 0xFF, 0xF4, 0x00, 0x9F, 0xFF, 0xF4, 0x00, 0x9F, 0xFF, 0xF4,
    0x00, 0x9F, 0xFF, 0xF4, 0x00, 0x9F, 0xFF, 0xF4, 0x00, 0x00, 0x1D, 0xD1, 0x00, 0x00, 0x9F, 0x50,
    0x00, 0x00, 0xDF, 0x70, 0x00, 0x00, 0xBF, 0xFF, 0xF8, 0x00, 0x2B, 0xEF, 0xF8, 0xCF, 0xFF, 0xB0,
    0x00, 0xCF, 0xFF, 0xB0, 0x00, 0xCF, 0xFF, 0xB0, 0x00, 0xCF, 0xFF, 0xB0, 0x00, 0x00, 0x00, 0x00,
    0x00, 0x00, 0x00, 0x00, 0x00, 0xCF, 0xFF, 0xB0, 0x00, 0xCF, 0xFF, 0xB0, 0x00, 0xCF, 0xFF, 0xB0,
    0x00, 0xCF, 0xFF, 0xB0, 0x00, 0xCF, 0xFF, 0xB0, 0x00, 0xCF, 0xFF, 0xB0, 0x00, 0xCF, 0xFF, 0xB0,
    0x00, 0xCF, 0xFF, 0xB0, 0x00, 0xCF, 0xFF, 0xB0, 0x00, 0xCF, 0xFF, 0xB0, 0x00, 0xCF, 0xFF, 0xB0,
    0x00, 0xCF, 0xFF, 0xB0, 0x00, 0xCF, 0xFF, 0xB0, 0x00, 0xCF, 0xFF, 0xB0, 0x00, 0x00, 0x7F, 0x50,
    0x00, 0x02, 0xFC, 0x00, 0x00, 0x06, 0xFC, 0x10, 0x00, 0x04, 0xFF, 0xFF, 0xF0, 0x00, 0x7D, 0xFF,
    0xF0, 0x0D, 0xFF, 0x90, 0x0D, 0xFF, 0x90, 0x0D, 0xFF, 0x90, 0x00, 0x00, 0x00, 0x00, 0x00, 0x00,
    0x9F, 0xFF, 0xF4, 0x9F, 0xFF, 0xF4, 0x9F, 0xFF, 0xF4, 0x9F, 0xFF, 0xF4, 0x9F, 0xFF, 0xF4, 0x9F,
    0xFF, 0xF4, 0x9F, 0xFF, 0xF4, 0x9F, 0xFF, 0xF4, 0x9F, 0xFF, 0xF4, 0x9F, 0xFF, 0xF4, 0x9F, 0xFF,
    0xF4, 0x9F, 0xFF, 0xF4, 0x9F, 0xFF, 0xF4, 0x9F, 0xFF, 0xF4, 0x9F, 0xFF, 0xF4, 0x9F, 0xFF, 0xF4,
    0x9F, 0xFF, 0xF4, 0x9F, 0xFF, 0xF4, 0x9F, 0xFF, 0xF4, 0xCF, 0xFF, 0xB0, 0xCF, 0xFF, 0xB0, 0xCF,
    0xFF, 0xB0, 0xCF, 0xFF, 0xB0, 0xCF, 0xFF, 0xB0, 0xCF, 0xFF, 0xB0, 0xCF, 0xFF, 0xB0, 0xCF, 0xFF,
    0xB0, 0xCF, 0xFF, 0xB0, 0xCF, 0xFF, 0xB0, 0xCF, 0xFF, 0xB0, 0xCF, 0xFF, 0xB0, 0xCF, 0xFF, 0xB0,
    0xCF, 0xFF, 0xB0, 0x9F, 0xFF, 0xF4, 0x00, 0x00, 0xEF, 0xFF, 0xE0, 0x9F, 0xFF, 0xF4, 0x00, 0x00,
    0xEF, 0xFF, 0xE0, 0x9F, 0xFF, 0xF4, 0x00, 0x00, 0xEF, 0xFF, 0xE0, 0x9F, 0xFF, 0xF4, 0x00, 0x00,
    0xEF, 0xFF, 0xE0, 0x9F, 0xFF, 0xF4, 0x00, 0x00, 0xEF, 0xFF, 0xE0, 0x9F, 0xFF, 0xF4, 0x00, 0x00,
    0xEF, 0xFF, 0xE0, 0x9F, 0xFF, 0xF4, 0x00, 0x00, 0xEF, 0xFF, 0xE0, 0x9F, 0xFF, 0xF4, 0x00, 0x00,
    0xEF, 0xFF, 0xE0, 0x9F, 0xFF, 0xF4, 0x00, 0x00, 0xEF, 0xFF, 0xE0, 0x9F, 0xFF, 0xF4, 0x00, 0x00,
    0xEF, 0xFF, 0xE0, 0x9F, 0xFF, 0xF4, 0x00, 0x00, 0xEF, 0xFF, 0xE0, 0x9F, 0xFF, 0xF4, 0x00, 0x00,
    0xEF, 0xFF, 0xE0, 0x9F, 0xFF, 0xF4, 0x00, 0x00, 0xEF, 0xFF, 0xE0, 0x9F, 0xFF, 0xF4, 0x00, 0x00,
    0xEF, 0xFF, 0xE0, 0x9F, 0xFF, 0xF4, 0x00, 0x00, 0xEF, 0xFF, 0xE0, 0x9F, 0xFF, 0xF4, 0x00, 0x00,
    0xEF, 0xFF, 0xE0, 0x9F, 0xFF, 0xF4, 0x00, 0x00, 0xEF, 0xFF, 0xE0, 0x9F, 0xFF, 0xF4, 0x00, 0x00,
    0xFF, 0xFF, 0xE0, 0x9F, 0xFF, 0xF4, 0x00, 0x01, 0xFF, 0xFF, 0xD0, 0x00, 0x00, 0x00, 0x00, 0x06,
    0xFF, 0xFF, 0xB0, 0x00, 0x00, 0x00, 0x01, 0x6E, 0xFF, 0xFF, 0x60, 0x00, 0x00, 0x00, 0xCF, 0xFF,
    0xFF, 0xFC, 0x00, 0x00, 0x00, 0x00, 0xCF, 0xFF, 0xFF, 0xB1, 0x00, 0x00, 0x00, 0x00, 0xCF, 0xEC,
    0x94, 0x00, 0x00, 0xCF, 0xFF, 0xB0, 0x00, 0x0E, 0xFF, 0xFA, 0xCF, 0xFF, 0xB0, 0x00, 0x0E, 0xFF,
    0xFA, 0xCF, 0xFF, 0xB0, 0x00, 0x0E, 0xFF, 0xFA, 0xCF, 0xFF, 0xB0, 0x00, 0x0E, 0xFF, 0xFA, 0x00,
    0x00, 0x00, 0x00, 0x00, 0x00, 0x00, 0x00, 0x00, 0x00, 0x00, 0x00, 0x00, 0x00, 0xCF, 0xFF, 0xB0,
    0x00, 0x0E, 0xFF, 0xFA, 0xCF, 0xFF, 0xB0, 0x00, 0x0E, 0xFF, 0xFA, 0xCF, 0xFF, 0xB0, 0x00, 0x0E,
    0xFF, 0xFA, 0xCF, 0xFF, 0xB0, 0x00, 0x0E, 0xFF, 0xFA, 0xCF, 0xFF, 0xB0, 0x00, 0x0E, 0xFF, 0xFA,
    0xCF, 0xFF, 0xB0, 0x00, 0x0E, 0xFF, 0xFA, 0xCF, 0xFF, 0xB0, 0x00, 0x0E, 0xFF, 0xFA, 0xCF, 0xFF,
    0xB0, 0x00, 0x0E, 0xFF, 0xFA, 0xCF, 0xFF, 0xB0, 0x00, 0x0E, 0xFF, 0xFA, 0xCF, 0xFF, 0xB0, 0x00,
    0x0E, 0xFF, 0xFA, 0xCF, 0xFF, 0xB0, 0x00, 0x0E, 0xFF, 0xFA, 0xCF, 0xFF, 0xB0, 0x00, 0x0E, 0xFF,
    0xFA, 0xCF, 0xFF, 0xB0, 0x00, 0x0E, 0xFF, 0xFA, 0xCF, 0xFF, 0xB0, 0x00, 0x0E, 0xFF, 0xF9, 0x00,
    0x00, 0x00, 0x00, 0x1F, 0xFF, 0xF8, 0x00, 0x00, 0x00, 0x01, 0x8F, 0xFF, 0xF5, 0x00, 0x00, 0x00,
    0xEF, 0xFF, 0xFF, 0xE1, 0x00, 0x00, 0x00, 0xEF, 0xFF, 0xFF, 0x40, 0x00, 0x00, 0x00, 0xEF, 0xFD,
    0xA3, 0x00, 0x00, 0x00, 0x9F, 0xFF, 0xF4, 0x00, 0x00, 0x08, 0xFE, 0x6A, 0xFE, 0x40, 0x00, 0x7F,
    0xC3, 0x00, 0x6E, 0xE3, 0x00, 0x00, 0x00, 0x00, 0x00, 0x00, 0x00, 0x00, 0x00, 0x00, 0x00, 0x00,
    0x00, 0x00, 0x9F, 0xFF, 0xF4, 0x00, 0x00, 0x00, 0x9F, 0xFF, 0xF4, 0x00, 0x00, 0x00, 0x9F, 0xFF,
    0xF4, 0x00, 0x00, 0x00, 0x9F, 0xFF, 0xF4, 0x00, 0x00, 0x00, 0x9F, 0xFF, 0xF4, 0x00, 0x00, 0x00,
    0x9F, 0xFF, 0xF4, 0x00, 0x00, 0x00, 0x9F, 0xFF, 0xF4, 0x00, 0x00, 0x00, 0x9F, 0xFF, 0xF4, 0x00,
    0x00, 0x00, 0x9F, 0xFF, 0xF4, 0x00, 0x00, 0x00, 0x9F, 0xFF, 0xF4, 0x00, 0x00, 0x00, 0x9F, 0xFF,
    0xF4, 0x00, 0x00, 0x00, 0x9F, 0xFF, 0xF4, 0x00, 0x00, 0x00, 0x9F, 0xFF, 0xF4, 0x00, 0x00, 0x00,
    0x9F, 0xFF, 0xF4, 0x00, 0x00, 0x00, 0x9F, 0xFF, 0xF4, 0x00, 0x00, 0x00, 0x9F, 0xFF, 0xF4, 0x00,
    0x00, 0x00, 0x9F, 0xFF, 0xF4, 0x00, 0x00, 0x00, 0x9F, 0xFF, 0xF4, 0x00, 0x00, 0x00, 0xBF, 0xFF,
    0xF3, 0x00, 0x00, 0x01, 0xEF, 0xFF, 0xF1, 0x00, 0x01, 0x3C, 0xFF, 0xFF, 0xB0, 0x00, 0x7F, 0xFF,
    0xFF, 0xFE, 0x30, 0x00, 0x7F, 0xFF, 0xFF, 0xD4, 0x00, 0x00, 0x7F, 0xED, 0xA6, 0x10, 0x00, 0x00,
    0x00, 0x06, 0xFF, 0xF5, 0x00, 0x00, 0x00, 0x2E, 0xFF, 0xFD, 0x10, 0x00, 0x00, 0xBF, 0xE5, 0xEF,
    0x90, 0x00, 0x05, 0xFF, 0x30, 0x4F, 0xF4, 0x00, 0x1E, 0xF5, 0x00, 0x07, 0xFD, 0x10, 0x00, 0x00,
    0x00, 0x00, 0x00, 0x00, 0x00, 0x00, 0x00, 0x00, 0x00, 0x00, 0x00, 0x0C, 0xFF, 0xFB, 0x00, 0x00,
    0x00, 0x0C, 0xFF, 0xFB, 0x00, 0x00, 0x00, 0x0C, 0xFF, 0xFB, 0x00, 0x00, 0x00, 0x0C, 0xFF, 0xFB,
    0x00, 0x00, 0x00, 0x0C, 0xFF, 0xFB, 0x00, 0x00, 0x00, 0x0C, 0xFF, 0xFB, 0x00, 0x00, 0x00, 0x0C,
    0xFF, 0xFB, 0x00, 0x00, 0x00, 0x0C, 0xFF, 0xFB, 0x00, 0x00, 0x00, 0x0C, 0xFF, 0xFB, 0x00, 0x00,
    0x00, 0x0C, 0xFF, 0xFB, 0x00, 0x00, 0x00, 0x0C, 0xFF, 0xFB, 0x00, 0x00, 0x00, 0x0C, 0xFF, 0xFB,
    0x00, 0x00, 0x00, 0x0C, 0xFF, 0xFB, 0x00, 0x00, 0x00, 0x0C, 0xFF, 0xFB, 0x00, 0x00, 0x00, 0x0E,
    0xFF, 0xFA, 0x00, 0x00, 0x01, 0x7F, 0xFF, 0xF6, 0x00, 0x00, 0xDF, 0xFF, 0xFF, 0xE1, 0x00, 0x00,
    0xDF, 0xFF, 0xFF, 0x50, 0x00, 0x00, 0xDF, 0xFE, 0xA3, 0x00, 0x00, 0x00, 0x9F, 0xFF, 0xF4, 0x00,
    0x00, 0x03, 0xEF, 0xFF, 0xF7, 0x00, 0x9F, 0xFF, 0xF4, 0x00, 0x00, 0x4E, 0xFF, 0xFF, 0x70, 0x00,
    0x9F, 0xFF, 0xF4, 0x00, 0x04, 0xEF, 0xFF, 0xF7, 0x00, 0x00, 0x9F, 0xFF, 0xF4, 0x00, 0x4E, 0xFF,
    0xFF, 0x70, 0x00, 0x00, 0x9F, 0xFF, 0xF4, 0x04, 0xFF, 0xFF, 0xF7, 0x00, 0x00, 0x00, 0x9F, 0xFF,
    0xF4, 0x4F, 0xFF, 0xFF, 0x60, 0x00, 0x00, 0x00, 0x9F, 0xFF, 0xF9, 0xFF, 0xFF, 0xF6, 0x00, 0x00,
    0x00, 0x00, 0x9F, 0xFF, 0xFF, 0xFF, 0xFF, 0x60, 0x00, 0x00, 0x00, 0x00, 0x9F, 0xFF, 0xFF, 0xFF,
    0xF6, 0x00, 0x00, 0x00, 0x00, 0x00, 0x9F, 0xFF, 0xFF, 0xFF, 0xF6, 0x00, 0x00, 0x00, 0x00, 0x00,
    0x9F, 0xFF, 0xFF, 0xFF, 0xFF, 0x60, 0x00, 0x00, 0x00, 0x00, 0x9F, 0xFF, 0xFD, 0xFF, 0xFF, 0xF6,
    0x00, 0x00, 0x00, 0x00, 0x9F, 0xFF, 0xF5, 0xBF, 0xFF, 0xFF, 0x60, 0x00, 0x00, 0x00, 0x9F, 0xFF,
    0xF4, 0x0B, 0xFF, 0xFF, 0xF6, 0x00, 0x00, 0x00, 0x9F, 0xFF, 0xF4, 0x00, 0xAF, 0xFF, 0xFF, 0x60,
    0x00, 0x00, 0x9F, 0xFF, 0xF4, 0x00, 0x0A, 0xFF, 0xFF, 0xF6, 0x00, 0x00, 0x9F, 0xFF, 0xF4, 0x00,
    0x00, 0xAF, 0xFF, 0xFF, 0x60, 0x00, 0x9F, 0xFF, 0xF4, 0x00, 0x00, 0x0A, 0xFF, 0xFF, 0xF6, 0x00,
    0x9F, 0xFF, 0xF4, 0x00, 0x00, 0x00, 0xAF, 0xFF, 0xFF, 0x70, 0x00, 0x00, 0x00, 0x00, 0x00, 0x00,
    0x00, 0x00, 0x00, 0x00, 0x00, 0x00, 0x00, 0x00, 0xEF, 0xFD, 0x10, 0x00, 0x00, 0x00, 0x00, 0x00,
    0x00, 0x04, 0xFF, 0xF4, 0x00, 0x00, 0x00, 0x00, 0x00, 0x00, 0x00, 0x08, 0xFF, 0x80, 0x00, 0x00,
    0x00, 0x00, 0x00, 0x00, 0x00, 0x0C, 0xFC, 0x00, 0x00, 0x00, 0x00, 0x00, 0xCF, 0xFF, 0xB0, 0x00,
    0x00, 0x00, 0x00, 0x00, 0xCF, 0xFF, 0xB0, 0x00, 0x00, 0x00, 0x00, 0x00, 0xCF, 0xFF, 0xB0, 0x00,
    0x00, 0x00, 0x00, 0x00, 0xCF, 0xFF, 0xB0, 0x00, 0x00, 0x00, 0x00, 0x00, 0xCF, 0xFF, 0xB0, 0x00,
    0x00, 0x00, 0x00, 0x00, 0xCF, 0xFF, 0xB0, 0x00, 0x00, 0x00, 0x00, 0x00, 0xCF, 0xFF, 0xB0, 0x00,
    0x08, 0xFF, 0xFF, 0xA0, 0xCF, 0xFF, 0xB0, 0x00, 0x8F, 0xFF, 0xF9, 0x00, 0xCF, 0xFF, 0xB0, 0x09,
    0xFF, 0xFF, 0x80, 0x00, 0xCF, 0xFF, 0xB0, 0x9F, 0xFF, 0xF7, 0x00, 0x00, 0xCF, 0xFF, 0xB9, 0xFF,
    0xFF, 0x60, 0x00, 0x00, 0xCF, 0xFF, 0xFF, 0xFF, 0xF5, 0x00, 0x00, 0x00, 0xCF, 0xFF, 0xFF, 0xFF,
    0x80, 0x00, 0x00, 0x00, 0xCF, 0xFF, 0xFF, 0xFF, 0xF6, 0x00, 0x00, 0x00, 0xCF, 0xFF, 0xCD, 0xFF,
    0xFF, 0x50, 0x00, 0x00, 0xCF, 0xFF, 0xB2, 0xDF, 0xFF, 0xF5, 0x00, 0x00, 0xCF, 0xFF, 0xB0, 0x2E,
    0xFF, 0xFF, 0x50, 0x00, 0xCF, 0xFF, 0xB0, 0x03, 0xEF, 0xFF, 0xF5, 0x00, 0xCF, 0xFF, 0xB0, 0x00,
    0x3E, 0xFF, 0xFF, 0x50, 0xCF, 0xFF, 0xB0, 0x00, 0x04, 0xEF, 0xFF, 0xF5, 0x00, 0x00, 0x00, 0x00,
    0x00, 0x00, 0x00, 0x00, 0x00, 0x00, 0x00, 0x9F, 0xFF, 0x40, 0x00, 0x00, 0x00, 0x00, 0x00, 0xEF,
    0xF9, 0x00, 0x00, 0x00, 0x00, 0x00, 0x03, 0xFF, 0xD0, 0x00, 0x00, 0x00, 0x00, 0x00, 0x07, 0xFF,
    0x30, 0x00, 0x00, 0x00, 0xCF, 0xFF, 0xB0, 0x00, 0x08, 0xFF, 0xFF, 0xA0, 0xCF, 0xFF, 0xB0, 0x00,
    0x8F, 0xFF, 0xF9, 0x00, 0xCF, 0xFF, 0xB0, 0x09, 0xFF, 0xFF, 0x80, 0x00, 0xCF, 0xFF, 0xB0, 0x9F,
    0xFF, 0xF7, 0x00, 0x00, 0xCF, 0xFF, 0xB9, 0xFF, 0xFF, 0x60, 0x00, 0x00, 0xCF, 0xFF, 0xFF, 0xFF,
    0xF5, 0x00, 0x00, 0x00, 0xCF, 0xFF, 0xFF, 0xFF, 0x80, 0x00, 0x00, 0x00, 0xCF, 0xFF, 0xFF, 0xFF,
    0xF6, 0x00, 0x00, 0x00, 0xCF, 0xFF, 0xCD, 0xFF, 0xFF, 0x50, 0x00, 0x00, 0xCF, 0xFF, 0xB2, 0xDF,
    0xFF, 0xF5, 0x00, 0x00, 0xCF, 0xFF, 0xB0, 0x2E, 0xFF, 0xFF, 0x50, 0x00, 0xCF, 0xFF, 0xB0, 0x03,
    0xEF, 0xFF, 0xF5, 0x00, 0xCF, 0xFF, 0xB0, 0x00, 0x3E, 0xFF, 0xFF, 0x50, 0xCF, 0xFF, 0xB0, 0x00,
    0x04, 0xEF, 0xFF, 0xF5, 0x00, 0x02, 0xEF, 0xE5, 0x00, 0x00, 0x00, 0x00, 0x1D, 0xFD, 0x30, 0x00,
    0x00, 0x00, 0x00, 0xBF, 0xC2, 0x00, 0x00, 0x00, 0x00, 0x00, 0x00, 0x00, 0x00, 0x00, 0x00, 0x00,
    0x00, 0x00, 0x00, 0x00, 0x00, 0x00, 0x00, 0x9F, 0xFF, 0xF4, 0x00, 0x00, 0x00, 0x00, 0x9F, 0xFF,
    0xF4, 0x00, 0x00, 0x00, 0x00, 0x9F, 0xFF, 0xF4, 0x00, 0x00, 0x00, 0x00, 0x9F, 0xFF, 0xF4, 0x00,
    0x00, 0x00, 0x00, 0x9F, 0xFF, 0xF4, 0x00, 0x00, 0x00, 0x00, 0x9F, 0xFF, 0xF4, 0x00, 0x00, 0x00,
    0x00, 0x9F, 0xFF, 0xF4, 0x00, 0x00, 0x00, 0x00, 0x9F, 0xFF, 0xF4, 0x00, 0x00, 0x00, 0x00, 0x9F,
    0xFF, 0xF4, 0x00, 0x00, 0x00, 0x00, 0x9F, 0xFF, 0xF4, 0x00, 0x00, 0x00, 0x00, 0x9F, 0xFF, 0xF4,
    0x00, 0x00, 0x00, 0x00, 0x9F, 0xFF, 0xF4, 0x00, 0x00, 0x00, 0x00, 0x9F, 0xFF, 0xF4, 0x00, 0x00,
    0x00, 0x00, 0x9F, 0xFF, 0xF4, 0x00, 0x00, 0x00, 0x00, 0x9F, 0xFF, 0xF4, 0x00, 0x00, 0x00, 0x00,
    0x9F, 0xFF, 0xF4, 0x00, 0x00, 0x00, 0x00, 0x9F, 0xFF, 0xFF, 0xFF, 0xFF, 0xFF, 0xFD, 0x9F, 0xFF,
    0xFF, 0xFF, 0xFF, 0xFF, 0xFD, 0x9F, 0xFF, 0xFF, 0xFF, 0xFF, 0xFF, 0xFD, 0x00, 0x0B, 0xFF, 0xA0,
    0x00, 0x8F, 0xF7, 0x00, 0x06, 0xFE, 0x50, 0x00, 0x00, 0x00, 0x00, 0x00, 0xCF, 0xFF, 0xB0, 0x00,
    0xCF, 0xFF, 0xB0, 0x00, 0xCF, 0xFF, 0xB0, 0x00, 0xCF, 0xFF, 0xB0, 0x00, 0xCF, 0xFF, 0xB0, 0x00,
    0xCF, 0xFF, 0xB0, 0x00, 0xCF, 0xFF, 0xB0, 0x00, 0xCF, 0xFF, 0xB0, 0x00, 0xCF, 0xFF, 0xB0, 0x00,
    0xCF, 0xFF, 0xB0, 0x00, 0xCF, 0xFF, 0xB0, 0x00, 0xCF, 0xFF, 0xB0, 0x00, 0xCF, 0xFF, 0xB0, 0x00,
    0xCF, 0xFF, 0xB0, 0x00, 0xCF, 0xFF, 0xB0, 0x00, 0xCF, 0xFF, 0xB0, 0x00, 0xCF, 0xFF, 0xB0, 0x00,
    0xCF, 0xFF, 0xB0, 0x00, 0xCF, 0xFF, 0xB0, 0x00, 0xCF, 0xFF, 0xB0, 0x00, 0x9F, 0xFF, 0xF4, 0x00,
    0x00, 0x00, 0x00, 0x9F, 0xFF, 0xF4, 0x00, 0x00, 0x00, 0x00, 0x9F, 0xFF, 0xF4, 0x00, 0x00, 0x00,
    0x00, 0x9F, 0xFF, 0xF4, 0x00, 0x00, 0x00, 0x00, 0x9F, 0xFF, 0xF4, 0x00, 0x00, 0x00, 0x00, 0x9F,
    0xFF, 0xF4, 0x00, 0x00, 0x00, 0x00, 0x9F, 0xFF, 0xF4, 0x00, 0x00, 0x00, 0x00, 0x9F, 0xFF, 0xF4,
    0x00, 0x00, 0x00, 0x00, 0x9F, 0xFF, 0xF4, 0x00, 0x00, 0x00, 0x00, 0x9F, 0xFF, 0xF4, 0x00, 0x00,
    0x00, 0x00, 0x9F, 0xFF, 0xF4, 0x00, 0x00, 0x00, 0x00, 0x9F, 0xFF, 0xF4, 0x00, 0x00, 0x00, 0x00,
    0x9F, 0xFF, 0xF4, 0x00, 0x00, 0x00, 0x00, 0x9F, 0xFF, 0xF4, 0x00, 0x00, 0x00, 0x00, 0x9F, 0xFF,
    0xF4, 0x00, 0x00, 0x00, 0x00, 0x9F, 0xFF, 0xF4, 0x00, 0x00, 0x00, 0x00, 0x9F, 0xFF, 0xFF, 0xFF,
    0xFF, 0xFF, 0xFD, 0x9F, 0xFF, 0xFF, 0xFF, 0xFF, 0xFF, 0xFD, 0x9F, 0xFF, 0xFF, 0xFF, 0xFF, 0xFF,
    0xFD, 0x00, 0x00, 0x00, 0x00, 0x00, 0x00, 0x00, 0x00, 0x00, 0x08, 0xFF, 0xF6, 0x00, 0x00, 0x00,
    0x00, 0x0C, 0xFF, 0xA0, 0x00, 0x00, 0x00, 0x00, 0x1F, 0xFE, 0x10, 0x00, 0x00, 0x00, 0x00, 0x5F,
    0xF4, 0x00, 0x00, 0x00, 0x0C, 0xFF, 0xFB, 0x0C, 0xFF, 0xFB, 0x0C, 0xFF, 0xFB, 0x0C, 0xFF, 0xFB,
    0x0C, 0xFF, 0xFB, 0x0C, 0xFF, 0xFB, 0x0C, 0xFF, 0xFB, 0x0C, 0xFF, 0xFB, 0x0C, 0xFF, 0xFB, 0x0C,
    0xFF, 0xFB, 0x0C, 0xFF, 0xFB, 0x0C, 0xFF, 0xFB, 0x0C, 0xFF, 0xFB, 0x0C, 0xFF, 0xFB, 0x0C, 0xFF,
    0xFB, 0x0C, 0xFF, 0xFB, 0x0C, 0xFF, 0xFB, 0x0C, 0xFF, 0xFB, 0x0C, 0xFF, 0xFB, 0x0C, 0xFF, 0xFB,
    0x00, 0x00, 0x00, 0x02, 0xFF, 0xFB, 0x07, 0xFF, 0xE2, 0x0B, 0xFF, 0x50, 0x1F, 0xF9, 0x00, 0x9F,
    0xFF, 0xF4, 0x00, 0x00, 0xDF, 0xF9, 0x9F, 0xFF, 0xF4, 0x00, 0x01, 0xFF, 0xF3, 0x9F, 0xFF, 0xF4,
    0x00, 0x04, 0xFF, 0xB0, 0x9F, 0xFF, 0xF4, 0x00, 0x07, 0xFF, 0x50, 0x9F, 0xFF, 0xF4, 0x00, 0x0A,
    0xFD, 0x00, 0x9F, 0xFF, 0xF4, 0x00, 0x00, 0x00, 0x00, 0x9F, 0xFF, 0xF4, 0x00, 0x00, 0x00, 0x00,
    0x9F, 0xFF, 0xF4, 0x00, 0x00, 0x00, 0x00, 0x9F, 0xFF, 0xF4, 0x00, 0x00, 0x00, 0x00, 0x9F, 0xFF,
    0xF4, 0x00, 0x00, 0x00, 0x00, 0x9F, 0xFF, 0xF4, 0x00, 0x00, 0x00, 0x00, 0x9F, 0xFF, 0xF4, 0x00,
    0x00, 0x00, 0x00, 0x9F, 0xFF, 0xF4, 0x00, 0x00, 0x00, 0x00, 0x9F, 0xFF, 0xF4, 0x00, 0x00, 0x00,
    0x00, 0x9F, 0xFF, 0xF4, 0x00, 0x00, 0x00, 0x00, 0x9F, 0xFF, 0xF4, 0x00, 0x00, 0x00, 0x00, 0x9F,
    0xFF, 0xFF, 0xFF, 0xFF, 0xFF, 0xFD, 0x9F, 0xFF, 0xFF, 0xFF, 0xFF, 0xFF, 0xFD, 0x9F, 0xFF, 0xFF,
    0xFF, 0xFF, 0xFF, 0xFD, 0xCF, 0xFF, 0xB0, 0x3F, 0xFF, 0x40, 0xCF, 0xFF, 0xB0, 0x7F, 0xFC, 0x00,
    0xCF, 0xFF, 0xB0, 0xAF, 0xF6, 0x00, 0xCF, 0xFF, 0xB0, 0xDF, 0xE1, 0x00, 0xCF, 0xFF, 0xB1, 0xFF,
    0x80, 0x00, 0xCF, 0xFF, 0xB0, 0x00, 0x00, 0x00, 0xCF, 0xFF, 0xB0, 0x00, 0x00, 0x00, 0xCF, 0xFF,
    0xB0, 0x00, 0x00, 0x00, 0xCF, 0xFF, 0xB0, 0x00, 0x00, 0x00, 0xCF, 0xFF, 0xB0, 0x00, 0x00, 0x00,
    0xCF, 0xFF, 0xB0, 0x00, 0x00, 0x00, 0xCF, 0xFF, 0xB0, 0x00, 0x00, 0x00, 0xCF, 0xFF, 0xB0, 0x00,
    0x00, 0x00, 0xCF, 0xFF, 0xB0, 0x00, 0x00, 0x00, 0xCF, 0xFF, 0xB0, 0x00, 0x00, 0x00, 0xCF, 0xFF,
    0xB0, 0x00, 0x00, 0x00, 0xCF, 0xFF, 0xB0, 0x00, 0x00, 0x00, 0xCF, 0xFF, 0xB0, 0x00, 0x00, 0x00,
    0xCF, 0xFF, 0xB0, 0x00, 0x00, 0x00, 0xCF, 0xFF, 0xB0, 0x00, 0x00, 0x00, 0x9F, 0xFF, 0xF4, 0x00,
    0x00, 0x00, 0x00, 0x9F, 0xFF, 0xF4, 0x00, 0x00, 0x00, 0x00, 0x9F, 0xFF, 0xF4, 0x00, 0x00, 0x00,
    0x00, 0x9F, 0xFF, 0xF4, 0x00, 0x00, 0x00, 0x00, 0x9F, 0xFF, 0xF4, 0x00, 0x00, 0x00, 0x00, 0x9F,
    0xFF, 0xF4, 0x00, 0x00, 0x00, 0x00, 0x9F, 0xFF, 0xF4, 0x00, 0x3F, 0xFF, 0xF6, 0x9F, 0xFF, 0xF4,
    0x00, 0x3F, 0xFF, 0xF6, 0x9F, 0xFF, 0xF4, 0x00, 0x3F, 0xFF, 0xF6, 0x9F, 0xFF, 0xF4, 0x00, 0x3F,
    0xFF, 0xF6, 0x9F, 0xFF, 0xF4, 0x00, 0x3F, 0xFF, 0xF6, 0x9F, 0xFF, 0xF4, 0x00, 0x00, 0x00, 0x00,
    0x9F, 0xFF, 0xF4, 0x00, 0x00, 0x00, 0x00, 0x9F, 0xFF, 0xF4, 0x00, 0x00, 0x00, 0x00, 0x9F, 0xFF,
    0xF4, 0x00, 0x00, 0x00, 0x00, 0x9F, 0xFF, 0xF4, 0x00, 0x00, 0x00, 0x00, 0x9F, 0xFF, 0xFF, 0xFF,
    0xFF, 0xFF, 0xFD, 0x9F, 0xFF, 0xFF, 0xFF, 0xFF, 0xFF, 0xFD, 0x9F, 0xFF, 0xFF, 0xFF, 0xFF, 0xFF,
    0xFD, 0xCF, 0xFF, 0xB0, 0x00, 0x00, 0x00, 0xCF, 0xFF, 0xB0, 0x00, 0x00, 0x00, 0xCF, 0xFF, 0xB0,
    0x00, 0x00, 0x00, 0xCF, 0xFF, 0xB0, 0x00, 0x00, 0x00, 0xCF, 0xFF, 0xB0, 0x00, 0x00, 0x00, 0xCF,
    0xFF, 0xB0, 0x00, 0x00, 0x00, 0xCF, 0xFF, 0xB0, 0x00, 0x00, 0x00, 0xCF, 0xFF, 0xB0, 0xFF, 0xFF,
    0x90, 0xCF, 0xFF, 0xB0, 0xFF, 0xFF, 0x90, 0xCF, 0xFF, 0xB0, 0xFF, 0xFF, 0x90, 0xCF, 0xFF, 0xB0,
    0xFF, 0xFF, 0x90, 0xCF, 0xFF, 0xB0, 0xFF, 0xFF, 0x90, 0xCF, 0xFF, 0xB0, 0x00, 0x00, 0x00, 0xCF,
    0xFF, 0xB0, 0x00, 0x00, 0x00, 0xCF, 0xFF, 0xB0, 0x00, 0x00, 0x00, 0xCF, 0xFF, 0xB0, 0x00, 0x00,
    0x00, 0xCF, 0xFF, 0xB0, 0x00, 0x00, 0x00, 0xCF, 0xFF, 0xB0, 0x00, 0x00, 0x00, 0xCF, 0xFF, 0xB0,
    0x00, 0x00, 0x00, 0xCF, 0xFF, 0xB0, 0x00, 0x00, 0x00, 0x00, 0x07, 0xFF, 0xFF, 0x60, 0x00, 0x00,
    0x00, 0x00, 0x00, 0x07, 0xFF, 0xFF, 0x60, 0x00, 0x00, 0x00, 0x00, 0x00, 0x07, 0xFF, 0xFF, 0x60,
    0x00, 0x00, 0x00, 0x00, 0x00, 0x07, 0xFF, 0xFF, 0x60, 0x2A, 0x10, 0x00, 0x00, 0x00, 0x07, 0xFF,
    0xFF, 0x64, 0xEF, 0xA0, 0x00, 0x00, 0x00, 0x07, 0xFF, 0xFF, 0xCF, 0xFF, 0xF3, 0x00, 0x00, 0x00,
    0x07, 0xFF, 0xFF, 0xFF, 0xFE, 0x50, 0x00, 0x00, 0x00, 0x07, 0xFF, 0xFF, 0xFF, 0xB2, 0x00, 0x00,
    0x00, 0x00, 0x07, 0xFF, 0xFF, 0xF7, 0x00, 0x00, 0x00, 0x00, 0x00, 0x2C, 0xFF, 0xFF, 0x70, 0x00,
    0x00, 0x00, 0x00, 0x06, 0xEF, 0xFF, 0xFF, 0x60, 0x00, 0x00, 0x00, 0x00, 0xAF, 0xFF, 0xFF, 0xFF,
    0x60, 0x00, 0x00, 0x00, 0x00, 0xAF, 0xFF, 0xFF, 0xFF, 0x60, 0x00, 0x00, 0x00, 0x00, 0x1D, 0xA8,
    0xFF, 0xFF, 0x60, 0x00, 0x00, 0x00, 0x00, 0x01, 0x07, 0xFF, 0xFF, 0x60, 0x00, 0x00, 0x00, 0x00,
    0x00, 0x07, 0xFF, 0xFF, 0x60, 0x00, 0x00, 0x00, 0x00, 0x00, 0x07, 0xFF, 0xFF, 0xFF, 0xFF, 0xFF,
    0xFF, 0xF0, 0x00, 0x07, 0xFF, 0xFF, 0xFF, 0xFF, 0xFF, 0xFF, 0xF0, 0x00, 0x07, 0xFF, 0xFF, 0xFF,
    0xFF, 0xFF, 0xFF, 0xF0, 0x00, 0x07, 0xFF, 0xFF, 0x10, 0x00, 0x00, 0x07, 0xFF, 0xFF, 0x10, 0x00,
    0x00, 0x07, 0xFF, 0xFF, 0x10, 0x00, 0x00, 0x07, 0xFF, 0xFF, 0x10, 0x00, 0x00, 0x07, 0xFF, 0xFF,
    0x10, 0x00, 0x00, 0x07, 0xFF, 0xFF, 0x27, 0x00, 0x00, 0x07, 0xFF, 0xFF, 0xDF, 0x90, 0x00, 0x07,
    0xFF, 0xFF, 0xFF, 0xB0, 0x00, 0x07, 0xFF, 0xFF, 0xE6, 0x00, 0x00, 0x7F, 0xFF, 0xFF, 0x30, 0x00,
    0x2C, 0xFF, 0xFF, 0xFF, 0x10, 0x00, 0x2E, 0xFE, 0xFF, 0xFF, 0x10, 0x00, 0x05, 0x77, 0xFF, 0xFF,
    0x10, 0x00, 0x00, 0x07, 0xFF, 0xFF, 0x10, 0x00, 0x00, 0x07, 0xFF, 0xFF, 0x10, 0x00, 0x00, 0x07,
    0xFF, 0xFF, 0x10, 0x00, 0x00, 0x07, 0xFF, 0xFF, 0x10, 0x00, 0x00, 0x07, 0xFF, 0xFF, 0x10, 0x00,
    0x00, 0x07, 0xFF, 0xFF, 0x10, 0x00, 0x00, 0x07, 0xFF, 0xFF, 0x10, 0x00, 0x00, 0x00, 0x00, 0x00,
    0x7F, 0xFC, 0x20, 0x00, 0x00, 0x00, 0x00, 0x00, 0x05, 0xFF, 0xA1, 0x00, 0x00, 0x00, 0x00, 0x00,
    0x00, 0x3E, 0xF8, 0x00, 0x00, 0x00, 0x00, 0x00, 0x00, 0x00, 0x00, 0x00, 0x00, 0x00, 0x00, 0x00,
    0x00, 0x00, 0x00, 0x00, 0x00, 0x00, 0x00, 0x00, 0x00, 0x9F, 0xFF, 0xFF, 0x20, 0x00, 0x00, 0x4F,
    0xFF, 0xF6, 0x9F, 0xFF, 0xFF, 0xA0, 0x00, 0x00, 0x4F, 0xFF, 0xF6, 0x9F, 0xFF, 0xFF, 0xF3, 0x00,
    0x00, 0x4F, 0xFF, 0xF6, 0x9F, 0xFF, 0xFF, 0xFA, 0x00, 0x00, 0x4F, 0xFF, 0xF6, 0x9F, 0xFF, 0xFF,
    0xFF, 0x30, 0x00, 0x4F, 0xFF, 0xF6, 0x9F, 0xFF, 0xFF, 0xFF, 0xB0, 0x00, 0x4F, 0xFF, 0xF6, 0x9F,
    0xFF, 0xFB, 0xFF, 0xF4, 0x00, 0x4F, 0xFF, 0xF6, 0x9F, 0xFF, 0xF3, 0xFF, 0xFC, 0x00, 0x4F, 0xFF,
    0xF6, 0x9F, 0xFF, 0xF0, 0xAF, 0xFF, 0x50, 0x4F, 0xFF, 0xF6, 0x9F, 0xFF, 0xF0, 0x2F, 0xFF, 0xD0,
    0x4F, 0xFF, 0xF6, 0x9F, 0xFF, 0xF0, 0x09, 0xFF, 0xF6, 0x4F, 0xFF, 0xF6, 0x9F, 0xFF, 0xF0, 0x01,
    0xEF, 0xFD, 0x4F, 0xFF, 0xF6, 0x9F, 0xFF, 0xF0, 0x00, 0x8F, 0xFF, 0xBF, 0xFF, 0xF6, 0x9F, 0xFF,
    0xF0, 0x00, 0x1E, 0xFF, 0xFF, 0xFF, 0xF6, 0x9F, 0xFF, 0xF0, 0x00, 0x07, 0xFF, 0xFF, 0xFF, 0xF6,
    0x9F, 0xFF, 0xF0, 0x00, 0x01, 0xDF, 0xFF, 0xFF, 0xF6, 0x9F, 0xFF, 0xF0, 0x00, 0x00, 0x6F, 0xFF,
    0xFF, 0xF6, 0x9F, 0xFF, 0xF0, 0x00, 0x00, 0x0D, 0xFF, 0xFF, 0xF6, 0x9F, 0xFF, 0xF0, 0x00, 0x00,
    0x05, 0xFF, 0xFF, 0xF6, 0x00, 0x00, 0x00, 0x08, 0xFF, 0xD1, 0x00, 0x00, 0x00, 0x00, 0x00, 0x4F,
    0xFD, 0x20, 0x00, 0x00, 0x00, 0x00, 0x01, 0xEF, 0xE2, 0x00, 0x00, 0x00, 0x00, 0x00, 0x0A, 0xFE,
    0x30, 0x00, 0x00, 0x00, 0x00, 0x00, 0x6F, 0xE3, 0x00, 0x00, 0x00, 0x00, 0x00, 0x00, 0x00, 0x00,
    0x00, 0x00, 0x00, 0x00, 0x00, 0x00, 0x00, 0x00, 0x00, 0x00, 0x00, 0x00, 0xCF, 0xFF, 0xB0, 0x4A,
    0xEF, 0xEA, 0x30, 0x00, 0xCF, 0xFF, 0xBA, 0xFF, 0xFF, 0xFF, 0xF4, 0x00, 0xCF, 0xFF, 0xFF, 0xFF,
    0xFF, 0xFF, 0xFD, 0x00, 0xCF, 0xFF, 0xFE, 0x51, 0x3C, 0xFF, 0xFF, 0x40, 0xCF, 0xFF, 0xF5, 0x00,
    0x04, 0xFF, 0xFF, 0x60, 0xCF, 0xFF, 0xE0, 0x00, 0x02, 0xFF, 0xFF, 0x70, 0xCF, 0xFF, 0xC0, 0x00,
    0x02, 0xFF, 0xFF, 0x70, 0xCF, 0xFF, 0xB0, 0x00, 0x01, 0xFF, 0xFF, 0x70, 0xCF, 0xFF, 0xB0, 0x00,
    0x01, 0xFF, 0xFF, 0x70, 0xCF, 0xFF, 0xB0, 0x00, 0x01, 0xFF, 0xFF, 0x70, 0xCF, 0xFF, 0xB0, 0x00,
    0x01, 0xFF, 0xFF, 0x70, 0xCF, 0xFF, 0xB0, 0x00, 0x01, 0xFF, 0xFF, 0x70, 0xCF, 0xFF, 0xB0, 0x00,
    0x01, 0xFF, 0xFF, 0x70, 0xCF, 0xFF, 0xB0, 0x00, 0x01, 0xFF, 0xFF, 0x70, 0x9F, 0xFF, 0xFF, 0x20,
    0x00, 0x00, 0x4F, 0xFF, 0xF6, 0x9F, 0xFF, 0xFF, 0xA0, 0x00, 0x00, 0x4F, 0xFF, 0xF6, 0x9F, 0xFF,
    0xFF, 0xF3, 0x00, 0x00, 0x4F, 0xFF, 0xF6, 0x9F, 0xFF, 0xFF, 0xFA, 0x00, 0x00, 0x4F, 0xFF, 0xF6,
    0x9F, 0xFF, 0xFF, 0xFF, 0x30, 0x00, 0x4F, 0xFF, 0xF6, 0x9F, 0xFF, 0xFF, 0xFF, 0xB0, 0x00, 0x4F,
    0xFF, 0xF6, 0x9F, 0xFF, 0xFB, 0xFF, 0xF4, 0x00, 0x4F, 0xFF, 0xF6, 0x9F, 0xFF, 0xF3, 0xFF, 0xFC,
    0x00, 0x4F, 0xFF, 0xF6, 0x9F, 0xFF, 0xF0, 0xAF, 0xFF, 0x50, 0x4F, 0xFF, 0xF6, 0x9F, 0xFF, 0xF0,
    0x2F, 0xFF, 0xD0, 0x4F, 0xFF, 0xF6, 0x9F, 0xFF, 0xF0, 0x09, 0xFF, 0xF6, 0x4F, 0xFF, 0xF6, 0x9F,
    0xFF, 0xF0, 0x01, 0xEF, 0xFD, 0x4F, 0xFF, 0xF6, 0x9F, 0xFF, 0xF0, 0x00, 0x8F, 0xFF, 0xBF, 0xFF,
    0xF6, 0x9F, 0xFF, 0xF0, 0x00, 0x1E, 0xFF, 0xFF, 0xFF, 0xF6, 0x9F, 0xFF, 0xF0, 0x00, 0x07, 0xFF,
    0xFF, 0xFF, 0xF6, 0x9F, 0xFF, 0xF0, 0x00, 0x01, 0xDF, 0xFF, 0xFF, 0xF6, 0x9F, 0xFF, 0xF0, 0x00,
    0x00, 0x6F, 0xFF, 0xFF, 0xF6, 0x9F, 0xFF, 0xF0, 0x00, 0x00, 0x0D, 0xFF, 0xFF, 0xF6, 0x9F, 0xFF,
    0xF0, 0x00, 0x00, 0x05, 0xFF, 0xFF, 0xF6, 0x00, 0x00, 0x00, 0x00, 0x00, 0x00, 0x00, 0x00, 0x00,
    0x00, 0x00, 0x00, 0x0B, 0xFF, 0xF3, 0x00, 0x00, 0x00, 0x00, 0x00, 0x00, 0x1F, 0xFF, 0x70, 0x00,
    0x00, 0x00, 0x00, 0x00, 0x00, 0x5F, 0xFB, 0x00, 0x00, 0x00, 0x00, 0x00, 0x00, 0x00, 0x9F, 0xE2,
    0x00, 0x00, 0x00, 0x00, 0xCF, 0xFF, 0xB0, 0x4A, 0xEF, 0xEA, 0x30, 0x00, 0xCF, 0xFF, 0xBA, 0xFF,
    0xFF, 0xFF, 0xF4, 0x00, 0xCF, 0xFF, 0xFF, 0xFF, 0xFF, 0xFF, 0xFD, 0x00, 0xCF, 0xFF, 0xFE, 0x51,
    0x3C, 0xFF, 0xFF, 0x40, 0xCF, 0xFF, 0xF5, 0x00, 0x04, 0xFF, 0xFF, 0x60, 0xCF, 0xFF, 0xE0, 0x00,
    0x02, 0xFF, 0xFF, 0x70, 0xCF, 0xFF, 0xC0, 0x00, 0x02, 0xFF, 0xFF, 0x70, 0xCF, 0xFF, 0xB0, 0x00,
    0x01, 0xFF, 0xFF, 0x70, 0xCF, 0xFF, 0xB0, 0x00, 0x01, 0xFF, 0xFF, 0x70, 0xCF, 0xFF, 0xB0, 0x00,
    0x01, 0xFF, 0xFF, 0x70, 0xCF, 0xFF, 0xB0, 0x00, 0x01, 0xFF, 0xFF, 0x70, 0xCF, 0xFF, 0xB0, 0x00,
    0x01, 0xFF, 0xFF, 0x70, 0xCF, 0xFF, 0xB0, 0x00, 0x01, 0xFF, 0xFF, 0x70, 0xCF, 0xFF, 0xB0, 0x00,
    0x01, 0xFF, 0xFF, 0x70, 0x00, 0x00, 0x00, 0x00, 0x00, 0x00, 0x00, 0x00, 0x00, 0x00, 0x04, 0xFF,
    0xF9, 0x00, 0x00, 0x00, 0x00, 0x00, 0x09, 0xFF, 0xD1, 0x00, 0x00, 0x00, 0x00, 0x00, 0x0D, 0xFF,
    0x30, 0x00, 0x00, 0x00, 0x00, 0x00, 0x2F, 0xF8, 0x00, 0x00, 0x00, 0x00, 0x00, 0x00, 0x3E, 0xE6,
    0x00, 0x2C, 0xF7, 0x00, 0x00, 0x00, 0x00, 0x03, 0xEF, 0xA6, 0xEF, 0x80, 0x00, 0x00, 0x00, 0x00,
    0x00, 0x4F, 0xFF, 0xF9, 0x00, 0x00, 0x00, 0x00, 0x00, 0x00, 0x00, 0x00, 0x00, 0x00, 0x00, 0x00,
    0x00, 0x00, 0x00, 0x00, 0x00, 0x00, 0x00, 0x00, 0x00, 0x9F, 0xFF, 0xFF, 0x20, 0x00, 0x00, 0x4F,
    0xFF, 0xF6, 0x9F, 0xFF, 0xFF, 0xA0, 0x00, 0x00, 0x4F, 0xFF, 0xF6, 0x9F, 0xFF, 0xFF, 0xF3, 0x00,
    0x00, 0x4F, 0xFF, 0xF6, 0x9F, 0xFF, 0xFF, 0xFA, 0x00, 0x00, 0x4F, 0xFF, 0xF6, 0x9F, 0xFF, 0xFF,
    0xFF, 0x30, 0x00, 0x4F, 0xFF, 0xF6, 0x9F, 0xFF, 0xFF, 0xFF, 0xB0, 0x00, 0x4F, 0xFF, 0xF6, 0x9F,
    0xFF, 0xFB, 0xFF, 0xF4, 0x00, 0x4F, 0xFF, 0xF6, 0x9F, 0xFF, 0xF3, 0xFF, 0xFC, 0x00, 0x4F, 0xFF,
    0xF6, 0x9F, 0xFF, 0xF0, 0xAF, 0xFF, 0x50, 0x4F, 0xFF, 0xF6, 0x9F, 0xFF, 0xF0, 0x2F, 0xFF, 0xD0,
    0x4F, 0xFF, 0xF6, 0x9F, 0xFF, 0xF0, 0x09, 0xFF, 0xF6, 0x4F, 0xFF, 0xF6, 0x9F, 0xFF, 0xF0, 0x01,
    0xEF, 0xFD, 0x4F, 0xFF, 0xF6, 0x9F, 0xFF, 0xF0, 0x00, 0x8F, 0xFF, 0xBF, 0xFF, 0xF6, 0x9F, 0xFF,
    0xF0, 0x00, 0x1E, 0xFF, 0xFF, 0xFF, 0xF6, 0x9F, 0xFF, 0xF0, 0x00, 0x07, 0xFF, 0xFF, 0xFF, 0xF6,
    0x9F, 0xFF, 0xF0, 0x00, 0x01, 0xDF, 0xFF, 0xFF, 0xF6, 0x9F, 0xFF, 0xF0, 0x00, 0x00, 0x6F, 0xFF,
    0xFF, 0xF6, 0x9F, 0xFF, 0xF0, 0x00, 0x00, 0x0D, 0xFF, 0xFF, 0xF6, 0x9F, 0xFF, 0xF0, 0x00, 0x00,
    0x05, 0xFF, 0xFF, 0xF6, 0x00, 0xCF, 0x80, 0x00, 0x4F, 0xE2, 0x00, 0x00, 0x00, 0x3F, 0xF6, 0x02,
    0xEF, 0x70, 0x00, 0x00, 0x00, 0x08, 0xFF, 0x5D, 0xFC, 0x00, 0x00, 0x00, 0x00, 0x00, 0xDF, 0xFF,
    0xF3, 0x00, 0x00, 0x00, 0x00, 0x00, 0x3F, 0xFF, 0x70, 0x00, 0x00, 0x00, 0x00, 0x00, 0x00, 0x00,
    0x00, 0x00, 0x00, 0x00, 0x00, 0x00, 0x00, 0x00, 0x00, 0x00, 0x00, 0x00, 0xCF, 0xFF, 0xB0, 0x4A,
    0xEF, 0xEA, 0x30, 0x00, 0xCF, 0xFF, 0xBA, 0xFF, 0xFF, 0xFF, 0xF4, 0x00, 0xCF, 0xFF, 0xFF, 0xFF,
    0xFF, 0xFF, 0xFD, 0x00, 0xCF, 0xFF, 0xFE, 0x51, 0x3C, 0xFF, 0xFF, 0x40, 0xCF, 0xFF, 0xF5, 0x00,
    0x04, 0xFF, 0xFF, 0x60, 0xCF, 0xFF, 0xE0, 0x00, 0x02, 0xFF, 0xFF, 0x70, 0xCF, 0xFF, 0xC0, 0x00,
    0x02, 0xFF, 0xFF, 0x70, 0xCF, 0xFF, 0xB0, 0x00, 0x01, 0xFF, 0xFF, 0x70, 0xCF, 0xFF, 0xB0, 0x00,
    0x01, 0xFF, 0xFF, 0x70, 0xCF, 0xFF, 0xB0, 0x00, 0x01, 0xFF, 0xFF, 0x70, 0xCF, 0xFF, 0xB0, 0x00,
    0x01, 0xFF, 0xFF, 0x70, 0xCF, 0xFF, 0xB0, 0x00, 0x01, 0xFF, 0xFF, 0x70, 0xCF, 0xFF, 0xB0, 0x00,
    0x01, 0xFF, 0xFF, 0x70, 0xCF, 0xFF, 0xB0, 0x00, 0x01, 0xFF, 0xFF, 0x70, 0x06, 0xFF, 0xFE, 0x00,
    0x00, 0x00, 0x00, 0x00, 0x00, 0x00, 0x00, 0x00, 0x06, 0xFF, 0xFE, 0x00, 0x00, 0x00, 0x00, 0x00,
    0x00, 0x00, 0x00, 0x00, 0x06, 0xFF, 0xFE, 0x00, 0x00, 0x00, 0x00, 0x00, 0x00, 0x00, 0x00, 0x00,
    0x06, 0xFF, 0xFD, 0x00, 0x00, 0x00, 0x00, 0x00, 0x00, 0x00, 0x00, 0x00, 0x0A, 0xFF, 0xF5, 0x00,
    0x00, 0x00, 0x00, 0x00, 0x00, 0x00, 0x00, 0x00, 0x0E, 0xFF, 0xA0, 0x02, 0xFF, 0xFF, 0x60, 0x7C,
    0xEF, 0xD8, 0x10, 0x00, 0x4F, 0xFE, 0x10, 0x02, 0xFF, 0xFF, 0x8D, 0xFF, 0xFF, 0xFF, 0xD1, 0x00,
    0x8F, 0xF5, 0x00, 0x02, 0xFF, 0xFF, 0xFF, 0xFF, 0xFF, 0xFF, 0xF9, 0x00, 0x00, 0x00, 0x00, 0x02,
    0xFF, 0xFF, 0xFC, 0x31, 0x5E, 0xFF, 0xFE, 0x00, 0x00, 0x00, 0x00, 0x02, 0xFF, 0xFF, 0xE1, 0x00,
    0x09, 0xFF, 0xFF, 0x20, 0x00, 0x00, 0x00, 0x02, 0xFF, 0xFF, 0xA0, 0x00, 0x07, 0xFF, 0xFF, 0x20,
    0x00, 0x00, 0x00, 0x02, 0xFF, 0xFF, 0x70, 0x00, 0x06, 0xFF, 0xFF, 0x30, 0x00, 0x00, 0x00, 0x02,
    0xFF, 0xFF, 0x60, 0x00, 0x06, 0xFF, 0xFF, 0x30, 0x00, 0x00, 0x00, 0x02, 0xFF, 0xFF, 0x60, 0x00,
    0x06, 0xFF, 0xFF, 0x30, 0x00, 0x00, 0x00, 0x02, 0xFF, 0xFF, 0x60, 0x00, 0x06, 0xFF, 0xFF, 0x30,
    0x00, 0x00, 0x00, 0x02, 0xFF, 0xFF, 0x60, 0x00, 0x06, 0xFF, 0xFF, 0x30, 0x00, 0x00, 0x00, 0x02,
    0xFF, 0xFF, 0x60, 0x00, 0x06, 0xFF, 0xFF, 0x30, 0x00, 0x00, 0x00, 0x02, 0xFF, 0xFF, 0x60, 0x00,
    0x06, 0xFF, 0xFF, 0x30, 0x00, 0x00, 0x00, 0x02, 0xFF, 0xFF, 0x60, 0x00, 0x06, 0xFF, 0xFF, 0x30,
    0xCF, 0xFF, 0xE0, 0x04, 0x9D, 0xEE, 0xD8, 0x10, 0x00, 0xCF, 0xFF, 0xE1, 0xAF, 0xFF, 0xFF, 0xFF,
    0xD2, 0x00, 0xCF, 0xFF, 0xEB, 0xFF, 0xFF, 0xFF, 0xFF, 0xFC, 0x00, 0xCF, 0xFF, 0xFF, 0xE5, 0x11,
    0x4D, 0xFF, 0xFF, 0x50, 0xCF, 0xFF, 0xFE, 0x20, 0x00, 0x02, 0xFF, 0xFF, 0x90, 0xCF, 0xFF, 0xF8,
    0x00, 0x00, 0x00, 0xDF, 0xFF, 0xC0, 0xCF, 0xFF, 0xF2, 0x00, 0x00, 0x00, 0xBF, 0xFF, 0xE0, 0xCF,
    0xFF, 0xE0, 0x00, 0x00, 0x00, 0xAF, 0xFF, 0xF0, 0xCF, 0xFF, 0xD0, 0x00, 0x00, 0x00, 0x9F, 0xFF,
    0xF0, 0xCF, 0xFF, 0xD0, 0x00, 0x00, 0x00, 0x9F, 0xFF, 0xF0, 0xCF, 0xFF, 0xD0, 0x00, 0x00, 0x00,
    0x9F, 0xFF, 0xF0, 0xCF, 0xFF, 0xD0, 0x00, 0x00, 0x00, 0x9F, 0xFF, 0xF0, 0xCF, 0xFF, 0xD0, 0x00,
    0x00, 0x00, 0x9F, 0xFF, 0xF0, 0xCF, 0xFF, 0xD0, 0x00, 0x00, 0x00, 0x9F, 0xFF, 0xF0, 0xCF, 0xFF,
    0xD0, 0x00, 0x00, 0x00, 0x9F, 0xFF, 0xF0, 0xCF, 0xFF, 0xD0, 0x00, 0x00, 0x00, 0x9F, 0xFF, 0xF0,
    0xCF, 0xFF, 0xD0, 0x00, 0x00, 0x00, 0x9F, 0xFF, 0xF0, 0xCF, 0xFF, 0xD0, 0x00, 0x00, 0x00, 0x9F,
    0xFF, 0xF0, 0xCF, 0xFF, 0xD0, 0x00, 0x00, 0x00, 0xBF, 0xFF, 0xE0, 0x00, 0x00, 0x00, 0x00, 0x00,
    0x02, 0xFF, 0xFF, 0xB0, 0x00, 0x00, 0x00, 0x00, 0x01, 0x4D, 0xFF, 0xFF, 0x70, 0x00, 0x00, 0x00,
    0x00, 0x7F, 0xFF, 0xFF, 0xFD, 0x10, 0x00, 0x00, 0x00, 0x00, 0x7F, 0xFF, 0xFF, 0xC2, 0x00, 0x00,
    0x00, 0x00, 0x00, 0x7F, 0xED, 0xA5, 0x00, 0x00, 0xCF, 0xFF, 0xB0, 0x4A, 0xEF, 0xEA, 0x30, 0x00,
    0xCF, 0xFF, 0xBA, 0xFF, 0xFF, 0xFF, 0xF4, 0x00, 0xCF, 0xFF, 0xFF, 0xFF, 0xFF, 0xFF, 0xFD, 0x00,
    0xCF, 0xFF, 0xFE, 0x51, 0x3C, 0xFF, 0xFF, 0x30, 0xCF, 0xFF, 0xF5, 0x00, 0x04, 0xFF, 0xFF, 0x60,
    0xCF, 0xFF, 0xE0, 0x00, 0x02, 0xFF, 0xFF, 0x70, 0xCF, 0xFF, 0xC0, 0x00, 0x02, 0xFF, 0xFF, 0x70,
    0xCF, 0xFF, 0xB0, 0x00, 0x01, 0xFF, 0xFF, 0x70, 0xCF, 0xFF, 0xB0, 0x00, 0x01, 0xFF, 0xFF, 0x70,
    0xCF, 0xFF, 0xB0, 0x00, 0x01, 0xFF, 0xFF, 0x70, 0xCF, 0xFF, 0xB0, 0x00, 0x01, 0xFF, 0xFF, 0x70,
    0xCF, 0xFF, 0xB0, 0x00, 0x01, 0xFF, 0xFF, 0x70, 0xCF, 0xFF, 0xB0, 0x00, 0x01, 0xFF, 0xFF, 0x70,
    0xCF, 0xFF, 0xB0, 0x00, 0x02, 0xFF, 0xFF, 0x70, 0x00, 0x00, 0x00, 0x00, 0x03, 0xFF, 0xFF, 0x60,
    0x00, 0x00, 0x00, 0x00, 0x2A, 0xFF, 0xFF, 0x30, 0x00, 0x00, 0x07, 0xFF, 0xFF, 0xFF, 0xFC, 0x00,
    0x00, 0x00, 0x07, 0xFF, 0xFF, 0xFF, 0xE3, 0x00, 0x00, 0x00, 0x07, 0xFF, 0xFF, 0xD9, 0x20, 0x00,
    0x00, 0x00, 0x00, 0xEF, 0xFF, 0xFF, 0xFF, 0x10, 0x00, 0x00, 0x00, 0x00, 0x00, 0xEF, 0xFF, 0xFF,
    0xFF, 0x10, 0x00, 0x00, 0x00, 0x00, 0x00, 0x00, 0x00, 0x00, 0x00, 0x00, 0x00, 0x00, 0x00, 0x00,
    0x00, 0x00, 0x00, 0x00, 0x00, 0x00, 0x00, 0x00, 0x00, 0x00, 0x00, 0x00, 0x00, 0x00, 0x00, 0x00,
    0x00, 0x00, 0x00, 0x00, 0x02, 0x7B, 0xDE, 0xED, 0xB8, 0x30, 0x00, 0x00, 0x00, 0x01, 0xAF, 0xFF,
    0xFF, 0xFF, 0xFF, 0xFB, 0x20, 0x00, 0x00, 0x2D, 0xFF, 0xFF, 0xFF, 0xFF, 0xFF, 0xFF, 0xE3, 0x00,
    0x01, 0xDF, 0xFF, 0xFC, 0x41, 0x14, 0xBF, 0xFF, 0xFD, 0x10, 0x08, 0xFF, 0xFF, 0xB0, 0x00, 0x00,
    0x0A, 0xFF, 0xFF, 0x90, 0x1E, 0xFF, 0xFF, 0x20, 0x00, 0x00, 0x01, 0xEF, 0xFF, 0xF2, 0x5F, 0xFF,
    0xFB, 0x00, 0x00, 0x00, 0x00, 0xAF, 0xFF, 0xF6, 0x8F, 0xFF, 0xF8, 0x00, 0x00, 0x00, 0x00, 0x6F,
    0xFF, 0xF9, 0x9F, 0xFF, 0xF6, 0x00, 0x00, 0x00, 0x00, 0x5F, 0xFF, 0xFB, 0xAF, 0xFF, 0xF5, 0x00,
    0x00, 0x00, 0x00, 0x4F, 0xFF, 0xFC, 0x9F, 0xFF, 0xF6, 0x00, 0x00, 0x00, 0x00, 0x5F, 0xFF, 0xFB,
    0x8F, 0xFF, 0xF8, 0x00, 0x00, 0x00, 0x00, 0x6F, 0xFF, 0xF9, 0x5F, 0xFF, 0xFB, 0x00, 0x00, 0x00,
    0x00, 0xAF, 0xFF, 0xF6, 0x1E, 0xFF, 0xFF, 0x20, 0x00, 0x00, 0x01, 0xEF, 0xFF, 0xF2, 0x08, 0xFF,
    0xFF, 0xB0, 0x00, 0x00, 0x0A, 0xFF, 0xFF, 0xA0, 0x01, 0xDF, 0xFF, 0xFC, 0x41, 0x14, 0xBF, 0xFF,
    0xFE, 0x20, 0x00, 0x2D, 0xFF, 0xFF, 0xFF, 0xFF, 0xFF, 0xFF, 0xE3, 0x00, 0x00, 0x01, 0xAF, 0xFF,
    0xFF, 0xFF, 0xFF, 0xFB, 0x20, 0x00, 0x00, 0x00, 0x02, 0x8B, 0xDE, 0xFD, 0xC8, 0x30, 0x00, 0x00,
    0x00, 0x01, 0xFF, 0xFF, 0xFF, 0xFE, 0x00, 0x00, 0x00, 0x01, 0xFF, 0xFF, 0xFF, 0xFE, 0x00, 0x00,
    0x00, 0x00, 0x00, 0x00, 0x00, 0x00, 0x00, 0x00, 0x00, 0x00, 0x00, 0x00, 0x00, 0x00, 0x00, 0x00,
    0x00, 0x00, 0x00, 0x00, 0x00, 0x00, 0x00, 0x00, 0x00, 0x00, 0x00, 0x00, 0x00, 0x00, 0x00, 0x00,
    0x00, 0x01, 0x7B, 0xDF, 0xED, 0xA6, 0x10, 0x00, 0x00, 0x5E, 0xFF, 0xFF, 0xFF, 0xFF, 0xE4, 0x00,
    0x06, 0xFF, 0xFF, 0xFF, 0xFF, 0xFF, 0xFF, 0x40, 0x1E, 0xFF, 0xFE, 0x51, 0x16, 0xFF, 0xFF, 0xD0,
    0x7F, 0xFF, 0xF6, 0x00, 0x00, 0x8F, 0xFF, 0xF5, 0xBF, 0xFF, 0xF1, 0x00, 0x00, 0x3F, 0xFF, 0xF9,
    0xDF, 0xFF, 0xE0, 0x00, 0x00, 0x1F, 0xFF, 0xFB, 0xDF, 0xFF, 0xE0, 0x00, 0x00, 0x1F, 0xFF, 0xFB,
    0xBF, 0xFF, 0xF1, 0x00, 0x00, 0x3F, 0xFF, 0xF9, 0x7F, 0xFF, 0xF6, 0x00, 0x00, 0x8F, 0xFF, 0xF5,
    0x1E, 0xFF, 0xFE, 0x51, 0x16, 0xFF, 0xFF, 0xD0, 0x06, 0xFF, 0xFF, 0xFF, 0xFF, 0xFF, 0xFF, 0x40,
    0x00, 0x5E, 0xFF, 0xFF, 0xFF, 0xFF, 0xE4, 0x00, 0x00, 0x01, 0x7B, 0xEF, 0xFD, 0xB6, 0x10, 0x00,
    0x00, 0x00, 0x02, 0xFD, 0x40, 0x14, 0xDF, 0x10, 0x00, 0x00, 0x00, 0x00, 0x00, 0xAF, 0xFF, 0xFF,
    0xF9, 0x00, 0x00, 0x00, 0x00, 0x00, 0x00, 0x07, 0xCE, 0xEC, 0x60, 0x00, 0x00, 0x00, 0x00, 0x00,
    0x00, 0x00, 0x00, 0x00, 0x00, 0x00, 0x00, 0x00, 0x00, 0x00, 0x00, 0x00, 0x00, 0x00, 0x00, 0x00,
    0x00, 0x00, 0x00, 0x00, 0x02, 0x7B, 0xDE, 0xED, 0xB8, 0x30, 0x00, 0x00, 0x00, 0x01, 0xAF, 0xFF,
    0xFF, 0xFF, 0xFF, 0xFB, 0x20, 0x00, 0x00, 0x2D, 0xFF, 0xFF, 0xFF, 0xFF, 0xFF, 0xFF, 0xE3, 0x00,
    0x01, 0xDF, 0xFF, 0xFC, 0x41, 0x14, 0xBF, 0xFF, 0xFD, 0x10, 0x08, 0xFF, 0xFF, 0xB0, 0x00, 0x00,
    0x0A, 0xFF, 0xFF, 0x90, 0x1E, 0xFF, 0xFF, 0x20, 0x00, 0x00, 0x01, 0xEF, 0xFF, 0xF2, 0x5F, 0xFF,
    0xFB, 0x00, 0x00, 0x00, 0x00, 0xAF, 0xFF, 0xF6, 0x8F, 0xFF, 0xF8, 0x00, 0x00, 0x00, 0x00, 0x6F,
    0xFF, 0xF9, 0x9F, 0xFF, 0xF6, 0x00, 0x00, 0x00, 0x00, 0x5F, 0xFF, 0xFB, 0xAF, 0xFF, 0xF5, 0x00,
    0x00, 0x00, 0x00, 0x4F, 0xFF, 0xFC, 0x9F, 0xFF, 0xF6, 0x00, 0x00, 0x00, 0x00, 0x5F, 0xFF, 0xFB,
    0x8F, 0xFF, 0xF8, 0x00, 0x00, 0x00, 0x00, 0x6F, 0xFF, 0xF9, 0x5F, 0xFF, 0xFB, 0x00, 0x00, 0x00,
    0x00, 0xAF, 0xFF, 0xF6, 0x1E, 0xFF, 0xFF, 0x20, 0x00, 0x00, 0x01, 0xEF, 0xFF, 0xF2, 0x08, 0xFF,
    0xFF, 0xB0, 0x00, 0x00, 0x0A, 0xFF, 0xFF, 0xA0, 0x01, 0xDF, 0xFF, 0xFC, 0x41, 0x14, 0xBF, 0xFF,
    0xFE, 0x20, 0x00, 0x2D, 0xFF, 0xFF, 0xFF, 0xFF, 0xFF, 0xFF, 0xE3, 0x00, 0x00, 0x01, 0xAF, 0xFF,
    0xFF, 0xFF, 0xFF, 0xFB, 0x20, 0x00, 0x00, 0x00, 0x02, 0x8B, 0xDE, 0xFD, 0xC8, 0x30, 0x00, 0x00,
    0x00, 0x04, 0xF9, 0x00, 0x00, 0xCF, 0x20, 0x00, 0x00, 0x01, 0xFF, 0x61, 0x18, 0xFD, 0x00, 0x00,
    0x00, 0x00, 0x8F, 0xFF, 0xFF, 0xF6, 0x00, 0x00, 0x00, 0x00, 0x06, 0xCF, 0xEC, 0x50, 0x00, 0x00,
    0x00, 0x00, 0x00, 0x00, 0x00, 0x00, 0x00, 0x00, 0x00, 0x00, 0x00, 0x00, 0x00, 0x00, 0x00, 0x00,
    0x00, 0x01, 0x7B, 0xDF, 0xED, 0xA6, 0x10, 0x00, 0x00, 0x5E, 0xFF, 0xFF, 0xFF, 0xFF, 0xE4, 0x00,
    0x06, 0xFF, 0xFF, 0xFF, 0xFF, 0xFF, 0xFF, 0x40, 0x1E, 0xFF, 0xFE, 0x51, 0x16, 0xFF, 0xFF, 0xD0,
    0x7F, 0xFF, 0xF6, 0x00, 0x00, 0x8F, 0xFF, 0xF5, 0xBF, 0xFF, 0xF1, 0x00, 0x00, 0x3F, 0xFF, 0xF9,
    0xDF, 0xFF, 0xE0, 0x00, 0x00, 0x1F, 0xFF, 0xFB, 0xDF, 0xFF, 0xE0, 0x00, 0x00, 0x1F, 0xFF, 0xFB,
    0xBF, 0xFF, 0xF1, 0x00, 0x00, 0x3F, 0xFF, 0xF9, 0x7F, 0xFF, 0xF6, 0x00, 0x00, 0x8F, 0xFF, 0xF5,
    0x1E, 0xFF, 0xFE, 0x51, 0x16, 0xFF, 0xFF, 0xD0, 0x06, 0xFF, 0xFF, 0xFF, 0xFF, 0xFF, 0xFF, 0x40,
    0x00, 0x5E, 0xFF, 0xFF, 0xFF, 0xFF, 0xE4, 0x00, 0x00, 0x01, 0x7B, 0xEF, 0xFD, 0xB6, 0x10, 0x00,
    0x00, 0x00, 0x00, 0x0A, 0xFF, 0xB2, 0xCF, 0xF8, 0x00, 0x00, 0x00, 0x00, 0x00, 0x7F, 0xF8, 0x0B,
    0xFF, 0x50, 0x00, 0x00, 0x00, 0x00, 0x05, 0xFF, 0x60, 0x8F, 0xE3, 0x00, 0x00, 0x00, 0x00, 0x00,
    0x00, 0x00, 0x00, 0x00, 0x00, 0x00, 0x00, 0x00, 0x00, 0x00, 0x00, 0x00, 0x00, 0x00, 0x00, 0x00,
    0x00, 0x00, 0x00, 0x00, 0x02, 0x7B, 0xDE, 0xED, 0xB8, 0x30, 0x00, 0x00, 0x00, 0x01, 0xAF, 0xFF,
    0xFF, 0xFF, 0xFF, 0xFB, 0x20, 0x00, 0x00, 0x2D, 0xFF, 0xFF, 0xFF, 0xFF, 0xFF, 0xFF, 0xE3, 0x00,
    0x01, 0xDF, 0xFF, 0xFC, 0x41, 0x14, 0xBF, 0xFF, 0xFD, 0x10, 0x08, 0xFF, 0xFF, 0xB0, 0x00, 0x00,
    0x0A, 0xFF, 0xFF, 0x90, 0x1E, 0xFF, 0xFF, 0x20, 0x00, 0x00, 0x01, 0xEF, 0xFF, 0xF2, 0x5F, 0xFF,
    0xFB, 0x00, 0x00, 0x00, 0x00, 0xAF, 0xFF, 0xF6, 0x8F, 0xFF, 0xF8, 0x00, 0x00, 0x00, 0x00, 0x6F,
    0xFF, 0xF9, 0x9F, 0xFF, 0xF6, 0x00, 0x00, 0x00, 0x00, 0x5F, 0xFF, 0xFB, 0xAF, 0xFF, 0xF5, 0x00,
    0x00, 0x00, 0x00, 0x4F, 0xFF, 0xFC, 0x9F, 0xFF, 0xF6, 0x00, 0x00, 0x00, 0x00, 0x5F, 0xFF, 0xFB,
    0x8F, 0xFF, 0xF8, 0x00, 0x00, 0x00, 0x00, 0x6F, 0xFF, 0xF9, 0x5F, 0xFF, 0xFB, 0x00, 0x00, 0x00,
    0x00, 0xAF, 0xFF, 0xF6, 0x1E, 0xFF, 0xFF, 0x20, 0x00, 0x00, 0x01, 0xEF, 0xFF, 0xF2, 0x08, 0xFF,
    0xFF, 0xB0, 0x00, 0x00, 0x0A, 0xFF, 0xFF, 0xA0, 0x01, 0xDF, 0xFF, 0xFC, 0x41, 0x14, 0xBF, 0xFF,
    0xFE, 0x20, 0x00, 0x2D, 0xFF, 0xFF, 0xFF, 0xFF, 0xFF, 0xFF, 0xE3, 0x00, 0x00, 0x01, 0xAF, 0xFF,
    0xFF, 0xFF, 0xFF, 0xFB, 0x20, 0x00, 0x00, 0x00, 0x02, 0x8B, 0xDE, 0xFD, 0xC8, 0x30, 0x00, 0x00,
    0x00, 0x00, 0x00, 0x9F, 0xE2, 0x1E, 0xFC, 0x00, 0x00, 0x00, 0x02, 0xFF, 0x70, 0x8F, 0xF3, 0x00,
    0x00, 0x00, 0x09, 0xFC, 0x02, 0xFF, 0x70, 0x00, 0x00, 0x00, 0x2F, 0xF3, 0x0A, 0xFB, 0x00, 0x00,
    0x00, 0x00, 0x9F, 0x80, 0x3F, 0xE2, 0x00, 0x00, 0x00, 0x00, 0x00, 0x00, 0x00, 0x00, 0x00, 0x00,
    0x00, 0x00, 0x00, 0x00, 0x00, 0x00, 0x00, 0x00, 0x00, 0x01, 0x7B, 0xDF, 0xED, 0xA6, 0x10, 0x00,
    0x00, 0x5E, 0xFF, 0xFF, 0xFF, 0xFF, 0xE4, 0x00, 0x06, 0xFF, 0xFF, 0xFF, 0xFF, 0xFF, 0xFF, 0x40,
    0x1E, 0xFF, 0xFE, 0x51, 0x16, 0xFF, 0xFF, 0xD0, 0x7F, 0xFF, 0xF6, 0x00, 0x00, 0x8F, 0xFF, 0xF5,
    0xBF, 0xFF, 0xF1, 0x00, 0x00, 0x3F, 0xFF, 0xF9, 0xDF, 0xFF, 0xE0, 0x00, 0x00, 0x1F, 0xFF, 0xFB,
    0xDF, 0xFF, 0xE0, 0x00, 0x00, 0x1F, 0xFF, 0xFB, 0xBF, 0xFF, 0xF1, 0x00, 0x00, 0x3F, 0xFF, 0xF9,
    0x7F, 0xFF, 0xF6, 0x00, 0x00, 0x8F, 0xFF, 0xF5, 0x1E, 0xFF, 0xFE, 0x51, 0x16, 0xFF, 0xFF, 0xD0,
    0x06, 0xFF, 0xFF, 0xFF, 0xFF, 0xFF, 0xFF, 0x40, 0x00, 0x5E, 0xFF, 0xFF, 0xFF, 0xFF, 0xE4, 0x00,
    0x00, 0x01, 0x7B, 0xEF, 0xFD, 0xB6, 0x10, 0x00, 0x00, 0x00, 0x00, 0x38, 0xBD, 0xEF, 0xFF, 0xFF,
    0xFF, 0xFF, 0xFF, 0xFF, 0xFF, 0xF2, 0x00, 0x00, 0x5D, 0xFF, 0xFF, 0xFF, 0xFF, 0xFF, 0xFF, 0xFF,
    0xFF, 0xFF, 0xFF, 0xF2, 0x00, 0x0A, 0xFF, 0xFF, 0xFF, 0xFF, 0xFF, 0xFF, 0xFF, 0xFF, 0xFF, 0xFF,
    0xFF, 0xF2, 0x00, 0xBF, 0xFF, 0xFF, 0xC6, 0x31, 0x00, 0xFF, 0xFF, 0xD0, 0x00, 0x00, 0x00, 0x00,
    0x06, 0xFF, 0xFF, 0xF6, 0x00, 0x00, 0x00, 0xFF, 0xFF, 0xD0, 0x00, 0x00, 0x00, 0x00, 0x0E, 0xFF,
    0xFF, 0x60, 0x00, 0x00, 0x00, 0xFF, 0xFF, 0xD0, 0x00, 0x00, 0x00, 0x00, 0x4F, 0xFF, 0xFD, 0x00,
    0x00, 0x00, 0x00, 0xFF, 0xFF, 0xD0, 0x00, 0x00, 0x00, 0x00, 0x8F, 0xFF, 0xF9, 0x00, 0x00, 0x00,
    0x00, 0xFF, 0xFF, 0xFF, 0xFF, 0xFF, 0xFF, 0xA0, 0x9F, 0xFF, 0xF6, 0x00, 0x00, 0x00, 0x00, 0xFF,
    0xFF, 0xFF, 0xFF, 0xFF, 0xFF, 0xA0, 0xAF, 0xFF, 0xF5, 0x00, 0x00, 0x00, 0x00, 0xFF, 0xFF, 0xFF,
    0xFF, 0xFF, 0xFF, 0xA0, 0x9F, 0xFF, 0xF6, 0x00, 0x00, 0x00, 0x00, 0xFF, 0xFF, 0xD0, 0x00, 0x00,
    0x00, 0x00, 0x8F, 0xFF, 0xF9, 0x00, 0x00, 0x00, 0x00, 0xFF, 0xFF, 0xD0, 0x00, 0x00, 0x00, 0x00,
    0x4F, 0xFF, 0xFD, 0x00, 0x00, 0x00, 0x00, 0xFF, 0xFF, 0xD0, 0x00, 0x00, 0x00, 0x00, 0x0E, 0xFF,
    0xFF, 0x70, 0x00, 0x00, 0x00, 0xFF, 0xFF, 0xD0, 0x00, 0x00, 0x00, 0x00, 0x06, 0xFF, 0xFF, 0xF6,
    0x00, 0x00, 0x00, 0xFF, 0xFF, 0xD0, 0x00, 0x00, 0x00, 0x00, 0x00, 0xBF, 0xFF, 0xFF, 0xC6, 0x31,
    0x00, 0xFF, 0xFF, 0xD0, 0x00, 0x00, 0x00, 0x00, 0x00, 0x0A, 0xFF, 0xFF, 0xFF, 0xFF, 0xFF, 0xFF,
    0xFF, 0xFF, 0xFF, 0xFF, 0xFF, 0xF7, 0x00, 0x00, 0x5D, 0xFF, 0xFF, 0xFF, 0xFF, 0xFF, 0xFF, 0xFF,
    0xFF, 0xFF, 0xFF, 0xF7, 0x00, 0x00, 0x00, 0x48, 0xBD, 0xEF, 0xFF, 0xFF, 0xFF, 0xFF, 0xFF, 0xFF,
    0xFF, 0xF7, 0x00, 0x01, 0x7B, 0xDF, 0xED, 0x93, 0x00, 0x06, 0xBE, 0xFE, 0xC8, 0x20, 0x00, 0x00,
    0x00, 0x5E, 0xFF, 0xFF, 0xFF, 0xFF, 0x82, 0xDF, 0xFF, 0xFF, 0xFF, 0xF7, 0x00, 0x00, 0x06, 0xFF,
    0xFF, 0xFF, 0xFF, 0xFF, 0xFF, 0xFF, 0xFF, 0xFF, 0xFF, 0xFF, 0x80, 0x00, 0x1E, 0xFF, 0xFE, 0x51,
    0x16, 0xFF, 0xFF, 0xFF, 0xD4, 0x12, 0xAF, 0xFF, 0xF3, 0x00, 0x7F, 0xFF, 0xF6, 0x00, 0x00, 0x8F,
    0xFF, 0xFF, 0x20, 0x00, 0x0D, 0xFF, 0xFA, 0x00, 0xBF, 0xFF, 0xF1, 0x00, 0x00, 0x3F, 0xFF, 0xFB,
    0x00, 0x00, 0x08, 0xFF, 0xFE, 0x00, 0xDF, 0xFF, 0xE0, 0x00, 0x00, 0x1F, 0xFF, 0xFF, 0xFF, 0xFF,
    0xFF, 0xFF, 0xFF, 0x10, 0xDF, 0xFF, 0xE0, 0x00, 0x00, 0x1F, 0xFF, 0xFF, 0xFF, 0xFF, 0xFF, 0xFF,
    0xFF, 0x30, 0xBF, 0xFF, 0xF1, 0x00, 0x00, 0x3F, 0xFF, 0xFF, 0xFF, 0xFF, 0xFF, 0xFF, 0xFF, 0x30,
    0x7F, 0xFF, 0xF6, 0x00, 0x00, 0x8F, 0xFF, 0xFC, 0x00, 0x00, 0x00, 0x00, 0x00, 0x00, 0x1E, 0xFF,
    0xFE, 0x51, 0x16, 0xFF, 0xFF, 0xFF, 0xA4, 0x10, 0x13, 0x48, 0xB7, 0x00, 0x06, 0xFF, 0xFF, 0xFF,
    0xFF, 0xFF, 0xFF, 0xFF, 0xFF, 0xFF, 0xFF, 0xFF, 0xF8, 0x00, 0x00, 0x5E, 0xFF, 0xFF, 0xFF, 0xFF,
    0xA4, 0xDF, 0xFF, 0xFF, 0xFF, 0xFF, 0xF8, 0x00, 0x00, 0x01, 0x7B, 0xEF, 0xED, 0x93, 0x00, 0x17,
    0xBE, 0xFF, 0xDC, 0xA7, 0x40, 0x00, 0x00, 0x00, 0x00, 0x1D, 0xFF, 0x70, 0x00, 0x00, 0x00, 0x00,
    0x00, 0x00, 0xBF, 0xE5, 0x00, 0x00, 0x00, 0x00, 0x00, 0x00, 0x09, 0xFD, 0x30, 0x00, 0x00, 0x00,
    0x00, 0x00, 0x00, 0x00, 0x00, 0x00, 0x00, 0x00, 0x00, 0x00, 0x00, 0x00, 0x00, 0x00, 0x00, 0x00,
    0x00, 0x00, 0x00, 0x9F, 0xFF, 0xFF, 0xFF, 0xFE, 0xC8, 0x30, 0x00, 0x00, 0x9F, 0xFF, 0xFF, 0xFF,
    0xFF, 0xFF, 0xF8, 0x00, 0x00, 0x9F, 0xFF, 0xFF, 0xFF, 0xFF, 0xFF, 0xFF, 0x50, 0x00, 0x9F, 0xFF,
    0xF4, 0x00, 0x3B, 0xFF, 0xFF, 0xC0, 0x00, 0x9F, 0xFF, 0xF4, 0x00, 0x01, 0xFF, 0xFF, 0xF0, 0x00,
    0x9F, 0xFF, 0xF4, 0x00, 0x00, 0xDF, 0xFF, 0xF1, 0x00, 0x9F, 0xFF, 0xF4, 0x00, 0x00, 0xDF, 0xFF,
    0xE0, 0x00, 0x9F, 0xFF, 0xF4, 0x00, 0x01, 0xFF, 0xFF, 0xB0, 0x00, 0x9F, 0xFF, 0xF4, 0x00, 0x3B,
    0xFF, 0xFF, 0x30, 0x00, 0x9F, 0xFF, 0xFF, 0xFF, 0xFF, 0xFF, 0xE5, 0x00, 0x00, 0x9F, 0xFF, 0xFF,
    0xFF, 0xFF, 0xFD, 0x20, 0x00, 0x00, 0x9F, 0xFF, 0xFF, 0xFF, 0xFF, 0xFF, 0xE4, 0x00, 0x00, 0x9F,
    0xFF, 0xF4, 0x02, 0x8F, 0xFF, 0xFE, 0x20, 0x00, 0x9F, 0xFF, 0xF4, 0x00, 0x09, 0xFF, 0xFF, 0xA0,
    0x00, 0x9F, 0xFF, 0xF4, 0x00, 0x01, 0xEF, 0xFF, 0xF3, 0x00, 0x9F, 0xFF, 0xF4, 0x00, 0x00, 0x7F,
    0xFF, 0xFB, 0x00, 0x9F, 0xFF, 0xF4, 0x00, 0x00, 0x1E, 0xFF, 0xFF, 0x30, 0x9F, 0xFF, 0xF4, 0x00,
    0x00, 0x07, 0xFF, 0xFF, 0xB0, 0x9F, 0xFF, 0xF4, 0x00, 0x00, 0x01, 0xEF, 0xFF, 0xF4, 0x00, 0x00,
    0x00, 0x08, 0xFF, 0xD1, 0x00, 0x00, 0x00, 0x4F, 0xFD, 0x20, 0x00, 0x00, 0x01, 0xEF, 0xE2, 0x00,
    0x00, 0x00, 0x0A, 0xFE, 0x30, 0x00, 0x00, 0x00, 0x6F, 0xE3, 0x00, 0x00, 0x00, 0x00, 0x00, 0x00,
    0x00, 0x00, 0x00, 0x00, 0x00, 0x00, 0x00, 0x00, 0xCF, 0xFF, 0xB0, 0x29, 0xDF, 0xB0, 0xCF, 0xFF,
    0xB3, 0xEF, 0xFF, 0xB0, 0xCF, 0xFF, 0xCD, 0xFF, 0xFF, 0xB0, 0xCF, 0xFF, 0xFF, 0x82, 0x14, 0x80,
    0xCF, 0xFF, 0xF8, 0x00, 0x00, 0x00, 0xCF, 0xFF, 0xF1, 0x00, 0x00, 0x00, 0xCF, 0xFF, 0xC0, 0x00,
    0x00, 0x00, 0xCF, 0xFF, 0xB0, 0x00, 0x00, 0x00, 0xCF, 0xFF, 0xB0, 0x00, 0x00, 0x00, 0xCF, 0xFF,
    0xB0, 0x00, 0x00, 0x00, 0xCF, 0xFF, 0xB0, 0x00, 0x00, 0x00, 0xCF, 0xFF, 0xB0, 0x00, 0x00, 0x00,
    0xCF, 0xFF, 0xB0, 0x00, 0x00, 0x00, 0xCF, 0xFF, 0xB0, 0x00, 0x00, 0x00, 0x9F, 0xFF, 0xFF, 0xFF,
    0xFE, 0xC8, 0x30, 0x00, 0x00, 0x9F, 0xFF, 0xFF, 0xFF, 0xFF, 0xFF, 0xF8, 0x00, 0x00, 0x9F, 0xFF,
    0xFF, 0xFF, 0xFF, 0xFF, 0xFF, 0x50, 0x00, 0x9F, 0xFF, 0xF4, 0x00, 0x3B, 0xFF, 0xFF, 0xC0, 0x00,
    0x9F, 0xFF, 0xF4, 0x00, 0x01, 0xFF, 0xFF, 0xF0, 0x00, 0x9F, 0xFF, 0xF4, 0x00, 0x00, 0xDF, 0xFF,
    0xF1, 0x00, 0x9F, 0xFF, 0xF4, 0x00, 0x00, 0xDF, 0xFF, 0xE0, 0x00, 0x9F, 0xFF, 0xF4, 0x00, 0x01,
    0xFF, 0xFF, 0xB0, 0x00, 0x9F, 0xFF, 0xF4, 0x00, 0x3B, 0xFF, 0xFF, 0x30, 0x00, 0x9F, 0xFF, 0xFF,
    0xFF, 0xFF, 0xFF, 0xE5, 0x00, 0x00, 0x9F, 0xFF, 0xFF, 0xFF, 0xFF, 0xFD, 0x20, 0x00, 0x00, 0x9F,
    0xFF, 0xFF, 0xFF, 0xFF, 0xFF, 0xE4, 0x00, 0x00, 0x9F, 0xFF, 0xF4, 0x02, 0x8F, 0xFF, 0xFE, 0x20,
    0x00, 0x9F, 0xFF, 0xF4, 0x00, 0x09, 0xFF, 0xFF, 0xA0, 0x00, 0x9F, 0xFF, 0xF4, 0x00, 0x01, 0xEF,
    0xFF, 0xF3, 0x00, 0x9F, 0xFF, 0xF4, 0x00, 0x00, 0x7F, 0xFF, 0xFB, 0x00, 0x9F, 0xFF, 0xF4, 0x00,
    0x00, 0x1E, 0xFF, 0xFF, 0x30, 0x9F, 0xFF, 0xF4, 0x00, 0x00, 0x07, 0xFF, 0xFF, 0xB0, 0x9F, 0xFF,
    0xF4, 0x00, 0x00, 0x01, 0xEF, 0xFF, 0xF4, 0x00, 0x00, 0x00, 0x00, 0x00, 0x00, 0x00, 0x00, 0x00,
    0x00, 0x00, 0x00, 0x0A, 0xFF, 0xF4, 0x00, 0x00, 0x00, 0x00, 0x00, 0x00, 0x0E, 0xFF, 0x80, 0x00,
    0x00, 0x00, 0x00, 0x00, 0x00, 0x4F, 0xFC, 0x00, 0x00, 0x00, 0x00, 0x00, 0x00, 0x00, 0x8F, 0xE2,
    0x00, 0x00, 0x00, 0x00, 0x0C, 0xFF, 0xFB, 0x02, 0x9D, 0xFB, 0x0C, 0xFF, 0xFB, 0x3E, 0xFF, 0xFB,
    0x0C, 0xFF, 0xFC, 0xDF, 0xFF, 0xFB, 0x0C, 0xFF, 0xFF, 0xF8, 0x21, 0x48, 0x0C, 0xFF, 0xFF, 0x80,
    0x00, 0x00, 0x0C, 0xFF, 0xFF, 0x10, 0x00, 0x00, 0x0C, 0xFF, 0xFC, 0x00, 0x00, 0x00, 0x0C, 0xFF,
    0xFB, 0x00, 0x00, 0x00, 0x0C, 0xFF, 0xFB, 0x00, 0x00, 0x00, 0x0C, 0xFF, 0xFB, 0x00, 0x00, 0x00,
    0x0C, 0xFF, 0xFB, 0x00, 0x00, 0x00, 0x0C, 0xFF, 0xFB, 0x00, 0x00, 0x00, 0x0C, 0xFF, 0xFB, 0x00,
    0x00, 0x00, 0x0C, 0xFF, 0xFB, 0x00, 0x00, 0x00, 0x00, 0x00, 0x00, 0x00, 0x00, 0x00, 0x02, 0xFF,
    0xFB, 0x00, 0x00, 0x00, 0x07, 0xFF, 0xE2, 0x00, 0x00, 0x00, 0x0B, 0xFF, 0x50, 0x00, 0x00, 0x00,
    0x1F, 0xF9, 0x00, 0x00, 0x00, 0x00, 0x00, 0x4F, 0xE4, 0x00, 0x3D, 0xF5, 0x00, 0x00, 0x00, 0x00,
    0x05, 0xFF, 0x87, 0xFF, 0x60, 0x00, 0x00, 0x00, 0x00, 0x00, 0x6F, 0xFF, 0xF7, 0x00, 0x00, 0x00,
    0x00, 0x00, 0x00, 0x00, 0x00, 0x00, 0x00, 0x00, 0x00, 0x00, 0x00, 0x00, 0x00, 0x00, 0x00, 0x00,
    0x00, 0x00, 0x00, 0x9F, 0xFF, 0xFF, 0xFF, 0xFE, 0xC8, 0x30, 0x00, 0x00, 0x9F, 0xFF, 0xFF, 0xFF,
    0xFF, 0xFF, 0xF8, 0x00, 0x00, 0x9F, 0xFF, 0xFF, 0xFF, 0xFF, 0xFF, 0xFF, 0x50, 0x00, 0x9F, 0xFF,
    0xF4, 0x00, 0x3B, 0xFF, 0xFF, 0xC0, 0x00, 0x9F, 0xFF, 0xF4, 0x00, 0x01, 0xFF, 0xFF, 0xF0, 0x00,
    0x9F, 0xFF, 0xF4, 0x00, 0x00, 0xDF, 0xFF, 0xF1, 0x00, 0x9F, 0xFF, 0xF4, 0x00, 0x00, 0xDF, 0xFF,
    0xE0, 0x00, 0x9F, 0xFF, 0xF4, 0x00, 0x01, 0xFF, 0xFF, 0xB0, 0x00, 0x9F, 0xFF, 0xF4, 0x00, 0x3B,
    0xFF, 0xFF, 0x30, 0x00, 0x9F, 0xFF, 0xFF, 0xFF, 0xFF, 0xFF, 0xE5, 0x00, 0x00, 0x9F, 0xFF, 0xFF,
    0xFF, 0xFF, 0xFD, 0x20, 0x00, 0x00, 0x9F, 0xFF, 0xFF, 0xFF, 0xFF, 0xFF, 0xE4, 0x00, 0x00, 0x9F,
    0xFF, 0xF4, 0x02, 0x8F, 0xFF, 0xFE, 0x20, 0x00, 0x9F, 0xFF, 0xF4, 0x00, 0x09, 0xFF, 0xFF, 0xA0,
    0x00, 0x9F, 0xFF, 0xF4, 0x00, 0x01, 0xEF, 0xFF, 0xF3, 0x00, 0x9F, 0xFF, 0xF4, 0x00, 0x00, 0x7F,
    0xFF, 0xFB, 0x00, 0x9F, 0xFF, 0xF4, 0x00, 0x00, 0x1E, 0xFF, 0xFF, 0x30, 0x9F, 0xFF, 0xF4, 0x00,
    0x00, 0x07, 0xFF, 0xFF, 0xB0, 0x9F, 0xFF, 0xF4, 0x00, 0x00, 0x01, 0xEF, 0xFF, 0xF4, 0x0D, 0xF7,
    0x00, 0x05, 0xFE, 0x10, 0x04, 0xFF, 0x50, 0x3E, 0xF6, 0x00, 0x00, 0x9F, 0xE4, 0xDF, 0xB0, 0x00,
    0x00, 0x1D, 0xFF, 0xFE, 0x20, 0x00, 0x00, 0x04, 0xFF, 0xF7, 0x00, 0x00, 0x00, 0x00, 0x00, 0x00,
    0x00, 0x00, 0x00, 0x00, 0x00, 0x00, 0x00, 0x00, 0xCF, 0xFF, 0xB0, 0x29, 0xDF, 0xB0, 0xCF, 0xFF,
    0xB3, 0xEF, 0xFF, 0xB0, 0xCF, 0xFF, 0xCD, 0xFF, 0xFF, 0xB0, 0xCF, 0xFF, 0xFF, 0x82, 0x14, 0x80,
    0xCF, 0xFF, 0xF8, 0x00, 0x00, 0x00, 0xCF, 0xFF, 0xF1, 0x00, 0x00, 0x00, 0xCF, 0xFF, 0xC0, 0x00,
    0x00, 0x00, 0xCF, 0xFF, 0xB0, 0x00, 0x00, 0x00, 0xCF, 0xFF, 0xB0, 0x00, 0x00, 0x00, 0xCF, 0xFF,
    0xB0, 0x00, 0x00, 0x00, 0xCF, 0xFF, 0xB0, 0x00, 0x00, 0x00, 0xCF, 0xFF, 0xB0, 0x00, 0x00, 0x00,
    0xCF, 0xFF, 0xB0, 0x00, 0x00, 0x00, 0xCF, 0xFF, 0xB0, 0x00, 0x00, 0x00, 0x00, 0x00, 0x00, 0x01,
    0xDF, 0xF7, 0x00, 0x00, 0x00, 0x00, 0x00, 0x0B, 0xFE, 0x50, 0x00, 0x00, 0x00, 0x00, 0x00, 0x9F,
    0xD3, 0x00, 0x00, 0x00, 0x00, 0x00, 0x00, 0x00, 0x00, 0x00, 0x00, 0x00, 0x00, 0x00, 0x00, 0x00,
    0x00, 0x00, 0x00, 0x00, 0x00, 0x01, 0x7B, 0xEF, 0xFE, 0xDB, 0x86, 0x20, 0x00, 0x4E, 0xFF, 0xFF,
    0xFF, 0xFF, 0xFF, 0x90, 0x03, 0xFF, 0xFF, 0xFF, 0xFF, 0xFF, 0xFF, 0x90, 0x0B, 0xFF, 0xFE, 0x62,
    0x01, 0x48, 0xDF, 0x90, 0x0F, 0xFF, 0xF7, 0x00, 0x00, 0x00, 0x06, 0x70, 0x2F, 0xFF, 0xF5, 0x00,
    0x00, 0x00, 0x00, 0x00, 0x1F, 0xFF, 0xFC, 0x10, 0x00, 0x00, 0x00, 0x00, 0x0D, 0xFF, 0xFF, 0xFB,
    0x74, 0x10, 0x00, 0x00, 0x07, 0xFF, 0xFF, 0xFF, 0xFF, 0xFC, 0x71, 0x00, 0x00, 0xAF, 0xFF, 0xFF,
    0xFF, 0xFF, 0xFE, 0x50, 0x00, 0x05, 0xBF, 0xFF, 0xFF, 0xFF, 0xFF, 0xF2, 0x00, 0x00, 0x01, 0x58,
    0xCF, 0xFF, 0xFF, 0xF9, 0x00, 0x00, 0x00, 0x00, 0x01, 0x9F, 0xFF, 0xFC, 0x00, 0x00, 0x00, 0x00,
    0x00, 0x0E, 0xFF, 0xFC, 0x0B, 0x40, 0x00, 0x00, 0x00, 0x1F, 0xFF, 0xFA, 0x0F, 0xFD, 0x84, 0x20,
    0x14, 0xBF, 0xFF, 0xF6, 0x0F, 0xFF, 0xFF, 0xFF, 0xFF, 0xFF, 0xFF, 0xD1, 0x0E, 0xFF, 0xFF, 0xFF,
    0xFF, 0xFF, 0xFC, 0x20, 0x00, 0x47, 0xAC, 0xEF, 0xFE, 0xDA, 0x50, 0x00, 0x00, 0x00, 0x00, 0x00,
    0x8F, 0xFD, 0x10, 0x00, 0x00, 0x00, 0x04, 0xFF, 0xD2, 0x00, 0x00, 0x00, 0x00, 0x1E, 0xFE, 0x20,
    0x00, 0x00, 0x00, 0x00, 0xAF, 0xE3, 0x00, 0x00, 0x00, 0x00, 0x06, 0xFE, 0x30, 0x00, 0x00, 0x00,
    0x00, 0x00, 0x00, 0x00, 0x00, 0x00, 0x00, 0x00, 0x00, 0x00, 0x00, 0x00, 0x00, 0x00, 0x4A, 0xDE,
    0xFE, 0xCA, 0x73, 0x00, 0x09, 0xFF, 0xFF, 0xFF, 0xFF, 0xFF, 0x40, 0x5F, 0xFF, 0xFF, 0xFF, 0xFF,
    0xFF, 0x40, 0x9F, 0xFF, 0xB2, 0x01, 0x24, 0x8C, 0x40, 0x9F, 0xFF, 0x80, 0x00, 0x00, 0x00, 0x00,
    0x7F, 0xFF, 0xFD, 0xB9, 0x63, 0x00, 0x00, 0x1E, 0xFF, 0xFF, 0xFF, 0xFF, 0xE8, 0x00, 0x02, 0xAF,
    0xFF, 0xFF, 0xFF, 0xFF, 0xA0, 0x00, 0x01, 0x46, 0x8B, 0xEF, 0xFF, 0xF1, 0x00, 0x00, 0x00, 0x00,
    0x3F, 0xFF, 0xF3, 0x6B, 0x74, 0x21, 0x02, 0x8F, 0xFF, 0xF2, 0x7F, 0xFF, 0xFF, 0xFF, 0xFF, 0xFF,
    0xD0, 0x7F, 0xFF, 0xFF, 0xFF, 0xFF, 0xFD, 0x30, 0x03, 0x7B, 0xCE, 0xFE, 0xDB, 0x61, 0x00, 0x00,
    0x00, 0x07, 0xFF, 0xFF, 0x60, 0x00, 0x00, 0x00, 0x00, 0x6F, 0xF8, 0x9F, 0xF5, 0x00, 0x00, 0x00,
    0x05, 0xFD, 0x40, 0x04, 0xEF, 0x40, 0x00, 0x00, 0x00, 0x00, 0x00, 0x00, 0x00, 0x00, 0x00, 0x00,
    0x00, 0x00, 0x00, 0x00, 0x00, 0x00, 0x00, 0x00, 0x01, 0x7B, 0xEF, 0xFE, 0xDB, 0x86, 0x20, 0x00,
    0x4E, 0xFF, 0xFF, 0xFF, 0xFF, 0xFF, 0x90, 0x03, 0xFF, 0xFF, 0xFF, 0xFF, 0xFF, 0xFF, 0x90, 0x0B,
    0xFF, 0xFE, 0x62, 0x01, 0x48, 0xDF, 0x90, 0x0F, 0xFF, 0xF7, 0x00, 0x00, 0x00, 0x06, 0x70, 0x2F,
    0xFF, 0xF5, 0x00, 0x00, 0x00, 0x00, 0x00, 0x1F, 0xFF, 0xFC, 0x10, 0x00, 0x00, 0x00, 0x00, 0x0D,
    0xFF, 0xFF, 0xFB, 0x74, 0x10, 0x00, 0x00, 0x07, 0xFF, 0xFF, 0xFF, 0xFF, 0xFC, 0x71, 0x00, 0x00,
    0xAF, 0xFF, 0xFF, 0xFF, 0xFF, 0xFE, 0x50, 0x00, 0x05, 0xBF, 0xFF, 0xFF, 0xFF, 0xFF, 0xF2, 0x00,
    0x00, 0x01, 0x58, 0xCF, 0xFF, 0xFF, 0xF9, 0x00, 0x00, 0x00, 0x00, 0x01, 0x9F, 0xFF, 0xFC, 0x00,
    0x00, 0x00, 0x00, 0x00, 0x0E, 0xFF, 0xFC, 0x0B, 0x40, 0x00, 0x00, 0x00, 0x1F, 0xFF, 0xFA, 0x0F,
    0xFD, 0x84, 0x20, 0x14, 0xBF, 0xFF, 0xF6, 0x0F, 0xFF, 0xFF, 0xFF, 0xFF, 0xFF, 0xFF, 0xD1, 0x0E,
    0xFF, 0xFF, 0xFF, 0xFF, 0xFF, 0xFC, 0x20, 0x00, 0x47, 0xAC, 0xEF, 0xFE, 0xDA, 0x50, 0x00, 0x00,
    0x00, 0x3F, 0xFF, 0x70, 0x00, 0x00, 0x00, 0x00, 0xDF, 0xFF, 0xF3, 0x00, 0x00, 0x00, 0x08, 0xFF,
    0x5D, 0xFC, 0x00, 0x00, 0x00, 0x3F, 0xF6, 0x02, 0xEF, 0x70, 0x00, 0x00, 0xCF, 0x80, 0x00, 0x4F,
    0xE2, 0x00, 0x00, 0x00, 0x00, 0x00, 0x00, 0x00, 0x00, 0x00, 0x00, 0x00, 0x00, 0x00, 0x00, 0x00,
    0x00, 0x4A, 0xDE, 0xFE, 0xCA, 0x73, 0x00, 0x09, 0xFF, 0xFF, 0xFF, 0xFF, 0xFF, 0x40, 0x5F, 0xFF,
    0xFF, 0xFF, 0xFF, 0xFF, 0x40, 0x9F, 0xFF, 0xB2, 0x01, 0x24, 0x8C, 0x40, 0x9F, 0xFF, 0x80, 0x00,
    0x00, 0x00, 0x00, 0x7F, 0xFF, 0xFD, 0xB9, 0x63, 0x00, 0x00, 0x1E, 0xFF, 0xFF, 0xFF, 0xFF, 0xE8,
    0x00, 0x02, 0xAF, 0xFF, 0xFF, 0xFF, 0xFF, 0xA0, 0x00, 0x01, 0x46, 0x8B, 0xEF, 0xFF, 0xF1, 0x00,
    0x00, 0x00, 0x00, 0x3F, 0xFF, 0xF3, 0x6B, 0x74, 0x21, 0x02, 0x8F, 0xFF, 0xF2, 0x7F, 0xFF, 0xFF,
    0xFF, 0xFF, 0xFF, 0xD0, 0x7F, 0xFF, 0xFF, 0xFF, 0xFF, 0xFD, 0x30, 0x03, 0x7B, 0xCE, 0xFE, 0xDB,
    0x61, 0x00, 0x00, 0x01, 0x7B, 0xEF, 0xFE, 0xDB, 0x86, 0x20, 0x00, 0x4E, 0xFF, 0xFF, 0xFF, 0xFF,
    0xFF, 0x90, 0x03, 0xFF, 0xFF, 0xFF, 0xFF, 0xFF, 0xFF, 0x90, 0x0B, 0xFF, 0xFE, 0x62, 0x01, 0x48,
    0xDF, 0x90, 0x0F, 0xFF, 0xF7, 0x00, 0x00, 0x00, 0x06, 0x70, 0x2F, 0xFF, 0xF5, 0x00, 0x00, 0x00,
    0x00, 0x00, 0x1F, 0xFF, 0xFC, 0x10, 0x00, 0x00, 0x00, 0x00, 0x0D, 0xFF, 0xFF, 0xFB, 0x74, 0x10,
    0x00, 0x00, 0x07, 0xFF, 0xFF, 0xFF, 0xFF, 0xFC, 0x71, 0x00, 0x00, 0xAF, 0xFF, 0xFF, 0xFF, 0xFF,
    0xFE, 0x50, 0x00, 0x05, 0xBF, 0xFF, 0xFF, 0xFF, 0xFF, 0xF2, 0x00, 0x00, 0x01, 0x58, 0xCF, 0xFF,
    0xFF, 0xF9, 0x00, 0x00, 0x00, 0x00, 0x01, 0x9F, 0xFF, 0xFC, 0x00, 0x00, 0x00, 0x00, 0x00, 0x0E,
    0xFF, 0xFC, 0x0B, 0x40, 0x00, 0x00, 0x00, 0x1F, 0xFF, 0xFA, 0x0F, 0xFD, 0x84, 0x20, 0x14, 0xBF,
    0xFF, 0xF6, 0x0F, 0xFF, 0xFF, 0xFF, 0xFF, 0xFF, 0xFF, 0xD1, 0x0E, 0xFF, 0xFF, 0xFF, 0xFF, 0xFF,
    0xFC, 0x20, 0x00, 0x47, 0xAC, 0xEF, 0xFE, 0xDA, 0x50, 0x00, 0x00, 0x00, 0x00, 0x01, 0xDC, 0x10,
    0x00, 0x00, 0x00, 0x00, 0x00, 0x00, 0x5F, 0x80, 0x00, 0x00, 0x00, 0x00, 0x00, 0x00, 0x7F, 0xD0,
    0x00, 0x00, 0x00, 0x00, 0x0D, 0xFF, 0xFF, 0xB0, 0x00, 0x00, 0x00, 0x00, 0x0D, 0xFF, 0xEA, 0x20,
    0x00, 0x00, 0x00, 0x4A, 0xDE, 0xFE, 0xCA, 0x73, 0x00, 0x09, 0xFF, 0xFF, 0xFF, 0xFF, 0xFF, 0x40,
    0x5F, 0xFF, 0xFF, 0xFF, 0xFF, 0xFF, 0x40, 0x9F, 0xFF, 0xB2, 0x01, 0x24, 0x8C, 0x40, 0x9F, 0xFF,
    0x80, 0x00, 0x00, 0x00, 0x00, 0x7F, 0xFF, 0xFD, 0xB9, 0x63, 0x00, 0x00, 0x1E, 0xFF, 0xFF, 0xFF,
    0xFF, 0xE8, 0x00, 0x02, 0xAF, 0xFF, 0xFF, 0xFF, 0xFF, 0xA0, 0x00, 0x01, 0x46, 0x8B, 0xEF, 0xFF,
    0xF1, 0x00, 0x00, 0x00, 0x00, 0x3F, 0xFF, 0xF3, 0x6B, 0x74, 0x21, 0x02, 0x8F, 0xFF, 0xF2, 0x7F,
    0xFF, 0xFF, 0xFF, 0xFF, 0xFF, 0xD0, 0x7F, 0xFF, 0xFF, 0xFF, 0xFF, 0xFD, 0x30, 0x03, 0x7B, 0xCE,
    0xFE, 0xDB, 0x61, 0x00, 0x00, 0x00, 0x00, 0x7F, 0x50, 0x00, 0x00, 0x00, 0x00, 0x00, 0x0D, 0xE1,
    0x00, 0x00, 0x00, 0x00, 0x00, 0x2E, 0xF4, 0x00, 0x00, 0x00, 0x06, 0xFF, 0xFF, 0xF2, 0x00, 0x00,
    0x00, 0x06, 0xFF, 0xFD, 0x60, 0x00, 0x00, 0x00, 0x04, 0xFE, 0x40, 0x03, 0xDF, 0x50, 0x00, 0x00,
    0x00, 0x5F, 0xF8, 0x7F, 0xF6, 0x00, 0x00, 0x00, 0x00, 0x06, 0xFF, 0xFF, 0x70, 0x00, 0x00, 0x00,
    0x00, 0x00, 0x00, 0x00, 0x00, 0x00, 0x00, 0x00, 0x00, 0x00, 0x00, 0x00, 0x00, 0x00, 0x00, 0x00,
    0x01, 0x7B, 0xEF, 0xFE, 0xDB, 0x86, 0x20, 0x00, 0x4E, 0xFF, 0xFF, 0xFF, 0xFF, 0xFF, 0x90, 0x03,
    0xFF, 0xFF, 0xFF, 0xFF, 0xFF, 0xFF, 0x90, 0x0B, 0xFF, 0xFE, 0x62, 0x01, 0x48, 0xDF, 0x90, 0x0F,
    0xFF, 0xF7, 0x00, 0x00, 0x00, 0x06, 0x70, 0x2F, 0xFF, 0xF5, 0x00, 0x00, 0x00, 0x00, 0x00, 0x1F,
    0xFF, 0xFC, 0x10, 0x00, 0x00, 0x00, 0x00, 0x0D, 0xFF, 0xFF, 0xFB, 0x74, 0x10, 0x00, 0x00, 0x07,
    0xFF, 0xFF, 0xFF, 0xFF, 0xFC, 0x71, 0x00, 0x00, 0xAF, 0xFF, 0xFF, 0xFF, 0xFF, 0xFE, 0x50, 0x00,
    0x05, 0xBF, 0xFF, 0xFF, 0xFF, 0xFF, 0xF2, 0x00, 0x00, 0x01, 0x58, 0xCF, 0xFF, 0xFF, 0xF9, 0x00,
    0x00, 0x00, 0x00, 0x01, 0x9F, 0xFF, 0xFC, 0x00, 0x00, 0x00, 0x00, 0x00, 0x0E, 0xFF, 0xFC, 0x0B,
    0x40, 0x00, 0x00, 0x00, 0x1F, 0xFF, 0xFA, 0x0F, 0xFD, 0x84, 0x20, 0x14, 0xBF, 0xFF, 0xF6, 0x0F,
    0xFF, 0xFF, 0xFF, 0xFF, 0xFF, 0xFF, 0xD1, 0x0E, 0xFF, 0xFF, 0xFF, 0xFF, 0xFF, 0xFC, 0x20, 0x00,
    0x47, 0xAC, 0xEF, 0xFE, 0xDA, 0x50, 0x00, 0x00, 0xCF, 0x80, 0x00, 0x4F, 0xE2, 0x00, 0x00, 0x3F,
    0xF6, 0x02, 0xEF, 0x70, 0x00, 0x00, 0x08, 0xFF, 0x5D, 0xFC, 0x00, 0x00, 0x00, 0x00, 0xDF, 0xFF,
    0xF3, 0x00, 0x00, 0x00, 0x00, 0x3F, 0xFF, 0x70, 0x00, 0x00, 0x00, 0x00, 0x00, 0x00, 0x00, 0x00,
    0x00, 0x00, 0x00, 0x00, 0x00, 0x00, 0x00, 0x00, 0x00, 0x4A, 0xDE, 0xFE, 0xCA, 0x73, 0x00, 0x09,
    0xFF, 0xFF, 0xFF, 0xFF, 0xFF, 0x40, 0x5F, 0xFF, 0xFF, 0xFF, 0xFF, 0xFF, 0x40, 0x9F, 0xFF, 0xB2,
    0x01, 0x24, 0x8C, 0x40, 0x9F, 0xFF, 0x80, 0x00, 0x00, 0x00, 0x00, 0x7F, 0xFF, 0xFD, 0xB9, 0x63,
    0x00, 0x00, 0x1E, 0xFF, 0xFF, 0xFF, 0xFF, 0xE8, 0x00, 0x02, 0xAF, 0xFF, 0xFF, 0xFF, 0xFF, 0xA0,
    0x00, 0x01, 0x46, 0x8B, 0xEF, 0xFF, 0xF1, 0x00, 0x00, 0x00, 0x00, 0x3F, 0xFF, 0xF3, 0x6B, 0x74,
    0x21, 0x02, 0x8F, 0xFF, 0xF2, 0x7F, 0xFF, 0xFF, 0xFF, 0xFF, 0xFF, 0xD0, 0x7F, 0xFF, 0xFF, 0xFF,
    0xFF, 0xFD, 0x30, 0x03, 0x7B, 0xCE, 0xFE, 0xDB, 0x61, 0x00, 0xDF, 0xFF, 0xFF, 0xFF, 0xFF, 0xFF,
    0xFF, 0xFF, 0xF9, 0xDF, 0xFF, 0xFF, 0xFF, 0xFF, 0xFF, 0xFF, 0xFF, 0xF9, 0xDF, 0xFF, 0xFF, 0xFF,
    0xFF, 0xFF, 0xFF, 0xFF, 0xF9, 0x00, 0x00, 0x00, 0x9F, 0xFF, 0xF5, 0x00, 0x00, 0x00, 0x00, 0x00,
    0x00, 0x9F, 0xFF, 0xF5, 0x00, 0x00, 0x00, 0x00, 0x00, 0x00, 0x9F, 0xFF, 0xF5, 0x00, 0x00, 0x00,
    0x00, 0x00, 0x00, 0x9F, 0xFF, 0xF5, 0x00, 0x00, 0x00, 0x00, 0x00, 0x00, 0x9F, 0xFF, 0xF5, 0x00,
    0x00, 0x00, 0x00, 0x00, 0x00, 0x9F, 0xFF, 0xF5, 0x00, 0x00, 0x00, 0x00, 0x00, 0x00, 0x9F, 0xFF,
    0xF5, 0x00, 0x00, 0x00, 0x00, 0x00, 0x00, 0x9F, 0xFF, 0xF5, 0x00, 0x00, 0x00, 0x00, 0x00, 0x00,
    0x9F, 0xFF, 0xF5, 0x00, 0x00, 0x00, 0x00, 0x00, 0x00, 0x9F, 0xFF, 0xF5, 0x00, 0x00, 0x00, 0x00,
    0x00, 0x00, 0x9F, 0xFF, 0xF5, 0x00, 0x00, 0x00, 0x00, 0x00, 0x00, 0x9F, 0xFF, 0xF5, 0x00, 0x00,
    0x00, 0x00, 0x00, 0x00, 0x9F, 0xFF, 0xF5, 0x00, 0x00, 0x00, 0x00, 0x00, 0x00, 0x9F, 0xFF, 0xF5,
    0x00, 0x00, 0x00, 0x00, 0x00, 0x00, 0x9F, 0xFF, 0xF5, 0x00, 0x00, 0x00, 0x00, 0x00, 0x00, 0x9F,
    0xFF, 0xF5, 0x00, 0x00, 0x00, 0x00, 0x00, 0x00, 0x00, 0x5F, 0x70, 0x00, 0x00, 0x00, 0x00, 0x00,
    0x00, 0x00, 0x0B, 0xF2, 0x00, 0x00, 0x00, 0x00, 0x00, 0x00, 0x00, 0x2C, 0xF7, 0x00, 0x00, 0x00,
    0x00, 0x00, 0x04, 0xFF, 0xFF, 0xF5, 0x00, 0x00, 0x00, 0x00, 0x00, 0x04, 0xFF, 0xFD, 0x70, 0x00,
    0x00, 0x00, 0x00, 0x6F, 0xFF, 0xF2, 0x00, 0x00, 0x00, 0x6F, 0xFF, 0xF2, 0x00, 0x00, 0x00, 0x6F,
    0xFF, 0xF2, 0x00, 0x00, 0x00, 0x6F, 0xFF, 0xF2, 0x00, 0x00, 0xAF, 0xFF, 0xFF, 0xFF, 0xFF, 0xFC,
    0xAF, 0xFF, 0xFF, 0xFF, 0xFF, 0xFC, 0xAF, 0xFF, 0xFF, 0xFF, 0xFF, 0xFC, 0x00, 0x6F, 0xFF, 0xF2,
    0x00, 0x00, 0x00, 0x6F, 0xFF, 0xF2, 0x00, 0x00, 0x00, 0x6F, 0xFF, 0xF2, 0x00, 0x00, 0x00, 0x6F,
    0xFF, 0xF2, 0x00, 0x00, 0x00, 0x6F, 0xFF, 0xF2, 0x00, 0x00, 0x00, 0x6F, 0xFF, 0xF2, 0x00, 0x00,
    0x00, 0x6F, 0xFF, 0xF3, 0x00, 0x00, 0x00, 0x4F, 0xFF, 0xF8, 0x10, 0x00, 0x00, 0x1F, 0xFF, 0xFF,
    0xFF, 0xF7, 0x00, 0x09, 0xFF, 0xFF, 0xFF, 0xF7, 0x00, 0x00, 0x6C, 0xEF, 0xFF, 0xF7, 0x00, 0x00,
    0x00, 0xBE, 0x20, 0x00, 0x00, 0x00, 0x00, 0x2F, 0xB0, 0x00, 0x00, 0x00, 0x00, 0x5F, 0xF1, 0x00,
    0x00, 0x0A, 0xFF, 0xFF, 0xD0, 0x00, 0x00, 0x0A, 0xFF, 0xEB, 0x30, 0x00, 0x00, 0x00, 0x7F, 0xC2,
    0x00, 0x6E, 0xE3, 0x00, 0x00, 0x00, 0x00, 0x08, 0xFE, 0x6A, 0xFE, 0x40, 0x00, 0x00, 0x00, 0x00,
    0x00, 0x9F, 0xFF, 0xF4, 0x00, 0x00, 0x00, 0x00, 0x00, 0x00, 0x00, 0x00, 0x00, 0x00, 0x00, 0x00,
    0x00, 0x00, 0x00, 0x00, 0x00, 0x00, 0x00, 0x00, 0x00, 0xDF, 0xFF, 0xFF, 0xFF, 0xFF, 0xFF, 0xFF,
    0xFF, 0xF9, 0xDF, 0xFF, 0xFF, 0xFF, 0xFF, 0xFF, 0xFF, 0xFF, 0xF9, 0xDF, 0xFF, 0xFF, 0xFF, 0xFF,
    0xFF, 0xFF, 0xFF, 0xF9, 0x00, 0x00, 0x00, 0x9F, 0xFF, 0xF5, 0x00, 0x00, 0x00, 0x00, 0x00, 0x00,
    0x9F, 0xFF, 0xF5, 0x00, 0x00, 0x00, 0x00, 0x00, 0x00, 0x9F, 0xFF, 0xF5, 0x00, 0x00, 0x00, 0x00,
    0x00, 0x00, 0x9F, 0xFF, 0xF5, 0x00, 0x00, 0x00, 0x00, 0x00, 0x00, 0x9F, 0xFF, 0xF5, 0x00, 0x00,
    0x00, 0x00, 0x00, 0x00, 0x9F, 0xFF, 0xF5, 0x00, 0x00, 0x00, 0x00, 0x00, 0x00, 0x9F, 0xFF, 0xF5,
    0x00, 0x00, 0x00, 0x00, 0x00, 0x00, 0x9F, 0xFF, 0xF5, 0x00, 0x00, 0x00, 0x00, 0x00, 0x00, 0x9F,
    0xFF, 0xF5, 0x00, 0x00, 0x00, 0x00, 0x00, 0x00, 0x9F, 0xFF, 0xF5, 0x00, 0x00, 0x00, 0x00, 0x00,
    0x00, 0x9F, 0xFF, 0xF5, 0x00, 0x00, 0x00, 0x00, 0x00, 0x00, 0x9F, 0xFF, 0xF5, 0x00, 0x00, 0x00,
    0x00, 0x00, 0x00, 0x9F, 0xFF, 0xF5, 0x00, 0x00, 0x00, 0x00, 0x00, 0x00, 0x9F, 0xFF, 0xF5, 0x00,
    0x00, 0x00, 0x00, 0x00, 0x00, 0x9F, 0xFF, 0xF5, 0x00, 0x00, 0x00, 0x00, 0x00, 0x00, 0x9F, 0xFF,
    0xF5, 0x00, 0x00, 0x00, 0x00, 0x00, 0x00, 0x00, 0x07, 0xFF, 0xE1, 0x00, 0x00, 0x00, 0x00, 0x0B,
    0xFF, 0x80, 0x00, 0x00, 0x00, 0x00, 0x0E, 0xFF, 0x20, 0x00, 0x6F, 0xFF, 0xF2, 0x2F, 0xFB, 0x00,
    0x00, 0x6F, 0xFF, 0xF2, 0x5F, 0xF4, 0x00, 0x00, 0x6F, 0xFF, 0xF2, 0x00, 0x00, 0x00, 0x00, 0x6F,
    0xFF, 0xF2, 0x00, 0x00, 0x00, 0xAF, 0xFF, 0xFF, 0xFF, 0xFF, 0xFC, 0x00, 0xAF, 0xFF, 0xFF, 0xFF,
    0xFF, 0xFC, 0x00, 0xAF, 0xFF, 0xFF, 0xFF, 0xFF, 0xFC, 0x00, 0x00, 0x6F, 0xFF, 0xF2, 0x00, 0x00,
    0x00, 0x00, 0x6F, 0xFF, 0xF2, 0x00, 0x00, 0x00, 0x00, 0x6F, 0xFF, 0xF2, 0x00, 0x00, 0x00, 0x00,
    0x6F, 0xFF, 0xF2, 0x00, 0x00, 0x00, 0x00, 0x6F, 0xFF, 0xF2, 0x00, 0x00, 0x00, 0x00, 0x6F, 0xFF,
    0xF2, 0x00, 0x00, 0x00, 0x00, 0x6F, 0xFF, 0xF3, 0x00, 0x00, 0x00, 0x00, 0x4F, 0xFF, 0xF8, 0x10,
    0x00, 0x00, 0x00, 0x1F, 0xFF, 0xFF, 0xFF, 0xF7, 0x00, 0x00, 0x09, 0xFF, 0xFF, 0xFF, 0xF7, 0x00,
    0x00, 0x00, 0x6C, 0xEF, 0xFF, 0xF7, 0x00, 0xDF, 0xFF, 0xFF, 0xFF, 0xFF, 0xFF, 0xFF, 0xFF, 0xF9,
    0xDF, 0xFF, 0xFF, 0xFF, 0xFF, 0xFF, 0xFF, 0xFF, 0xF9, 0xDF, 0xFF, 0xFF, 0xFF, 0xFF, 0xFF, 0xFF,
    0xFF, 0xF9, 0x00, 0x00, 0x00, 0x9F, 0xFF, 0xF5, 0x00, 0x00, 0x00, 0x00, 0x00, 0x00, 0x9F, 0xFF,
    0xF5, 0x00, 0x00, 0x00, 0x00, 0x00, 0x00, 0x9F, 0xFF, 0xF5, 0x00, 0x00, 0x00, 0x00, 0x00, 0x00,
    0x9F, 0xFF, 0xF5, 0x00, 0x00, 0x00, 0x00, 0x00, 0x00, 0x9F, 0xFF, 0xF5, 0x00, 0x00, 0x00, 0x00,
    0x00, 0x00, 0x9F, 0xFF, 0xF5, 0x00, 0x00, 0x00, 0x00, 0x00, 0x00, 0x9F, 0xFF, 0xF5, 0x00, 0x00,
    0x00, 0x00, 0x0B, 0xFF, 0xFF, 0xFF, 0xFF, 0xFF, 0x70, 0x00, 0x00, 0x0B, 0xFF, 0xFF, 0xFF, 0xFF,
    0xFF, 0x70, 0x00, 0x00, 0x0B, 0xFF, 0xFF, 0xFF, 0xFF, 0xFF, 0x70, 0x00, 0x00, 0x00, 0x00, 0x9F,
    0xFF, 0xF5, 0x00, 0x00, 0x00, 0x00, 0x00, 0x00, 0x9F, 0xFF, 0xF5, 0x00, 0x00, 0x00, 0x00, 0x00,
    0x00, 0x9F, 0xFF, 0xF5, 0x00, 0x00, 0x00, 0x00, 0x00, 0x00, 0x9F, 0xFF, 0xF5, 0x00, 0x00, 0x00,
    0x00, 0x00, 0x00, 0x9F, 0xFF, 0xF5, 0x00, 0x00, 0x00, 0x00, 0x00, 0x00, 0x9F, 0xFF, 0xF5, 0x00,
    0x00, 0x00, 0x00, 0x6F, 0xFF, 0xF2, 0x00, 0x00, 0x00, 0x6F, 0xFF, 0xF2, 0x00, 0x00, 0x00, 0x6F,
    0xFF, 0xF2, 0x00, 0x00, 0x00, 0x6F, 0xFF, 0xF2, 0x00, 0x00, 0xAF, 0xFF, 0xFF, 0xFF, 0xFF, 0xFC,
    0xAF, 0xFF, 0xFF, 0xFF, 0xFF, 0xFC, 0xAF, 0xFF, 0xFF, 0xFF, 0xFF, 0xFC, 0x00, 0x6F, 0xFF, 0xF2,
    0x00, 0x00, 0x00, 0x6F, 0xFF, 0xF2, 0x00, 0x00, 0xAF, 0xFF, 0xFF, 0xFF, 0xFF, 0xFC, 0xAF, 0xFF,
    0xFF, 0xFF, 0xFF, 0xFC, 0xAF, 0xFF, 0xFF, 0xFF, 0xFF, 0xFC, 0x00, 0x6F, 0xFF, 0xF2, 0x00, 0x00,
    0x00, 0x5F, 0xFF, 0xF3, 0x00, 0x00, 0x00, 0x4F, 0xFF, 0xF9, 0x10, 0x00, 0x00, 0x1F, 0xFF, 0xFF,
    0xFF, 0xF7, 0x00, 0x08, 0xFF, 0xFF, 0xFF, 0xF7, 0x00, 0x00, 0x6B, 0xEF, 0xFF, 0xF7, 0x00, 0x00,
    0x1A, 0xED, 0x93, 0x2E, 0xE0, 0x00, 0x00, 0x00, 0x00, 0x9F, 0xFF, 0xFF, 0xFF, 0xA0, 0x00, 0x00,
    0x00, 0x00, 0xCF, 0x23, 0x8D, 0xFB, 0x20, 0x00, 0x00, 0x00, 0x00, 0x00, 0x00, 0x00, 0x00, 0x00,
    0x00, 0x00, 0x00, 0x00, 0x00, 0x00, 0x00, 0x00, 0x00, 0x00, 0x00, 0x9F, 0xFF, 0xF4, 0x00, 0x00,
    0x02, 0xFF, 0xFF, 0xB0, 0x9F, 0xFF, 0xF4, 0x00, 0x00, 0x02, 0xFF, 0xFF, 0xB0, 0x9F, 0xFF, 0xF4,
    0x00, 0x00, 0x02, 0xFF, 0xFF, 0xB0, 0x9F, 0xFF, 0xF4, 0x00, 0x00, 0x02, 0xFF, 0xFF, 0xB0, 0x9F,
    0xFF, 0xF4, 0x00, 0x00, 0x02, 0xFF, 0xFF, 0xB0, 0x9F, 0xFF, 0xF4, 0x00, 0x00, 0x02, 0xFF, 0xFF,
    0xB0, 0x9F, 0xFF, 0xF4, 0x00, 0x00, 0x02, 0xFF, 0xFF, 0xB0, 0x9F, 0xFF, 0xF4, 0x00, 0x00, 0x02,
    0xFF, 0xFF, 0xB0, 0x9F, 0xFF, 0xF4, 0x00, 0x00, 0x02, 0xFF, 0xFF, 0xB0, 0x9F, 0xFF, 0xF4, 0x00,
    0x00, 0x02, 0xFF, 0xFF, 0xB0, 0x9F, 0xFF, 0xF4, 0x00, 0x00, 0x02, 0xFF, 0xFF, 0xB0, 0x9F, 0xFF,
    0xF4, 0x00, 0x00, 0x02, 0xFF, 0xFF, 0xB0, 0x8F, 0xFF, 0xF5, 0x00, 0x00, 0x03, 0xFF, 0xFF, 0xA0,
    0x6F, 0xFF, 0xF7, 0x00, 0x00, 0x05, 0xFF, 0xFF, 0x80, 0x3F, 0xFF, 0xFC, 0x00, 0x00, 0x0A, 0xFF,
    0xFF, 0x40, 0x0C, 0xFF, 0xFF, 0x92, 0x02, 0x8F, 0xFF, 0xFD, 0x00, 0x03, 0xEF, 0xFF, 0xFF, 0xFF,
    0xFF, 0xFF, 0xF4, 0x00, 0x00, 0x4D, 0xFF, 0xFF, 0xFF, 0xFF, 0xFE, 0x50, 0x00, 0x00, 0x00, 0x5A,
    0xDE, 0xFE, 0xDA, 0x61, 0x00, 0x00, 0x00, 0x00, 0x8E, 0xA1, 0x00, 0xBE, 0x00, 0x00, 0x00, 0x04,
    0xFF, 0xFA, 0x00, 0xDE, 0x00, 0x00, 0x00, 0x09, 0xF5, 0x7F, 0x83, 0xFB, 0x00, 0x00, 0x00, 0x0B,
    0xF0, 0x08, 0xFF, 0xF6, 0x00, 0x00, 0x00, 0x0C, 0xD0, 0x00, 0x9E, 0xA0, 0x00, 0x00, 0x00, 0x00,
    0x00, 0x00, 0x00, 0x00, 0x00, 0x00, 0x00, 0x00, 0x00, 0x00, 0x00, 0x00, 0x00, 0x00, 0xFF, 0xFF,
    0x90, 0x00, 0x03, 0xFF, 0xFF, 0x50, 0xFF, 0xFF, 0x90, 0x00, 0x03, 0xFF, 0xFF, 0x50, 0xFF, 0xFF,
    0x90, 0x00, 0x03, 0xFF, 0xFF, 0x50, 0xFF, 0xFF, 0x90, 0x00, 0x03, 0xFF, 0xFF, 0x50, 0xFF, 0xFF,
    0x90, 0x00, 0x03, 0xFF, 0xFF, 0x50, 0xFF, 0xFF, 0x90, 0x00, 0x03, 0xFF, 0xFF, 0x50, 0xFF, 0xFF,
    0x90, 0x00, 0x03, 0xFF, 0xFF, 0x50, 0xFF, 0xFF, 0x90, 0x00, 0x04, 0xFF, 0xFF, 0x50, 0xEF, 0xFF,
    0x90, 0x00, 0x06, 0xFF, 0xFF, 0x50, 0xEF, 0xFF, 0xC0, 0x00, 0x0C, 0xFF, 0xFF, 0x50, 0xBF, 0xFF,
    0xF7, 0x12, 0x9F, 0xFF, 0xFF, 0x50, 0x6F, 0xFF, 0xFF, 0xFF, 0xFF, 0xFF, 0xFF, 0x50, 0x0B, 0xFF,
    0xFF, 0xFF, 0xE7, 0xFF, 0xFF, 0x50, 0x00, 0x7C, 0xEE, 0xD8, 0x13, 0xFF, 0xFF, 0x50, 0x00, 0x00,
    0x7F, 0xFF, 0xFF, 0xFF, 0x80, 0x00, 0x00, 0x00, 0x00, 0x7F, 0xFF, 0xFF, 0xFF, 0x80, 0x00, 0x00,
    0x00, 0x00, 0x00, 0x00, 0x00, 0x00, 0x00, 0x00, 0x00, 0x00, 0x00, 0x00, 0x00, 0x00, 0x00, 0x00,
    0x00, 0x00, 0x00, 0x00, 0x00, 0x00, 0x00, 0x00, 0x00, 0x00, 0x00, 0x9F, 0xFF, 0xF4, 0x00, 0x00,
    0x02, 0xFF, 0xFF, 0xB0, 0x9F, 0xFF, 0xF4, 0x00, 0x00, 0x02, 0xFF, 0xFF, 0xB0, 0x9F, 0xFF, 0xF4,
    0x00, 0x00, 0x02, 0xFF, 0xFF, 0xB0, 0x9F, 0xFF, 0xF4, 0x00, 0x00, 0x02, 0xFF, 0xFF, 0xB0, 0x9F,
    0xFF, 0xF4, 0x00, 0x00, 0x02, 0xFF, 0xFF, 0xB0, 0x9F, 0xFF, 0xF4, 0x00, 0x00, 0x02, 0xFF, 0xFF,
    0xB0, 0x9F, 0xFF, 0xF4, 0x00, 0x00, 0x02, 0xFF, 0xFF, 0xB0, 0x9F, 0xFF, 0xF4, 0x00, 0x00, 0x02,
    0xFF, 0xFF, 0xB0, 0x9F, 0xFF, 0xF4, 0x00, 0x00, 0x02, 0xFF, 0xFF, 0xB0, 0x9F, 0xFF, 0xF4, 0x00,
    0x00, 0x02, 0xFF, 0xFF, 0xB0, 0x9F, 0xFF, 0xF4, 0x00, 0x00, 0x02, 0xFF, 0xFF, 0xB0, 0x9F, 0xFF,
    0xF4, 0x00, 0x00, 0x02, 0xFF, 0xFF, 0xB0, 0x8F, 0xFF, 0xF5, 0x00, 0x00, 0x03, 0xFF, 0xFF, 0xA0,
    0x6F, 0xFF, 0xF7, 0x00, 0x00, 0x05, 0xFF, 0xFF, 0x80, 0x3F, 0xFF, 0xFC, 0x00, 0x00, 0x0A, 0xFF,
    0xFF, 0x40, 0x0C, 0xFF, 0xFF, 0x92, 0x02, 0x8F, 0xFF, 0xFD, 0x00, 0x03, 0xEF, 0xFF, 0xFF, 0xFF,
    0xFF, 0xFF, 0xF4, 0x00, 0x00, 0x4D, 0xFF, 0xFF, 0xFF, 0xFF, 0xFE, 0x50, 0x00, 0x00, 0x00, 0x5A,
    0xDE, 0xFE, 0xDA, 0x61, 0x00, 0x00, 0x00, 0x0C, 0xFF, 0xFF, 0xFF, 0xF3, 0x00, 0x00, 0x00, 0x0C,
    0xFF, 0xFF, 0xFF, 0xF3, 0x00, 0x00, 0x00, 0x00, 0x00, 0x00, 0x00, 0x00, 0x00, 0x00, 0x00, 0x00,
    0x00, 0x00, 0x00, 0x00, 0x00, 0x00, 0x00, 0x00, 0x00, 0x00, 0x00, 0x00, 0x00, 0x00, 0x00, 0x00,
    0x00, 0x00, 0x00, 0x00, 0x00, 0x00, 0xFF, 0xFF, 0x90, 0x00, 0x03, 0xFF, 0xFF, 0x50, 0xFF, 0xFF,
    0x90, 0x00, 0x03, 0xFF, 0xFF, 0x50, 0xFF, 0xFF, 0x90, 0x00, 0x03, 0xFF, 0xFF, 0x50, 0xFF, 0xFF,
    0x90, 0x00, 0x03, 0xFF, 0xFF, 0x50, 0xFF, 0xFF, 0x90, 0x00, 0x03, 0xFF, 0xFF, 0x50, 0xFF, 0xFF,
    0x90, 0x00, 0x03, 0xFF, 0xFF, 0x50, 0xFF, 0xFF, 0x90, 0x00, 0x03, 0xFF, 0xFF, 0x50, 0xFF, 0xFF,
    0x90, 0x00, 0x04, 0xFF, 0xFF, 0x50, 0xEF, 0xFF, 0x90, 0x00, 0x06, 0xFF, 0xFF, 0x50, 0xEF, 0xFF,
    0xC0, 0x00, 0x0C, 0xFF, 0xFF, 0x50, 0xBF, 0xFF, 0xF7, 0x12, 0x9F, 0xFF, 0xFF, 0x50, 0x6F, 0xFF,
    0xFF, 0xFF, 0xFF, 0xFF, 0xFF, 0x50, 0x0B, 0xFF, 0xFF, 0xFF, 0xE7, 0xFF, 0xFF, 0x50, 0x00, 0x7C,
    0xEE, 0xD8, 0x13, 0xFF, 0xFF, 0x50, 0x00, 0x00, 0x8F, 0x92, 0x01, 0x8F, 0xA0, 0x00, 0x00, 0x00,
    0x00, 0x2E, 0xFF, 0xFF, 0xFF, 0x30, 0x00, 0x00, 0x00, 0x00, 0x02, 0xAD, 0xFD, 0xA3, 0x00, 0x00,
    0x00, 0x00, 0x00, 0x00, 0x00, 0x00, 0x00, 0x00, 0x00, 0x00, 0x00, 0x00, 0x00, 0x00, 0x00, 0x00,
    0x00, 0x00, 0x00, 0x9F, 0xFF, 0xF4, 0x00, 0x00, 0x02, 0xFF, 0xFF, 0xB0, 0x9F, 0xFF, 0xF4, 0x00,
    0x00, 0x02, 0xFF, 0xFF, 0xB0, 0x9F, 0xFF, 0xF4, 0x00, 0x00, 0x02, 0xFF, 0xFF, 0xB0, 0x9F, 0xFF,
    0xF4, 0x00, 0x00, 0x02, 0xFF, 0xFF, 0xB0, 0x9F, 0xFF, 0xF4, 0x00, 0x00, 0x02, 0xFF, 0xFF, 0xB0,
    0x9F, 0xFF, 0xF4, 0x00, 0x00, 0x02, 0xFF, 0xFF, 0xB0, 0x9F, 0xFF, 0xF4, 0x00, 0x00, 0x02, 0xFF,
    0xFF, 0xB0, 0x9F, 0xFF, 0xF4, 0x00, 0x00, 0x02, 0xFF, 0xFF, 0xB0, 0x9F, 0xFF, 0xF4, 0x00, 0x00,
    0x02, 0xFF, 0xFF, 0xB0, 0x9F, 0xFF, 0xF4, 0x00, 0x00, 0x02, 0xFF, 0xFF, 0xB0, 0x9F, 0xFF, 0xF4,
    0x00, 0x00, 0x02, 0xFF, 0xFF, 0xB0, 0x9F, 0xFF, 0xF4, 0x00, 0x00, 0x02, 0xFF, 0xFF, 0xB0, 0x8F,
    0xFF, 0xF5, 0x00, 0x00, 0x03, 0xFF, 0xFF, 0xA0, 0x6F, 0xFF, 0xF7, 0x00, 0x00, 0x05, 0xFF, 0xFF,
    0x80, 0x3F, 0xFF, 0xFC, 0x00, 0x00, 0x0A, 0xFF, 0xFF, 0x40, 0x0C, 0xFF, 0xFF, 0x92, 0x02, 0x8F,
    0xFF, 0xFD, 0x00, 0x03, 0xEF, 0xFF, 0xFF, 0xFF, 0xFF, 0xFF, 0xF4, 0x00, 0x00, 0x4D, 0xFF, 0xFF,
    0xFF, 0xFF, 0xFE, 0x50, 0x00, 0x00, 0x00, 0x5A, 0xDE, 0xFE, 0xDA, 0x61, 0x00, 0x00, 0x00, 0x0A,
    0xF4, 0x00, 0x02, 0xFC, 0x00, 0x00, 0x00, 0x06, 0xFD, 0x30, 0x2B, 0xF8, 0x00, 0x00, 0x00, 0x01,
    0xDF, 0xFF, 0xFF, 0xE2, 0x00, 0x00, 0x00, 0x00, 0x19, 0xDF, 0xEA, 0x20, 0x00, 0x00, 0x00, 0x00,
    0x00, 0x00, 0x00, 0x00, 0x00, 0x00, 0x00, 0x00, 0x00, 0x00, 0x00, 0x00, 0x00, 0x00, 0xFF, 0xFF,
    0x90, 0x00, 0x03, 0xFF, 0xFF, 0x50, 0xFF, 0xFF, 0x90, 0x00, 0x03, 0xFF, 0xFF, 0x50, 0xFF, 0xFF,
    0x90, 0x00, 0x03, 0xFF, 0xFF, 0x50, 0xFF, 0xFF, 0x90, 0x00, 0x03, 0xFF, 0xFF, 0x50, 0xFF, 0xFF,
    0x90, 0x00, 0x03, 0xFF, 0xFF, 0x50, 0xFF, 0xFF, 0x90, 0x00, 0x03, 0xFF, 0xFF, 0x50, 0xFF, 0xFF,
    0x90, 0x00, 0x03, 0xFF, 0xFF, 0x50, 0xFF, 0xFF, 0x90, 0x00, 0x04, 0xFF, 0xFF, 0x50, 0xEF, 0xFF,
    0x90, 0x00, 0x06, 0xFF, 0xFF, 0x50, 0xEF, 0xFF, 0xC0, 0x00, 0x0C, 0xFF, 0xFF, 0x50, 0xBF, 0xFF,
    0xF7, 0x12, 0x9F, 0xFF, 0xFF, 0x50, 0x6F, 0xFF, 0xFF, 0xFF, 0xFF, 0xFF, 0xFF, 0x50, 0x0B, 0xFF,
    0xFF, 0xFF, 0xE7, 0xFF, 0xFF, 0x50, 0x00, 0x7C, 0xEE, 0xD8, 0x13, 0xFF, 0xFF, 0x50, 0x00, 0x00,
    0x00, 0x5C, 0xFD, 0x70, 0x00, 0x00, 0x00, 0x00, 0x00, 0x05, 0xFF, 0xFF, 0xF8, 0x00, 0x00, 0x00,
    0x00, 0x00, 0x0D, 0xF7, 0x14, 0xFF, 0x10, 0x00, 0x00, 0x00, 0x00, 0x0F, 0xF0, 0x00, 0xCF, 0x30,
    0x00, 0x00, 0x00, 0x00, 0x0D, 0xF7, 0x14, 0xFF, 0x10, 0x00, 0x00, 0x9F, 0xFF, 0xF9, 0xFF, 0xFF,
    0xFB, 0xFF, 0xFF, 0xB0, 0x9F, 0xFF, 0xF4, 0x5C, 0xFD, 0x72, 0xFF, 0xFF, 0xB0, 0x9F, 0xFF, 0xF4,
    0x00, 0x00, 0x02, 0xFF, 0xFF, 0xB0, 0x9F, 0xFF, 0xF4, 0x00, 0x00, 0x02, 0xFF, 0xFF, 0xB0, 0x9F,
    0xFF, 0xF4, 0x00, 0x00, 0x02, 0xFF, 0xFF, 0xB0, 0x9F, 0xFF, 0xF4, 0x00, 0x00, 0x02, 0xFF, 0xFF,
    0xB0, 0x9F, 0xFF, 0xF4, 0x00, 0x00, 0x02, 0xFF, 0xFF, 0xB0, 0x9F, 0xFF, 0xF4, 0x00, 0x00, 0x02,
    0xFF, 0xFF, 0xB0, 0x9F, 0xFF, 0xF4, 0x00, 0x00, 0x02, 0xFF, 0xFF, 0xB0, 0x9F, 0xFF, 0xF4, 0x00,
    0x00, 0x02, 0xFF, 0xFF, 0xB0, 0x9F, 0xFF, 0xF4, 0x00, 0x00, 0x02, 0xFF, 0xFF, 0xB0, 0x9F, 0xFF,
    0xF4, 0x00, 0x00, 0x02, 0xFF, 0xFF, 0xB0, 0x8F, 0xFF, 0xF5, 0x00, 0x00, 0x03, 0xFF, 0xFF, 0xA0,
    0x6F, 0xFF, 0xF7, 0x00, 0x00, 0x05, 0xFF, 0xFF, 0x80, 0x3F, 0xFF, 0xFC, 0x00, 0x00, 0x0A, 0xFF,
    0xFF, 0x40, 0x0C, 0xFF, 0xFF, 0x92, 0x02, 0x8F, 0xFF, 0xFD, 0x00, 0x03, 0xEF, 0xFF, 0xFF, 0xFF,
    0xFF, 0xFF, 0xF4, 0x00, 0x00, 0x4D, 0xFF, 0xFF, 0xFF, 0xFF, 0xFE, 0x50, 0x00, 0x00, 0x00, 0x5A,
    0xDE, 0xFE, 0xDA, 0x61, 0x00, 0x00, 0x00, 0x00, 0x08, 0xDF, 0xC4, 0x00, 0x00, 0x00, 0x00, 0x00,
    0xAF, 0xFF, 0xFF, 0x40, 0x00, 0x00, 0x00, 0x02, 0xFE, 0x31, 0x8F, 0xB0, 0x00, 0x00, 0x00, 0x05,
    0xFA, 0x00, 0x1F, 0xD0, 0x00, 0x00, 0x00, 0x02, 0xFE, 0x41, 0x8F, 0xB0, 0x00, 0x00, 0x00, 0x00,
    0xAF, 0xFF, 0xFF, 0x40, 0x00, 0x00, 0x00, 0x00, 0x08, 0xEF, 0xC4, 0x00, 0x00, 0x00, 0x00, 0x00,
    0x00, 0x00, 0x00, 0x00, 0x00, 0x00, 0x00, 0x00, 0x00, 0x00, 0x00, 0x00, 0x00, 0x00, 0xFF, 0xFF,
    0x90, 0x00, 0x03, 0xFF, 0xFF, 0x50, 0xFF, 0xFF, 0x90, 0x00, 0x03, 0xFF, 0xFF, 0x50, 0xFF, 0xFF,
    0x90, 0x00, 0x03, 0xFF, 0xFF, 0x50, 0xFF, 0xFF, 0x90, 0x00, 0x03, 0xFF, 0xFF, 0x50, 0xFF, 0xFF,
    0x90, 0x00, 0x03, 0xFF, 0xFF, 0x50, 0xFF, 0xFF, 0x90, 0x00, 0x03, 0xFF, 0xFF, 0x50, 0xFF, 0xFF,
    0x90, 0x00, 0x03, 0xFF, 0xFF, 0x50, 0xFF, 0xFF, 0x90, 0x00, 0x04, 0xFF, 0xFF, 0x50, 0xEF, 0xFF,
    0x90, 0x00, 0x06, 0xFF, 0xFF, 0x50, 0xEF, 0xFF, 0xC0, 0x00, 0x0C, 0xFF, 0xFF, 0x50, 0xBF, 0xFF,
    0xF7, 0x12, 0x9F, 0xFF, 0xFF, 0x50, 0x6F, 0xFF, 0xFF, 0xFF, 0xFF, 0xFF, 0xFF, 0x50, 0x0B, 0xFF,
    0xFF, 0xFF, 0xE7, 0xFF, 0xFF, 0x50, 0x00, 0x7C, 0xEE, 0xD8, 0x13, 0xFF, 0xFF, 0x50, 0x00, 0x00,
    0x03, 0xEF, 0xE5, 0x5F, 0xFD, 0x30, 0x00, 0x00, 0x00, 0x1D, 0xFD, 0x33, 0xFF, 0xB1, 0x00, 0x00,
    0x00, 0x00, 0xCF, 0xC1, 0x2E, 0xF9, 0x00, 0x00, 0x00, 0x00, 0x00, 0x00, 0x00, 0x00, 0x00, 0x00,
    0x00, 0x00, 0x00, 0x00, 0x00, 0x00, 0x00, 0x00, 0x00, 0x00, 0x00, 0x9F, 0xFF, 0xF4, 0x00, 0x00,
    0x02, 0xFF, 0xFF, 0xB0, 0x9F, 0xFF, 0xF4, 0x00, 0x00, 0x02, 0xFF, 0xFF, 0xB0, 0x9F, 0xFF, 0xF4,
    0x00, 0x00, 0x02, 0xFF, 0xFF, 0xB0, 0x9F, 0xFF, 0xF4, 0x00, 0x00, 0x02, 0xFF, 0xFF, 0xB0, 0x9F,
    0xFF, 0xF4, 0x00, 0x00, 0x02, 0xFF, 0xFF, 0xB0, 0x9F, 0xFF, 0xF4, 0x00, 0x00, 0x02, 0xFF, 0xFF,
    0xB0, 0x9F, 0xFF, 0xF4, 0x00, 0x00, 0x02, 0xFF, 0xFF, 0xB0, 0x9F, 0xFF, 0xF4, 0x00, 0x00, 0x02,
    0xFF, 0xFF, 0xB0, 0x9F, 0xFF, 0xF4, 0x00, 0x00, 0x02, 0xFF, 0xFF, 0xB0, 0x9F, 0xFF, 0xF4, 0x00,
    0x00, 0x02, 0xFF, 0xFF, 0xB0, 0x9F, 0xFF, 0xF4, 0x00, 0x00, 0x02, 0xFF, 0xFF, 0xB0, 0x9F, 0xFF,
    0xF4, 0x00, 0x00, 0x02, 0xFF, 0xFF, 0xB0, 0x8F, 0xFF, 0xF5, 0x00, 0x00, 0x03, 0xFF, 0xFF, 0xA0,
    0x6F, 0xFF, 0xF7, 0x00, 0x00, 0x05, 0xFF, 0xFF, 0x80, 0x3F, 0xFF, 0xFC, 0x00, 0x00, 0x0A, 0xFF,
    0xFF, 0x40, 0x0C, 0xFF, 0xFF, 0x92, 0x02, 0x8F, 0xFF, 0xFD, 0x00, 0x03, 0xEF, 0xFF, 0xFF, 0xFF,
    0xFF, 0xFF, 0xF4, 0x00, 0x00, 0x4D, 0xFF, 0xFF, 0xFF, 0xFF, 0xFE, 0x50, 0x00, 0x00, 0x00, 0x5A,
    0xDE, 0xFE, 0xDA, 0x61, 0x00, 0x00, 0x00, 0x00, 0x04, 0xFF, 0x60, 0xAF, 0xF3, 0x00, 0x00, 0x00,
    0x0B, 0xFC, 0x03, 0xFF, 0x70, 0x00, 0x00, 0x00, 0x4F, 0xF3, 0x0B, 0xFC, 0x00, 0x00, 0x00, 0x00,
    0xBF, 0x80, 0x5F, 0xE2, 0x00, 0x00, 0x00, 0x03, 0xFD, 0x10, 0xDF, 0x60, 0x00, 0x00, 0x00, 0x00,
    0x00, 0x00, 0x00, 0x00, 0x00, 0x00, 0x00, 0x00, 0x00, 0x00, 0x00, 0x00, 0x00, 0x00, 0xFF, 0xFF,
    0x90, 0x00, 0x03, 0xFF, 0xFF, 0x50, 0xFF, 0xFF, 0x90, 0x00, 0x03, 0xFF, 0xFF, 0x50, 0xFF, 0xFF,
    0x90, 0x00, 0x03, 0xFF, 0xFF, 0x50, 0xFF, 0xFF, 0x90, 0x00, 0x03, 0xFF, 0xFF, 0x50, 0xFF, 0xFF,
    0x90, 0x00, 0x03, 0xFF, 0xFF, 0x50, 0xFF, 0xFF, 0x90, 0x00, 0x03, 0xFF, 0xFF, 0x50, 0xFF, 0xFF,
    0x90, 0x00, 0x03, 0xFF, 0xFF, 0x50, 0xFF, 0xFF, 0x90, 0x00, 0x04, 0xFF, 0xFF, 0x50, 0xEF, 0xFF,
    0x90, 0x00, 0x06, 0xFF, 0xFF, 0x50, 0xEF, 0xFF, 0xC0, 0x00, 0x0C, 0xFF, 0xFF, 0x50, 0xBF, 0xFF,
    0xF7, 0x12, 0x9F, 0xFF, 0xFF, 0x50, 0x6F, 0xFF, 0xFF, 0xFF, 0xFF, 0xFF, 0xFF, 0x50, 0x0B, 0xFF,
    0xFF, 0xFF, 0xE7, 0xFF, 0xFF, 0x50, 0x00, 0x7C, 0xEE, 0xD8, 0x13, 0xFF, 0xFF, 0x50, 0x9F, 0xFF,
    0xF4, 0x00, 0x00, 0x02, 0xFF, 0xFF, 0xB0, 0x9F, 0xFF, 0xF4, 0x00, 0x00, 0x02, 0xFF, 0xFF, 0xB0,
    0x9F, 0xFF, 0xF4, 0x00, 0x00, 0x02, 0xFF, 0xFF, 0xB0, 0x9F, 0xFF, 0xF4, 0x00, 0x00, 0x02, 0xFF,
    0xFF, 0xB0, 0x9F, 0xFF, 0xF4, 0x00, 0x00, 0x02, 0xFF, 0xFF, 0xB0, 0x9F, 0xFF, 0xF4, 0x00, 0x00,
    0x02, 0xFF, 0xFF, 0xB0, 0x9F, 0xFF, 0xF4, 0x00, 0x00, 0x02, 0xFF, 0xFF, 0xB0, 0x9F, 0xFF, 0xF4,
    0x00, 0x00, 0x02, 0xFF, 0xFF, 0xB0, 0x9F, 0xFF, 0xF4, 0x00, 0x00, 0x02, 0xFF, 0xFF, 0xB0, 0x9F,
    0xFF, 0xF4, 0x00, 0x00, 0x02, 0xFF, 0xFF, 0xB0, 0x9F, 0xFF, 0xF4, 0x00, 0x00, 0x02, 0xFF, 0xFF,
    0xB0, 0x9F, 0xFF, 0xF4, 0x00, 0x00, 0x02, 0xFF, 0xFF, 0xB0, 0x8F, 0xFF, 0xF5, 0x00, 0x00, 0x03,
    0xFF, 0xFF, 0xA0, 0x6F, 0xFF, 0xF7, 0x00, 0x00, 0x05, 0xFF, 0xFF, 0x80, 0x3F, 0xFF, 0xFC, 0x00,
    0x00, 0x0A, 0xFF, 0xFF, 0x40, 0x0C, 0xFF, 0xFF, 0x92, 0x02, 0x8F, 0xFF, 0xFD, 0x00, 0x03, 0xEF,
    0xFF, 0xFF, 0xFF, 0xFF, 0xFF, 0xF4, 0x00, 0x00, 0x4D, 0xFF, 0xFF, 0xFF, 0xFF, 0xFE, 0x50, 0x00,
    0x00, 0x00, 0x5A, 0xDE, 0xFE, 0xDA, 0x61, 0x00, 0x00, 0x00, 0x00, 0x00, 0x0B, 0xE2, 0x00, 0x00,
    0x00, 0x00, 0x00, 0x00, 0x00, 0x6F, 0x70, 0x00, 0x00, 0x00, 0x00, 0x00, 0x00, 0x00, 0xBF, 0x90,
    0x00, 0x00, 0x00, 0x00, 0x00, 0x00, 0x00, 0x9F, 0xFF, 0xFA, 0x00, 0x00, 0x00, 0x00, 0x00, 0x00,
    0x1A, 0xEF, 0xFA, 0x00, 0x00, 0x00, 0xFF, 0xFF, 0x90, 0x00, 0x03, 0xFF, 0xFF, 0x50, 0x00, 0xFF,
    0xFF, 0x90, 0x00, 0x03, 0xFF, 0xFF, 0x50, 0x00, 0xFF, 0xFF, 0x90, 0x00, 0x03, 0xFF, 0xFF, 0x50,
    0x00, 0xFF, 0xFF, 0x90, 0x00, 0x03, 0xFF, 0xFF, 0x50, 0x00, 0xFF, 0xFF, 0x90, 0x00, 0x03, 0xFF,
    0xFF, 0x50, 0x00, 0xFF, 0xFF, 0x90, 0x00, 0x03, 0xFF, 0xFF, 0x50, 0x00, 0xFF, 0xFF, 0x90, 0x00,
    0x03, 0xFF, 0xFF, 0x50, 0x00, 0xFF, 0xFF, 0x90, 0x00, 0x04, 0xFF, 0xFF, 0x50, 0x00, 0xEF, 0xFF,
    0x90, 0x00, 0x06, 0xFF, 0xFF, 0x50, 0x00, 0xEF, 0xFF, 0xC0, 0x00, 0x0C, 0xFF, 0xFF, 0x50, 0x00,
    0xBF, 0xFF, 0xF7, 0x12, 0x9F, 0xFF, 0xFF, 0x50, 0x00, 0x6F, 0xFF, 0xFF, 0xFF, 0xFF, 0xFF, 0xFF,
    0x50, 0x00, 0x0B, 0xFF, 0xFF, 0xFF, 0xE7, 0xFF, 0xFF, 0x50, 0x00, 0x00, 0x7C, 0xEE, 0xD8, 0x13,
    0xFF, 0xFF, 0x50, 0x00, 0x00, 0x00, 0x00, 0x00, 0x00, 0x00, 0xCE, 0x10, 0x00, 0x00, 0x00, 0x00,
    0x00, 0x00, 0x07, 0xF6, 0x00, 0x00, 0x00, 0x00, 0x00, 0x00, 0x00, 0x0C, 0xF8, 0x00, 0x00, 0x00,
    0x00, 0x00, 0x00, 0x00, 0x0A, 0xFF, 0xFF, 0x90, 0x00, 0x00, 0x00, 0x00, 0x00, 0x01, 0xAE, 0xFF,
    0x90, 0x00, 0x00, 0x00, 0x00, 0x00, 0x03, 0xEF, 0xFF, 0xB0, 0x00, 0x00, 0x00, 0x00, 0x00, 0x00,
    0x00, 0x00, 0x00, 0x00, 0x2E, 0xFB, 0x6E, 0xFA, 0x00, 0x00, 0x00, 0x00, 0x00, 0x00, 0x00, 0x00,
    0x00, 0x02, 0xDF, 0x70, 0x01, 0xBF, 0x90, 0x00, 0x00, 0x00, 0x00, 0x00, 0x00, 0x00, 0x00, 0x00,
    0x00, 0x00, 0x00, 0x00, 0x00, 0x00, 0x00, 0x00, 0x00, 0x00, 0x00, 0x00, 0x00, 0x00, 0x00, 0x00,
    0x00, 0x00, 0x00, 0x00, 0x00, 0x00, 0x00, 0x2F, 0xFF, 0xF9, 0x00, 0x00, 0x02, 0xFF, 0xFF, 0xC0,
    0x00, 0x00, 0x0E, 0xFF, 0xFB, 0x0D, 0xFF, 0xFC, 0x00, 0x00, 0x06, 0xFF, 0xFF, 0xF1, 0x00, 0x00,
    0x2F, 0xFF, 0xF8, 0x09, 0xFF, 0xFF, 0x10, 0x00, 0x09, 0xFF, 0xFF, 0xF4, 0x00, 0x00, 0x6F, 0xFF,
    0xF4, 0x06, 0xFF, 0xFF, 0x40, 0x00, 0x0D, 0xFF, 0xFF, 0xF8, 0x00, 0x00, 0x9F, 0xFF, 0xF1, 0x02,
    0xFF, 0xFF, 0x80, 0x00, 0x1F, 0xFF, 0xEF, 0xFB, 0x00, 0x00, 0xDF, 0xFF, 0xC0, 0x00, 0xEF, 0xFF,
    0xB0, 0x00, 0x5F, 0xFF, 0x8F, 0xFE, 0x00, 0x01, 0xFF, 0xFF, 0x80, 0x00, 0xAF, 0xFF, 0xF0, 0x00,
    0x8F, 0xFD, 0x3F, 0xFF, 0x30, 0x05, 0xFF, 0xFF, 0x50, 0x00, 0x7F, 0xFF, 0xF3, 0x00, 0xCF, 0xFA,
    0x0E, 0xFF, 0x70, 0x08, 0xFF, 0xFF, 0x10, 0x00, 0x3F, 0xFF, 0xF7, 0x01, 0xFF, 0xF6, 0x0B, 0xFF,
    0xA0, 0x0C, 0xFF, 0xFD, 0x00, 0x00, 0x0E, 0xFF, 0xFB, 0x04, 0xFF, 0xF2, 0x07, 0xFF, 0xE0, 0x1F,
    0xFF, 0xF9, 0x00, 0x00, 0x0B, 0xFF, 0xFE, 0x07, 0xFF, 0xE0, 0x04, 0xFF, 0xF2, 0x4F, 0xFF, 0xF6,
    0x00, 0x00, 0x07, 0xFF, 0xFF, 0x3B, 0xFF, 0xA0, 0x01, 0xFF, 0xF6, 0x8F, 0xFF, 0xF2, 0x00, 0x00,
    0x04, 0xFF, 0xFF, 0x6E, 0xFF, 0x70, 0x00, 0xCF, 0xF9, 0xBF, 0xFF, 0xE0, 0x00, 0x00, 0x01, 0xFF,
    0xFF, 0xDF, 0xFF, 0x30, 0x00, 0x8F, 0xFD, 0xEF, 0xFF, 0xA0, 0x00, 0x00, 0x00, 0xCF, 0xFF, 0xFF,
    0xFE, 0x00, 0x00, 0x5F, 0xFF, 0xFF, 0xFF, 0x70, 0x00, 0x00, 0x00, 0x8F, 0xFF, 0xFF, 0xFB, 0x00,
    0x00, 0x1F, 0xFF, 0xFF, 0xFF, 0x30, 0x00, 0x00, 0x00, 0x5F, 0xFF, 0xFF, 0xF8, 0x00, 0x00, 0x0C,
    0xFF, 0xFF, 0xFE, 0x00, 0x00, 0x00, 0x00, 0x1F, 0xFF, 0xFF, 0xF4, 0x00, 0x00, 0x09, 0xFF, 0xFF,
    0xFB, 0x00, 0x00, 0x00, 0x00, 0x0D, 0xFF, 0xFF, 0xF1, 0x00, 0x00, 0x05, 0xFF, 0xFF, 0xF8, 0x00,
    0x00, 0x00, 0x00, 0x00, 0x00, 0x0C, 0xFF, 0xD0, 0x00, 0x00, 0x00, 0x00, 0x00, 0x00, 0x00, 0x00,
    0x7F, 0xFF, 0xF8, 0x00, 0x00, 0x00, 0x00, 0x00, 0x00, 0x00, 0x02, 0xFF, 0x99, 0xFF, 0x30, 0x00,
    0x00, 0x00, 0x00, 0x00, 0x00, 0x0C, 0xFB, 0x00, 0xBF, 0xC0, 0x00, 0x00, 0x00, 0x00, 0x00, 0x00,
    0x7F, 0xD1, 0x00, 0x1C, 0xF7, 0x00, 0x00, 0x00, 0x00, 0x00, 0x00, 0x00, 0x00, 0x00, 0x00, 0x00,
    0x00, 0x00, 0x00, 0x00, 0x00, 0x00, 0x00, 0x00, 0x00, 0x00, 0x00, 0x00, 0x00, 0x00, 0xEF, 0xFF,
    0x70, 0x00, 0x0F, 0xFF, 0xF1, 0x00, 0x06, 0xFF, 0xFE, 0xAF, 0xFF, 0xA0, 0x00, 0x4F, 0xFF, 0xF4,
    0x00, 0x0A, 0xFF, 0xFB, 0x6F, 0xFF, 0xE0, 0x00, 0x8F, 0xFF, 0xF8, 0x00, 0x0E, 0xFF, 0xF7, 0x2F,
    0xFF, 0xF3, 0x00, 0xBF, 0xFF, 0xFC, 0x00, 0x3F, 0xFF, 0xF3, 0x0D, 0xFF, 0xF7, 0x00, 0xFF, 0xEE,
    0xFF, 0x10, 0x7F, 0xFF, 0xE0, 0x09, 0xFF, 0xFA, 0x04, 0xFF, 0xBB, 0xFF, 0x40, 0xAF, 0xFF, 0xA0,
    0x05, 0xFF, 0xFE, 0x07, 0xFF, 0x77, 0xFF, 0x80, 0xEF, 0xFF, 0x60, 0x01, 0xFF, 0xFF, 0x3B, 0xFF,
    0x43, 0xFF, 0xC3, 0xFF, 0xFF, 0x20, 0x00, 0xCF, 0xFF, 0x7F, 0xFE, 0x00, 0xEF, 0xF7, 0xFF, 0xFD,
    0x00, 0x00, 0x8F, 0xFF, 0xDF, 0xFB, 0x00, 0xBF, 0xFE, 0xFF, 0xF9, 0x00, 0x00, 0x4F, 0xFF, 0xFF,
    0xF7, 0x00, 0x7F, 0xFF, 0xFF, 0xF5, 0x00, 0x00, 0x1F, 0xFF, 0xFF, 0xF4, 0x00, 0x3F, 0xFF, 0xFF,
    0xF1, 0x00, 0x00, 0x0B, 0xFF, 0xFF, 0xF0, 0x00, 0x0E, 0xFF, 0xFF, 0xC0, 0x00, 0x00, 0x07, 0xFF,
    0xFF, 0xB0, 0x00, 0x0B, 0xFF, 0xFF, 0x80, 0x00, 0x00, 0x00, 0x00, 0x02, 0xDF, 0xFF, 0xC1, 0x00,
    0x00, 0x00, 0x00, 0x00, 0x00, 0x1D, 0xFC, 0x5D, 0xFB, 0x00, 0x00, 0x00, 0x00, 0x00, 0x01, 0xCF,
    0x80, 0x01, 0xAF, 0xA0, 0x00, 0x00, 0x00, 0x00, 0x00, 0x00, 0x00, 0x00, 0x00, 0x00, 0x00, 0x00,
    0x00, 0x00, 0x00, 0x00, 0x00, 0x00, 0x00, 0x00, 0x00, 0x00, 0x1D, 0xFF, 0xFF, 0x60, 0x00, 0x00,
    0x00, 0x9F, 0xFF, 0xFB, 0x04, 0xFF, 0xFF, 0xE2, 0x00, 0x00, 0x04, 0xFF, 0xFF, 0xE2, 0x00, 0x9F,
    0xFF, 0xFA, 0x00, 0x00, 0x0D, 0xFF, 0xFF, 0x70, 0x00, 0x1D, 0xFF, 0xFF, 0x50, 0x00, 0x8F, 0xFF,
    0xFC, 0x00, 0x00, 0x04, 0xFF, 0xFF, 0xE1, 0x03, 0xFF, 0xFF, 0xF2, 0x00, 0x00, 0x00, 0xAF, 0xFF,
    0xF9, 0x0C, 0xFF, 0xFF, 0x70, 0x00, 0x00, 0x00, 0x1E, 0xFF, 0xFF, 0xAF, 0xFF, 0xFC, 0x00, 0x00,
    0x00, 0x00, 0x05, 0xFF, 0xFF, 0xFF, 0xFF, 0xF3, 0x00, 0x00, 0x00, 0x00, 0x00, 0xAF, 0xFF, 0xFF,
    0xFF, 0x70, 0x00, 0x00, 0x00, 0x00, 0x00, 0x1E, 0xFF, 0xFF, 0xFC, 0x00, 0x00, 0x00, 0x00, 0x00,
    0x00, 0x05, 0xFF, 0xFF, 0xF3, 0x00, 0x00, 0x00, 0x00, 0x00, 0x00, 0x00, 0xFF, 0xFF, 0xD0, 0x00,
    0x00, 0x00, 0x00, 0x00, 0x00, 0x00, 0xFF, 0xFF, 0xD0, 0x00, 0x00, 0x00, 0x00, 0x00, 0x00, 0x00,
    0xFF, 0xFF, 0xD0, 0x00, 0x00, 0x00, 0x00, 0x00, 0x00, 0x00, 0xFF, 0xFF, 0xD0, 0x00, 0x00, 0x00,
    0x00, 0x00, 0x00, 0x00, 0xFF, 0xFF, 0xD0, 0x00, 0x00, 0x00, 0x00, 0x00, 0x00, 0x00, 0xFF, 0xFF,
    0xD0, 0x00, 0x00, 0x00, 0x00, 0x00, 0x00, 0x00, 0xFF, 0xFF, 0xD0, 0x00, 0x00, 0x00, 0x00, 0x00,
    0x00, 0x00, 0xFF, 0xFF, 0xD0, 0x00, 0x00, 0x00, 0x00, 0x00, 0x00, 0x7F, 0xFF, 0x40, 0x00, 0x00,
    0x00, 0x00, 0x00, 0x02, 0xFF, 0xFF, 0xD1, 0x00, 0x00, 0x00, 0x00, 0x00, 0x0B, 0xFD, 0x5F, 0xF8,
    0x00, 0x00, 0x00, 0x00, 0x00, 0x6F, 0xE3, 0x05, 0xFF, 0x30, 0x00, 0x00, 0x00, 0x02, 0xEF, 0x40,
    0x00, 0x8F, 0xC0, 0x00, 0x00, 0x00, 0x00, 0x00, 0x00, 0x00, 0x00, 0x00, 0x00, 0x00, 0x00, 0x00,
    0x00, 0x00, 0x00, 0x00, 0x00, 0x00, 0x00, 0x7F, 0xFF, 0xF1, 0x00, 0x00, 0x04, 0xFF, 0xFF, 0x40,
    0x1E, 0xFF, 0xF7, 0x00, 0x00, 0x09, 0xFF, 0xFD, 0x00, 0x09, 0xFF, 0xFD, 0x00, 0x00, 0x0E, 0xFF,
    0xF7, 0x00, 0x02, 0xFF, 0xFF, 0x40, 0x00, 0x4F, 0xFF, 0xF1, 0x00, 0x00, 0xBF, 0xFF, 0xA0, 0x00,
    0x9F, 0xFF, 0xA0, 0x00, 0x00, 0x4F, 0xFF, 0xF1, 0x00, 0xEF, 0xFF, 0x40, 0x00, 0x00, 0x0C, 0xFF,
    0xF7, 0x04, 0xFF, 0xFD, 0x00, 0x00, 0x00, 0x06, 0xFF, 0xFD, 0x09, 0xFF, 0xF7, 0x00, 0x00, 0x00,
    0x00, 0xEF, 0xFF, 0x5E, 0xFF, 0xF1, 0x00, 0x00, 0x00, 0x00, 0x7F, 0xFF, 0xEF, 0xFF, 0xA0, 0x00,
    0x00, 0x00, 0x00, 0x1F, 0xFF, 0xFF, 0xFF, 0x30, 0x00, 0x00, 0x00, 0x00, 0x09, 0xFF, 0xFF, 0xFC,
    0x00, 0x00, 0x00, 0x00, 0x00, 0x02, 0xFF, 0xFF, 0xF6, 0x00, 0x00, 0x00, 0x00, 0x00, 0x00, 0xBF,
    0xFF, 0xE1, 0x00, 0x00, 0x00, 0x00, 0x00, 0x00, 0x7F, 0xFF, 0x90, 0x00, 0x00, 0x00, 0x00, 0x00,
    0x04, 0xEF, 0xFF, 0x30, 0x00, 0x00, 0x00, 0x00, 0x6F, 0xFF, 0xFF, 0xFA, 0x00, 0x00, 0x00, 0x00,
    0x00, 0x6F, 0xFF, 0xFF, 0xD1, 0x00, 0x00, 0x00, 0x00, 0x00, 0x6F, 0xFE, 0xD8, 0x10, 0x00, 0x00,
    0x00, 0x00, 0x00, 0x00, 0x00, 0x9F, 0xF6, 0x09, 0xFF, 0x60, 0x00, 0x00, 0x00, 0x00, 0x00, 0x9F,
    0xF6, 0x09, 0xFF, 0x60, 0x00, 0x00, 0x00, 0x00, 0x00, 0x9F, 0xF6, 0x09, 0xFF, 0x60, 0x00, 0x00,
    0x00, 0x00, 0x00, 0x00, 0x00, 0x00, 0x00, 0x00, 0x00, 0x00, 0x00, 0x00, 0x00, 0x00, 0x00, 0x00,
    0x00, 0x00, 0x00, 0x00, 0x1D, 0xFF, 0xFF, 0x60, 0x00, 0x00, 0x00, 0x9F, 0xFF, 0xFB, 0x04, 0xFF,
    0xFF, 0xE2, 0x00, 0x00, 0x04, 0xFF, 0xFF, 0xE2, 0x00, 0x9F, 0xFF, 0xFA, 0x00, 0x00, 0x0D, 0xFF,
    0xFF, 0x70, 0x00, 0x1D, 0xFF, 0xFF, 0x50, 0x00, 0x8F, 0xFF, 0xFC, 0x00, 0x00, 0x04, 0xFF, 0xFF,
    0xE1, 0x03, 0xFF, 0xFF, 0xF2, 0x00, 0x00, 0x00, 0xAF, 0xFF, 0xF9, 0x0C, 0xFF, 0xFF, 0x70, 0x00,
    0x00, 0x00, 0x1E, 0xFF, 0xFF, 0xAF, 0xFF, 0xFC, 0x00, 0x00, 0x00, 0x00, 0x05, 0xFF, 0xFF, 0xFF,
    0xFF, 0xF3, 0x00, 0x00, 0x00, 0x00, 0x00, 0xAF, 0xFF, 0xFF, 0xFF, 0x70, 0x00, 0x00, 0x00, 0x00,
    0x00, 0x1E, 0xFF, 0xFF, 0xFC, 0x00, 0x00, 0x00, 0x00, 0x00, 0x00, 0x05, 0xFF, 0xFF, 0xF3, 0x00,
    0x00, 0x00, 0x00, 0x00, 0x00, 0x00, 0xFF, 0xFF, 0xD0, 0x00, 0x00, 0x00, 0x00, 0x00, 0x00, 0x00,
    0xFF, 0xFF, 0xD0, 0x00, 0x00, 0x00, 0x00, 0x00, 0x00, 0x00, 0xFF, 0xFF, 0xD0, 0x00, 0x00, 0x00,
    0x00, 0x00, 0x00, 0x00, 0xFF, 0xFF, 0xD0, 0x00, 0x00, 0x00, 0x00, 0x00, 0x00, 0x00, 0xFF, 0xFF,
    0xD0, 0x00, 0x00, 0x00, 0x00, 0x00, 0x00, 0x00, 0xFF, 0xFF, 0xD0, 0x00, 0x00, 0x00, 0x00, 0x00,
    0x00, 0x00, 0xFF, 0xFF, 0xD0, 0x00, 0x00, 0x00, 0x00, 0x00, 0x00, 0x00, 0xFF, 0xFF, 0xD0, 0x00,
    0x00, 0x00, 0x00, 0x00, 0x00, 0x01, 0xDF, 0xF7, 0x00, 0x00, 0x00, 0x00, 0x00, 0x00, 0x0B, 0xFE,
    0x50, 0x00, 0x00, 0x00, 0x00, 0x00, 0x00, 0x9F, 0xD3, 0x00, 0x00, 0x00, 0x00, 0x00, 0x00, 0x00,
    0x00, 0x00, 0x00, 0x00, 0x00, 0x00, 0x00, 0x00, 0x00, 0x00, 0x00, 0x00, 0x00, 0x00, 0x00, 0x8F,
    0xFF, 0xFF, 0xFF, 0xFF, 0xFF, 0xFF, 0xFF, 0x60, 0x8F, 0xFF, 0xFF, 0xFF, 0xFF, 0xFF, 0xFF, 0xFF,
    0x60, 0x8F, 0xFF, 0xFF, 0xFF, 0xFF, 0xFF, 0xFF, 0xFF, 0x60, 0x00, 0x00, 0x00, 0x00, 0x02, 0xEF,
    0xFF, 0xFE, 0x20, 0x00, 0x00, 0x00, 0x00, 0x0C, 0xFF, 0xFF, 0xF4, 0x00, 0x00, 0x00, 0x00, 0x00,
    0x9F, 0xFF, 0xFF, 0x70, 0x00, 0x00, 0x00, 0x00, 0x06, 0xFF, 0xFF, 0xFA, 0x00, 0x00, 0x00, 0x00,
    0x00, 0x3F, 0xFF, 0xFF, 0xD1, 0x00, 0x00, 0x00, 0x00, 0x01, 0xDF, 0xFF, 0xFE, 0x30, 0x00, 0x00,
    0x00, 0x00, 0x0B, 0xFF, 0xFF, 0xF5, 0x00, 0x00, 0x00, 0x00, 0x00, 0x9F, 0xFF, 0xFF, 0x80, 0x00,
    0x00, 0x00, 0x00, 0x05, 0xFF, 0xFF, 0xFB, 0x00, 0x00, 0x00, 0x00, 0x00, 0x3E, 0xFF, 0xFF, 0xD1,
    0x00, 0x00, 0x00, 0x00, 0x01, 0xDF, 0xFF, 0xFF, 0x30, 0x00, 0x00, 0x00, 0x00, 0x0B, 0xFF, 0xFF,
    0xF6, 0x00, 0x00, 0x00, 0x00, 0x00, 0x8F, 0xFF, 0xFF, 0x90, 0x00, 0x00, 0x00, 0x00, 0x00, 0xCF,
    0xFF, 0xFF, 0xFF, 0xFF, 0xFF, 0xFF, 0xFF, 0xA0, 0xCF, 0xFF, 0xFF, 0xFF, 0xFF, 0xFF, 0xFF, 0xFF,
    0xA0, 0xCF, 0xFF, 0xFF, 0xFF, 0xFF, 0xFF, 0xFF, 0xFF, 0xA0, 0x00, 0x00, 0x00, 0x00, 0x8F, 0xFD,
    0x10, 0x00, 0x00, 0x00, 0x04, 0xFF, 0xD2, 0x00, 0x00, 0x00, 0x00, 0x1E, 0xFE, 0x20, 0x00, 0x00,
    0x00, 0x00, 0xAF, 0xE3, 0x00, 0x00, 0x00, 0x00, 0x06, 0xFE, 0x30, 0x00, 0x00, 0x00, 0x00, 0x00,
    0x00, 0x00, 0x00, 0x00, 0x00, 0x00, 0x00, 0x00, 0x00, 0x00, 0x00, 0x8F, 0xFF, 0xFF, 0xFF, 0xFF,
    0xFF, 0xD0, 0x8F, 0xFF, 0xFF, 0xFF, 0xFF, 0xFF, 0xD0, 0x8F, 0xFF, 0xFF, 0xFF, 0xFF, 0xFF, 0xD0,
    0x00, 0x00, 0x00, 0x1C, 0xFF, 0xFF, 0x90, 0x00, 0x00, 0x01, 0xBF, 0xFF, 0xF9, 0x00, 0x00, 0x00,
    0x0B, 0xFF, 0xFF, 0xA0, 0x00, 0x00, 0x00, 0xAF, 0xFF, 0xFA, 0x00, 0x00, 0x00, 0x0A, 0xFF, 0xFF,
    0xB0, 0x00, 0x00, 0x00, 0x9F, 0xFF, 0xFB, 0x10, 0x00, 0x00, 0x09, 0xFF, 0xFF, 0xC1, 0x00, 0x00,
    0x00, 0x8F, 0xFF, 0xFC, 0x10, 0x00, 0x00, 0x00, 0xCF, 0xFF, 0xFF, 0xFF, 0xFF, 0xFF, 0xD0, 0xCF,
    0xFF, 0xFF, 0xFF, 0xFF, 0xFF, 0xD0, 0xCF, 0xFF, 0xFF, 0xFF, 0xFF, 0xFF, 0xD0, 0x00, 0x00, 0x00,
    0x8F, 0xFE, 0x00, 0x00, 0x00, 0x00, 0x00, 0x00, 0x00, 0x8F, 0xFE, 0x00, 0x00, 0x00, 0x00, 0x00,
    0x00, 0x00, 0x8F, 0xFE, 0x00, 0x00, 0x00, 0x00, 0x00, 0x00, 0x00, 0x00, 0x00, 0x00, 0x00, 0x00,
    0x00, 0x00, 0x00, 0x00, 0x00, 0x00, 0x00, 0x00, 0x00, 0x00, 0x8F, 0xFF, 0xFF, 0xFF, 0xFF, 0xFF,
    0xFF, 0xFF, 0x60, 0x8F, 0xFF, 0xFF, 0xFF, 0xFF, 0xFF, 0xFF, 0xFF, 0x60, 0x8F, 0xFF, 0xFF, 0xFF,
    0xFF, 0xFF, 0xFF, 0xFF, 0x60, 0x00, 0x00, 0x00, 0x00, 0x02, 0xEF, 0xFF, 0xFE, 0x20, 0x00, 0x00,
    0x00, 0x00, 0x0C, 0xFF, 0xFF, 0xF4, 0x00, 0x00, 0x00, 0x00, 0x00, 0x9F, 0xFF, 0xFF, 0x70, 0x00,
    0x00, 0x00, 0x00, 0x06, 0xFF, 0xFF, 0xFA, 0x00, 0x00, 0x00, 0x00, 0x00, 0x3F, 0xFF, 0xFF, 0xD1,
    0x00, 0x00, 0x00, 0x00, 0x01, 0xDF, 0xFF, 0xFE, 0x30, 0x00, 0x00, 0x00, 0x00, 0x0B, 0xFF, 0xFF,
    0xF5, 0x00, 0x00, 0x00, 0x00, 0x00, 0x9F, 0xFF, 0xFF, 0x80, 0x00, 0x00, 0x00, 0x00, 0x05, 0xFF,
    0xFF, 0xFB, 0x00, 0x00, 0x00, 0x00, 0x00, 0x3E, 0xFF, 0xFF, 0xD1, 0x00, 0x00, 0x00, 0x00, 0x01,
    0xDF, 0xFF, 0xFF, 0x30, 0x00, 0x00, 0x00, 0x00, 0x0B, 0xFF, 0xFF, 0xF6, 0x00, 0x00, 0x00, 0x00,
    0x00, 0x8F, 0xFF, 0xFF, 0x90, 0x00, 0x00, 0x00, 0x00, 0x00, 0xCF, 0xFF, 0xFF, 0xFF, 0xFF, 0xFF,
    0xFF, 0xFF, 0xA0, 0xCF, 0xFF, 0xFF, 0xFF, 0xFF, 0xFF, 0xFF, 0xFF, 0xA0, 0xCF, 0xFF, 0xFF, 0xFF,
    0xFF, 0xFF, 0xFF, 0xFF, 0xA0, 0x00, 0x00, 0xBF, 0xFF, 0xD0, 0x00, 0x00, 0x00, 0x00, 0xBF, 0xFF,
    0xD0, 0x00, 0x00, 0x00, 0x00, 0xBF, 0xFF, 0xD0, 0x00, 0x00, 0x00, 0x00, 0xBF, 0xFF, 0xD0, 0x00,
    0x00, 0x00, 0x00, 0xBF, 0xFF, 0xD0, 0x00, 0x00, 0x00, 0x00, 0x00, 0x00, 0x00, 0x00, 0x00, 0x00,
    0x00, 0x00, 0x00, 0x00, 0x00, 0x00, 0x8F, 0xFF, 0xFF, 0xFF, 0xFF, 0xFF, 0xD0, 0x8F, 0xFF, 0xFF,
    0xFF, 0xFF, 0xFF, 0xD0, 0x8F, 0xFF, 0xFF, 0xFF, 0xFF, 0xFF, 0xD0, 0x00, 0x00, 0x00, 0x1C, 0xFF,
    0xFF, 0x90, 0x00, 0x00, 0x01, 0xBF, 0xFF, 0xF9, 0x00, 0x00, 0x00, 0x0B, 0xFF, 0xFF, 0xA0, 0x00,
    0x00, 0x00, 0xAF, 0xFF, 0xFA, 0x00, 0x00, 0x00, 0x0A, 0xFF, 0xFF, 0xB0, 0x00, 0x00, 0x00, 0x9F,
    0xFF, 0xFB, 0x10, 0x00, 0x00, 0x09, 0xFF, 0xFF, 0xC1, 0x00, 0x00, 0x00, 0x8F, 0xFF, 0xFC, 0x10,
    0x00, 0x00, 0x00, 0xCF, 0xFF, 0xFF, 0xFF, 0xFF, 0xFF, 0xD0, 0xCF, 0xFF, 0xFF, 0xFF, 0xFF, 0xFF,
    0xD0, 0xCF, 0xFF, 0xFF, 0xFF, 0xFF, 0xFF, 0xD0, 0x00, 0x03, 0xEE, 0x50, 0x03, 0xDF, 0x70, 0x00,
    0x00, 0x00, 0x00, 0x4F, 0xF9, 0x7F, 0xF7, 0x00, 0x00, 0x00, 0x00, 0x00, 0x05, 0xFF, 0xFF, 0x80,
    0x00, 0x00, 0x00, 0x00, 0x00, 0x00, 0x00, 0x00, 0x00, 0x00, 0x00, 0x00, 0x00, 0x00, 0x00, 0x00,
    0x00, 0x00, 0x00, 0x00, 0x00, 0x8F, 0xFF, 0xFF, 0xFF, 0xFF, 0xFF, 0xFF, 0xFF, 0x60, 0x8F, 0xFF,
    0xFF, 0xFF, 0xFF, 0xFF, 0xFF, 0xFF, 0x60, 0x8F, 0xFF, 0xFF, 0xFF, 0xFF, 0xFF, 0xFF, 0xFF, 0x60,
    0x00, 0x00, 0x00, 0x00, 0x02, 0xEF, 0xFF, 0xFE, 0x20, 0x00, 0x00, 0x00, 0x00, 0x0C, 0xFF, 0xFF,
    0xF4, 0x00, 0x00, 0x00, 0x00, 0x00, 0x9F, 0xFF, 0xFF, 0x70, 0x00, 0x00, 0x00, 0x00, 0x06, 0xFF,
    0xFF, 0xFA, 0x00, 0x00, 0x00, 0x00, 0x00, 0x3F, 0xFF, 0xFF, 0xD1, 0x00, 0x00, 0x00, 0x00, 0x01,
    0xDF, 0xFF, 0xFE, 0x30, 0x00, 0x00, 0x00, 0x00, 0x0B, 0xFF, 0xFF, 0xF5, 0x00, 0x00, 0x00, 0x00,
    0x00, 0x9F, 0xFF, 0xFF, 0x80, 0x00, 0x00, 0x00, 0x00, 0x05, 0xFF, 0xFF, 0xFB, 0x00, 0x00, 0x00,
    0x00, 0x00, 0x3E, 0xFF, 0xFF, 0xD1, 0x00, 0x00, 0x00, 0x00, 0x01, 0xDF, 0xFF, 0xFF, 0x30, 0x00,
    0x00, 0x00, 0x00, 0x0B, 0xFF, 0xFF, 0xF6, 0x00, 0x00, 0x00, 0x00, 0x00, 0x8F, 0xFF, 0xFF, 0x90,
    0x00, 0x00, 0x00, 0x00, 0x00, 0xCF, 0xFF, 0xFF, 0xFF, 0xFF, 0xFF, 0xFF, 0xFF, 0xA0, 0xCF, 0xFF,
    0xFF, 0xFF, 0xFF, 0xFF, 0xFF, 0xFF, 0xA0, 0xCF, 0xFF, 0xFF, 0xFF, 0xFF, 0xFF, 0xFF, 0xFF, 0xA0,
    0x01, 0xDF, 0x70, 0x00, 0x5F, 0xE1, 0x00, 0x00, 0x4F, 0xF4, 0x03, 0xEF, 0x60, 0x00, 0x00, 0x09,
    0xFE, 0x4D, 0xFB, 0x00, 0x00, 0x00, 0x01, 0xDF, 0xFF, 0xE2, 0x00, 0x00, 0x00, 0x00, 0x4F, 0xFF,
    0x60, 0x00, 0x00, 0x00, 0x00, 0x00, 0x00, 0x00, 0x00, 0x00, 0x00, 0x00, 0x00, 0x00, 0x00, 0x00,
    0x00, 0x8F, 0xFF, 0xFF, 0xFF, 0xFF, 0xFF, 0xD0, 0x8F, 0xFF, 0xFF, 0xFF, 0xFF, 0xFF, 0xD0, 0x8F,
    0xFF, 0xFF, 0xFF, 0xFF, 0xFF, 0xD0, 0x00, 0x00, 0x00, 0x1C, 0xFF, 0xFF, 0x90, 0x00, 0x00, 0x01,
    0xBF, 0xFF, 0xF9, 0x00, 0x00, 0x00, 0x0B, 0xFF, 0xFF, 0xA0, 0x00, 0x00, 0x00, 0xAF, 0xFF, 0xFA,
    0x00, 0x00, 0x00, 0x0A, 0xFF, 0xFF, 0xB0, 0x00, 0x00, 0x00, 0x9F, 0xFF, 0xFB, 0x10, 0x00, 0x00,
    0x09, 0xFF, 0xFF, 0xC1, 0x00, 0x00, 0x00, 0x8F, 0xFF, 0xFC, 0x10, 0x00, 0x00, 0x00, 0xCF, 0xFF,
    0xFF, 0xFF, 0xFF, 0xFF, 0xD0, 0xCF, 0xFF, 0xFF, 0xFF, 0xFF, 0xFF, 0xD0, 0xCF, 0xFF, 0xFF, 0xFF,
    0xFF, 0xFF, 0xD0, 0x00, 0x00, 0x29, 0xDF, 0xFF, 0xF8, 0x00, 0x03, 0xEF, 0xFF, 0xFF, 0xF8, 0x00,
    0x0C, 0xFF, 0xFF, 0xFF, 0xF8, 0x00, 0x2F, 0xFF, 0xFA, 0x10, 0x00, 0x00, 0x3F, 0xFF, 0xF5, 0x00,
    0x00, 0x00, 0x4F, 0xFF, 0xF4, 0x00, 0x00, 0x8F, 0xFF, 0xFF, 0xF4, 0x00, 0x00, 0x8F, 0xFF, 0xFF,
    0xF4, 0x00, 0x00, 0x8F, 0xFF, 0xFF, 0xF4, 0x00, 0x00, 0x00, 0x4F, 0xFF, 0xF4, 0x00, 0x00, 0x00,
    0x4F, 0xFF, 0xF4, 0x00, 0x00, 0x00, 0x4F, 0xFF, 0xF4, 0x00, 0x00, 0x00, 0x4F, 0xFF, 0xF4, 0x00,
    0x00, 0x00, 0x4F, 0xFF, 0xF4, 0x00, 0x00, 0x00, 0x4F, 0xFF, 0xF4, 0x00, 0x00, 0x00, 0x4F, 0xFF,
    0xF4, 0x00, 0x00, 0x00, 0x4F, 0xFF, 0xF4, 0x00, 0x00, 0x00, 0x4F, 0xFF, 0xF4, 0x00, 0x00, 0x00,
    0x4F, 0xFF, 0xF4, 0x00, 0x00, 0x00, 0x4F, 0xFF, 0xF4, 0x00, 0x00, 0x9F, 0xFF, 0xFF, 0xFF, 0xFF,
    0x90, 0x9F, 0xFF, 0xFF, 0xFF, 0xFF, 0x90, 0x9F, 0xFF, 0xFF, 0xFF, 0xFF, 0x90, 0x9F, 0xFF, 0xFF,
    0xFF, 0xFF, 0xFF, 0xFF, 0xFF, 0xFF, 0xFF, 0xFF, 0xF9, 0x9F, 0xFF, 0xFF, 0xFF, 0xFF, 0xFF, 0xFF,
    0xFF, 0xFF, 0xFF, 0xFF, 0xF9, 0x9F, 0xFF, 0xFF, 0xFF, 0xFF, 0xFF, 0xFF, 0xFF, 0xFF, 0xFF, 0xFF,
    0xF9, 0xEF, 0xFF, 0x90, 0x00, 0x4F, 0xFF, 0xF4, 0x00, 0x09, 0xFF, 0xFE, 0xEF, 0xFF, 0x90, 0x00,
    0x4F, 0xFF, 0xF4, 0x00, 0x09, 0xFF, 0xFE, 0xEF, 0xFF, 0x90, 0x00, 0x4F, 0xFF, 0xF4, 0x00, 0x09,
    0xFF, 0xFE, 0xEF, 0xFF, 0x90, 0x00, 0x4F, 0xFF, 0xF4, 0x00, 0x09, 0xFF, 0xFE, 0xEF, 0xFF, 0x90,
    0x00, 0x4F, 0xFF, 0xF4, 0x00, 0x09, 0xFF, 0xFE, 0x00, 0x00, 0x00, 0x00, 0x5A, 0xDE, 0xFE, 0xB7,
    0x20, 0x00, 0x00, 0x00, 0x3C, 0xFF, 0xFF, 0xFF, 0xFF, 0xF4, 0x00, 0x00, 0x04, 0xEF, 0xFF, 0xFF,
    0xFF, 0xFF, 0xF5, 0x00, 0x00, 0x2E, 0xFF, 0xFF, 0xA3, 0x01, 0x4A, 0xF5, 0x00, 0x00, 0xBF, 0xFF,
    0xF9, 0x00, 0x00, 0x00, 0x55, 0x00, 0x03, 0xFF, 0xFF, 0xD0, 0x00, 0x00, 0x00, 0x00, 0x00, 0x08,
    0xFF, 0xFF, 0x70, 0x00, 0x00, 0x00, 0x00, 0x0A, 0xFF, 0xFF, 0xFF, 0xFF, 0xFF, 0xFF, 0xD0, 0x00,
    0x3F, 0xFF, 0xFF, 0xFF, 0xFF, 0xFF, 0xFF, 0x50, 0x00, 0x00, 0x2F, 0xFF, 0xFB, 0x00, 0x00, 0x00,
    0x00, 0x00, 0x00, 0x2F, 0xFF, 0xFB, 0x00, 0x00, 0x00, 0x00, 0x00, 0x0A, 0xFF, 0xFF, 0xFF, 0xFF,
    0xFF, 0xD1, 0x00, 0x00, 0x3F, 0xFF, 0xFF, 0xFF, 0xFF, 0xFF, 0x50, 0x00, 0x00, 0x00, 0x08, 0xFF,
    0xFF, 0x90, 0x00, 0x00, 0x00, 0x00, 0x00, 0x02, 0xFF, 0xFF, 0xF4, 0x00, 0x00, 0x00, 0x55, 0x00,
    0x00, 0x7F, 0xFF, 0xFF, 0x82, 0x11, 0x4B, 0xF5, 0x00, 0x00, 0x09, 0xFF, 0xFF, 0xFF, 0xFF, 0xFF,
    0xF5, 0x00, 0x00, 0x00, 0x6E, 0xFF, 0xFF, 0xFF, 0xFF, 0xF4, 0x00, 0x00, 0x00, 0x01, 0x6B, 0xDF,
    0xFE, 0xB7, 0x20, 0x00, 0x00, 0x5B, 0x10, 0x00, 0x00, 0x00, 0x00, 0x00, 0x00, 0x00, 0x06, 0xFF,
    0xC0, 0x00, 0x00, 0x00, 0x00, 0x00, 0x00, 0x00, 0x7F, 0xFE, 0x40, 0x00, 0x00, 0x00, 0x00, 0x00,
    0x00, 0x08, 0xFF, 0xE3, 0x00, 0x00, 0x00, 0x00, 0x00, 0x00, 0x00, 0x8F, 0xFF, 0xFF, 0xFF, 0xFF,
    0xFF, 0xFF, 0xFF, 0xFF, 0xF4, 0xBF, 0xFF, 0xFF, 0xFF, 0xFF, 0xFF, 0xFF, 0xFF, 0xFF, 0xF4, 0x8F,
    0xFF, 0xFF, 0xFF, 0xFF, 0xFF, 0xFF, 0xFF, 0xFF, 0xF4, 0x08, 0xFF, 0xE3, 0x00, 0x00, 0x00, 0x00,
    0x00, 0x00, 0x00, 0x00, 0x7F, 0xFE, 0x40, 0x00, 0x00, 0x00, 0x00, 0x00, 0x00, 0x00, 0x06, 0xFF,
    0xC0, 0x00, 0x00, 0x00, 0x00, 0x00, 0x00, 0x00, 0x00, 0x5B, 0x10, 0x00, 0x00, 0x00, 0x00, 0x00,
    0x00, 0x00, 0x00, 0x7F, 0xF5, 0x00, 0x00, 0x00, 0x07, 0xFF, 0xFF, 0x50, 0x00, 0x00, 0x7F, 0xFF,
    0xFF, 0xF5, 0x00, 0x07, 0xFF, 0xFF, 0xFF, 0xFF, 0x50, 0x7F, 0xFE, 0xCF, 0xFC, 0xFF, 0xF5, 0x7F,
    0xE4, 0x9F, 0xF6, 0x6F, 0xF5, 0x07, 0x40, 0x9F, 0xF6, 0x06, 0x40, 0x00, 0x00, 0x9F, 0xF6, 0x00,
    0x00, 0x00, 0x00, 0x9F, 0xF6, 0x00, 0x00, 0x00, 0x00, 0x9F, 0xF6, 0x00, 0x00, 0x00, 0x00, 0x9F,
    0xF6, 0x00, 0x00, 0x00, 0x00, 0x9F, 0xF6, 0x00, 0x00, 0x00, 0x00, 0x9F, 0xF6, 0x00, 0x00, 0x00,
    0x00, 0x9F, 0xF6, 0x00, 0x00, 0x00, 0x00, 0x9F, 0xF6, 0x00, 0x00, 0x00, 0x00, 0x9F, 0xF6, 0x00,
    0x00, 0x00, 0x00, 0x9F, 0xF6, 0x00, 0x00, 0x00, 0x00, 0x9F, 0xF6, 0x00, 0x00, 0x00, 0x00, 0x9F,
    0xF6, 0x00, 0x00, 0x00, 0x00, 0x00, 0x00, 0x00, 0x00, 0x02, 0xC3, 0x00, 0x00, 0x00, 0x00, 0x00,
    0x00, 0x00, 0x00, 0x1E, 0xFE, 0x30, 0x00, 0x00, 0x00, 0x00, 0x00, 0x00, 0x00, 0x07, 0xFF, 0xE4,
    0x00, 0x00, 0x00, 0x00, 0x00, 0x00, 0x00, 0x00, 0x5F, 0xFF, 0x50, 0x8F, 0xFF, 0xFF, 0xFF, 0xFF,
    0xFF, 0xFF, 0xFF, 0xFF, 0xF5, 0x8F, 0xFF, 0xFF, 0xFF, 0xFF, 0xFF, 0xFF, 0xFF, 0xFF, 0xF8, 0x8F,
    0xFF, 0xFF, 0xFF, 0xFF, 0xFF, 0xFF, 0xFF, 0xFF, 0xF5, 0x00, 0x00, 0x00, 0x00, 0x00, 0x00, 0x00,
    0x5F, 0xFF, 0x50, 0x00, 0x00, 0x00, 0x00, 0x00, 0x00, 0x06, 0xFF, 0xE4, 0x00, 0x00, 0x00, 0x00,
    0x00, 0x00, 0x00, 0x1E, 0xFE, 0x30, 0x00, 0x00, 0x00, 0x00, 0x00, 0x00, 0x00, 0x02, 0xC3, 0x00,
    0x00, 0x00, 0x00, 0x9F, 0xF6, 0x00, 0x00, 0x00, 0x00, 0x9F, 0xF6, 0x00, 0x00, 0x00, 0x00, 0x9F,
    0xF6, 0x00, 0x00, 0x00, 0x00, 0x9F, 0xF6, 0x00, 0x00, 0x00, 0x00, 0x9F, 0xF6, 0x00, 0x00, 0x00,
    0x00, 0x9F, 0xF6, 0x00, 0x00, 0x00, 0x00, 0x9F, 0xF6, 0x00, 0x00, 0x00, 0x00, 0x9F, 0xF6, 0x00,
    0x00, 0x00, 0x00, 0x9F, 0xF6, 0x00, 0x00, 0x00, 0x00, 0x9F, 0xF6, 0x00, 0x00, 0x00, 0x00, 0x9F,
    0xF6, 0x00, 0x00, 0x00, 0x00, 0x9F, 0xF6, 0x00, 0x00, 0x07, 0x40, 0x9F, 0xF6, 0x06, 0x40, 0x7F,
    0xE4, 0x9F, 0xF6, 0x6F, 0xF5, 0x7F, 0xFE, 0xCF, 0xFC, 0xFF, 0xF5, 0x07, 0xFF, 0xFF, 0xFF, 0xFF,
    0x50, 0x00, 0x7F, 0xFF, 0xFF, 0xF5, 0x00, 0x00, 0x07, 0xFF, 0xFF, 0x50, 0x00, 0x00, 0x00, 0x7F,
    0xF5, 0x00, 0x00,
};

static const gfx_glyph_t s_glyphs[] = {
    { 0x0020, 0, 0, 0, 0, 0, 9 },
    { 0x0021, 0, 6, 19, 3, -19, 12 },
    { 0x0022, 57, 10, 7, 2, -19, 14 },
    { 0x0023, 92, 19, 19, 1, -19, 22 },
    { 0x0024, 282, 15, 24, 2, -20, 18 },
    { 0x0025, 474, 26, 19, 0, -19, 26 },
    { 0x0026, 721, 21, 19, 1, -19, 23 },
    { 0x0027, 930, 4, 7, 2, -19, 8 },
    { 0x0028, 944, 8, 23, 2, -20, 12 },
    { 0x0029, 1036, 8, 23, 2, -20, 12 },
    { 0x002A, 1128, 13, 12, 0, -19, 14 },
    { 0x002B, 1212, 17, 17, 2, -17, 22 },
    { 0x002C, 1365, 7, 9, 1, -5, 10 },
    { 0x002D, 1401, 9, 4, 1, -10, 11 },
    { 0x002E, 1421, 6, 5, 2, -5, 10 },
    { 0x002F, 1436, 10, 21, 0, -19, 10 },
    { 0x0030, 1541, 16, 19, 1, -19, 18 },
    { 0x0031, 1693, 15, 19, 2, -19, 18 },
    { 0x0032, 1845, 14, 19, 2, -19, 18 },
    { 0x0033, 1978, 15, 19, 1, -19, 18 },
    { 0x0034, 2130, 16, 19, 1, -19, 18 },
    { 0x0035, 2282, 15, 19, 2, -19, 18 },
    { 0x0036, 2434, 16, 19, 1, -19, 18 },
    { 0x0037, 2586, 15, 19, 1, -19, 18 },
    { 0x0038, 2738, 16, 19, 1, -19, 18 },
    { 0x0039, 2890, 16, 19, 1, -19, 18 },
    { 0x003A, 3042, 6, 14, 2, -14, 10 },
    { 0x003B, 3084, 7, 18, 1, -14, 10 },
    { 0x003C, 3156, 17, 15, 2, -16, 22 },
    { 0x003D, 3291, 17, 9, 2, -13, 22 },
    { 0x003E, 3372, 17, 15, 2, -16, 22 },
    { 0x003F, 3507, 13, 19, 1, -19, 15 },
    { 0x0040, 3640, 24, 23, 1, -19, 26 },
    { 0x0041, 3916, 20, 19, 0, -19, 20 },
    { 0x0042, 4106, 16, 19, 2, -19, 20 },
    { 0x0043, 4258, 17, 19, 1, -19, 19 },
    { 0x0044, 4429, 19, 19, 2, -19, 22 },
    { 0x0045, 4619, 14, 19, 2, -19, 18 },
    { 0x0046, 4752, 14, 19, 2, -19, 18 },
    { 0x0047, 4885, 19, 19, 1, -19, 21 },
    { 0x0048, 5075, 18, 19, 2, -19, 22 },
    { 0x0049, 5246, 6, 19, 2, -19, 10 },
    { 0x004A, 5303, 10, 24, -2, -19, 10 },
    { 0x004B, 5423, 19, 19, 2, -19, 20 },
    { 0x004C, 5613, 14, 19, 2, -19, 17 },
    { 0x004D, 5746, 22, 19, 2, -19, 26 },
    { 0x004E, 5955, 18, 19, 2, -19, 22 },
    { 0x004F, 6126, 20, 19, 1, -19, 22 },
    { 0x0050, 6316, 16, 19, 2, -19, 19 },
    { 0x0051, 6468, 20, 23, 1, -19, 22 },
    { 0x0052, 6698, 18, 19, 2, -19, 20 },
    { 0x0053, 6869, 16, 19, 1, -19, 19 },
    { 0x0054, 7021, 18, 19, 0, -19, 18 },
    { 0x0055, 7192, 17, 19, 2, -19, 21 },
    { 0x0056, 7363, 20, 19, 0, -19, 20 },
    { 0x0057, 7553, 28, 19, 0, -19, 29 },
    { 0x0058, 7819, 20, 19, 0, -19, 20 },
    { 0x0059, 8009, 20, 19, -1, -19, 19 },
    { 0x005A, 8199, 17, 19, 1, -19, 19 },
    { 0x005B, 8370, 9, 23, 2, -20, 12 },
    { 0x005C, 8485, 10, 21, 0, -19, 10 },
    { 0x005D, 8590, 9, 23, 1, -20, 12 },
    { 0x005E, 8705, 17, 7, 2, -19, 22 },
    { 0x005F, 8768, 13, 2, 0, 4, 13 },
    { 0x0060, 8782, 8, 5, 1, -21, 13 },
    { 0x0061, 8802, 15, 14, 1, -14, 18 },
    { 0x0062, 8914, 16, 20, 2, -20, 19 },
    { 0x0063, 9074, 13, 14, 1, -14, 15 },
    { 0x0064, 9172, 16, 20, 1, -20, 19 },
    { 0x0065, 9332, 16, 14, 1, -14, 18 },
    { 0x0066, 9444, 12, 20, 0, -20, 11 },
    { 0x0067, 9564, 16, 19, 1, -14, 19 },
    { 0x0068, 9716, 15, 20, 2, -20, 19 },
    { 0x0069, 9876, 5, 20, 2, -20, 9 },
    { 0x006A, 9936, 8, 25, -1, -20, 9 },
    { 0x006B, 10036, 16, 20, 2, -20, 17 },
    { 0x006C, 10196, 5, 20, 2, -20, 9 },
    { 0x006D, 10256, 23, 14, 2, -14, 27 },
    { 0x006E, 10424, 15, 14, 2, -14, 19 },
    { 0x006F, 10536, 16, 14, 1, -14, 18 },
    { 0x0070, 10648, 16, 19, 2, -14, 19 },
    { 0x0071, 10800, 16, 19, 1, -14, 19 },
    { 0x0072, 10952, 11, 14, 2, -14, 13 },
    { 0x0073, 11036, 14, 14, 1, -14, 15 },
    { 0x0074, 11134, 12, 18, 0, -18, 12 },
    { 0x0075, 11242, 15, 14, 2, -14, 19 },
    { 0x0076, 11354, 17, 14, 0, -14, 17 },
    { 0x0077, 11480, 22, 14, 1, -14, 24 },
    { 0x0078, 11634, 17, 14, 0, -14, 17 },
    { 0x0079, 11760, 17, 19, 0, -14, 17 },
    { 0x007A, 11931, 13, 14, 1, -14, 15 },
    { 0x007B, 12029, 13, 24, 3, -20, 19 },
    { 0x007C, 12197, 4, 26, 3, -20, 10 },
    { 0x007D, 12249, 13, 24, 3, -20, 19 },
    { 0x007E, 12417, 17, 6, 2, -12, 22 },
    { 0x00A0, 12471, 0, 0, 0, 0, 9 },
    { 0x00A1, 12471, 6, 19, 3, -14, 12 },
    { 0x00A2, 12528, 13, 22, 2, -18, 18 },
    { 0x00A3, 12682, 15, 19, 1, -19, 18 },
    { 0x00A4, 12834, 15, 15, 1, -16, 17 },
    { 0x00A5, 12954, 18, 19, 0, -19, 18 },
    { 0x00A6, 13125, 4, 23, 3, -18, 10 },
    { 0x00A7, 13171, 13, 21, 0, -19, 13 },
    { 0x00A8, 13318, 9, 3, 2, -20, 13 },
    { 0x00A9, 13333, 20, 19, 3, -19, 26 },
    { 0x00AA, 13523, 11, 15, 2, -19, 15 },
    { 0x00AB, 13613, 13, 12, 2, -14, 17 },
    { 0x00AC, 13697, 17, 8, 2, -12, 22 },
    { 0x00AD, 13769, 9, 4, 1, -10, 11 },
    { 0x00AE, 13789, 20, 19, 3, -19, 26 },
    { 0x00AF, 13979, 9, 2, 2, -20, 13 },
    { 0x00B0, 13989, 9, 8, 2, -19, 13 },
    { 0x00B1, 14029, 17, 16, 2, -16, 22 },
    { 0x00B2, 14173, 9, 11, 1, -19, 11 },
    { 0x00B3, 14228, 9, 11, 1, -19, 11 },
    { 0x00B4, 14283, 8, 5, 4, -21, 13 },
    { 0x00B5, 14303, 17, 19, 2, -14, 19 },
    { 0x00B6, 14474, 14, 22, 1, -19, 17 },
    { 0x00B7, 14628, 6, 5, 2, -11, 10 },
    { 0x00B8, 14643, 7, 5, 3, 0, 13 },
    { 0x00B9, 14663, 9, 11, 1, -19, 11 },
    { 0x00BA, 14718, 13, 15, 1, -19, 15 },
    { 0x00BB, 14823, 13, 12, 2, -14, 17 },
    { 0x00BC, 14907, 24, 19, 1, -19, 27 },
    { 0x00BD, 15135, 25, 19, 1, -19, 27 },
    { 0x00BE, 15382, 24, 19, 1, -19, 27 },
    { 0x00BF, 15610, 13, 19, 1, -14, 15 },
    { 0x00C0, 15743, 20, 24, 0, -24, 20 },
    { 0x00C1, 15983, 20, 24, 0, -24, 20 },
    { 0x00C2, 16223, 20, 24, 0, -24, 20 },
    { 0x00C3, 16463, 20, 24, 0, -24, 20 },
    { 0x00C4, 16703, 20, 24, 0, -24, 20 },
    { 0x00C5, 16943, 20, 24, 0, -24, 20 },
    { 0x00C6, 17183, 27, 19, 0, -19, 28 },
    { 0x00C7, 17449, 17, 24, 1, -19, 19 },
    { 0x00C8, 17665, 14, 24, 2, -24, 18 },
    { 0x00C9, 17833, 14, 24, 2, -24, 18 },
    { 0x00CA, 18001, 14, 24, 2, -24, 18 },
    { 0x00CB, 18169, 14, 24, 2, -24, 18 },
    { 0x00CC, 18337, 8, 24, 0, -24, 10 },
    { 0x00CD, 18433, 7, 24, 2, -24, 10 },
    { 0x00CE, 18529, 10, 24, 0, -24, 10 },
    { 0x00CF, 18649, 9, 24, 0, -24, 10 },
    { 0x00D0, 18769, 21, 19, 0, -19, 22 },
    { 0x00D1, 18978, 18, 24, 2, -24, 22 },
    { 0x00D2, 19194, 20, 24, 1, -24, 22 },
    { 0x00D3, 19434, 20, 24, 1, -24, 22 },
    { 0x00D4, 19674, 20, 24, 1, -24, 22 },
    { 0x00D5, 19914, 20, 24, 1, -24, 22 },
    { 0x00D6, 20154, 20, 24, 1, -24, 22 },
    { 0x00D7, 20394, 16, 15, 3, -16, 22 },
    { 0x00D8, 20514, 22, 21, 0, -20, 22 },
    { 0x00D9, 20745, 17, 24, 2, -24, 21 },
    { 0x00DA, 20961, 17, 24, 2, -24, 21 },
    { 0x00DB, 21177, 17, 24, 2, -24, 21 },
    { 0x00DC, 21393, 17, 24, 2, -24, 21 },
    { 0x00DD, 21609, 20, 24, -1, -24, 19 },
    { 0x00DE, 21849, 16, 19, 2, -19, 19 },
    { 0x00DF, 22001, 16, 20, 2, -20, 19 },
    { 0x00E0, 22161, 15, 21, 1, -21, 18 },
    { 0x00E1, 22329, 15, 21, 1, -21, 18 },
    { 0x00E2, 22497, 15, 21, 1, -21, 18 },
    { 0x00E3, 22665, 15, 21, 1, -21, 18 },
    { 0x00E4, 22833, 15, 20, 1, -20, 18 },
    { 0x00E5, 22993, 15, 23, 1, -23, 18 },
    { 0x00E6, 23177, 25, 14, 1, -14, 27 },
    { 0x00E7, 23359, 13, 19, 1, -14, 15 },
    { 0x00E8, 23492, 16, 21, 1, -21, 18 },
    { 0x00E9, 23660, 16, 21, 1, -21, 18 },
    { 0x00EA, 23828, 16, 21, 1, -21, 18 },
    { 0x00EB, 23996, 16, 20, 1, -20, 18 },
    { 0x00EC, 24156, 8, 21, -1, -21, 9 },
    { 0x00ED, 24240, 8, 21, 2, -21, 9 },
    { 0x00EE, 24324, 11, 21, -1, -21, 9 },
    { 0x00EF, 24450, 9, 20, 0, -20, 9 },
    { 0x00F0, 24550, 16, 20, 1, -20, 18 },
    { 0x00F1, 24710, 15, 21, 2, -21, 19 },
    { 0x00F2, 24878, 16, 21, 1, -21, 18 },
    { 0x00F3, 25046, 16, 21, 1, -21, 18 },
    { 0x00F4, 25214, 16, 21, 1, -21, 18 },
    { 0x00F5, 25382, 16, 21, 1, -21, 18 },
    { 0x00F6, 25550, 16, 20, 1, -20, 18 },
    { 0x00F7, 25710, 17, 15, 2, -16, 22 },
    { 0x00F8, 25845, 16, 16, 1, -15, 18 },
    { 0x00F9, 25973, 15, 21, 2, -21, 19 },
    { 0x00FA, 26141, 15, 21, 2, -21, 19 },
    { 0x00FB, 26309, 15, 21, 2, -21, 19 },
    { 0x00FC, 26477, 15, 20, 2, -20, 19 },
    { 0x00FD, 26637, 17, 26, 0, -21, 17 },
    { 0x00FE, 26871, 16, 25, 2, -20, 19 },
    { 0x00FF, 27071, 17, 25, 0, -20, 17 },
    { 0x0100, 27296, 20, 24, 0, -24, 20 },
    { 0x0101, 27536, 15, 20, 1, -20, 18 },
    { 0x0102, 27696, 20, 24, 0, -24, 20 },
    { 0x0103, 27936, 15, 20, 1, -20, 18 },
    { 0x0104, 28096, 20, 24, 0, -19, 20 },
    { 0x0105, 28336, 15, 19, 1, -14, 18 },
    { 0x0106, 28488, 17, 24, 1, -24, 19 },
    { 0x0107, 28704, 14, 21, 1, -21, 15 },
    { 0x0108, 28851, 17, 24, 1, -24, 19 },
    { 0x0109, 29067, 13, 21, 1, -21, 15 },
    { 0x010A, 29214, 17, 24, 1, -24, 19 },
    { 0x010B, 29430, 13, 21, 1, -21, 15 },
    { 0x010C, 29577, 17, 24, 1, -24, 19 },
    { 0x010D, 29793, 13, 21, 1, -21, 15 },
    { 0x010E, 29940, 19, 24, 2, -24, 22 },
    { 0x010F, 30180, 22, 20, 1, -20, 19 },
    { 0x0110, 30400, 21, 19, 0, -19, 22 },
    { 0x0111, 30609, 18, 20, 1, -20, 19 },
    { 0x0112, 30789, 14, 24, 2, -24, 18 },
    { 0x0113, 30957, 16, 20, 1, -20, 18 },
    { 0x0114, 31117, 14, 24, 2, -24, 18 },
    { 0x0115, 31285, 16, 20, 1, -20, 18 },
    { 0x0116, 31445, 14, 24, 2, -24, 18 },
    { 0x0117, 31613, 16, 21, 1, -21, 18 },
    { 0x0118, 31781, 14, 24, 2, -19, 18 },
    { 0x0119, 31949, 16, 19, 1, -14, 18 },
    { 0x011A, 32101, 14, 24, 2, -24, 18 },
    { 0x011B, 32269, 16, 21, 1, -21, 18 },
    { 0x011C, 32437, 19, 24, 1, -24, 21 },
    { 0x011D, 32677, 16, 26, 1, -21, 19 },
    { 0x011E, 32885, 19, 24, 1, -24, 21 },
    { 0x011F, 33125, 16, 25, 1, -20, 19 },
    { 0x0120, 33325, 19, 24, 1, -24, 21 },
    { 0x0121, 33565, 16, 26, 1, -21, 19 },
    { 0x0122, 33773, 19, 25, 1, -19, 21 },
    { 0x0123, 34023, 16, 25, 1, -20, 19 },
    { 0x0124, 34223, 18, 24, 2, -24, 22 },
    { 0x0125, 34439, 17, 24, 0, -24, 19 },
    { 0x0126, 34655, 21, 19, 2, -19, 25 },
    { 0x0127, 34864, 17, 20, 2, -20, 21 },
    { 0x0128, 35044, 10, 24, 0, -24, 10 },
    { 0x0129, 35164, 9, 21, 0, -21, 9 },
    { 0x012A, 35269, 9, 24, 0, -24, 10 },
    { 0x012B, 35389, 9, 20, 0, -20, 9 },
    { 0x012C, 35489, 9, 24, 0, -24, 10 },
    { 0x012D, 35609, 9, 20, 0, -20, 9 },
    { 0x012E, 35709, 8, 24, 2, -19, 10 },
    { 0x012F, 35805, 7, 25, 2, -20, 9 },
    { 0x0130, 35905, 6, 24, 2, -24, 10 },
    { 0x0131, 35977, 5, 14, 2, -14, 9 },
    { 0x0132, 36019, 15, 24, 2, -19, 19 },
    { 0x0133, 36211, 14, 25, 2, -20, 18 },
    { 0x0134, 36386, 12, 29, -2, -24, 10 },
    { 0x0135, 36560, 11, 26, -1, -21, 9 },
    { 0x0136, 36716, 19, 24, 2, -19, 20 },
    { 0x0137, 36956, 16, 25, 2, -20, 17 },
    { 0x0138, 37156, 16, 14, 2, -14, 17 },
    { 0x0139, 37268, 14, 24, 2, -24, 17 },
    { 0x013A, 37436, 7, 24, 2, -24, 9 },
    { 0x013B, 37532, 14, 24, 2, -19, 17 },
    { 0x013C, 37700, 6, 25, 1, -20, 9 },
    { 0x013D, 37775, 14, 19, 2, -19, 17 },
    { 0x013E, 37908, 11, 20, 2, -20, 12 },
    { 0x013F, 38028, 14, 19, 2, -19, 17 },
    { 0x0140, 38161, 11, 20, 2, -20, 14 },
    { 0x0141, 38281, 17, 19, -1, -19, 17 },
    { 0x0142, 38452, 11, 20, -1, -20, 10 },
    { 0x0143, 38572, 18, 24, 2, -24, 22 },
    { 0x0144, 38788, 15, 21, 2, -21, 19 },
    { 0x0145, 38956, 18, 24, 2, -19, 22 },
    { 0x0146, 39172, 15, 19, 2, -14, 19 },
    { 0x0147, 39324, 18, 24, 2, -24, 22 },
    { 0x0148, 39540, 15, 21, 2, -21, 19 },
    { 0x0149, 39708, 23, 19, 1, -19, 26 },
    { 0x014A, 39936, 17, 24, 2, -19, 22 },
    { 0x014B, 40152, 15, 19, 2, -14, 19 },
    { 0x014C, 40304, 20, 24, 1, -24, 22 },
    { 0x014D, 40544, 16, 20, 1, -20, 18 },
    { 0x014E, 40704, 20, 24, 1, -24, 22 },
    { 0x014F, 40944, 16, 20, 1, -20, 18 },
    { 0x0150, 41104, 20, 24, 1, -24, 22 },
    { 0x0151, 41344, 16, 21, 1, -21, 18 },
    { 0x0152, 41512, 28, 19, 1, -19, 30 },
    { 0x0153, 41778, 27, 14, 1, -14, 28 },
    { 0x0154, 41974, 18, 24, 2, -24, 20 },
    { 0x0155, 42190, 12, 21, 2, -21, 13 },
    { 0x0156, 42316, 18, 24, 2, -19, 20 },
    { 0x0157, 42532, 12, 19, 1, -14, 13 },
    { 0x0158, 42646, 18, 24, 2, -24, 20 },
    { 0x0159, 42862, 11, 21, 2, -21, 13 },
    { 0x015A, 42988, 16, 24, 1, -24, 19 },
    { 0x015B, 43180, 14, 21, 1, -21, 15 },
    { 0x015C, 43327, 16, 24, 1, -24, 19 },
    { 0x015D, 43519, 14, 21, 1, -21, 15 },
    { 0x015E, 43666, 16, 24, 1, -19, 19 },
    { 0x015F, 43858, 14, 19, 1, -14, 15 },
    { 0x0160, 43991, 16, 24, 1, -24, 19 },
    { 0x0161, 44183, 14, 21, 1, -21, 15 },
    { 0x0162, 44330, 18, 24, 0, -19, 18 },
    { 0x0163, 44546, 12, 23, 0, -18, 12 },
    { 0x0164, 44684, 18, 24, 0, -24, 18 },
    { 0x0165, 44900, 14, 21, 0, -21, 12 },
    { 0x0166, 45047, 18, 19, 0, -19, 18 },
    { 0x0167, 45218, 12, 18, 0, -18, 12 },
    { 0x0168, 45326, 17, 24, 2, -24, 21 },
    { 0x0169, 45542, 15, 21, 2, -21, 19 },
    { 0x016A, 45710, 17, 24, 2, -24, 21 },
    { 0x016B, 45926, 15, 20, 2, -20, 19 },
    { 0x016C, 46086, 17, 24, 2, -24, 21 },
    { 0x016D, 46302, 15, 20, 2, -20, 19 },
    { 0x016E, 46462, 17, 24, 2, -24, 21 },
    { 0x016F, 46678, 15, 23, 2, -23, 19 },
    { 0x0170, 46862, 17, 24, 2, -24, 21 },
    { 0x0171, 47078, 15, 21, 2, -21, 19 },
    { 0x0172, 47246, 17, 24, 2, -19, 21 },
    { 0x0173, 47462, 17, 19, 2, -14, 19 },
    { 0x0174, 47633, 28, 24, 0, -24, 29 },
    { 0x0175, 47969, 22, 21, 1, -21, 24 },
    { 0x0176, 48200, 20, 24, -1, -24, 19 },
    { 0x0177, 48440, 17, 26, 0, -21, 17 },
    { 0x0178, 48674, 20, 24, -1, -24, 19 },
    { 0x0179, 48914, 17, 24, 1, -24, 19 },
    { 0x017A, 49130, 13, 21, 1, -21, 15 },
    { 0x017B, 49277, 17, 24, 1, -24, 19 },
    { 0x017C, 49493, 13, 21, 1, -21, 15 },
    { 0x017D, 49640, 17, 24, 1, -24, 19 },
    { 0x017E, 49856, 13, 21, 1, -21, 15 },
    { 0x017F, 50003, 12, 20, 0, -20, 11 },
    { 0x2013, 50123, 11, 3, 1, -10, 13 },
    { 0x2014, 50141, 24, 3, 1, -10, 26 },
    { 0x2026, 50177, 22, 5, 2, -5, 26 },
    { 0x20AC, 50232, 18, 19, -1, -19, 18 },
    { 0x2190, 50403, 20, 11, 1, -14, 22 },
    { 0x2191, 50513, 12, 19, 5, -19, 22 },
    { 0x2192, 50627, 20, 11, 1, -14, 22 },
    { 0x2193, 50737, 12, 19, 5, -19, 22 },
};

const gfx_font_t gfx_font_t5_bold_26 = { s_bitmap, s_glyphs, 327, 25, 32, 4 };
