/* Generated by tools/fontgen.py from DejaVuSans.ttf at 26 px, 4-bit coverage. Do not edit; run tools/gen_fonts.sh. */
/* Font licence: assets/fonts/LICENSE-DejaVu.txt (it also covers these bitmaps). */
#include "gfx_font.h"

static const uint8_t s_bitmap[] = {
    0x1F, 0xF8, 0x1F, 0xF8, 0x1F, 0xF8, 0x1F, 0xF8, 0x1F, 0xF8, 0x1F, 0xF8, 0x1F, 0xF8, 0x1F, 0xF8,
    0x1F, 0xF7, 0x0F, 0xF7, 0x0E, 0xF6, 0x0E, 0xF5, 0x0D, 0xF4, 0x00, 0x00, 0x00, 0x00, 0x00, 0x00,
    0x1F, 0xF8, 0x1F, 0xF8, 0x1F, 0xF8, 0x8F, 0xA0, 0x0B, 0xF7, 0x8F, 0xA0, 0x0B, 0xF7, 0x8F, 0xA0,
    0x0B, 0xF7, 0x8F, 0xA0, 0x0B, 0xF7, 0x8F, 0xA0, 0x0B, 0xF7, 0x8F, 0xA0, 0x0B, 0xF7, 0x8F, 0xA0,
    0x0B, 0xF7, 0x00, 0x00, 0x00, 0x0C, 0xF4, 0x00, 0x1F, 0xF1, 0x00, 0x00, 0x00, 0x00, 0x1F, 0xE0,
    0x00, 0x4F, 0xB0, 0x00, 0x00, 0x00, 0x00, 0x5F, 0xB0, 0x00, 0x8F, 0x70, 0x00, 0x00, 0x00, 0x00,
    0x9F, 0x70, 0x00, 0xCF, 0x30, 0x00, 0x00, 0x00, 0x00, 0xDF, 0x30, 0x01, 0xFE, 0x00, 0x00, 0x08,
    0xFF, 0xFF, 0xFF, 0xFF, 0xFF, 0xFF, 0xFF, 0xFC, 0x08, 0xFF, 0xFF, 0xFF, 0xFF, 0xFF, 0xFF, 0xFF,
    0xFC, 0x00, 0x00, 0x09, 0xF7, 0x00, 0x0D, 0xF3, 0x00, 0x00, 0x00, 0x00, 0x0D, 0xF3, 0x00, 0x1F,
    0xE0, 0x00, 0x00, 0x00, 0x00, 0x2F, 0xE0, 0x00, 0x5F, 0xA0, 0x00, 0x00, 0x00, 0x00, 0x6F, 0xA0,
    0x00, 0x9F, 0x60, 0x00, 0x00, 0xFF, 0xFF, 0xFF, 0xFF, 0xFF, 0xFF, 0xFF, 0xFF, 0x50, 0xFF, 0xFF,
    0xFF, 0xFF, 0xFF, 0xFF, 0xFF, 0xFF, 0x50, 0x00, 0x02, 0xFE, 0x00, 0x06, 0xFA, 0x00, 0x00, 0x00,
    0x00, 0x06, 0xFA, 0x00, 0x0A, 0xF6, 0x00, 0x00, 0x00, 0x00, 0x0A, 0xF6, 0x00, 0x0D, 0xF2, 0x00,
    0x00, 0x00, 0x00, 0x0E, 0xF2, 0x00, 0x2F, 0xD0, 0x00, 0x00, 0x00, 0x00, 0x3F, 0xD0, 0x00, 0x6F,
    0x90, 0x00, 0x00, 0x00, 0x00, 0x00, 0x07, 0xC0, 0x00, 0x00, 0x00, 0x00, 0x00, 0x07, 0xC0, 0x00,
    0x00, 0x00, 0x00, 0x00, 0x07, 0xC0, 0x00, 0x00, 0x00, 0x00, 0x39, 0xDF, 0xFE, 0xC8, 0x40, 0x00,
    0x07, 0xFF, 0xFF, 0xFF, 0xFF, 0xF4, 0x00, 0x4F, 0xFB, 0x38, 0xC1, 0x37, 0xB3, 0x00, 0xAF, 0xC0,
    0x07, 0xC0, 0x00, 0x00, 0x00, 0xCF, 0x80, 0x07, 0xC0, 0x00, 0x00, 0x00, 0xCF, 0xA0, 0x07, 0xC0,
    0x00, 0x00, 0x00, 0x8F, 0xF7, 0x07, 0xC0, 0x00, 0x00, 0x00, 0x1D, 0xFF, 0xED, 0xD5, 0x20, 0x00,
    0x00, 0x02, 0xAF, 0xFF, 0xFF, 0xFC, 0x40, 0x00, 0x00, 0x01, 0x6B, 0xFF, 0xFF, 0xF6, 0x00, 0x00,
    0x00, 0x07, 0xC1, 0x6E, 0xFE, 0x10, 0x00, 0x00, 0x07, 0xC0, 0x04, 0xFF, 0x50, 0x00, 0x00, 0x07,
    0xC0, 0x00, 0xFF, 0x50, 0x00, 0x00, 0x07, 0xC0, 0x05, 0xFF, 0x30, 0xB9, 0x52, 0x17, 0xC2, 0x7E,
    0xFC, 0x00, 0xDF, 0xFF, 0xFF, 0xFF, 0xFF, 0xD2, 0x00, 0x16, 0xAC, 0xEF, 0xFE, 0xB6, 0x00, 0x00,
    0x00, 0x00, 0x08, 0xC0, 0x00, 0x00, 0x00, 0x00, 0x00, 0x07, 0xC0, 0x00, 0x00, 0x00, 0x00, 0x00,
    0x07, 0xC0, 0x00, 0x00, 0x00, 0x00, 0x00, 0x07, 0xC0, 0x00, 0x00, 0x00, 0x00, 0x5C, 0xFE, 0xA2,
    0x00, 0x00, 0x00, 0x02, 0xEE, 0x10, 0x00, 0x00, 0x07, 0xFF, 0xFF, 0xFE, 0x20, 0x00, 0x00, 0x0A,
    0xF5, 0x00, 0x00, 0x00, 0x1F, 0xF7, 0x12, 0xCF, 0xA0, 0x00, 0x00, 0x4F, 0xB0, 0x00, 0x00, 0x00,
    0x6F, 0xB0, 0x00, 0x2F, 0xF1, 0x00, 0x01, 0xDF, 0x20, 0x00, 0x00, 0x00, 0x8F, 0x80, 0x00, 0x0E,
    0xF2, 0x00, 0x08, 0xF7, 0x00, 0x00, 0x00, 0x00, 0x8F, 0x80, 0x00, 0x0E, 0xF2, 0x00, 0x3F, 0xD0,
    0x00, 0x00, 0x00, 0x00, 0x6F, 0xB0, 0x00, 0x2F, 0xF1, 0x00, 0xCF, 0x40, 0x00, 0x00, 0x00, 0x00,
    0x2F, 0xF7, 0x12, 0xCF, 0xB0, 0x06, 0xF9, 0x00, 0x00, 0x00, 0x00, 0x00, 0x07, 0xFF, 0xFF, 0xFE,
    0x20, 0x1E, 0xE1, 0x00, 0x00, 0x00, 0x00, 0x00, 0x00, 0x6C, 0xFE, 0xA2, 0x00, 0xAF, 0x50, 0x05,
    0xCE, 0xEB, 0x30, 0x00, 0x00, 0x00, 0x00, 0x00, 0x04, 0xFB, 0x00, 0x6F, 0xFF, 0xFF, 0xE3, 0x00,
    0x00, 0x00, 0x00, 0x00, 0x1D, 0xF2, 0x01, 0xEF, 0x81, 0x2B, 0xFC, 0x00, 0x00, 0x00, 0x00, 0x00,
    0x8F, 0x70, 0x05, 0xFC, 0x00, 0x01, 0xFF, 0x10, 0x00, 0x00, 0x00, 0x03, 0xFD, 0x00, 0x07, 0xF9,
    0x00, 0x00, 0xCF, 0x30, 0x00, 0x00, 0x00, 0x0C, 0xF4, 0x00, 0x07, 0xF9, 0x00, 0x00, 0xCF, 0x30,
    0x00, 0x00, 0x00, 0x6F, 0x90, 0x00, 0x05, 0xFC, 0x00, 0x01, 0xFF, 0x10, 0x00, 0x00, 0x01, 0xEE,
    0x10, 0x00, 0x01, 0xEF, 0x81, 0x2B, 0xFC, 0x00, 0x00, 0x00, 0x0A, 0xF6, 0x00, 0x00, 0x00, 0x6F,
    0xFF, 0xFF, 0xE3, 0x00, 0x00, 0x00, 0x4F, 0xB0, 0x00, 0x00, 0x00, 0x05, 0xCF, 0xEB, 0x30, 0x00,
    0x00, 0x00, 0x18, 0xDF, 0xEC, 0x94, 0x00, 0x00, 0x00, 0x00, 0x00, 0x02, 0xDF, 0xFF, 0xFF, 0xFF,
    0x30, 0x00, 0x00, 0x00, 0x00, 0x0B, 0xFF, 0x72, 0x02, 0x6C, 0x20, 0x00, 0x00, 0x00, 0x00, 0x1F,
    0xF7, 0x00, 0x00, 0x00, 0x00, 0x00, 0x00, 0x00, 0x00, 0x3F, 0xF4, 0x00, 0x00, 0x00, 0x00, 0x00,
    0x00, 0x00, 0x00, 0x1F, 0xF7, 0x00, 0x00, 0x00, 0x00, 0x00, 0x00, 0x00, 0x00, 0x0A, 0xFF, 0x30,
    0x00, 0x00, 0x00, 0x00, 0x00, 0x00, 0x00, 0x03, 0xFF, 0xE3, 0x00, 0x00, 0x00, 0x00, 0x00, 0x00,
    0x00, 0x3D, 0xFF, 0xFE, 0x30, 0x00, 0x00, 0x00, 0x00, 0x00, 0x02, 0xEF, 0xB4, 0xEF, 0xE3, 0x00,
    0x00, 0x0D, 0xF8, 0x00, 0x0A, 0xFD, 0x10, 0x3E, 0xFE, 0x30, 0x00, 0x0F, 0xF5, 0x00, 0x2F, 0xF6,
    0x00, 0x02, 0xEF, 0xE3, 0x00, 0x4F, 0xE1, 0x00, 0x4F, 0xF2, 0x00, 0x00, 0x2D, 0xFE, 0x30, 0xAF,
    0x90, 0x00, 0x5F, 0xF2, 0x00, 0x00, 0x02, 0xDF, 0xE7, 0xFE, 0x20, 0x00, 0x2F, 0xF7, 0x00, 0x00,
    0x00, 0x2D, 0xFF, 0xF6, 0x00, 0x00, 0x0C, 0xFE, 0x30, 0x00, 0x00, 0x04, 0xFF, 0xF4, 0x00, 0x00,
    0x03, 0xEF, 0xE7, 0x20, 0x13, 0x9F, 0xFF, 0xFE, 0x30, 0x00, 0x00, 0x4E, 0xFF, 0xFF, 0xFF, 0xFF,
    0x82, 0xDF, 0xE2, 0x00, 0x00, 0x01, 0x7B, 0xEF, 0xEC, 0x82, 0x00, 0x3E, 0xFD, 0x20, 0x8F, 0xA0,
    0x8F, 0xA0, 0x8F, 0xA0, 0x8F, 0xA0, 0x8F, 0xA0, 0x8F, 0xA0, 0x8F, 0xA0, 0x00, 0x04, 0xFC, 0x00,
    0x0C, 0xF4, 0x00, 0x6F, 0xC0, 0x00, 0xDF, 0x50, 0x04, 0xFE, 0x10, 0x0A, 0xF9, 0x00, 0x0F, 0xF6,
    0x00, 0x4F, 0xF2, 0x00, 0x7F, 0xE0, 0x00, 0x9F, 0xD0, 0x00, 0xAF, 0xC0, 0x00, 0xBF, 0xB0, 0x00,
    0xAF, 0xC0, 0x00, 0x9F, 0xD0, 0x00, 0x7F, 0xE0, 0x00, 0x4F, 0xF2, 0x00, 0x0F, 0xF5, 0x00, 0x0A,
    0xF9, 0x00, 0x04, 0xFE, 0x10, 0x00, 0xDF, 0x50, 0x00, 0x6F, 0xC0, 0x00, 0x0C, 0xF4, 0x00, 0x04,
    0xFC, 0xAF, 0x60, 0x00, 0x3F, 0xE1, 0x00, 0x0A, 0xF8, 0x00, 0x03, 0xFE, 0x10, 0x00, 0xDF, 0x60,
    0x00, 0x8F, 0xC0, 0x00, 0x4F, 0xF2, 0x00, 0x1F, 0xF6, 0x00, 0x0C, 0xF9, 0x00, 0x0B, 0xFB, 0x00,
    0x0A, 0xFC, 0x00, 0x09, 0xFD, 0x00, 0x0A, 0xFC, 0x00, 0x0B, 0xFB, 0x00, 0x0C, 0xF9, 0x00, 0x1F,
    0xF6, 0x00, 0x4F, 0xF2, 0x00, 0x7F, 0xC0, 0x00, 0xDF, 0x60, 0x03, 0xFE, 0x10, 0x0A, 0xF8, 0x00,
    0x2F, 0xE1, 0x00, 0xAF, 0x60, 0x00, 0x00, 0x00, 0x03, 0xF3, 0x00, 0x00, 0x00, 0x00, 0x00, 0x03,
    0xF3, 0x00, 0x00, 0x00, 0x0A, 0x50, 0x03, 0xF3, 0x00, 0x5A, 0x00, 0x1B, 0xFB, 0x23, 0xF3, 0x2B,
    0xFB, 0x10, 0x00, 0x5D, 0xE9, 0xF9, 0xED, 0x50, 0x00, 0x00, 0x01, 0x8F, 0xFF, 0x81, 0x00, 0x00,
    0x00, 0x01, 0x8F, 0xFF, 0x81, 0x00, 0x00, 0x00, 0x5D, 0xE9, 0xF9, 0xED, 0x50, 0x00, 0x1B, 0xFB,
    0x23, 0xF3, 0x2B, 0xFB, 0x10, 0x0A, 0x50, 0x03, 0xF3, 0x00, 0x5A, 0x00, 0x00, 0x00, 0x03, 0xF3,
    0x00, 0x00, 0x00, 0x00, 0x00, 0x03, 0xF3, 0x00, 0x00, 0x00, 0x00, 0x00, 0x00, 0x03, 0xFE, 0x00,
    0x00, 0x00, 0x00, 0x00, 0x00, 0x00, 0x03, 0xFE, 0x00, 0x00, 0x00, 0x00, 0x00, 0x00, 0x00, 0x03,
    0xFE, 0x00, 0x00, 0x00, 0x00, 0x00, 0x00, 0x00, 0x03, 0xFE, 0x00, 0x00, 0x00, 0x00, 0x00, 0x00,
    0x00, 0x03, 0xFE, 0x00, 0x00, 0x00, 0x00, 0x00, 0x00, 0x00, 0x03, 0xFE, 0x00, 0x00, 0x00, 0x00,
    0x00, 0x00, 0x00, 0x03, 0xFE, 0x00, 0x00, 0x00, 0x00, 0x4F, 0xFF, 0xFF, 0xFF, 0xFF, 0xFF, 0xFF,
    0xFF, 0xF0, 0x4F, 0xFF, 0xFF, 0xFF, 0xFF, 0xFF, 0xFF, 0xFF, 0xF0, 0x00, 0x00, 0x00, 0x03, 0xFE,
    0x00, 0x00, 0x00, 0x00, 0x00, 0x00, 0x00, 0x03, 0xFE, 0x00, 0x00, 0x00, 0x00, 0x00, 0x00, 0x00,
    0x03, 0xFE, 0x00, 0x00, 0x00, 0x00, 0x00, 0x00, 0x00, 0x03, 0xFE, 0x00, 0x00, 0x00, 0x00, 0x00,
    0x00, 0x00, 0x03, 0xFE, 0x00, 0x00, 0x00, 0x00, 0x00, 0x00, 0x00, 0x03, 0xFE, 0x00, 0x00, 0x00,
    0x00, 0x00, 0x00, 0x00, 0x03, 0xFE, 0x00, 0x00, 0x00, 0x00, 0x0E, 0xFB, 0x0E, 0xFB, 0x1F, 0xF7,
    0x5F, 0xE1, 0x9F, 0x70, 0xDD, 0x00, 0xBF, 0xFF, 0xFF, 0xF2, 0xBF, 0xFF, 0xFF, 0xF2, 0x3F, 0xF7,
    0x3F, 0xF7, 0x3F, 0xF7, 0x00, 0x00, 0x00, 0x8F, 0x90, 0x00, 0x00, 0x00, 0xDF, 0x40, 0x00, 0x00,
    0x03, 0xFE, 0x00, 0x00, 0x00, 0x07, 0xFA, 0x00, 0x00, 0x00, 0x0C, 0xF5, 0x00, 0x00, 0x00, 0x2F,
    0xF1, 0x00, 0x00, 0x00, 0x7F, 0xB0, 0x00, 0x00, 0x00, 0xBF, 0x60, 0x00, 0x00, 0x01, 0xFF, 0x10,
    0x00, 0x00, 0x06, 0xFC, 0x00, 0x00, 0x00, 0x0A, 0xF7, 0x00, 0x00, 0x00, 0x1F, 0xF2, 0x00, 0x00,
    0x00, 0x5F, 0xC0, 0x00, 0x00, 0x00, 0xAF, 0x80, 0x00, 0x00, 0x00, 0xEF, 0x30, 0x00, 0x00, 0x04,
    0xFD, 0x00, 0x00, 0x00, 0x09, 0xF9, 0x00, 0x00, 0x00, 0x0D, 0xF4, 0x00, 0x00, 0x00, 0x3F, 0xE0,
    0x00, 0x00, 0x00, 0x8F, 0x90, 0x00, 0x00, 0x00, 0xDF, 0x50, 0x00, 0x00, 0x00, 0x00, 0x00, 0x6B,
    0xEF, 0xD9, 0x20, 0x00, 0x00, 0x0B, 0xFF, 0xFF, 0xFF, 0xE5, 0x00, 0x00, 0x9F, 0xF8, 0x21, 0x4C,
    0xFE, 0x20, 0x03, 0xFF, 0x80, 0x00, 0x01, 0xEF, 0xA0, 0x09, 0xFE, 0x10, 0x00, 0x00, 0x7F, 0xF1,
    0x0D, 0xFB, 0x00, 0x00, 0x00, 0x3F, 0xF6, 0x1F, 0xF8, 0x00, 0x00, 0x00, 0x0E, 0xF9, 0x3F, 0xF6,
    0x00, 0x00, 0x00, 0x0D, 0xFB, 0x4F, 0xF5, 0x00, 0x00, 0x00, 0x0C, 0xFB, 0x4F, 0xF5, 0x00, 0x00,
    0x00, 0x0B, 0xFC, 0x4F, 0xF5, 0x00, 0x00, 0x00, 0x0C, 0xFB, 0x3F, 0xF6, 0x00, 0x00, 0x00, 0x0D,
    0xFB, 0x1F, 0xF8, 0x00, 0x00, 0x00, 0x0E, 0xF9, 0x0D, 0xFB, 0x00, 0x00, 0x00, 0x3F, 0xF6, 0x09,
    0xFE, 0x10, 0x00, 0x00, 0x7F, 0xF1, 0x03, 0xFF, 0x80, 0x00, 0x01, 0xEF, 0xA0, 0x00, 0x9F, 0xF8,
    0x21, 0x4C, 0xFE, 0x20, 0x00, 0x0B, 0xFF, 0xFF, 0xFF, 0xE5, 0x00, 0x00, 0x00, 0x6B, 0xEF, 0xD9,
    0x20, 0x00, 0x02, 0x59, 0xCF, 0xFE, 0x00, 0x00, 0x00, 0x2F, 0xFF, 0xFF, 0xFE, 0x00, 0x00, 0x00,
    0x2D, 0xA6, 0x39, 0xFE, 0x00, 0x00, 0x00, 0x00, 0x00, 0x09, 0xFE, 0x00, 0x00, 0x00, 0x00, 0x00,
    0x09, 0xFE, 0x00, 0x00, 0x00, 0x00, 0x00, 0x09, 0xFE, 0x00, 0x00, 0x00, 0x00, 0x00, 0x09, 0xFE,
    0x00, 0x00, 0x00, 0x00, 0x00, 0x09, 0xFE, 0x00, 0x00, 0x00, 0x00, 0x00, 0x09, 0xFE, 0x00, 0x00,
    0x00, 0x00, 0x00, 0x09, 0xFE, 0x00, 0x00, 0x00, 0x00, 0x00, 0x09, 0xFE, 0x00, 0x00, 0x00, 0x00,
    0x00, 0x09, 0xFE, 0x00, 0x00, 0x00, 0x00, 0x00, 0x09, 0xFE, 0x00, 0x00, 0x00, 0x00, 0x00, 0x09,
    0xFE, 0x00, 0x00, 0x00, 0x00, 0x00, 0x09, 0xFE, 0x00, 0x00, 0x00, 0x00, 0x00, 0x09, 0xFE, 0x00,
    0x00, 0x00, 0x00, 0x00, 0x09, 0xFE, 0x00, 0x00, 0x00, 0x0C, 0xFF, 0xFF, 0xFF, 0xFF, 0xFF, 0x20,
    0x0C, 0xFF, 0xFF, 0xFF, 0xFF, 0xFF, 0x20, 0x02, 0x6A, 0xCE, 0xFE, 0xB7, 0x10, 0x00, 0x0F, 0xFF,
    0xFF, 0xFF, 0xFF, 0xD3, 0x00, 0x0F, 0xFA, 0x51, 0x12, 0x8F, 0xFE, 0x10, 0x0A, 0x20, 0x00, 0x00,
    0x05, 0xFF, 0x80, 0x00, 0x00, 0x00, 0x00, 0x00, 0xDF, 0xB0, 0x00, 0x00, 0x00, 0x00, 0x00, 0xBF,
    0xC0, 0x00, 0x00, 0x00, 0x00, 0x00, 0xEF, 0xB0, 0x00, 0x00, 0x00, 0x00, 0x05, 0xFF, 0x60, 0x00,
    0x00, 0x00, 0x00, 0x2E, 0xFD, 0x00, 0x00, 0x00, 0x00, 0x01, 0xCF, 0xF3, 0x00, 0x00, 0x00, 0x00,
    0x0B, 0xFF, 0x50, 0x00, 0x00, 0x00, 0x00, 0xAF, 0xF6, 0x00, 0x00, 0x00, 0x00, 0x0A, 0xFF, 0x60,
    0x00, 0x00, 0x00, 0x00, 0xAF, 0xF6, 0x00, 0x00, 0x00, 0x00, 0x0A, 0xFF, 0x70, 0x00, 0x00, 0x00,
    0x00, 0x9F, 0xF7, 0x00, 0x00, 0x00, 0x00, 0x09, 0xFF, 0x70, 0x00, 0x00, 0x00, 0x00, 0x1F, 0xFF,
    0xFF, 0xFF, 0xFF, 0xFF, 0xE0, 0x1F, 0xFF, 0xFF, 0xFF, 0xFF, 0xFF, 0xE0, 0x04, 0x8C, 0xDF, 0xEC,
    0x93, 0x00, 0x00, 0x7F, 0xFF, 0xFF, 0xFF, 0xFF, 0x70, 0x00, 0x6A, 0x63, 0x20, 0x25, 0xDF, 0xF5,
    0x00, 0x00, 0x00, 0x00, 0x00, 0x1E, 0xFC, 0x00, 0x00, 0x00, 0x00, 0x00, 0x09, 0xFF, 0x00, 0x00,
    0x00, 0x00, 0x00, 0x09, 0xFE, 0x00, 0x00, 0x00, 0x00, 0x00, 0x1D, 0xFA, 0x00, 0x00, 0x00, 0x00,
    0x25, 0xCF, 0xD2, 0x00, 0x00, 0x0B, 0xFF, 0xFF, 0xE8, 0x10, 0x00, 0x00, 0x0B, 0xFF, 0xFF, 0xFB,
    0x40, 0x00, 0x00, 0x00, 0x00, 0x25, 0xCF, 0xF6, 0x00, 0x00, 0x00, 0x00, 0x00, 0x0B, 0xFE, 0x10,
    0x00, 0x00, 0x00, 0x00, 0x04, 0xFF, 0x50, 0x00, 0x00, 0x00, 0x00, 0x02, 0xFF, 0x60, 0x00, 0x00,
    0x00, 0x00, 0x04, 0xFF, 0x50, 0x00, 0x00, 0x00, 0x00, 0x0B, 0xFF, 0x10, 0xD8, 0x42, 0x10, 0x25,
    0xCF, 0xF7, 0x00, 0xFF, 0xFF, 0xFF, 0xFF, 0xFF, 0x80, 0x00, 0x27, 0xBD, 0xEF, 0xEC, 0x82, 0x00,
    0x00, 0x00, 0x00, 0x00, 0x03, 0xFF, 0xF6, 0x00, 0x00, 0x00, 0x00, 0x00, 0x0D, 0xFF, 0xF6, 0x00,
    0x00, 0x00, 0x00, 0x00, 0x8F, 0xCF, 0xF6, 0x00, 0x00, 0x00, 0x00, 0x03, 0xFD, 0x3F, 0xF6, 0x00,
    0x00, 0x00, 0x00, 0x1D, 0xF4, 0x3F, 0xF6, 0x00, 0x00, 0x00, 0x00, 0x9F, 0xA0, 0x3F, 0xF6, 0x00,
    0x00, 0x00, 0x04, 0xFE, 0x10, 0x3F, 0xF6, 0x00, 0x00, 0x00, 0x1D, 0xF5, 0x00, 0x3F, 0xF6, 0x00,
    0x00, 0x00, 0x9F, 0xA0, 0x00, 0x3F, 0xF6, 0x00, 0x00, 0x05, 0xFE, 0x10, 0x00, 0x3F, 0xF6, 0x00,
    0x00, 0x1E, 0xF5, 0x00, 0x00, 0x3F, 0xF6, 0x00, 0x00, 0x9F, 0xA0, 0x00, 0x00, 0x3F, 0xF6, 0x00,
    0x00, 0xBF, 0xFF, 0xFF, 0xFF, 0xFF, 0xFF, 0xFF, 0x10, 0xBF, 0xFF, 0xFF, 0xFF, 0xFF, 0xFF, 0xFF,
    0x10, 0x00, 0x00, 0x00, 0x00, 0x3F, 0xF6, 0x00, 0x00, 0x00, 0x00, 0x00, 0x00, 0x3F, 0xF6, 0x00,
    0x00, 0x00, 0x00, 0x00, 0x00, 0x3F, 0xF6, 0x00, 0x00, 0x00, 0x00, 0x00, 0x00, 0x3F, 0xF6, 0x00,
    0x00, 0x00, 0x00, 0x00, 0x00, 0x3F, 0xF6, 0x00, 0x00, 0x3F, 0xFF, 0xFF, 0xFF, 0xFF, 0xD0, 0x00,
    0x3F, 0xFF, 0xFF, 0xFF, 0xFF, 0xD0, 0x00, 0x3F, 0xF2, 0x00, 0x00, 0x00, 0x00, 0x00, 0x3F, 0xF2,
    0x00, 0x00, 0x00, 0x00, 0x00, 0x3F, 0xF2, 0x00, 0x00, 0x00, 0x00, 0x00, 0x3F, 0xF2, 0x00, 0x00,
    0x00, 0x00, 0x00, 0x3F, 0xFC, 0xEF, 0xEB, 0x61, 0x00, 0x00, 0x3F, 0xFF, 0xFF, 0xFF, 0xFD, 0x30,
    0x00, 0x3B, 0x63, 0x11, 0x39, 0xFF, 0xE2, 0x00, 0x00, 0x00, 0x00, 0x00, 0x5F, 0xF9, 0x00, 0x00,
    0x00, 0x00, 0x00, 0x0B, 0xFE, 0x00, 0x00, 0x00, 0x00, 0x00, 0x06, 0xFF, 0x30, 0x00, 0x00, 0x00,
    0x00, 0x05, 0xFF, 0x40, 0x00, 0x00, 0x00, 0x00, 0x06, 0xFF, 0x30, 0x00, 0x00, 0x00, 0x00, 0x0B,
    0xFE, 0x00, 0x00, 0x00, 0x00, 0x00, 0x5F, 0xFA, 0x00, 0xD8, 0x42, 0x11, 0x39, 0xFF, 0xE2, 0x00,
    0xFF, 0xFF, 0xFF, 0xFF, 0xFD, 0x30, 0x00, 0x27, 0xBD, 0xEF, 0xDB, 0x60, 0x00, 0x00, 0x00, 0x00,
    0x05, 0xAD, 0xFD, 0xB6, 0x10, 0x00, 0x02, 0xCF, 0xFF, 0xFF, 0xFF, 0xA0, 0x00, 0x1D, 0xFE, 0x82,
    0x01, 0x38, 0x90, 0x00, 0xAF, 0xE3, 0x00, 0x00, 0x00, 0x00, 0x03, 0xFF, 0x70, 0x00, 0x00, 0x00,
    0x00, 0x09, 0xFF, 0x10, 0x00, 0x00, 0x00, 0x00, 0x0D, 0xFB, 0x00, 0x00, 0x00, 0x00, 0x00, 0x1F,
    0xF8, 0x18, 0xDF, 0xEC, 0x71, 0x00, 0x2F, 0xF8, 0xDF, 0xFF, 0xFF, 0xFD, 0x30, 0x3F, 0xFF, 0xF9,
    0x20, 0x27, 0xFF, 0xD1, 0x2F, 0xFF, 0x90, 0x00, 0x00, 0x6F, 0xF7, 0x1F, 0xFF, 0x10, 0x00, 0x00,
    0x0D, 0xFB, 0x0E, 0xFE, 0x00, 0x00, 0x00, 0x0B, 0xFD, 0x0B, 0xFE, 0x00, 0x00, 0x00, 0x0B, 0xFD,
    0x07, 0xFF, 0x10, 0x00, 0x00, 0x0D, 0xFB, 0x01, 0xEF, 0x90, 0x00, 0x00, 0x6F, 0xF6, 0x00, 0x7F,
    0xF9, 0x20, 0x27, 0xFF, 0xD0, 0x00, 0x08, 0xFF, 0xFF, 0xFF, 0xFC, 0x20, 0x00, 0x00, 0x4A, 0xDF,
    0xEB, 0x61, 0x00, 0xDF, 0xFF, 0xFF, 0xFF, 0xFF, 0xFF, 0x50, 0xDF, 0xFF, 0xFF, 0xFF, 0xFF, 0xFF,
    0x30, 0x00, 0x00, 0x00, 0x00, 0x0E, 0xFC, 0x00, 0x00, 0x00, 0x00, 0x00, 0x5F, 0xF6, 0x00, 0x00,
    0x00, 0x00, 0x00, 0xBF, 0xE1, 0x00, 0x00, 0x00, 0x00, 0x02, 0xFF, 0x90, 0x00, 0x00, 0x00, 0x00,
    0x07, 0xFF, 0x40, 0x00, 0x00, 0x00, 0x00, 0x0D, 0xFD, 0x00, 0x00, 0x00, 0x00, 0x00, 0x4F, 0xF7,
    0x00, 0x00, 0x00, 0x00, 0x00, 0x9F, 0xF2, 0x00, 0x00, 0x00, 0x00, 0x01, 0xEF, 0xB0, 0x00, 0x00,
    0x00, 0x00, 0x06, 0xFF, 0x50, 0x00, 0x00, 0x00, 0x00, 0x0B, 0xFE, 0x00, 0x00, 0x00, 0x00, 0x00,
    0x2F, 0xF8, 0x00, 0x00, 0x00, 0x00, 0x00, 0x8F, 0xF3, 0x00, 0x00, 0x00, 0x00, 0x00, 0xDF, 0xC0,
    0x00, 0x00, 0x00, 0x00, 0x04, 0xFF, 0x60, 0x00, 0x00, 0x00, 0x00, 0x0A, 0xFE, 0x10, 0x00, 0x00,
    0x00, 0x00, 0x1F, 0xF9, 0x00, 0x00, 0x00, 0x00, 0x00, 0x02, 0x9C, 0xEF, 0xEB, 0x60, 0x00, 0x00,
    0x6F, 0xFF, 0xFF, 0xFF, 0xFC, 0x10, 0x03, 0xFF, 0xD5, 0x21, 0x39, 0xFF, 0xB0, 0x09, 0xFF, 0x30,
    0x00, 0x00, 0xAF, 0xF2, 0x0C, 0xFD, 0x00, 0x00, 0x00, 0x5F, 0xF4, 0x0A, 0xFD, 0x00, 0x00, 0x00,
    0x5F, 0xF3, 0x06, 0xFF, 0x30, 0x00, 0x00, 0xAF, 0xD0, 0x00, 0xBF, 0xD5, 0x11, 0x39, 0xFF, 0x40,
    0x00, 0x07, 0xDF, 0xFF, 0xFF, 0xA3, 0x00, 0x00, 0x29, 0xEF, 0xFF, 0xFF, 0xC6, 0x00, 0x03, 0xEF,
    0xD5, 0x21, 0x39, 0xFF, 0x90, 0x0C, 0xFD, 0x10, 0x00, 0x00, 0x6F, 0xF5, 0x2F, 0xF7, 0x00, 0x00,
    0x00, 0x0E, 0xFA, 0x3F, 0xF5, 0x00, 0x00, 0x00, 0x0C, 0xFB, 0x2F, 0xF7, 0x00, 0x00, 0x00, 0x0E,
    0xFA, 0x0E, 0xFD, 0x10, 0x00, 0x00, 0x6F, 0xF7, 0x07, 0xFF, 0xD5, 0x21, 0x39, 0xFF, 0xE1, 0x00,
    0x9F, 0xFF, 0xFF, 0xFF, 0xFE, 0x30, 0x00, 0x04, 0x9D, 0xEF, 0xEB, 0x71, 0x00, 0x00, 0x02, 0x9D,
    0xEE, 0xC8, 0x10, 0x00, 0x00, 0x6F, 0xFF, 0xFF, 0xFF, 0xE3, 0x00, 0x05, 0xFF, 0xC4, 0x11, 0x5D,
    0xFE, 0x10, 0x0D, 0xFE, 0x10, 0x00, 0x01, 0xEF, 0x90, 0x3F, 0xF7, 0x00, 0x00, 0x00, 0x8F, 0xE0,
    0x5F, 0xF4, 0x00, 0x00, 0x00, 0x5F, 0xF4, 0x5F, 0xF4, 0x00, 0x00, 0x00, 0x5F, 0xF7, 0x3F, 0xF7,
    0x00, 0x00, 0x00, 0x8F, 0xF9, 0x0E, 0xFE, 0x10, 0x00, 0x01, 0xEF, 0xFA, 0x06, 0xFF, 0xC4, 0x11,
    0x4D, 0xFF, 0xFB, 0x00, 0x8F, 0xFF, 0xFF, 0xFF, 0x7E, 0xFA, 0x00, 0x04, 0xAD, 0xFE, 0xB4, 0x1F,
    0xF9, 0x00, 0x00, 0x00, 0x00, 0x00, 0x3F, 0xF6, 0x00, 0x00, 0x00, 0x00, 0x00, 0x8F, 0xF2, 0x00,
    0x00, 0x00, 0x00, 0x01, 0xEF, 0xB0, 0x00, 0x00, 0x00, 0x00, 0x0A, 0xFF, 0x30, 0x02, 0xB6, 0x21,
    0x14, 0xBF, 0xF7, 0x00, 0x02, 0xFF, 0xFF, 0xFF, 0xFF, 0x70, 0x00, 0x00, 0x49, 0xCE, 0xEC, 0x82,
    0x00, 0x00, 0xEF, 0xB0, 0xEF, 0xB0, 0xEF, 0xB0, 0x00, 0x00, 0x00, 0x00, 0x00, 0x00, 0x00, 0x00,
    0x00, 0x00, 0x00, 0x00, 0x00, 0x00, 0xEF, 0xB0, 0xEF, 0xB0, 0xEF, 0xB0, 0x0E, 0xFB, 0x0E, 0xFB,
    0x0E, 0xFB, 0x00, 0x00, 0x00, 0x00, 0x00, 0x00, 0x00, 0x00, 0x00, 0x00, 0x00, 0x00, 0x00, 0x00,
    0x0E, 0xFB, 0x0E, 0xFB, 0x1F, 0xF7, 0x5F, 0xE1, 0x9F, 0x70, 0xDD, 0x00, 0x00, 0x00, 0x00, 0x00,
    0x00, 0x00, 0x00, 0x17, 0xC0, 0x00, 0x00, 0x00, 0x00, 0x00, 0x01, 0x5B, 0xFF, 0xF0, 0x00, 0x00,
    0x00, 0x00, 0x04, 0x9E, 0xFF, 0xFD, 0x80, 0x00, 0x00, 0x00, 0x28, 0xDF, 0xFF, 0xE9, 0x40, 0x00,
    0x00, 0x01, 0x6C, 0xFF, 0xFF, 0xA5, 0x00, 0x00, 0x00, 0x05, 0xBF, 0xFF, 0xFB, 0x61, 0x00, 0x00,
    0x00, 0x00, 0x4F, 0xFF, 0xC7, 0x20, 0x00, 0x00, 0x00, 0x00, 0x00, 0x4F, 0xFF, 0xC6, 0x10, 0x00,
    0x00, 0x00, 0x00, 0x00, 0x05, 0xBF, 0xFF, 0xFB, 0x51, 0x00, 0x00, 0x00, 0x00, 0x00, 0x01, 0x6C,
    0xFF, 0xFE, 0xA4, 0x00, 0x00, 0x00, 0x00, 0x00, 0x00, 0x28, 0xDF, 0xFF, 0xE9, 0x30, 0x00, 0x00,
    0x00, 0x00, 0x00, 0x04, 0x9E, 0xFF, 0xFD, 0x80, 0x00, 0x00, 0x00, 0x00, 0x00, 0x01, 0x5B, 0xFF,
    0xF0, 0x00, 0x00, 0x00, 0x00, 0x00, 0x00, 0x00, 0x17, 0xC0, 0x4F, 0xFF, 0xFF, 0xFF, 0xFF, 0xFF,
    0xFF, 0xFF, 0xF0, 0x4F, 0xFF, 0xFF, 0xFF, 0xFF, 0xFF, 0xFF, 0xFF, 0xF0, 0x00, 0x00, 0x00, 0x00,
    0x00, 0x00, 0x00, 0x00, 0x00, 0x00, 0x00, 0x00, 0x00, 0x00, 0x00, 0x00, 0x00, 0x00, 0x00, 0x00,
    0x00, 0x00, 0x00, 0x00, 0x00, 0x00, 0x00, 0x4F, 0xFF, 0xFF, 0xFF, 0xFF, 0xFF, 0xFF, 0xFF, 0xF0,
    0x4F, 0xFF, 0xFF, 0xFF, 0xFF, 0xFF, 0xFF, 0xFF, 0xF0, 0x4B, 0x51, 0x00, 0x00, 0x00, 0x00, 0x00,
    0x00, 0x00, 0x4F, 0xFE, 0x94, 0x00, 0x00, 0x00, 0x00, 0x00, 0x00, 0x19, 0xEF, 0xFF, 0xD8, 0x30,
    0x00, 0x00, 0x00, 0x00, 0x00, 0x05, 0xAF, 0xFF, 0xFC, 0x71, 0x00, 0x00, 0x00, 0x00, 0x00, 0x01,
    0x6B, 0xFF, 0xFF, 0xB5, 0x10, 0x00, 0x00, 0x00, 0x00, 0x00, 0x27, 0xCF, 0xFF, 0xE9, 0x40, 0x00,
    0x00, 0x00, 0x00, 0x00, 0x03, 0x8D, 0xFF, 0xF0, 0x00, 0x00, 0x00, 0x00, 0x00, 0x02, 0x8D, 0xFF,
    0xF0, 0x00, 0x00, 0x00, 0x00, 0x17, 0xCF, 0xFF, 0xE9, 0x40, 0x00, 0x00, 0x01, 0x6B, 0xFF, 0xFF,
    0xB5, 0x10, 0x00, 0x00, 0x05, 0xAE, 0xFF, 0xFC, 0x71, 0x00, 0x00, 0x00, 0x19, 0xEF, 0xFF, 0xD8,
    0x30, 0x00, 0x00, 0x00, 0x00, 0x4F, 0xFE, 0xA4, 0x00, 0x00, 0x00, 0x00, 0x00, 0x00, 0x4B, 0x51,
    0x00, 0x00, 0x00, 0x00, 0x00, 0x00, 0x00, 0x00, 0x28, 0xDF, 0xEC, 0x60, 0x00, 0x07, 0xFF, 0xFF,
    0xFF, 0xFB, 0x10, 0x2F, 0xD6, 0x21, 0x3B, 0xFF, 0x80, 0x28, 0x00, 0x00, 0x00, 0xDF, 0xD0, 0x00,
    0x00, 0x00, 0x00, 0xAF, 0xE0, 0x00, 0x00, 0x00, 0x00, 0xCF, 0xC0, 0x00, 0x00, 0x00, 0x06, 0xFF,
    0x60, 0x00, 0x00, 0x00, 0x5F, 0xFA, 0x00, 0x00, 0x00, 0x06, 0xFF, 0xA0, 0x00, 0x00, 0x00, 0x4F,
    0xFA, 0x00, 0x00, 0x00, 0x00, 0xBF, 0xC0, 0x00, 0x00, 0x00, 0x00, 0xEF, 0x80, 0x00, 0x00, 0x00,
    0x00, 0xEF, 0x70, 0x00, 0x00, 0x00, 0x00, 0xEF, 0x70, 0x00, 0x00, 0x00, 0x00, 0x00, 0x00, 0x00,
    0x00, 0x00, 0x00, 0x00, 0x00, 0x00, 0x00, 0x00, 0x00, 0xFF, 0x80, 0x00, 0x00, 0x00, 0x00, 0xFF,
    0x80, 0x00, 0x00, 0x00, 0x00, 0xFF, 0x80, 0x00, 0x00, 0x00, 0x00, 0x00, 0x01, 0x59, 0xCE, 0xFE,
    0xC9, 0x40, 0x00, 0x00, 0x00, 0x00, 0x00, 0x00, 0x6E, 0xFF, 0xFF, 0xFF, 0xFF, 0xFC, 0x30, 0x00,
    0x00, 0x00, 0x00, 0x2C, 0xFF, 0xB6, 0x31, 0x02, 0x38, 0xDF, 0xF8, 0x00, 0x00, 0x00, 0x02, 0xEF,
    0xC3, 0x00, 0x00, 0x00, 0x00, 0x06, 0xEF, 0x80, 0x00, 0x00, 0x1D, 0xFA, 0x00, 0x00, 0x00, 0x00,
    0x00, 0x00, 0x3E, 0xF7, 0x00, 0x00, 0x9F, 0xA0, 0x00, 0x00, 0x00, 0x00, 0x00, 0x00, 0x02, 0xEE,
    0x20, 0x02, 0xFD, 0x10, 0x00, 0x18, 0xDF, 0xD9, 0x26, 0xF6, 0x00, 0x7F, 0x80, 0x08, 0xF6, 0x00,
    0x01, 0xDF, 0xFF, 0xFF, 0xE8, 0xF6, 0x00, 0x1F, 0xD0, 0x0D, 0xE0, 0x00, 0x0A, 0xFE, 0x51, 0x15,
    0xDF, 0xF6, 0x00, 0x0C, 0xF1, 0x1F, 0xB0, 0x00, 0x1F, 0xF4, 0x00, 0x00, 0x3F, 0xF6, 0x00, 0x0A,
    0xF2, 0x3F, 0x80, 0x00, 0x4F, 0xC0, 0x00, 0x00, 0x0B, 0xF6, 0x00, 0x0A, 0xF2, 0x4F, 0x80, 0x00,
    0x5F, 0xB0, 0x00, 0x00, 0x0A, 0xF6, 0x00, 0x0D, 0xF1, 0x3F, 0x90, 0x00, 0x4F, 0xC0, 0x00, 0x00,
    0x0B, 0xF6, 0x00, 0x3F, 0xB0, 0x1F, 0xB0, 0x00, 0x1F, 0xF3, 0x00, 0x00, 0x3F, 0xF6, 0x01, 0xCF,
    0x50, 0x0D, 0xE0, 0x00, 0x0A, 0xFE, 0x51, 0x15, 0xDF, 0xF7, 0x5C, 0xF9, 0x00, 0x09, 0xF5, 0x00,
    0x01, 0xDF, 0xFF, 0xFF, 0xE8, 0xFF, 0xFF, 0x80, 0x00, 0x03, 0xFD, 0x00, 0x00, 0x18, 0xDF, 0xE9,
    0x26, 0xEC, 0x82, 0x00, 0x00, 0x00, 0xAF, 0xA0, 0x00, 0x00, 0x00, 0x00, 0x00, 0x00, 0x00, 0x00,
    0x00, 0x00, 0x1D, 0xF8, 0x00, 0x00, 0x00, 0x00, 0x00, 0x00, 0x00, 0x00, 0x00, 0x00, 0x03, 0xEF,
    0xB2, 0x00, 0x00, 0x00, 0x00, 0x18, 0xB1, 0x00, 0x00, 0x00, 0x00, 0x2D, 0xFF, 0xA6, 0x21, 0x02,
    0x49, 0xEF, 0xB1, 0x00, 0x00, 0x00, 0x00, 0x01, 0x8E, 0xFF, 0xFF, 0xFF, 0xFF, 0xE6, 0x00, 0x00,
    0x00, 0x00, 0x00, 0x00, 0x01, 0x6A, 0xDE, 0xFD, 0xA6, 0x10, 0x00, 0x00, 0x00, 0x00, 0x00, 0x00,
    0x0B, 0xFF, 0x80, 0x00, 0x00, 0x00, 0x00, 0x00, 0x00, 0x2F, 0xFF, 0xE0, 0x00, 0x00, 0x00, 0x00,
    0x00, 0x00, 0x8F, 0xEF, 0xF4, 0x00, 0x00, 0x00, 0x00, 0x00, 0x00, 0xDF, 0x8B, 0xFA, 0x00, 0x00,
    0x00, 0x00, 0x00, 0x04, 0xFF, 0x26, 0xFF, 0x10, 0x00, 0x00, 0x00, 0x00, 0x0A, 0xFC, 0x01, 0xEF,
    0x70, 0x00, 0x00, 0x00, 0x00, 0x1F, 0xF6, 0x00, 0xAF, 0xC0, 0x00, 0x00, 0x00, 0x00, 0x6F, 0xF1,
    0x00, 0x4F, 0xF3, 0x00, 0x00, 0x00, 0x00, 0xCF, 0xA0, 0x00, 0x0E, 0xF9, 0x00, 0x00, 0x00, 0x03,
    0xFF, 0x50, 0x00, 0x08, 0xFE, 0x00, 0x00, 0x00, 0x08, 0xFE, 0x00, 0x00, 0x03, 0xFF, 0x50, 0x00,
    0x00, 0x0E, 0xF9, 0x00, 0x00, 0x00, 0xCF, 0xB0, 0x00, 0x00, 0x5F, 0xFF, 0xFF, 0xFF, 0xFF, 0xFF,
    0xF2, 0x00, 0x00, 0xBF, 0xFF, 0xFF, 0xFF, 0xFF, 0xFF, 0xF7, 0x00, 0x01, 0xFF, 0x70, 0x00, 0x00,
    0x00, 0x0A, 0xFD, 0x00, 0x07, 0xFF, 0x20, 0x00, 0x00, 0x00, 0x05, 0xFF, 0x40, 0x0D, 0xFC, 0x00,
    0x00, 0x00, 0x00, 0x00, 0xEF, 0x90, 0x3F, 0xF6, 0x00, 0x00, 0x00, 0x00, 0x00, 0x9F, 0xE1, 0x9F,
    0xF1, 0x00, 0x00, 0x00, 0x00, 0x00, 0x4F, 0xF6, 0x7F, 0xFF, 0xFF, 0xFF, 0xEB, 0x60, 0x00, 0x7F,
    0xFF, 0xFF, 0xFF, 0xFF, 0xFC, 0x10, 0x7F, 0xF2, 0x00, 0x01, 0x3A, 0xFF, 0xA0, 0x7F, 0xF2, 0x00,
    0x00, 0x00, 0xBF, 0xF1, 0x7F, 0xF2, 0x00, 0x00, 0x00, 0x7F, 0xF3, 0x7F, 0xF2, 0x00, 0x00, 0x00,
    0x7F, 0xF2, 0x7F, 0xF2, 0x00, 0x00, 0x00, 0xBF, 0xD0, 0x7F, 0xF2, 0x00, 0x01, 0x3A, 0xFF, 0x60,
    0x7F, 0xFF, 0xFF, 0xFF, 0xFF, 0xB4, 0x00, 0x7F, 0xFF, 0xFF, 0xFF, 0xFF, 0xE8, 0x00, 0x7F, 0xF2,
    0x00, 0x00, 0x26, 0xEF, 0xC1, 0x7F, 0xF2, 0x00, 0x00, 0x00, 0x4F, 0xF8, 0x7F, 0xF2, 0x00, 0x00,
    0x00, 0x0D, 0xFD, 0x7F, 0xF2, 0x00, 0x00, 0x00, 0x0B, 0xFF, 0x7F, 0xF2, 0x00, 0x00, 0x00, 0x0D,
    0xFE, 0x7F, 0xF2, 0x00, 0x00, 0x00, 0x4F, 0xFB, 0x7F, 0xF2, 0x00, 0x00, 0x26, 0xEF, 0xF4, 0x7F,
    0xFF, 0xFF, 0xFF, 0xFF, 0xFF, 0x60, 0x7F, 0xFF, 0xFF, 0xFF, 0xEC, 0x82, 0x00, 0x00, 0x00, 0x03,
    0x8C, 0xEF, 0xED, 0x94, 0x00, 0x00, 0x01, 0xAF, 0xFF, 0xFF, 0xFF, 0xFF, 0xC3, 0x00, 0x2D, 0xFF,
    0xB5, 0x20, 0x13, 0x9E, 0xFB, 0x00, 0xCF, 0xF6, 0x00, 0x00, 0x00, 0x02, 0xBB, 0x06, 0xFF, 0x70,
    0x00, 0x00, 0x00, 0x00, 0x07, 0x0D, 0xFE, 0x00, 0x00, 0x00, 0x00, 0x00, 0x00, 0x3F, 0xF8, 0x00,
    0x00, 0x00, 0x00, 0x00, 0x00, 0x6F, 0xF5, 0x00, 0x00, 0x00, 0x00, 0x00, 0x00, 0x7F, 0xF3, 0x00,
    0x00, 0x00, 0x00, 0x00, 0x00, 0x8F, 0xF3, 0x00, 0x00, 0x00, 0x00, 0x00, 0x00, 0x7F, 0xF3, 0x00,
    0x00, 0x00, 0x00, 0x00, 0x00, 0x6F, 0xF5, 0x00, 0x00, 0x00, 0x00, 0x00, 0x00, 0x3F, 0xF8, 0x00,
    0x00, 0x00, 0x00, 0x00, 0x00, 0x0D, 0xFE, 0x00, 0x00, 0x00, 0x00, 0x00, 0x00, 0x06, 0xFF, 0x70,
    0x00, 0x00, 0x00, 0x00, 0x07, 0x00, 0xCF, 0xF6, 0x00, 0x00, 0x00, 0x02, 0xBB, 0x00, 0x2D, 0xFF,
    0xB5, 0x20, 0x13, 0x8E, 0xFB, 0x00, 0x01, 0xAF, 0xFF, 0xFF, 0xFF, 0xFF, 0xC3, 0x00, 0x00, 0x03,
    0x8C, 0xEF, 0xEC, 0x94, 0x00, 0x7F, 0xFF, 0xFF, 0xEE, 0xCA, 0x61, 0x00, 0x00, 0x00, 0x7F, 0xFF,
    0xFF, 0xFF, 0xFF, 0xFF, 0xA1, 0x00, 0x00, 0x7F, 0xF2, 0x00, 0x01, 0x37, 0xDF, 0xFE, 0x20, 0x00,
    0x7F, 0xF2, 0x00, 0x00, 0x00, 0x07, 0xFF, 0xD1, 0x00, 0x7F, 0xF2, 0x00, 0x00, 0x00, 0x00, 0x8F,
    0xF7, 0x00, 0x7F, 0xF2, 0x00, 0x00, 0x00, 0x00, 0x1E, 0xFD, 0x00, 0x7F, 0xF2, 0x00, 0x00, 0x00,
    0x00, 0x09, 0xFF, 0x20, 0x7F, 0xF2, 0x00, 0x00, 0x00, 0x00, 0x06, 0xFF, 0x50, 0x7F, 0xF2, 0x00,
    0x00, 0x00, 0x00, 0x04, 0xFF, 0x60, 0x7F, 0xF2, 0x00, 0x00, 0x00, 0x00, 0x04, 0xFF, 0x70, 0x7F,
    0xF2, 0x00, 0x00, 0x00, 0x00, 0x04, 0xFF, 0x60, 0x7F, 0xF2, 0x00, 0x00, 0x00, 0x00, 0x06, 0xFF,
    0x50, 0x7F, 0xF2, 0x00, 0x00, 0x00, 0x00, 0x09, 0xFF, 0x20, 0x7F, 0xF2, 0x00, 0x00, 0x00, 0x00,
    0x1E, 0xFD, 0x00, 0x7F, 0xF2, 0x00, 0x00, 0x00, 0x00, 0x8F, 0xF7, 0x00, 0x7F, 0xF2, 0x00, 0x00,
    0x00, 0x07, 0xFF, 0xD1, 0x00, 0x7F, 0xF2, 0x00, 0x01, 0x37, 0xDF, 0xFD, 0x20, 0x00, 0x7F, 0xFF,
    0xFF, 0xFF, 0xFF, 0xFF, 0x91, 0x00, 0x00, 0x7F, 0xFF, 0xFF, 0xFE, 0xCA, 0x61, 0x00, 0x00, 0x00,
    0x7F, 0xFF, 0xFF, 0xFF, 0xFF, 0xFF, 0x80, 0x7F, 0xFF, 0xFF, 0xFF, 0xFF, 0xFF, 0x80, 0x7F, 0xF2,
    0x00, 0x00, 0x00, 0x00, 0x00, 0x7F, 0xF2, 0x00, 0x00, 0x00, 0x00, 0x00, 0x7F, 0xF2, 0x00, 0x00,
    0x00, 0x00, 0x00, 0x7F, 0xF2, 0x00, 0x00, 0x00, 0x00, 0x00, 0x7F, 0xF2, 0x00, 0x00, 0x00, 0x00,
    0x00, 0x7F, 0xF2, 0x00, 0x00, 0x00, 0x00, 0x00, 0x7F, 0xFF, 0xFF, 0xFF, 0xFF, 0xFF, 0x20, 0x7F,
    0xFF, 0xFF, 0xFF, 0xFF, 0xFF, 0x20, 0x7F, 0xF2, 0x00, 0x00, 0x00, 0x00, 0x00, 0x7F, 0xF2, 0x00,
    0x00, 0x00, 0x00, 0x00, 0x7F, 0xF2, 0x00, 0x00, 0x00, 0x00, 0x00, 0x7F, 0xF2, 0x00, 0x00, 0x00,
    0x00, 0x00, 0x7F, 0xF2, 0x00, 0x00, 0x00, 0x00, 0x00, 0x7F, 0xF2, 0x00, 0x00, 0x00, 0x00, 0x00,
    0x7F, 0xF2, 0x00, 0x00, 0x00, 0x00, 0x00, 0x7F, 0xFF, 0xFF, 0xFF, 0xFF, 0xFF, 0xC0, 0x7F, 0xFF,
    0xFF, 0xFF, 0xFF, 0xFF, 0xC0, 0x7F, 0xFF, 0xFF, 0xFF, 0xFF, 0xF7, 0x7F, 0xFF, 0xFF, 0xFF, 0xFF,
    0xF7, 0x7F, 0xF2, 0x00, 0x00, 0x00, 0x00, 0x7F, 0xF2, 0x00, 0x00, 0x00, 0x00, 0x7F, 0xF2, 0x00,
    0x00, 0x00, 0x00, 0x7F, 0xF2, 0x00, 0x00, 0x00, 0x00, 0x7F, 0xF2, 0x00, 0x00, 0x00, 0x00, 0x7F,
    0xF2, 0x00, 0x00, 0x00, 0x00, 0x7F, 0xFF, 0xFF, 0xFF, 0xFF, 0x90, 0x7F, 0xFF, 0xFF, 0xFF, 0xFF,
    0x90, 0x7F, 0xF2, 0x00, 0x00, 0x00, 0x00, 0x7F, 0xF2, 0x00, 0x00, 0x00, 0x00, 0x7F, 0xF2, 0x00,
    0x00, 0x00, 0x00, 0x7F, 0xF2, 0x00, 0x00, 0x00, 0x00, 0x7F, 0xF2, 0x00, 0x00, 0x00, 0x00, 0x7F,
    0xF2, 0x00, 0x00, 0x00, 0x00, 0x7F, 0xF2, 0x00, 0x00, 0x00, 0x00, 0x7F, 0xF2, 0x00, 0x00, 0x00,
    0x00, 0x7F, 0xF2, 0x00, 0x00, 0x00, 0x00, 0x00, 0x00, 0x02, 0x8B, 0xDF, 0xED, 0xA7, 0x10, 0x00,
    0x00, 0x01, 0xAF, 0xFF, 0xFF, 0xFF, 0xFF, 0xF9, 0x10, 0x00, 0x2D, 0xFF, 0xB6, 0x21, 0x12, 0x6C,
    0xFF, 0x80, 0x00, 0xCF, 0xF6, 0x00, 0x00, 0x00, 0x00, 0x6E, 0x80, 0x07, 0xFF, 0x70, 0x00, 0x00,
    0x00, 0x00, 0x02, 0x60, 0x0D, 0xFD, 0x00, 0x00, 0x00, 0x00, 0x00, 0x00, 0x00, 0x3F, 0xF8, 0x00,
    0x00, 0x00, 0x00, 0x00, 0x00, 0x00, 0x6F, 0xF5, 0x00, 0x00, 0x00, 0x00, 0x00, 0x00, 0x00, 0x7F,
    0xF3, 0x00, 0x00, 0x00, 0x00, 0x00, 0x00, 0x00, 0x8F, 0xF3, 0x00, 0x00, 0x00, 0xBF, 0xFF, 0xFF,
    0xF0, 0x7F, 0xF3, 0x00, 0x00, 0x00, 0xBF, 0xFF, 0xFF, 0xF0, 0x6F, 0xF5, 0x00, 0x00, 0x00, 0x00,
    0x00, 0x8F, 0xF0, 0x3F, 0xF8, 0x00, 0x00, 0x00, 0x00, 0x00, 0x8F, 0xF0, 0x0D, 0xFD, 0x00, 0x00,
    0x00, 0x00, 0x00, 0x8F, 0xF0, 0x07, 0xFF, 0x70, 0x00, 0x00, 0x00, 0x00, 0x8F, 0xF0, 0x00, 0xCF,
    0xF6, 0x00, 0x00, 0x00, 0x00, 0x8F, 0xF0, 0x00, 0x2D, 0xFF, 0xB5, 0x21, 0x01, 0x49, 0xEF, 0xF0,
    0x00, 0x01, 0xAF, 0xFF, 0xFF, 0xFF, 0xFF, 0xFC, 0x40, 0x00, 0x00, 0x02, 0x8B, 0xDF, 0xED, 0xB8,
    0x30, 0x00, 0x7F, 0xF2, 0x00, 0x00, 0x00, 0x00, 0x8F, 0xF0, 0x7F, 0xF2, 0x00, 0x00, 0x00, 0x00,
    0x8F, 0xF0, 0x7F, 0xF2, 0x00, 0x00, 0x00, 0x00, 0x8F, 0xF0, 0x7F, 0xF2, 0x00, 0x00, 0x00, 0x00,
    0x8F, 0xF0, 0x7F, 0xF2, 0x00, 0x00, 0x00, 0x00, 0x8F, 0xF0, 0x7F, 0xF2, 0x00, 0x00, 0x00, 0x00,
    0x8F, 0xF0, 0x7F, 0xF2, 0x00, 0x00, 0x00, 0x00, 0x8F, 0xF0, 0x7F, 0xF2, 0x00, 0x00, 0x00, 0x00,
    0x8F, 0xF0, 0x7F, 0xFF, 0xFF, 0xFF, 0xFF, 0xFF, 0xFF, 0xF0, 0x7F, 0xFF, 0xFF, 0xFF, 0xFF, 0xFF,
    0xFF, 0xF0, 0x7F, 0xF2, 0x00, 0x00, 0x00, 0x00, 0x8F, 0xF0, 0x7F, 0xF2, 0x00, 0x00, 0x00, 0x00,
    0x8F, 0xF0, 0x7F, 0xF2, 0x00, 0x00, 0x00, 0x00, 0x8F, 0xF0, 0x7F, 0xF2, 0x00, 0x00, 0x00, 0x00,
    0x8F, 0xF0, 0x7F, 0xF2, 0x00, 0x00, 0x00, 0x00, 0x8F, 0xF0, 0x7F, 0xF2, 0x00, 0x00, 0x00, 0x00,
    0x8F, 0xF0, 0x7F, 0xF2, 0x00, 0x00, 0x00, 0x00, 0x8F, 0xF0, 0x7F, 0xF2, 0x00, 0x00, 0x00, 0x00,
    0x8F, 0xF0, 0x7F, 0xF2, 0x00, 0x00, 0x00, 0x00, 0x8F, 0xF0, 0x7F, 0xF2, 0x7F, 0xF2, 0x7F, 0xF2,
    0x7F, 0xF2, 0x7F, 0xF2, 0x7F, 0xF2, 0x7F, 0xF2, 0x7F, 0xF2, 0x7F, 0xF2, 0x7F, 0xF2, 0x7F, 0xF2,
    0x7F, 0xF2, 0x7F, 0xF2, 0x7F, 0xF2, 0x7F, 0xF2, 0x7F, 0xF2, 0x7F, 0xF2, 0x7F, 0xF2, 0x7F, 0xF2,
    0x00, 0x00, 0x7F, 0xF2, 0x00, 0x00, 0x7F, 0xF2, 0x00, 0x00, 0x7F, 0xF2, 0x00, 0x00, 0x7F, 0xF2,
    0x00, 0x00, 0x7F, 0xF2, 0x00, 0x00, 0x7F, 0xF2, 0x00, 0x00, 0x7F, 0xF2, 0x00, 0x00, 0x7F, 0xF2,
    0x00, 0x00, 0x7F, 0xF2, 0x00, 0x00, 0x7F, 0xF2, 0x00, 0x00, 0x7F, 0xF2, 0x00, 0x00, 0x7F, 0xF2,
    0x00, 0x00, 0x7F, 0xF2, 0x00, 0x00, 0x7F, 0xF2, 0x00, 0x00, 0x7F, 0xF2, 0x00, 0x00, 0x7F, 0xF2,
    0x00, 0x00, 0x7F, 0xF2, 0x00, 0x00, 0x7F, 0xF2, 0x00, 0x00, 0x7F, 0xF1, 0x00, 0x00, 0x9F, 0xE0,
    0x00, 0x00, 0xDF, 0xB0, 0x00, 0x2A, 0xFF, 0x60, 0x5F, 0xFF, 0xFB, 0x00, 0x5F, 0xEC, 0x60, 0x00,
    0x7F, 0xF2, 0x00, 0x00, 0x00, 0x1C, 0xFF, 0x60, 0x7F, 0xF2, 0x00, 0x00, 0x02, 0xDF, 0xF5, 0x00,
    0x7F, 0xF2, 0x00, 0x00, 0x2D, 0xFF, 0x40, 0x00, 0x7F, 0xF2, 0x00, 0x03, 0xEF, 0xE4, 0x00, 0x00,
    0x7F, 0xF2, 0x00, 0x3E, 0xFE, 0x30, 0x00, 0x00, 0x7F, 0xF2, 0x04, 0xEF, 0xE3, 0x00, 0x00, 0x00,
    0x7F, 0xF2, 0x4F, 0xFD, 0x20, 0x00, 0x00, 0x00, 0x7F, 0xF7, 0xFF, 0xD2, 0x00, 0x00, 0x00, 0x00,
    0x7F, 0xFF, 0xFC, 0x10, 0x00, 0x00, 0x00, 0x00, 0x7F, 0xFF, 0xFE, 0x30, 0x00, 0x00, 0x00, 0x00,
    0x7F, 0xF6, 0xFF, 0xE3, 0x00, 0x00, 0x00, 0x00, 0x7F, 0xF2, 0x4F, 0xFE, 0x30, 0x00, 0x00, 0x00,
    0x7F, 0xF2, 0x04, 0xFF, 0xE3, 0x00, 0x00, 0x00, 0x7F, 0xF2, 0x00, 0x4F, 0xFE, 0x30, 0x00, 0x00,
    0x7F, 0xF2, 0x00, 0x04, 0xFF, 0xE3, 0x00, 0x00, 0x7F, 0xF2, 0x00, 0x00, 0x4F, 0xFE, 0x30, 0x00,
    0x7F, 0xF2, 0x00, 0x00, 0x04, 0xFF, 0xE3, 0x00, 0x7F, 0xF2, 0x00, 0x00, 0x00, 0x4F, 0xFE, 0x30,
    0x7F, 0xF2, 0x00, 0x00, 0x00, 0x05, 0xFF, 0xE3, 0x7F, 0xF2, 0x00, 0x00, 0x00, 0x00, 0x00, 0x7F,
    0xF2, 0x00, 0x00, 0x00, 0x00, 0x00, 0x7F, 0xF2, 0x00, 0x00, 0x00, 0x00, 0x00, 0x7F, 0xF2, 0x00,
    0x00, 0x00, 0x00, 0x00, 0x7F, 0xF2, 0x00, 0x00, 0x00, 0x00, 0x00, 0x7F, 0xF2, 0x00, 0x00, 0x00,
    0x00, 0x00, 0x7F, 0xF2, 0x00, 0x00, 0x00, 0x00, 0x00, 0x7F, 0xF2, 0x00, 0x00, 0x00, 0x00, 0x00,
    0x7F, 0xF2, 0x00, 0x00, 0x00, 0x00, 0x00, 0x7F, 0xF2, 0x00, 0x00, 0x00, 0x00, 0x00, 0x7F, 0xF2,
    0x00, 0x00, 0x00, 0x00, 0x00, 0x7F, 0xF2, 0x00, 0x00, 0x00, 0x00, 0x00, 0x7F, 0xF2, 0x00, 0x00,
    0x00, 0x00, 0x00, 0x7F, 0xF2, 0x00, 0x00, 0x00, 0x00, 0x00, 0x7F, 0xF2, 0x00, 0x00, 0x00, 0x00,
    0x00, 0x7F, 0xF2, 0x00, 0x00, 0x00, 0x00, 0x00, 0x7F, 0xF2, 0x00, 0x00, 0x00, 0x00, 0x00, 0x7F,
    0xFF, 0xFF, 0xFF, 0xFF, 0xFF, 0x50, 0x7F, 0xFF, 0xFF, 0xFF, 0xFF, 0xFF, 0x50, 0x7F, 0xFF, 0x80,
    0x00, 0x00, 0x00, 0x02, 0xFF, 0xFD, 0x7F, 0xFF, 0xE0, 0x00, 0x00, 0x00, 0x08, 0xFF, 0xFD, 0x7F,
    0xFD, 0xF5, 0x00, 0x00, 0x00, 0x0D, 0xFD, 0xFD, 0x7F, 0xF8, 0xFB, 0x00, 0x00, 0x00, 0x4F, 0xE9,
    0xFD, 0x7F, 0xF2, 0xFF, 0x20, 0x00, 0x00, 0xAF, 0x89, 0xFD, 0x7F, 0xF1, 0xBF, 0x70, 0x00, 0x01,
    0xFF, 0x29, 0xFD, 0x7F, 0xF1, 0x5F, 0xD0, 0x00, 0x06, 0xFB, 0x09, 0xFD, 0x7F, 0xF1, 0x0E, 0xF4,
    0x00, 0x0C, 0xF6, 0x09, 0xFD, 0x7F, 0xF1, 0x09, 0xF9, 0x00, 0x3F, 0xE1, 0x09, 0xFD, 0x7F, 0xF1,
    0x03, 0xFE, 0x10, 0x9F, 0x90, 0x09, 0xFD, 0x7F, 0xF1, 0x00, 0xCF, 0x61, 0xEF, 0x30, 0x09, 0xFD,
    0x7F, 0xF1, 0x00, 0x6F, 0xC5, 0xFD, 0x00, 0x09, 0xFD, 0x7F, 0xF1, 0x00, 0x1F, 0xFD, 0xF7, 0x00,
    0x09, 0xFD, 0x7F, 0xF1, 0x00, 0x0A, 0xFF, 0xF1, 0x00, 0x09, 0xFD, 0x7F, 0xF1, 0x00, 0x04, 0xFF,
    0xA0, 0x00, 0x09, 0xFD, 0x7F, 0xF1, 0x00, 0x00, 0x00, 0x00, 0x00, 0x09, 0xFD, 0x7F, 0xF1, 0x00,
    0x00, 0x00, 0x00, 0x00, 0x09, 0xFD, 0x7F, 0xF1, 0x00, 0x00, 0x00, 0x00, 0x00, 0x09, 0xFD, 0x7F,
    0xF1, 0x00, 0x00, 0x00, 0x00, 0x00, 0x09, 0xFD, 0x7F, 0xFF, 0x40, 0x00, 0x00, 0x00, 0x9F, 0xD0,
    0x7F, 0xFF, 0xC0, 0x00, 0x00, 0x00, 0x9F, 0xD0, 0x7F, 0xFF, 0xF5, 0x00, 0x00, 0x00, 0x9F, 0xD0,
    0x7F, 0xFC, 0xFD, 0x00, 0x00, 0x00, 0x9F, 0xD0, 0x7F, 0xF4, 0xFF, 0x60, 0x00, 0x00, 0x9F, 0xD0,
    0x7F, 0xF1, 0xAF, 0xD0, 0x00, 0x00, 0x9F, 0xD0, 0x7F, 0xF1, 0x3F, 0xF7, 0x00, 0x00, 0x9F, 0xD0,
    0x7F, 0xF1, 0x0A, 0xFE, 0x10, 0x00, 0x9F, 0xD0, 0x7F, 0xF1, 0x02, 0xFF, 0x70, 0x00, 0x9F, 0xD0,
    0x7F, 0xF1, 0x00, 0x9F, 0xE1, 0x00, 0x9F, 0xD0, 0x7F, 0xF1, 0x00, 0x1E, 0xF8, 0x00, 0x9F, 0xD0,
    0x7F, 0xF1, 0x00, 0x08, 0xFF, 0x20, 0x9F, 0xD0, 0x7F, 0xF1, 0x00, 0x01, 0xEF, 0x90, 0x9F, 0xD0,
    0x7F, 0xF1, 0x00, 0x00, 0x7F, 0xF2, 0x9F, 0xD0, 0x7F, 0xF1, 0x00, 0x00, 0x1E, 0xFA, 0x9F, 0xD0,
    0x7F, 0xF1, 0x00, 0x00, 0x06, 0xFF, 0xCF, 0xD0, 0x7F, 0xF1, 0x00, 0x00, 0x00, 0xDF, 0xFF, 0xD0,
    0x7F, 0xF1, 0x00, 0x00, 0x00, 0x5F, 0xFF, 0xD0, 0x7F, 0xF1, 0x00, 0x00, 0x00, 0x0C, 0xFF, 0xD0,
    0x00, 0x00, 0x04, 0x9D, 0xEF, 0xDB, 0x71, 0x00, 0x00, 0x00, 0x02, 0xBF, 0xFF, 0xFF, 0xFF, 0xFE,
    0x60, 0x00, 0x00, 0x2D, 0xFF, 0xA4, 0x10, 0x27, 0xEF, 0xF7, 0x00, 0x00, 0xCF, 0xF5, 0x00, 0x00,
    0x00, 0x1C, 0xFF, 0x40, 0x07, 0xFF, 0x70, 0x00, 0x00, 0x00, 0x01, 0xEF, 0xD0, 0x0D, 0xFE, 0x00,
    0x00, 0x00, 0x00, 0x00, 0x7F, 0xF5, 0x3F, 0xF9, 0x00, 0x00, 0x00, 0x00, 0x00, 0x2F, 0xF9, 0x6F,
    0xF5, 0x00, 0x00, 0x00, 0x00, 0x00, 0x0D, 0xFD, 0x7F, 0xF3, 0x00, 0x00, 0x00, 0x00, 0x00, 0x0C,
    0xFE, 0x8F, 0xF3, 0x00, 0x00, 0x00, 0x00, 0x00, 0x0B, 0xFF, 0x7F, 0xF3, 0x00, 0x00, 0x00, 0x00,
    0x00, 0x0C, 0xFE, 0x6F, 0xF5, 0x00, 0x00, 0x00, 0x00, 0x00, 0x0D, 0xFD, 0x3F, 0xF9, 0x00, 0x00,
    0x00, 0x00, 0x00, 0x2F, 0xF9, 0x0D, 0xFE, 0x00, 0x00, 0x00, 0x00, 0x00, 0x7F, 0xF5, 0x07, 0xFF,
    0x70, 0x00, 0x00, 0x00, 0x01, 0xEF, 0xD0, 0x00, 0xCF, 0xF5, 0x00, 0x00, 0x00, 0x1C, 0xFF, 0x50,
    0x00, 0x2D, 0xFF, 0xA4, 0x10, 0x27, 0xEF, 0xF7, 0x00, 0x00, 0x02, 0xBF, 0xFF, 0xFF, 0xFF, 0xFE,
    0x60, 0x00, 0x00, 0x00, 0x04, 0x9D, 0xEF, 0xDB, 0x71, 0x00, 0x00, 0x7F, 0xFF, 0xFF, 0xFE, 0xC8,
    0x10, 0x00, 0x7F, 0xFF, 0xFF, 0xFF, 0xFF, 0xE4, 0x00, 0x7F, 0xF2, 0x00, 0x03, 0x8F, 0xFE, 0x10,
    0x7F, 0xF2, 0x00, 0x00, 0x08, 0xFF, 0x70, 0x7F, 0xF2, 0x00, 0x00, 0x01, 0xFF, 0xB0, 0x7F, 0xF2,
    0x00, 0x00, 0x00, 0xEF, 0xC0, 0x7F, 0xF2, 0x00, 0x00, 0x01, 0xFF, 0xB0, 0x7F, 0xF2, 0x00, 0x00,
    0x07, 0xFF, 0x70, 0x7F, 0xF2, 0x00, 0x02, 0x8F, 0xFE, 0x10, 0x7F, 0xFF, 0xFF, 0xFF, 0xFF, 0xE4,
    0x00, 0x7F, 0xFF, 0xFF, 0xFE, 0xC8, 0x10, 0x00, 0x7F, 0xF2, 0x00, 0x00, 0x00, 0x00, 0x00, 0x7F,
    0xF2, 0x00, 0x00, 0x00, 0x00, 0x00, 0x7F, 0xF2, 0x00, 0x00, 0x00, 0x00, 0x00, 0x7F, 0xF2, 0x00,
    0x00, 0x00, 0x00, 0x00, 0x7F, 0xF2, 0x00, 0x00, 0x00, 0x00, 0x00, 0x7F, 0xF2, 0x00, 0x00, 0x00,
    0x00, 0x00, 0x7F, 0xF2, 0x00, 0x00, 0x00, 0x00, 0x00, 0x7F, 0xF2, 0x00, 0x00, 0x00, 0x00, 0x00,
    0x00, 0x00, 0x04, 0x9D, 0xEF, 0xDB, 0x71, 0x00, 0x00, 0x00, 0x02, 0xBF, 0xFF, 0xFF, 0xFF, 0xFE,
    0x60, 0x00, 0x00, 0x2D, 0xFF, 0xA4, 0x10, 0x27, 0xEF, 0xF7, 0x00, 0x00, 0xCF, 0xF5, 0x00, 0x00,
    0x00, 0x1C, 0xFF, 0x40, 0x07, 0xFF, 0x70, 0x00, 0x00, 0x00, 0x01, 0xEF, 0xD0, 0x0D, 0xFE, 0x00,
    0x00, 0x00, 0x00, 0x00, 0x7F, 0xF5, 0x3F, 0xF9, 0x00, 0x00, 0x00, 0x00, 0x00, 0x2F, 0xF9, 0x6F,
    0xF5, 0x00, 0x00, 0x00, 0x00, 0x00, 0x0D, 0xFD, 0x7F, 0xF3, 0x00, 0x00, 0x00, 0x00, 0x00, 0x0C,
    0xFE, 0x8F, 0xF3, 0x00, 0x00, 0x00, 0x00, 0x00, 0x0B, 0xFF, 0x7F, 0xF3, 0x00, 0x00, 0x00, 0x00,
    0x00, 0x0C, 0xFE, 0x6F, 0xF5, 0x00, 0x00, 0x00, 0x00, 0x00, 0x0D, 0xFD, 0x3F, 0xF9, 0x00, 0x00,
    0x00, 0x00, 0x00, 0x2F, 0xFA, 0x0D, 0xFE, 0x00, 0x00, 0x00, 0x00, 0x00, 0x7F, 0xF5, 0x07, 0xFF,
    0x70, 0x00, 0x00, 0x00, 0x01, 0xEF, 0xD0, 0x00, 0xCF, 0xF5, 0x00, 0x00, 0x00, 0x1C, 0xFF, 0x50,
    0x00, 0x2D, 0xFF, 0xA4, 0x10, 0x27, 0xEF, 0xF7, 0x00, 0x00, 0x02, 0xBF, 0xFF, 0xFF, 0xFF, 0xFE,
    0x50, 0x00, 0x00, 0x00, 0x04, 0x9D, 0xEF, 0xFF, 0xF3, 0x00, 0x00, 0x00, 0x00, 0x00, 0x00, 0x00,
    0x4F, 0xFD, 0x10, 0x00, 0x00, 0x00, 0x00, 0x00, 0x00, 0x05, 0xFF, 0xC1, 0x00, 0x00, 0x00, 0x00,
    0x00, 0x00, 0x00, 0x5F, 0xFB, 0x00, 0x7F, 0xFF, 0xFF, 0xFE, 0xC8, 0x20, 0x00, 0x00, 0x7F, 0xFF,
    0xFF, 0xFF, 0xFF, 0xE5, 0x00, 0x00, 0x7F, 0xF2, 0x00, 0x02, 0x8F, 0xFE, 0x20, 0x00, 0x7F, 0xF2,
    0x00, 0x00, 0x07, 0xFF, 0x70, 0x00, 0x7F, 0xF2, 0x00, 0x00, 0x01, 0xFF, 0xB0, 0x00, 0x7F, 0xF2,
    0x00, 0x00, 0x00, 0xEF, 0xC0, 0x00, 0x7F, 0xF2, 0x00, 0x00, 0x01, 0xFF, 0xA0, 0x00, 0x7F, 0xF2,
    0x00, 0x00, 0x07, 0xFF, 0x60, 0x00, 0x7F, 0xF2, 0x00, 0x02, 0x8F, 0xFD, 0x10, 0x00, 0x7F, 0xFF,
    0xFF, 0xFF, 0xFF, 0xB2, 0x00, 0x00, 0x7F, 0xFF, 0xFF, 0xFF, 0xFD, 0x40, 0x00, 0x00, 0x7F, 0xF2,
    0x00, 0x14, 0xCF, 0xF4, 0x00, 0x00, 0x7F, 0xF2, 0x00, 0x00, 0x1C, 0xFE, 0x10, 0x00, 0x7F, 0xF2,
    0x00, 0x00, 0x03, 0xFF, 0x80, 0x00, 0x7F, 0xF2, 0x00, 0x00, 0x00, 0xAF, 0xE1, 0x00, 0x7F, 0xF2,
    0x00, 0x00, 0x00, 0x3F, 0xF8, 0x00, 0x7F, 0xF2, 0x00, 0x00, 0x00, 0x0A, 0xFE, 0x10, 0x7F, 0xF2,
    0x00, 0x00, 0x00, 0x03, 0xFF, 0x80, 0x7F, 0xF2, 0x00, 0x00, 0x00, 0x00, 0xAF, 0xE1, 0x00, 0x03,
    0x9C, 0xEF, 0xDC, 0xA6, 0x20, 0x00, 0x00, 0x8F, 0xFF, 0xFF, 0xFF, 0xFF, 0xE0, 0x00, 0x07, 0xFF,
    0xC5, 0x20, 0x15, 0xAF, 0xE0, 0x00, 0x0E, 0xFC, 0x00, 0x00, 0x00, 0x02, 0xA0, 0x00, 0x3F, 0xF6,
    0x00, 0x00, 0x00, 0x00, 0x00, 0x00, 0x4F, 0xF5, 0x00, 0x00, 0x00, 0x00, 0x00, 0x00, 0x2F, 0xFA,
    0x00, 0x00, 0x00, 0x00, 0x00, 0x00, 0x0C, 0xFF, 0x93, 0x00, 0x00, 0x00, 0x00, 0x00, 0x02, 0xDF,
    0xFF, 0xEB, 0x85, 0x10, 0x00, 0x00, 0x00, 0x18, 0xEF, 0xFF, 0xFF, 0xE8, 0x10, 0x00, 0x00, 0x00,
    0x03, 0x69, 0xCF, 0xFF, 0xC1, 0x00, 0x00, 0x00, 0x00, 0x00, 0x02, 0xBF, 0xF9, 0x00, 0x00, 0x00,
    0x00, 0x00, 0x00, 0x1E, 0xFE, 0x00, 0x00, 0x00, 0x00, 0x00, 0x00, 0x0A, 0xFF, 0x10, 0x00, 0x00,
    0x00, 0x00, 0x00, 0x0B, 0xFF, 0x00, 0x39, 0x10, 0x00, 0x00, 0x00, 0x3F, 0xFB, 0x00, 0x3F, 0xFA,
    0x52, 0x01, 0x38, 0xEF, 0xF4, 0x00, 0x3F, 0xFF, 0xFF, 0xFF, 0xFF, 0xFE, 0x60, 0x00, 0x03, 0x6A,
    0xCD, 0xFF, 0xEB, 0x72, 0x00, 0x00, 0x1F, 0xFF, 0xFF, 0xFF, 0xFF, 0xFF, 0xFF, 0xFF, 0xE0, 0x1F,
    0xFF, 0xFF, 0xFF, 0xFF, 0xFF, 0xFF, 0xFF, 0xE0, 0x00, 0x00, 0x00, 0x05, 0xFF, 0x40, 0x00, 0x00,
    0x00, 0x00, 0x00, 0x00, 0x05, 0xFF, 0x40, 0x00, 0x00, 0x00, 0x00, 0x00, 0x00, 0x05, 0xFF, 0x40,
    0x00, 0x00, 0x00, 0x00, 0x00, 0x00, 0x05, 0xFF, 0x40, 0x00, 0x00, 0x00, 0x00, 0x00, 0x00, 0x05,
    0xFF, 0x40, 0x00, 0x00, 0x00, 0x00, 0x00, 0x00, 0x05, 0xFF, 0x40, 0x00, 0x00, 0x00, 0x00, 0x00,
    0x00, 0x05, 0xFF, 0x40, 0x00, 0x00, 0x00, 0x00, 0x00, 0x00, 0x05, 0xFF, 0x40, 0x00, 0x00, 0x00,
    0x00, 0x00, 0x00, 0x05, 0xFF, 0x40, 0x00, 0x00, 0x00, 0x00, 0x00, 0x00, 0x05, 0xFF, 0x40, 0x00,
    0x00, 0x00, 0x00, 0x00, 0x00, 0x05, 0xFF, 0x40, 0x00, 0x00, 0x00, 0x00, 0x00, 0x00, 0x05, 0xFF,
    0x40, 0x00, 0x00, 0x00, 0x00, 0x00, 0x00, 0x05, 0xFF, 0x40, 0x00, 0x00, 0x00, 0x00, 0x00, 0x00,
    0x05, 0xFF, 0x40, 0x00, 0x00, 0x00, 0x00, 0x00, 0x00, 0x05, 0xFF, 0x40, 0x00, 0x00, 0x00, 0x00,
    0x00, 0x00, 0x05, 0xFF, 0x40, 0x00, 0x00, 0x00, 0x00, 0x00, 0x00, 0x05, 0xFF, 0x40, 0x00, 0x00,
    0x00, 0xBF, 0xD0, 0x00, 0x00, 0x00, 0x00, 0xCF, 0xC0, 0xBF, 0xD0, 0x00, 0x00, 0x00, 0x00, 0xCF,
    0xC0, 0xBF, 0xD0, 0x00, 0x00, 0x00, 0x00, 0xCF, 0xC0, 0xBF, 0xD0, 0x00, 0x00, 0x00, 0x00, 0xCF,
    0xC0, 0xBF, 0xD0, 0x00, 0x00, 0x00, 0x00, 0xCF, 0xC0, 0xBF, 0xD0, 0x00, 0x00, 0x00, 0x00, 0xCF,
    0xC0, 0xBF, 0xD0, 0x00, 0x00, 0x00, 0x00, 0xCF, 0xC0, 0xBF, 0xD0, 0x00, 0x00, 0x00, 0x00, 0xCF,
    0xC0, 0xBF, 0xD0, 0x00, 0x00, 0x00, 0x00, 0xCF, 0xC0, 0xBF, 0xD0, 0x00, 0x00, 0x00, 0x00, 0xCF,
    0xC0, 0xBF, 0xD0, 0x00, 0x00, 0x00, 0x00, 0xCF, 0xC0, 0xBF, 0xD0, 0x00, 0x00, 0x00, 0x00, 0xCF,
    0xB0, 0xAF, 0xE0, 0x00, 0x00, 0x00, 0x00, 0xDF, 0xB0, 0x9F, 0xF1, 0x00, 0x00, 0x00, 0x00, 0xFF,
    0x90, 0x5F, 0xF5, 0x00, 0x00, 0x00, 0x04, 0xFF, 0x60, 0x1E, 0xFC, 0x10, 0x00, 0x00, 0x0C, 0xFE,
    0x10, 0x06, 0xFF, 0xC5, 0x10, 0x15, 0xCF, 0xF6, 0x00, 0x00, 0x7F, 0xFF, 0xFF, 0xFF, 0xFF, 0x70,
    0x00, 0x00, 0x02, 0x8C, 0xEF, 0xEC, 0x82, 0x00, 0x00, 0x9F, 0xF1, 0x00, 0x00, 0x00, 0x00, 0x00,
    0x4F, 0xF6, 0x3F, 0xF7, 0x00, 0x00, 0x00, 0x00, 0x00, 0xAF, 0xE1, 0x0D, 0xFC, 0x00, 0x00, 0x00,
    0x00, 0x01, 0xFF, 0x90, 0x07, 0xFF, 0x30, 0x00, 0x00, 0x00, 0x06, 0xFF, 0x40, 0x01, 0xFF, 0x80,
    0x00, 0x00, 0x00, 0x0C, 0xFD, 0x00, 0x00, 0xBF, 0xE0, 0x00, 0x00, 0x00, 0x2F, 0xF7, 0x00, 0x00,
    0x5F, 0xF5, 0x00, 0x00, 0x00, 0x8F, 0xF2, 0x00, 0x00, 0x0E, 0xFA, 0x00, 0x00, 0x00, 0xEF, 0xB0,
    0x00, 0x00, 0x08, 0xFF, 0x10, 0x00, 0x04, 0xFF, 0x50, 0x00, 0x00, 0x03, 0xFF, 0x70, 0x00, 0x0A,
    0xFE, 0x00, 0x00, 0x00, 0x00, 0xCF, 0xC0, 0x00, 0x1F, 0xF9, 0x00, 0x00, 0x00, 0x00, 0x6F, 0xF3,
    0x00, 0x6F, 0xF3, 0x00, 0x00, 0x00, 0x00, 0x1F, 0xF9, 0x00, 0xCF, 0xC0, 0x00, 0x00, 0x00, 0x00,
    0x0A, 0xFE, 0x03, 0xFF, 0x70, 0x00, 0x00, 0x00, 0x00, 0x04, 0xFF, 0x58, 0xFF, 0x10, 0x00, 0x00,
    0x00, 0x00, 0x00, 0xDF, 0xBE, 0xFA, 0x00, 0x00, 0x00, 0x00, 0x00, 0x00, 0x8F, 0xFF, 0xF4, 0x00,
    0x00, 0x00, 0x00, 0x00, 0x00, 0x2F, 0xFF, 0xE0, 0x00, 0x00, 0x00, 0x00, 0x00, 0x00, 0x0B, 0xFF,
    0x80, 0x00, 0x00, 0x00, 0x1F, 0xF9, 0x00, 0x00, 0x00, 0x0B, 0xFF, 0x60, 0x00, 0x00, 0x00, 0xDF,
    0xB0, 0x0C, 0xFC, 0x00, 0x00, 0x00, 0x0E, 0xFF, 0xA0, 0x00, 0x00, 0x02, 0xFF, 0x70, 0x08, 0xFF,
    0x10, 0x00, 0x00, 0x3F, 0xEF, 0xE0, 0x00, 0x00, 0x06, 0xFF, 0x30, 0x04, 0xFF, 0x50, 0x00, 0x00,
    0x7F, 0x9D, 0xF2, 0x00, 0x00, 0x09, 0xFE, 0x00, 0x01, 0xFF, 0x90, 0x00, 0x00, 0xBF, 0x6A, 0xF6,
    0x00, 0x00, 0x0D, 0xFB, 0x00, 0x00, 0xCF, 0xC0, 0x00, 0x00, 0xEF, 0x26, 0xFA, 0x00, 0x00, 0x2F,
    0xF7, 0x00, 0x00, 0x8F, 0xF1, 0x00, 0x03, 0xFD, 0x02, 0xFE, 0x00, 0x00, 0x5F, 0xF3, 0x00, 0x00,
    0x4F, 0xF5, 0x00, 0x07, 0xFA, 0x00, 0xEF, 0x20, 0x00, 0x9F, 0xE0, 0x00, 0x00, 0x1F, 0xF8, 0x00,
    0x0A, 0xF6, 0x00, 0xAF, 0x60, 0x00, 0xDF, 0xB0, 0x00, 0x00, 0x0C, 0xFC, 0x00, 0x0E, 0xF2, 0x00,
    0x6F, 0xA0, 0x01, 0xFF, 0x70, 0x00, 0x00, 0x08, 0xFF, 0x10, 0x3F, 0xE0, 0x00, 0x3F, 0xE0, 0x05,
    0xFF, 0x30, 0x00, 0x00, 0x04, 0xFF, 0x50, 0x7F, 0xA0, 0x00, 0x0E, 0xF2, 0x09, 0xFE, 0x00, 0x00,
    0x00, 0x01, 0xFF, 0x80, 0xAF, 0x60, 0x00, 0x0B, 0xF6, 0x0D, 0xFB, 0x00, 0x00, 0x00, 0x00, 0xCF,
    0xC0, 0xEF, 0x30, 0x00, 0x07, 0xFA, 0x1F, 0xF7, 0x00, 0x00, 0x00, 0x00, 0x8F, 0xF4, 0xFE, 0x00,
    0x00, 0x03, 0xFD, 0x5F, 0xF3, 0x00, 0x00, 0x00, 0x00, 0x4F, 0xFB, 0xFA, 0x00, 0x00, 0x00, 0xEF,
    0xBF, 0xE0, 0x00, 0x00, 0x00, 0x00, 0x1F, 0xFF, 0xF7, 0x00, 0x00, 0x00, 0xBF, 0xFF, 0xB0, 0x00,
    0x00, 0x00, 0x00, 0x0C, 0xFF, 0xF3, 0x00, 0x00, 0x00, 0x7F, 0xFF, 0x70, 0x00, 0x00, 0x00, 0x00,
    0x08, 0xFF, 0xE0, 0x00, 0x00, 0x00, 0x4F, 0xFF, 0x30, 0x00, 0x00, 0x1E, 0xFB, 0x00, 0x00, 0x00,
    0x00, 0x8F, 0xF4, 0x05, 0xFF, 0x60, 0x00, 0x00, 0x03, 0xFF, 0x80, 0x00, 0xAF, 0xE2, 0x00, 0x00,
    0x1D, 0xFD, 0x10, 0x00, 0x2E, 0xFB, 0x00, 0x00, 0x9F, 0xF3, 0x00, 0x00, 0x06, 0xFF, 0x60, 0x04,
    0xFF, 0x80, 0x00, 0x00, 0x00, 0xBF, 0xE2, 0x1D, 0xFC, 0x00, 0x00, 0x00, 0x00, 0x2E, 0xFA, 0x9F,
    0xF2, 0x00, 0x00, 0x00, 0x00, 0x06, 0xFF, 0xFF, 0x70, 0x00, 0x00, 0x00, 0x00, 0x00, 0xBF, 0xFB,
    0x00, 0x00, 0x00, 0x00, 0x00, 0x00, 0xAF, 0xFB, 0x00, 0x00, 0x00, 0x00, 0x00, 0x06, 0xFF, 0xFF,
    0x50, 0x00, 0x00, 0x00, 0x00, 0x2E, 0xFA, 0xBF, 0xE1, 0x00, 0x00, 0x00, 0x00, 0xBF, 0xE1, 0x2E,
    0xFA, 0x00, 0x00, 0x00, 0x07, 0xFF, 0x50, 0x06, 0xFF, 0x50, 0x00, 0x00, 0x2E, 0xFA, 0x00, 0x00,
    0xBF, 0xE1, 0x00, 0x00, 0xCF, 0xD1, 0x00, 0x00, 0x2E, 0xFA, 0x00, 0x08, 0xFF, 0x40, 0x00, 0x00,
    0x06, 0xFF, 0x50, 0x3F, 0xF9, 0x00, 0x00, 0x00, 0x00, 0xBF, 0xE1, 0xDF, 0xD1, 0x00, 0x00, 0x00,
    0x00, 0x2E, 0xFA, 0xBF, 0xE2, 0x00, 0x00, 0x00, 0x00, 0x3F, 0xF9, 0x2E, 0xFB, 0x00, 0x00, 0x00,
    0x00, 0xCF, 0xD1, 0x05, 0xFF, 0x60, 0x00, 0x00, 0x08, 0xFF, 0x40, 0x00, 0xAF, 0xE2, 0x00, 0x00,
    0x3F, 0xF9, 0x00, 0x00, 0x1E, 0xFB, 0x00, 0x00, 0xCF, 0xD1, 0x00, 0x00, 0x05, 0xFF, 0x60, 0x08,
    0xFF, 0x40, 0x00, 0x00, 0x00, 0xAF, 0xE2, 0x3F, 0xF8, 0x00, 0x00, 0x00, 0x00, 0x1E, 0xFB, 0xCF,
    0xD1, 0x00, 0x00, 0x00, 0x00, 0x05, 0xFF, 0xFF, 0x30, 0x00, 0x00, 0x00, 0x00, 0x00, 0xAF, 0xF8,
    0x00, 0x00, 0x00, 0x00, 0x00, 0x00, 0x5F, 0xF4, 0x00, 0x00, 0x00, 0x00, 0x00, 0x00, 0x5F, 0xF4,
    0x00, 0x00, 0x00, 0x00, 0x00, 0x00, 0x5F, 0xF4, 0x00, 0x00, 0x00, 0x00, 0x00, 0x00, 0x5F, 0xF4,
    0x00, 0x00, 0x00, 0x00, 0x00, 0x00, 0x5F, 0xF4, 0x00, 0x00, 0x00, 0x00, 0x00, 0x00, 0x5F, 0xF4,
    0x00, 0x00, 0x00, 0x00, 0x00, 0x00, 0x5F, 0xF4, 0x00, 0x00, 0x00, 0x00, 0x00, 0x00, 0x5F, 0xF4,
    0x00, 0x00, 0x00, 0x00, 0x00, 0x00, 0x5F, 0xF4, 0x00, 0x00, 0x00, 0x8F, 0xFF, 0xFF, 0xFF, 0xFF,
    0xFF, 0xFF, 0xF5, 0x8F, 0xFF, 0xFF, 0xFF, 0xFF, 0xFF, 0xFF, 0xF5, 0x00, 0x00, 0x00, 0x00, 0x00,
    0x04, 0xFF, 0xD1, 0x00, 0x00, 0x00, 0x00, 0x00, 0x2E, 0xFE, 0x30, 0x00, 0x00, 0x00, 0x00, 0x01,
    0xCF, 0xF5, 0x00, 0x00, 0x00, 0x00, 0x00, 0x0A, 0xFF, 0x80, 0x00, 0x00, 0x00, 0x00, 0x00, 0x7F,
    0xFB, 0x00, 0x00, 0x00, 0x00, 0x00, 0x04, 0xFF, 0xD1, 0x00, 0x00, 0x00, 0x00, 0x00, 0x2E, 0xFE,
    0x30, 0x00, 0x00, 0x00, 0x00, 0x00, 0xCF, 0xF5, 0x00, 0x00, 0x00, 0x00, 0x00, 0x09, 0xFF, 0x80,
    0x00, 0x00, 0x00, 0x00, 0x00, 0x6F, 0xFB, 0x00, 0x00, 0x00, 0x00, 0x00, 0x04, 0xFF, 0xD1, 0x00,
    0x00, 0x00, 0x00, 0x00, 0x2E, 0xFF, 0x30, 0x00, 0x00, 0x00, 0x00, 0x00, 0xCF, 0xF6, 0x00, 0x00,
    0x00, 0x00, 0x00, 0x09, 0xFF, 0x90, 0x00, 0x00, 0x00, 0x00, 0x00, 0x6F, 0xFB, 0x00, 0x00, 0x00,
    0x00, 0x00, 0x00, 0xCF, 0xFF, 0xFF, 0xFF, 0xFF, 0xFF, 0xFF, 0xFA, 0xCF, 0xFF, 0xFF, 0xFF, 0xFF,
    0xFF, 0xFF, 0xFA, 0xCF, 0xFF, 0xF9, 0xCF, 0xFF, 0xF9, 0xCF, 0x90, 0x00, 0xCF, 0x90, 0x00, 0xCF,
    0x90, 0x00, 0xCF, 0x90, 0x00, 0xCF, 0x90, 0x00, 0xCF, 0x90, 0x00, 0xCF, 0x90, 0x00, 0xCF, 0x90,
    0x00, 0xCF, 0x90, 0x00, 0xCF, 0x90, 0x00, 0xCF, 0x90, 0x00, 0xCF, 0x90, 0x00, 0xCF, 0x90, 0x00,
    0xCF, 0x90, 0x00, 0xCF, 0x90, 0x00, 0xCF, 0x90, 0x00, 0xCF, 0x90, 0x00, 0xCF, 0x90, 0x00, 0xCF,
    0x90, 0x00, 0xCF, 0xFF, 0xF9, 0xCF, 0xFF, 0xF9, 0xDF, 0x50, 0x00, 0x00, 0x00, 0x8F, 0x90, 0x00,
    0x00, 0x00, 0x3F, 0xE0, 0x00, 0x00, 0x00, 0x0D, 0xF4, 0x00, 0x00, 0x00, 0x09, 0xF9, 0x00, 0x00,
    0x00, 0x04, 0xFD, 0x00, 0x00, 0x00, 0x00, 0xEF, 0x30, 0x00, 0x00, 0x00, 0xAF, 0x80, 0x00, 0x00,
    0x00, 0x5F, 0xC0, 0x00, 0x00, 0x00, 0x1F, 0xF2, 0x00, 0x00, 0x00, 0x0A, 0xF7, 0x00, 0x00, 0x00,
    0x06, 0xFC, 0x00, 0x00, 0x00, 0x01, 0xFF, 0x10, 0x00, 0x00, 0x00, 0xBF, 0x60, 0x00, 0x00, 0x00,
    0x7F, 0xB0, 0x00, 0x00, 0x00, 0x2F, 0xF1, 0x00, 0x00, 0x00, 0x0C, 0xF5, 0x00, 0x00, 0x00, 0x07,
    0xFA, 0x00, 0x00, 0x00, 0x03, 0xFE, 0x00, 0x00, 0x00, 0x00, 0xDF, 0x40, 0x00, 0x00, 0x00, 0x8F,
    0x90, 0x7F, 0xFF, 0xFE, 0x7F, 0xFF, 0xFE, 0x00, 0x07, 0xFE, 0x00, 0x07, 0xFE, 0x00, 0x07, 0xFE,
    0x00, 0x07, 0xFE, 0x00, 0x07, 0xFE, 0x00, 0x07, 0xFE, 0x00, 0x07, 0xFE, 0x00, 0x07, 0xFE, 0x00,
    0x07, 0xFE, 0x00, 0x07, 0xFE, 0x00, 0x07, 0xFE, 0x00, 0x07, 0xFE, 0x00, 0x07, 0xFE, 0x00, 0x07,
    0xFE, 0x00, 0x07, 0xFE, 0x00, 0x07, 0xFE, 0x00, 0x07, 0xFE, 0x00, 0x07, 0xFE, 0x00, 0x07, 0xFE,
    0x7F, 0xFF, 0xFE, 0x7F, 0xFF, 0xFE, 0x00, 0x00, 0x01, 0xCF, 0xF9, 0x00, 0x00, 0x00, 0x00, 0x00,
    0x1C, 0xFF, 0xFF, 0x90, 0x00, 0x00, 0x00, 0x01, 0xCF, 0xF6, 0x9F, 0xF9, 0x00, 0x00, 0x00, 0x1B,
    0xFE, 0x40, 0x07, 0xFF, 0x90, 0x00, 0x01, 0xBF, 0xE3, 0x00, 0x00, 0x5F, 0xF8, 0x00, 0x1B, 0xFD,
    0x20, 0x00, 0x00, 0x04, 0xEF, 0x80, 0xBF, 0xC1, 0x00, 0x00, 0x00, 0x00, 0x3D, 0xF8, 0x4F, 0xFF,
    0xFF, 0xFF, 0xFF, 0xFF, 0xFF, 0x40, 0x4F, 0xFF, 0xFF, 0xFF, 0xFF, 0xFF, 0xFF, 0x40, 0x7F, 0xE1,
    0x00, 0x00, 0x09, 0xFB, 0x00, 0x00, 0x00, 0xBF, 0x70, 0x00, 0x00, 0x1D, 0xF3, 0x00, 0x00, 0x03,
    0xED, 0x10, 0x00, 0x49, 0xCD, 0xFE, 0xC7, 0x10, 0x00, 0x06, 0xFF, 0xFF, 0xFF, 0xFF, 0xD2, 0x00,
    0x05, 0xB5, 0x31, 0x12, 0x7E, 0xFC, 0x00, 0x00, 0x00, 0x00, 0x00, 0x02, 0xFF, 0x30, 0x00, 0x00,
    0x00, 0x00, 0x00, 0xCF, 0x70, 0x00, 0x17, 0xBE, 0xFF, 0xFF, 0xFF, 0x80, 0x04, 0xEF, 0xFF, 0xFF,
    0xFF, 0xFF, 0x90, 0x1E, 0xFD, 0x62, 0x10, 0x00, 0xCF, 0x90, 0x4F, 0xF2, 0x00, 0x00, 0x00, 0xDF,
    0x90, 0x6F, 0xE0, 0x00, 0x00, 0x02, 0xFF, 0x90, 0x5F, 0xF2, 0x00, 0x00, 0x0B, 0xFF, 0x90, 0x1F,
    0xFC, 0x41, 0x14, 0xCD, 0xCF, 0x90, 0x07, 0xFF, 0xFF, 0xFF, 0xE3, 0xCF, 0x90, 0x00, 0x4B, 0xEF,
    0xD9, 0x20, 0xCF, 0x90, 0xAF, 0xB0, 0x00, 0x00, 0x00, 0x00, 0x00, 0xAF, 0xB0, 0x00, 0x00, 0x00,
    0x00, 0x00, 0xAF, 0xB0, 0x00, 0x00, 0x00, 0x00, 0x00, 0xAF, 0xB0, 0x00, 0x00, 0x00, 0x00, 0x00,
    0xAF, 0xB0, 0x00, 0x00, 0x00, 0x00, 0x00, 0xAF, 0xB0, 0x00, 0x00, 0x00, 0x00, 0x00, 0xAF, 0xB0,
    0x3A, 0xEF, 0xD8, 0x10, 0x00, 0xAF, 0xB4, 0xEF, 0xFF, 0xFF, 0xD2, 0x00, 0xAF, 0xCE, 0xA3, 0x02,
    0x7F, 0xFC, 0x00, 0xAF, 0xFA, 0x00, 0x00, 0x05, 0xFF, 0x60, 0xAF, 0xF2, 0x00, 0x00, 0x00, 0xCF,
    0xB0, 0xAF, 0xD0, 0x00, 0x00, 0x00, 0x7F, 0xE0, 0xAF, 0xB0, 0x00, 0x00, 0x00, 0x6F, 0xF1, 0xAF,
    0xB0, 0x00, 0x00, 0x00, 0x6F, 0xF1, 0xAF, 0xD0, 0x00, 0x00, 0x00, 0x7F, 0xE0, 0xAF, 0xF2, 0x00,
    0x00, 0x00, 0xCF, 0xB0, 0xAF, 0xFA, 0x00, 0x00, 0x05, 0xFF, 0x60, 0xAF, 0xCE, 0xA3, 0x01, 0x7F,
    0xFC, 0x00, 0xAF, 0xB4, 0xFF, 0xFF, 0xFF, 0xD2, 0x00, 0xAF, 0xB0, 0x3A, 0xEF, 0xD8, 0x10, 0x00,
    0x00, 0x01, 0x7B, 0xEF, 0xDB, 0x71, 0x00, 0x4E, 0xFF, 0xFF, 0xFF, 0xFA, 0x03, 0xEF, 0xE6, 0x20,
    0x24, 0x89, 0x0C, 0xFE, 0x20, 0x00, 0x00, 0x00, 0x3F, 0xF6, 0x00, 0x00, 0x00, 0x00, 0x6F, 0xF1,
    0x00, 0x00, 0x00, 0x00, 0x8F, 0xE0, 0x00, 0x00, 0x00, 0x00, 0x8F, 0xE0, 0x00, 0x00, 0x00, 0x00,
    0x6F, 0xF1, 0x00, 0x00, 0x00, 0x00, 0x3F, 0xF6, 0x00, 0x00, 0x00, 0x00, 0x0C, 0xFE, 0x20, 0x00,
    0x00, 0x00, 0x03, 0xEF, 0xE6, 0x20, 0x14, 0x89, 0x00, 0x4E, 0xFF, 0xFF, 0xFF, 0xFA, 0x00, 0x01,
    0x7C, 0xEF, 0xDB, 0x71, 0x00, 0x00, 0x00, 0x00, 0x00, 0x3F, 0xF2, 0x00, 0x00, 0x00, 0x00, 0x00,
    0x3F, 0xF2, 0x00, 0x00, 0x00, 0x00, 0x00, 0x3F, 0xF2, 0x00, 0x00, 0x00, 0x00, 0x00, 0x3F, 0xF2,
    0x00, 0x00, 0x00, 0x00, 0x00, 0x3F, 0xF2, 0x00, 0x00, 0x00, 0x00, 0x00, 0x3F, 0xF2, 0x00, 0x04,
    0xBE, 0xEC, 0x70, 0x3F, 0xF2, 0x00, 0x8F, 0xFF, 0xFF, 0xFB, 0x3F, 0xF2, 0x05, 0xFF, 0xB3, 0x11,
    0x6E, 0xAF, 0xF2, 0x0D, 0xFC, 0x00, 0x00, 0x03, 0xFF, 0xF2, 0x4F, 0xF4, 0x00, 0x00, 0x00, 0x9F,
    0xF2, 0x7F, 0xF0, 0x00, 0x00, 0x00, 0x5F, 0xF2, 0x8F, 0xD0, 0x00, 0x00, 0x00, 0x3F, 0xF2, 0x8F,
    0xD0, 0x00, 0x00, 0x00, 0x3F, 0xF2, 0x7F, 0xF0, 0x00, 0x00, 0x00, 0x5F, 0xF2, 0x4F, 0xF4, 0x00,
    0x00, 0x00, 0x9F, 0xF2, 0x0D, 0xFC, 0x00, 0x00, 0x03, 0xFF, 0xF2, 0x05, 0xFF, 0xB3, 0x01, 0x6E,
    0xAF, 0xF2, 0x00, 0x8F, 0xFF, 0xFF, 0xFB, 0x3F, 0xF2, 0x00, 0x04, 0xBE, 0xEC, 0x70, 0x3F, 0xF2,
    0x00, 0x01, 0x7C, 0xEF, 0xEA, 0x40, 0x00, 0x00, 0x4E, 0xFF, 0xFF, 0xFF, 0xF9, 0x00, 0x03, 0xEF,
    0xD5, 0x10, 0x28, 0xFF, 0x70, 0x0B, 0xFD, 0x10, 0x00, 0x00, 0x7F, 0xE1, 0x3F, 0xF5, 0x00, 0x00,
    0x00, 0x0E, 0xF5, 0x6F, 0xF1, 0x00, 0x00, 0x00, 0x0C, 0xF8, 0x8F, 0xFF, 0xFF, 0xFF, 0xFF, 0xFF,
    0xF9, 0x8F, 0xFF, 0xFF, 0xFF, 0xFF, 0xFF, 0xF9, 0x7F, 0xE0, 0x00, 0x00, 0x00, 0x00, 0x00, 0x3F,
    0xF4, 0x00, 0x00, 0x00, 0x00, 0x00, 0x0C, 0xFC, 0x10, 0x00, 0x00, 0x00, 0x00, 0x03, 0xEF, 0xD6,
    0x20, 0x12, 0x48, 0xC1, 0x00, 0x3D, 0xFF, 0xFF, 0xFF, 0xFF, 0xF1, 0x00, 0x01, 0x6B, 0xEF, 0xED,
    0xB7, 0x20, 0x00, 0x00, 0x4B, 0xEF, 0xFA, 0x00, 0x05, 0xFF, 0xFF, 0xFA, 0x00, 0x0C, 0xFC, 0x20,
    0x00, 0x00, 0x1F, 0xF5, 0x00, 0x00, 0x00, 0x2F, 0xF3, 0x00, 0x00, 0x00, 0x3F, 0xF3, 0x00, 0x00,
    0x6F, 0xFF, 0xFF, 0xFF, 0xF0, 0x6F, 0xFF, 0xFF, 0xFF, 0xF0, 0x00, 0x3F, 0xF3, 0x00, 0x00, 0x00,
    0x3F, 0xF3, 0x00, 0x00, 0x00, 0x3F, 0xF3, 0x00, 0x00, 0x00, 0x3F, 0xF3, 0x00, 0x00, 0x00, 0x3F,
    0xF3, 0x00, 0x00, 0x00, 0x3F, 0xF3, 0x00, 0x00, 0x00, 0x3F, 0xF3, 0x00, 0x00, 0x00, 0x3F, 0xF3,
    0x00, 0x00, 0x00, 0x3F, 0xF3, 0x00, 0x00, 0x00, 0x3F, 0xF3, 0x00, 0x00, 0x00, 0x3F, 0xF3, 0x00,
    0x00, 0x00, 0x3F, 0xF3, 0x00, 0x00, 0x00, 0x04, 0xBE, 0xEC, 0x70, 0x3F, 0xF2, 0x00, 0x8F, 0xFF,
    0xFF, 0xFB, 0x3F, 0xF2, 0x05, 0xFF, 0xB3, 0x01, 0x5E, 0xAF, 0xF2, 0x0D, 0xFC, 0x00, 0x00, 0x02,
    0xFF, 0xF2, 0x4F, 0xF4, 0x00, 0x00, 0x00, 0x9F, 0xF2, 0x7F, 0xF0, 0x00, 0x00, 0x00, 0x5F, 0xF2,
    0x8F, 0xD0, 0x00, 0x00, 0x00, 0x3F, 0xF2, 0x8F, 0xD0, 0x00, 0x00, 0x00, 0x3F, 0xF2, 0x7F, 0xF0,
    0x00, 0x00, 0x00, 0x5F, 0xF2, 0x4F, 0xF4, 0x00, 0x00, 0x00, 0x9F, 0xF2, 0x0D, 0xFC, 0x00, 0x00,
    0x02, 0xFF, 0xF2, 0x06, 0xFF, 0xB3, 0x01, 0x5E, 0xAF, 0xF2, 0x00, 0x8F, 0xFF, 0xFF, 0xFB, 0x3F,
    0xF2, 0x00, 0x04, 0xBE, 0xEC, 0x70, 0x4F, 0xF1, 0x00, 0x00, 0x00, 0x00, 0x00, 0x7F, 0xD0, 0x00,
    0x00, 0x00, 0x00, 0x01, 0xEF, 0x90, 0x00, 0xA7, 0x31, 0x02, 0x6D, 0xFF, 0x20, 0x00, 0xDF, 0xFF,
    0xFF, 0xFF, 0xE5, 0x00, 0x00, 0x28, 0xCD, 0xFE, 0xC8, 0x20, 0x00, 0xAF, 0xB0, 0x00, 0x00, 0x00,
    0x00, 0x00, 0xAF, 0xB0, 0x00, 0x00, 0x00, 0x00, 0x00, 0xAF, 0xB0, 0x00, 0x00, 0x00, 0x00, 0x00,
    0xAF, 0xB0, 0x00, 0x00, 0x00, 0x00, 0x00, 0xAF, 0xB0, 0x00, 0x00, 0x00, 0x00, 0x00, 0xAF, 0xB0,
    0x00, 0x00, 0x00, 0x00, 0x00, 0xAF, 0xB0, 0x29, 0xDF, 0xD8, 0x10, 0x00, 0xAF, 0xB3, 0xEF, 0xFF,
    0xFF, 0xD1, 0x00, 0xAF, 0xCD, 0xA3, 0x01, 0x7F, 0xF8, 0x00, 0xAF, 0xF9, 0x00, 0x00, 0x09, 0xFE,
    0x00, 0xAF, 0xF1, 0x00, 0x00, 0x04, 0xFF, 0x20, 0xAF, 0xC0, 0x00, 0x00, 0x02, 0xFF, 0x30, 0xAF,
    0xB0, 0x00, 0x00, 0x01, 0xFF, 0x40, 0xAF, 0xB0, 0x00, 0x00, 0x01, 0xFF, 0x40, 0xAF, 0xB0, 0x00,
    0x00, 0x01, 0xFF, 0x40, 0xAF, 0xB0, 0x00, 0x00, 0x01, 0xFF, 0x40, 0xAF, 0xB0, 0x00, 0x00, 0x01,
    0xFF, 0x40, 0xAF, 0xB0, 0x00, 0x00, 0x01, 0xFF, 0x40, 0xAF, 0xB0, 0x00, 0x00, 0x01, 0xFF, 0x40,
    0xAF, 0xB0, 0x00, 0x00, 0x01, 0xFF, 0x40, 0x8F, 0xC0, 0x8F, 0xC0, 0x8F, 0xC0, 0x00, 0x00, 0x00,
    0x00, 0x00, 0x00, 0x8F, 0xC0, 0x8F, 0xC0, 0x8F, 0xC0, 0x8F, 0xC0, 0x8F, 0xC0, 0x8F, 0xC0, 0x8F,
    0xC0, 0x8F, 0xC0, 0x8F, 0xC0, 0x8F, 0xC0, 0x8F, 0xC0, 0x8F, 0xC0, 0x8F, 0xC0, 0x8F, 0xC0, 0x00,
    0x08, 0xFC, 0x00, 0x08, 0xFC, 0x00, 0x08, 0xFC, 0x00, 0x00, 0x00, 0x00, 0x00, 0x00, 0x00, 0x00,
    0x00, 0x00, 0x08, 0xFC, 0x00, 0x08, 0xFC, 0x00, 0x08, 0xFC, 0x00, 0x08, 0xFC, 0x00, 0x08, 0xFC,
    0x00, 0x08, 0xFC, 0x00, 0x08, 0xFC, 0x00, 0x08, 0xFC, 0x00, 0x08, 0xFC, 0x00, 0x08, 0xFC, 0x00,
    0x08, 0xFC, 0x00, 0x08, 0xFC, 0x00, 0x08, 0xFC, 0x00, 0x08, 0xFC, 0x00, 0x09, 0xFB, 0x00, 0x0A,
    0xFA, 0x01, 0x5F, 0xF6, 0x7F, 0xFF, 0xD1, 0x7F, 0xEA, 0x20, 0xAF, 0xB0, 0x00, 0x00, 0x00, 0x00,
    0x00, 0xAF, 0xB0, 0x00, 0x00, 0x00, 0x00, 0x00, 0xAF, 0xB0, 0x00, 0x00, 0x00, 0x00, 0x00, 0xAF,
    0xB0, 0x00, 0x00, 0x00, 0x00, 0x00, 0xAF, 0xB0, 0x00, 0x00, 0x00, 0x00, 0x00, 0xAF, 0xB0, 0x00,
    0x00, 0x00, 0x00, 0x00, 0xAF, 0xB0, 0x00, 0x00, 0x1C, 0xFD, 0x30, 0xAF, 0xB0, 0x00, 0x03, 0xDF,
    0xC2, 0x00, 0xAF, 0xB0, 0x00, 0x4E, 0xFB, 0x10, 0x00, 0xAF, 0xB0, 0x06, 0xFF, 0x90, 0x00, 0x00,
    0xAF, 0xB0, 0x8F, 0xF7, 0x00, 0x00, 0x00, 0xAF, 0xBA, 0xFF, 0x50, 0x00, 0x00, 0x00, 0xAF, 0xFF,
    0xF6, 0x00, 0x00, 0x00, 0x00, 0xAF, 0xCD, 0xFE, 0x30, 0x00, 0x00, 0x00, 0xAF, 0xB1, 0xCF, 0xE4,
    0x00, 0x00, 0x00, 0xAF, 0xB0, 0x1B, 0xFE, 0x40, 0x00, 0x00, 0xAF, 0xB0, 0x01, 0xBF, 0xF5, 0x00,
    0x00, 0xAF, 0xB0, 0x00, 0x0A, 0xFF, 0x50, 0x00, 0xAF, 0xB0, 0x00, 0x00, 0xAF, 0xF6, 0x00, 0xAF,
    0xB0, 0x00, 0x00, 0x09, 0xFF, 0x70, 0x8F, 0xC0, 0x8F, 0xC0, 0x8F, 0xC0, 0x8F, 0xC0, 0x8F, 0xC0,
    0x8F, 0xC0, 0x8F, 0xC0, 0x8F, 0xC0, 0x8F, 0xC0, 0x8F, 0xC0, 0x8F, 0xC0, 0x8F, 0xC0, 0x8F, 0xC0,
    0x8F, 0xC0, 0x8F, 0xC0, 0x8F, 0xC0, 0x8F, 0xC0, 0x8F, 0xC0, 0x8F, 0xC0, 0x8F, 0xC0, 0xAF, 0xB0,
    0x3A, 0xEE, 0xC5, 0x00, 0x02, 0x9D, 0xFD, 0x81, 0x00, 0xAF, 0xB4, 0xEF, 0xFF, 0xFF, 0x70, 0x2D,
    0xFF, 0xFF, 0xFC, 0x00, 0xAF, 0xCE, 0x92, 0x02, 0xAF, 0xF2, 0xDB, 0x30, 0x18, 0xFF, 0x60, 0xAF,
    0xF9, 0x00, 0x00, 0x0E, 0xFD, 0xC0, 0x00, 0x00, 0xBF, 0xC0, 0xAF, 0xF1, 0x00, 0x00, 0x09, 0xFF,
    0x40, 0x00, 0x00, 0x6F, 0xF0, 0xAF, 0xC0, 0x00, 0x00, 0x07, 0xFF, 0x00, 0x00, 0x00, 0x4F, 0xF1,
    0xAF, 0xB0, 0x00, 0x00, 0x07, 0xFE, 0x00, 0x00, 0x00, 0x4F, 0xF2, 0xAF, 0xB0, 0x00, 0x00, 0x07,
    0xFE, 0x00, 0x00, 0x00, 0x4F, 0xF2, 0xAF, 0xB0, 0x00, 0x00, 0x07, 0xFE, 0x00, 0x00, 0x00, 0x4F,
    0xF2, 0xAF, 0xB0, 0x00, 0x00, 0x07, 0xFE, 0x00, 0x00, 0x00, 0x4F, 0xF2, 0xAF, 0xB0, 0x00, 0x00,
    0x07, 0xFE, 0x00, 0x00, 0x00, 0x4F, 0xF2, 0xAF, 0xB0, 0x00, 0x00, 0x07, 0xFE, 0x00, 0x00, 0x00,
    0x4F, 0xF2, 0xAF, 0xB0, 0x00, 0x00, 0x07, 0xFE, 0x00, 0x00, 0x00, 0x4F, 0xF2, 0xAF, 0xB0, 0x00,
    0x00, 0x07, 0xFE, 0x00, 0x00, 0x00, 0x4F, 0xF2, 0xAF, 0xB0, 0x29, 0xDF, 0xD8, 0x10, 0x00, 0xAF,
    0xB3, 0xEF, 0xFF, 0xFF, 0xD1, 0x00, 0xAF, 0xCD, 0xA3, 0x01, 0x7F, 0xF8, 0x00, 0xAF, 0xF9, 0x00,
    0x00, 0x09, 0xFE, 0x00, 0xAF, 0xF1, 0x00, 0x00, 0x04, 0xFF, 0x20, 0xAF, 0xC0, 0x00, 0x00, 0x02,
    0xFF, 0x30, 0xAF, 0xB0, 0x00, 0x00, 0x01, 0xFF, 0x40, 0xAF, 0xB0, 0x00, 0x00, 0x01, 0xFF, 0x40,
    0xAF, 0xB0, 0x00, 0x00, 0x01, 0xFF, 0x40, 0xAF, 0xB0, 0x00, 0x00, 0x01, 0xFF, 0x40, 0xAF, 0xB0,
    0x00, 0x00, 0x01, 0xFF, 0x40, 0xAF, 0xB0, 0x00, 0x00, 0x01, 0xFF, 0x40, 0xAF, 0xB0, 0x00, 0x00,
    0x01, 0xFF, 0x40, 0xAF, 0xB0, 0x00, 0x00, 0x01, 0xFF, 0x40, 0x00, 0x02, 0x9D, 0xEE, 0xD9, 0x20,
    0x00, 0x00, 0x6F, 0xFF, 0xFF, 0xFF, 0xF5, 0x00, 0x05, 0xFF, 0xC4, 0x11, 0x5D, 0xFF, 0x30, 0x0D,
    0xFD, 0x10, 0x00, 0x01, 0xEF, 0xC0, 0x3F, 0xF5, 0x00, 0x00, 0x00, 0x7F, 0xF2, 0x7F, 0xF1, 0x00,
    0x00, 0x00, 0x2F, 0xF5, 0x8F, 0xE0, 0x00, 0x00, 0x00, 0x0F, 0xF7, 0x8F, 0xE0, 0x00, 0x00, 0x00,
    0x0F, 0xF7, 0x7F, 0xF1, 0x00, 0x00, 0x00, 0x2F, 0xF5, 0x3F, 0xF5, 0x00, 0x00, 0x00, 0x6F, 0xF2,
    0x0D, 0xFC, 0x10, 0x00, 0x01, 0xEF, 0xC0, 0x05, 0xFF, 0xC4, 0x11, 0x5D, 0xFF, 0x30, 0x00, 0x6F,
    0xFF, 0xFF, 0xFF, 0xF5, 0x00, 0x00, 0x02, 0x9D, 0xEE, 0xD9, 0x20, 0x00, 0xAF, 0xB0, 0x3A, 0xEF,
    0xD8, 0x10, 0x00, 0xAF, 0xB4, 0xEF, 0xFF, 0xFF, 0xD2, 0x00, 0xAF, 0xCE, 0xA3, 0x02, 0x7F, 0xFC,
    0x00, 0xAF, 0xFA, 0x00, 0x00, 0x05, 0xFF, 0x60, 0xAF, 0xF2, 0x00, 0x00, 0x00, 0xCF, 0xB0, 0xAF,
    0xD0, 0x00, 0x00, 0x00, 0x7F, 0xE0, 0xAF, 0xB0, 0x00, 0x00, 0x00, 0x6F, 0xF1, 0xAF, 0xB0, 0x00,
    0x00, 0x00, 0x6F, 0xF1, 0xAF, 0xD0, 0x00, 0x00, 0x00, 0x7F, 0xE0, 0xAF, 0xF2, 0x00, 0x00, 0x00,
    0xCF, 0xB0, 0xAF, 0xFA, 0x00, 0x00, 0x05, 0xFF, 0x60, 0xAF, 0xCE, 0xA3, 0x01, 0x7F, 0xFC, 0x00,
    0xAF, 0xB4, 0xFF, 0xFF, 0xFF, 0xD2, 0x00, 0xAF, 0xB0, 0x3A, 0xEF, 0xD8, 0x10, 0x00, 0xAF, 0xB0,
    0x00, 0x00, 0x00, 0x00, 0x00, 0xAF, 0xB0, 0x00, 0x00, 0x00, 0x00, 0x00, 0xAF, 0xB0, 0x00, 0x00,
    0x00, 0x00, 0x00, 0xAF, 0xB0, 0x00, 0x00, 0x00, 0x00, 0x00, 0xAF, 0xB0, 0x00, 0x00, 0x00, 0x00,
    0x00, 0x00, 0x04, 0xBE, 0xEC, 0x70, 0x3F, 0xF2, 0x00, 0x8F, 0xFF, 0xFF, 0xFB, 0x3F, 0xF2, 0x05,
    0xFF, 0xB3, 0x11, 0x6E, 0xAF, 0xF2, 0x0D, 0xFC, 0x00, 0x00, 0x03, 0xFF, 0xF2, 0x4F, 0xF4, 0x00,
    0x00, 0x00, 0x9F, 0xF2, 0x7F, 0xF0, 0x00, 0x00, 0x00, 0x5F, 0xF2, 0x8F, 0xD0, 0x00, 0x00, 0x00,
    0x3F, 0xF2, 0x8F, 0xD0, 0x00, 0x00, 0x00, 0x3F, 0xF2, 0x7F, 0xF0, 0x00, 0x00, 0x00, 0x5F, 0xF2,
    0x4F, 0xF4, 0x00, 0x00, 0x00, 0x9F, 0xF2, 0x0D, 0xFC, 0x00, 0x00, 0x03, 0xFF, 0xF2, 0x05, 0xFF,
    0xB3, 0x01, 0x6E, 0xAF, 0xF2, 0x00, 0x8F, 0xFF, 0xFF, 0xFB, 0x3F, 0xF2, 0x00, 0x04, 0xBE, 0xEC,
    0x70, 0x3F, 0xF2, 0x00, 0x00, 0x00, 0x00, 0x00, 0x3F, 0xF2, 0x00, 0x00, 0x00, 0x00, 0x00, 0x3F,
    0xF2, 0x00, 0x00, 0x00, 0x00, 0x00, 0x3F, 0xF2, 0x00, 0x00, 0x00, 0x00, 0x00, 0x3F, 0xF2, 0x00,
    0x00, 0x00, 0x00, 0x00, 0x3F, 0xF2, 0xAF, 0xB0, 0x29, 0xDF, 0xA0, 0xAF, 0xB4, 0xEF, 0xFF, 0xA0,
    0xAF, 0xCE, 0xA3, 0x00, 0x00, 0xAF, 0xFA, 0x00, 0x00, 0x00, 0xAF, 0xF2, 0x00, 0x00, 0x00, 0xAF,
    0xD0, 0x00, 0x00, 0x00, 0xAF, 0xB0, 0x00, 0x00, 0x00, 0xAF, 0xB0, 0x00, 0x00, 0x00, 0xAF, 0xB0,
    0x00, 0x00, 0x00, 0xAF, 0xB0, 0x00, 0x00, 0x00, 0xAF, 0xB0, 0x00, 0x00, 0x00, 0xAF, 0xB0, 0x00,
    0x00, 0x00, 0xAF, 0xB0, 0x00, 0x00, 0x00, 0xAF, 0xB0, 0x00, 0x00, 0x00, 0x00, 0x4A, 0xDF, 0xED,
    0xA5, 0x10, 0x08, 0xFF, 0xFF, 0xFF, 0xFF, 0x80, 0x3F, 0xFA, 0x31, 0x12, 0x4A, 0x70, 0x7F, 0xD0,
    0x00, 0x00, 0x00, 0x00, 0x6F, 0xD0, 0x00, 0x00, 0x00, 0x00, 0x2F, 0xFB, 0x51, 0x00, 0x00, 0x00,
    0x07, 0xFF, 0xFF, 0xD9, 0x50, 0x00, 0x00, 0x28, 0xCF, 0xFF, 0xFD, 0x30, 0x00, 0x00, 0x01, 0x48,
    0xEF, 0xD0, 0x00, 0x00, 0x00, 0x00, 0x5F, 0xF3, 0x00, 0x00, 0x00, 0x00, 0x4F, 0xF3, 0x8A, 0x63,
    0x10, 0x15, 0xDF, 0xE0, 0x9F, 0xFF, 0xFF, 0xFF, 0xFE, 0x40, 0x15, 0x9C, 0xEF, 0xEC, 0x81, 0x00,
    0x00, 0x9F, 0xC0, 0x00, 0x00, 0x00, 0x9F, 0xC0, 0x00, 0x00, 0x00, 0x9F, 0xC0, 0x00, 0x00, 0x00,
    0x9F, 0xC0, 0x00, 0x00, 0x4F, 0xFF, 0xFF, 0xFF, 0xF9, 0x4F, 0xFF, 0xFF, 0xFF, 0xF9, 0x00, 0x9F,
    0xC0, 0x00, 0x00, 0x00, 0x9F, 0xC0, 0x00, 0x00, 0x00, 0x9F, 0xC0, 0x00, 0x00, 0x00, 0x9F, 0xC0,
    0x00, 0x00, 0x00, 0x9F, 0xC0, 0x00, 0x00, 0x00, 0x9F, 0xC0, 0x00, 0x00, 0x00, 0x9F, 0xC0, 0x00,
    0x00, 0x00, 0x9F, 0xC0, 0x00, 0x00, 0x00, 0x8F, 0xD0, 0x00, 0x00, 0x00, 0x5F, 0xF6, 0x10, 0x00,
    0x00, 0x1D, 0xFF, 0xFF, 0xF9, 0x00, 0x02, 0x9D, 0xFF, 0xF9, 0xCF, 0x80, 0x00, 0x00, 0x03, 0xFF,
    0x20, 0xCF, 0x80, 0x00, 0x00, 0x03, 0xFF, 0x20, 0xCF, 0x80, 0x00, 0x00, 0x03, 0xFF, 0x20, 0xCF,
    0x80, 0x00, 0x00, 0x03, 0xFF, 0x20, 0xCF, 0x80, 0x00, 0x00, 0x03, 0xFF, 0x20, 0xCF, 0x80, 0x00,
    0x00, 0x03, 0xFF, 0x20, 0xCF, 0x80, 0x00, 0x00, 0x03, 0xFF, 0x20, 0xCF, 0x80, 0x00, 0x00, 0x03,
    0xFF, 0x20, 0xBF, 0x90, 0x00, 0x00, 0x05, 0xFF, 0x20, 0xAF, 0xB0, 0x00, 0x00, 0x09, 0xFF, 0x20,
    0x7F, 0xF2, 0x00, 0x00, 0x3F, 0xFF, 0x20, 0x2F, 0xFC, 0x30, 0x16, 0xEA, 0xFF, 0x20, 0x06, 0xFF,
    0xFF, 0xFF, 0xA3, 0xFF, 0x20, 0x00, 0x4B, 0xEE, 0xC6, 0x03, 0xFF, 0x20, 0x1F, 0xF7, 0x00, 0x00,
    0x00, 0x01, 0xFF, 0x60, 0x0A, 0xFC, 0x00, 0x00, 0x00, 0x06, 0xFF, 0x10, 0x04, 0xFF, 0x30, 0x00,
    0x00, 0x0C, 0xFA, 0x00, 0x00, 0xDF, 0x90, 0x00, 0x00, 0x3F, 0xF4, 0x00, 0x00, 0x8F, 0xE0, 0x00,
    0x00, 0x9F, 0xD0, 0x00, 0x00, 0x2F, 0xF5, 0x00, 0x00, 0xEF, 0x80, 0x00, 0x00, 0x0B, 0xFB, 0x00,
    0x05, 0xFF, 0x20, 0x00, 0x00, 0x06, 0xFF, 0x10, 0x0B, 0xFB, 0x00, 0x00, 0x00, 0x01, 0xEF, 0x70,
    0x1F, 0xF6, 0x00, 0x00, 0x00, 0x00, 0x9F, 0xD0, 0x7F, 0xE1, 0x00, 0x00, 0x00, 0x00, 0x3F, 0xF3,
    0xDF, 0x90, 0x00, 0x00, 0x00, 0x00, 0x0D, 0xFC, 0xFF, 0x30, 0x00, 0x00, 0x00, 0x00, 0x07, 0xFF,
    0xFD, 0x00, 0x00, 0x00, 0x00, 0x00, 0x01, 0xFF, 0xF7, 0x00, 0x00, 0x00, 0xCF, 0x80, 0x00, 0x00,
    0xDF, 0xF2, 0x00, 0x00, 0x4F, 0xF1, 0x8F, 0xC0, 0x00, 0x02, 0xFF, 0xF6, 0x00, 0x00, 0x8F, 0xC0,
    0x4F, 0xF1, 0x00, 0x06, 0xFE, 0xFA, 0x00, 0x00, 0xCF, 0x80, 0x0E, 0xF5, 0x00, 0x0A, 0xF7, 0xFE,
    0x00, 0x01, 0xFF, 0x40, 0x0B, 0xF9, 0x00, 0x0E, 0xF2, 0xDF, 0x30, 0x05, 0xFE, 0x00, 0x07, 0xFD,
    0x00, 0x3F, 0xD0, 0x9F, 0x70, 0x09, 0xFB, 0x00, 0x03, 0xFF, 0x20, 0x7F, 0x90, 0x5F, 0xB0, 0x0D,
    0xF7, 0x00, 0x00, 0xEF, 0x60, 0xBF, 0x50, 0x1F, 0xF1, 0x2F, 0xF3, 0x00, 0x00, 0xAF, 0xA1, 0xFF,
    0x10, 0x0C, 0xF4, 0x6F, 0xE0, 0x00, 0x00, 0x6F, 0xE4, 0xFC, 0x00, 0x08, 0xF8, 0xAF, 0xA0, 0x00,
    0x00, 0x2F, 0xFC, 0xF8, 0x00, 0x04, 0xFD, 0xEF, 0x60, 0x00, 0x00, 0x0D, 0xFF, 0xF3, 0x00, 0x00,
    0xEF, 0xFF, 0x20, 0x00, 0x00, 0x09, 0xFF, 0xE0, 0x00, 0x00, 0xBF, 0xFD, 0x00, 0x00, 0x00, 0x05,
    0xFF, 0xA0, 0x00, 0x00, 0x6F, 0xF9, 0x00, 0x00, 0x06, 0xFF, 0x50, 0x00, 0x00, 0x1C, 0xFD, 0x10,
    0x00, 0xAF, 0xE2, 0x00, 0x00, 0x9F, 0xE3, 0x00, 0x00, 0x1D, 0xFC, 0x10, 0x06, 0xFF, 0x60, 0x00,
    0x00, 0x03, 0xEF, 0x90, 0x3E, 0xF9, 0x00, 0x00, 0x00, 0x00, 0x6F, 0xF6, 0xDF, 0xC1, 0x00, 0x00,
    0x00, 0x00, 0x09, 0xFF, 0xFE, 0x20, 0x00, 0x00, 0x00, 0x00, 0x01, 0xEF, 0xF6, 0x00, 0x00, 0x00,
    0x00, 0x00, 0x05, 0xFF, 0xFA, 0x00, 0x00, 0x00, 0x00, 0x00, 0x2E, 0xFC, 0xFF, 0x60, 0x00, 0x00,
    0x00, 0x01, 0xCF, 0xD1, 0x9F, 0xE3, 0x00, 0x00, 0x00, 0x09, 0xFE, 0x30, 0x1C, 0xFD, 0x10, 0x00,
    0x00, 0x6F, 0xF6, 0x00, 0x02, 0xEF, 0xA0, 0x00, 0x02, 0xEF, 0x90, 0x00, 0x00, 0x5F, 0xF6, 0x00,
    0x1D, 0xFD, 0x10, 0x00, 0x00, 0x09, 0xFF, 0x30, 0x1E, 0xF7, 0x00, 0x00, 0x00, 0x01, 0xFF, 0x60,
    0x09, 0xFD, 0x00, 0x00, 0x00, 0x07, 0xFE, 0x10, 0x03, 0xFF, 0x40, 0x00, 0x00, 0x0D, 0xF8, 0x00,
    0x00, 0xBF, 0xA0, 0x00, 0x00, 0x4F, 0xF2, 0x00, 0x00, 0x5F, 0xF1, 0x00, 0x00, 0xAF, 0xB0, 0x00,
    0x00, 0x0D, 0xF7, 0x00, 0x02, 0xFF, 0x50, 0x00, 0x00, 0x07, 0xFD, 0x00, 0x08, 0xFD, 0x00, 0x00,
    0x00, 0x01, 0xFF, 0x40, 0x0D, 0xF7, 0x00, 0x00, 0x00, 0x00, 0xAF, 0xA0, 0x5F, 0xF1, 0x00, 0x00,
    0x00, 0x00, 0x3F, 0xF2, 0xBF, 0xA0, 0x00, 0x00, 0x00, 0x00, 0x0C, 0xFA, 0xFF, 0x30, 0x00, 0x00,
    0x00, 0x00, 0x06, 0xFF, 0xFC, 0x00, 0x00, 0x00, 0x00, 0x00, 0x01, 0xEF, 0xF6, 0x00, 0x00, 0x00,
    0x00, 0x00, 0x00, 0x9F, 0xE1, 0x00, 0x00, 0x00, 0x00, 0x00, 0x00, 0xCF, 0x80, 0x00, 0x00, 0x00,
    0x00, 0x00, 0x04, 0xFF, 0x20, 0x00, 0x00, 0x00, 0x00, 0x00, 0x3D, 0xFA, 0x00, 0x00, 0x00, 0x00,
    0x00, 0xEF, 0xFF, 0xE2, 0x00, 0x00, 0x00, 0x00, 0x00, 0xEF, 0xEB, 0x30, 0x00, 0x00, 0x00, 0x00,
    0x8F, 0xFF, 0xFF, 0xFF, 0xFF, 0xF8, 0x8F, 0xFF, 0xFF, 0xFF, 0xFF, 0xF8, 0x00, 0x00, 0x00, 0x00,
    0x8F, 0xE3, 0x00, 0x00, 0x00, 0x06, 0xFF, 0x40, 0x00, 0x00, 0x00, 0x5F, 0xF6, 0x00, 0x00, 0x00,
    0x03, 0xEF, 0x80, 0x00, 0x00, 0x00, 0x2E, 0xF9, 0x00, 0x00, 0x00, 0x01, 0xDF, 0xB0, 0x00, 0x00,
    0x00, 0x1C, 0xFC, 0x10, 0x00, 0x00, 0x00, 0xBF, 0xD1, 0x00, 0x00, 0x00, 0x09, 0xFE, 0x20, 0x00,
    0x00, 0x00, 0x8F, 0xF3, 0x00, 0x00, 0x00, 0x00, 0xDF, 0xFF, 0xFF, 0xFF, 0xFF, 0xF8, 0xDF, 0xFF,
    0xFF, 0xFF, 0xFF, 0xF8, 0x00, 0x00, 0x03, 0xAD, 0xEF, 0x40, 0x00, 0x00, 0x2F, 0xFF, 0xFF, 0x40,
    0x00, 0x00, 0x8F, 0xF5, 0x10, 0x00, 0x00, 0x00, 0xBF, 0xA0, 0x00, 0x00, 0x00, 0x00, 0xCF, 0x80,
    0x00, 0x00, 0x00, 0x00, 0xCF, 0x80, 0x00, 0x00, 0x00, 0x00, 0xCF, 0x80, 0x00, 0x00, 0x00, 0x00,
    0xCF, 0x80, 0x00, 0x00, 0x00, 0x00, 0xDF, 0x80, 0x00, 0x00, 0x00, 0x01, 0xFF, 0x60, 0x00, 0x00,
    0x00, 0x3B, 0xFF, 0x20, 0x00, 0x00, 0xBF, 0xFF, 0xC4, 0x00, 0x00, 0x00, 0xBF, 0xFF, 0xC4, 0x00,
    0x00, 0x00, 0x00, 0x3B, 0xFE, 0x20, 0x00, 0x00, 0x00, 0x01, 0xFF, 0x60, 0x00, 0x00, 0x00, 0x00,
    0xDF, 0x80, 0x00, 0x00, 0x00, 0x00, 0xCF, 0x80, 0x00, 0x00, 0x00, 0x00, 0xCF, 0x80, 0x00, 0x00,
    0x00, 0x00, 0xCF, 0x80, 0x00, 0x00, 0x00, 0x00, 0xCF, 0x80, 0x00, 0x00, 0x00, 0x00, 0xBF, 0xA0,
    0x00, 0x00, 0x00, 0x00, 0x8F, 0xE5, 0x10, 0x00, 0x00, 0x00, 0x2F, 0xFF, 0xFF, 0x40, 0x00, 0x00,
    0x03, 0xAD, 0xEF, 0x40, 0xBF, 0x70, 0xBF, 0x70, 0xBF, 0x70, 0xBF, 0x70, 0xBF, 0x70, 0xBF, 0x70,
    0xBF, 0x70, 0xBF, 0x70, 0xBF, 0x70, 0xBF, 0x70, 0xBF, 0x70, 0xBF, 0x70, 0xBF, 0x70, 0xBF, 0x70,
    0xBF, 0x70, 0xBF, 0x70, 0xBF, 0x70, 0xBF, 0x70, 0xBF, 0x70, 0xBF, 0x70, 0xBF, 0x70, 0xBF, 0x70,
    0xBF, 0x70, 0xBF, 0x70, 0xBF, 0x70, 0xBF, 0x70, 0xBF, 0xEC, 0x70, 0x00, 0x00, 0x00, 0xBF, 0xFF,
    0xFA, 0x00, 0x00, 0x00, 0x00, 0x2A, 0xFF, 0x10, 0x00, 0x00, 0x00, 0x02, 0xFF, 0x40, 0x00, 0x00,
    0x00, 0x00, 0xFF, 0x50, 0x00, 0x00, 0x00, 0x00, 0xFF, 0x50, 0x00, 0x00, 0x00, 0x00, 0xFF, 0x50,
    0x00, 0x00, 0x00, 0x00, 0xFF, 0x50, 0x00, 0x00, 0x00, 0x00, 0xFF, 0x60, 0x00, 0x00, 0x00, 0x00,
    0xDF, 0x90, 0x00, 0x00, 0x00, 0x00, 0x8F, 0xF6, 0x10, 0x00, 0x00, 0x00, 0x08, 0xEF, 0xFF, 0x40,
    0x00, 0x00, 0x08, 0xEF, 0xFF, 0x40, 0x00, 0x00, 0x8F, 0xF6, 0x10, 0x00, 0x00, 0x00, 0xDF, 0x90,
    0x00, 0x00, 0x00, 0x00, 0xFF, 0x60, 0x00, 0x00, 0x00, 0x00, 0xFF, 0x50, 0x00, 0x00, 0x00, 0x00,
    0xFF, 0x50, 0x00, 0x00, 0x00, 0x00, 0xFF, 0x50, 0x00, 0x00, 0x00, 0x00, 0xFF, 0x50, 0x00, 0x00,
    0x00, 0x02, 0xFF, 0x40, 0x00, 0x00, 0x00, 0x2A, 0xFF, 0x10, 0x00, 0x00, 0xBF, 0xFF, 0xFA, 0x00,
    0x00, 0x00, 0xBF, 0xEC, 0x71, 0x00, 0x00, 0x00, 0x00, 0x00, 0x00, 0x00, 0x00, 0x00, 0x00, 0x00,
    0x10, 0x00, 0x29, 0xDF, 0xD9, 0x40, 0x00, 0x00, 0x02, 0xC0, 0x08, 0xFF, 0xFF, 0xFF, 0xFD, 0x72,
    0x02, 0x8E, 0xF0, 0x4F, 0xC5, 0x11, 0x38, 0xEF, 0xFF, 0xFF, 0xFE, 0x60, 0x37, 0x00, 0x00, 0x00,
    0x05, 0xBE, 0xFD, 0x81, 0x00, 0x1F, 0xF8, 0x1F, 0xF8, 0x1F, 0xF8, 0x00, 0x00, 0x00, 0x00, 0x00,
    0x00, 0x0D, 0xF4, 0x0E, 0xF5, 0x0E, 0xF6, 0x0F, 0xF7, 0x1F, 0xF7, 0x1F, 0xF8, 0x1F, 0xF8, 0x1F,
    0xF8, 0x1F, 0xF8, 0x1F, 0xF8, 0x1F, 0xF8, 0x1F, 0xF8, 0x1F, 0xF8, 0x00, 0x00, 0x00, 0x6E, 0x00,
    0x00, 0x00, 0x00, 0x00, 0x6E, 0x00, 0x00, 0x00, 0x00, 0x00, 0x6E, 0x00, 0x00, 0x00, 0x00, 0x00,
    0x6E, 0x00, 0x00, 0x00, 0x02, 0x8C, 0xFF, 0xDB, 0x61, 0x00, 0x7F, 0xFF, 0xFF, 0xFF, 0xF7, 0x07,
    0xFF, 0xC5, 0x7E, 0x14, 0x96, 0x1F, 0xFB, 0x00, 0x6E, 0x00, 0x00, 0x7F, 0xF2, 0x00, 0x6E, 0x00,
    0x00, 0xAF, 0xC0, 0x00, 0x6E, 0x00, 0x00, 0xCF, 0xA0, 0x00, 0x6E, 0x00, 0x00, 0xCF, 0xA0, 0x00,
    0x6E, 0x00, 0x00, 0xAF, 0xC0, 0x00, 0x6E, 0x00, 0x00, 0x7F, 0xF2, 0x00, 0x6E, 0x00, 0x00, 0x1F,
    0xFB, 0x00, 0x6E, 0x00, 0x00, 0x07, 0xFF, 0xC5, 0x7E, 0x14, 0x96, 0x00, 0x7F, 0xFF, 0xFF, 0xFF,
    0xF7, 0x00, 0x02, 0x9D, 0xFF, 0xEB, 0x61, 0x00, 0x00, 0x00, 0x6E, 0x00, 0x00, 0x00, 0x00, 0x00,
    0x6E, 0x00, 0x00, 0x00, 0x00, 0x00, 0x6E, 0x00, 0x00, 0x00, 0x00, 0x00, 0x6E, 0x00, 0x00, 0x00,
    0x00, 0x01, 0x8C, 0xEF, 0xD8, 0x30, 0x00, 0x00, 0x1D, 0xFF, 0xFF, 0xFF, 0xF0, 0x00, 0x00, 0xAF,
    0xF7, 0x20, 0x26, 0xC0, 0x00, 0x01, 0xFF, 0x90, 0x00, 0x00, 0x00, 0x00, 0x04, 0xFF, 0x50, 0x00,
    0x00, 0x00, 0x00, 0x05, 0xFF, 0x30, 0x00, 0x00, 0x00, 0x00, 0x05, 0xFF, 0x30, 0x00, 0x00, 0x00,
    0x00, 0x05, 0xFF, 0x30, 0x00, 0x00, 0x00, 0x00, 0x05, 0xFF, 0x30, 0x00, 0x00, 0x00, 0x0D, 0xFF,
    0xFF, 0xFF, 0xFF, 0xF2, 0x00, 0x0D, 0xFF, 0xFF, 0xFF, 0xFF, 0xF2, 0x00, 0x00, 0x05, 0xFF, 0x30,
    0x00, 0x00, 0x00, 0x00, 0x05, 0xFF, 0x30, 0x00, 0x00, 0x00, 0x00, 0x05, 0xFF, 0x30, 0x00, 0x00,
    0x00, 0x00, 0x05, 0xFF, 0x30, 0x00, 0x00, 0x00, 0x00, 0x05, 0xFF, 0x30, 0x00, 0x00, 0x00, 0x00,
    0x05, 0xFF, 0x30, 0x00, 0x00, 0x00, 0x5F, 0xFF, 0xFF, 0xFF, 0xFF, 0xFF, 0xF4, 0x5F, 0xFF, 0xFF,
    0xFF, 0xFF, 0xFF, 0xF4, 0x0A, 0x30, 0x00, 0x00, 0x00, 0x00, 0x86, 0x00, 0x8F, 0xD2, 0x00, 0x00,
    0x00, 0x06, 0xFF, 0x20, 0x2E, 0xFC, 0x3A, 0xDE, 0xC7, 0x5F, 0xF9, 0x00, 0x02, 0xEF, 0xFF, 0xFF,
    0xFF, 0xFF, 0x90, 0x00, 0x00, 0x5F, 0xF8, 0x20, 0x4C, 0xFE, 0x00, 0x00, 0x00, 0xAF, 0x80, 0x00,
    0x01, 0xDF, 0x40, 0x00, 0x00, 0xFF, 0x10, 0x00, 0x00, 0x7F, 0x80, 0x00, 0x01, 0xFE, 0x00, 0x00,
    0x00, 0x5F, 0xA0, 0x00, 0x00, 0xFF, 0x10, 0x00, 0x00, 0x7F, 0x80, 0x00, 0x00, 0xAF, 0x80, 0x00,
    0x01, 0xEF, 0x40, 0x00, 0x00, 0x5F, 0xF8, 0x20, 0x4C, 0xFD, 0x00, 0x00, 0x02, 0xEF, 0xFF, 0xFF,
    0xFF, 0xFF, 0x90, 0x00, 0x2E, 0xFC, 0x39, 0xDE, 0xC6, 0x5F, 0xF9, 0x00, 0x8F, 0xD1, 0x00, 0x00,
    0x00, 0x06, 0xFE, 0x20, 0x0A, 0x20, 0x00, 0x00, 0x00, 0x00, 0x75, 0x00, 0xAF, 0xB0, 0x00, 0x00,
    0x00, 0x03, 0xFF, 0x30, 0x2F, 0xF4, 0x00, 0x00, 0x00, 0x0B, 0xF9, 0x00, 0x08, 0xFC, 0x00, 0x00,
    0x00, 0x5F, 0xE1, 0x00, 0x01, 0xEF, 0x50, 0x00, 0x00, 0xCF, 0x70, 0x00, 0x00, 0x6F, 0xD0, 0x00,
    0x06, 0xFD, 0x00, 0x00, 0x00, 0x0C, 0xF7, 0x00, 0x0D, 0xF4, 0x00, 0x00, 0x00, 0x03, 0xFE, 0x10,
    0x7F, 0xB0, 0x00, 0x00, 0x4F, 0xFF, 0xFF, 0x81, 0xEF, 0xFF, 0xFC, 0x00, 0x4F, 0xFF, 0xFF, 0xEA,
    0xFF, 0xFF, 0xFC, 0x00, 0x00, 0x00, 0x0D, 0xFF, 0xF5, 0x00, 0x00, 0x00, 0x00, 0x00, 0x05, 0xFF,
    0xD0, 0x00, 0x00, 0x00, 0x00, 0x00, 0x00, 0xFF, 0x80, 0x00, 0x00, 0x00, 0x4F, 0xFF, 0xFF, 0xFF,
    0xFF, 0xFF, 0xFC, 0x00, 0x4F, 0xFF, 0xFF, 0xFF, 0xFF, 0xFF, 0xFC, 0x00, 0x00, 0x00, 0x00, 0xFF,
    0x80, 0x00, 0x00, 0x00, 0x00, 0x00, 0x00, 0xFF, 0x80, 0x00, 0x00, 0x00, 0x00, 0x00, 0x00, 0xFF,
    0x80, 0x00, 0x00, 0x00, 0x00, 0x00, 0x00, 0xFF, 0x80, 0x00, 0x00, 0x00, 0x00, 0x00, 0x00, 0xFF,
    0x80, 0x00, 0x00, 0x00, 0xBF, 0x70, 0xBF, 0x70, 0xBF, 0x70, 0xBF, 0x70, 0xBF, 0x70, 0xBF, 0x70,
    0xBF, 0x70, 0xBF, 0x70, 0xBF, 0x70, 0xBF, 0x70, 0x00, 0x00, 0x00, 0x00, 0x00, 0x00, 0xBF, 0x70,
    0xBF, 0x70, 0xBF, 0x70, 0xBF, 0x70, 0xBF, 0x70, 0xBF, 0x70, 0xBF, 0x70, 0xBF, 0x70, 0xBF, 0x70,
    0xBF, 0x70, 0x00, 0x29, 0xDE, 0xDB, 0x61, 0x00, 0x04, 0xFF, 0xFF, 0xFF, 0xF8, 0x00, 0x0C, 0xFD,
    0x41, 0x14, 0x97, 0x00, 0x0F, 0xF6, 0x00, 0x00, 0x00, 0x00, 0x0D, 0xFA, 0x00, 0x00, 0x00, 0x00,
    0x06, 0xFF, 0xA1, 0x00, 0x00, 0x00, 0x01, 0xCF, 0xFE, 0x70, 0x00, 0x00, 0x1C, 0xF8, 0x9F, 0xFD,
    0x40, 0x00, 0x8F, 0x80, 0x03, 0xBF, 0xF8, 0x00, 0xCF, 0x40, 0x00, 0x06, 0xFF, 0x60, 0xBF, 0x90,
    0x00, 0x00, 0x8F, 0xB0, 0x4F, 0xF9, 0x10, 0x00, 0x5F, 0xB0, 0x05, 0xEF, 0xD6, 0x00, 0xBF, 0x60,
    0x00, 0x2A, 0xFF, 0xDC, 0xF9, 0x00, 0x00, 0x00, 0x3C, 0xFF, 0xB0, 0x00, 0x00, 0x00, 0x00, 0x7F,
    0xF7, 0x00, 0x00, 0x00, 0x00, 0x09, 0xFD, 0x00, 0x00, 0x00, 0x00, 0x07, 0xFE, 0x00, 0x0A, 0x83,
    0x11, 0x5E, 0xFB, 0x00, 0x0C, 0xFF, 0xFF, 0xFF, 0xE2, 0x00, 0x02, 0x7C, 0xEF, 0xD9, 0x20, 0x00,
    0x4F, 0xF5, 0x05, 0xFF, 0x40, 0x4F, 0xF5, 0x05, 0xFF, 0x40, 0x4F, 0xF5, 0x05, 0xFF, 0x40, 0x00,
    0x00, 0x00, 0x59, 0xDE, 0xED, 0x95, 0x00, 0x00, 0x00, 0x00, 0x00, 0x3C, 0xD7, 0x21, 0x12, 0x7D,
    0xC3, 0x00, 0x00, 0x00, 0x05, 0xE7, 0x00, 0x00, 0x00, 0x00, 0x7E, 0x50, 0x00, 0x00, 0x4F, 0x50,
    0x05, 0xBE, 0xFD, 0x82, 0x05, 0xF4, 0x00, 0x01, 0xE7, 0x00, 0xAF, 0x82, 0x02, 0x6A, 0x00, 0x7E,
    0x10, 0x08, 0xD0, 0x08, 0xF8, 0x00, 0x00, 0x00, 0x00, 0x0D, 0x80, 0x0E, 0x60, 0x1F, 0xE0, 0x00,
    0x00, 0x00, 0x00, 0x06, 0xD0, 0x3F, 0x20, 0x6F, 0xA0, 0x00, 0x00, 0x00, 0x00, 0x02, 0xF3, 0x5E,
    0x00, 0x8F, 0x80, 0x00, 0x00, 0x00, 0x00, 0x00, 0xF5, 0x6D, 0x00, 0x9F, 0x70, 0x00, 0x00, 0x00,
    0x00, 0x00, 0xE6, 0x5E, 0x00, 0x8F, 0x80, 0x00, 0x00, 0x00, 0x00, 0x00, 0xF5, 0x3F, 0x20, 0x6F,
    0xA0, 0x00, 0x00, 0x00, 0x00, 0x02, 0xF3, 0x0E, 0x60, 0x1F, 0xE0, 0x00, 0x00, 0x00, 0x00, 0x06,
    0xE0, 0x08, 0xD0, 0x08, 0xF8, 0x00, 0x00, 0x00, 0x00, 0x0D, 0x80, 0x01, 0xE7, 0x00, 0xAF, 0x92,
    0x02, 0x69, 0x00, 0x7E, 0x10, 0x00, 0x4F, 0x50, 0x05, 0xBE, 0xFD, 0x92, 0x05, 0xF4, 0x00, 0x00,
    0x05, 0xE7, 0x00, 0x00, 0x00, 0x00, 0x7E, 0x50, 0x00, 0x00, 0x00, 0x3C, 0xD7, 0x21, 0x12, 0x7D,
    0xC3, 0x00, 0x00, 0x00, 0x00, 0x00, 0x5A, 0xDE, 0xED, 0xA5, 0x00, 0x00, 0x00, 0x02, 0x8C, 0xEF,
    0xD9, 0x10, 0x0A, 0x73, 0x11, 0x6E, 0xD1, 0x00, 0x00, 0x00, 0x08, 0xF5, 0x01, 0x8C, 0xEF, 0xFF,
    0xF7, 0x0C, 0xF6, 0x20, 0x07, 0xF7, 0x6F, 0x80, 0x00, 0x08, 0xF7, 0x8F, 0x60, 0x00, 0x0B, 0xF7,
    0x6F, 0x80, 0x00, 0x2F, 0xF7, 0x1E, 0xE5, 0x13, 0xDF, 0xF7, 0x02, 0xAE, 0xFC, 0x87, 0xF7, 0x00,
    0x00, 0x00, 0x00, 0x00, 0x4F, 0xFF, 0xFF, 0xFF, 0xF8, 0x00, 0x00, 0x08, 0x00, 0x00, 0x36, 0x00,
    0x00, 0xAE, 0x00, 0x03, 0xE7, 0x00, 0x1B, 0xFC, 0x00, 0x4E, 0xF5, 0x01, 0xCF, 0xC1, 0x05, 0xFF,
    0x60, 0x2D, 0xFB, 0x10, 0x7F, 0xF5, 0x00, 0xDF, 0xA0, 0x05, 0xFE, 0x40, 0x00, 0xDF, 0xA0, 0x05,
    0xFE, 0x40, 0x00, 0x2D, 0xFB, 0x10, 0x7F, 0xF5, 0x00, 0x01, 0xCF, 0xC1, 0x05, 0xFF, 0x60, 0x00,
    0x1B, 0xFC, 0x00, 0x4E, 0xF5, 0x00, 0x00, 0xAE, 0x00, 0x03, 0xE7, 0x00, 0x00, 0x08, 0x00, 0x00,
    0x36, 0x4F, 0xFF, 0xFF, 0xFF, 0xFF, 0xFF, 0xFF, 0xFF, 0xF0, 0x4F, 0xFF, 0xFF, 0xFF, 0xFF, 0xFF,
    0xFF, 0xFF, 0xF0, 0x00, 0x00, 0x00, 0x00, 0x00, 0x00, 0x00, 0x2F, 0xF0, 0x00, 0x00, 0x00, 0x00,
    0x00, 0x00, 0x00, 0x2F, 0xF0, 0x00, 0x00, 0x00, 0x00, 0x00, 0x00, 0x00, 0x2F, 0xF0, 0x00, 0x00,
    0x00, 0x00, 0x00, 0x00, 0x00, 0x2F, 0xF0, 0x00, 0x00, 0x00, 0x00, 0x00, 0x00, 0x00, 0x2F, 0xF0,
    0xBF, 0xFF, 0xFF, 0xF2, 0xBF, 0xFF, 0xFF, 0xF2, 0x00, 0x00, 0x00, 0x59, 0xDE, 0xED, 0x95, 0x00,
    0x00, 0x00, 0x00, 0x00, 0x3C, 0xD7, 0x21, 0x12, 0x7D, 0xC3, 0x00, 0x00, 0x00, 0x05, 0xE7, 0x00,
    0x00, 0x00, 0x00, 0x7E, 0x50, 0x00, 0x00, 0x4F, 0x50, 0xDF, 0xFF, 0xED, 0x81, 0x05, 0xF4, 0x00,
    0x01, 0xE7, 0x00, 0xDF, 0x10, 0x17, 0xFB, 0x00, 0x7E, 0x10, 0x08, 0xD0, 0x00, 0xDF, 0x10, 0x00,
    0xEF, 0x20, 0x0D, 0x80, 0x0E, 0x60, 0x00, 0xDF, 0x10, 0x00, 0xEF, 0x20, 0x06, 0xD0, 0x3F, 0x20,
    0x00, 0xDF, 0x10, 0x17, 0xFB, 0x00, 0x02, 0xF3, 0x5E, 0x00, 0x00, 0xDF, 0xFF, 0xFE, 0x70, 0x00,
    0x00, 0xF5, 0x6D, 0x00, 0x00, 0xDF, 0x12, 0xDF, 0x40, 0x00, 0x00, 0xE6, 0x5E, 0x00, 0x00, 0xDF,
    0x10, 0x5F, 0xD0, 0x00, 0x00, 0xF5, 0x3F, 0x20, 0x00, 0xDF, 0x10, 0x0D, 0xF5, 0x00, 0x02, 0xF3,
    0x0E, 0x60, 0x00, 0xDF, 0x10, 0x07, 0xFB, 0x00, 0x06, 0xE0, 0x08, 0xD0, 0x00, 0xDF, 0x10, 0x01,
    0xFF, 0x20, 0x0D, 0x80, 0x01, 0xE7, 0x00, 0xDF, 0x10, 0x00, 0xAF, 0x80, 0x7E, 0x10, 0x00, 0x4F,
    0x50, 0xDF, 0x10, 0x00, 0x4F, 0xD5, 0xF4, 0x00, 0x00, 0x05, 0xE7, 0x00, 0x00, 0x00, 0x00, 0x7E,
    0x50, 0x00, 0x00, 0x00, 0x3C, 0xD7, 0x21, 0x12, 0x7D, 0xC3, 0x00, 0x00, 0x00, 0x00, 0x00, 0x5A,
    0xDE, 0xED, 0xA5, 0x00, 0x00, 0x00, 0x4F, 0xFF, 0xFF, 0xFF, 0x40, 0x4F, 0xFF, 0xFF, 0xFF, 0x40,
    0x00, 0x7D, 0xFD, 0x70, 0x00, 0x09, 0xFF, 0xFF, 0xF9, 0x00, 0x3F, 0xC3, 0x13, 0xDF, 0x30, 0x7F,
    0x30, 0x00, 0x3F, 0x70, 0x7F, 0x30, 0x00, 0x3F, 0x70, 0x4F, 0xC3, 0x13, 0xCF, 0x30, 0x0A, 0xFF,
    0xFF, 0xF9, 0x00, 0x00, 0x8D, 0xFD, 0x70, 0x00, 0x00, 0x00, 0x00, 0x03, 0xFE, 0x00, 0x00, 0x00,
    0x00, 0x00, 0x00, 0x00, 0x03, 0xFE, 0x00, 0x00, 0x00, 0x00, 0x00, 0x00, 0x00, 0x03, 0xFE, 0x00,
    0x00, 0x00, 0x00, 0x00, 0x00, 0x00, 0x03, 0xFE, 0x00, 0x00, 0x00, 0x00, 0x00, 0x00, 0x00, 0x03,
    0xFE, 0x00, 0x00, 0x00, 0x00, 0x4F, 0xFF, 0xFF, 0xFF, 0xFF, 0xFF, 0xFF, 0xFF, 0xF0, 0x4F, 0xFF,
    0xFF, 0xFF, 0xFF, 0xFF, 0xFF, 0xFF, 0xF0, 0x00, 0x00, 0x00, 0x03, 0xFE, 0x00, 0x00, 0x00, 0x00,
    0x00, 0x00, 0x00, 0x03, 0xFE, 0x00, 0x00, 0x00, 0x00, 0x00, 0x00, 0x00, 0x03, 0xFE, 0x00, 0x00,
    0x00, 0x00, 0x00, 0x00, 0x00, 0x03, 0xFE, 0x00, 0x00, 0x00, 0x00, 0x00, 0x00, 0x00, 0x03, 0xFE,
    0x00, 0x00, 0x00, 0x00, 0x00, 0x00, 0x00, 0x00, 0x00, 0x00, 0x00, 0x00, 0x00, 0x00, 0x00, 0x00,
    0x00, 0x00, 0x00, 0x00, 0x00, 0x00, 0x4F, 0xFF, 0xFF, 0xFF, 0xFF, 0xFF, 0xFF, 0xFF, 0xF0, 0x4F,
    0xFF, 0xFF, 0xFF, 0xFF, 0xFF, 0xFF, 0xFF, 0xF0, 0x28, 0xCE, 0xDA, 0x20, 0x97, 0x21, 0x4D, 0xE3,
    0x00, 0x00, 0x05, 0xF9, 0x00, 0x00, 0x05, 0xFA, 0x00, 0x00, 0x0C, 0xF5, 0x00, 0x00, 0x8F, 0xB0,
    0x00, 0x06, 0xFD, 0x10, 0x00, 0x5F, 0xD2, 0x00, 0x05, 0xFD, 0x20, 0x00, 0x5F, 0xD2, 0x00, 0x00,
    0xCF, 0xFF, 0xFF, 0xFC, 0x06, 0xBE, 0xEC, 0x70, 0x00, 0x58, 0x30, 0x29, 0xF9, 0x00, 0x00, 0x00,
    0x02, 0xFC, 0x00, 0x00, 0x00, 0x29, 0xF6, 0x00, 0x00, 0xBF, 0xFE, 0x60, 0x00, 0x00, 0x00, 0x3B,
    0xF6, 0x00, 0x00, 0x00, 0x01, 0xFE, 0x00, 0x00, 0x00, 0x00, 0xDF, 0x10, 0x00, 0x00, 0x01, 0xFE,
    0x00, 0x85, 0x21, 0x3C, 0xF6, 0x00, 0x28, 0xDF, 0xEB, 0x50, 0x00, 0x00, 0x02, 0xEF, 0x60, 0x00,
    0x0C, 0xF8, 0x00, 0x00, 0x8F, 0xB0, 0x00, 0x04, 0xFD, 0x10, 0x00, 0x1D, 0xE2, 0x00, 0x00, 0xCF,
    0x80, 0x00, 0x00, 0x03, 0xFF, 0x20, 0xCF, 0x80, 0x00, 0x00, 0x03, 0xFF, 0x20, 0xCF, 0x80, 0x00,
    0x00, 0x03, 0xFF, 0x20, 0xCF, 0x80, 0x00, 0x00, 0x03, 0xFF, 0x20, 0xCF, 0x80, 0x00, 0x00, 0x03,
    0xFF, 0x20, 0xCF, 0x80, 0x00, 0x00, 0x03, 0xFF, 0x20, 0xCF, 0x80, 0x00, 0x00, 0x03, 0xFF, 0x20,
    0xCF, 0x80, 0x00, 0x00, 0x03, 0xFF, 0x20, 0xCF, 0x80, 0x00, 0x00, 0x04, 0xFF, 0x20, 0xCF, 0xA0,
    0x00, 0x00, 0x06, 0xFF, 0x20, 0xCF, 0xE1, 0x00, 0x00, 0x0C, 0xFF, 0x20, 0xCF, 0xFC, 0x41, 0x14,
    0xBF, 0xFF, 0x50, 0xCF, 0xBE, 0xFF, 0xFF, 0xF8, 0xEF, 0xFE, 0xCF, 0x83, 0xBE, 0xFC, 0x60, 0x5E,
    0xE9, 0xCF, 0x80, 0x00, 0x00, 0x00, 0x00, 0x00, 0xCF, 0x80, 0x00, 0x00, 0x00, 0x00, 0x00, 0xCF,
    0x80, 0x00, 0x00, 0x00, 0x00, 0x00, 0xCF, 0x80, 0x00, 0x00, 0x00, 0x00, 0x00, 0xCF, 0x80, 0x00,
    0x00, 0x00, 0x00, 0x00, 0x00, 0x28, 0xDE, 0xFF, 0xFF, 0xFB, 0x04, 0xEF, 0xFF, 0xFF, 0xFF, 0xFB,
    0x2F, 0xFF, 0xFF, 0xF8, 0x01, 0xFB, 0x9F, 0xFF, 0xFF, 0xF8, 0x01, 0xFB, 0xDF, 0xFF, 0xFF, 0xF8,
    0x01, 0xFB, 0xFF, 0xFF, 0xFF, 0xF8, 0x01, 0xFB, 0xEF, 0xFF, 0xFF, 0xF8, 0x01, 0xFB, 0xBF, 0xFF,
    0xFF, 0xF8, 0x01, 0xFB, 0x4F, 0xFF, 0xFF, 0xF8, 0x01, 0xFB, 0x07, 0xFF, 0xFF, 0xF8, 0x01, 0xFB,
    0x00, 0x4B, 0xFF, 0xF8, 0x01, 0xFB, 0x00, 0x00, 0x06, 0xF8, 0x01, 0xFB, 0x00, 0x00, 0x04, 0xF8,
    0x01, 0xFB, 0x00, 0x00, 0x04, 0xF8, 0x01, 0xFB, 0x00, 0x00, 0x04, 0xF8, 0x01, 0xFB, 0x00, 0x00,
    0x04, 0xF8, 0x01, 0xFB, 0x00, 0x00, 0x04, 0xF8, 0x01, 0xFB, 0x00, 0x00, 0x04, 0xF8, 0x01, 0xFB,
    0x00, 0x00, 0x04, 0xF8, 0x01, 0xFB, 0x00, 0x00, 0x04, 0xF8, 0x01, 0xFB, 0x00, 0x00, 0x04, 0xF8,
    0x01, 0xFB, 0x00, 0x00, 0x04, 0xF8, 0x01, 0xFB, 0x3F, 0xF7, 0x3F, 0xF7, 0x3F, 0xF7, 0x00, 0x08,
    0xD1, 0x00, 0x01, 0xE9, 0x00, 0x03, 0xEE, 0x5F, 0xFF, 0xFC, 0x3C, 0xFE, 0xB2, 0x04, 0x9E, 0xF6,
    0x00, 0x4B, 0x67, 0xF6, 0x00, 0x00, 0x06, 0xF6, 0x00, 0x00, 0x06, 0xF6, 0x00, 0x00, 0x06, 0xF6,
    0x00, 0x00, 0x06, 0xF6, 0x00, 0x00, 0x06, 0xF6, 0x00, 0x00, 0x06, 0xF6, 0x00, 0x00, 0x06, 0xF6,
    0x00, 0x00, 0x06, 0xF6, 0x00, 0x0F, 0xFF, 0xFF, 0xFF, 0x00, 0x5C, 0xEF, 0xC7, 0x00, 0x08, 0xF9,
    0x11, 0x6F, 0xC0, 0x4F, 0xC0, 0x00, 0x08, 0xF7, 0x9F, 0x60, 0x00, 0x02, 0xFC, 0xBF, 0x40, 0x00,
    0x00, 0xFF, 0xBF, 0x40, 0x00, 0x00, 0xFF, 0x9F, 0x60, 0x00, 0x02, 0xFD, 0x4F, 0xC0, 0x00, 0x08,
    0xF7, 0x09, 0xF9, 0x11, 0x6F, 0xC0, 0x00, 0x5C, 0xEF, 0xD7, 0x10, 0x00, 0x00, 0x00, 0x00, 0x00,
    0x4F, 0xFF, 0xFF, 0xFF, 0xF8, 0x62, 0x00, 0x01, 0x70, 0x00, 0x00, 0x8E, 0x30, 0x01, 0xF9, 0x00,
    0x00, 0x6F, 0xE4, 0x00, 0xDF, 0xA0, 0x00, 0x07, 0xFE, 0x40, 0x2D, 0xFB, 0x10, 0x00, 0x6F, 0xF5,
    0x01, 0xCF, 0xC1, 0x00, 0x05, 0xFF, 0x40, 0x1B, 0xFC, 0x00, 0x05, 0xFF, 0x40, 0x1B, 0xFC, 0x00,
    0x6F, 0xF6, 0x01, 0xCF, 0xC1, 0x07, 0xFE, 0x40, 0x2D, 0xFB, 0x10, 0x6F, 0xE4, 0x00, 0xDF, 0xA0,
    0x00, 0x8E, 0x30, 0x01, 0xF9, 0x00, 0x00, 0x62, 0x00, 0x01, 0x80, 0x00, 0x00, 0x04, 0x9E, 0xF6,
    0x00, 0x00, 0x00, 0x00, 0x00, 0xCF, 0x30, 0x00, 0x00, 0x4B, 0x67, 0xF6, 0x00, 0x00, 0x00, 0x00,
    0x07, 0xF9, 0x00, 0x00, 0x00, 0x00, 0x06, 0xF6, 0x00, 0x00, 0x00, 0x00, 0x2E, 0xE1, 0x00, 0x00,
    0x00, 0x00, 0x06, 0xF6, 0x00, 0x00, 0x00, 0x00, 0xAF, 0x50, 0x00, 0x00, 0x00, 0x00, 0x06, 0xF6,
    0x00, 0x00, 0x00, 0x05, 0xFB, 0x00, 0x00, 0x00, 0x00, 0x00, 0x06, 0xF6, 0x00, 0x00, 0x00, 0x1D,
    0xF2, 0x00, 0x00, 0x00, 0x00, 0x00, 0x06, 0xF6, 0x00, 0x00, 0x00, 0x8F, 0x70, 0x00, 0x00, 0x00,
    0x00, 0x00, 0x06, 0xF6, 0x00, 0x00, 0x03, 0xFD, 0x00, 0x00, 0x00, 0x00, 0x00, 0x00, 0x06, 0xF6,
    0x00, 0x00, 0x0C, 0xF4, 0x00, 0x00, 0x0C, 0xFA, 0x00, 0x00, 0x06, 0xF6, 0x00, 0x00, 0x6F, 0x90,
    0x00, 0x00, 0x9E, 0xFA, 0x00, 0x0F, 0xFF, 0xFF, 0xFF, 0x02, 0xEE, 0x10, 0x00, 0x05, 0xF5, 0xFA,
    0x00, 0x00, 0x00, 0x00, 0x00, 0x0A, 0xF5, 0x00, 0x00, 0x3E, 0x63, 0xFA, 0x00, 0x00, 0x00, 0x00,
    0x00, 0x4F, 0xB0, 0x00, 0x01, 0xDB, 0x03, 0xFA, 0x00, 0x00, 0x00, 0x00, 0x01, 0xDF, 0x20, 0x00,
    0x0A, 0xE1, 0x03, 0xFA, 0x00, 0x00, 0x00, 0x00, 0x08, 0xF7, 0x00, 0x00, 0x5F, 0x40, 0x03, 0xFA,
    0x00, 0x00, 0x00, 0x00, 0x3F, 0xD0, 0x00, 0x00, 0x7F, 0xFF, 0xFF, 0xFF, 0xF5, 0x00, 0x00, 0x00,
    0xCF, 0x40, 0x00, 0x00, 0x00, 0x00, 0x03, 0xFA, 0x00, 0x00, 0x00, 0x06, 0xF9, 0x00, 0x00, 0x00,
    0x00, 0x00, 0x03, 0xFA, 0x00, 0x00, 0x00, 0x1E, 0xE1, 0x00, 0x00, 0x00, 0x00, 0x00, 0x03, 0xFA,
    0x00, 0x04, 0x9E, 0xF6, 0x00, 0x00, 0x00, 0x00, 0x00, 0xCF, 0x30, 0x00, 0x00, 0x4B, 0x67, 0xF6,
    0x00, 0x00, 0x00, 0x00, 0x07, 0xF9, 0x00, 0x00, 0x00, 0x00, 0x06, 0xF6, 0x00, 0x00, 0x00, 0x00,
    0x2E, 0xE1, 0x00, 0x00, 0x00, 0x00, 0x06, 0xF6, 0x00, 0x00, 0x00, 0x00, 0xAF, 0x50, 0x00, 0x00,
    0x00, 0x00, 0x06, 0xF6, 0x00, 0x00, 0x00, 0x05, 0xFB, 0x00, 0x00, 0x00, 0x00, 0x00, 0x06, 0xF6,
    0x00, 0x00, 0x00, 0x1D, 0xF2, 0x00, 0x00, 0x00, 0x00, 0x00, 0x06, 0xF6, 0x00, 0x00, 0x00, 0x8F,
    0x70, 0x00, 0x00, 0x00, 0x00, 0x00, 0x06, 0xF6, 0x00, 0x00, 0x03, 0xFD, 0x00, 0x00, 0x00, 0x00,
    0x00, 0x00, 0x06, 0xF6, 0x00, 0x00, 0x0C, 0xF4, 0x03, 0x9D, 0xED, 0x81, 0x00, 0x00, 0x06, 0xF6,
    0x00, 0x00, 0x6F, 0x90, 0x0B, 0x52, 0x15, 0xFD, 0x10, 0x0F, 0xFF, 0xFF, 0xFF, 0x02, 0xEE, 0x10,
    0x00, 0x00, 0x00, 0x9F, 0x50, 0x00, 0x00, 0x00, 0x00, 0x0A, 0xF5, 0x00, 0x00, 0x00, 0x00, 0x8F,
    0x60, 0x00, 0x00, 0x00, 0x00, 0x4F, 0xB0, 0x00, 0x00, 0x00, 0x02, 0xEF, 0x20, 0x00, 0x00, 0x00,
    0x01, 0xDF, 0x20, 0x00, 0x00, 0x00, 0x0B, 0xF7, 0x00, 0x00, 0x00, 0x00, 0x08, 0xF7, 0x00, 0x00,
    0x00, 0x00, 0x9F, 0xB0, 0x00, 0x00, 0x00, 0x00, 0x3F, 0xD0, 0x00, 0x00, 0x00, 0x08, 0xFB, 0x10,
    0x00, 0x00, 0x00, 0x00, 0xCF, 0x40, 0x00, 0x00, 0x00, 0x8F, 0xB1, 0x00, 0x00, 0x00, 0x00, 0x06,
    0xF9, 0x00, 0x00, 0x00, 0x08, 0xFA, 0x00, 0x00, 0x00, 0x00, 0x00, 0x1E, 0xE1, 0x00, 0x00, 0x00,
    0x1F, 0xFF, 0xFF, 0xFF, 0x80, 0x06, 0xBE, 0xEC, 0x70, 0x00, 0x00, 0x00, 0x00, 0xCF, 0x30, 0x00,
    0x00, 0x58, 0x30, 0x29, 0xF9, 0x00, 0x00, 0x00, 0x07, 0xF9, 0x00, 0x00, 0x00, 0x00, 0x00, 0x02,
    0xFC, 0x00, 0x00, 0x00, 0x2E, 0xE1, 0x00, 0x00, 0x00, 0x00, 0x00, 0x29, 0xF6, 0x00, 0x00, 0x00,
    0xAF, 0x50, 0x00, 0x00, 0x00, 0x00, 0xBF, 0xFE, 0x60, 0x00, 0x00, 0x05, 0xFB, 0x00, 0x00, 0x00,
    0x00, 0x00, 0x00, 0x3B, 0xF6, 0x00, 0x00, 0x1D, 0xF2, 0x00, 0x00, 0x00, 0x00, 0x00, 0x00, 0x01,
    0xFE, 0x00, 0x00, 0x8F, 0x70, 0x00, 0x00, 0x00, 0x00, 0x00, 0x00, 0x00, 0xDF, 0x10, 0x03, 0xFD,
    0x00, 0x00, 0x00, 0x00, 0x00, 0x00, 0x00, 0x01, 0xFE, 0x00, 0x0C, 0xF4, 0x00, 0x00, 0x0C, 0xFA,
    0x00, 0x85, 0x21, 0x3C, 0xF6, 0x00, 0x6F, 0x90, 0x00, 0x00, 0x9E, 0xFA, 0x00, 0x28, 0xDF, 0xEB,
    0x50, 0x02, 0xEE, 0x10, 0x00, 0x05, 0xF5, 0xFA, 0x00, 0x00, 0x00, 0x00, 0x00, 0x0A, 0xF5, 0x00,
    0x00, 0x3E, 0x63, 0xFA, 0x00, 0x00, 0x00, 0x00, 0x00, 0x4F, 0xB0, 0x00, 0x01, 0xDB, 0x03, 0xFA,
    0x00, 0x00, 0x00, 0x00, 0x01, 0xDF, 0x20, 0x00, 0x0A, 0xE1, 0x03, 0xFA, 0x00, 0x00, 0x00, 0x00,
    0x08, 0xF7, 0x00, 0x00, 0x5F, 0x40, 0x03, 0xFA, 0x00, 0x00, 0x00, 0x00, 0x3F, 0xD0, 0x00, 0x00,
    0x7F, 0xFF, 0xFF, 0xFF, 0xF5, 0x00, 0x00, 0x00, 0xCF, 0x40, 0x00, 0x00, 0x00, 0x00, 0x03, 0xFA,
    0x00, 0x00, 0x00, 0x06, 0xF9, 0x00, 0x00, 0x00, 0x00, 0x00, 0x03, 0xFA, 0x00, 0x00, 0x00, 0x1E,
    0xE1, 0x00, 0x00, 0x00, 0x00, 0x00, 0x03, 0xFA, 0x00, 0x00, 0x00, 0x0B, 0xFD, 0x00, 0x00, 0x00,
    0x00, 0x0B, 0xFD, 0x00, 0x00, 0x00, 0x00, 0x0B, 0xFD, 0x00, 0x00, 0x00, 0x00, 0x00, 0x00, 0x00,
    0x00, 0x00, 0x00, 0x00, 0x00, 0x00, 0x00, 0x00, 0x00, 0x0A, 0xFC, 0x00, 0x00, 0x00, 0x00, 0x0A,
    0xFB, 0x00, 0x00, 0x00, 0x00, 0x0B, 0xFB, 0x00, 0x00, 0x00, 0x00, 0x1E, 0xF8, 0x00, 0x00, 0x00,
    0x01, 0xCF, 0xE2, 0x00, 0x00, 0x00, 0x1C, 0xFE, 0x30, 0x00, 0x00, 0x01, 0xCF, 0xE3, 0x00, 0x00,
    0x00, 0x09, 0xFF, 0x30, 0x00, 0x00, 0x00, 0x1F, 0xF9, 0x00, 0x00, 0x00, 0x00, 0x2F, 0xF7, 0x00,
    0x00, 0x00, 0x00, 0x1F, 0xFA, 0x00, 0x00, 0x01, 0x90, 0x0B, 0xFF, 0x92, 0x02, 0x7E, 0xE0, 0x02,
    0xDF, 0xFF, 0xFF, 0xFE, 0x50, 0x00, 0x18, 0xDF, 0xEC, 0x71, 0x00, 0x00, 0x00, 0x00, 0xAF, 0x90,
    0x00, 0x00, 0x00, 0x00, 0x00, 0x00, 0x00, 0x0B, 0xF6, 0x00, 0x00, 0x00, 0x00, 0x00, 0x00, 0x00,
    0x00, 0xBF, 0x40, 0x00, 0x00, 0x00, 0x00, 0x00, 0x00, 0x00, 0x00, 0x00, 0x00, 0x00, 0x00, 0x00,
    0x00, 0x00, 0x00, 0x00, 0x00, 0x00, 0x00, 0x00, 0x00, 0x00, 0x00, 0x0B, 0xFF, 0x80, 0x00, 0x00,
    0x00, 0x00, 0x00, 0x00, 0x2F, 0xFF, 0xE0, 0x00, 0x00, 0x00, 0x00, 0x00, 0x00, 0x8F, 0xEF, 0xF4,
    0x00, 0x00, 0x00, 0x00, 0x00, 0x00, 0xDF, 0x8B, 0xFA, 0x00, 0x00, 0x00, 0x00, 0x00, 0x04, 0xFF,
    0x26, 0xFF, 0x10, 0x00, 0x00, 0x00, 0x00, 0x0A, 0xFC, 0x01, 0xEF, 0x70, 0x00, 0x00, 0x00, 0x00,
    0x1F, 0xF6, 0x00, 0xAF, 0xC0, 0x00, 0x00, 0x00, 0x00, 0x6F, 0xF1, 0x00, 0x4F, 0xF3, 0x00, 0x00,
    0x00, 0x00, 0xCF, 0xA0, 0x00, 0x0E, 0xF9, 0x00, 0x00, 0x00, 0x03, 0xFF, 0x50, 0x00, 0x08, 0xFE,
    0x00, 0x00, 0x00, 0x08, 0xFE, 0x00, 0x00, 0x03, 0xFF, 0x50, 0x00, 0x00, 0x0E, 0xF9, 0x00, 0x00,
    0x00, 0xCF, 0xB0, 0x00, 0x00, 0x5F, 0xFF, 0xFF, 0xFF, 0xFF, 0xFF, 0xF2, 0x00, 0x00, 0xBF, 0xFF,
    0xFF, 0xFF, 0xFF, 0xFF, 0xF7, 0x00, 0x01, 0xFF, 0x70, 0x00, 0x00, 0x00, 0x0A, 0xFD, 0x00, 0x07,
    0xFF, 0x20, 0x00, 0x00, 0x00, 0x05, 0xFF, 0x40, 0x0D, 0xFC, 0x00, 0x00, 0x00, 0x00, 0x00, 0xEF,
    0x90, 0x3F, 0xF6, 0x00, 0x00, 0x00, 0x00, 0x00, 0x9F, 0xE1, 0x9F, 0xF1, 0x00, 0x00, 0x00, 0x00,
    0x00, 0x4F, 0xF6, 0x00, 0x00, 0x00, 0x00, 0x1C, 0xF7, 0x00, 0x00, 0x00, 0x00, 0x00, 0x00, 0x00,
    0xAF, 0x70, 0x00, 0x00, 0x00, 0x00, 0x00, 0x00, 0x07, 0xF8, 0x00, 0x00, 0x00, 0x00, 0x00, 0x00,
    0x00, 0x00, 0x00, 0x00, 0x00, 0x00, 0x00, 0x00, 0x00, 0x00, 0x00, 0x00, 0x00, 0x00, 0x00, 0x00,
    0x00, 0x00, 0x00, 0x0B, 0xFF, 0x80, 0x00, 0x00, 0x00, 0x00, 0x00, 0x00, 0x2F, 0xFF, 0xE0, 0x00,
    0x00, 0x00, 0x00, 0x00, 0x00, 0x8F, 0xEF, 0xF4, 0x00, 0x00, 0x00, 0x00, 0x00, 0x00, 0xDF, 0x8B,
    0xFA, 0x00, 0x00, 0x00, 0x00, 0x00, 0x04, 0xFF, 0x26, 0xFF, 0x10, 0x00, 0x00, 0x00, 0x00, 0x0A,
    0xFC, 0x01, 0xEF, 0x70, 0x00, 0x00, 0x00, 0x00, 0x1F, 0xF6, 0x00, 0xAF, 0xC0, 0x00, 0x00, 0x00,
    0x00, 0x6F, 0xF1, 0x00, 0x4F, 0xF3, 0x00, 0x00, 0x00, 0x00, 0xCF, 0xA0, 0x00, 0x0E, 0xF9, 0x00,
    0x00, 0x00, 0x03, 0xFF, 0x50, 0x00, 0x08, 0xFE, 0x00, 0x00, 0x00, 0x08, 0xFE, 0x00, 0x00, 0x03,
    0xFF, 0x50, 0x00, 0x00, 0x0E, 0xF9, 0x00, 0x00, 0x00, 0xCF, 0xB0, 0x00, 0x00, 0x5F, 0xFF, 0xFF,
    0xFF, 0xFF, 0xFF, 0xF2, 0x00, 0x00, 0xBF, 0xFF, 0xFF, 0xFF, 0xFF, 0xFF, 0xF7, 0x00, 0x01, 0xFF,
    0x70, 0x00, 0x00, 0x00, 0x0A, 0xFD, 0x00, 0x07, 0xFF, 0x20, 0x00, 0x00, 0x00, 0x05, 0xFF, 0x40,
    0x0D, 0xFC, 0x00, 0x00, 0x00, 0x00, 0x00, 0xEF, 0x90, 0x3F, 0xF6, 0x00, 0x00, 0x00, 0x00, 0x00,
    0x9F, 0xE1, 0x9F, 0xF1, 0x00, 0x00, 0x00, 0x00, 0x00, 0x4F, 0xF6, 0x00, 0x00, 0x00, 0x0B, 0xFF,
    0x80, 0x00, 0x00, 0x00, 0x00, 0x00, 0x00, 0xAF, 0x69, 0xF6, 0x00, 0x00, 0x00, 0x00, 0x00, 0x08,
    0xF5, 0x00, 0x8F, 0x50, 0x00, 0x00, 0x00, 0x00, 0x00, 0x00, 0x00, 0x00, 0x00, 0x00, 0x00, 0x00,
    0x00, 0x00, 0x00, 0x00, 0x00, 0x00, 0x00, 0x00, 0x00, 0x00, 0x00, 0x0B, 0xFF, 0x80, 0x00, 0x00,
    0x00, 0x00, 0x00, 0x00, 0x2F, 0xFF, 0xE0, 0x00, 0x00, 0x00, 0x00, 0x00, 0x00, 0x8F, 0xEF, 0xF4,
    0x00, 0x00, 0x00, 0x00, 0x00, 0x00, 0xDF, 0x8B, 0xFA, 0x00, 0x00, 0x00, 0x00, 0x00, 0x04, 0xFF,
    0x26, 0xFF, 0x10, 0x00, 0x00, 0x00, 0x00, 0x0A, 0xFC, 0x01, 0xEF, 0x70, 0x00, 0x00, 0x00, 0x00,
    0x1F, 0xF6, 0x00, 0xAF, 0xC0, 0x00, 0x00, 0x00, 0x00, 0x6F, 0xF1, 0x00, 0x4F, 0xF3, 0x00, 0x00,
    0x00, 0x00, 0xCF, 0xA0, 0x00, 0x0E, 0xF9, 0x00, 0x00, 0x00, 0x03, 0xFF, 0x50, 0x00, 0x08, 0xFE,
    0x00, 0x00, 0x00, 0x08, 0xFE, 0x00, 0x00, 0x03, 0xFF, 0x50, 0x00, 0x00, 0x0E, 0xF9, 0x00, 0x00,
    0x00, 0xCF, 0xB0, 0x00, 0x00, 0x5F, 0xFF, 0xFF, 0xFF, 0xFF, 0xFF, 0xF2, 0x00, 0x00, 0xBF, 0xFF,
    0xFF, 0xFF, 0xFF, 0xFF, 0xF7, 0x00, 0x01, 0xFF, 0x70, 0x00, 0x00, 0x00, 0x0A, 0xFD, 0x00, 0x07,
    0xFF, 0x20, 0x00, 0x00, 0x00, 0x05, 0xFF, 0x40, 0x0D, 0xFC, 0x00, 0x00, 0x00, 0x00, 0x00, 0xEF,
    0x90, 0x3F, 0xF6, 0x00, 0x00, 0x00, 0x00, 0x00, 0x9F, 0xE1, 0x9F, 0xF1, 0x00, 0x00, 0x00, 0x00,
    0x00, 0x4F, 0xF6, 0x00, 0x00, 0x04, 0xDE, 0xB5, 0x1A, 0xF0, 0x00, 0x00, 0x00, 0x00, 0x1E, 0xFF,
    0xFF, 0xFF, 0xB0, 0x00, 0x00, 0x00, 0x00, 0x3F, 0x81, 0x6C, 0xFC, 0x20, 0x00, 0x00, 0x00, 0x00,
    0x00, 0x00, 0x00, 0x00, 0x00, 0x00, 0x00, 0x00, 0x00, 0x00, 0x00, 0x00, 0x00, 0x00, 0x00, 0x00,
    0x00, 0x00, 0x00, 0x0B, 0xFF, 0x80, 0x00, 0x00, 0x00, 0x00, 0x00, 0x00, 0x2F, 0xFF, 0xE0, 0x00,
    0x00, 0x00, 0x00, 0x00, 0x00, 0x8F, 0xEF, 0xF4, 0x00, 0x00, 0x00, 0x00, 0x00, 0x00, 0xDF, 0x8B,
    0xFA, 0x00, 0x00, 0x00, 0x00, 0x00, 0x04, 0xFF, 0x26, 0xFF, 0x10, 0x00, 0x00, 0x00, 0x00, 0x0A,
    0xFC, 0x01, 0xEF, 0x70, 0x00, 0x00, 0x00, 0x00, 0x1F, 0xF6, 0x00, 0xAF, 0xC0, 0x00, 0x00, 0x00,
    0x00, 0x6F, 0xF1, 0x00, 0x4F, 0xF3, 0x00, 0x00, 0x00, 0x00, 0xCF, 0xA0, 0x00, 0x0E, 0xF9, 0x00,
    0x00, 0x00, 0x03, 0xFF, 0x50, 0x00, 0x08, 0xFE, 0x00, 0x00, 0x00, 0x08, 0xFE, 0x00, 0x00, 0x03,
    0xFF, 0x50, 0x00, 0x00, 0x0E, 0xF9, 0x00, 0x00, 0x00, 0xCF, 0xB0, 0x00, 0x00, 0x5F, 0xFF, 0xFF,
    0xFF, 0xFF, 0xFF, 0xF2, 0x00, 0x00, 0xBF, 0xFF, 0xFF, 0xFF, 0xFF, 0xFF, 0xF7, 0x00, 0x01, 0xFF,
    0x70, 0x00, 0x00, 0x00, 0x0A, 0xFD, 0x00, 0x07, 0xFF, 0x20, 0x00, 0x00, 0x00, 0x05, 0xFF, 0x40,
    0x0D, 0xFC, 0x00, 0x00, 0x00, 0x00, 0x00, 0xEF, 0x90, 0x3F, 0xF6, 0x00, 0x00, 0x00, 0x00, 0x00,
    0x9F, 0xE1, 0x9F, 0xF1, 0x00, 0x00, 0x00, 0x00, 0x00, 0x4F, 0xF6, 0x00, 0x00, 0x0D, 0xFB, 0x00,
    0xEF, 0xA0, 0x00, 0x00, 0x00, 0x00, 0x0D, 0xFB, 0x00, 0xEF, 0xA0, 0x00, 0x00, 0x00, 0x00, 0x0D,
    0xFB, 0x00, 0xEF, 0xA0, 0x00, 0x00, 0x00, 0x00, 0x00, 0x00, 0x00, 0x00, 0x00, 0x00, 0x00, 0x00,
    0x00, 0x00, 0x00, 0x00, 0x00, 0x00, 0x00, 0x00, 0x00, 0x00, 0x00, 0x0B, 0xFF, 0x80, 0x00, 0x00,
    0x00, 0x00, 0x00, 0x00, 0x2F, 0xFF, 0xE0, 0x00, 0x00, 0x00, 0x00, 0x00, 0x00, 0x8F, 0xEF, 0xF4,
    0x00, 0x00, 0x00, 0x00, 0x00, 0x00, 0xDF, 0x8B, 0xFA, 0x00, 0x00, 0x00, 0x00, 0x00, 0x04, 0xFF,
    0x26, 0xFF, 0x10, 0x00, 0x00, 0x00, 0x00, 0x0A, 0xFC, 0x01, 0xEF, 0x70, 0x00, 0x00, 0x00, 0x00,
    0x1F, 0xF6, 0x00, 0xAF, 0xC0, 0x00, 0x00, 0x00, 0x00, 0x6F, 0xF1, 0x00, 0x4F, 0xF3, 0x00, 0x00,
    0x00, 0x00, 0xCF, 0xA0, 0x00, 0x0E, 0xF9, 0x00, 0x00, 0x00, 0x03, 0xFF, 0x50, 0x00, 0x08, 0xFE,
    0x00, 0x00, 0x00, 0x08, 0xFE, 0x00, 0x00, 0x03, 0xFF, 0x50, 0x00, 0x00, 0x0E, 0xF9, 0x00, 0x00,
    0x00, 0xCF, 0xB0, 0x00, 0x00, 0x5F, 0xFF, 0xFF, 0xFF, 0xFF, 0xFF, 0xF2, 0x00, 0x00, 0xBF, 0xFF,
    0xFF, 0xFF, 0xFF, 0xFF, 0xF7, 0x00, 0x01, 0xFF, 0x70, 0x00, 0x00, 0x00, 0x0A, 0xFD, 0x00, 0x07,
    0xFF, 0x20, 0x00, 0x00, 0x00, 0x05, 0xFF, 0x40, 0x0D, 0xFC, 0x00, 0x00, 0x00, 0x00, 0x00, 0xEF,
    0x90, 0x3F, 0xF6, 0x00, 0x00, 0x00, 0x00, 0x00, 0x9F, 0xE1, 0x9F, 0xF1, 0x00, 0x00, 0x00, 0x00,
    0x00, 0x4F, 0xF6, 0x00, 0x00, 0x00, 0x2A, 0xED, 0x81, 0x00, 0x00, 0x00, 0x00, 0x00, 0x01, 0xEF,
    0xFF, 0xFC, 0x00, 0x00, 0x00, 0x00, 0x00, 0x07, 0xF8, 0x12, 0xBF, 0x40, 0x00, 0x00, 0x00, 0x00,
    0x08, 0xF0, 0x00, 0x4F, 0x50, 0x00, 0x00, 0x00, 0x00, 0x05, 0xF8, 0x12, 0xBF, 0x20, 0x00, 0x00,
    0x00, 0x00, 0x00, 0x9F, 0xFF, 0xF6, 0x00, 0x00, 0x00, 0x00, 0x00, 0x00, 0x3F, 0xFF, 0xE1, 0x00,
    0x00, 0x00, 0x00, 0x00, 0x00, 0x9F, 0xDF, 0xF6, 0x00, 0x00, 0x00, 0x00, 0x00, 0x00, 0xEF, 0x7A,
    0xFB, 0x00, 0x00, 0x00, 0x00, 0x00, 0x05, 0xFF, 0x25, 0xFF, 0x20, 0x00, 0x00, 0x00, 0x00, 0x0B,
    0xFB, 0x00, 0xEF, 0x70, 0x00, 0x00, 0x00, 0x00, 0x2F, 0xF6, 0x00, 0x9F, 0xD0, 0x00, 0x00, 0x00,
    0x00, 0x7F, 0xF1, 0x00, 0x4F, 0xF4, 0x00, 0x00, 0x00, 0x00, 0xDF, 0xA0, 0x00, 0x0D, 0xF9, 0x00,
    0x00, 0x00, 0x03, 0xFF, 0x50, 0x00, 0x08, 0xFE, 0x10, 0x00, 0x00, 0x09, 0xFE, 0x00, 0x00, 0x03,
    0xFF, 0x60, 0x00, 0x00, 0x1E, 0xF9, 0x00, 0x00, 0x00, 0xCF, 0xB0, 0x00, 0x00, 0x5F, 0xFF, 0xFF,
    0xFF, 0xFF, 0xFF, 0xF2, 0x00, 0x00, 0xBF, 0xFF, 0xFF, 0xFF, 0xFF, 0xFF, 0xF8, 0x00, 0x02, 0xFF,
    0x70, 0x00, 0x00, 0x00, 0x0A, 0xFD, 0x00, 0x07, 0xFF, 0x20, 0x00, 0x00, 0x00, 0x05, 0xFF, 0x40,
    0x0D, 0xFC, 0x00, 0x00, 0x00, 0x00, 0x00, 0xEF, 0xA0, 0x4F, 0xF6, 0x00, 0x00, 0x00, 0x00, 0x00,
    0x9F, 0xE1, 0x9F, 0xF1, 0x00, 0x00, 0x00, 0x00, 0x00, 0x4F, 0xF6, 0x00, 0x00, 0x00, 0x03, 0xFF,
    0xFF, 0xFF, 0xFF, 0xFF, 0xFF, 0xFF, 0xF6, 0x00, 0x00, 0x00, 0x09, 0xFF, 0xFF, 0xFF, 0xFF, 0xFF,
    0xFF, 0xFF, 0xF6, 0x00, 0x00, 0x00, 0x1E, 0xF9, 0x08, 0xFF, 0x00, 0x00, 0x00, 0x00, 0x00, 0x00,
    0x00, 0x00, 0x6F, 0xF3, 0x08, 0xFF, 0x00, 0x00, 0x00, 0x00, 0x00, 0x00, 0x00, 0x00, 0xDF, 0xB0,
    0x08, 0xFF, 0x00, 0x00, 0x00, 0x00, 0x00, 0x00, 0x00, 0x04, 0xFF, 0x50, 0x08, 0xFF, 0x00, 0x00,
    0x00, 0x00, 0x00, 0x00, 0x00, 0x0A, 0xFD, 0x00, 0x08, 0xFF, 0x00, 0x00, 0x00, 0x00, 0x00, 0x00,
    0x00, 0x2F, 0xF7, 0x00, 0x08, 0xFF, 0x00, 0x00, 0x00, 0x00, 0x00, 0x00, 0x00, 0x8F, 0xF1, 0x00,
    0x08, 0xFF, 0xFF, 0xFF, 0xFF, 0xFF, 0xF1, 0x00, 0x00, 0xEF, 0xA0, 0x00, 0x08, 0xFF, 0xFF, 0xFF,
    0xFF, 0xFF, 0xF1, 0x00, 0x05, 0xFF, 0x40, 0x00, 0x08, 0xFF, 0x00, 0x00, 0x00, 0x00, 0x00, 0x00,
    0x0C, 0xFC, 0x00, 0x00, 0x08, 0xFF, 0x00, 0x00, 0x00, 0x00, 0x00, 0x00, 0x3F, 0xFF, 0xFF, 0xFF,
    0xFF, 0xFF, 0x00, 0x00, 0x00, 0x00, 0x00, 0x00, 0x9F, 0xFF, 0xFF, 0xFF, 0xFF, 0xFF, 0x00, 0x00,
    0x00, 0x00, 0x00, 0x01, 0xEF, 0x80, 0x00, 0x00, 0x08, 0xFF, 0x00, 0x00, 0x00, 0x00, 0x00, 0x07,
    0xFF, 0x20, 0x00, 0x00, 0x08, 0xFF, 0x00, 0x00, 0x00, 0x00, 0x00, 0x0D, 0xFB, 0x00, 0x00, 0x00,
    0x08, 0xFF, 0x00, 0x00, 0x00, 0x00, 0x00, 0x4F, 0xF5, 0x00, 0x00, 0x00, 0x08, 0xFF, 0xFF, 0xFF,
    0xFF, 0xFF, 0xFA, 0xAF, 0xD0, 0x00, 0x00, 0x00, 0x08, 0xFF, 0xFF, 0xFF, 0xFF, 0xFF, 0xFA, 0x00,
    0x00, 0x03, 0x8C, 0xEF, 0xED, 0x94, 0x00, 0x00, 0x01, 0xAF, 0xFF, 0xFF, 0xFF, 0xFF, 0xC3, 0x00,
    0x2D, 0xFF, 0xB5, 0x20, 0x13, 0x9E, 0xFB, 0x00, 0xCF, 0xF6, 0x00, 0x00, 0x00, 0x02, 0xBB, 0x06,
    0xFF, 0x70, 0x00, 0x00, 0x00, 0x00, 0x07, 0x0D, 0xFE, 0x00, 0x00, 0x00, 0x00, 0x00, 0x00, 0x3F,
    0xF8, 0x00, 0x00, 0x00, 0x00, 0x00, 0x00, 0x6F, 0xF5, 0x00, 0x00, 0x00, 0x00, 0x00, 0x00, 0x7F,
    0xF3, 0x00, 0x00, 0x00, 0x00, 0x00, 0x00, 0x8F, 0xF3, 0x00, 0x00, 0x00, 0x00, 0x00, 0x00, 0x7F,
    0xF3, 0x00, 0x00, 0x00, 0x00, 0x00, 0x00, 0x6F, 0xF5, 0x00, 0x00, 0x00, 0x00, 0x00, 0x00, 0x3F,
    0xF8, 0x00, 0x00, 0x00, 0x00, 0x00, 0x00, 0x0D, 0xFE, 0x00, 0x00, 0x00, 0x00, 0x00, 0x00, 0x06,
    0xFF, 0x70, 0x00, 0x00, 0x00, 0x00, 0x07, 0x00, 0xCF, 0xF6, 0x00, 0x00, 0x00, 0x02, 0xBB, 0x00,
    0x2D, 0xFF, 0xB5, 0x20, 0x13, 0x8E, 0xFB, 0x00, 0x01, 0xAF, 0xFF, 0xFF, 0xFF, 0xFF, 0xC3, 0x00,
    0x00, 0x03, 0x8C, 0xEF, 0xEC, 0x94, 0x00, 0x00, 0x00, 0x00, 0x00, 0x0B, 0xC0, 0x00, 0x00, 0x00,
    0x00, 0x00, 0x00, 0x02, 0xF6, 0x00, 0x00, 0x00, 0x00, 0x00, 0x00, 0x04, 0xFB, 0x00, 0x00, 0x00,
    0x00, 0x00, 0x7F, 0xFF, 0xF9, 0x00, 0x00, 0x00, 0x00, 0x00, 0x5D, 0xFE, 0xA1, 0x00, 0x00, 0x00,
    0x03, 0xEF, 0x30, 0x00, 0x00, 0x00, 0x00, 0x00, 0x3E, 0xE2, 0x00, 0x00, 0x00, 0x00, 0x00, 0x03,
    0xEC, 0x10, 0x00, 0x00, 0x00, 0x00, 0x00, 0x00, 0x00, 0x00, 0x00, 0x00, 0x00, 0x00, 0x00, 0x00,
    0x00, 0x00, 0x7F, 0xFF, 0xFF, 0xFF, 0xFF, 0xFF, 0x80, 0x7F, 0xFF, 0xFF, 0xFF, 0xFF, 0xFF, 0x80,
    0x7F, 0xF2, 0x00, 0x00, 0x00, 0x00, 0x00, 0x7F, 0xF2, 0x00, 0x00, 0x00, 0x00, 0x00, 0x7F, 0xF2,
    0x00, 0x00, 0x00, 0x00, 0x00, 0x7F, 0xF2, 0x00, 0x00, 0x00, 0x00, 0x00, 0x7F, 0xF2, 0x00, 0x00,
    0x00, 0x00, 0x00, 0x7F, 0xF2, 0x00, 0x00, 0x00, 0x00, 0x00, 0x7F, 0xFF, 0xFF, 0xFF, 0xFF, 0xFF,
    0x20, 0x7F, 0xFF, 0xFF, 0xFF, 0xFF, 0xFF, 0x20, 0x7F, 0xF2, 0x00, 0x00, 0x00, 0x00, 0x00, 0x7F,
    0xF2, 0x00, 0x00, 0x00, 0x00, 0x00, 0x7F, 0xF2, 0x00, 0x00, 0x00, 0x00, 0x00, 0x7F, 0xF2, 0x00,
    0x00, 0x00, 0x00, 0x00, 0x7F, 0xF2, 0x00, 0x00, 0x00, 0x00, 0x00, 0x7F, 0xF2, 0x00, 0x00, 0x00,
    0x00, 0x00, 0x7F, 0xF2, 0x00, 0x00, 0x00, 0x00, 0x00, 0x7F, 0xFF, 0xFF, 0xFF, 0xFF, 0xFF, 0xC0,
    0x7F, 0xFF, 0xFF, 0xFF, 0xFF, 0xFF, 0xC0, 0x00, 0x00, 0x00, 0x4F, 0xE2, 0x00, 0x00, 0x00, 0x00,
    0x02, 0xEE, 0x30, 0x00, 0x00, 0x00, 0x00, 0x1C, 0xE3, 0x00, 0x00, 0x00, 0x00, 0x00, 0x00, 0x00,
    0x00, 0x00, 0x00, 0x00, 0x00, 0x00, 0x00, 0x00, 0x00, 0x00, 0x7F, 0xFF, 0xFF, 0xFF, 0xFF, 0xFF,
    0x80, 0x7F, 0xFF, 0xFF, 0xFF, 0xFF, 0xFF, 0x80, 0x7F, 0xF2, 0x00, 0x00, 0x00, 0x00, 0x00, 0x7F,
    0xF2, 0x00, 0x00, 0x00, 0x00, 0x00, 0x7F, 0xF2, 0x00, 0x00, 0x00, 0x00, 0x00, 0x7F, 0xF2, 0x00,
    0x00, 0x00, 0x00, 0x00, 0x7F, 0xF2, 0x00, 0x00, 0x00, 0x00, 0x00, 0x7F, 0xF2, 0x00, 0x00, 0x00,
    0x00, 0x00, 0x7F, 0xFF, 0xFF, 0xFF, 0xFF, 0xFF, 0x20, 0x7F, 0xFF, 0xFF, 0xFF, 0xFF, 0xFF, 0x20,
    0x7F, 0xF2, 0x00, 0x00, 0x00, 0x00, 0x00, 0x7F, 0xF2, 0x00, 0x00, 0x00, 0x00, 0x00, 0x7F, 0xF2,
    0x00, 0x00, 0x00, 0x00, 0x00, 0x7F, 0xF2, 0x00, 0x00, 0x00, 0x00, 0x00, 0x7F, 0xF2, 0x00, 0x00,
    0x00, 0x00, 0x00, 0x7F, 0xF2, 0x00, 0x00, 0x00, 0x00, 0x00, 0x7F, 0xF2, 0x00, 0x00, 0x00, 0x00,
    0x00, 0x7F, 0xFF, 0xFF, 0xFF, 0xFF, 0xFF, 0xC0, 0x7F, 0xFF, 0xFF, 0xFF, 0xFF, 0xFF, 0xC0, 0x00,
    0x00, 0x3E, 0xFE, 0x30, 0x00, 0x00, 0x00, 0x02, 0xED, 0x4D, 0xE2, 0x00, 0x00, 0x00, 0x1D, 0xC1,
    0x01, 0xCD, 0x10, 0x00, 0x00, 0x00, 0x00, 0x00, 0x00, 0x00, 0x00, 0x00, 0x00, 0x00, 0x00, 0x00,
    0x00, 0x00, 0x7F, 0xFF, 0xFF, 0xFF, 0xFF, 0xFF, 0x80, 0x7F, 0xFF, 0xFF, 0xFF, 0xFF, 0xFF, 0x80,
    0x7F, 0xF2, 0x00, 0x00, 0x00, 0x00, 0x00, 0x7F, 0xF2, 0x00, 0x00, 0x00, 0x00, 0x00, 0x7F, 0xF2,
    0x00, 0x00, 0x00, 0x00, 0x00, 0x7F, 0xF2, 0x00, 0x00, 0x00, 0x00, 0x00, 0x7F, 0xF2, 0x00, 0x00,
    0x00, 0x00, 0x00, 0x7F, 0xF2, 0x00, 0x00, 0x00, 0x00, 0x00, 0x7F, 0xFF, 0xFF, 0xFF, 0xFF, 0xFF,
    0x20, 0x7F, 0xFF, 0xFF, 0xFF, 0xFF, 0xFF, 0x20, 0x7F, 0xF2, 0x00, 0x00, 0x00, 0x00, 0x00, 0x7F,
    0xF2, 0x00, 0x00, 0x00, 0x00, 0x00, 0x7F, 0xF2, 0x00, 0x00, 0x00, 0x00, 0x00, 0x7F, 0xF2, 0x00,
    0x00, 0x00, 0x00, 0x00, 0x7F, 0xF2, 0x00, 0x00, 0x00, 0x00, 0x00, 0x7F, 0xF2, 0x00, 0x00, 0x00,
    0x00, 0x00, 0x7F, 0xF2, 0x00, 0x00, 0x00, 0x00, 0x00, 0x7F, 0xFF, 0xFF, 0xFF, 0xFF, 0xFF, 0xC0,
    0x7F, 0xFF, 0xFF, 0xFF, 0xFF, 0xFF, 0xC0, 0x00, 0x4F, 0xF5, 0x05, 0xFF, 0x40, 0x00, 0x00, 0x4F,
    0xF5, 0x05, 0xFF, 0x40, 0x00, 0x00, 0x4F, 0xF5, 0x05, 0xFF, 0x40, 0x00, 0x00, 0x00, 0x00, 0x00,
    0x00, 0x00, 0x00, 0x00, 0x00, 0x00, 0x00, 0x00, 0x00, 0x00, 0x7F, 0xFF, 0xFF, 0xFF, 0xFF, 0xFF,
    0x80, 0x7F, 0xFF, 0xFF, 0xFF, 0xFF, 0xFF, 0x80, 0x7F, 0xF2, 0x00, 0x00, 0x00, 0x00, 0x00, 0x7F,
    0xF2, 0x00, 0x00, 0x00, 0x00, 0x00, 0x7F, 0xF2, 0x00, 0x00, 0x00, 0x00, 0x00, 0x7F, 0xF2, 0x00,
    0x00, 0x00, 0x00, 0x00, 0x7F, 0xF2, 0x00, 0x00, 0x00, 0x00, 0x00, 0x7F, 0xF2, 0x00, 0x00, 0x00,
    0x00, 0x00, 0x7F, 0xFF, 0xFF, 0xFF, 0xFF, 0xFF, 0x20, 0x7F, 0xFF, 0xFF, 0xFF, 0xFF, 0xFF, 0x20,
    0x7F, 0xF2, 0x00, 0x00, 0x00, 0x00, 0x00, 0x7F, 0xF2, 0x00, 0x00, 0x00, 0x00, 0x00, 0x7F, 0xF2,
    0x00, 0x00, 0x00, 0x00, 0x00, 0x7F, 0xF2, 0x00, 0x00, 0x00, 0x00, 0x00, 0x7F, 0xF2, 0x00, 0x00,
    0x00, 0x00, 0x00, 0x7F, 0xF2, 0x00, 0x00, 0x00, 0x00, 0x00, 0x7F, 0xF2, 0x00, 0x00, 0x00, 0x00,
    0x00, 0x7F, 0xFF, 0xFF, 0xFF, 0xFF, 0xFF, 0xC0, 0x7F, 0xFF, 0xFF, 0xFF, 0xFF, 0xFF, 0xC0, 0xBF,
    0x80, 0x00, 0x1B, 0xF5, 0x00, 0x01, 0xCF, 0x30, 0x00, 0x00, 0x00, 0x00, 0x00, 0x00, 0x07, 0xFF,
    0x20, 0x07, 0xFF, 0x20, 0x07, 0xFF, 0x20, 0x07, 0xFF, 0x20, 0x07, 0xFF, 0x20, 0x07, 0xFF, 0x20,
    0x07, 0xFF, 0x20, 0x07, 0xFF, 0x20, 0x07, 0xFF, 0x20, 0x07, 0xFF, 0x20, 0x07, 0xFF, 0x20, 0x07,
    0xFF, 0x20, 0x07, 0xFF, 0x20, 0x07, 0xFF, 0x20, 0x07, 0xFF, 0x20, 0x07, 0xFF, 0x20, 0x07, 0xFF,
    0x20, 0x07, 0xFF, 0x20, 0x07, 0xFF, 0x20, 0x01, 0xCF, 0x60, 0x0B, 0xF7, 0x00, 0x8F, 0x70, 0x00,
    0x00, 0x00, 0x00, 0x00, 0x00, 0x00, 0x7F, 0xF2, 0x00, 0x7F, 0xF2, 0x00, 0x7F, 0xF2, 0x00, 0x7F,
    0xF2, 0x00, 0x7F, 0xF2, 0x00, 0x7F, 0xF2, 0x00, 0x7F, 0xF2, 0x00, 0x7F, 0xF2, 0x00, 0x7F, 0xF2,
    0x00, 0x7F, 0xF2, 0x00, 0x7F, 0xF2, 0x00, 0x7F, 0xF2, 0x00, 0x7F, 0xF2, 0x00, 0x7F, 0xF2, 0x00,
    0x7F, 0xF2, 0x00, 0x7F, 0xF2, 0x00, 0x7F, 0xF2, 0x00, 0x7F, 0xF2, 0x00, 0x7F, 0xF2, 0x00, 0x00,
    0xBF, 0xF7, 0x00, 0x0A, 0xF5, 0x9F, 0x60, 0x9F, 0x40, 0x09, 0xF4, 0x00, 0x00, 0x00, 0x00, 0x00,
    0x00, 0x00, 0x00, 0x00, 0x7F, 0xF2, 0x00, 0x00, 0x7F, 0xF2, 0x00, 0x00, 0x7F, 0xF2, 0x00, 0x00,
    0x7F, 0xF2, 0x00, 0x00, 0x7F, 0xF2, 0x00, 0x00, 0x7F, 0xF2, 0x00, 0x00, 0x7F, 0xF2, 0x00, 0x00,
    0x7F, 0xF2, 0x00, 0x00, 0x7F, 0xF2, 0x00, 0x00, 0x7F, 0xF2, 0x00, 0x00, 0x7F, 0xF2, 0x00, 0x00,
    0x7F, 0xF2, 0x00, 0x00, 0x7F, 0xF2, 0x00, 0x00, 0x7F, 0xF2, 0x00, 0x00, 0x7F, 0xF2, 0x00, 0x00,
    0x7F, 0xF2, 0x00, 0x00, 0x7F, 0xF2, 0x00, 0x00, 0x7F, 0xF2, 0x00, 0x00, 0x7F, 0xF2, 0x00, 0xEF,
    0xA0, 0x0F, 0xF9, 0xEF, 0xA0, 0x0F, 0xF9, 0xEF, 0xA0, 0x0F, 0xF9, 0x00, 0x00, 0x00, 0x00, 0x00,
    0x00, 0x00, 0x00, 0x00, 0x7F, 0xF2, 0x00, 0x00, 0x7F, 0xF2, 0x00, 0x00, 0x7F, 0xF2, 0x00, 0x00,
    0x7F, 0xF2, 0x00, 0x00, 0x7F, 0xF2, 0x00, 0x00, 0x7F, 0xF2, 0x00, 0x00, 0x7F, 0xF2, 0x00, 0x00,
    0x7F, 0xF2, 0x00, 0x00, 0x7F, 0xF2, 0x00, 0x00, 0x7F, 0xF2, 0x00, 0x00, 0x7F, 0xF2, 0x00, 0x00,
    0x7F, 0xF2, 0x00, 0x00, 0x7F, 0xF2, 0x00, 0x00, 0x7F, 0xF2, 0x00, 0x00, 0x7F, 0xF2, 0x00, 0x00,
    0x7F, 0xF2, 0x00, 0x00, 0x7F, 0xF2, 0x00, 0x00, 0x7F, 0xF2, 0x00, 0x00, 0x7F, 0xF2, 0x00, 0x00,
    0x5F, 0xFF, 0xFF, 0xFE, 0xDA, 0x72, 0x00, 0x00, 0x00, 0x00, 0x5F, 0xFF, 0xFF, 0xFF, 0xFF, 0xFF,
    0xB2, 0x00, 0x00, 0x00, 0x5F, 0xF4, 0x00, 0x01, 0x36, 0xCF, 0xFE, 0x30, 0x00, 0x00, 0x5F, 0xF4,
    0x00, 0x00, 0x00, 0x06, 0xFF, 0xE2, 0x00, 0x00, 0x5F, 0xF4, 0x00, 0x00, 0x00, 0x00, 0x6F, 0xF9,
    0x00, 0x00, 0x5F, 0xF4, 0x00, 0x00, 0x00, 0x00, 0x0C, 0xFF, 0x10, 0x00, 0x5F, 0xF4, 0x00, 0x00,
    0x00, 0x00, 0x07, 0xFF, 0x40, 0x00, 0x5F, 0xF4, 0x00, 0x00, 0x00, 0x00, 0x04, 0xFF, 0x70, 0xDF,
    0xFF, 0xFF, 0xFF, 0xF8, 0x00, 0x00, 0x02, 0xFF, 0x80, 0xDF, 0xFF, 0xFF, 0xFF, 0xF8, 0x00, 0x00,
    0x02, 0xFF, 0x90, 0x00, 0x5F, 0xF4, 0x00, 0x00, 0x00, 0x00, 0x02, 0xFF, 0x80, 0x00, 0x5F, 0xF4,
    0x00, 0x00, 0x00, 0x00, 0x04, 0xFF, 0x70, 0x00, 0x5F, 0xF4, 0x00, 0x00, 0x00, 0x00, 0x07, 0xFF,
    0x40, 0x00, 0x5F, 0xF4, 0x00, 0x00, 0x00, 0x00, 0x0D, 0xFF, 0x10, 0x00, 0x5F, 0xF4, 0x00, 0x00,
    0x00, 0x00, 0x6F, 0xF9, 0x00, 0x00, 0x5F, 0xF4, 0x00, 0x00, 0x00, 0x06, 0xFF, 0xE2, 0x00, 0x00,
    0x5F, 0xF4, 0x00, 0x01, 0x36, 0xCF, 0xFE, 0x30, 0x00, 0x00, 0x5F, 0xFF, 0xFF, 0xFF, 0xFF, 0xFF,
    0xA2, 0x00, 0x00, 0x00, 0x5F, 0xFF, 0xFF, 0xFE, 0xDA, 0x72, 0x00, 0x00, 0x00, 0x00, 0x00, 0x6E,
    0xEA, 0x41, 0xDC, 0x00, 0x00, 0x00, 0x02, 0xFF, 0xFF, 0xFF, 0xF9, 0x00, 0x00, 0x00, 0x06, 0xF5,
    0x27, 0xDE, 0xB1, 0x00, 0x00, 0x00, 0x00, 0x00, 0x00, 0x00, 0x00, 0x00, 0x00, 0x00, 0x00, 0x00,
    0x00, 0x00, 0x00, 0x00, 0x00, 0x7F, 0xFF, 0x40, 0x00, 0x00, 0x00, 0x9F, 0xD0, 0x7F, 0xFF, 0xC0,
    0x00, 0x00, 0x00, 0x9F, 0xD0, 0x7F, 0xFF, 0xF5, 0x00, 0x00, 0x00, 0x9F, 0xD0, 0x7F, 0xFC, 0xFD,
    0x00, 0x00, 0x00, 0x9F, 0xD0, 0x7F, 0xF4, 0xFF, 0x60, 0x00, 0x00, 0x9F, 0xD0, 0x7F, 0xF1, 0xAF,
    0xD0, 0x00, 0x00, 0x9F, 0xD0, 0x7F, 0xF1, 0x3F, 0xF7, 0x00, 0x00, 0x9F, 0xD0, 0x7F, 0xF1, 0x0A,
    0xFE, 0x10, 0x00, 0x9F, 0xD0, 0x7F, 0xF1, 0x02, 0xFF, 0x70, 0x00, 0x9F, 0xD0, 0x7F, 0xF1, 0x00,
    0x9F, 0xE1, 0x00, 0x9F, 0xD0, 0x7F, 0xF1, 0x00, 0x1E, 0xF8, 0x00, 0x9F, 0xD0, 0x7F, 0xF1, 0x00,
    0x08, 0xFF, 0x20, 0x9F, 0xD0, 0x7F, 0xF1, 0x00, 0x01, 0xEF, 0x90, 0x9F, 0xD0, 0x7F, 0xF1, 0x00,
    0x00, 0x7F, 0xF2, 0x9F, 0xD0, 0x7F, 0xF1, 0x00, 0x00, 0x1E, 0xFA, 0x9F, 0xD0, 0x7F, 0xF1, 0x00,
    0x00, 0x06, 0xFF, 0xCF, 0xD0, 0x7F, 0xF1, 0x00, 0x00, 0x00, 0xDF, 0xFF, 0xD0, 0x7F, 0xF1, 0x00,
    0x00, 0x00, 0x5F, 0xFF, 0xD0, 0x7F, 0xF1, 0x00, 0x00, 0x00, 0x0C, 0xFF, 0xD0, 0x00, 0x00, 0x00,
    0x6F, 0xD1, 0x00, 0x00, 0x00, 0x00, 0x00, 0x00, 0x00, 0x06, 0xFB, 0x00, 0x00, 0x00, 0x00, 0x00,
    0x00, 0x00, 0x00, 0x6F, 0x90, 0x00, 0x00, 0x00, 0x00, 0x00, 0x00, 0x00, 0x00, 0x00, 0x00, 0x00,
    0x00, 0x00, 0x00, 0x00, 0x00, 0x00, 0x00, 0x00, 0x00, 0x00, 0x00, 0x00, 0x04, 0x9D, 0xEF, 0xDB,
    0x71, 0x00, 0x00, 0x00, 0x02, 0xBF, 0xFF, 0xFF, 0xFF, 0xFE, 0x60, 0x00, 0x00, 0x2D, 0xFF, 0xA4,
    0x10, 0x27, 0xEF, 0xF7, 0x00, 0x00, 0xCF, 0xF5, 0x00, 0x00, 0x00, 0x1C, 0xFF, 0x40, 0x07, 0xFF,
    0x70, 0x00, 0x00, 0x00, 0x01, 0xEF, 0xD0, 0x0D, 0xFE, 0x00, 0x00, 0x00, 0x00, 0x00, 0x7F, 0xF5,
    0x3F, 0xF9, 0x00, 0x00, 0x00, 0x00, 0x00, 0x2F, 0xF9, 0x6F, 0xF5, 0x00, 0x00, 0x00, 0x00, 0x00,
    0x0D, 0xFD, 0x7F, 0xF3, 0x00, 0x00, 0x00, 0x00, 0x00, 0x0C, 0xFE, 0x8F, 0xF3, 0x00, 0x00, 0x00,
    0x00, 0x00, 0x0B, 0xFF, 0x7F, 0xF3, 0x00, 0x00, 0x00, 0x00, 0x00, 0x0C, 0xFE, 0x6F, 0xF5, 0x00,
    0x00, 0x00, 0x00, 0x00, 0x0D, 0xFD, 0x3F, 0xF9, 0x00, 0x00, 0x00, 0x00, 0x00, 0x2F, 0xF9, 0x0D,
    0xFE, 0x00, 0x00, 0x00, 0x00, 0x00, 0x7F, 0xF5, 0x07, 0xFF, 0x70, 0x00, 0x00, 0x00, 0x01, 0xEF,
    0xD0, 0x00, 0xCF, 0xF5, 0x00, 0x00, 0x00, 0x1C, 0xFF, 0x50, 0x00, 0x2D, 0xFF, 0xA4, 0x10, 0x27,
    0xEF, 0xF7, 0x00, 0x00, 0x02, 0xBF, 0xFF, 0xFF, 0xFF, 0xFE, 0x60, 0x00, 0x00, 0x00, 0x04, 0x9D,
    0xEF, 0xDB, 0x71, 0x00, 0x00, 0x00, 0x00, 0x00, 0x00, 0x07, 0xFC, 0x10, 0x00, 0x00, 0x00, 0x00,
    0x00, 0x00, 0x5F, 0xC1, 0x00, 0x00, 0x00, 0x00, 0x00, 0x00, 0x03, 0xEC, 0x10, 0x00, 0x00, 0x00,
    0x00, 0x00, 0x00, 0x00, 0x00, 0x00, 0x00, 0x00, 0x00, 0x00, 0x00, 0x00, 0x00, 0x00, 0x00, 0x00,
    0x00, 0x00, 0x00, 0x00, 0x04, 0x9D, 0xEF, 0xDB, 0x71, 0x00, 0x00, 0x00, 0x02, 0xBF, 0xFF, 0xFF,
    0xFF, 0xFE, 0x60, 0x00, 0x00, 0x2D, 0xFF, 0xA4, 0x10, 0x27, 0xEF, 0xF7, 0x00, 0x00, 0xCF, 0xF5,
    0x00, 0x00, 0x00, 0x1C, 0xFF, 0x40, 0x07, 0xFF, 0x70, 0x00, 0x00, 0x00, 0x01, 0xEF, 0xD0, 0x0D,
    0xFE, 0x00, 0x00, 0x00, 0x00, 0x00, 0x7F, 0xF5, 0x3F, 0xF9, 0x00, 0x00, 0x00, 0x00, 0x00, 0x2F,
    0xF9, 0x6F, 0xF5, 0x00, 0x00, 0x00, 0x00, 0x00, 0x0D, 0xFD, 0x7F, 0xF3, 0x00, 0x00, 0x00, 0x00,
    0x00, 0x0C, 0xFE, 0x8F, 0xF3, 0x00, 0x00, 0x00, 0x00, 0x00, 0x0B, 0xFF, 0x7F, 0xF3, 0x00, 0x00,
    0x00, 0x00, 0x00, 0x0C, 0xFE, 0x6F, 0xF5, 0x00, 0x00, 0x00, 0x00, 0x00, 0x0D, 0xFD, 0x3F, 0xF9,
    0x00, 0x00, 0x00, 0x00, 0x00, 0x2F, 0xF9, 0x0D, 0xFE, 0x00, 0x00, 0x00, 0x00, 0x00, 0x7F, 0xF5,
    0x07, 0xFF, 0x70, 0x00, 0x00, 0x00, 0x01, 0xEF, 0xD0, 0x00, 0xCF, 0xF5, 0x00, 0x00, 0x00, 0x1C,
    0xFF, 0x50, 0x00, 0x2D, 0xFF, 0xA4, 0x10, 0x27, 0xEF, 0xF7, 0x00, 0x00, 0x02, 0xBF, 0xFF, 0xFF,
    0xFF, 0xFE, 0x60, 0x00, 0x00, 0x00, 0x04, 0x9D, 0xEF, 0xDB, 0x71, 0x00, 0x00, 0x00, 0x00, 0x00,
    0x06, 0xFF, 0xC1, 0x00, 0x00, 0x00, 0x00, 0x00, 0x00, 0x4F, 0xA4, 0xEB, 0x00, 0x00, 0x00, 0x00,
    0x00, 0x03, 0xEA, 0x00, 0x3E, 0xA0, 0x00, 0x00, 0x00, 0x00, 0x00, 0x00, 0x00, 0x00, 0x00, 0x00,
    0x00, 0x00, 0x00, 0x00, 0x00, 0x00, 0x00, 0x00, 0x00, 0x00, 0x00, 0x00, 0x04, 0x9D, 0xEF, 0xDB,
    0x71, 0x00, 0x00, 0x00, 0x02, 0xBF, 0xFF, 0xFF, 0xFF, 0xFE, 0x60, 0x00, 0x00, 0x2D, 0xFF, 0xA4,
    0x10, 0x27, 0xEF, 0xF7, 0x00, 0x00, 0xCF, 0xF5, 0x00, 0x00, 0x00, 0x1C, 0xFF, 0x40, 0x07, 0xFF,
    0x70, 0x00, 0x00, 0x00, 0x01, 0xEF, 0xD0, 0x0D, 0xFE, 0x00, 0x00, 0x00, 0x00, 0x00, 0x7F, 0xF5,
    0x3F, 0xF9, 0x00, 0x00, 0x00, 0x00, 0x00, 0x2F, 0xF9, 0x6F, 0xF5, 0x00, 0x00, 0x00, 0x00, 0x00,
    0x0D, 0xFD, 0x7F, 0xF3, 0x00, 0x00, 0x00, 0x00, 0x00, 0x0C, 0xFE, 0x8F, 0xF3, 0x00, 0x00, 0x00,
    0x00, 0x00, 0x0B, 0xFF, 0x7F, 0xF3, 0x00, 0x00, 0x00, 0x00, 0x00, 0x0C, 0xFE, 0x6F, 0xF5, 0x00,
    0x00, 0x00, 0x00, 0x00, 0x0D, 0xFD, 0x3F, 0xF9, 0x00, 0x00, 0x00, 0x00, 0x00, 0x2F, 0xF9, 0x0D,
    0xFE, 0x00, 0x00, 0x00, 0x00, 0x00, 0x7F, 0xF5, 0x07, 0xFF, 0x70, 0x00, 0x00, 0x00, 0x01, 0xEF,
    0xD0, 0x00, 0xCF, 0xF5, 0x00, 0x00, 0x00, 0x1C, 0xFF, 0x50, 0x00, 0x2D, 0xFF, 0xA4, 0x10, 0x27,
    0xEF, 0xF7, 0x00, 0x00, 0x02, 0xBF, 0xFF, 0xFF, 0xFF, 0xFE, 0x60, 0x00, 0x00, 0x00, 0x04, 0x9D,
    0xEF, 0xDB, 0x71, 0x00, 0x00, 0x00, 0x00, 0x01, 0xBE, 0xD7, 0x16, 0xF5, 0x00, 0x00, 0x00, 0x00,
    0x09, 0xFF, 0xFF, 0xFF, 0xF2, 0x00, 0x00, 0x00, 0x00, 0x0D, 0xC1, 0x4A, 0xEE, 0x60, 0x00, 0x00,
    0x00, 0x00, 0x00, 0x00, 0x00, 0x00, 0x00, 0x00, 0x00, 0x00, 0x00, 0x00, 0x00, 0x00, 0x00, 0x00,
    0x00, 0x00, 0x00, 0x00, 0x04, 0x9D, 0xEF, 0xDB, 0x71, 0x00, 0x00, 0x00, 0x02, 0xBF, 0xFF, 0xFF,
    0xFF, 0xFE, 0x60, 0x00, 0x00, 0x2D, 0xFF, 0xA4, 0x10, 0x27, 0xEF, 0xF7, 0x00, 0x00, 0xCF, 0xF5,
    0x00, 0x00, 0x00, 0x1C, 0xFF, 0x40, 0x07, 0xFF, 0x70, 0x00, 0x00, 0x00, 0x01, 0xEF, 0xD0, 0x0D,
    0xFE, 0x00, 0x00, 0x00, 0x00, 0x00, 0x7F, 0xF5, 0x3F, 0xF9, 0x00, 0x00, 0x00, 0x00, 0x00, 0x2F,
    0xF9, 0x6F, 0xF5, 0x00, 0x00, 0x00, 0x00, 0x00, 0x0D, 0xFD, 0x7F, 0xF3, 0x00, 0x00, 0x00, 0x00,
    0x00, 0x0C, 0xFE, 0x8F, 0xF3, 0x00, 0x00, 0x00, 0x00, 0x00, 0x0B, 0xFF, 0x7F, 0xF3, 0x00, 0x00,
    0x00, 0x00, 0x00, 0x0C, 0xFE, 0x6F, 0xF5, 0x00, 0x00, 0x00, 0x00, 0x00, 0x0D, 0xFD, 0x3F, 0xF9,
    0x00, 0x00, 0x00, 0x00, 0x00, 0x2F, 0xF9, 0x0D, 0xFE, 0x00, 0x00, 0x00, 0x00, 0x00, 0x7F, 0xF5,
    0x07, 0xFF, 0x70, 0x00, 0x00, 0x00, 0x01, 0xEF, 0xD0, 0x00, 0xCF, 0xF5, 0x00, 0x00, 0x00, 0x1C,
    0xFF, 0x50, 0x00, 0x2D, 0xFF, 0xA4, 0x10, 0x27, 0xEF, 0xF7, 0x00, 0x00, 0x02, 0xBF, 0xFF, 0xFF,
    0xFF, 0xFE, 0x60, 0x00, 0x00, 0x00, 0x04, 0x9D, 0xEF, 0xDB, 0x71, 0x00, 0x00, 0x00, 0x00, 0x08,
    0xFF, 0x10, 0x8F, 0xF0, 0x00, 0x00, 0x00, 0x00, 0x08, 0xFF, 0x10, 0x8F, 0xF0, 0x00, 0x00, 0x00,
    0x00, 0x08, 0xFF, 0x10, 0x8F, 0xF0, 0x00, 0x00, 0x00, 0x00, 0x00, 0x00, 0x00, 0x00, 0x00, 0x00,
    0x00, 0x00, 0x00, 0x00, 0x00, 0x00, 0x00, 0x00, 0x00, 0x00, 0x00, 0x00, 0x04, 0x9D, 0xEF, 0xDB,
    0x71, 0x00, 0x00, 0x00, 0x02, 0xBF, 0xFF, 0xFF, 0xFF, 0xFE, 0x60, 0x00, 0x00, 0x2D, 0xFF, 0xA4,
    0x10, 0x27, 0xEF, 0xF7, 0x00, 0x00, 0xCF, 0xF5, 0x00, 0x00, 0x00, 0x1C, 0xFF, 0x40, 0x07, 0xFF,
    0x70, 0x00, 0x00, 0x00, 0x01, 0xEF, 0xD0, 0x0D, 0xFE, 0x00, 0x00, 0x00, 0x00, 0x00, 0x7F, 0xF5,
    0x3F, 0xF9, 0x00, 0x00, 0x00, 0x00, 0x00, 0x2F, 0xF9, 0x6F, 0xF5, 0x00, 0x00, 0x00, 0x00, 0x00,
    0x0D, 0xFD, 0x7F, 0xF3, 0x00, 0x00, 0x00, 0x00, 0x00, 0x0C, 0xFE, 0x8F, 0xF3, 0x00, 0x00, 0x00,
    0x00, 0x00, 0x0B, 0xFF, 0x7F, 0xF3, 0x00, 0x00, 0x00, 0x00, 0x00, 0x0C, 0xFE, 0x6F, 0xF5, 0x00,
    0x00, 0x00, 0x00, 0x00, 0x0D, 0xFD, 0x3F, 0xF9, 0x00, 0x00, 0x00, 0x00, 0x00, 0x2F, 0xF9, 0x0D,
    0xFE, 0x00, 0x00, 0x00, 0x00, 0x00, 0x7F, 0xF5, 0x07, 0xFF, 0x70, 0x00, 0x00, 0x00, 0x01, 0xEF,
    0xD0, 0x00, 0xCF, 0xF5, 0x00, 0x00, 0x00, 0x1C, 0xFF, 0x50, 0x00, 0x2D, 0xFF, 0xA4, 0x10, 0x27,
    0xEF, 0xF7, 0x00, 0x00, 0x02, 0xBF, 0xFF, 0xFF, 0xFF, 0xFE, 0x60, 0x00, 0x00, 0x00, 0x04, 0x9D,
    0xEF, 0xDB, 0x71, 0x00, 0x00, 0x06, 0x80, 0x00, 0x00, 0x00, 0x00, 0x0A, 0x40, 0x3F, 0xF8, 0x00,
    0x00, 0x00, 0x00, 0xBF, 0xE1, 0x08, 0xFF, 0x80, 0x00, 0x00, 0x0B, 0xFF, 0x50, 0x00, 0x8F, 0xF7,
    0x00, 0x00, 0xAF, 0xF5, 0x00, 0x00, 0x09, 0xFF, 0x70, 0x0A, 0xFF, 0x60, 0x00, 0x00, 0x00, 0x9F,
    0xF7, 0xAF, 0xF6, 0x00, 0x00, 0x00, 0x00, 0x09, 0xFF, 0xFF, 0x60, 0x00, 0x00, 0x00, 0x00, 0x00,
    0xDF, 0xFA, 0x00, 0x00, 0x00, 0x00, 0x00, 0x09, 0xFF, 0xFF, 0x60, 0x00, 0x00, 0x00, 0x00, 0x9F,
    0xF7, 0xAF, 0xF6, 0x00, 0x00, 0x00, 0x08, 0xFF, 0x70, 0x0A, 0xFF, 0x50, 0x00, 0x00, 0x8F, 0xF7,
    0x00, 0x00, 0xAF, 0xF5, 0x00, 0x08, 0xFF, 0x80, 0x00, 0x00, 0x0B, 0xFF, 0x50, 0x3F, 0xF8, 0x00,
    0x00, 0x00, 0x00, 0xBF, 0xE1, 0x06, 0x80, 0x00, 0x00, 0x00, 0x00, 0x1A, 0x40, 0x00, 0x00, 0x00,
    0x00, 0x00, 0x00, 0x00, 0x00, 0x31, 0x00, 0x00, 0x04, 0x9D, 0xEF, 0xEB, 0x61, 0x02, 0xDD, 0x00,
    0x01, 0xBF, 0xFF, 0xFF, 0xFF, 0xFE, 0x6C, 0xF5, 0x00, 0x2D, 0xFF, 0xA4, 0x10, 0x27, 0xEF, 0xFF,
    0x70, 0x00, 0xCF, 0xF5, 0x00, 0x00, 0x00, 0x1E, 0xFF, 0x40, 0x07, 0xFF, 0x70, 0x00, 0x00, 0x00,
    0x8F, 0xFF, 0xD0, 0x0D, 0xFE, 0x00, 0x00, 0x00, 0x06, 0xFC, 0x8F, 0xF5, 0x3F, 0xF9, 0x00, 0x00,
    0x00, 0x4F, 0xD2, 0x1F, 0xF9, 0x6F, 0xF5, 0x00, 0x00, 0x03, 0xEE, 0x30, 0x0E, 0xFC, 0x7F, 0xF3,
    0x00, 0x00, 0x2D, 0xF4, 0x00, 0x0C, 0xFE, 0x8F, 0xF3, 0x00, 0x01, 0xCF, 0x60, 0x00, 0x0B, 0xFF,
    0x7F, 0xF4, 0x00, 0x0B, 0xF7, 0x00, 0x00, 0x0C, 0xFE, 0x6F, 0xF5, 0x00, 0x9F, 0x90, 0x00, 0x00,
    0x0D, 0xFD, 0x3F, 0xF8, 0x08, 0xFB, 0x00, 0x00, 0x00, 0x2F, 0xF9, 0x0D, 0xFD, 0x6F, 0xC1, 0x00,
    0x00, 0x00, 0x7F, 0xF5, 0x07, 0xFF, 0xFD, 0x20, 0x00, 0x00, 0x01, 0xEF, 0xD0, 0x00, 0xCF, 0xF7,
    0x00, 0x00, 0x00, 0x1C, 0xFF, 0x40, 0x01, 0xDF, 0xFF, 0xA4, 0x10, 0x27, 0xEF, 0xF7, 0x00, 0x0B,
    0xF7, 0xBF, 0xFF, 0xFF, 0xFF, 0xFE, 0x60, 0x00, 0x7F, 0x70, 0x04, 0x9D, 0xEF, 0xDB, 0x71, 0x00,
    0x00, 0x05, 0x00, 0x00, 0x00, 0x00, 0x00, 0x00, 0x00, 0x00, 0x00, 0x00, 0x3E, 0xF3, 0x00, 0x00,
    0x00, 0x00, 0x00, 0x00, 0x03, 0xEE, 0x20, 0x00, 0x00, 0x00, 0x00, 0x00, 0x00, 0x3E, 0xC1, 0x00,
    0x00, 0x00, 0x00, 0x00, 0x00, 0x00, 0x00, 0x00, 0x00, 0x00, 0x00, 0x00, 0x00, 0x00, 0x00, 0x00,
    0x00, 0x00, 0xBF, 0xD0, 0x00, 0x00, 0x00, 0x00, 0xCF, 0xC0, 0xBF, 0xD0, 0x00, 0x00, 0x00, 0x00,
    0xCF, 0xC0, 0xBF, 0xD0, 0x00, 0x00, 0x00, 0x00, 0xCF, 0xC0, 0xBF, 0xD0, 0x00, 0x00, 0x00, 0x00,
    0xCF, 0xC0, 0xBF, 0xD0, 0x00, 0x00, 0x00, 0x00, 0xCF, 0xC0, 0xBF, 0xD0, 0x00, 0x00, 0x00, 0x00,
    0xCF, 0xC0, 0xBF, 0xD0, 0x00, 0x00, 0x00, 0x00, 0xCF, 0xC0, 0xBF, 0xD0, 0x00, 0x00, 0x00, 0x00,
    0xCF, 0xC0, 0xBF, 0xD0, 0x00, 0x00, 0x00, 0x00, 0xCF, 0xC0, 0xBF, 0xD0, 0x00, 0x00, 0x00, 0x00,
    0xCF, 0xC0, 0xBF, 0xD0, 0x00, 0x00, 0x00, 0x00, 0xCF, 0xC0, 0xBF, 0xD0, 0x00, 0x00, 0x00, 0x00,
    0xCF, 0xB0, 0xAF, 0xE0, 0x00, 0x00, 0x00, 0x00, 0xDF, 0xB0, 0x9F, 0xF1, 0x00, 0x00, 0x00, 0x00,
    0xFF, 0x90, 0x5F, 0xF5, 0x00, 0x00, 0x00, 0x04, 0xFF, 0x60, 0x1E, 0xFC, 0x10, 0x00, 0x00, 0x0C,
    0xFE, 0x10, 0x06, 0xFF, 0xC5, 0x10, 0x15, 0xCF, 0xF6, 0x00, 0x00, 0x7F, 0xFF, 0xFF, 0xFF, 0xFF,
    0x70, 0x00, 0x00, 0x02, 0x8C, 0xEF, 0xEC, 0x82, 0x00, 0x00, 0x00, 0x00, 0x00, 0x04, 0xFE, 0x20,
    0x00, 0x00, 0x00, 0x00, 0x00, 0x2E, 0xE3, 0x00, 0x00, 0x00, 0x00, 0x00, 0x01, 0xCE, 0x30, 0x00,
    0x00, 0x00, 0x00, 0x00, 0x00, 0x00, 0x00, 0x00, 0x00, 0x00, 0x00, 0x00, 0x00, 0x00, 0x00, 0x00,
    0x00, 0x00, 0xBF, 0xD0, 0x00, 0x00, 0x00, 0x00, 0xCF, 0xC0, 0xBF, 0xD0, 0x00, 0x00, 0x00, 0x00,
    0xCF, 0xC0, 0xBF, 0xD0, 0x00, 0x00, 0x00, 0x00, 0xCF, 0xC0, 0xBF, 0xD0, 0x00, 0x00, 0x00, 0x00,
    0xCF, 0xC0, 0xBF, 0xD0, 0x00, 0x00, 0x00, 0x00, 0xCF, 0xC0, 0xBF, 0xD0, 0x00, 0x00, 0x00, 0x00,
    0xCF, 0xC0, 0xBF, 0xD0, 0x00, 0x00, 0x00, 0x00, 0xCF, 0xC0, 0xBF, 0xD0, 0x00, 0x00, 0x00, 0x00,
    0xCF, 0xC0, 0xBF, 0xD0, 0x00, 0x00, 0x00, 0x00, 0xCF, 0xC0, 0xBF, 0xD0, 0x00, 0x00, 0x00, 0x00,
    0xCF, 0xC0, 0xBF, 0xD0, 0x00, 0x00, 0x00, 0x00, 0xCF, 0xC0, 0xBF, 0xD0, 0x00, 0x00, 0x00, 0x00,
    0xCF, 0xB0, 0xAF, 0xE0, 0x00, 0x00, 0x00, 0x00, 0xDF, 0xB0, 0x9F, 0xF1, 0x00, 0x00, 0x00, 0x00,
    0xFF, 0x90, 0x5F, 0xF5, 0x00, 0x00, 0x00, 0x04, 0xFF, 0x60, 0x1E, 0xFC, 0x10, 0x00, 0x00, 0x0C,
    0xFE, 0x10, 0x06, 0xFF, 0xC5, 0x10, 0x15, 0xCF, 0xF6, 0x00, 0x00, 0x7F, 0xFF, 0xFF, 0xFF, 0xFF,
    0x70, 0x00, 0x00, 0x02, 0x8C, 0xEF, 0xEC, 0x82, 0x00, 0x00, 0x00, 0x00, 0x03, 0xEF, 0xE3, 0x00,
    0x00, 0x00, 0x00, 0x00, 0x2D, 0xD4, 0xDE, 0x20, 0x00, 0x00, 0x00, 0x01, 0xDD, 0x10, 0x1C, 0xD1,
    0x00, 0x00, 0x00, 0x00, 0x00, 0x00, 0x00, 0x00, 0x00, 0x00, 0x00, 0x00, 0x00, 0x00, 0x00, 0x00,
    0x00, 0x00, 0xBF, 0xD0, 0x00, 0x00, 0x00, 0x00, 0xCF, 0xC0, 0xBF, 0xD0, 0x00, 0x00, 0x00, 0x00,
    0xCF, 0xC0, 0xBF, 0xD0, 0x00, 0x00, 0x00, 0x00, 0xCF, 0xC0, 0xBF, 0xD0, 0x00, 0x00, 0x00, 0x00,
    0xCF, 0xC0, 0xBF, 0xD0, 0x00, 0x00, 0x00, 0x00, 0xCF, 0xC0, 0xBF, 0xD0, 0x00, 0x00, 0x00, 0x00,
    0xCF, 0xC0, 0xBF, 0xD0, 0x00, 0x00, 0x00, 0x00, 0xCF, 0xC0, 0xBF, 0xD0, 0x00, 0x00, 0x00, 0x00,
    0xCF, 0xC0, 0xBF, 0xD0, 0x00, 0x00, 0x00, 0x00, 0xCF, 0xC0, 0xBF, 0xD0, 0x00, 0x00, 0x00, 0x00,
    0xCF, 0xC0, 0xBF, 0xD0, 0x00, 0x00, 0x00, 0x00, 0xCF, 0xC0, 0xBF, 0xD0, 0x00, 0x00, 0x00, 0x00,
    0xCF, 0xB0, 0xAF, 0xE0, 0x00, 0x00, 0x00, 0x00, 0xDF, 0xB0, 0x9F, 0xF1, 0x00, 0x00, 0x00, 0x00,
    0xFF, 0x90, 0x5F, 0xF5, 0x00, 0x00, 0x00, 0x04, 0xFF, 0x60, 0x1E, 0xFC, 0x10, 0x00, 0x00, 0x0C,
    0xFE, 0x10, 0x06, 0xFF, 0xC5, 0x10, 0x15, 0xCF, 0xF6, 0x00, 0x00, 0x7F, 0xFF, 0xFF, 0xFF, 0xFF,
    0x70, 0x00, 0x00, 0x02, 0x8C, 0xEF, 0xEC, 0x82, 0x00, 0x00, 0x00, 0x04, 0xFF, 0x50, 0x4F, 0xF4,
    0x00, 0x00, 0x00, 0x04, 0xFF, 0x50, 0x4F, 0xF4, 0x00, 0x00, 0x00, 0x04, 0xFF, 0x50, 0x4F, 0xF4,
    0x00, 0x00, 0x00, 0x00, 0x00, 0x00, 0x00, 0x00, 0x00, 0x00, 0x00, 0x00, 0x00, 0x00, 0x00, 0x00,
    0x00, 0x00, 0xBF, 0xD0, 0x00, 0x00, 0x00, 0x00, 0xCF, 0xC0, 0xBF, 0xD0, 0x00, 0x00, 0x00, 0x00,
    0xCF, 0xC0, 0xBF, 0xD0, 0x00, 0x00, 0x00, 0x00, 0xCF, 0xC0, 0xBF, 0xD0, 0x00, 0x00, 0x00, 0x00,
    0xCF, 0xC0, 0xBF, 0xD0, 0x00, 0x00, 0x00, 0x00, 0xCF, 0xC0, 0xBF, 0xD0, 0x00, 0x00, 0x00, 0x00,
    0xCF, 0xC0, 0xBF, 0xD0, 0x00, 0x00, 0x00, 0x00, 0xCF, 0xC0, 0xBF, 0xD0, 0x00, 0x00, 0x00, 0x00,
    0xCF, 0xC0, 0xBF, 0xD0, 0x00, 0x00, 0x00, 0x00, 0xCF, 0xC0, 0xBF, 0xD0, 0x00, 0x00, 0x00, 0x00,
    0xCF, 0xC0, 0xBF, 0xD0, 0x00, 0x00, 0x00, 0x00, 0xCF, 0xC0, 0xBF, 0xD0, 0x00, 0x00, 0x00, 0x00,
    0xCF, 0xB0, 0xAF, 0xE0, 0x00, 0x00, 0x00, 0x00, 0xDF, 0xB0, 0x9F, 0xF1, 0x00, 0x00, 0x00, 0x00,
    0xFF, 0x90, 0x5F, 0xF5, 0x00, 0x00, 0x00, 0x04, 0xFF, 0x60, 0x1E, 0xFC, 0x10, 0x00, 0x00, 0x0C,
    0xFE, 0x10, 0x06, 0xFF, 0xC5, 0x10, 0x15, 0xCF, 0xF6, 0x00, 0x00, 0x7F, 0xFF, 0xFF, 0xFF, 0xFF,
    0x70, 0x00, 0x00, 0x02, 0x8C, 0xEF, 0xEC, 0x82, 0x00, 0x00, 0x00, 0x00, 0x00, 0x00, 0xBF, 0x80,
    0x00, 0x00, 0x00, 0x00, 0x00, 0x09, 0xF8, 0x00, 0x00, 0x00, 0x00, 0x00, 0x00, 0x6F, 0x90, 0x00,
    0x00, 0x00, 0x00, 0x00, 0x00, 0x00, 0x00, 0x00, 0x00, 0x00, 0x00, 0x00, 0x00, 0x00, 0x00, 0x00,
    0x00, 0x00, 0xBF, 0xE2, 0x00, 0x00, 0x00, 0x00, 0x3F, 0xF9, 0x2E, 0xFB, 0x00, 0x00, 0x00, 0x00,
    0xCF, 0xD1, 0x05, 0xFF, 0x60, 0x00, 0x00, 0x08, 0xFF, 0x40, 0x00, 0xAF, 0xE2, 0x00, 0x00, 0x3F,
    0xF9, 0x00, 0x00, 0x1E, 0xFB, 0x00, 0x00, 0xCF, 0xD1, 0x00, 0x00, 0x05, 0xFF, 0x60, 0x08, 0xFF,
    0x40, 0x00, 0x00, 0x00, 0xAF, 0xE2, 0x3F, 0xF8, 0x00, 0x00, 0x00, 0x00, 0x1E, 0xFB, 0xCF, 0xD1,
    0x00, 0x00, 0x00, 0x00, 0x05, 0xFF, 0xFF, 0x30, 0x00, 0x00, 0x00, 0x00, 0x00, 0xAF, 0xF8, 0x00,
    0x00, 0x00, 0x00, 0x00, 0x00, 0x5F, 0xF4, 0x00, 0x00, 0x00, 0x00, 0x00, 0x00, 0x5F, 0xF4, 0x00,
    0x00, 0x00, 0x00, 0x00, 0x00, 0x5F, 0xF4, 0x00, 0x00, 0x00, 0x00, 0x00, 0x00, 0x5F, 0xF4, 0x00,
    0x00, 0x00, 0x00, 0x00, 0x00, 0x5F, 0xF4, 0x00, 0x00, 0x00, 0x00, 0x00, 0x00, 0x5F, 0xF4, 0x00,
    0x00, 0x00, 0x00, 0x00, 0x00, 0x5F, 0xF4, 0x00, 0x00, 0x00, 0x00, 0x00, 0x00, 0x5F, 0xF4, 0x00,
    0x00, 0x00, 0x00, 0x00, 0x00, 0x5F, 0xF4, 0x00, 0x00, 0x00, 0x7F, 0xF2, 0x00, 0x00, 0x00, 0x00,
    0x00, 0x7F, 0xF2, 0x00, 0x00, 0x00, 0x00, 0x00, 0x7F, 0xF2, 0x00, 0x00, 0x00, 0x00, 0x00, 0x7F,
    0xFF, 0xFF, 0xFE, 0xC8, 0x10, 0x00, 0x7F, 0xFF, 0xFF, 0xFF, 0xFF, 0xE4, 0x00, 0x7F, 0xF2, 0x00,
    0x02, 0x8F, 0xFE, 0x10, 0x7F, 0xF2, 0x00, 0x00, 0x07, 0xFF, 0x70, 0x7F, 0xF2, 0x00, 0x00, 0x01,
    0xFF, 0xB0, 0x7F, 0xF2, 0x00, 0x00, 0x00, 0xEF, 0xC0, 0x7F, 0xF2, 0x00, 0x00, 0x01, 0xFF, 0xB0,
    0x7F, 0xF2, 0x00, 0x00, 0x07, 0xFF, 0x70, 0x7F, 0xF2, 0x00, 0x02, 0x8F, 0xFE, 0x10, 0x7F, 0xFF,
    0xFF, 0xFF, 0xFF, 0xE4, 0x00, 0x7F, 0xFF, 0xFF, 0xFE, 0xC8, 0x10, 0x00, 0x7F, 0xF2, 0x00, 0x00,
    0x00, 0x00, 0x00, 0x7F, 0xF2, 0x00, 0x00, 0x00, 0x00, 0x00, 0x7F, 0xF2, 0x00, 0x00, 0x00, 0x00,
    0x00, 0x7F, 0xF2, 0x00, 0x00, 0x00, 0x00, 0x00, 0x7F, 0xF2, 0x00, 0x00, 0x00, 0x00, 0x00, 0x00,
    0x28, 0xDE, 0xFD, 0x92, 0x00, 0x00, 0x04, 0xEF, 0xFF, 0xFF, 0xFE, 0x30, 0x00, 0x1E, 0xFD, 0x51,
    0x14, 0xCF, 0xD0, 0x00, 0x6F, 0xF3, 0x00, 0x00, 0x1E, 0xF5, 0x00, 0x9F, 0xD0, 0x00, 0x00, 0x2D,
    0xF8, 0x00, 0xAF, 0xB0, 0x00, 0x2B, 0xFF, 0xE7, 0x00, 0xAF, 0xB0, 0x01, 0xEF, 0xA3, 0x00, 0x00,
    0xAF, 0xB0, 0x08, 0xFC, 0x00, 0x00, 0x00, 0xAF, 0xB0, 0x0A, 0xF9, 0x00, 0x00, 0x00, 0xAF, 0xB0,
    0x09, 0xFE, 0x10, 0x00, 0x00, 0xAF, 0xB0, 0x03, 0xFF, 0xD4, 0x00, 0x00, 0xAF, 0xB0, 0x00, 0x5E,
    0xFF, 0x91, 0x00, 0xAF, 0xB0, 0x00, 0x02, 0xBF, 0xFC, 0x10, 0xAF, 0xB0, 0x00, 0x00, 0x06, 0xFF,
    0xA0, 0xAF, 0xB0, 0x00, 0x00, 0x00, 0x7F, 0xF1, 0xAF, 0xB0, 0x00, 0x00, 0x00, 0x4F, 0xF2, 0xAF,
    0xB0, 0x00, 0x00, 0x00, 0x6F, 0xF1, 0xAF, 0xB0, 0xA7, 0x31, 0x15, 0xEF, 0xB0, 0xAF, 0xB0, 0xCF,
    0xFF, 0xFF, 0xFE, 0x20, 0xAF, 0xB0, 0x28, 0xDF, 0xEC, 0x81, 0x00, 0x00, 0x6F, 0xE2, 0x00, 0x00,
    0x00, 0x00, 0x00, 0x08, 0xFB, 0x00, 0x00, 0x00, 0x00, 0x00, 0x00, 0xBF, 0x70, 0x00, 0x00, 0x00,
    0x00, 0x00, 0x1D, 0xF3, 0x00, 0x00, 0x00, 0x00, 0x00, 0x02, 0xED, 0x10, 0x00, 0x00, 0x00, 0x00,
    0x00, 0x00, 0x00, 0x00, 0x00, 0x00, 0x00, 0x00, 0x00, 0x00, 0x00, 0x00, 0x00, 0x49, 0xCD, 0xFE,
    0xC7, 0x10, 0x00, 0x06, 0xFF, 0xFF, 0xFF, 0xFF, 0xD2, 0x00, 0x05, 0xB5, 0x31, 0x12, 0x7E, 0xFC,
    0x00, 0x00, 0x00, 0x00, 0x00, 0x02, 0xFF, 0x30, 0x00, 0x00, 0x00, 0x00, 0x00, 0xCF, 0x70, 0x00,
    0x17, 0xBE, 0xFF, 0xFF, 0xFF, 0x80, 0x04, 0xEF, 0xFF, 0xFF, 0xFF, 0xFF, 0x90, 0x1E, 0xFD, 0x62,
    0x10, 0x00, 0xCF, 0x90, 0x4F, 0xF2, 0x00, 0x00, 0x00, 0xDF, 0x90, 0x6F, 0xE0, 0x00, 0x00, 0x02,
    0xFF, 0x90, 0x5F, 0xF2, 0x00, 0x00, 0x0B, 0xFF, 0x90, 0x1F, 0xFC, 0x41, 0x14, 0xCD, 0xCF, 0x90,
    0x07, 0xFF, 0xFF, 0xFF, 0xE3, 0xCF, 0x90, 0x00, 0x4B, 0xEF, 0xD9, 0x20, 0xCF, 0x90, 0x00, 0x00,
    0x00, 0x02, 0xEF, 0x60, 0x00, 0x00, 0x00, 0x00, 0x0B, 0xF9, 0x00, 0x00, 0x00, 0x00, 0x00, 0x7F,
    0xB0, 0x00, 0x00, 0x00, 0x00, 0x03, 0xFD, 0x10, 0x00, 0x00, 0x00, 0x00, 0x1D, 0xE3, 0x00, 0x00,
    0x00, 0x00, 0x00, 0x00, 0x00, 0x00, 0x00, 0x00, 0x00, 0x00, 0x00, 0x00, 0x00, 0x00, 0x00, 0x00,
    0x49, 0xCD, 0xFE, 0xC7, 0x10, 0x00, 0x06, 0xFF, 0xFF, 0xFF, 0xFF, 0xD2, 0x00, 0x05, 0xB5, 0x31,
    0x12, 0x7E, 0xFC, 0x00, 0x00, 0x00, 0x00, 0x00, 0x02, 0xFF, 0x30, 0x00, 0x00, 0x00, 0x00, 0x00,
    0xCF, 0x70, 0x00, 0x17, 0xBE, 0xFF, 0xFF, 0xFF, 0x80, 0x04, 0xEF, 0xFF, 0xFF, 0xFF, 0xFF, 0x90,
    0x1E, 0xFD, 0x62, 0x10, 0x00, 0xCF, 0x90, 0x4F, 0xF2, 0x00, 0x00, 0x00, 0xDF, 0x90, 0x6F, 0xE0,
    0x00, 0x00, 0x02, 0xFF, 0x90, 0x5F, 0xF2, 0x00, 0x00, 0x0B, 0xFF, 0x90, 0x1F, 0xFC, 0x41, 0x14,
    0xCD, 0xCF, 0x90, 0x07, 0xFF, 0xFF, 0xFF, 0xE3, 0xCF, 0x90, 0x00, 0x4B, 0xEF, 0xD9, 0x20, 0xCF,
    0x90, 0x00, 0x00, 0x0B, 0xFC, 0x00, 0x00, 0x00, 0x00, 0x00, 0x5F, 0xEF, 0x60, 0x00, 0x00, 0x00,
    0x01, 0xDE, 0x2D, 0xE1, 0x00, 0x00, 0x00, 0x09, 0xF5, 0x03, 0xFA, 0x00, 0x00, 0x00, 0x3F, 0x90,
    0x00, 0x8F, 0x40, 0x00, 0x00, 0x00, 0x00, 0x00, 0x00, 0x00, 0x00, 0x00, 0x00, 0x00, 0x00, 0x00,
    0x00, 0x00, 0x00, 0x49, 0xCD, 0xFE, 0xC7, 0x10, 0x00, 0x06, 0xFF, 0xFF, 0xFF, 0xFF, 0xD2, 0x00,
    0x05, 0xB5, 0x31, 0x12, 0x7E, 0xFC, 0x00, 0x00, 0x00, 0x00, 0x00, 0x02, 0xFF, 0x30, 0x00, 0x00,
    0x00, 0x00, 0x00, 0xCF, 0x70, 0x00, 0x17, 0xBE, 0xFF, 0xFF, 0xFF, 0x80, 0x04, 0xEF, 0xFF, 0xFF,
    0xFF, 0xFF, 0x90, 0x1E, 0xFD, 0x62, 0x10, 0x00, 0xCF, 0x90, 0x4F, 0xF2, 0x00, 0x00, 0x00, 0xDF,
    0x90, 0x6F, 0xE0, 0x00, 0x00, 0x02, 0xFF, 0x90, 0x5F, 0xF2, 0x00, 0x00, 0x0B, 0xFF, 0x90, 0x1F,
    0xFC, 0x41, 0x14, 0xCD, 0xCF, 0x90, 0x07, 0xFF, 0xFF, 0xFF, 0xE3, 0xCF, 0x90, 0x00, 0x4B, 0xEF,
    0xD9, 0x20, 0xCF, 0x90, 0x00, 0x07, 0xEC, 0x30, 0x0D, 0xA0, 0x00, 0x00, 0x2F, 0xFF, 0xE3, 0x3F,
    0x80, 0x00, 0x00, 0x7F, 0x42, 0xDF, 0xFF, 0x40, 0x00, 0x00, 0x9F, 0x00, 0x2C, 0xE8, 0x00, 0x00,
    0x00, 0x00, 0x00, 0x00, 0x00, 0x00, 0x00, 0x00, 0x00, 0x00, 0x00, 0x00, 0x00, 0x00, 0x00, 0x49,
    0xCD, 0xFE, 0xC7, 0x10, 0x00, 0x06, 0xFF, 0xFF, 0xFF, 0xFF, 0xD2, 0x00, 0x05, 0xB5, 0x31, 0x12,
    0x7E, 0xFC, 0x00, 0x00, 0x00, 0x00, 0x00, 0x02, 0xFF, 0x30, 0x00, 0x00, 0x00, 0x00, 0x00, 0xCF,
    0x70, 0x00, 0x17, 0xBE, 0xFF, 0xFF, 0xFF, 0x80, 0x04, 0xEF, 0xFF, 0xFF, 0xFF, 0xFF, 0x90, 0x1E,
    0xFD, 0x62, 0x10, 0x00, 0xCF, 0x90, 0x4F, 0xF2, 0x00, 0x00, 0x00, 0xDF, 0x90, 0x6F, 0xE0, 0x00,
    0x00, 0x02, 0xFF, 0x90, 0x5F, 0xF2, 0x00, 0x00, 0x0B, 0xFF, 0x90, 0x1F, 0xFC, 0x41, 0x14, 0xCD,
    0xCF, 0x90, 0x07, 0xFF, 0xFF, 0xFF, 0xE3, 0xCF, 0x90, 0x00, 0x4B, 0xEF, 0xD9, 0x20, 0xCF, 0x90,
    0x00, 0x3F, 0xF5, 0x04, 0xFF, 0x50, 0x00, 0x00, 0x3F, 0xF5, 0x04, 0xFF, 0x50, 0x00, 0x00, 0x3F,
    0xF5, 0x04, 0xFF, 0x50, 0x00, 0x00, 0x00, 0x00, 0x00, 0x00, 0x00, 0x00, 0x00, 0x00, 0x00, 0x00,
    0x00, 0x00, 0x00, 0x00, 0x00, 0x00, 0x00, 0x00, 0x00, 0x00, 0x00, 0x49, 0xCD, 0xFE, 0xC7, 0x10,
    0x00, 0x06, 0xFF, 0xFF, 0xFF, 0xFF, 0xD2, 0x00, 0x05, 0xB5, 0x31, 0x12, 0x7E, 0xFC, 0x00, 0x00,
    0x00, 0x00, 0x00, 0x02, 0xFF, 0x30, 0x00, 0x00, 0x00, 0x00, 0x00, 0xCF, 0x70, 0x00, 0x17, 0xBE,
    0xFF, 0xFF, 0xFF, 0x80, 0x04, 0xEF, 0xFF, 0xFF, 0xFF, 0xFF, 0x90, 0x1E, 0xFD, 0x62, 0x10, 0x00,
    0xCF, 0x90, 0x4F, 0xF2, 0x00, 0x00, 0x00, 0xDF, 0x90, 0x6F, 0xE0, 0x00, 0x00, 0x02, 0xFF, 0x90,
    0x5F, 0xF2, 0x00, 0x00, 0x0B, 0xFF, 0x90, 0x1F, 0xFC, 0x41, 0x14, 0xCD, 0xCF, 0x90, 0x07, 0xFF,
    0xFF, 0xFF, 0xE3, 0xCF, 0x90, 0x00, 0x4B, 0xEF, 0xD9, 0x20, 0xCF, 0x90, 0x00, 0x00, 0x5C, 0xFD,
    0x60, 0x00, 0x00, 0x00, 0x04, 0xFF, 0xFF, 0xF6, 0x00, 0x00, 0x00, 0x0B, 0xE4, 0x13, 0xED, 0x00,
    0x00, 0x00, 0x0D, 0xA0, 0x00, 0x9F, 0x00, 0x00, 0x00, 0x0B, 0xE4, 0x03, 0xED, 0x00, 0x00, 0x00,
    0x04, 0xFF, 0xFF, 0xF6, 0x00, 0x00, 0x00, 0x00, 0x5C, 0xFD, 0x60, 0x00, 0x00, 0x00, 0x00, 0x00,
    0x00, 0x00, 0x00, 0x00, 0x00, 0x00, 0x00, 0x00, 0x00, 0x00, 0x00, 0x00, 0x49, 0xCD, 0xFE, 0xC7,
    0x10, 0x00, 0x06, 0xFF, 0xFF, 0xFF, 0xFF, 0xD2, 0x00, 0x05, 0xB5, 0x31, 0x12, 0x7E, 0xFC, 0x00,
    0x00, 0x00, 0x00, 0x00, 0x02, 0xFF, 0x30, 0x00, 0x00, 0x00, 0x00, 0x00, 0xCF, 0x70, 0x00, 0x17,
    0xBE, 0xFF, 0xFF, 0xFF, 0x80, 0x04, 0xEF, 0xFF, 0xFF, 0xFF, 0xFF, 0x90, 0x1E, 0xFD, 0x62, 0x10,
    0x00, 0xCF, 0x90, 0x4F, 0xF2, 0x00, 0x00, 0x00, 0xDF, 0x90, 0x6F, 0xE0, 0x00, 0x00, 0x02, 0xFF,
    0x90, 0x5F, 0xF2, 0x00, 0x00, 0x0B, 0xFF, 0x90, 0x1F, 0xFC, 0x41, 0x14, 0xCD, 0xCF, 0x90, 0x07,
    0xFF, 0xFF, 0xFF, 0xE3, 0xCF, 0x90, 0x00, 0x4B, 0xEF, 0xD9, 0x20, 0xCF, 0x90, 0x00, 0x49, 0xCE,
    0xFE, 0xB7, 0x10, 0x04, 0xAD, 0xEE, 0xC8, 0x10, 0x00, 0x06, 0xFF, 0xFF, 0xFF, 0xFF, 0xE4, 0xBF,
    0xFF, 0xFF, 0xFF, 0xE3, 0x00, 0x05, 0xB5, 0x31, 0x12, 0x7E, 0xFF, 0xFF, 0x93, 0x01, 0x4D, 0xFE,
    0x10, 0x00, 0x00, 0x00, 0x00, 0x02, 0xFF, 0xF8, 0x00, 0x00, 0x01, 0xDF, 0x90, 0x00, 0x00, 0x00,
    0x00, 0x00, 0xCF, 0xD0, 0x00, 0x00, 0x00, 0x7F, 0xD0, 0x00, 0x17, 0xBE, 0xFF, 0xFF, 0xFF, 0x90,
    0x00, 0x00, 0x00, 0x3F, 0xF1, 0x04, 0xEF, 0xFF, 0xFF, 0xFF, 0xFF, 0xFF, 0xFF, 0xFF, 0xFF, 0xFF,
    0xF2, 0x1E, 0xFD, 0x62, 0x10, 0x00, 0xCF, 0xFF, 0xFF, 0xFF, 0xFF, 0xFF, 0xF2, 0x4F, 0xF2, 0x00,
    0x00, 0x00, 0xCF, 0x80, 0x00, 0x00, 0x00, 0x00, 0x00, 0x6F, 0xE0, 0x00, 0x00, 0x01, 0xFF, 0xC0,
    0x00, 0x00, 0x00, 0x00, 0x00, 0x5F, 0xF2, 0x00, 0x00, 0x0A, 0xFF, 0xF6, 0x00, 0x00, 0x00, 0x00,
    0x00, 0x1F, 0xFC, 0x41, 0x14, 0xBF, 0xB7, 0xFF, 0xA4, 0x10, 0x13, 0x6A, 0x80, 0x06, 0xFF, 0xFF,
    0xFF, 0xFB, 0x10, 0x7F, 0xFF, 0xFF, 0xFF, 0xFF, 0x90, 0x00, 0x4A, 0xEF, 0xEB, 0x50, 0x00, 0x02,
    0x8C, 0xEF, 0xDC, 0x95, 0x10, 0x00, 0x01, 0x7B, 0xEF, 0xDB, 0x71, 0x00, 0x4E, 0xFF, 0xFF, 0xFF,
    0xFA, 0x03, 0xEF, 0xE6, 0x20, 0x24, 0x89, 0x0C, 0xFE, 0x20, 0x00, 0x00, 0x00, 0x3F, 0xF6, 0x00,
    0x00, 0x00, 0x00, 0x6F, 0xF1, 0x00, 0x00, 0x00, 0x00, 0x8F, 0xE0, 0x00, 0x00, 0x00, 0x00, 0x8F,
    0xE0, 0x00, 0x00, 0x00, 0x00, 0x6F, 0xF1, 0x00, 0x00, 0x00, 0x00, 0x3F, 0xF6, 0x00, 0x00, 0x00,
    0x00, 0x0C, 0xFE, 0x20, 0x00, 0x00, 0x00, 0x03, 0xEF, 0xE6, 0x20, 0x14, 0x89, 0x00, 0x4E, 0xFF,
    0xFF, 0xFF, 0xFA, 0x00, 0x01, 0x7C, 0xEF, 0xDB, 0x71, 0x00, 0x00, 0x00, 0x0B, 0xB0, 0x00, 0x00,
    0x00, 0x00, 0x02, 0xF6, 0x00, 0x00, 0x00, 0x00, 0x05, 0xFB, 0x00, 0x00, 0x00, 0x8F, 0xFF, 0xF9,
    0x00, 0x00, 0x00, 0x5D, 0xFE, 0xA1, 0x00, 0x00, 0x0A, 0xFB, 0x00, 0x00, 0x00, 0x00, 0x00, 0x01,
    0xCF, 0x70, 0x00, 0x00, 0x00, 0x00, 0x00, 0x2E, 0xF3, 0x00, 0x00, 0x00, 0x00, 0x00, 0x03, 0xFD,
    0x10, 0x00, 0x00, 0x00, 0x00, 0x00, 0x5F, 0xA0, 0x00, 0x00, 0x00, 0x00, 0x00, 0x00, 0x00, 0x00,
    0x00, 0x00, 0x00, 0x00, 0x00, 0x00, 0x00, 0x00, 0x00, 0x01, 0x7C, 0xEF, 0xEA, 0x40, 0x00, 0x00,
    0x4E, 0xFF, 0xFF, 0xFF, 0xF9, 0x00, 0x03, 0xEF, 0xD5, 0x10, 0x28, 0xFF, 0x70, 0x0B, 0xFD, 0x10,
    0x00, 0x00, 0x7F, 0xE1, 0x3F, 0xF5, 0x00, 0x00, 0x00, 0x0E, 0xF5, 0x6F, 0xF1, 0x00, 0x00, 0x00,
    0x0C, 0xF8, 0x8F, 0xFF, 0xFF, 0xFF, 0xFF, 0xFF, 0xF9, 0x8F, 0xFF, 0xFF, 0xFF, 0xFF, 0xFF, 0xF9,
    0x7F, 0xE0, 0x00, 0x00, 0x00, 0x00, 0x00, 0x3F, 0xF4, 0x00, 0x00, 0x00, 0x00, 0x00, 0x0C, 0xFC,
    0x10, 0x00, 0x00, 0x00, 0x00, 0x03, 0xEF, 0xD6, 0x20, 0x12, 0x48, 0xC1, 0x00, 0x3D, 0xFF, 0xFF,
    0xFF, 0xFF, 0xF1, 0x00, 0x01, 0x6B, 0xEF, 0xED, 0xB7, 0x20, 0x00, 0x00, 0x00, 0x00, 0x5F, 0xE3,
    0x00, 0x00, 0x00, 0x00, 0x02, 0xEF, 0x50, 0x00, 0x00, 0x00, 0x00, 0x0B, 0xF7, 0x00, 0x00, 0x00,
    0x00, 0x00, 0x7F, 0xA0, 0x00, 0x00, 0x00, 0x00, 0x03, 0xFC, 0x10, 0x00, 0x00, 0x00, 0x00, 0x00,
    0x00, 0x00, 0x00, 0x00, 0x00, 0x00, 0x00, 0x00, 0x00, 0x00, 0x00, 0x00, 0x01, 0x7C, 0xEF, 0xEA,
    0x40, 0x00, 0x00, 0x4E, 0xFF, 0xFF, 0xFF, 0xF9, 0x00, 0x03, 0xEF, 0xD5, 0x10, 0x28, 0xFF, 0x70,
    0x0B, 0xFD, 0x10, 0x00, 0x00, 0x7F, 0xE1, 0x3F, 0xF5, 0x00, 0x00, 0x00, 0x0E, 0xF5, 0x6F, 0xF1,
    0x00, 0x00, 0x00, 0x0C, 0xF8, 0x8F, 0xFF, 0xFF, 0xFF, 0xFF, 0xFF, 0xF9, 0x8F, 0xFF, 0xFF, 0xFF,
    0xFF, 0xFF, 0xF9, 0x7F, 0xE0, 0x00, 0x00, 0x00, 0x00, 0x00, 0x3F, 0xF4, 0x00, 0x00, 0x00, 0x00,
    0x00, 0x0C, 0xFC, 0x10, 0x00, 0x00, 0x00, 0x00, 0x03, 0xEF, 0xD6, 0x20, 0x12, 0x48, 0xC1, 0x00,
    0x3D, 0xFF, 0xFF, 0xFF, 0xFF, 0xF1, 0x00, 0x01, 0x6B, 0xEF, 0xED, 0xB7, 0x20, 0x00, 0x00, 0x01,
    0xEF, 0x80, 0x00, 0x00, 0x00, 0x00, 0x09, 0xFE, 0xF2, 0x00, 0x00, 0x00, 0x00, 0x3F, 0xB3, 0xFB,
    0x00, 0x00, 0x00, 0x00, 0xCE, 0x20, 0x8F, 0x60, 0x00, 0x00, 0x07, 0xF5, 0x00, 0x0C, 0xE1, 0x00,
    0x00, 0x00, 0x00, 0x00, 0x00, 0x00, 0x00, 0x00, 0x00, 0x00, 0x00, 0x00, 0x00, 0x00, 0x00, 0x01,
    0x7C, 0xEF, 0xEA, 0x40, 0x00, 0x00, 0x4E, 0xFF, 0xFF, 0xFF, 0xF9, 0x00, 0x03, 0xEF, 0xD5, 0x10,
    0x28, 0xFF, 0x70, 0x0B, 0xFD, 0x10, 0x00, 0x00, 0x7F, 0xE1, 0x3F, 0xF5, 0x00, 0x00, 0x00, 0x0E,
    0xF5, 0x6F, 0xF1, 0x00, 0x00, 0x00, 0x0C, 0xF8, 0x8F, 0xFF, 0xFF, 0xFF, 0xFF, 0xFF, 0xF9, 0x8F,
    0xFF, 0xFF, 0xFF, 0xFF, 0xFF, 0xF9, 0x7F, 0xE0, 0x00, 0x00, 0x00, 0x00, 0x00, 0x3F, 0xF4, 0x00,
    0x00, 0x00, 0x00, 0x00, 0x0C, 0xFC, 0x10, 0x00, 0x00, 0x00, 0x00, 0x03, 0xEF, 0xD6, 0x20, 0x12,
    0x48, 0xC1, 0x00, 0x3D, 0xFF, 0xFF, 0xFF, 0xFF, 0xF1, 0x00, 0x01, 0x6B, 0xEF, 0xED, 0xB7, 0x20,
    0x00, 0x08, 0xFF, 0x10, 0x8F, 0xF0, 0x00, 0x00, 0x08, 0xFF, 0x10, 0x8F, 0xF0, 0x00, 0x00, 0x08,
    0xFF, 0x10, 0x8F, 0xF0, 0x00, 0x00, 0x00, 0x00, 0x00, 0x00, 0x00, 0x00, 0x00, 0x00, 0x00, 0x00,
    0x00, 0x00, 0x00, 0x00, 0x00, 0x00, 0x00, 0x00, 0x00, 0x00, 0x00, 0x01, 0x7C, 0xEF, 0xEA, 0x40,
    0x00, 0x00, 0x4E, 0xFF, 0xFF, 0xFF, 0xF9, 0x00, 0x03, 0xEF, 0xD5, 0x10, 0x28, 0xFF, 0x70, 0x0B,
    0xFD, 0x10, 0x00, 0x00, 0x7F, 0xE1, 0x3F, 0xF5, 0x00, 0x00, 0x00, 0x0E, 0xF5, 0x6F, 0xF1, 0x00,
    0x00, 0x00, 0x0C, 0xF8, 0x8F, 0xFF, 0xFF, 0xFF, 0xFF, 0xFF, 0xF9, 0x8F, 0xFF, 0xFF, 0xFF, 0xFF,
    0xFF, 0xF9, 0x7F, 0xE0, 0x00, 0x00, 0x00, 0x00, 0x00, 0x3F, 0xF4, 0x00, 0x00, 0x00, 0x00, 0x00,
    0x0C, 0xFC, 0x10, 0x00, 0x00, 0x00, 0x00, 0x03, 0xEF, 0xD6, 0x20, 0x12, 0x48, 0xC1, 0x00, 0x3D,
    0xFF, 0xFF, 0xFF, 0xFF, 0xF1, 0x00, 0x01, 0x6B, 0xEF, 0xED, 0xB7, 0x20, 0x5F, 0xF3, 0x00, 0x00,
    0x07, 0xFC, 0x00, 0x00, 0x00, 0xAF, 0x90, 0x00, 0x00, 0x0C, 0xF4, 0x00, 0x00, 0x01, 0xDE, 0x10,
    0x00, 0x00, 0x00, 0x00, 0x00, 0x00, 0x00, 0x00, 0x00, 0x08, 0xFC, 0x00, 0x00, 0x08, 0xFC, 0x00,
    0x00, 0x08, 0xFC, 0x00, 0x00, 0x08, 0xFC, 0x00, 0x00, 0x08, 0xFC, 0x00, 0x00, 0x08, 0xFC, 0x00,
    0x00, 0x08, 0xFC, 0x00, 0x00, 0x08, 0xFC, 0x00, 0x00, 0x08, 0xFC, 0x00, 0x00, 0x08, 0xFC, 0x00,
    0x00, 0x08, 0xFC, 0x00, 0x00, 0x08, 0xFC, 0x00, 0x00, 0x08, 0xFC, 0x00, 0x00, 0x08, 0xFC, 0x00,
    0x00, 0x1D, 0xF8, 0x00, 0xAF, 0xA0, 0x06, 0xFC, 0x10, 0x2E, 0xE2, 0x00, 0xCF, 0x30, 0x00, 0x00,
    0x00, 0x00, 0x00, 0x00, 0x00, 0x8F, 0xC0, 0x00, 0x8F, 0xC0, 0x00, 0x8F, 0xC0, 0x00, 0x8F, 0xC0,
    0x00, 0x8F, 0xC0, 0x00, 0x8F, 0xC0, 0x00, 0x8F, 0xC0, 0x00, 0x8F, 0xC0, 0x00, 0x8F, 0xC0, 0x00,
    0x8F, 0xC0, 0x00, 0x8F, 0xC0, 0x00, 0x8F, 0xC0, 0x00, 0x8F, 0xC0, 0x00, 0x8F, 0xC0, 0x00, 0x00,
    0x09, 0xFD, 0x00, 0x00, 0x00, 0x4F, 0xEF, 0x70, 0x00, 0x00, 0xDE, 0x2C, 0xF2, 0x00, 0x07, 0xF6,
    0x03, 0xFB, 0x00, 0x2F, 0xA0, 0x00, 0x7F, 0x50, 0x00, 0x00, 0x00, 0x00, 0x00, 0x00, 0x00, 0x00,
    0x00, 0x00, 0x00, 0x08, 0xFC, 0x00, 0x00, 0x00, 0x08, 0xFC, 0x00, 0x00, 0x00, 0x08, 0xFC, 0x00,
    0x00, 0x00, 0x08, 0xFC, 0x00, 0x00, 0x00, 0x08, 0xFC, 0x00, 0x00, 0x00, 0x08, 0xFC, 0x00, 0x00,
    0x00, 0x08, 0xFC, 0x00, 0x00, 0x00, 0x08, 0xFC, 0x00, 0x00, 0x00, 0x08, 0xFC, 0x00, 0x00, 0x00,
    0x08, 0xFC, 0x00, 0x00, 0x00, 0x08, 0xFC, 0x00, 0x00, 0x00, 0x08, 0xFC, 0x00, 0x00, 0x00, 0x08,
    0xFC, 0x00, 0x00, 0x00, 0x08, 0xFC, 0x00, 0x00, 0x2F, 0xF7, 0x03, 0xFF, 0x60, 0x2F, 0xF7, 0x03,
    0xFF, 0x60, 0x2F, 0xF7, 0x03, 0xFF, 0x60, 0x00, 0x00, 0x00, 0x00, 0x00, 0x00, 0x00, 0x00, 0x00,
    0x00, 0x00, 0x00, 0x00, 0x00, 0x00, 0x00, 0x08, 0xFC, 0x00, 0x00, 0x00, 0x08, 0xFC, 0x00, 0x00,
    0x00, 0x08, 0xFC, 0x00, 0x00, 0x00, 0x08, 0xFC, 0x00, 0x00, 0x00, 0x08, 0xFC, 0x00, 0x00, 0x00,
    0x08, 0xFC, 0x00, 0x00, 0x00, 0x08, 0xFC, 0x00, 0x00, 0x00, 0x08, 0xFC, 0x00, 0x00, 0x00, 0x08,
    0xFC, 0x00, 0x00, 0x00, 0x08, 0xFC, 0x00, 0x00, 0x00, 0x08, 0xFC, 0x00, 0x00, 0x00, 0x08, 0xFC,
    0x00, 0x00, 0x00, 0x08, 0xFC, 0x00, 0x00, 0x00, 0x08, 0xFC, 0x00, 0x00, 0x00, 0x09, 0xFF, 0x40,
    0x00, 0x25, 0x00, 0x00, 0x00, 0xBF, 0xE4, 0x7C, 0xFD, 0x00, 0x00, 0x00, 0x2E, 0xFF, 0xE9, 0x40,
    0x00, 0x01, 0x6B, 0xFE, 0xEF, 0xB0, 0x00, 0x00, 0x02, 0xFA, 0x51, 0x4F, 0xFA, 0x00, 0x00, 0x00,
    0x10, 0x00, 0x06, 0xFF, 0x70, 0x00, 0x00, 0x02, 0x9D, 0xFE, 0xFF, 0xF4, 0x00, 0x00, 0x5F, 0xFF,
    0xFF, 0xFF, 0xFE, 0x10, 0x04, 0xFF, 0xD5, 0x10, 0x27, 0xFF, 0x70, 0x0C, 0xFD, 0x10, 0x00, 0x00,
    0xAF, 0xD0, 0x3F, 0xF5, 0x00, 0x00, 0x00, 0x5F, 0xF3, 0x7F, 0xF1, 0x00, 0x00, 0x00, 0x2F, 0xF5,
    0x8F, 0xE0, 0x00, 0x00, 0x00, 0x0F, 0xF7, 0x8F, 0xE0, 0x00, 0x00, 0x00, 0x0F, 0xF7, 0x6F, 0xF1,
    0x00, 0x00, 0x00, 0x2F, 0xF5, 0x3F, 0xF5, 0x00, 0x00, 0x00, 0x7F, 0xF2, 0x0C, 0xFD, 0x10, 0x00,
    0x01, 0xEF, 0xB0, 0x03, 0xFF, 0xC4, 0x11, 0x5D, 0xFE, 0x20, 0x00, 0x5E, 0xFF, 0xFF, 0xFF, 0xE4,
    0x00, 0x00, 0x02, 0x8D, 0xEE, 0xC8, 0x10, 0x00, 0x00, 0x08, 0xEC, 0x20, 0x0F, 0x90, 0x00, 0x00,
    0x4F, 0xFF, 0xD2, 0x4F, 0x70, 0x00, 0x00, 0x9F, 0x23, 0xEF, 0xFF, 0x20, 0x00, 0x00, 0xAD, 0x00,
    0x3C, 0xE7, 0x00, 0x00, 0x00, 0x00, 0x00, 0x00, 0x00, 0x00, 0x00, 0x00, 0x00, 0x00, 0x00, 0x00,
    0x00, 0x00, 0xAF, 0xB0, 0x29, 0xDF, 0xD8, 0x10, 0x00, 0xAF, 0xB3, 0xEF, 0xFF, 0xFF, 0xD1, 0x00,
    0xAF, 0xCD, 0xA3, 0x01, 0x7F, 0xF8, 0x00, 0xAF, 0xF9, 0x00, 0x00, 0x09, 0xFE, 0x00, 0xAF, 0xF1,
    0x00, 0x00, 0x04, 0xFF, 0x20, 0xAF, 0xC0, 0x00, 0x00, 0x02, 0xFF, 0x30, 0xAF, 0xB0, 0x00, 0x00,
    0x01, 0xFF, 0x40, 0xAF, 0xB0, 0x00, 0x00, 0x01, 0xFF, 0x40, 0xAF, 0xB0, 0x00, 0x00, 0x01, 0xFF,
    0x40, 0xAF, 0xB0, 0x00, 0x00, 0x01, 0xFF, 0x40, 0xAF, 0xB0, 0x00, 0x00, 0x01, 0xFF, 0x40, 0xAF,
    0xB0, 0x00, 0x00, 0x01, 0xFF, 0x40, 0xAF, 0xB0, 0x00, 0x00, 0x01, 0xFF, 0x40, 0xAF, 0xB0, 0x00,
    0x00, 0x01, 0xFF, 0x40, 0x00, 0x1D, 0xF7, 0x00, 0x00, 0x00, 0x00, 0x00, 0x03, 0xEF, 0x30, 0x00,
    0x00, 0x00, 0x00, 0x00, 0x5F, 0xD1, 0x00, 0x00, 0x00, 0x00, 0x00, 0x07, 0xF9, 0x00, 0x00, 0x00,
    0x00, 0x00, 0x00, 0xAF, 0x50, 0x00, 0x00, 0x00, 0x00, 0x00, 0x00, 0x00, 0x00, 0x00, 0x00, 0x00,
    0x00, 0x00, 0x00, 0x00, 0x00, 0x00, 0x02, 0x9D, 0xEE, 0xD9, 0x20, 0x00, 0x00, 0x6F, 0xFF, 0xFF,
    0xFF, 0xF5, 0x00, 0x05, 0xFF, 0xC4, 0x11, 0x5D, 0xFF, 0x30, 0x0D, 0xFD, 0x10, 0x00, 0x01, 0xEF,
    0xC0, 0x3F, 0xF5, 0x00, 0x00, 0x00, 0x7F, 0xF2, 0x7F, 0xF1, 0x00, 0x00, 0x00, 0x2F, 0xF5, 0x8F,
    0xE0, 0x00, 0x00, 0x00, 0x0F, 0xF7, 0x8F, 0xE0, 0x00, 0x00, 0x00, 0x0F, 0xF7, 0x7F, 0xF1, 0x00,
    0x00, 0x00, 0x2F, 0xF5, 0x3F, 0xF5, 0x00, 0x00, 0x00, 0x6F, 0xF2, 0x0D, 0xFC, 0x10, 0x00, 0x01,
    0xEF, 0xC0, 0x05, 0xFF, 0xC4, 0x11, 0x5D, 0xFF, 0x30, 0x00, 0x6F, 0xFF, 0xFF, 0xFF, 0xF5, 0x00,
    0x00, 0x02, 0x9D, 0xEE, 0xD9, 0x20, 0x00, 0x00, 0x00, 0x00, 0x00, 0xAF, 0xC1, 0x00, 0x00, 0x00,
    0x00, 0x05, 0xFE, 0x20, 0x00, 0x00, 0x00, 0x00, 0x2E, 0xF3, 0x00, 0x00, 0x00, 0x00, 0x00, 0xBF,
    0x50, 0x00, 0x00, 0x00, 0x00, 0x07, 0xF8, 0x00, 0x00, 0x00, 0x00, 0x00, 0x00, 0x00, 0x00, 0x00,
    0x00, 0x00, 0x00, 0x00, 0x00, 0x00, 0x00, 0x00, 0x00, 0x02, 0x9D, 0xEE, 0xD9, 0x20, 0x00, 0x00,
    0x6F, 0xFF, 0xFF, 0xFF, 0xF5, 0x00, 0x05, 0xFF, 0xC4, 0x11, 0x5D, 0xFF, 0x30, 0x0D, 0xFD, 0x10,
    0x00, 0x01, 0xEF, 0xC0, 0x3F, 0xF5, 0x00, 0x00, 0x00, 0x7F, 0xF2, 0x7F, 0xF1, 0x00, 0x00, 0x00,
    0x2F, 0xF5, 0x8F, 0xE0, 0x00, 0x00, 0x00, 0x0F, 0xF7, 0x8F, 0xE0, 0x00, 0x00, 0x00, 0x0F, 0xF7,
    0x7F, 0xF1, 0x00, 0x00, 0x00, 0x2F, 0xF5, 0x3F, 0xF5, 0x00, 0x00, 0x00, 0x6F, 0xF2, 0x0D, 0xFC,
    0x10, 0x00, 0x01, 0xEF, 0xC0, 0x05, 0xFF, 0xC4, 0x11, 0x5D, 0xFF, 0x30, 0x00, 0x6F, 0xFF, 0xFF,
    0xFF, 0xF5, 0x00, 0x00, 0x02, 0x9D, 0xEE, 0xD9, 0x20, 0x00, 0x00, 0x00, 0x04, 0xFF, 0x30, 0x00,
    0x00, 0x00, 0x00, 0x1D, 0xEF, 0xC0, 0x00, 0x00, 0x00, 0x00, 0x8F, 0x68, 0xF7, 0x00, 0x00, 0x00,
    0x03, 0xFB, 0x00, 0xCE, 0x20, 0x00, 0x00, 0x0C, 0xE1, 0x00, 0x2E, 0xA0, 0x00, 0x00, 0x00, 0x00,
    0x00, 0x00, 0x00, 0x00, 0x00, 0x00, 0x00, 0x00, 0x00, 0x00, 0x00, 0x00, 0x02, 0x9D, 0xEE, 0xD9,
    0x20, 0x00, 0x00, 0x6F, 0xFF, 0xFF, 0xFF, 0xF5, 0x00, 0x05, 0xFF, 0xC4, 0x11, 0x5D, 0xFF, 0x30,
    0x0D, 0xFD, 0x10, 0x00, 0x01, 0xEF, 0xC0, 0x3F, 0xF5, 0x00, 0x00, 0x00, 0x7F, 0xF2, 0x7F, 0xF1,
    0x00, 0x00, 0x00, 0x2F, 0xF5, 0x8F, 0xE0, 0x00, 0x00, 0x00, 0x0F, 0xF7, 0x8F, 0xE0, 0x00, 0x00,
    0x00, 0x0F, 0xF7, 0x7F, 0xF1, 0x00, 0x00, 0x00, 0x2F, 0xF5, 0x3F, 0xF5, 0x00, 0x00, 0x00, 0x6F,
    0xF2, 0x0D, 0xFC, 0x10, 0x00, 0x01, 0xEF, 0xC0, 0x05, 0xFF, 0xC4, 0x11, 0x5D, 0xFF, 0x30, 0x00,
    0x6F, 0xFF, 0xFF, 0xFF, 0xF5, 0x00, 0x00, 0x02, 0x9D, 0xEE, 0xD9, 0x20, 0x00, 0x00, 0x03, 0xDE,
    0x70, 0x07, 0xF1, 0x00, 0x00, 0x0B, 0xFF, 0xF7, 0x1B, 0xE0, 0x00, 0x00, 0x1F, 0xA1, 0x9F, 0xFF,
    0xA0, 0x00, 0x00, 0x3F, 0x60, 0x08, 0xEC, 0x20, 0x00, 0x00, 0x00, 0x00, 0x00, 0x00, 0x00, 0x00,
    0x00, 0x00, 0x00, 0x00, 0x00, 0x00, 0x00, 0x00, 0x02, 0x9D, 0xEE, 0xD9, 0x20, 0x00, 0x00, 0x6F,
    0xFF, 0xFF, 0xFF, 0xF5, 0x00, 0x05, 0xFF, 0xC4, 0x11, 0x5D, 0xFF, 0x30, 0x0D, 0xFD, 0x10, 0x00,
    0x01, 0xEF, 0xC0, 0x3F, 0xF5, 0x00, 0x00, 0x00, 0x7F, 0xF2, 0x7F, 0xF1, 0x00, 0x00, 0x00, 0x2F,
    0xF5, 0x8F, 0xE0, 0x00, 0x00, 0x00, 0x0F, 0xF7, 0x8F, 0xE0, 0x00, 0x00, 0x00, 0x0F, 0xF7, 0x7F,
    0xF1, 0x00, 0x00, 0x00, 0x2F, 0xF5, 0x3F, 0xF5, 0x00, 0x00, 0x00, 0x6F, 0xF2, 0x0D, 0xFC, 0x10,
    0x00, 0x01, 0xEF, 0xC0, 0x05, 0xFF, 0xC4, 0x11, 0x5D, 0xFF, 0x30, 0x00, 0x6F, 0xFF, 0xFF, 0xFF,
    0xF5, 0x00, 0x00, 0x02, 0x9D, 0xEE, 0xD9, 0x20, 0x00, 0x00, 0x0C, 0xFC, 0x00, 0xDF, 0xB0, 0x00,
    0x00, 0x0C, 0xFC, 0x00, 0xDF, 0xB0, 0x00, 0x00, 0x0C, 0xFC, 0x00, 0xDF, 0xB0, 0x00, 0x00, 0x00,
    0x00, 0x00, 0x00, 0x00, 0x00, 0x00, 0x00, 0x00, 0x00, 0x00, 0x00, 0x00, 0x00, 0x00, 0x00, 0x00,
    0x00, 0x00, 0x00, 0x00, 0x02, 0x9D, 0xEE, 0xD9, 0x20, 0x00, 0x00, 0x6F, 0xFF, 0xFF, 0xFF, 0xF5,
    0x00, 0x05, 0xFF, 0xC4, 0x11, 0x5D, 0xFF, 0x30, 0x0D, 0xFD, 0x10, 0x00, 0x01, 0xEF, 0xC0, 0x3F,
    0xF5, 0x00, 0x00, 0x00, 0x7F, 0xF2, 0x7F, 0xF1, 0x00, 0x00, 0x00, 0x2F, 0xF5, 0x8F, 0xE0, 0x00,
    0x00, 0x00, 0x0F, 0xF7, 0x8F, 0xE0, 0x00, 0x00, 0x00, 0x0F, 0xF7, 0x7F, 0xF1, 0x00, 0x00, 0x00,
    0x2F, 0xF5, 0x3F, 0xF5, 0x00, 0x00, 0x00, 0x6F, 0xF2, 0x0D, 0xFC, 0x10, 0x00, 0x01, 0xEF, 0xC0,
    0x05, 0xFF, 0xC4, 0x11, 0x5D, 0xFF, 0x30, 0x00, 0x6F, 0xFF, 0xFF, 0xFF, 0xF5, 0x00, 0x00, 0x02,
    0x9D, 0xEE, 0xD9, 0x20, 0x00, 0x00, 0x00, 0x00, 0x0A, 0xFF, 0x70, 0x00, 0x00, 0x00, 0x00, 0x00,
    0x00, 0x0A, 0xFF, 0x70, 0x00, 0x00, 0x00, 0x00, 0x00, 0x00, 0x0A, 0xFF, 0x70, 0x00, 0x00, 0x00,
    0x00, 0x00, 0x00, 0x00, 0x00, 0x00, 0x00, 0x00, 0x00, 0x00, 0x00, 0x00, 0x00, 0x00, 0x00, 0x00,
    0x00, 0x00, 0x4F, 0xFF, 0xFF, 0xFF, 0xFF, 0xFF, 0xFF, 0xFF, 0xF0, 0x4F, 0xFF, 0xFF, 0xFF, 0xFF,
    0xFF, 0xFF, 0xFF, 0xF0, 0x00, 0x00, 0x00, 0x00, 0x00, 0x00, 0x00, 0x00, 0x00, 0x00, 0x00, 0x00,
    0x00, 0x00, 0x00, 0x00, 0x00, 0x00, 0x00, 0x00, 0x00, 0x0A, 0xFF, 0x70, 0x00, 0x00, 0x00, 0x00,
    0x00, 0x00, 0x0A, 0xFF, 0x70, 0x00, 0x00, 0x00, 0x00, 0x00, 0x00, 0x0A, 0xFF, 0x70, 0x00, 0x00,
    0x00, 0x00, 0x00, 0x00, 0x00, 0x00, 0x00, 0x74, 0x00, 0x02, 0x9D, 0xEE, 0xC8, 0x15, 0xFA, 0x00,
    0x6F, 0xFF, 0xFF, 0xFF, 0xEE, 0xD1, 0x05, 0xFF, 0xC4, 0x11, 0x5D, 0xFF, 0x40, 0x0D, 0xFD, 0x10,
    0x00, 0x1D, 0xFF, 0xB0, 0x4F, 0xF5, 0x00, 0x01, 0xCF, 0xAF, 0xF2, 0x7F, 0xF1, 0x00, 0x0A, 0xF5,
    0x2F, 0xF5, 0x8F, 0xE0, 0x00, 0x9F, 0x60, 0x0F, 0xF7, 0x8F, 0xE0, 0x08, 0xF8, 0x00, 0x0F, 0xF7,
    0x6F, 0xF0, 0x7F, 0x90, 0x00, 0x2F, 0xF6, 0x3F, 0xF9, 0xFA, 0x00, 0x00, 0x6F, 0xF2, 0x0C, 0xFF,
    0xC1, 0x00, 0x01, 0xEF, 0xC0, 0x05, 0xFF, 0xC4, 0x11, 0x5D, 0xFF, 0x40, 0x1D, 0xEE, 0xFF, 0xFF,
    0xFF, 0xF5, 0x00, 0xAF, 0x42, 0x9D, 0xFE, 0xD9, 0x20, 0x00, 0x66, 0x00, 0x00, 0x00, 0x00, 0x00,
    0x00, 0x01, 0xCF, 0x90, 0x00, 0x00, 0x00, 0x00, 0x00, 0x2E, 0xF4, 0x00, 0x00, 0x00, 0x00, 0x00,
    0x04, 0xFE, 0x10, 0x00, 0x00, 0x00, 0x00, 0x00, 0x6F, 0xB0, 0x00, 0x00, 0x00, 0x00, 0x00, 0x08,
    0xF7, 0x00, 0x00, 0x00, 0x00, 0x00, 0x00, 0x00, 0x00, 0x00, 0x00, 0x00, 0x00, 0x00, 0x00, 0x00,
    0x00, 0x00, 0xCF, 0x80, 0x00, 0x00, 0x03, 0xFF, 0x20, 0xCF, 0x80, 0x00, 0x00, 0x03, 0xFF, 0x20,
    0xCF, 0x80, 0x00, 0x00, 0x03, 0xFF, 0x20, 0xCF, 0x80, 0x00, 0x00, 0x03, 0xFF, 0x20, 0xCF, 0x80,
    0x00, 0x00, 0x03, 0xFF, 0x20, 0xCF, 0x80, 0x00, 0x00, 0x03, 0xFF, 0x20, 0xCF, 0x80, 0x00, 0x00,
    0x03, 0xFF, 0x20, 0xCF, 0x80, 0x00, 0x00, 0x03, 0xFF, 0x20, 0xBF, 0x90, 0x00, 0x00, 0x05, 0xFF,
    0x20, 0xAF, 0xB0, 0x00, 0x00, 0x09, 0xFF, 0x20, 0x7F, 0xF2, 0x00, 0x00, 0x3F, 0xFF, 0x20, 0x2F,
    0xFC, 0x30, 0x16, 0xEA, 0xFF, 0x20, 0x06, 0xFF, 0xFF, 0xFF, 0xA3, 0xFF, 0x20, 0x00, 0x4B, 0xEE,
    0xC6, 0x03, 0xFF, 0x20, 0x00, 0x00, 0x00, 0x08, 0xFD, 0x10, 0x00, 0x00, 0x00, 0x00, 0x4F, 0xE3,
    0x00, 0x00, 0x00, 0x00, 0x01, 0xDF, 0x40, 0x00, 0x00, 0x00, 0x00, 0x0A, 0xF7, 0x00, 0x00, 0x00,
    0x00, 0x00, 0x6F, 0x90, 0x00, 0x00, 0x00, 0x00, 0x00, 0x00, 0x00, 0x00, 0x00, 0x00, 0x00, 0x00,
    0x00, 0x00, 0x00, 0x00, 0x00, 0xCF, 0x80, 0x00, 0x00, 0x03, 0xFF, 0x20, 0xCF, 0x80, 0x00, 0x00,
    0x03, 0xFF, 0x20, 0xCF, 0x80, 0x00, 0x00, 0x03, 0xFF, 0x20, 0xCF, 0x80, 0x00, 0x00, 0x03, 0xFF,
    0x20, 0xCF, 0x80, 0x00, 0x00, 0x03, 0xFF, 0x20, 0xCF, 0x80, 0x00, 0x00, 0x03, 0xFF, 0x20, 0xCF,
    0x80, 0x00, 0x00, 0x03, 0xFF, 0x20, 0xCF, 0x80, 0x00, 0x00, 0x03, 0xFF, 0x20, 0xBF, 0x90, 0x00,
    0x00, 0x05, 0xFF, 0x20, 0xAF, 0xB0, 0x00, 0x00, 0x09, 0xFF, 0x20, 0x7F, 0xF2, 0x00, 0x00, 0x3F,
    0xFF, 0x20, 0x2F, 0xFC, 0x30, 0x16, 0xEA, 0xFF, 0x20, 0x06, 0xFF, 0xFF, 0xFF, 0xA3, 0xFF, 0x20,
    0x00, 0x4B, 0xEE, 0xC6, 0x03, 0xFF, 0x20, 0x00, 0x00, 0x3F, 0xF5, 0x00, 0x00, 0x00, 0x00, 0x00,
    0xCF, 0xED, 0x10, 0x00, 0x00, 0x00, 0x06, 0xF8, 0x6F, 0x80, 0x00, 0x00, 0x00, 0x2E, 0xC0, 0x0B,
    0xF3, 0x00, 0x00, 0x00, 0xAF, 0x20, 0x01, 0xEC, 0x00, 0x00, 0x00, 0x00, 0x00, 0x00, 0x00, 0x00,
    0x00, 0x00, 0x00, 0x00, 0x00, 0x00, 0x00, 0x00, 0xCF, 0x80, 0x00, 0x00, 0x03, 0xFF, 0x20, 0xCF,
    0x80, 0x00, 0x00, 0x03, 0xFF, 0x20, 0xCF, 0x80, 0x00, 0x00, 0x03, 0xFF, 0x20, 0xCF, 0x80, 0x00,
    0x00, 0x03, 0xFF, 0x20, 0xCF, 0x80, 0x00, 0x00, 0x03, 0xFF, 0x20, 0xCF, 0x80, 0x00, 0x00, 0x03,
    0xFF, 0x20, 0xCF, 0x80, 0x00, 0x00, 0x03, 0xFF, 0x20, 0xCF, 0x80, 0x00, 0x00, 0x03, 0xFF, 0x20,
    0xBF, 0x90, 0x00, 0x00, 0x05, 0xFF, 0x20, 0xAF, 0xB0, 0x00, 0x00, 0x09, 0xFF, 0x20, 0x7F, 0xF2,
    0x00, 0x00, 0x3F, 0xFF, 0x20, 0x2F, 0xFC, 0x30, 0x16, 0xEA, 0xFF, 0x20, 0x06, 0xFF, 0xFF, 0xFF,
    0xA3, 0xFF, 0x20, 0x00, 0x4B, 0xEE, 0xC6, 0x03, 0xFF, 0x20, 0x00, 0xBF, 0xD0, 0x0B, 0xFC, 0x00,
    0x00, 0x00, 0xBF, 0xD0, 0x0B, 0xFC, 0x00, 0x00, 0x00, 0xBF, 0xD0, 0x0B, 0xFC, 0x00, 0x00, 0x00,
    0x00, 0x00, 0x00, 0x00, 0x00, 0x00, 0x00, 0x00, 0x00, 0x00, 0x00, 0x00, 0x00, 0x00, 0x00, 0x00,
    0x00, 0x00, 0x00, 0x00, 0xCF, 0x80, 0x00, 0x00, 0x03, 0xFF, 0x20, 0xCF, 0x80, 0x00, 0x00, 0x03,
    0xFF, 0x20, 0xCF, 0x80, 0x00, 0x00, 0x03, 0xFF, 0x20, 0xCF, 0x80, 0x00, 0x00, 0x03, 0xFF, 0x20,
    0xCF, 0x80, 0x00, 0x00, 0x03, 0xFF, 0x20, 0xCF, 0x80, 0x00, 0x00, 0x03, 0xFF, 0x20, 0xCF, 0x80,
    0x00, 0x00, 0x03, 0xFF, 0x20, 0xCF, 0x80, 0x00, 0x00, 0x03, 0xFF, 0x20, 0xBF, 0x90, 0x00, 0x00,
    0x05, 0xFF, 0x20, 0xAF, 0xB0, 0x00, 0x00, 0x09, 0xFF, 0x20, 0x7F, 0xF2, 0x00, 0x00, 0x3F, 0xFF,
    0x20, 0x2F, 0xFC, 0x30, 0x16, 0xEA, 0xFF, 0x20, 0x06, 0xFF, 0xFF, 0xFF, 0xA3, 0xFF, 0x20, 0x00,
    0x4B, 0xEE, 0xC6, 0x03, 0xFF, 0x20, 0x00, 0x00, 0x00, 0x00, 0x1D, 0xF9, 0x00, 0x00, 0x00, 0x00,
    0x00, 0x00, 0x9F, 0xB0, 0x00, 0x00, 0x00, 0x00, 0x00, 0x05, 0xFD, 0x10, 0x00, 0x00, 0x00, 0x00,
    0x00, 0x2E, 0xE2, 0x00, 0x00, 0x00, 0x00, 0x00, 0x00, 0xBF, 0x40, 0x00, 0x00, 0x00, 0x00, 0x00,
    0x00, 0x00, 0x00, 0x00, 0x00, 0x00, 0x00, 0x00, 0x00, 0x00, 0x00, 0x00, 0x00, 0x00, 0x1E, 0xF7,
    0x00, 0x00, 0x00, 0x01, 0xFF, 0x60, 0x09, 0xFD, 0x00, 0x00, 0x00, 0x07, 0xFE, 0x10, 0x03, 0xFF,
    0x40, 0x00, 0x00, 0x0D, 0xF8, 0x00, 0x00, 0xBF, 0xA0, 0x00, 0x00, 0x4F, 0xF2, 0x00, 0x00, 0x5F,
    0xF1, 0x00, 0x00, 0xAF, 0xB0, 0x00, 0x00, 0x0D, 0xF7, 0x00, 0x02, 0xFF, 0x50, 0x00, 0x00, 0x07,
    0xFD, 0x00, 0x08, 0xFD, 0x00, 0x00, 0x00, 0x01, 0xFF, 0x40, 0x0D, 0xF7, 0x00, 0x00, 0x00, 0x00,
    0xAF, 0xA0, 0x5F, 0xF1, 0x00, 0x00, 0x00, 0x00, 0x3F, 0xF2, 0xBF, 0xA0, 0x00, 0x00, 0x00, 0x00,
    0x0C, 0xFA, 0xFF, 0x30, 0x00, 0x00, 0x00, 0x00, 0x06, 0xFF, 0xFC, 0x00, 0x00, 0x00, 0x00, 0x00,
    0x01, 0xEF, 0xF6, 0x00, 0x00, 0x00, 0x00, 0x00, 0x00, 0x9F, 0xE1, 0x00, 0x00, 0x00, 0x00, 0x00,
    0x00, 0xCF, 0x80, 0x00, 0x00, 0x00, 0x00, 0x00, 0x04, 0xFF, 0x20, 0x00, 0x00, 0x00, 0x00, 0x00,
    0x3D, 0xFA, 0x00, 0x00, 0x00, 0x00, 0x00, 0xEF, 0xFF, 0xE2, 0x00, 0x00, 0x00, 0x00, 0x00, 0xEF,
    0xEB, 0x30, 0x00, 0x00, 0x00, 0x00, 0xAF, 0xB0, 0x00, 0x00, 0x00, 0x00, 0x00, 0xAF, 0xB0, 0x00,
    0x00, 0x00, 0x00, 0x00, 0xAF, 0xB0, 0x00, 0x00, 0x00, 0x00, 0x00, 0xAF, 0xB0, 0x00, 0x00, 0x00,
    0x00, 0x00, 0xAF, 0xB0, 0x00, 0x00, 0x00, 0x00, 0x00, 0xAF, 0xB0, 0x00, 0x00, 0x00, 0x00, 0x00,
    0xAF, 0xB0, 0x3A, 0xEF, 0xD8, 0x10, 0x00, 0xAF, 0xB4, 0xEF, 0xFF, 0xFF, 0xD2, 0x00, 0xAF, 0xCE,
    0xA3, 0x02, 0x7F, 0xFC, 0x00, 0xAF, 0xFA, 0x00, 0x00, 0x05, 0xFF, 0x60, 0xAF, 0xF2, 0x00, 0x00,
    0x00, 0xCF, 0xB0, 0xAF, 0xD0, 0x00, 0x00, 0x00, 0x7F, 0xE0, 0xAF, 0xB0, 0x00, 0x00, 0x00, 0x6F,
    0xF1, 0xAF, 0xB0, 0x00, 0x00, 0x00, 0x6F, 0xF1, 0xAF, 0xD0, 0x00, 0x00, 0x00, 0x7F, 0xE0, 0xAF,
    0xF2, 0x00, 0x00, 0x00, 0xCF, 0xB0, 0xAF, 0xFA, 0x00, 0x00, 0x05, 0xFF, 0x60, 0xAF, 0xCE, 0xA3,
    0x01, 0x7F, 0xFC, 0x00, 0xAF, 0xB4, 0xFF, 0xFF, 0xFF, 0xD2, 0x00, 0xAF, 0xB0, 0x3A, 0xEF, 0xD8,
    0x10, 0x00, 0xAF, 0xB0, 0x00, 0x00, 0x00, 0x00, 0x00, 0xAF, 0xB0, 0x00, 0x00, 0x00, 0x00, 0x00,
    0xAF, 0xB0, 0x00, 0x00, 0x00, 0x00, 0x00, 0xAF, 0xB0, 0x00, 0x00, 0x00, 0x00, 0x00, 0xAF, 0xB0,
    0x00, 0x00, 0x00, 0x00, 0x00, 0x00, 0x01, 0xFF, 0x80, 0x2F, 0xF7, 0x00, 0x00, 0x00, 0x01, 0xFF,
    0x80, 0x2F, 0xF7, 0x00, 0x00, 0x00, 0x01, 0xFF, 0x80, 0x2F, 0xF7, 0x00, 0x00, 0x00, 0x00, 0x00,
    0x00, 0x00, 0x00, 0x00, 0x00, 0x00, 0x00, 0x00, 0x00, 0x00, 0x00, 0x00, 0x00, 0x00, 0x00, 0x00,
    0x00, 0x00, 0x00, 0x00, 0x00, 0x1E, 0xF7, 0x00, 0x00, 0x00, 0x01, 0xFF, 0x60, 0x09, 0xFD, 0x00,
    0x00, 0x00, 0x07, 0xFE, 0x10, 0x03, 0xFF, 0x40, 0x00, 0x00, 0x0D, 0xF8, 0x00, 0x00, 0xBF, 0xA0,
    0x00, 0x00, 0x4F, 0xF2, 0x00, 0x00, 0x5F, 0xF1, 0x00, 0x00, 0xAF, 0xB0, 0x00, 0x00, 0x0D, 0xF7,
    0x00, 0x02, 0xFF, 0x50, 0x00, 0x00, 0x07, 0xFD, 0x00, 0x08, 0xFD, 0x00, 0x00, 0x00, 0x01, 0xFF,
    0x40, 0x0D, 0xF7, 0x00, 0x00, 0x00, 0x00, 0xAF, 0xA0, 0x5F, 0xF1, 0x00, 0x00, 0x00, 0x00, 0x3F,
    0xF2, 0xBF, 0xA0, 0x00, 0x00, 0x00, 0x00, 0x0C, 0xFA, 0xFF, 0x30, 0x00, 0x00, 0x00, 0x00, 0x06,
    0xFF, 0xFC, 0x00, 0x00, 0x00, 0x00, 0x00, 0x01, 0xEF, 0xF6, 0x00, 0x00, 0x00, 0x00, 0x00, 0x00,
    0x9F, 0xE1, 0x00, 0x00, 0x00, 0x00, 0x00, 0x00, 0xCF, 0x80, 0x00, 0x00, 0x00, 0x00, 0x00, 0x04,
    0xFF, 0x20, 0x00, 0x00, 0x00, 0x00, 0x00, 0x3D, 0xFA, 0x00, 0x00, 0x00, 0x00, 0x00, 0xEF, 0xFF,
    0xE2, 0x00, 0x00, 0x00, 0x00, 0x00, 0xEF, 0xEB, 0x30, 0x00, 0x00, 0x00, 0x00, 0x00, 0x00, 0x0E,
    0xFF, 0xFF, 0xFF, 0xA0, 0x00, 0x00, 0x00, 0x00, 0x0E, 0xFF, 0xFF, 0xFF, 0xA0, 0x00, 0x00, 0x00,
    0x00, 0x00, 0x00, 0x00, 0x00, 0x00, 0x00, 0x00, 0x00, 0x00, 0x00, 0x00, 0x00, 0x00, 0x00, 0x00,
    0x00, 0x00, 0x00, 0x00, 0x0B, 0xFF, 0x80, 0x00, 0x00, 0x00, 0x00, 0x00, 0x00, 0x2F, 0xFF, 0xE0,
    0x00, 0x00, 0x00, 0x00, 0x00, 0x00, 0x8F, 0xEF, 0xF4, 0x00, 0x00, 0x00, 0x00, 0x00, 0x00, 0xDF,
    0x8B, 0xFA, 0x00, 0x00, 0x00, 0x00, 0x00, 0x04, 0xFF, 0x26, 0xFF, 0x10, 0x00, 0x00, 0x00, 0x00,
    0x0A, 0xFC, 0x01, 0xEF, 0x70, 0x00, 0x00, 0x00, 0x00, 0x1F, 0xF6, 0x00, 0xAF, 0xC0, 0x00, 0x00,
    0x00, 0x00, 0x6F, 0xF1, 0x00, 0x4F, 0xF3, 0x00, 0x00, 0x00, 0x00, 0xCF, 0xA0, 0x00, 0x0E, 0xF9,
    0x00, 0x00, 0x00, 0x03, 0xFF, 0x50, 0x00, 0x08, 0xFE, 0x00, 0x00, 0x00, 0x08, 0xFE, 0x00, 0x00,
    0x03, 0xFF, 0x50, 0x00, 0x00, 0x0E, 0xF9, 0x00, 0x00, 0x00, 0xCF, 0xB0, 0x00, 0x00, 0x5F, 0xFF,
    0xFF, 0xFF, 0xFF, 0xFF, 0xF2, 0x00, 0x00, 0xBF, 0xFF, 0xFF, 0xFF, 0xFF, 0xFF, 0xF7, 0x00, 0x01,
    0xFF, 0x70, 0x00, 0x00, 0x00, 0x0A, 0xFD, 0x00, 0x07, 0xFF, 0x20, 0x00, 0x00, 0x00, 0x05, 0xFF,
    0x40, 0x0D, 0xFC, 0x00, 0x00, 0x00, 0x00, 0x00, 0xEF, 0x90, 0x3F, 0xF6, 0x00, 0x00, 0x00, 0x00,
    0x00, 0x9F, 0xE1, 0x9F, 0xF1, 0x00, 0x00, 0x00, 0x00, 0x00, 0x4F, 0xF6, 0x00, 0x5F, 0xFF, 0xFF,
    0xFF, 0x40, 0x00, 0x00, 0x5F, 0xFF, 0xFF, 0xFF, 0x40, 0x00, 0x00, 0x00, 0x00, 0x00, 0x00, 0x00,
    0x00, 0x00, 0x00, 0x00, 0x00, 0x00, 0x00, 0x00, 0x00, 0x00, 0x00, 0x00, 0x00, 0x00, 0x00, 0x00,
    0x49, 0xCD, 0xFE, 0xC7, 0x10, 0x00, 0x06, 0xFF, 0xFF, 0xFF, 0xFF, 0xD2, 0x00, 0x05, 0xB5, 0x31,
    0x12, 0x7E, 0xFC, 0x00, 0x00, 0x00, 0x00, 0x00, 0x02, 0xFF, 0x30, 0x00, 0x00, 0x00, 0x00, 0x00,
    0xCF, 0x70, 0x00, 0x17, 0xBE, 0xFF, 0xFF, 0xFF, 0x80, 0x04, 0xEF, 0xFF, 0xFF, 0xFF, 0xFF, 0x90,
    0x1E, 0xFD, 0x62, 0x10, 0x00, 0xCF, 0x90, 0x4F, 0xF2, 0x00, 0x00, 0x00, 0xDF, 0x90, 0x6F, 0xE0,
    0x00, 0x00, 0x02, 0xFF, 0x90, 0x5F, 0xF2, 0x00, 0x00, 0x0B, 0xFF, 0x90, 0x1F, 0xFC, 0x41, 0x14,
    0xCD, 0xCF, 0x90, 0x07, 0xFF, 0xFF, 0xFF, 0xE3, 0xCF, 0x90, 0x00, 0x4B, 0xEF, 0xD9, 0x20, 0xCF,
    0x90, 0x00, 0x00, 0x0B, 0xC0, 0x00, 0x09, 0xE0, 0x00, 0x00, 0x00, 0x00, 0x08, 0xF8, 0x11, 0x5F,
    0xC0, 0x00, 0x00, 0x00, 0x00, 0x02, 0xEF, 0xFF, 0xFF, 0x40, 0x00, 0x00, 0x00, 0x00, 0x00, 0x3B,
    0xEE, 0xC4, 0x00, 0x00, 0x00, 0x00, 0x00, 0x00, 0x00, 0x00, 0x00, 0x00, 0x00, 0x00, 0x00, 0x00,
    0x00, 0x00, 0x00, 0x00, 0x00, 0x00, 0x00, 0x00, 0x00, 0x00, 0x0B, 0xFF, 0x80, 0x00, 0x00, 0x00,
    0x00, 0x00, 0x00, 0x2F, 0xFF, 0xE0, 0x00, 0x00, 0x00, 0x00, 0x00, 0x00, 0x8F, 0xEF, 0xF4, 0x00,
    0x00, 0x00, 0x00, 0x00, 0x00, 0xDF, 0x8B, 0xFA, 0x00, 0x00, 0x00, 0x00, 0x00, 0x04, 0xFF, 0x26,
    0xFF, 0x10, 0x00, 0x00, 0x00, 0x00, 0x0A, 0xFC, 0x01, 0xEF, 0x70, 0x00, 0x00, 0x00, 0x00, 0x1F,
    0xF6, 0x00, 0xAF, 0xC0, 0x00, 0x00, 0x00, 0x00, 0x6F, 0xF1, 0x00, 0x4F, 0xF3, 0x00, 0x00, 0x00,
    0x00, 0xCF, 0xA0, 0x00, 0x0E, 0xF9, 0x00, 0x00, 0x00, 0x03, 0xFF, 0x50, 0x00, 0x08, 0xFE, 0x00,
    0x00, 0x00, 0x08, 0xFE, 0x00, 0x00, 0x03, 0xFF, 0x50, 0x00, 0x00, 0x0E, 0xF9, 0x00, 0x00, 0x00,
    0xCF, 0xB0, 0x00, 0x00, 0x5F, 0xFF, 0xFF, 0xFF, 0xFF, 0xFF, 0xF2, 0x00, 0x00, 0xBF, 0xFF, 0xFF,
    0xFF, 0xFF, 0xFF, 0xF7, 0x00, 0x01, 0xFF, 0x70, 0x00, 0x00, 0x00, 0x0A, 0xFD, 0x00, 0x07, 0xFF,
    0x20, 0x00, 0x00, 0x00, 0x05, 0xFF, 0x40, 0x0D, 0xFC, 0x00, 0x00, 0x00, 0x00, 0x00, 0xEF, 0x90,
    0x3F, 0xF6, 0x00, 0x00, 0x00, 0x00, 0x00, 0x9F, 0xE1, 0x9F, 0xF1, 0x00, 0x00, 0x00, 0x00, 0x00,
    0x4F, 0xF6, 0x00, 0x6F, 0x30, 0x00, 0x3F, 0x60, 0x00, 0x00, 0x2F, 0xC3, 0x03, 0xCF, 0x20, 0x00,
    0x00, 0x0A, 0xFF, 0xFF, 0xFA, 0x00, 0x00, 0x00, 0x01, 0x8D, 0xED, 0x81, 0x00, 0x00, 0x00, 0x00,
    0x00, 0x00, 0x00, 0x00, 0x00, 0x00, 0x00, 0x00, 0x00, 0x00, 0x00, 0x00, 0x00, 0x49, 0xCD, 0xFE,
    0xC7, 0x10, 0x00, 0x06, 0xFF, 0xFF, 0xFF, 0xFF, 0xD2, 0x00, 0x05, 0xB5, 0x31, 0x12, 0x7E, 0xFC,
    0x00, 0x00, 0x00, 0x00, 0x00, 0x02, 0xFF, 0x30, 0x00, 0x00, 0x00, 0x00, 0x00, 0xCF, 0x70, 0x00,
    0x17, 0xBE, 0xFF, 0xFF, 0xFF, 0x80, 0x04, 0xEF, 0xFF, 0xFF, 0xFF, 0xFF, 0x90, 0x1E, 0xFD, 0x62,
    0x10, 0x00, 0xCF, 0x90, 0x4F, 0xF2, 0x00, 0x00, 0x00, 0xDF, 0x90, 0x6F, 0xE0, 0x00, 0x00, 0x02,
    0xFF, 0x90, 0x5F, 0xF2, 0x00, 0x00, 0x0B, 0xFF, 0x90, 0x1F, 0xFC, 0x41, 0x14, 0xCD, 0xCF, 0x90,
    0x07, 0xFF, 0xFF, 0xFF, 0xE3, 0xCF, 0x90, 0x00, 0x4B, 0xEF, 0xD9, 0x20, 0xCF, 0x90, 0x00, 0x00,
    0x00, 0x0B, 0xFF, 0x80, 0x00, 0x00, 0x00, 0x00, 0x00, 0x00, 0x00, 0x2F, 0xFF, 0xE0, 0x00, 0x00,
    0x00, 0x00, 0x00, 0x00, 0x00, 0x8F, 0xEF, 0xF4, 0x00, 0x00, 0x00, 0x00, 0x00, 0x00, 0x00, 0xDF,
    0x8B, 0xFA, 0x00, 0x00, 0x00, 0x00, 0x00, 0x00, 0x04, 0xFF, 0x26, 0xFF, 0x10, 0x00, 0x00, 0x00,
    0x00, 0x00, 0x0A, 0xFC, 0x01, 0xEF, 0x70, 0x00, 0x00, 0x00, 0x00, 0x00, 0x1F, 0xF6, 0x00, 0xAF,
    0xC0, 0x00, 0x00, 0x00, 0x00, 0x00, 0x6F, 0xF1, 0x00, 0x4F, 0xF3, 0x00, 0x00, 0x00, 0x00, 0x00,
    0xCF, 0xA0, 0x00, 0x0E, 0xF9, 0x00, 0x00, 0x00, 0x00, 0x03, 0xFF, 0x50, 0x00, 0x08, 0xFE, 0x00,
    0x00, 0x00, 0x00, 0x08, 0xFE, 0x00, 0x00, 0x03, 0xFF, 0x50, 0x00, 0x00, 0x00, 0x0E, 0xF9, 0x00,
    0x00, 0x00, 0xCF, 0xB0, 0x00, 0x00, 0x00, 0x5F, 0xFF, 0xFF, 0xFF, 0xFF, 0xFF, 0xF2, 0x00, 0x00,
    0x00, 0xBF, 0xFF, 0xFF, 0xFF, 0xFF, 0xFF, 0xF7, 0x00, 0x00, 0x01, 0xFF, 0x70, 0x00, 0x00, 0x00,
    0x0A, 0xFD, 0x00, 0x00, 0x07, 0xFF, 0x20, 0x00, 0x00, 0x00, 0x05, 0xFF, 0x40, 0x00, 0x0D, 0xFC,
    0x00, 0x00, 0x00, 0x00, 0x00, 0xEF, 0x90, 0x00, 0x3F, 0xF6, 0x00, 0x00, 0x00, 0x00, 0x00, 0x9F,
    0xE1, 0x00, 0x9F, 0xF1, 0x00, 0x00, 0x00, 0x00, 0x00, 0x4F, 0xF6, 0x00, 0x00, 0x00, 0x00, 0x00,
    0x00, 0x00, 0x00, 0x6E, 0x20, 0x00, 0x00, 0x00, 0x00, 0x00, 0x00, 0x00, 0x01, 0xE8, 0x00, 0x00,
    0x00, 0x00, 0x00, 0x00, 0x00, 0x00, 0x05, 0xF9, 0x00, 0x00, 0x00, 0x00, 0x00, 0x00, 0x00, 0x00,
    0x04, 0xFF, 0xFF, 0x50, 0x00, 0x00, 0x00, 0x00, 0x00, 0x00, 0x00, 0x7D, 0xFD, 0x40, 0x00, 0x49,
    0xCD, 0xFE, 0xC7, 0x10, 0x00, 0x06, 0xFF, 0xFF, 0xFF, 0xFF, 0xD2, 0x00, 0x05, 0xB5, 0x31, 0x12,
    0x7E, 0xFC, 0x00, 0x00, 0x00, 0x00, 0x00, 0x02, 0xFF, 0x30, 0x00, 0x00, 0x00, 0x00, 0x00, 0xCF,
    0x70, 0x00, 0x17, 0xBE, 0xFF, 0xFF, 0xFF, 0x80, 0x04, 0xEF, 0xFF, 0xFF, 0xFF, 0xFF, 0x90, 0x1E,
    0xFD, 0x62, 0x10, 0x00, 0xCF, 0x90, 0x4F, 0xF2, 0x00, 0x00, 0x00, 0xDF, 0x90, 0x6F, 0xE0, 0x00,
    0x00, 0x02, 0xFF, 0x90, 0x5F, 0xF2, 0x00, 0x00, 0x0B, 0xFF, 0x90, 0x1F, 0xFC, 0x41, 0x14, 0xCD,
    0xCF, 0x90, 0x07, 0xFF, 0xFF, 0xFF, 0xE3, 0xCF, 0x90, 0x00, 0x4B, 0xEF, 0xD9, 0x20, 0xCF, 0x90,
    0x00, 0x00, 0x00, 0x00, 0x03, 0xE6, 0x00, 0x00, 0x00, 0x00, 0x00, 0x0C, 0xC0, 0x00, 0x00, 0x00,
    0x00, 0x00, 0x1F, 0xC1, 0x00, 0x00, 0x00, 0x00, 0x00, 0x0E, 0xFF, 0xF9, 0x00, 0x00, 0x00, 0x00,
    0x04, 0xCE, 0xE7, 0x00, 0x00, 0x00, 0x00, 0x06, 0xFC, 0x10, 0x00, 0x00, 0x00, 0x00, 0x00, 0x4F,
    0xD1, 0x00, 0x00, 0x00, 0x00, 0x00, 0x02, 0xED, 0x10, 0x00, 0x00, 0x00, 0x00, 0x00, 0x00, 0x00,
    0x00, 0x00, 0x00, 0x00, 0x00, 0x00, 0x00, 0x00, 0x00, 0x00, 0x00, 0x00, 0x00, 0x03, 0x8C, 0xEF,
    0xED, 0x94, 0x00, 0x00, 0x01, 0xAF, 0xFF, 0xFF, 0xFF, 0xFF, 0xC3, 0x00, 0x2D, 0xFF, 0xB5, 0x20,
    0x13, 0x9E, 0xFB, 0x00, 0xCF, 0xF6, 0x00, 0x00, 0x00, 0x02, 0xBB, 0x06, 0xFF, 0x70, 0x00, 0x00,
    0x00, 0x00, 0x07, 0x0D, 0xFE, 0x00, 0x00, 0x00, 0x00, 0x00, 0x00, 0x3F, 0xF8, 0x00, 0x00, 0x00,
    0x00, 0x00, 0x00, 0x6F, 0xF5, 0x00, 0x00, 0x00, 0x00, 0x00, 0x00, 0x7F, 0xF3, 0x00, 0x00, 0x00,
    0x00, 0x00, 0x00, 0x8F, 0xF3, 0x00, 0x00, 0x00, 0x00, 0x00, 0x00, 0x7F, 0xF3, 0x00, 0x00, 0x00,
    0x00, 0x00, 0x00, 0x6F, 0xF5, 0x00, 0x00, 0x00, 0x00, 0x00, 0x00, 0x3F, 0xF8, 0x00, 0x00, 0x00,
    0x00, 0x00, 0x00, 0x0D, 0xFE, 0x00, 0x00, 0x00, 0x00, 0x00, 0x00, 0x06, 0xFF, 0x70, 0x00, 0x00,
    0x00, 0x00, 0x07, 0x00, 0xCF, 0xF6, 0x00, 0x00, 0x00, 0x02, 0xBB, 0x00, 0x2D, 0xFF, 0xB5, 0x20,
    0x13, 0x8E, 0xFB, 0x00, 0x01, 0xAF, 0xFF, 0xFF, 0xFF, 0xFF, 0xC3, 0x00, 0x00, 0x03, 0x8C, 0xEF,
    0xEC, 0x94, 0x00, 0x00, 0x00, 0x00, 0x00, 0x5F, 0xE3, 0x00, 0x00, 0x00, 0x02, 0xEF, 0x40, 0x00,
    0x00, 0x00, 0x0C, 0xF7, 0x00, 0x00, 0x00, 0x00, 0x7F, 0x90, 0x00, 0x00, 0x00, 0x03, 0xFC, 0x00,
    0x00, 0x00, 0x00, 0x00, 0x00, 0x00, 0x00, 0x00, 0x00, 0x00, 0x00, 0x00, 0x00, 0x00, 0x01, 0x7B,
    0xEF, 0xDB, 0x71, 0x00, 0x4E, 0xFF, 0xFF, 0xFF, 0xFA, 0x03, 0xEF, 0xE6, 0x20, 0x24, 0x89, 0x0C,
    0xFE, 0x20, 0x00, 0x00, 0x00, 0x3F, 0xF6, 0x00, 0x00, 0x00, 0x00, 0x6F, 0xF1, 0x00, 0x00, 0x00,
    0x00, 0x8F, 0xE0, 0x00, 0x00, 0x00, 0x00, 0x8F, 0xE0, 0x00, 0x00, 0x00, 0x00, 0x6F, 0xF1, 0x00,
    0x00, 0x00, 0x00, 0x3F, 0xF6, 0x00, 0x00, 0x00, 0x00, 0x0C, 0xFE, 0x20, 0x00, 0x00, 0x00, 0x03,
    0xEF, 0xE6, 0x20, 0x14, 0x89, 0x00, 0x4E, 0xFF, 0xFF, 0xFF, 0xFA, 0x00, 0x01, 0x7C, 0xEF, 0xDB,
    0x71, 0x00, 0x00, 0x00, 0x01, 0xDF, 0xF5, 0x00, 0x00, 0x00, 0x00, 0x00, 0x1C, 0xE4, 0xBF, 0x40,
    0x00, 0x00, 0x00, 0x00, 0xAE, 0x30, 0x0A, 0xE3, 0x00, 0x00, 0x00, 0x00, 0x00, 0x00, 0x00, 0x00,
    0x00, 0x00, 0x00, 0x00, 0x00, 0x00, 0x00, 0x00, 0x00, 0x00, 0x00, 0x03, 0x8C, 0xEF, 0xED, 0x94,
    0x00, 0x00, 0x01, 0xAF, 0xFF, 0xFF, 0xFF, 0xFF, 0xC3, 0x00, 0x2D, 0xFF, 0xB5, 0x20, 0x13, 0x9E,
    0xFB, 0x00, 0xCF, 0xF6, 0x00, 0x00, 0x00, 0x02, 0xBB, 0x06, 0xFF, 0x70, 0x00, 0x00, 0x00, 0x00,
    0x07, 0x0D, 0xFE, 0x00, 0x00, 0x00, 0x00, 0x00, 0x00, 0x3F, 0xF8, 0x00, 0x00, 0x00, 0x00, 0x00,
    0x00, 0x6F, 0xF5, 0x00, 0x00, 0x00, 0x00, 0x00, 0x00, 0x7F, 0xF3, 0x00, 0x00, 0x00, 0x00, 0x00,
    0x00, 0x8F, 0xF3, 0x00, 0x00, 0x00, 0x00, 0x00, 0x00, 0x7F, 0xF3, 0x00, 0x00, 0x00, 0x00, 0x00,
    0x00, 0x6F, 0xF5, 0x00, 0x00, 0x00, 0x00, 0x00, 0x00, 0x3F, 0xF8, 0x00, 0x00, 0x00, 0x00, 0x00,
    0x00, 0x0D, 0xFE, 0x00, 0x00, 0x00, 0x00, 0x00, 0x00, 0x06, 0xFF, 0x70, 0x00, 0x00, 0x00, 0x00,
    0x07, 0x00, 0xCF, 0xF6, 0x00, 0x00, 0x00, 0x02, 0xBB, 0x00, 0x2D, 0xFF, 0xB5, 0x20, 0x13, 0x8E,
    0xFB, 0x00, 0x01, 0xAF, 0xFF, 0xFF, 0xFF, 0xFF, 0xC3, 0x00, 0x00, 0x03, 0x8C, 0xEF, 0xEC, 0x94,
    0x00, 0x00, 0x00, 0x00, 0xAF, 0xC0, 0x00, 0x00, 0x00, 0x04, 0xFE, 0xF7, 0x00, 0x00, 0x00, 0x1D,
    0xE2, 0xDE, 0x20, 0x00, 0x00, 0x8F, 0x50, 0x3F, 0xA0, 0x00, 0x03, 0xFA, 0x00, 0x07, 0xF5, 0x00,
    0x00, 0x00, 0x00, 0x00, 0x00, 0x00, 0x00, 0x00, 0x00, 0x00, 0x00, 0x00, 0x01, 0x7B, 0xEF, 0xDB,
    0x71, 0x00, 0x4E, 0xFF, 0xFF, 0xFF, 0xFA, 0x03, 0xEF, 0xE6, 0x20, 0x24, 0x89, 0x0C, 0xFE, 0x20,
    0x00, 0x00, 0x00, 0x3F, 0xF6, 0x00, 0x00, 0x00, 0x00, 0x6F, 0xF1, 0x00, 0x00, 0x00, 0x00, 0x8F,
    0xE0, 0x00, 0x00, 0x00, 0x00, 0x8F, 0xE0, 0x00, 0x00, 0x00, 0x00, 0x6F, 0xF1, 0x00, 0x00, 0x00,
    0x00, 0x3F, 0xF6, 0x00, 0x00, 0x00, 0x00, 0x0C, 0xFE, 0x20, 0x00, 0x00, 0x00, 0x03, 0xEF, 0xE6,
    0x20, 0x14, 0x89, 0x00, 0x4E, 0xFF, 0xFF, 0xFF, 0xFA, 0x00, 0x01, 0x7C, 0xEF, 0xDB, 0x71, 0x00,
    0x00, 0x00, 0x00, 0x9F, 0xF0, 0x00, 0x00, 0x00, 0x00, 0x00, 0x00, 0x9F, 0xF0, 0x00, 0x00, 0x00,
    0x00, 0x00, 0x00, 0x9F, 0xF0, 0x00, 0x00, 0x00, 0x00, 0x00, 0x00, 0x00, 0x00, 0x00, 0x00, 0x00,
    0x00, 0x00, 0x00, 0x00, 0x00, 0x00, 0x00, 0x00, 0x00, 0x03, 0x8C, 0xEF, 0xED, 0x94, 0x00, 0x00,
    0x01, 0xAF, 0xFF, 0xFF, 0xFF, 0xFF, 0xC3, 0x00, 0x2D, 0xFF, 0xB5, 0x20, 0x13, 0x9E, 0xFB, 0x00,
    0xCF, 0xF6, 0x00, 0x00, 0x00, 0x02, 0xBB, 0x06, 0xFF, 0x70, 0x00, 0x00, 0x00, 0x00, 0x07, 0x0D,
    0xFE, 0x00, 0x00, 0x00, 0x00, 0x00, 0x00, 0x3F, 0xF8, 0x00, 0x00, 0x00, 0x00, 0x00, 0x00, 0x6F,
    0xF5, 0x00, 0x00, 0x00, 0x00, 0x00, 0x00, 0x7F, 0xF3, 0x00, 0x00, 0x00, 0x00, 0x00, 0x00, 0x8F,
    0xF3, 0x00, 0x00, 0x00, 0x00, 0x00, 0x00, 0x7F, 0xF3, 0x00, 0x00, 0x00, 0x00, 0x00, 0x00, 0x6F,
    0xF5, 0x00, 0x00, 0x00, 0x00, 0x00, 0x00, 0x3F, 0xF8, 0x00, 0x00, 0x00, 0x00, 0x00, 0x00, 0x0D,
    0xFE, 0x00, 0x00, 0x00, 0x00, 0x00, 0x00, 0x06, 0xFF, 0x70, 0x00, 0x00, 0x00, 0x00, 0x07, 0x00,
    0xCF, 0xF6, 0x00, 0x00, 0x00, 0x02, 0xBB, 0x00, 0x2D, 0xFF, 0xB5, 0x20, 0x13, 0x8E, 0xFB, 0x00,
    0x01, 0xAF, 0xFF, 0xFF, 0xFF, 0xFF, 0xC3, 0x00, 0x00, 0x03, 0x8C, 0xEF, 0xEC, 0x94, 0x00, 0x00,
    0x00, 0x00, 0x9F, 0xB0, 0x00, 0x00, 0x00, 0x00, 0x9F, 0xB0, 0x00, 0x00, 0x00, 0x00, 0x9F, 0xB0,
    0x00, 0x00, 0x00, 0x00, 0x00, 0x00, 0x00, 0x00, 0x00, 0x00, 0x00, 0x00, 0x00, 0x00, 0x00, 0x00,
    0x00, 0x00, 0x00, 0x00, 0x01, 0x7B, 0xEF, 0xDB, 0x71, 0x00, 0x4E, 0xFF, 0xFF, 0xFF, 0xFA, 0x03,
    0xEF, 0xE6, 0x20, 0x24, 0x89, 0x0C, 0xFE, 0x20, 0x00, 0x00, 0x00, 0x3F, 0xF6, 0x00, 0x00, 0x00,
    0x00, 0x6F, 0xF1, 0x00, 0x00, 0x00, 0x00, 0x8F, 0xE0, 0x00, 0x00, 0x00, 0x00, 0x8F, 0xE0, 0x00,
    0x00, 0x00, 0x00, 0x6F, 0xF1, 0x00, 0x00, 0x00, 0x00, 0x3F, 0xF6, 0x00, 0x00, 0x00, 0x00, 0x0C,
    0xFE, 0x20, 0x00, 0x00, 0x00, 0x03, 0xEF, 0xE6, 0x20, 0x14, 0x89, 0x00, 0x4E, 0xFF, 0xFF, 0xFF,
    0xFA, 0x00, 0x01, 0x7C, 0xEF, 0xDB, 0x71, 0x00, 0x00, 0x03, 0xEB, 0x00, 0x3E, 0xB0, 0x00, 0x00,
    0x00, 0x00, 0x4F, 0xB4, 0xEC, 0x10, 0x00, 0x00, 0x00, 0x00, 0x05, 0xFF, 0xD1, 0x00, 0x00, 0x00,
    0x00, 0x00, 0x00, 0x00, 0x00, 0x00, 0x00, 0x00, 0x00, 0x00, 0x00, 0x00, 0x00, 0x00, 0x00, 0x00,
    0x00, 0x03, 0x8C, 0xEF, 0xED, 0x94, 0x00, 0x00, 0x01, 0xAF, 0xFF, 0xFF, 0xFF, 0xFF, 0xC3, 0x00,
    0x2D, 0xFF, 0xB5, 0x20, 0x13, 0x9E, 0xFB, 0x00, 0xCF, 0xF6, 0x00, 0x00, 0x00, 0x02, 0xBB, 0x06,
    0xFF, 0x70, 0x00, 0x00, 0x00, 0x00, 0x07, 0x0D, 0xFE, 0x00, 0x00, 0x00, 0x00, 0x00, 0x00, 0x3F,
    0xF8, 0x00, 0x00, 0x00, 0x00, 0x00, 0x00, 0x6F, 0xF5, 0x00, 0x00, 0x00, 0x00, 0x00, 0x00, 0x7F,
    0xF3, 0x00, 0x00, 0x00, 0x00, 0x00, 0x00, 0x8F, 0xF3, 0x00, 0x00, 0x00, 0x00, 0x00, 0x00, 0x7F,
    0xF3, 0x00, 0x00, 0x00, 0x00, 0x00, 0x00, 0x6F, 0xF5, 0x00, 0x00, 0x00, 0x00, 0x00, 0x00, 0x3F,
    0xF8, 0x00, 0x00, 0x00, 0x00, 0x00, 0x00, 0x0D, 0xFE, 0x00, 0x00, 0x00, 0x00, 0x00, 0x00, 0x06,
    0xFF, 0x70, 0x00, 0x00, 0x00, 0x00, 0x07, 0x00, 0xCF, 0xF6, 0x00, 0x00, 0x00, 0x02, 0xBB, 0x00,
    0x2D, 0xFF, 0xB5, 0x20, 0x13, 0x8E, 0xFB, 0x00, 0x01, 0xAF, 0xFF, 0xFF, 0xFF, 0xFF, 0xC3, 0x00,
    0x00, 0x03, 0x8C, 0xEF, 0xEC, 0x94, 0x00, 0x00, 0x08, 0xF5, 0x00, 0x0C, 0xE1, 0x00, 0x00, 0xDE,
    0x10, 0x8F, 0x50, 0x00, 0x00, 0x4F, 0xA4, 0xFB, 0x00, 0x00, 0x00, 0x0A, 0xFE, 0xF2, 0x00, 0x00,
    0x00, 0x01, 0xEF, 0x70, 0x00, 0x00, 0x00, 0x00, 0x00, 0x00, 0x00, 0x00, 0x00, 0x00, 0x00, 0x00,
    0x00, 0x00, 0x01, 0x7B, 0xEF, 0xDB, 0x71, 0x00, 0x4E, 0xFF, 0xFF, 0xFF, 0xFA, 0x03, 0xEF, 0xE6,
    0x20, 0x24, 0x89, 0x0C, 0xFE, 0x20, 0x00, 0x00, 0x00, 0x3F, 0xF6, 0x00, 0x00, 0x00, 0x00, 0x6F,
    0xF1, 0x00, 0x00, 0x00, 0x00, 0x8F, 0xE0, 0x00, 0x00, 0x00, 0x00, 0x8F, 0xE0, 0x00, 0x00, 0x00,
    0x00, 0x6F, 0xF1, 0x00, 0x00, 0x00, 0x00, 0x3F, 0xF6, 0x00, 0x00, 0x00, 0x00, 0x0C, 0xFE, 0x20,
    0x00, 0x00, 0x00, 0x03, 0xEF, 0xE6, 0x20, 0x14, 0x89, 0x00, 0x4E, 0xFF, 0xFF, 0xFF, 0xFA, 0x00,
    0x01, 0x7C, 0xEF, 0xDB, 0x71, 0x00, 0x01, 0xDC, 0x10, 0x1C, 0xD1, 0x00, 0x00, 0x00, 0x00, 0x00,
    0x2E, 0xD4, 0xDE, 0x20, 0x00, 0x00, 0x00, 0x00, 0x00, 0x03, 0xEF, 0xE3, 0x00, 0x00, 0x00, 0x00,
    0x00, 0x00, 0x00, 0x00, 0x00, 0x00, 0x00, 0x00, 0x00, 0x00, 0x00, 0x00, 0x00, 0x00, 0x00, 0x00,
    0x00, 0x00, 0x7F, 0xFF, 0xFF, 0xEE, 0xCA, 0x61, 0x00, 0x00, 0x00, 0x7F, 0xFF, 0xFF, 0xFF, 0xFF,
    0xFF, 0xA1, 0x00, 0x00, 0x7F, 0xF2, 0x00, 0x01, 0x37, 0xDF, 0xFE, 0x20, 0x00, 0x7F, 0xF2, 0x00,
    0x00, 0x00, 0x07, 0xFF, 0xD1, 0x00, 0x7F, 0xF2, 0x00, 0x00, 0x00, 0x00, 0x8F, 0xF7, 0x00, 0x7F,
    0xF2, 0x00, 0x00, 0x00, 0x00, 0x1E, 0xFD, 0x00, 0x7F, 0xF2, 0x00, 0x00, 0x00, 0x00, 0x09, 0xFF,
    0x20, 0x7F, 0xF2, 0x00, 0x00, 0x00, 0x00, 0x06, 0xFF, 0x50, 0x7F, 0xF2, 0x00, 0x00, 0x00, 0x00,
    0x04, 0xFF, 0x60, 0x7F, 0xF2, 0x00, 0x00, 0x00, 0x00, 0x04, 0xFF, 0x70, 0x7F, 0xF2, 0x00, 0x00,
    0x00, 0x00, 0x04, 0xFF, 0x60, 0x7F, 0xF2, 0x00, 0x00, 0x00, 0x00, 0x06, 0xFF, 0x50, 0x7F, 0xF2,
    0x00, 0x00, 0x00, 0x00, 0x09, 0xFF, 0x20, 0x7F, 0xF2, 0x00, 0x00, 0x00, 0x00, 0x1E, 0xFD, 0x00,
    0x7F, 0xF2, 0x00, 0x00, 0x00, 0x00, 0x8F, 0xF7, 0x00, 0x7F, 0xF2, 0x00, 0x00, 0x00, 0x07, 0xFF,
    0xD1, 0x00, 0x7F, 0xF2, 0x00, 0x01, 0x37, 0xDF, 0xFD, 0x20, 0x00, 0x7F, 0xFF, 0xFF, 0xFF, 0xFF,
    0xFF, 0x91, 0x00, 0x00, 0x7F, 0xFF, 0xFF, 0xFE, 0xCA, 0x61, 0x00, 0x00, 0x00, 0x00, 0x00, 0x00,
    0x00, 0x00, 0x3F, 0xF2, 0x09, 0xFD, 0x00, 0x00, 0x00, 0x00, 0x00, 0x3F, 0xF2, 0x0C, 0xF9, 0x00,
    0x00, 0x00, 0x00, 0x00, 0x3F, 0xF2, 0x0E, 0xF4, 0x00, 0x00, 0x00, 0x00, 0x00, 0x3F, 0xF2, 0x2F,
    0xE0, 0x00, 0x00, 0x00, 0x00, 0x00, 0x3F, 0xF2, 0x5F, 0xA0, 0x00, 0x00, 0x00, 0x00, 0x00, 0x3F,
    0xF2, 0x00, 0x00, 0x00, 0x04, 0xBE, 0xEC, 0x70, 0x3F, 0xF2, 0x00, 0x00, 0x00, 0x8F, 0xFF, 0xFF,
    0xFB, 0x3F, 0xF2, 0x00, 0x00, 0x05, 0xFF, 0xB3, 0x11, 0x6E, 0xAF, 0xF2, 0x00, 0x00, 0x0D, 0xFC,
    0x00, 0x00, 0x03, 0xFF, 0xF2, 0x00, 0x00, 0x4F, 0xF4, 0x00, 0x00, 0x00, 0x9F, 0xF2, 0x00, 0x00,
    0x7F, 0xF0, 0x00, 0x00, 0x00, 0x5F, 0xF2, 0x00, 0x00, 0x8F, 0xD0, 0x00, 0x00, 0x00, 0x3F, 0xF2,
    0x00, 0x00, 0x8F, 0xD0, 0x00, 0x00, 0x00, 0x3F, 0xF2, 0x00, 0x00, 0x7F, 0xF0, 0x00, 0x00, 0x00,
    0x5F, 0xF2, 0x00, 0x00, 0x4F, 0xF4, 0x00, 0x00, 0x00, 0x9F, 0xF2, 0x00, 0x00, 0x0D, 0xFC, 0x00,
    0x00, 0x03, 0xFF, 0xF2, 0x00, 0x00, 0x05, 0xFF, 0xB3, 0x01, 0x6E, 0xAF, 0xF2, 0x00, 0x00, 0x00,
    0x8F, 0xFF, 0xFF, 0xFB, 0x3F, 0xF2, 0x00, 0x00, 0x00, 0x04, 0xBE, 0xEC, 0x70, 0x3F, 0xF2, 0x00,
    0x00, 0x00, 0x5F, 0xFF, 0xFF, 0xFE, 0xDA, 0x72, 0x00, 0x00, 0x00, 0x00, 0x5F, 0xFF, 0xFF, 0xFF,
    0xFF, 0xFF, 0xB2, 0x00, 0x00, 0x00, 0x5F, 0xF4, 0x00, 0x01, 0x36, 0xCF, 0xFE, 0x30, 0x00, 0x00,
    0x5F, 0xF4, 0x00, 0x00, 0x00, 0x06, 0xFF, 0xE2, 0x00, 0x00, 0x5F, 0xF4, 0x00, 0x00, 0x00, 0x00,
    0x6F, 0xF9, 0x00, 0x00, 0x5F, 0xF4, 0x00, 0x00, 0x00, 0x00, 0x0C, 0xFF, 0x10, 0x00, 0x5F, 0xF4,
    0x00, 0x00, 0x00, 0x00, 0x07, 0xFF, 0x40, 0x00, 0x5F, 0xF4, 0x00, 0x00, 0x00, 0x00, 0x04, 0xFF,
    0x70, 0xDF, 0xFF, 0xFF, 0xFF, 0xF8, 0x00, 0x00, 0x02, 0xFF, 0x80, 0xDF, 0xFF, 0xFF, 0xFF, 0xF8,
    0x00, 0x00, 0x02, 0xFF, 0x90, 0x00, 0x5F, 0xF4, 0x00, 0x00, 0x00, 0x00, 0x02, 0xFF, 0x80, 0x00,
    0x5F, 0xF4, 0x00, 0x00, 0x00, 0x00, 0x04, 0xFF, 0x70, 0x00, 0x5F, 0xF4, 0x00, 0x00, 0x00, 0x00,
    0x07, 0xFF, 0x40, 0x00, 0x5F, 0xF4, 0x00, 0x00, 0x00, 0x00, 0x0D, 0xFF, 0x10, 0x00, 0x5F, 0xF4,
    0x00, 0x00, 0x00, 0x00, 0x6F, 0xF9, 0x00, 0x00, 0x5F, 0xF4, 0x00, 0x00, 0x00, 0x06, 0xFF, 0xE2,
    0x00, 0x00, 0x5F, 0xF4, 0x00, 0x01, 0x36, 0xCF, 0xFE, 0x30, 0x00, 0x00, 0x5F, 0xFF, 0xFF, 0xFF,
    0xFF, 0xFF, 0xA2, 0x00, 0x00, 0x00, 0x5F, 0xFF, 0xFF, 0xFE, 0xDA, 0x72, 0x00, 0x00, 0x00, 0x00,
    0x00, 0x00, 0x00, 0x00, 0x3F, 0xF2, 0x00, 0x00, 0x00, 0x00, 0x00, 0x00, 0x3F, 0xF2, 0x00, 0x00,
    0x00, 0x00, 0x00, 0x00, 0x3F, 0xF2, 0x00, 0x00, 0x00, 0x00, 0x5F, 0xFF, 0xFF, 0xFF, 0xF1, 0x00,
    0x00, 0x00, 0x5F, 0xFF, 0xFF, 0xFF, 0xF1, 0x00, 0x00, 0x00, 0x00, 0x00, 0x3F, 0xF2, 0x00, 0x00,
    0x04, 0xBE, 0xEC, 0x70, 0x3F, 0xF2, 0x00, 0x00, 0x8F, 0xFF, 0xFF, 0xFB, 0x3F, 0xF2, 0x00, 0x05,
    0xFF, 0xB3, 0x11, 0x6E, 0xAF, 0xF2, 0x00, 0x0D, 0xFC, 0x00, 0x00, 0x03, 0xFF, 0xF2, 0x00, 0x4F,
    0xF4, 0x00, 0x00, 0x00, 0x9F, 0xF2, 0x00, 0x7F, 0xF0, 0x00, 0x00, 0x00, 0x5F, 0xF2, 0x00, 0x8F,
    0xD0, 0x00, 0x00, 0x00, 0x3F, 0xF2, 0x00, 0x8F, 0xD0, 0x00, 0x00, 0x00, 0x3F, 0xF2, 0x00, 0x7F,
    0xF0, 0x00, 0x00, 0x00, 0x5F, 0xF2, 0x00, 0x4F, 0xF4, 0x00, 0x00, 0x00, 0x9F, 0xF2, 0x00, 0x0D,
    0xFC, 0x00, 0x00, 0x03, 0xFF, 0xF2, 0x00, 0x05, 0xFF, 0xB3, 0x01, 0x6E, 0xAF, 0xF2, 0x00, 0x00,
    0x8F, 0xFF, 0xFF, 0xFB, 0x3F, 0xF2, 0x00, 0x00, 0x04, 0xBE, 0xEC, 0x70, 0x3F, 0xF2, 0x00, 0x00,
    0x4F, 0xFF, 0xFF, 0xFF, 0x50, 0x00, 0x00, 0x4F, 0xFF, 0xFF, 0xFF, 0x50, 0x00, 0x00, 0x00, 0x00,
    0x00, 0x00, 0x00, 0x00, 0x00, 0x00, 0x00, 0x00, 0x00, 0x00, 0x00, 0x7F, 0xFF, 0xFF, 0xFF, 0xFF,
    0xFF, 0x80, 0x7F, 0xFF, 0xFF, 0xFF, 0xFF, 0xFF, 0x80, 0x7F, 0xF2, 0x00, 0x00, 0x00, 0x00, 0x00,
    0x7F, 0xF2, 0x00, 0x00, 0x00, 0x00, 0x00, 0x7F, 0xF2, 0x00, 0x00, 0x00, 0x00, 0x00, 0x7F, 0xF2,
    0x00, 0x00, 0x00, 0x00, 0x00, 0x7F, 0xF2, 0x00, 0x00, 0x00, 0x00, 0x00, 0x7F, 0xF2, 0x00, 0x00,
    0x00, 0x00, 0x00, 0x7F, 0xFF, 0xFF, 0xFF, 0xFF, 0xFF, 0x20, 0x7F, 0xFF, 0xFF, 0xFF, 0xFF, 0xFF,
    0x20, 0x7F, 0xF2, 0x00, 0x00, 0x00, 0x00, 0x00, 0x7F, 0xF2, 0x00, 0x00, 0x00, 0x00, 0x00, 0x7F,
    0xF2, 0x00, 0x00, 0x00, 0x00, 0x00, 0x7F, 0xF2, 0x00, 0x00, 0x00, 0x00, 0x00, 0x7F, 0xF2, 0x00,
    0x00, 0x00, 0x00, 0x00, 0x7F, 0xF2, 0x00, 0x00, 0x00, 0x00, 0x00, 0x7F, 0xF2, 0x00, 0x00, 0x00,
    0x00, 0x00, 0x7F, 0xFF, 0xFF, 0xFF, 0xFF, 0xFF, 0xC0, 0x7F, 0xFF, 0xFF, 0xFF, 0xFF, 0xFF, 0xC0,
    0x00, 0x06, 0xFF, 0xFF, 0xFF, 0xF3, 0x00, 0x00, 0x06, 0xFF, 0xFF, 0xFF, 0xF3, 0x00, 0x00, 0x00,
    0x00, 0x00, 0x00, 0x00, 0x00, 0x00, 0x00, 0x00, 0x00, 0x00, 0x00, 0x00, 0x00, 0x00, 0x00, 0x00,
    0x00, 0x00, 0x00, 0x00, 0x01, 0x7C, 0xEF, 0xEA, 0x40, 0x00, 0x00, 0x4E, 0xFF, 0xFF, 0xFF, 0xF9,
    0x00, 0x03, 0xEF, 0xD5, 0x10, 0x28, 0xFF, 0x70, 0x0B, 0xFD, 0x10, 0x00, 0x00, 0x7F, 0xE1, 0x3F,
    0xF5, 0x00, 0x00, 0x00, 0x0E, 0xF5, 0x6F, 0xF1, 0x00, 0x00, 0x00, 0x0C, 0xF8, 0x8F, 0xFF, 0xFF,
    0xFF, 0xFF, 0xFF, 0xF9, 0x8F, 0xFF, 0xFF, 0xFF, 0xFF, 0xFF, 0xF9, 0x7F, 0xE0, 0x00, 0x00, 0x00,
    0x00, 0x00, 0x3F, 0xF4, 0x00, 0x00, 0x00, 0x00, 0x00, 0x0C, 0xFC, 0x10, 0x00, 0x00, 0x00, 0x00,
    0x03, 0xEF, 0xD6, 0x20, 0x12, 0x48, 0xC1, 0x00, 0x3D, 0xFF, 0xFF, 0xFF, 0xFF, 0xF1, 0x00, 0x01,
    0x6B, 0xEF, 0xED, 0xB7, 0x20, 0x00, 0x4F, 0x82, 0x01, 0x7F, 0x60, 0x00, 0x00, 0x1D, 0xFF, 0xFF,
    0xFD, 0x10, 0x00, 0x00, 0x02, 0x9D, 0xFD, 0xA2, 0x00, 0x00, 0x00, 0x00, 0x00, 0x00, 0x00, 0x00,
    0x00, 0x00, 0x00, 0x00, 0x00, 0x00, 0x00, 0x00, 0x7F, 0xFF, 0xFF, 0xFF, 0xFF, 0xFF, 0x80, 0x7F,
    0xFF, 0xFF, 0xFF, 0xFF, 0xFF, 0x80, 0x7F, 0xF2, 0x00, 0x00, 0x00, 0x00, 0x00, 0x7F, 0xF2, 0x00,
    0x00, 0x00, 0x00, 0x00, 0x7F, 0xF2, 0x00, 0x00, 0x00, 0x00, 0x00, 0x7F, 0xF2, 0x00, 0x00, 0x00,
    0x00, 0x00, 0x7F, 0xF2, 0x00, 0x00, 0x00, 0x00, 0x00, 0x7F, 0xF2, 0x00, 0x00, 0x00, 0x00, 0x00,
    0x7F, 0xFF, 0xFF, 0xFF, 0xFF, 0xFF, 0x20, 0x7F, 0xFF, 0xFF, 0xFF, 0xFF, 0xFF, 0x20, 0x7F, 0xF2,
    0x00, 0x00, 0x00, 0x00, 0x00, 0x7F, 0xF2, 0x00, 0x00, 0x00, 0x00, 0x00, 0x7F, 0xF2, 0x00, 0x00,
    0x00, 0x00, 0x00, 0x7F, 0xF2, 0x00, 0x00, 0x00, 0x00, 0x00, 0x7F, 0xF2, 0x00, 0x00, 0x00, 0x00,
    0x00, 0x7F, 0xF2, 0x00, 0x00, 0x00, 0x00, 0x00, 0x7F, 0xF2, 0x00, 0x00, 0x00, 0x00, 0x00, 0x7F,
    0xFF, 0xFF, 0xFF, 0xFF, 0xFF, 0xC0, 0x7F, 0xFF, 0xFF, 0xFF, 0xFF, 0xFF, 0xC0, 0x00, 0x07, 0xF1,
    0x00, 0x04, 0xF4, 0x00, 0x00, 0x04, 0xFB, 0x20, 0x3D, 0xF1, 0x00, 0x00, 0x00, 0xBF, 0xFF, 0xFF,
    0x80, 0x00, 0x00, 0x00, 0x19, 0xDE, 0xD7, 0x00, 0x00, 0x00, 0x00, 0x00, 0x00, 0x00, 0x00, 0x00,
    0x00, 0x00, 0x00, 0x00, 0x00, 0x00, 0x00, 0x00, 0x00, 0x00, 0x00, 0x00, 0x00, 0x00, 0x00, 0x01,
    0x7C, 0xEF, 0xEA, 0x40, 0x00, 0x00, 0x4E, 0xFF, 0xFF, 0xFF, 0xF9, 0x00, 0x03, 0xEF, 0xD5, 0x10,
    0x28, 0xFF, 0x70, 0x0B, 0xFD, 0x10, 0x00, 0x00, 0x7F, 0xE1, 0x3F, 0xF5, 0x00, 0x00, 0x00, 0x0E,
    0xF5, 0x6F, 0xF1, 0x00, 0x00, 0x00, 0x0C, 0xF8, 0x8F, 0xFF, 0xFF, 0xFF, 0xFF, 0xFF, 0xF9, 0x8F,
    0xFF, 0xFF, 0xFF, 0xFF, 0xFF, 0xF9, 0x7F, 0xE0, 0x00, 0x00, 0x00, 0x00, 0x00, 0x3F, 0xF4, 0x00,
    0x00, 0x00, 0x00, 0x00, 0x0C, 0xFC, 0x10, 0x00, 0x00, 0x00, 0x00, 0x03, 0xEF, 0xD6, 0x20, 0x12,
    0x48, 0xC1, 0x00, 0x3D, 0xFF, 0xFF, 0xFF, 0xFF, 0xF1, 0x00, 0x01, 0x6B, 0xEF, 0xED, 0xB7, 0x20,
    0x00, 0x00, 0x0C, 0xFC, 0x00, 0x00, 0x00, 0x00, 0x00, 0x0C, 0xFC, 0x00, 0x00, 0x00, 0x00, 0x00,
    0x0C, 0xFC, 0x00, 0x00, 0x00, 0x00, 0x00, 0x00, 0x00, 0x00, 0x00, 0x00, 0x00, 0x00, 0x00, 0x00,
    0x00, 0x00, 0x00, 0x7F, 0xFF, 0xFF, 0xFF, 0xFF, 0xFF, 0x80, 0x7F, 0xFF, 0xFF, 0xFF, 0xFF, 0xFF,
    0x80, 0x7F, 0xF2, 0x00, 0x00, 0x00, 0x00, 0x00, 0x7F, 0xF2, 0x00, 0x00, 0x00, 0x00, 0x00, 0x7F,
    0xF2, 0x00, 0x00, 0x00, 0x00, 0x00, 0x7F, 0xF2, 0x00, 0x00, 0x00, 0x00, 0x00, 0x7F, 0xF2, 0x00,
    0x00, 0x00, 0x00, 0x00, 0x7F, 0xF2, 0x00, 0x00, 0x00, 0x00, 0x00, 0x7F, 0xFF, 0xFF, 0xFF, 0xFF,
    0xFF, 0x20, 0x7F, 0xFF, 0xFF, 0xFF, 0xFF, 0xFF, 0x20, 0x7F, 0xF2, 0x00, 0x00, 0x00, 0x00, 0x00,
    0x7F, 0xF2, 0x00, 0x00, 0x00, 0x00, 0x00, 0x7F, 0xF2, 0x00, 0x00, 0x00, 0x00, 0x00, 0x7F, 0xF2,
    0x00, 0x00, 0x00, 0x00, 0x00, 0x7F, 0xF2, 0x00, 0x00, 0x00, 0x00, 0x00, 0x7F, 0xF2, 0x00, 0x00,
    0x00, 0x00, 0x00, 0x7F, 0xF2, 0x00, 0x00, 0x00, 0x00, 0x00, 0x7F, 0xFF, 0xFF, 0xFF, 0xFF, 0xFF,
    0xC0, 0x7F, 0xFF, 0xFF, 0xFF, 0xFF, 0xFF, 0xC0, 0x00, 0x00, 0x00, 0xCF, 0x80, 0x00, 0x00, 0x00,
    0x00, 0x00, 0xCF, 0x80, 0x00, 0x00, 0x00, 0x00, 0x00, 0xCF, 0x80, 0x00, 0x00, 0x00, 0x00, 0x00,
    0x00, 0x00, 0x00, 0x00, 0x00, 0x00, 0x00, 0x00, 0x00, 0x00, 0x00, 0x00, 0x00, 0x00, 0x00, 0x00,
    0x00, 0x00, 0x00, 0x01, 0x7C, 0xEF, 0xEA, 0x40, 0x00, 0x00, 0x4E, 0xFF, 0xFF, 0xFF, 0xF9, 0x00,
    0x03, 0xEF, 0xD5, 0x10, 0x28, 0xFF, 0x70, 0x0B, 0xFD, 0x10, 0x00, 0x00, 0x7F, 0xE1, 0x3F, 0xF5,
    0x00, 0x00, 0x00, 0x0E, 0xF5, 0x6F, 0xF1, 0x00, 0x00, 0x00, 0x0C, 0xF8, 0x8F, 0xFF, 0xFF, 0xFF,
    0xFF, 0xFF, 0xF9, 0x8F, 0xFF, 0xFF, 0xFF, 0xFF, 0xFF, 0xF9, 0x7F, 0xE0, 0x00, 0x00, 0x00, 0x00,
    0x00, 0x3F, 0xF4, 0x00, 0x00, 0x00, 0x00, 0x00, 0x0C, 0xFC, 0x10, 0x00, 0x00, 0x00, 0x00, 0x03,
    0xEF, 0xD6, 0x20, 0x12, 0x48, 0xC1, 0x00, 0x3D, 0xFF, 0xFF, 0xFF, 0xFF, 0xF1, 0x00, 0x01, 0x6B,
    0xEF, 0xED, 0xB7, 0x20, 0x7F, 0xFF, 0xFF, 0xFF, 0xFF, 0xFF, 0x80, 0x7F, 0xFF, 0xFF, 0xFF, 0xFF,
    0xFF, 0x80, 0x7F, 0xF2, 0x00, 0x00, 0x00, 0x00, 0x00, 0x7F, 0xF2, 0x00, 0x00, 0x00, 0x00, 0x00,
    0x7F, 0xF2, 0x00, 0x00, 0x00, 0x00, 0x00, 0x7F, 0xF2, 0x00, 0x00, 0x00, 0x00, 0x00, 0x7F, 0xF2,
    0x00, 0x00, 0x00, 0x00, 0x00, 0x7F, 0xF2, 0x00, 0x00, 0x00, 0x00, 0x00, 0x7F, 0xFF, 0xFF, 0xFF,
    0xFF, 0xFF, 0x20, 0x7F, 0xFF, 0xFF, 0xFF, 0xFF, 0xFF, 0x20, 0x7F, 0xF2, 0x00, 0x00, 0x00, 0x00,
    0x00, 0x7F, 0xF2, 0x00, 0x00, 0x00, 0x00, 0x00, 0x7F, 0xF2, 0x00, 0x00, 0x00, 0x00, 0x00, 0x7F,
    0xF2, 0x00, 0x00, 0x00, 0x00, 0x00, 0x7F, 0xF2, 0x00, 0x00, 0x00, 0x00, 0x00, 0x7F, 0xF2, 0x00,
    0x00, 0x00, 0x00, 0x00, 0x7F, 0xF2, 0x00, 0x00, 0x00, 0x00, 0x00, 0x7F, 0xFF, 0xFF, 0xFF, 0xFF,
    0xFF, 0xC0, 0x7F, 0xFF, 0xFF, 0xFF, 0xFF, 0xFF, 0xC0, 0x00, 0x00, 0x00, 0x00, 0x1D, 0x80, 0x00,
    0x00, 0x00, 0x00, 0x00, 0x9E, 0x00, 0x00, 0x00, 0x00, 0x00, 0x00, 0xDE, 0x20, 0x00, 0x00, 0x00,
    0x00, 0x00, 0xCF, 0xFF, 0xC0, 0x00, 0x00, 0x00, 0x00, 0x3B, 0xEE, 0x90, 0x00, 0x01, 0x7C, 0xEF,
    0xEA, 0x40, 0x00, 0x00, 0x4E, 0xFF, 0xFF, 0xFF, 0xF9, 0x00, 0x03, 0xEF, 0xD5, 0x10, 0x28, 0xFF,
    0x70, 0x0B, 0xFD, 0x10, 0x00, 0x00, 0x7F, 0xE1, 0x3F, 0xF5, 0x00, 0x00, 0x00, 0x0E, 0xF5, 0x6F,
    0xF1, 0x00, 0x00, 0x00, 0x0C, 0xF8, 0x8F, 0xFF, 0xFF, 0xFF, 0xFF, 0xFF, 0xF9, 0x8F, 0xFF, 0xFF,
    0xFF, 0xFF, 0xFF, 0xF9, 0x7F, 0xE0, 0x00, 0x00, 0x00, 0x00, 0x00, 0x3F, 0xF4, 0x00, 0x00, 0x00,
    0x00, 0x00, 0x0C, 0xFC, 0x10, 0x00, 0x00, 0x00, 0x00, 0x03, 0xEF, 0xD6, 0x20, 0x12, 0x48, 0xC1,
    0x00, 0x3D, 0xFF, 0xFF, 0xFF, 0xFF, 0xF1, 0x00, 0x01, 0x6B, 0xEF, 0xED, 0xB7, 0x20, 0x00, 0x00,
    0x00, 0x00, 0x2E, 0x70, 0x00, 0x00, 0x00, 0x00, 0x00, 0xAD, 0x00, 0x00, 0x00, 0x00, 0x00, 0x00,
    0xEE, 0x20, 0x00, 0x00, 0x00, 0x00, 0x00, 0xDF, 0xFF, 0xB0, 0x00, 0x00, 0x00, 0x00, 0x3C, 0xEE,
    0x90, 0x00, 0x1C, 0xD2, 0x01, 0xBE, 0x20, 0x00, 0x00, 0x01, 0xDE, 0x4C, 0xE3, 0x00, 0x00, 0x00,
    0x00, 0x2E, 0xFF, 0x40, 0x00, 0x00, 0x00, 0x00, 0x00, 0x00, 0x00, 0x00, 0x00, 0x00, 0x00, 0x00,
    0x00, 0x00, 0x00, 0x00, 0x7F, 0xFF, 0xFF, 0xFF, 0xFF, 0xFF, 0x80, 0x7F, 0xFF, 0xFF, 0xFF, 0xFF,
    0xFF, 0x80, 0x7F, 0xF2, 0x00, 0x00, 0x00, 0x00, 0x00, 0x7F, 0xF2, 0x00, 0x00, 0x00, 0x00, 0x00,
    0x7F, 0xF2, 0x00, 0x00, 0x00, 0x00, 0x00, 0x7F, 0xF2, 0x00, 0x00, 0x00, 0x00, 0x00, 0x7F, 0xF2,
    0x00, 0x00, 0x00, 0x00, 0x00, 0x7F, 0xF2, 0x00, 0x00, 0x00, 0x00, 0x00, 0x7F, 0xFF, 0xFF, 0xFF,
    0xFF, 0xFF, 0x20, 0x7F, 0xFF, 0xFF, 0xFF, 0xFF, 0xFF, 0x20, 0x7F, 0xF2, 0x00, 0x00, 0x00, 0x00,
    0x00, 0x7F, 0xF2, 0x00, 0x00, 0x00, 0x00, 0x00, 0x7F, 0xF2, 0x00, 0x00, 0x00, 0x00, 0x00, 0x7F,
    0xF2, 0x00, 0x00, 0x00, 0x00, 0x00, 0x7F, 0xF2, 0x00, 0x00, 0x00, 0x00, 0x00, 0x7F, 0xF2, 0x00,
    0x00, 0x00, 0x00, 0x00, 0x7F, 0xF2, 0x00, 0x00, 0x00, 0x00, 0x00, 0x7F, 0xFF, 0xFF, 0xFF, 0xFF,
    0xFF, 0xC0, 0x7F, 0xFF, 0xFF, 0xFF, 0xFF, 0xFF, 0xC0, 0x00, 0x05, 0xF7, 0x00, 0x0A, 0xF2, 0x00,
    0x00, 0x00, 0xBF, 0x30, 0x6F, 0x70, 0x00, 0x00, 0x00, 0x2F, 0xC2, 0xED, 0x00, 0x00, 0x00, 0x00,
    0x07, 0xFE, 0xF4, 0x00, 0x00, 0x00, 0x00, 0x00, 0xDF, 0x90, 0x00, 0x00, 0x00, 0x00, 0x00, 0x00,
    0x00, 0x00, 0x00, 0x00, 0x00, 0x00, 0x00, 0x00, 0x00, 0x00, 0x00, 0x01, 0x7C, 0xEF, 0xEA, 0x40,
    0x00, 0x00, 0x4E, 0xFF, 0xFF, 0xFF, 0xF9, 0x00, 0x03, 0xEF, 0xD5, 0x10, 0x28, 0xFF, 0x70, 0x0B,
    0xFD, 0x10, 0x00, 0x00, 0x7F, 0xE1, 0x3F, 0xF5, 0x00, 0x00, 0x00, 0x0E, 0xF5, 0x6F, 0xF1, 0x00,
    0x00, 0x00, 0x0C, 0xF8, 0x8F, 0xFF, 0xFF, 0xFF, 0xFF, 0xFF, 0xF9, 0x8F, 0xFF, 0xFF, 0xFF, 0xFF,
    0xFF, 0xF9, 0x7F, 0xE0, 0x00, 0x00, 0x00, 0x00, 0x00, 0x3F, 0xF4, 0x00, 0x00, 0x00, 0x00, 0x00,
    0x0C, 0xFC, 0x10, 0x00, 0x00, 0x00, 0x00, 0x03, 0xEF, 0xD6, 0x20, 0x12, 0x48, 0xC1, 0x00, 0x3D,
    0xFF, 0xFF, 0xFF, 0xFF, 0xF1, 0x00, 0x01, 0x6B, 0xEF, 0xED, 0xB7, 0x20, 0x00, 0x00, 0x00, 0x00,
    0xBF, 0xF8, 0x00, 0x00, 0x00, 0x00, 0x00, 0x00, 0x09, 0xF6, 0x8F, 0x70, 0x00, 0x00, 0x00, 0x00,
    0x00, 0x8F, 0x50, 0x07, 0xF5, 0x00, 0x00, 0x00, 0x00, 0x00, 0x00, 0x00, 0x00, 0x00, 0x00, 0x00,
    0x00, 0x00, 0x00, 0x00, 0x00, 0x00, 0x00, 0x00, 0x00, 0x00, 0x00, 0x02, 0x8B, 0xDF, 0xED, 0xA7,
    0x10, 0x00, 0x00, 0x01, 0xAF, 0xFF, 0xFF, 0xFF, 0xFF, 0xF9, 0x10, 0x00, 0x2D, 0xFF, 0xB6, 0x21,
    0x12, 0x6C, 0xFF, 0x80, 0x00, 0xCF, 0xF6, 0x00, 0x00, 0x00, 0x00, 0x6E, 0x80, 0x07, 0xFF, 0x70,
    0x00, 0x00, 0x00, 0x00, 0x02, 0x60, 0x0D, 0xFD, 0x00, 0x00, 0x00, 0x00, 0x00, 0x00, 0x00, 0x3F,
    0xF8, 0x00, 0x00, 0x00, 0x00, 0x00, 0x00, 0x00, 0x6F, 0xF5, 0x00, 0x00, 0x00, 0x00, 0x00, 0x00,
    0x00, 0x7F, 0xF3, 0x00, 0x00, 0x00, 0x00, 0x00, 0x00, 0x00, 0x8F, 0xF3, 0x00, 0x00, 0x00, 0xBF,
    0xFF, 0xFF, 0xF0, 0x7F, 0xF3, 0x00, 0x00, 0x00, 0xBF, 0xFF, 0xFF, 0xF0, 0x6F, 0xF5, 0x00, 0x00,
    0x00, 0x00, 0x00, 0x8F, 0xF0, 0x3F, 0xF8, 0x00, 0x00, 0x00, 0x00, 0x00, 0x8F, 0xF0, 0x0D, 0xFD,
    0x00, 0x00, 0x00, 0x00, 0x00, 0x8F, 0xF0, 0x07, 0xFF, 0x70, 0x00, 0x00, 0x00, 0x00, 0x8F, 0xF0,
    0x00, 0xCF, 0xF6, 0x00, 0x00, 0x00, 0x00, 0x8F, 0xF0, 0x00, 0x2D, 0xFF, 0xB5, 0x21, 0x01, 0x49,
    0xEF, 0xF0, 0x00, 0x01, 0xAF, 0xFF, 0xFF, 0xFF, 0xFF, 0xFC, 0x40, 0x00, 0x00, 0x02, 0x8B, 0xDF,
    0xED, 0xB8, 0x30, 0x00, 0x00, 0x00, 0x06, 0xFE, 0x20, 0x00, 0x00, 0x00, 0x00, 0x1E, 0xEF, 0xA0,
    0x00, 0x00, 0x00, 0x00, 0xAF, 0x4A, 0xF5, 0x00, 0x00, 0x00, 0x04, 0xF9, 0x01, 0xDD, 0x10, 0x00,
    0x00, 0x1D, 0xD1, 0x00, 0x4F, 0x80, 0x00, 0x00, 0x00, 0x00, 0x00, 0x00, 0x00, 0x00, 0x00, 0x00,
    0x00, 0x00, 0x00, 0x00, 0x00, 0x00, 0x04, 0xBE, 0xEC, 0x70, 0x3F, 0xF2, 0x00, 0x8F, 0xFF, 0xFF,
    0xFB, 0x3F, 0xF2, 0x05, 0xFF, 0xB3, 0x01, 0x5E, 0xAF, 0xF2, 0x0D, 0xFC, 0x00, 0x00, 0x02, 0xFF,
    0xF2, 0x4F, 0xF4, 0x00, 0x00, 0x00, 0x9F, 0xF2, 0x7F, 0xF0, 0x00, 0x00, 0x00, 0x5F, 0xF2, 0x8F,
    0xD0, 0x00, 0x00, 0x00, 0x3F, 0xF2, 0x8F, 0xD0, 0x00, 0x00, 0x00, 0x3F, 0xF2, 0x7F, 0xF0, 0x00,
    0x00, 0x00, 0x5F, 0xF2, 0x4F, 0xF4, 0x00, 0x00, 0x00, 0x9F, 0xF2, 0x0D, 0xFC, 0x00, 0x00, 0x02,
    0xFF, 0xF2, 0x06, 0xFF, 0xB3, 0x01, 0x5E, 0xAF, 0xF2, 0x00, 0x8F, 0xFF, 0xFF, 0xFB, 0x3F, 0xF2,
    0x00, 0x04, 0xBE, 0xEC, 0x70, 0x4F, 0xF1, 0x00, 0x00, 0x00, 0x00, 0x00, 0x7F, 0xD0, 0x00, 0x00,
    0x00, 0x00, 0x01, 0xEF, 0x90, 0x00, 0xA7, 0x31, 0x02, 0x6D, 0xFF, 0x20, 0x00, 0xDF, 0xFF, 0xFF,
    0xFF, 0xE5, 0x00, 0x00, 0x28, 0xCD, 0xFE, 0xC8, 0x20, 0x00, 0x00, 0x00, 0x0B, 0xD4, 0x10, 0x3C,
    0xE0, 0x00, 0x00, 0x00, 0x00, 0x05, 0xFF, 0xFF, 0xFF, 0x80, 0x00, 0x00, 0x00, 0x00, 0x00, 0x5C,
    0xEE, 0xC6, 0x00, 0x00, 0x00, 0x00, 0x00, 0x00, 0x00, 0x00, 0x00, 0x00, 0x00, 0x00, 0x00, 0x00,
    0x00, 0x00, 0x00, 0x00, 0x00, 0x00, 0x00, 0x00, 0x00, 0x02, 0x8B, 0xDF, 0xED, 0xA7, 0x10, 0x00,
    0x00, 0x01, 0xAF, 0xFF, 0xFF, 0xFF, 0xFF, 0xF9, 0x10, 0x00, 0x2D, 0xFF, 0xB6, 0x21, 0x12, 0x6C,
    0xFF, 0x80, 0x00, 0xCF, 0xF6, 0x00, 0x00, 0x00, 0x00, 0x6E, 0x80, 0x07, 0xFF, 0x70, 0x00, 0x00,
    0x00, 0x00, 0x02, 0x60, 0x0D, 0xFD, 0x00, 0x00, 0x00, 0x00, 0x00, 0x00, 0x00, 0x3F, 0xF8, 0x00,
    0x00, 0x00, 0x00, 0x00, 0x00, 0x00, 0x6F, 0xF5, 0x00, 0x00, 0x00, 0x00, 0x00, 0x00, 0x00, 0x7F,
    0xF3, 0x00, 0x00, 0x00, 0x00, 0x00, 0x00, 0x00, 0x8F, 0xF3, 0x00, 0x00, 0x00, 0xBF, 0xFF, 0xFF,
    0xF0, 0x7F, 0xF3, 0x00, 0x00, 0x00, 0xBF, 0xFF, 0xFF, 0xF0, 0x6F, 0xF5, 0x00, 0x00, 0x00, 0x00,
    0x00, 0x8F, 0xF0, 0x3F, 0xF8, 0x00, 0x00, 0x00, 0x00, 0x00, 0x8F, 0xF0, 0x0D, 0xFD, 0x00, 0x00,
    0x00, 0x00, 0x00, 0x8F, 0xF0, 0x07, 0xFF, 0x70, 0x00, 0x00, 0x00, 0x00, 0x8F, 0xF0, 0x00, 0xCF,
    0xF6, 0x00, 0x00, 0x00, 0x00, 0x8F, 0xF0, 0x00, 0x2D, 0xFF, 0xB5, 0x21, 0x01, 0x49, 0xEF, 0xF0,
    0x00, 0x01, 0xAF, 0xFF, 0xFF, 0xFF, 0xFF, 0xFC, 0x40, 0x00, 0x00, 0x02, 0x8B, 0xDF, 0xED, 0xB8,
    0x30, 0x00, 0x00, 0x09, 0xE0, 0x00, 0x06, 0xF2, 0x00, 0x00, 0x06, 0xF9, 0x21, 0x4E, 0xE0, 0x00,
    0x00, 0x00, 0xDF, 0xFF, 0xFF, 0x60, 0x00, 0x00, 0x00, 0x2A, 0xDE, 0xC6, 0x00, 0x00, 0x00, 0x00,
    0x00, 0x00, 0x00, 0x00, 0x00, 0x00, 0x00, 0x00, 0x00, 0x00, 0x00, 0x00, 0x00, 0x00, 0x00, 0x00,
    0x00, 0x00, 0x00, 0x00, 0x04, 0xBE, 0xEC, 0x70, 0x3F, 0xF2, 0x00, 0x8F, 0xFF, 0xFF, 0xFB, 0x3F,
    0xF2, 0x05, 0xFF, 0xB3, 0x01, 0x5E, 0xAF, 0xF2, 0x0D, 0xFC, 0x00, 0x00, 0x02, 0xFF, 0xF2, 0x4F,
    0xF4, 0x00, 0x00, 0x00, 0x9F, 0xF2, 0x7F, 0xF0, 0x00, 0x00, 0x00, 0x5F, 0xF2, 0x8F, 0xD0, 0x00,
    0x00, 0x00, 0x3F, 0xF2, 0x8F, 0xD0, 0x00, 0x00, 0x00, 0x3F, 0xF2, 0x7F, 0xF0, 0x00, 0x00, 0x00,
    0x5F, 0xF2, 0x4F, 0xF4, 0x00, 0x00, 0x00, 0x9F, 0xF2, 0x0D, 0xFC, 0x00, 0x00, 0x02, 0xFF, 0xF2,
    0x06, 0xFF, 0xB3, 0x01, 0x5E, 0xAF, 0xF2, 0x00, 0x8F, 0xFF, 0xFF, 0xFB, 0x3F, 0xF2, 0x00, 0x04,
    0xBE, 0xEC, 0x70, 0x4F, 0xF1, 0x00, 0x00, 0x00, 0x00, 0x00, 0x7F, 0xD0, 0x00, 0x00, 0x00, 0x00,
    0x01, 0xEF, 0x90, 0x00, 0xA7, 0x31, 0x02, 0x6D, 0xFF, 0x20, 0x00, 0xDF, 0xFF, 0xFF, 0xFF, 0xE5,
    0x00, 0x00, 0x28, 0xCD, 0xFE, 0xC8, 0x20, 0x00, 0x00, 0x00, 0x00, 0x00, 0x6F, 0xF3, 0x00, 0x00,
    0x00, 0x00, 0x00, 0x00, 0x00, 0x6F, 0xF3, 0x00, 0x00, 0x00, 0x00, 0x00, 0x00, 0x00, 0x6F, 0xF3,
    0x00, 0x00, 0x00, 0x00, 0x00, 0x00, 0x00, 0x00, 0x00, 0x00, 0x00, 0x00, 0x00, 0x00, 0x00, 0x00,
    0x00, 0x00, 0x00, 0x00, 0x00, 0x00, 0x00, 0x02, 0x8B, 0xDF, 0xED, 0xA7, 0x10, 0x00, 0x00, 0x01,
    0xAF, 0xFF, 0xFF, 0xFF, 0xFF, 0xF9, 0x10, 0x00, 0x2D, 0xFF, 0xB6, 0x21, 0x12, 0x6C, 0xFF, 0x80,
    0x00, 0xCF, 0xF6, 0x00, 0x00, 0x00, 0x00, 0x6E, 0x80, 0x07, 0xFF, 0x70, 0x00, 0x00, 0x00, 0x00,
    0x02, 0x60, 0x0D, 0xFD, 0x00, 0x00, 0x00, 0x00, 0x00, 0x00, 0x00, 0x3F, 0xF8, 0x00, 0x00, 0x00,
    0x00, 0x00, 0x00, 0x00, 0x6F, 0xF5, 0x00, 0x00, 0x00, 0x00, 0x00, 0x00, 0x00, 0x7F, 0xF3, 0x00,
    0x00, 0x00, 0x00, 0x00, 0x00, 0x00, 0x8F, 0xF3, 0x00, 0x00, 0x00, 0xBF, 0xFF, 0xFF, 0xF0, 0x7F,
    0xF3, 0x00, 0x00, 0x00, 0xBF, 0xFF, 0xFF, 0xF0, 0x6F, 0xF5, 0x00, 0x00, 0x00, 0x00, 0x00, 0x8F,
    0xF0, 0x3F, 0xF8, 0x00, 0x00, 0x00, 0x00, 0x00, 0x8F, 0xF0, 0x0D, 0xFD, 0x00, 0x00, 0x00, 0x00,
    0x00, 0x8F, 0xF0, 0x07, 0xFF, 0x70, 0x00, 0x00, 0x00, 0x00, 0x8F, 0xF0, 0x00, 0xCF, 0xF6, 0x00,
    0x00, 0x00, 0x00, 0x8F, 0xF0, 0x00, 0x2D, 0xFF, 0xB5, 0x21, 0x01, 0x49, 0xEF, 0xF0, 0x00, 0x01,
    0xAF, 0xFF, 0xFF, 0xFF, 0xFF, 0xFC, 0x40, 0x00, 0x00, 0x02, 0x8B, 0xDF, 0xED, 0xB8, 0x30, 0x00,
    0x00, 0x00, 0x05, 0xFF, 0x00, 0x00, 0x00, 0x00, 0x00, 0x05, 0xFF, 0x00, 0x00, 0x00, 0x00, 0x00,
    0x05, 0xFF, 0x00, 0x00, 0x00, 0x00, 0x00, 0x00, 0x00, 0x00, 0x00, 0x00, 0x00, 0x00, 0x00, 0x00,
    0x00, 0x00, 0x00, 0x00, 0x00, 0x00, 0x00, 0x00, 0x00, 0x00, 0x00, 0x04, 0xBE, 0xEC, 0x70, 0x3F,
    0xF2, 0x00, 0x8F, 0xFF, 0xFF, 0xFB, 0x3F, 0xF2, 0x05, 0xFF, 0xB3, 0x01, 0x5E, 0xAF, 0xF2, 0x0D,
    0xFC, 0x00, 0x00, 0x02, 0xFF, 0xF2, 0x4F, 0xF4, 0x00, 0x00, 0x00, 0x9F, 0xF2, 0x7F, 0xF0, 0x00,
    0x00, 0x00, 0x5F, 0xF2, 0x8F, 0xD0, 0x00, 0x00, 0x00, 0x3F, 0xF2, 0x8F, 0xD0, 0x00, 0x00, 0x00,
    0x3F, 0xF2, 0x7F, 0xF0, 0x00, 0x00, 0x00, 0x5F, 0xF2, 0x4F, 0xF4, 0x00, 0x00, 0x00, 0x9F, 0xF2,
    0x0D, 0xFC, 0x00, 0x00, 0x02, 0xFF, 0xF2, 0x06, 0xFF, 0xB3, 0x01, 0x5E, 0xAF, 0xF2, 0x00, 0x8F,
    0xFF, 0xFF, 0xFB, 0x3F, 0xF2, 0x00, 0x04, 0xBE, 0xEC, 0x70, 0x4F, 0xF1, 0x00, 0x00, 0x00, 0x00,
    0x00, 0x7F, 0xD0, 0x00, 0x00, 0x00, 0x00, 0x01, 0xEF, 0x90, 0x00, 0xA7, 0x31, 0x02, 0x6D, 0xFF,
    0x20, 0x00, 0xDF, 0xFF, 0xFF, 0xFF, 0xE5, 0x00, 0x00, 0x28, 0xCD, 0xFE, 0xC8, 0x20, 0x00, 0x00,
    0x00, 0x02, 0x8B, 0xDF, 0xED, 0xA7, 0x10, 0x00, 0x00, 0x01, 0xAF, 0xFF, 0xFF, 0xFF, 0xFF, 0xF9,
    0x10, 0x00, 0x2D, 0xFF, 0xB6, 0x21, 0x12, 0x6C, 0xFF, 0x80, 0x00, 0xCF, 0xF6, 0x00, 0x00, 0x00,
    0x00, 0x6E, 0x80, 0x07, 0xFF, 0x70, 0x00, 0x00, 0x00, 0x00, 0x02, 0x60, 0x0D, 0xFD, 0x00, 0x00,
    0x00, 0x00, 0x00, 0x00, 0x00, 0x3F, 0xF8, 0x00, 0x00, 0x00, 0x00, 0x00, 0x00, 0x00, 0x6F, 0xF5,
    0x00, 0x00, 0x00, 0x00, 0x00, 0x00, 0x00, 0x7F, 0xF3, 0x00, 0x00, 0x00, 0x00, 0x00, 0x00, 0x00,
    0x8F, 0xF3, 0x00, 0x00, 0x00, 0xBF, 0xFF, 0xFF, 0xF0, 0x7F, 0xF3, 0x00, 0x00, 0x00, 0xBF, 0xFF,
    0xFF, 0xF0, 0x6F, 0xF5, 0x00, 0x00, 0x00, 0x00, 0x00, 0x8F, 0xF0, 0x3F, 0xF8, 0x00, 0x00, 0x00,
    0x00, 0x00, 0x8F, 0xF0, 0x0D, 0xFD, 0x00, 0x00, 0x00, 0x00, 0x00, 0x8F, 0xF0, 0x07, 0xFF, 0x70,
    0x00, 0x00, 0x00, 0x00, 0x8F, 0xF0, 0x00, 0xCF, 0xF6, 0x00, 0x00, 0x00, 0x00, 0x8F, 0xF0, 0x00,
    0x2D, 0xFF, 0xB5, 0x21, 0x01, 0x49, 0xEF, 0xF0, 0x00, 0x01, 0xAF, 0xFF, 0xFF, 0xFF, 0xFF, 0xFC,
    0x40, 0x00, 0x00, 0x02, 0x8B, 0xDF, 0xED, 0xB8, 0x30, 0x00, 0x00, 0x00, 0x00, 0x00, 0x00, 0x00,
    0x00, 0x00, 0x00, 0x00, 0x00, 0x00, 0x00, 0x00, 0x00, 0x00, 0x00, 0x00, 0x00, 0x00, 0x00, 0x00,
    0x1F, 0xF7, 0x00, 0x00, 0x00, 0x00, 0x00, 0x00, 0x00, 0x5F, 0xE1, 0x00, 0x00, 0x00, 0x00, 0x00,
    0x00, 0x00, 0x9F, 0x70, 0x00, 0x00, 0x00, 0x00, 0x00, 0x00, 0x00, 0xDD, 0x00, 0x00, 0x00, 0x00,
    0x00, 0x00, 0x00, 0x0B, 0xF1, 0x00, 0x00, 0x00, 0x00, 0x00, 0x3F, 0xC0, 0x00, 0x00, 0x00, 0x00,
    0x00, 0xBF, 0x80, 0x00, 0x00, 0x00, 0x00, 0x04, 0xFF, 0x40, 0x00, 0x00, 0x00, 0x00, 0x00, 0x00,
    0x00, 0x00, 0x00, 0x00, 0x00, 0x00, 0x00, 0x00, 0x00, 0x00, 0x00, 0x04, 0xBE, 0xEC, 0x70, 0x3F,
    0xF2, 0x00, 0x8F, 0xFF, 0xFF, 0xFB, 0x3F, 0xF2, 0x05, 0xFF, 0xB3, 0x01, 0x5E, 0xAF, 0xF2, 0x0D,
    0xFC, 0x00, 0x00, 0x02, 0xFF, 0xF2, 0x4F, 0xF4, 0x00, 0x00, 0x00, 0x9F, 0xF2, 0x7F, 0xF0, 0x00,
    0x00, 0x00, 0x5F, 0xF2, 0x8F, 0xD0, 0x00, 0x00, 0x00, 0x3F, 0xF2, 0x8F, 0xD0, 0x00, 0x00, 0x00,
    0x3F, 0xF2, 0x7F, 0xF0, 0x00, 0x00, 0x00, 0x5F, 0xF2, 0x4F, 0xF4, 0x00, 0x00, 0x00, 0x9F, 0xF2,
    0x0D, 0xFC, 0x00, 0x00, 0x02, 0xFF, 0xF2, 0x06, 0xFF, 0xB3, 0x01, 0x5E, 0xAF, 0xF2, 0x00, 0x8F,
    0xFF, 0xFF, 0xFB, 0x3F, 0xF2, 0x00, 0x04, 0xBE, 0xEC, 0x70, 0x4F, 0xF1, 0x00, 0x00, 0x00, 0x00,
    0x00, 0x7F, 0xD0, 0x00, 0x00, 0x00, 0x00, 0x01, 0xEF, 0x90, 0x00, 0xA7, 0x31, 0x02, 0x6D, 0xFF,
    0x20, 0x00, 0xDF, 0xFF, 0xFF, 0xFF, 0xE5, 0x00, 0x00, 0x28, 0xCD, 0xFE, 0xC8, 0x20, 0x00, 0x00,
    0x00, 0x01, 0xCF, 0xF6, 0x00, 0x00, 0x00, 0x00, 0x00, 0x0B, 0xE5, 0xAF, 0x50, 0x00, 0x00, 0x00,
    0x00, 0xAE, 0x40, 0x09, 0xF4, 0x00, 0x00, 0x00, 0x00, 0x00, 0x00, 0x00, 0x00, 0x00, 0x00, 0x00,
    0x00, 0x00, 0x00, 0x00, 0x00, 0x00, 0x00, 0x7F, 0xF2, 0x00, 0x00, 0x00, 0x00, 0x8F, 0xF0, 0x7F,
    0xF2, 0x00, 0x00, 0x00, 0x00, 0x8F, 0xF0, 0x7F, 0xF2, 0x00, 0x00, 0x00, 0x00, 0x8F, 0xF0, 0x7F,
    0xF2, 0x00, 0x00, 0x00, 0x00, 0x8F, 0xF0, 0x7F, 0xF2, 0x00, 0x00, 0x00, 0x00, 0x8F, 0xF0, 0x7F,
    0xF2, 0x00, 0x00, 0x00, 0x00, 0x8F, 0xF0, 0x7F, 0xF2, 0x00, 0x00, 0x00, 0x00, 0x8F, 0xF0, 0x7F,
    0xF2, 0x00, 0x00, 0x00, 0x00, 0x8F, 0xF0, 0x7F, 0xFF, 0xFF, 0xFF, 0xFF, 0xFF, 0xFF, 0xF0, 0x7F,
    0xFF, 0xFF, 0xFF, 0xFF, 0xFF, 0xFF, 0xF0, 0x7F, 0xF2, 0x00, 0x00, 0x00, 0x00, 0x8F, 0xF0, 0x7F,
    0xF2, 0x00, 0x00, 0x00, 0x00, 0x8F, 0xF0, 0x7F, 0xF2, 0x00, 0x00, 0x00, 0x00, 0x8F, 0xF0, 0x7F,
    0xF2, 0x00, 0x00, 0x00, 0x00, 0x8F, 0xF0, 0x7F, 0xF2, 0x00, 0x00, 0x00, 0x00, 0x8F, 0xF0, 0x7F,
    0xF2, 0x00, 0x00, 0x00, 0x00, 0x8F, 0xF0, 0x7F, 0xF2, 0x00, 0x00, 0x00, 0x00, 0x8F, 0xF0, 0x7F,
    0xF2, 0x00, 0x00, 0x00, 0x00, 0x8F, 0xF0, 0x7F, 0xF2, 0x00, 0x00, 0x00, 0x00, 0x8F, 0xF0, 0x00,
    0x3E, 0xFE, 0x30, 0x00, 0x00, 0x00, 0x00, 0x02, 0xDD, 0x4D, 0xE2, 0x00, 0x00, 0x00, 0x00, 0x1C,
    0xD2, 0x01, 0xCD, 0x10, 0x00, 0x00, 0x00, 0x00, 0x00, 0x00, 0x00, 0x00, 0x00, 0x00, 0x00, 0x00,
    0x0A, 0xFB, 0x00, 0x00, 0x00, 0x00, 0x00, 0x00, 0x0A, 0xFB, 0x00, 0x00, 0x00, 0x00, 0x00, 0x00,
    0x0A, 0xFB, 0x00, 0x00, 0x00, 0x00, 0x00, 0x00, 0x0A, 0xFB, 0x00, 0x00, 0x00, 0x00, 0x00, 0x00,
    0x0A, 0xFB, 0x00, 0x00, 0x00, 0x00, 0x00, 0x00, 0x0A, 0xFB, 0x00, 0x00, 0x00, 0x00, 0x00, 0x00,
    0x0A, 0xFB, 0x02, 0x9D, 0xFD, 0x81, 0x00, 0x00, 0x0A, 0xFB, 0x3E, 0xFF, 0xFF, 0xFD, 0x10, 0x00,
    0x0A, 0xFC, 0xDA, 0x30, 0x17, 0xFF, 0x80, 0x00, 0x0A, 0xFF, 0x90, 0x00, 0x00, 0x9F, 0xE0, 0x00,
    0x0A, 0xFF, 0x10, 0x00, 0x00, 0x4F, 0xF2, 0x00, 0x0A, 0xFC, 0x00, 0x00, 0x00, 0x2F, 0xF3, 0x00,
    0x0A, 0xFB, 0x00, 0x00, 0x00, 0x1F, 0xF4, 0x00, 0x0A, 0xFB, 0x00, 0x00, 0x00, 0x1F, 0xF4, 0x00,
    0x0A, 0xFB, 0x00, 0x00, 0x00, 0x1F, 0xF4, 0x00, 0x0A, 0xFB, 0x00, 0x00, 0x00, 0x1F, 0xF4, 0x00,
    0x0A, 0xFB, 0x00, 0x00, 0x00, 0x1F, 0xF4, 0x00, 0x0A, 0xFB, 0x00, 0x00, 0x00, 0x1F, 0xF4, 0x00,
    0x0A, 0xFB, 0x00, 0x00, 0x00, 0x1F, 0xF4, 0x00, 0x0A, 0xFB, 0x00, 0x00, 0x00, 0x1F, 0xF4, 0x00,
    0x5F, 0xF4, 0x00, 0x00, 0x00, 0x00, 0x7F, 0xF2, 0x00, 0x00, 0x5F, 0xF4, 0x00, 0x00, 0x00, 0x00,
    0x7F, 0xF2, 0x00, 0x00, 0x5F, 0xF4, 0x00, 0x00, 0x00, 0x00, 0x7F, 0xF2, 0x00, 0x7F, 0xFF, 0xFF,
    0xFF, 0xFF, 0xFF, 0xFF, 0xFF, 0xFF, 0xF4, 0x7F, 0xFF, 0xFF, 0xFF, 0xFF, 0xFF, 0xFF, 0xFF, 0xFF,
    0xF4, 0x00, 0x5F, 0xF4, 0x00, 0x00, 0x00, 0x00, 0x7F, 0xF2, 0x00, 0x00, 0x5F, 0xF4, 0x00, 0x00,
    0x00, 0x00, 0x7F, 0xF2, 0x00, 0x00, 0x5F, 0xF4, 0x00, 0x00, 0x00, 0x00, 0x7F, 0xF2, 0x00, 0x00,
    0x5F, 0xFF, 0xFF, 0xFF, 0xFF, 0xFF, 0xFF, 0xF2, 0x00, 0x00, 0x5F, 0xFF, 0xFF, 0xFF, 0xFF, 0xFF,
    0xFF, 0xF2, 0x00, 0x00, 0x5F, 0xF4, 0x00, 0x00, 0x00, 0x00, 0x7F, 0xF2, 0x00, 0x00, 0x5F, 0xF4,
    0x00, 0x00, 0x00, 0x00, 0x7F, 0xF2, 0x00, 0x00, 0x5F, 0xF4, 0x00, 0x00, 0x00, 0x00, 0x7F, 0xF2,
    0x00, 0x00, 0x5F, 0xF4, 0x00, 0x00, 0x00, 0x00, 0x7F, 0xF2, 0x00, 0x00, 0x5F, 0xF4, 0x00, 0x00,
    0x00, 0x00, 0x7F, 0xF2, 0x00, 0x00, 0x5F, 0xF4, 0x00, 0x00, 0x00, 0x00, 0x7F, 0xF2, 0x00, 0x00,
    0x5F, 0xF4, 0x00, 0x00, 0x00, 0x00, 0x7F, 0xF2, 0x00, 0x00, 0x5F, 0xF4, 0x00, 0x00, 0x00, 0x00,
    0x7F, 0xF2, 0x00, 0x00, 0x5F, 0xF4, 0x00, 0x00, 0x00, 0x00, 0x7F, 0xF2, 0x00, 0x00, 0xDF, 0x70,
    0x00, 0x00, 0x00, 0x00, 0x00, 0xDF, 0x70, 0x00, 0x00, 0x00, 0x00, 0x7F, 0xFF, 0xFF, 0xFF, 0xE0,
    0x00, 0x00, 0x7F, 0xFF, 0xFF, 0xFF, 0xE0, 0x00, 0x00, 0x00, 0xDF, 0x70, 0x00, 0x00, 0x00, 0x00,
    0x00, 0xDF, 0x70, 0x00, 0x00, 0x00, 0x00, 0x00, 0xDF, 0x70, 0x4B, 0xEE, 0xC6, 0x00, 0x00, 0xDF,
    0x76, 0xFF, 0xFF, 0xFF, 0xA0, 0x00, 0xDF, 0xAF, 0x82, 0x02, 0xAF, 0xF5, 0x00, 0xDF, 0xF6, 0x00,
    0x00, 0x0D, 0xFA, 0x00, 0xDF, 0xC0, 0x00, 0x00, 0x07, 0xFD, 0x00, 0xDF, 0x80, 0x00, 0x00, 0x05,
    0xFF, 0x00, 0xDF, 0x70, 0x00, 0x00, 0x05, 0xFF, 0x00, 0xDF, 0x70, 0x00, 0x00, 0x05, 0xFF, 0x00,
    0xDF, 0x70, 0x00, 0x00, 0x05, 0xFF, 0x00, 0xDF, 0x70, 0x00, 0x00, 0x05, 0xFF, 0x00, 0xDF, 0x70,
    0x00, 0x00, 0x05, 0xFF, 0x00, 0xDF, 0x70, 0x00, 0x00, 0x05, 0xFF, 0x00, 0xDF, 0x70, 0x00, 0x00,
    0x05, 0xFF, 0x00, 0xDF, 0x70, 0x00, 0x00, 0x05, 0xFF, 0x05, 0xDE, 0xA4, 0x1B, 0xE0, 0x1E, 0xFF,
    0xFF, 0xFF, 0xA0, 0x4F, 0x71, 0x7C, 0xFB, 0x20, 0x00, 0x00, 0x00, 0x00, 0x00, 0x00, 0x00, 0x00,
    0x00, 0x00, 0x00, 0x07, 0xFF, 0x20, 0x00, 0x00, 0x07, 0xFF, 0x20, 0x00, 0x00, 0x07, 0xFF, 0x20,
    0x00, 0x00, 0x07, 0xFF, 0x20, 0x00, 0x00, 0x07, 0xFF, 0x20, 0x00, 0x00, 0x07, 0xFF, 0x20, 0x00,
    0x00, 0x07, 0xFF, 0x20, 0x00, 0x00, 0x07, 0xFF, 0x20, 0x00, 0x00, 0x07, 0xFF, 0x20, 0x00, 0x00,
    0x07, 0xFF, 0x20, 0x00, 0x00, 0x07, 0xFF, 0x20, 0x00, 0x00, 0x07, 0xFF, 0x20, 0x00, 0x00, 0x07,
    0xFF, 0x20, 0x00, 0x00, 0x07, 0xFF, 0x20, 0x00, 0x00, 0x07, 0xFF, 0x20, 0x00, 0x00, 0x07, 0xFF,
    0x20, 0x00, 0x00, 0x07, 0xFF, 0x20, 0x00, 0x00, 0x07, 0xFF, 0x20, 0x00, 0x00, 0x07, 0xFF, 0x20,
    0x00, 0x06, 0xED, 0x40, 0x0C, 0xB0, 0x1F, 0xFF, 0xE3, 0x2F, 0xA0, 0x6F, 0x52, 0xCF, 0xFF, 0x50,
    0x8F, 0x10, 0x2B, 0xE9, 0x00, 0x00, 0x00, 0x00, 0x00, 0x00, 0x00, 0x00, 0x00, 0x00, 0x00, 0x00,
    0x08, 0xFC, 0x00, 0x00, 0x00, 0x08, 0xFC, 0x00, 0x00, 0x00, 0x08, 0xFC, 0x00, 0x00, 0x00, 0x08,
    0xFC, 0x00, 0x00, 0x00, 0x08, 0xFC, 0x00, 0x00, 0x00, 0x08, 0xFC, 0x00, 0x00, 0x00, 0x08, 0xFC,
    0x00, 0x00, 0x00, 0x08, 0xFC, 0x00, 0x00, 0x00, 0x08, 0xFC, 0x00, 0x00, 0x00, 0x08, 0xFC, 0x00,
    0x00, 0x00, 0x08, 0xFC, 0x00, 0x00, 0x00, 0x08, 0xFC, 0x00, 0x00, 0x00, 0x08, 0xFC, 0x00, 0x00,
    0x00, 0x08, 0xFC, 0x00, 0x00, 0xFF, 0xFF, 0xFF, 0xF9, 0xFF, 0xFF, 0xFF, 0xF9, 0x00, 0x00, 0x00,
    0x00, 0x00, 0x00, 0x00, 0x00, 0x00, 0x7F, 0xF2, 0x00, 0x00, 0x7F, 0xF2, 0x00, 0x00, 0x7F, 0xF2,
    0x00, 0x00, 0x7F, 0xF2, 0x00, 0x00, 0x7F, 0xF2, 0x00, 0x00, 0x7F, 0xF2, 0x00, 0x00, 0x7F, 0xF2,
    0x00, 0x00, 0x7F, 0xF2, 0x00, 0x00, 0x7F, 0xF2, 0x00, 0x00, 0x7F, 0xF2, 0x00, 0x00, 0x7F, 0xF2,
    0x00, 0x00, 0x7F, 0xF2, 0x00, 0x00, 0x7F, 0xF2, 0x00, 0x00, 0x7F, 0xF2, 0x00, 0x00, 0x7F, 0xF2,
    0x00, 0x00, 0x7F, 0xF2, 0x00, 0x00, 0x7F, 0xF2, 0x00, 0x00, 0x7F, 0xF2, 0x00, 0x00, 0x7F, 0xF2,
    0x00, 0x3F, 0xFF, 0xFF, 0xFF, 0x60, 0x3F, 0xFF, 0xFF, 0xFF, 0x60, 0x00, 0x00, 0x00, 0x00, 0x00,
    0x00, 0x00, 0x00, 0x00, 0x00, 0x00, 0x00, 0x00, 0x00, 0x00, 0x00, 0x08, 0xFC, 0x00, 0x00, 0x00,
    0x08, 0xFC, 0x00, 0x00, 0x00, 0x08, 0xFC, 0x00, 0x00, 0x00, 0x08, 0xFC, 0x00, 0x00, 0x00, 0x08,
    0xFC, 0x00, 0x00, 0x00, 0x08, 0xFC, 0x00, 0x00, 0x00, 0x08, 0xFC, 0x00, 0x00, 0x00, 0x08, 0xFC,
    0x00, 0x00, 0x00, 0x08, 0xFC, 0x00, 0x00, 0x00, 0x08, 0xFC, 0x00, 0x00, 0x00, 0x08, 0xFC, 0x00,
    0x00, 0x00, 0x08, 0xFC, 0x00, 0x00, 0x00, 0x08, 0xFC, 0x00, 0x00, 0x00, 0x08, 0xFC, 0x00, 0x00,
    0x1F, 0xB2, 0x01, 0x5E, 0xA0, 0x09, 0xFF, 0xFF, 0xFF, 0x40, 0x00, 0x7D, 0xEE, 0xB4, 0x00, 0x00,
    0x00, 0x00, 0x00, 0x00, 0x00, 0x00, 0x00, 0x00, 0x00, 0x00, 0x07, 0xFF, 0x20, 0x00, 0x00, 0x07,
    0xFF, 0x20, 0x00, 0x00, 0x07, 0xFF, 0x20, 0x00, 0x00, 0x07, 0xFF, 0x20, 0x00, 0x00, 0x07, 0xFF,
    0x20, 0x00, 0x00, 0x07, 0xFF, 0x20, 0x00, 0x00, 0x07, 0xFF, 0x20, 0x00, 0x00, 0x07, 0xFF, 0x20,
    0x00, 0x00, 0x07, 0xFF, 0x20, 0x00, 0x00, 0x07, 0xFF, 0x20, 0x00, 0x00, 0x07, 0xFF, 0x20, 0x00,
    0x00, 0x07, 0xFF, 0x20, 0x00, 0x00, 0x07, 0xFF, 0x20, 0x00, 0x00, 0x07, 0xFF, 0x20, 0x00, 0x00,
    0x07, 0xFF, 0x20, 0x00, 0x00, 0x07, 0xFF, 0x20, 0x00, 0x00, 0x07, 0xFF, 0x20, 0x00, 0x00, 0x07,
    0xFF, 0x20, 0x00, 0x00, 0x07, 0xFF, 0x20, 0x00, 0x4F, 0x50, 0x00, 0x1F, 0x70, 0x1F, 0xD3, 0x02,
    0xBF, 0x40, 0x08, 0xFF, 0xFF, 0xFC, 0x00, 0x00, 0x7C, 0xED, 0x91, 0x00, 0x00, 0x00, 0x00, 0x00,
    0x00, 0x00, 0x00, 0x00, 0x00, 0x00, 0x00, 0x00, 0x00, 0x00, 0x00, 0x00, 0x08, 0xFC, 0x00, 0x00,
    0x00, 0x08, 0xFC, 0x00, 0x00, 0x00, 0x08, 0xFC, 0x00, 0x00, 0x00, 0x08, 0xFC, 0x00, 0x00, 0x00,
    0x08, 0xFC, 0x00, 0x00, 0x00, 0x08, 0xFC, 0x00, 0x00, 0x00, 0x08, 0xFC, 0x00, 0x00, 0x00, 0x08,
    0xFC, 0x00, 0x00, 0x00, 0x08, 0xFC, 0x00, 0x00, 0x00, 0x08, 0xFC, 0x00, 0x00, 0x00, 0x08, 0xFC,
    0x00, 0x00, 0x00, 0x08, 0xFC, 0x00, 0x00, 0x00, 0x08, 0xFC, 0x00, 0x00, 0x00, 0x08, 0xFC, 0x00,
    0x00, 0x7F, 0xF2, 0x00, 0x7F, 0xF2, 0x00, 0x7F, 0xF2, 0x00, 0x7F, 0xF2, 0x00, 0x7F, 0xF2, 0x00,
    0x7F, 0xF2, 0x00, 0x7F, 0xF2, 0x00, 0x7F, 0xF2, 0x00, 0x7F, 0xF2, 0x00, 0x7F, 0xF2, 0x00, 0x7F,
    0xF2, 0x00, 0x7F, 0xF2, 0x00, 0x7F, 0xF2, 0x00, 0x7F, 0xF2, 0x00, 0x7F, 0xF2, 0x00, 0x7F, 0xF2,
    0x00, 0x7F, 0xF2, 0x00, 0x7F, 0xF2, 0x00, 0x7F, 0xF2, 0x00, 0x0C, 0xB0, 0x00, 0x6F, 0x20, 0x00,
    0xBF, 0x40, 0x00, 0x9F, 0xFF, 0xF0, 0x1A, 0xEF, 0xC0, 0x08, 0xFC, 0x00, 0x08, 0xFC, 0x00, 0x08,
    0xFC, 0x00, 0x00, 0x00, 0x00, 0x00, 0x00, 0x00, 0x00, 0x00, 0x00, 0x08, 0xFC, 0x00, 0x08, 0xFC,
    0x00, 0x08, 0xFC, 0x00, 0x08, 0xFC, 0x00, 0x08, 0xFC, 0x00, 0x08, 0xFC, 0x00, 0x08, 0xFC, 0x00,
    0x08, 0xFC, 0x00, 0x08, 0xFC, 0x00, 0x08, 0xFC, 0x00, 0x08, 0xFC, 0x00, 0x08, 0xFC, 0x00, 0x08,
    0xFC, 0x00, 0x08, 0xFC, 0x00, 0x03, 0xE6, 0x00, 0x0B, 0xC0, 0x00, 0x1F, 0xD1, 0x00, 0x0E, 0xFF,
    0xFA, 0x04, 0xCE, 0xE7, 0x7F, 0xF2, 0x7F, 0xF2, 0x7F, 0xF2, 0x00, 0x00, 0x00, 0x00, 0x7F, 0xF2,
    0x7F, 0xF2, 0x7F, 0xF2, 0x7F, 0xF2, 0x7F, 0xF2, 0x7F, 0xF2, 0x7F, 0xF2, 0x7F, 0xF2, 0x7F, 0xF2,
    0x7F, 0xF2, 0x7F, 0xF2, 0x7F, 0xF2, 0x7F, 0xF2, 0x7F, 0xF2, 0x7F, 0xF2, 0x7F, 0xF2, 0x7F, 0xF2,
    0x7F, 0xF2, 0x7F, 0xF2, 0x8F, 0xC0, 0x8F, 0xC0, 0x8F, 0xC0, 0x8F, 0xC0, 0x8F, 0xC0, 0x8F, 0xC0,
    0x8F, 0xC0, 0x8F, 0xC0, 0x8F, 0xC0, 0x8F, 0xC0, 0x8F, 0xC0, 0x8F, 0xC0, 0x8F, 0xC0, 0x8F, 0xC0,
    0x7F, 0xF2, 0x00, 0x00, 0xCF, 0xC0, 0x7F, 0xF2, 0x00, 0x00, 0xCF, 0xC0, 0x7F, 0xF2, 0x00, 0x00,
    0xCF, 0xC0, 0x7F, 0xF2, 0x00, 0x00, 0xCF, 0xC0, 0x7F, 0xF2, 0x00, 0x00, 0xCF, 0xC0, 0x7F, 0xF2,
    0x00, 0x00, 0xCF, 0xC0, 0x7F, 0xF2, 0x00, 0x00, 0xCF, 0xC0, 0x7F, 0xF2, 0x00, 0x00, 0xCF, 0xC0,
    0x7F, 0xF2, 0x00, 0x00, 0xCF, 0xC0, 0x7F, 0xF2, 0x00, 0x00, 0xCF, 0xC0, 0x7F, 0xF2, 0x00, 0x00,
    0xCF, 0xC0, 0x7F, 0xF2, 0x00, 0x00, 0xCF, 0xC0, 0x7F, 0xF2, 0x00, 0x00, 0xCF, 0xC0, 0x7F, 0xF2,
    0x00, 0x00, 0xCF, 0xC0, 0x7F, 0xF2, 0x00, 0x00, 0xCF, 0xC0, 0x7F, 0xF2, 0x00, 0x00, 0xCF, 0xC0,
    0x7F, 0xF2, 0x00, 0x00, 0xCF, 0xC0, 0x7F, 0xF2, 0x00, 0x00, 0xCF, 0xC0, 0x7F, 0xF2, 0x00, 0x00,
    0xCF, 0xB0, 0x00, 0x00, 0x00, 0x00, 0xEF, 0xA0, 0x00, 0x00, 0x00, 0x03, 0xFF, 0x70, 0x00, 0x00,
    0x00, 0x4D, 0xFF, 0x10, 0x00, 0x00, 0xAF, 0xFF, 0xF6, 0x00, 0x00, 0x00, 0xAF, 0xEA, 0x40, 0x00,
    0x8F, 0xC0, 0x00, 0x05, 0xFF, 0x8F, 0xC0, 0x00, 0x05, 0xFF, 0x8F, 0xC0, 0x00, 0x05, 0xFF, 0x00,
    0x00, 0x00, 0x00, 0x00, 0x00, 0x00, 0x00, 0x00, 0x00, 0x00, 0x00, 0x00, 0x00, 0x00, 0x8F, 0xC0,
    0x00, 0x05, 0xFF, 0x8F, 0xC0, 0x00, 0x05, 0xFF, 0x8F, 0xC0, 0x00, 0x05, 0xFF, 0x8F, 0xC0, 0x00,
    0x05, 0xFF, 0x8F, 0xC0, 0x00, 0x05, 0xFF, 0x8F, 0xC0, 0x00, 0x05, 0xFF, 0x8F, 0xC0, 0x00, 0x05,
    0xFF, 0x8F, 0xC0, 0x00, 0x05, 0xFF, 0x8F, 0xC0, 0x00, 0x05, 0xFF, 0x8F, 0xC0, 0x00, 0x05, 0xFF,
    0x8F, 0xC0, 0x00, 0x05, 0xFF, 0x8F, 0xC0, 0x00, 0x05, 0xFF, 0x8F, 0xC0, 0x00, 0x05, 0xFF, 0x8F,
    0xC0, 0x00, 0x05, 0xFF, 0x00, 0x00, 0x00, 0x05, 0xFF, 0x00, 0x00, 0x00, 0x07, 0xFD, 0x00, 0x00,
    0x00, 0x3D, 0xFA, 0x00, 0x00, 0x4F, 0xFF, 0xF3, 0x00, 0x00, 0x4F, 0xEB, 0x30, 0x00, 0x01, 0xCF,
    0xF7, 0x00, 0x00, 0x0A, 0xF5, 0x9F, 0x50, 0x00, 0x9E, 0x40, 0x09, 0xF4, 0x00, 0x00, 0x00, 0x00,
    0x00, 0x00, 0x00, 0x00, 0x00, 0x00, 0x00, 0x00, 0x7F, 0xF2, 0x00, 0x00, 0x00, 0x7F, 0xF2, 0x00,
    0x00, 0x00, 0x7F, 0xF2, 0x00, 0x00, 0x00, 0x7F, 0xF2, 0x00, 0x00, 0x00, 0x7F, 0xF2, 0x00, 0x00,
    0x00, 0x7F, 0xF2, 0x00, 0x00, 0x00, 0x7F, 0xF2, 0x00, 0x00, 0x00, 0x7F, 0xF2, 0x00, 0x00, 0x00,
    0x7F, 0xF2, 0x00, 0x00, 0x00, 0x7F, 0xF2, 0x00, 0x00, 0x00, 0x7F, 0xF2, 0x00, 0x00, 0x00, 0x7F,
    0xF2, 0x00, 0x00, 0x00, 0x7F, 0xF2, 0x00, 0x00, 0x00, 0x7F, 0xF2, 0x00, 0x00, 0x00, 0x7F, 0xF2,
    0x00, 0x00, 0x00, 0x7F, 0xF2, 0x00, 0x00, 0x00, 0x7F, 0xF2, 0x00, 0x00, 0x00, 0x7F, 0xF2, 0x00,
    0x00, 0x00, 0x7F, 0xF1, 0x00, 0x00, 0x00, 0x9F, 0xE0, 0x00, 0x00, 0x00, 0xDF, 0xB0, 0x00, 0x00,
    0x2A, 0xFF, 0x60, 0x00, 0x5F, 0xFF, 0xFB, 0x00, 0x00, 0x5F, 0xEC, 0x60, 0x00, 0x00, 0x00, 0x09,
    0xFD, 0x00, 0x00, 0x00, 0x4F, 0xEF, 0x70, 0x00, 0x00, 0xDE, 0x2C, 0xF2, 0x00, 0x07, 0xF6, 0x03,
    0xFB, 0x00, 0x2F, 0xA0, 0x00, 0x7F, 0x50, 0x00, 0x00, 0x00, 0x00, 0x00, 0x00, 0x00, 0x00, 0x00,
    0x00, 0x00, 0x08, 0xFC, 0x00, 0x00, 0x00, 0x08, 0xFC, 0x00, 0x00, 0x00, 0x08, 0xFC, 0x00, 0x00,
    0x00, 0x08, 0xFC, 0x00, 0x00, 0x00, 0x08, 0xFC, 0x00, 0x00, 0x00, 0x08, 0xFC, 0x00, 0x00, 0x00,
    0x08, 0xFC, 0x00, 0x00, 0x00, 0x08, 0xFC, 0x00, 0x00, 0x00, 0x08, 0xFC, 0x00, 0x00, 0x00, 0x08,
    0xFC, 0x00, 0x00, 0x00, 0x08, 0xFC, 0x00, 0x00, 0x00, 0x08, 0xFC, 0x00, 0x00, 0x00, 0x08, 0xFC,
    0x00, 0x00, 0x00, 0x08, 0xFC, 0x00, 0x00, 0x00, 0x09, 0xFB, 0x00, 0x00, 0x00, 0x0A, 0xFA, 0x00,
    0x00, 0x01, 0x5F, 0xF6, 0x00, 0x00, 0x7F, 0xFF, 0xD1, 0x00, 0x00, 0x7F, 0xEA, 0x20, 0x00, 0x00,
    0x7F, 0xF2, 0x00, 0x00, 0x00, 0x1C, 0xFF, 0x60, 0x7F, 0xF2, 0x00, 0x00, 0x02, 0xDF, 0xF5, 0x00,
    0x7F, 0xF2, 0x00, 0x00, 0x2D, 0xFF, 0x40, 0x00, 0x7F, 0xF2, 0x00, 0x03, 0xEF, 0xE4, 0x00, 0x00,
    0x7F, 0xF2, 0x00, 0x3E, 0xFE, 0x30, 0x00, 0x00, 0x7F, 0xF2, 0x04, 0xEF, 0xE3, 0x00, 0x00, 0x00,
    0x7F, 0xF2, 0x4F, 0xFD, 0x20, 0x00, 0x00, 0x00, 0x7F, 0xF7, 0xFF, 0xD2, 0x00, 0x00, 0x00, 0x00,
    0x7F, 0xFF, 0xFC, 0x10, 0x00, 0x00, 0x00, 0x00, 0x7F, 0xFF, 0xFE, 0x30, 0x00, 0x00, 0x00, 0x00,
    0x7F, 0xF6, 0xFF, 0xE3, 0x00, 0x00, 0x00, 0x00, 0x7F, 0xF2, 0x4F, 0xFE, 0x30, 0x00, 0x00, 0x00,
    0x7F, 0xF2, 0x04, 0xFF, 0xE3, 0x00, 0x00, 0x00, 0x7F, 0xF2, 0x00, 0x4F, 0xFE, 0x30, 0x00, 0x00,
    0x7F, 0xF2, 0x00, 0x04, 0xFF, 0xE3, 0x00, 0x00, 0x7F, 0xF2, 0x00, 0x00, 0x4F, 0xFE, 0x30, 0x00,
    0x7F, 0xF2, 0x00, 0x00, 0x04, 0xFF, 0xE3, 0x00, 0x7F, 0xF2, 0x00, 0x00, 0x00, 0x4F, 0xFE, 0x30,
    0x7F, 0xF2, 0x00, 0x00, 0x00, 0x05, 0xFF, 0xE3, 0x00, 0x00, 0x00, 0x00, 0x00, 0x00, 0x00, 0x00,
    0x00, 0x00, 0x00, 0x00, 0x00, 0x00, 0x00, 0x00, 0x00, 0x00, 0x00, 0x0D, 0xFA, 0x00, 0x00, 0x00,
    0x00, 0x00, 0x00, 0x2F, 0xF2, 0x00, 0x00, 0x00, 0x00, 0x00, 0x00, 0x6F, 0x90, 0x00, 0x00, 0x00,
    0x00, 0x00, 0x00, 0xAF, 0x20, 0x00, 0x00, 0x00, 0xAF, 0xB0, 0x00, 0x00, 0x00, 0x00, 0x00, 0xAF,
    0xB0, 0x00, 0x00, 0x00, 0x00, 0x00, 0xAF, 0xB0, 0x00, 0x00, 0x00, 0x00, 0x00, 0xAF, 0xB0, 0x00,
    0x00, 0x00, 0x00, 0x00, 0xAF, 0xB0, 0x00, 0x00, 0x00, 0x00, 0x00, 0xAF, 0xB0, 0x00, 0x00, 0x00,
    0x00, 0x00, 0xAF, 0xB0, 0x00, 0x00, 0x1C, 0xFD, 0x30, 0xAF, 0xB0, 0x00, 0x03, 0xDF, 0xC2, 0x00,
    0xAF, 0xB0, 0x00, 0x4E, 0xFB, 0x10, 0x00, 0xAF, 0xB0, 0x06, 0xFF, 0x90, 0x00, 0x00, 0xAF, 0xB0,
    0x8F, 0xF7, 0x00, 0x00, 0x00, 0xAF, 0xBA, 0xFF, 0x50, 0x00, 0x00, 0x00, 0xAF, 0xFF, 0xF6, 0x00,
    0x00, 0x00, 0x00, 0xAF, 0xCD, 0xFE, 0x30, 0x00, 0x00, 0x00, 0xAF, 0xB1, 0xCF, 0xE4, 0x00, 0x00,
    0x00, 0xAF, 0xB0, 0x1B, 0xFE, 0x40, 0x00, 0x00, 0xAF, 0xB0, 0x01, 0xBF, 0xF5, 0x00, 0x00, 0xAF,
    0xB0, 0x00, 0x0A, 0xFF, 0x50, 0x00, 0xAF, 0xB0, 0x00, 0x00, 0xAF, 0xF6, 0x00, 0xAF, 0xB0, 0x00,
    0x00, 0x09, 0xFF, 0x70, 0x00, 0x00, 0x00, 0x00, 0x00, 0x00, 0x00, 0x00, 0x00, 0x00, 0x00, 0x00,
    0x00, 0x00, 0x00, 0x00, 0x05, 0xFF, 0x40, 0x00, 0x00, 0x00, 0x00, 0x09, 0xFB, 0x00, 0x00, 0x00,
    0x00, 0x00, 0x0C, 0xF3, 0x00, 0x00, 0x00, 0x00, 0x00, 0x1F, 0xA0, 0x00, 0x00, 0x00, 0xAF, 0xB0,
    0x00, 0x00, 0x1C, 0xFD, 0x30, 0xAF, 0xB0, 0x00, 0x03, 0xDF, 0xC2, 0x00, 0xAF, 0xB0, 0x00, 0x4E,
    0xFB, 0x10, 0x00, 0xAF, 0xB0, 0x06, 0xFF, 0x90, 0x00, 0x00, 0xAF, 0xB0, 0x7F, 0xF8, 0x00, 0x00,
    0x00, 0xAF, 0xB9, 0xFF, 0x60, 0x00, 0x00, 0x00, 0xAF, 0xFF, 0xF6, 0x00, 0x00, 0x00, 0x00, 0xAF,
    0xCD, 0xFE, 0x30, 0x00, 0x00, 0x00, 0xAF, 0xB1, 0xCF, 0xE3, 0x00, 0x00, 0x00, 0xAF, 0xB0, 0x1C,
    0xFE, 0x40, 0x00, 0x00, 0xAF, 0xB0, 0x01, 0xBF, 0xF5, 0x00, 0x00, 0xAF, 0xB0, 0x00, 0x0A, 0xFF,
    0x50, 0x00, 0xAF, 0xB0, 0x00, 0x00, 0xAF, 0xF6, 0x00, 0xAF, 0xB0, 0x00, 0x00, 0x09, 0xFF, 0x70,
    0x00, 0x2E, 0xE4, 0x00, 0x00, 0x00, 0x00, 0x01, 0xDF, 0x40, 0x00, 0x00, 0x00, 0x00, 0x0B, 0xF4,
    0x00, 0x00, 0x00, 0x00, 0x00, 0x00, 0x00, 0x00, 0x00, 0x00, 0x00, 0x00, 0x00, 0x00, 0x00, 0x00,
    0x00, 0x00, 0x00, 0x7F, 0xF2, 0x00, 0x00, 0x00, 0x00, 0x00, 0x7F, 0xF2, 0x00, 0x00, 0x00, 0x00,
    0x00, 0x7F, 0xF2, 0x00, 0x00, 0x00, 0x00, 0x00, 0x7F, 0xF2, 0x00, 0x00, 0x00, 0x00, 0x00, 0x7F,
    0xF2, 0x00, 0x00, 0x00, 0x00, 0x00, 0x7F, 0xF2, 0x00, 0x00, 0x00, 0x00, 0x00, 0x7F, 0xF2, 0x00,
    0x00, 0x00, 0x00, 0x00, 0x7F, 0xF2, 0x00, 0x00, 0x00, 0x00, 0x00, 0x7F, 0xF2, 0x00, 0x00, 0x00,
    0x00, 0x00, 0x7F, 0xF2, 0x00, 0x00, 0x00, 0x00, 0x00, 0x7F, 0xF2, 0x00, 0x00, 0x00, 0x00, 0x00,
    0x7F, 0xF2, 0x00, 0x00, 0x00, 0x00, 0x00, 0x7F, 0xF2, 0x00, 0x00, 0x00, 0x00, 0x00, 0x7F, 0xF2,
    0x00, 0x00, 0x00, 0x00, 0x00, 0x7F, 0xF2, 0x00, 0x00, 0x00, 0x00, 0x00, 0x7F, 0xF2, 0x00, 0x00,
    0x00, 0x00, 0x00, 0x7F, 0xF2, 0x00, 0x00, 0x00, 0x00, 0x00, 0x7F, 0xFF, 0xFF, 0xFF, 0xFF, 0xFF,
    0x50, 0x7F, 0xFF, 0xFF, 0xFF, 0xFF, 0xFF, 0x50, 0x00, 0x5F, 0xD1, 0x03, 0xED, 0x20, 0x1D, 0xD2,
    0x00, 0x00, 0x00, 0x00, 0x8F, 0xC0, 0x00, 0x8F, 0xC0, 0x00, 0x8F, 0xC0, 0x00, 0x8F, 0xC0, 0x00,
    0x8F, 0xC0, 0x00, 0x8F, 0xC0, 0x00, 0x8F, 0xC0, 0x00, 0x8F, 0xC0, 0x00, 0x8F, 0xC0, 0x00, 0x8F,
    0xC0, 0x00, 0x8F, 0xC0, 0x00, 0x8F, 0xC0, 0x00, 0x8F, 0xC0, 0x00, 0x8F, 0xC0, 0x00, 0x8F, 0xC0,
    0x00, 0x8F, 0xC0, 0x00, 0x8F, 0xC0, 0x00, 0x8F, 0xC0, 0x00, 0x8F, 0xC0, 0x00, 0x8F, 0xC0, 0x00,
    0x7F, 0xF2, 0x00, 0x00, 0x00, 0x00, 0x00, 0x7F, 0xF2, 0x00, 0x00, 0x00, 0x00, 0x00, 0x7F, 0xF2,
    0x00, 0x00, 0x00, 0x00, 0x00, 0x7F, 0xF2, 0x00, 0x00, 0x00, 0x00, 0x00, 0x7F, 0xF2, 0x00, 0x00,
    0x00, 0x00, 0x00, 0x7F, 0xF2, 0x00, 0x00, 0x00, 0x00, 0x00, 0x7F, 0xF2, 0x00, 0x00, 0x00, 0x00,
    0x00, 0x7F, 0xF2, 0x00, 0x00, 0x00, 0x00, 0x00, 0x7F, 0xF2, 0x00, 0x00, 0x00, 0x00, 0x00, 0x7F,
    0xF2, 0x00, 0x00, 0x00, 0x00, 0x00, 0x7F, 0xF2, 0x00, 0x00, 0x00, 0x00, 0x00, 0x7F, 0xF2, 0x00,
    0x00, 0x00, 0x00, 0x00, 0x7F, 0xF2, 0x00, 0x00, 0x00, 0x00, 0x00, 0x7F, 0xF2, 0x00, 0x00, 0x00,
    0x00, 0x00, 0x7F, 0xF2, 0x00, 0x00, 0x00, 0x00, 0x00, 0x7F, 0xF2, 0x00, 0x00, 0x00, 0x00, 0x00,
    0x7F, 0xF2, 0x00, 0x00, 0x00, 0x00, 0x00, 0x7F, 0xFF, 0xFF, 0xFF, 0xFF, 0xFF, 0x50, 0x7F, 0xFF,
    0xFF, 0xFF, 0xFF, 0xFF, 0x50, 0x00, 0x00, 0x00, 0x00, 0x00, 0x00, 0x00, 0x00, 0x00, 0x00, 0x00,
    0x00, 0x00, 0x00, 0x00, 0x00, 0x08, 0xFE, 0x10, 0x00, 0x00, 0x00, 0x00, 0x0C, 0xF7, 0x00, 0x00,
    0x00, 0x00, 0x00, 0x1F, 0xE1, 0x00, 0x00, 0x00, 0x00, 0x00, 0x5F, 0x70, 0x00, 0x00, 0x00, 0x08,
    0xFC, 0x00, 0x08, 0xFC, 0x00, 0x08, 0xFC, 0x00, 0x08, 0xFC, 0x00, 0x08, 0xFC, 0x00, 0x08, 0xFC,
    0x00, 0x08, 0xFC, 0x00, 0x08, 0xFC, 0x00, 0x08, 0xFC, 0x00, 0x08, 0xFC, 0x00, 0x08, 0xFC, 0x00,
    0x08, 0xFC, 0x00, 0x08, 0xFC, 0x00, 0x08, 0xFC, 0x00, 0x08, 0xFC, 0x00, 0x08, 0xFC, 0x00, 0x08,
    0xFC, 0x00, 0x08, 0xFC, 0x00, 0x08, 0xFC, 0x00, 0x08, 0xFC, 0x00, 0x00, 0x00, 0x00, 0x00, 0x00,
    0x00, 0x06, 0xFF, 0x30, 0x09, 0xFA, 0x00, 0x0D, 0xF2, 0x00, 0x2F, 0x90, 0x00, 0x7F, 0xF2, 0x00,
    0x9F, 0xD0, 0x00, 0x00, 0x7F, 0xF2, 0x00, 0xBF, 0x90, 0x00, 0x00, 0x7F, 0xF2, 0x00, 0xEF, 0x50,
    0x00, 0x00, 0x7F, 0xF2, 0x02, 0xFF, 0x10, 0x00, 0x00, 0x7F, 0xF2, 0x05, 0xFB, 0x00, 0x00, 0x00,
    0x7F, 0xF2, 0x00, 0x00, 0x00, 0x00, 0x00, 0x7F, 0xF2, 0x00, 0x00, 0x00, 0x00, 0x00, 0x7F, 0xF2,
    0x00, 0x00, 0x00, 0x00, 0x00, 0x7F, 0xF2, 0x00, 0x00, 0x00, 0x00, 0x00, 0x7F, 0xF2, 0x00, 0x00,
    0x00, 0x00, 0x00, 0x7F, 0xF2, 0x00, 0x00, 0x00, 0x00, 0x00, 0x7F, 0xF2, 0x00, 0x00, 0x00, 0x00,
    0x00, 0x7F, 0xF2, 0x00, 0x00, 0x00, 0x00, 0x00, 0x7F, 0xF2, 0x00, 0x00, 0x00, 0x00, 0x00, 0x7F,
    0xF2, 0x00, 0x00, 0x00, 0x00, 0x00, 0x7F, 0xF2, 0x00, 0x00, 0x00, 0x00, 0x00, 0x7F, 0xF2, 0x00,
    0x00, 0x00, 0x00, 0x00, 0x7F, 0xFF, 0xFF, 0xFF, 0xFF, 0xFF, 0x50, 0x7F, 0xFF, 0xFF, 0xFF, 0xFF,
    0xFF, 0x50, 0x8F, 0xC0, 0x0D, 0xF9, 0x8F, 0xC0, 0x1F, 0xF5, 0x8F, 0xC0, 0x4F, 0xF1, 0x8F, 0xC0,
    0x6F, 0xB0, 0x8F, 0xC0, 0x9F, 0x60, 0x8F, 0xC0, 0x00, 0x00, 0x8F, 0xC0, 0x00, 0x00, 0x8F, 0xC0,
    0x00, 0x00, 0x8F, 0xC0, 0x00, 0x00, 0x8F, 0xC0, 0x00, 0x00, 0x8F, 0xC0, 0x00, 0x00, 0x8F, 0xC0,
    0x00, 0x00, 0x8F, 0xC0, 0x00, 0x00, 0x8F, 0xC0, 0x00, 0x00, 0x8F, 0xC0, 0x00, 0x00, 0x8F, 0xC0,
    0x00, 0x00, 0x8F, 0xC0, 0x00, 0x00, 0x8F, 0xC0, 0x00, 0x00, 0x8F, 0xC0, 0x00, 0x00, 0x8F, 0xC0,
    0x00, 0x00, 0x7F, 0xF2, 0x00, 0x00, 0x00, 0x00, 0x00, 0x7F, 0xF2, 0x00, 0x00, 0x00, 0x00, 0x00,
    0x7F, 0xF2, 0x00, 0x00, 0x00, 0x00, 0x00, 0x7F, 0xF2, 0x00, 0x00, 0x00, 0x00, 0x00, 0x7F, 0xF2,
    0x00, 0x00, 0x00, 0x00, 0x00, 0x7F, 0xF2, 0x00, 0x00, 0x00, 0x00, 0x00, 0x7F, 0xF2, 0x00, 0x01,
    0xFF, 0x90, 0x00, 0x7F, 0xF2, 0x00, 0x01, 0xFF, 0x90, 0x00, 0x7F, 0xF2, 0x00, 0x01, 0xFF, 0x90,
    0x00, 0x7F, 0xF2, 0x00, 0x00, 0x00, 0x00, 0x00, 0x7F, 0xF2, 0x00, 0x00, 0x00, 0x00, 0x00, 0x7F,
    0xF2, 0x00, 0x00, 0x00, 0x00, 0x00, 0x7F, 0xF2, 0x00, 0x00, 0x00, 0x00, 0x00, 0x7F, 0xF2, 0x00,
    0x00, 0x00, 0x00, 0x00, 0x7F, 0xF2, 0x00, 0x00, 0x00, 0x00, 0x00, 0x7F, 0xF2, 0x00, 0x00, 0x00,
    0x00, 0x00, 0x7F, 0xF2, 0x00, 0x00, 0x00, 0x00, 0x00, 0x7F, 0xFF, 0xFF, 0xFF, 0xFF, 0xFF, 0x50,
    0x7F, 0xFF, 0xFF, 0xFF, 0xFF, 0xFF, 0x50, 0x8F, 0xC0, 0x00, 0x00, 0x8F, 0xC0, 0x00, 0x00, 0x8F,
    0xC0, 0x00, 0x00, 0x8F, 0xC0, 0x00, 0x00, 0x8F, 0xC0, 0x00, 0x00, 0x8F, 0xC0, 0x00, 0x00, 0x8F,
    0xC0, 0x00, 0x00, 0x8F, 0xC0, 0x00, 0x00, 0x8F, 0xC8, 0xFF, 0x30, 0x8F, 0xC8, 0xFF, 0x30, 0x8F,
    0xC8, 0xFF, 0x30, 0x8F, 0xC0, 0x00, 0x00, 0x8F, 0xC0, 0x00, 0x00, 0x8F, 0xC0, 0x00, 0x00, 0x8F,
    0xC0, 0x00, 0x00, 0x8F, 0xC0, 0x00, 0x00, 0x8F, 0xC0, 0x00, 0x00, 0x8F, 0xC0, 0x00, 0x00, 0x8F,
    0xC0, 0x00, 0x00, 0x8F, 0xC0, 0x00, 0x00, 0x00, 0x5F, 0xF4, 0x00, 0x00, 0x00, 0x00, 0x00, 0x00,
    0x5F, 0xF4, 0x00, 0x00, 0x00, 0x00, 0x00, 0x00, 0x5F, 0xF4, 0x00, 0x00, 0x00, 0x00, 0x00, 0x00,
    0x5F, 0xF4, 0x00, 0x00, 0x00, 0x00, 0x00, 0x00, 0x5F, 0xF4, 0x00, 0x00, 0x00, 0x00, 0x00, 0x00,
    0x5F, 0xF4, 0x00, 0x67, 0x00, 0x00, 0x00, 0x00, 0x5F, 0xF4, 0x1A, 0xFE, 0x10, 0x00, 0x00, 0x00,
    0x5F, 0xF8, 0xDF, 0xB2, 0x00, 0x00, 0x00, 0x00, 0x5F, 0xFF, 0xF7, 0x00, 0x00, 0x00, 0x00, 0x00,
    0x5F, 0xFD, 0x30, 0x00, 0x00, 0x00, 0x00, 0x06, 0xEF, 0xF4, 0x00, 0x00, 0x00, 0x00, 0x00, 0xAF,
    0xFF, 0xF4, 0x00, 0x00, 0x00, 0x00, 0x00, 0xAA, 0x6F, 0xF4, 0x00, 0x00, 0x00, 0x00, 0x00, 0x10,
    0x5F, 0xF4, 0x00, 0x00, 0x00, 0x00, 0x00, 0x00, 0x5F, 0xF4, 0x00, 0x00, 0x00, 0x00, 0x00, 0x00,
    0x5F, 0xF4, 0x00, 0x00, 0x00, 0x00, 0x00, 0x00, 0x5F, 0xF4, 0x00, 0x00, 0x00, 0x00, 0x00, 0x00,
    0x5F, 0xFF, 0xFF, 0xFF, 0xFF, 0xFF, 0x70, 0x00, 0x5F, 0xFF, 0xFF, 0xFF, 0xFF, 0xFF, 0x70, 0x00,
    0x7F, 0xD0, 0x00, 0x00, 0x7F, 0xD0, 0x00, 0x00, 0x7F, 0xD0, 0x00, 0x00, 0x7F, 0xD0, 0x00, 0x00,
    0x7F, 0xD0, 0x00, 0x00, 0x7F, 0xD0, 0x00, 0x00, 0x7F, 0xD0, 0x30, 0x00, 0x7F, 0xEB, 0xE2, 0x00,
    0x7F, 0xFF, 0x91, 0x00, 0xAF, 0xE4, 0x00, 0x3C, 0xFF, 0xD0, 0x00, 0xBF, 0xCF, 0xD0, 0x00, 0x23,
    0x7F, 0xD0, 0x00, 0x00, 0x7F, 0xD0, 0x00, 0x00, 0x7F, 0xD0, 0x00, 0x00, 0x7F, 0xD0, 0x00, 0x00,
    0x7F, 0xD0, 0x00, 0x00, 0x7F, 0xD0, 0x00, 0x00, 0x7F, 0xD0, 0x00, 0x00, 0x7F, 0xD0, 0x00, 0x00,
    0x00, 0x00, 0x0B, 0xF8, 0x00, 0x00, 0x00, 0x00, 0x00, 0x00, 0x8F, 0x90, 0x00, 0x00, 0x00, 0x00,
    0x00, 0x06, 0xF9, 0x00, 0x00, 0x00, 0x00, 0x00, 0x00, 0x00, 0x00, 0x00, 0x00, 0x00, 0x00, 0x00,
    0x00, 0x00, 0x00, 0x00, 0x00, 0x00, 0x00, 0x7F, 0xFF, 0x40, 0x00, 0x00, 0x00, 0x9F, 0xD0, 0x7F,
    0xFF, 0xC0, 0x00, 0x00, 0x00, 0x9F, 0xD0, 0x7F, 0xFF, 0xF5, 0x00, 0x00, 0x00, 0x9F, 0xD0, 0x7F,
    0xFC, 0xFD, 0x00, 0x00, 0x00, 0x9F, 0xD0, 0x7F, 0xF4, 0xFF, 0x60, 0x00, 0x00, 0x9F, 0xD0, 0x7F,
    0xF1, 0xAF, 0xD0, 0x00, 0x00, 0x9F, 0xD0, 0x7F, 0xF1, 0x3F, 0xF7, 0x00, 0x00, 0x9F, 0xD0, 0x7F,
    0xF1, 0x0A, 0xFE, 0x10, 0x00, 0x9F, 0xD0, 0x7F, 0xF1, 0x02, 0xFF, 0x70, 0x00, 0x9F, 0xD0, 0x7F,
    0xF1, 0x00, 0x9F, 0xE1, 0x00, 0x9F, 0xD0, 0x7F, 0xF1, 0x00, 0x1E, 0xF8, 0x00, 0x9F, 0xD0, 0x7F,
    0xF1, 0x00, 0x08, 0xFF, 0x20, 0x9F, 0xD0, 0x7F, 0xF1, 0x00, 0x01, 0xEF, 0x90, 0x9F, 0xD0, 0x7F,
    0xF1, 0x00, 0x00, 0x7F, 0xF2, 0x9F, 0xD0, 0x7F, 0xF1, 0x00, 0x00, 0x1E, 0xFA, 0x9F, 0xD0, 0x7F,
    0xF1, 0x00, 0x00, 0x06, 0xFF, 0xCF, 0xD0, 0x7F, 0xF1, 0x00, 0x00, 0x00, 0xDF, 0xFF, 0xD0, 0x7F,
    0xF1, 0x00, 0x00, 0x00, 0x5F, 0xFF, 0xD0, 0x7F, 0xF1, 0x00, 0x00, 0x00, 0x0C, 0xFF, 0xD0, 0x00,
    0x00, 0x00, 0x4F, 0xF4, 0x00, 0x00, 0x00, 0x00, 0x01, 0xDF, 0x60, 0x00, 0x00, 0x00, 0x00, 0x0A,
    0xF9, 0x00, 0x00, 0x00, 0x00, 0x00, 0x6F, 0xB0, 0x00, 0x00, 0x00, 0x00, 0x02, 0xED, 0x10, 0x00,
    0x00, 0x00, 0x00, 0x00, 0x00, 0x00, 0x00, 0x00, 0x00, 0x00, 0x00, 0x00, 0x00, 0x00, 0x00, 0x00,
    0xAF, 0xB0, 0x29, 0xDF, 0xD8, 0x10, 0x00, 0xAF, 0xB3, 0xEF, 0xFF, 0xFF, 0xD1, 0x00, 0xAF, 0xCD,
    0xA3, 0x01, 0x7F, 0xF8, 0x00, 0xAF, 0xF9, 0x00, 0x00, 0x09, 0xFE, 0x00, 0xAF, 0xF1, 0x00, 0x00,
    0x04, 0xFF, 0x20, 0xAF, 0xC0, 0x00, 0x00, 0x02, 0xFF, 0x30, 0xAF, 0xB0, 0x00, 0x00, 0x01, 0xFF,
    0x40, 0xAF, 0xB0, 0x00, 0x00, 0x01, 0xFF, 0x40, 0xAF, 0xB0, 0x00, 0x00, 0x01, 0xFF, 0x40, 0xAF,
    0xB0, 0x00, 0x00, 0x01, 0xFF, 0x40, 0xAF, 0xB0, 0x00, 0x00, 0x01, 0xFF, 0x40, 0xAF, 0xB0, 0x00,
    0x00, 0x01, 0xFF, 0x40, 0xAF, 0xB0, 0x00, 0x00, 0x01, 0xFF, 0x40, 0xAF, 0xB0, 0x00, 0x00, 0x01,
    0xFF, 0x40, 0x7F, 0xFF, 0x40, 0x00, 0x00, 0x00, 0x9F, 0xD0, 0x7F, 0xFF, 0xC0, 0x00, 0x00, 0x00,
    0x9F, 0xD0, 0x7F, 0xFF, 0xF5, 0x00, 0x00, 0x00, 0x9F, 0xD0, 0x7F, 0xFC, 0xFD, 0x00, 0x00, 0x00,
    0x9F, 0xD0, 0x7F, 0xF4, 0xFF, 0x60, 0x00, 0x00, 0x9F, 0xD0, 0x7F, 0xF1, 0xAF, 0xD0, 0x00, 0x00,
    0x9F, 0xD0, 0x7F, 0xF1, 0x3F, 0xF7, 0x00, 0x00, 0x9F, 0xD0, 0x7F, 0xF1, 0x0A, 0xFE, 0x10, 0x00,
    0x9F, 0xD0, 0x7F, 0xF1, 0x02, 0xFF, 0x70, 0x00, 0x9F, 0xD0, 0x7F, 0xF1, 0x00, 0x9F, 0xE1, 0x00,
    0x9F, 0xD0, 0x7F, 0xF1, 0x00, 0x1E, 0xF8, 0x00, 0x9F, 0xD0, 0x7F, 0xF1, 0x00, 0x08, 0xFF, 0x20,
    0x9F, 0xD0, 0x7F, 0xF1, 0x00, 0x01, 0xEF, 0x90, 0x9F, 0xD0, 0x7F, 0xF1, 0x00, 0x00, 0x7F, 0xF2,
    0x9F, 0xD0, 0x7F, 0xF1, 0x00, 0x00, 0x1E, 0xFA, 0x9F, 0xD0, 0x7F, 0xF1, 0x00, 0x00, 0x06, 0xFF,
    0xCF, 0xD0, 0x7F, 0xF1, 0x00, 0x00, 0x00, 0xDF, 0xFF, 0xD0, 0x7F, 0xF1, 0x00, 0x00, 0x00, 0x5F,
    0xFF, 0xD0, 0x7F, 0xF1, 0x00, 0x00, 0x00, 0x0C, 0xFF, 0xD0, 0x00, 0x00, 0x00, 0x00, 0x00, 0x00,
    0x00, 0x00, 0x00, 0x00, 0x00, 0x00, 0x00, 0x00, 0x00, 0x00, 0x00, 0x00, 0x00, 0x4F, 0xF4, 0x00,
    0x00, 0x00, 0x00, 0x00, 0x00, 0x8F, 0xC0, 0x00, 0x00, 0x00, 0x00, 0x00, 0x00, 0xCF, 0x40, 0x00,
    0x00, 0x00, 0x00, 0x00, 0x01, 0xFB, 0x00, 0x00, 0x00, 0x00, 0xAF, 0xB0, 0x29, 0xDF, 0xD8, 0x10,
    0x00, 0xAF, 0xB3, 0xEF, 0xFF, 0xFF, 0xD1, 0x00, 0xAF, 0xCD, 0xA3, 0x01, 0x7F, 0xF8, 0x00, 0xAF,
    0xF9, 0x00, 0x00, 0x09, 0xFE, 0x00, 0xAF, 0xF1, 0x00, 0x00, 0x04, 0xFF, 0x20, 0xAF, 0xC0, 0x00,
    0x00, 0x02, 0xFF, 0x30, 0xAF, 0xB0, 0x00, 0x00, 0x01, 0xFF, 0x40, 0xAF, 0xB0, 0x00, 0x00, 0x01,
    0xFF, 0x40, 0xAF, 0xB0, 0x00, 0x00, 0x01, 0xFF, 0x40, 0xAF, 0xB0, 0x00, 0x00, 0x01, 0xFF, 0x40,
    0xAF, 0xB0, 0x00, 0x00, 0x01, 0xFF, 0x40, 0xAF, 0xB0, 0x00, 0x00, 0x01, 0xFF, 0x40, 0xAF, 0xB0,
    0x00, 0x00, 0x01, 0xFF, 0x40, 0xAF, 0xB0, 0x00, 0x00, 0x01, 0xFF, 0x40, 0x00, 0x00, 0x00, 0x00,
    0x00, 0x00, 0x00, 0x00, 0x00, 0x00, 0x00, 0x00, 0x00, 0x00, 0x00, 0x00, 0x0A, 0xFD, 0x00, 0x00,
    0x00, 0x00, 0x00, 0x0E, 0xF5, 0x00, 0x00, 0x00, 0x00, 0x00, 0x3F, 0xC0, 0x00, 0x00, 0x00, 0x00,
    0x00, 0x7F, 0x50, 0x00, 0x00, 0x00, 0x00, 0x01, 0xCD, 0x20, 0x1B, 0xE2, 0x00, 0x00, 0x00, 0x00,
    0x1D, 0xE4, 0xCE, 0x30, 0x00, 0x00, 0x00, 0x00, 0x02, 0xEF, 0xF4, 0x00, 0x00, 0x00, 0x00, 0x00,
    0x00, 0x00, 0x00, 0x00, 0x00, 0x00, 0x00, 0x00, 0x00, 0x00, 0x00, 0x00, 0x00, 0x00, 0x7F, 0xFF,
    0x40, 0x00, 0x00, 0x00, 0x9F, 0xD0, 0x7F, 0xFF, 0xC0, 0x00, 0x00, 0x00, 0x9F, 0xD0, 0x7F, 0xFF,
    0xF5, 0x00, 0x00, 0x00, 0x9F, 0xD0, 0x7F, 0xFC, 0xFD, 0x00, 0x00, 0x00, 0x9F, 0xD0, 0x7F, 0xF4,
    0xFF, 0x60, 0x00, 0x00, 0x9F, 0xD0, 0x7F, 0xF1, 0xAF, 0xD0, 0x00, 0x00, 0x9F, 0xD0, 0x7F, 0xF1,
    0x3F, 0xF7, 0x00, 0x00, 0x9F, 0xD0, 0x7F, 0xF1, 0x0A, 0xFE, 0x10, 0x00, 0x9F, 0xD0, 0x7F, 0xF1,
    0x02, 0xFF, 0x70, 0x00, 0x9F, 0xD0, 0x7F, 0xF1, 0x00, 0x9F, 0xE1, 0x00, 0x9F, 0xD0, 0x7F, 0xF1,
    0x00, 0x1E, 0xF8, 0x00, 0x9F, 0xD0, 0x7F, 0xF1, 0x00, 0x08, 0xFF, 0x20, 0x9F, 0xD0, 0x7F, 0xF1,
    0x00, 0x01, 0xEF, 0x90, 0x9F, 0xD0, 0x7F, 0xF1, 0x00, 0x00, 0x7F, 0xF2, 0x9F, 0xD0, 0x7F, 0xF1,
    0x00, 0x00, 0x1E, 0xFA, 0x9F, 0xD0, 0x7F, 0xF1, 0x00, 0x00, 0x06, 0xFF, 0xCF, 0xD0, 0x7F, 0xF1,
    0x00, 0x00, 0x00, 0xDF, 0xFF, 0xD0, 0x7F, 0xF1, 0x00, 0x00, 0x00, 0x5F, 0xFF, 0xD0, 0x7F, 0xF1,
    0x00, 0x00, 0x00, 0x0C, 0xFF, 0xD0, 0x00, 0x7F, 0x50, 0x00, 0xBE, 0x10, 0x00, 0x00, 0x0C, 0xE2,
    0x07, 0xF6, 0x00, 0x00, 0x00, 0x03, 0xFB, 0x3F, 0xC0, 0x00, 0x00, 0x00, 0x00, 0x9F, 0xEF, 0x30,
    0x00, 0x00, 0x00, 0x00, 0x1D, 0xF8, 0x00, 0x00, 0x00, 0x00, 0x00, 0x00, 0x00, 0x00, 0x00, 0x00,
    0x00, 0x00, 0x00, 0x00, 0x00, 0x00, 0x00, 0xAF, 0xB0, 0x29, 0xDF, 0xD8, 0x10, 0x00, 0xAF, 0xB3,
    0xEF, 0xFF, 0xFF, 0xD1, 0x00, 0xAF, 0xCD, 0xA3, 0x01, 0x7F, 0xF8, 0x00, 0xAF, 0xF9, 0x00, 0x00,
    0x09, 0xFE, 0x00, 0xAF, 0xF1, 0x00, 0x00, 0x04, 0xFF, 0x20, 0xAF, 0xC0, 0x00, 0x00, 0x02, 0xFF,
    0x30, 0xAF, 0xB0, 0x00, 0x00, 0x01, 0xFF, 0x40, 0xAF, 0xB0, 0x00, 0x00, 0x01, 0xFF, 0x40, 0xAF,
    0xB0, 0x00, 0x00, 0x01, 0xFF, 0x40, 0xAF, 0xB0, 0x00, 0x00, 0x01, 0xFF, 0x40, 0xAF, 0xB0, 0x00,
    0x00, 0x01, 0xFF, 0x40, 0xAF, 0xB0, 0x00, 0x00, 0x01, 0xFF, 0x40, 0xAF, 0xB0, 0x00, 0x00, 0x01,
    0xFF, 0x40, 0xAF, 0xB0, 0x00, 0x00, 0x01, 0xFF, 0x40, 0x05, 0xFF, 0x50, 0x00, 0x00, 0x00, 0x00,
    0x00, 0x00, 0x05, 0xFF, 0x50, 0x00, 0x00, 0x00, 0x00, 0x00, 0x00, 0x08, 0xFE, 0x10, 0x00, 0x00,
    0x00, 0x00, 0x00, 0x00, 0x0B, 0xF8, 0x00, 0x00, 0x00, 0x00, 0x00, 0x00, 0x00, 0x1F, 0xE1, 0x00,
    0x00, 0x00, 0x00, 0x00, 0x00, 0x00, 0x4F, 0x70, 0x5F, 0xF0, 0x07, 0xDF, 0xEA, 0x30, 0x00, 0x00,
    0x00, 0x5F, 0xF1, 0xCF, 0xFF, 0xFF, 0xF4, 0x00, 0x00, 0x00, 0x5F, 0xFA, 0xD5, 0x11, 0x5E, 0xFD,
    0x00, 0x00, 0x00, 0x5F, 0xFD, 0x10, 0x00, 0x04, 0xFF, 0x40, 0x00, 0x00, 0x5F, 0xF6, 0x00, 0x00,
    0x00, 0xEF, 0x70, 0x00, 0x00, 0x5F, 0xF2, 0x00, 0x00, 0x00, 0xCF, 0x80, 0x00, 0x00, 0x5F, 0xF1,
    0x00, 0x00, 0x00, 0xBF, 0x90, 0x00, 0x00, 0x5F, 0xF0, 0x00, 0x00, 0x00, 0xBF, 0x90, 0x00, 0x00,
    0x5F, 0xF0, 0x00, 0x00, 0x00, 0xBF, 0x90, 0x00, 0x00, 0x5F, 0xF0, 0x00, 0x00, 0x00, 0xBF, 0x90,
    0x00, 0x00, 0x5F, 0xF0, 0x00, 0x00, 0x00, 0xBF, 0x90, 0x00, 0x00, 0x5F, 0xF0, 0x00, 0x00, 0x00,
    0xBF, 0x90, 0x00, 0x00, 0x5F, 0xF0, 0x00, 0x00, 0x00, 0xBF, 0x90, 0x00, 0x00, 0x5F, 0xF0, 0x00,
    0x00, 0x00, 0xBF, 0x90, 0x7F, 0xF2, 0x07, 0xCE, 0xFE, 0xB5, 0x00, 0x00, 0x7F, 0xF2, 0xAF, 0xFF,
    0xFF, 0xFF, 0x90, 0x00, 0x7F, 0xF9, 0xFB, 0x41, 0x14, 0xCF, 0xF6, 0x00, 0x7F, 0xFF, 0x90, 0x00,
    0x00, 0x1D, 0xFD, 0x00, 0x7F, 0xFD, 0x10, 0x00, 0x00, 0x06, 0xFF, 0x30, 0x7F, 0xF7, 0x00, 0x00,
    0x00, 0x02, 0xFF, 0x60, 0x7F, 0xF4, 0x00, 0x00, 0x00, 0x00, 0xFF, 0x70, 0x7F, 0xF2, 0x00, 0x00,
    0x00, 0x00, 0xFF, 0x80, 0x7F, 0xF2, 0x00, 0x00, 0x00, 0x00, 0xFF, 0x80, 0x7F, 0xF2, 0x00, 0x00,
    0x00, 0x00, 0xFF, 0x80, 0x7F, 0xF2, 0x00, 0x00, 0x00, 0x00, 0xFF, 0x80, 0x7F, 0xF2, 0x00, 0x00,
    0x00, 0x00, 0xFF, 0x80, 0x7F, 0xF2, 0x00, 0x00, 0x00, 0x00, 0xFF, 0x80, 0x7F, 0xF2, 0x00, 0x00,
    0x00, 0x00, 0xFF, 0x80, 0x7F, 0xF2, 0x00, 0x00, 0x00, 0x00, 0xFF, 0x80, 0x7F, 0xF2, 0x00, 0x00,
    0x00, 0x00, 0xFF, 0x80, 0x7F, 0xF2, 0x00, 0x00, 0x00, 0x00, 0xFF, 0x80, 0x7F, 0xF2, 0x00, 0x00,
    0x00, 0x00, 0xFF, 0x80, 0x7F, 0xF2, 0x00, 0x00, 0x00, 0x00, 0xFF, 0x80, 0x00, 0x00, 0x00, 0x00,
    0x00, 0x00, 0xFF, 0x80, 0x00, 0x00, 0x00, 0x00, 0x00, 0x02, 0xFF, 0x70, 0x00, 0x00, 0x00, 0x00,
    0x00, 0x2A, 0xFF, 0x30, 0x00, 0x00, 0x00, 0x00, 0x0E, 0xFF, 0xFB, 0x00, 0x00, 0x00, 0x00, 0x00,
    0x0E, 0xFD, 0x81, 0x00, 0xAF, 0xB0, 0x29, 0xDF, 0xD8, 0x10, 0x00, 0xAF, 0xB3, 0xEF, 0xFF, 0xFF,
    0xD1, 0x00, 0xAF, 0xCD, 0xA3, 0x01, 0x7F, 0xF9, 0x00, 0xAF, 0xF9, 0x00, 0x00, 0x09, 0xFE, 0x00,
    0xAF, 0xF1, 0x00, 0x00, 0x04, 0xFF, 0x20, 0xAF, 0xC0, 0x00, 0x00, 0x02, 0xFF, 0x30, 0xAF, 0xB0,
    0x00, 0x00, 0x01, 0xFF, 0x40, 0xAF, 0xB0, 0x00, 0x00, 0x01, 0xFF, 0x40, 0xAF, 0xB0, 0x00, 0x00,
    0x01, 0xFF, 0x40, 0xAF, 0xB0, 0x00, 0x00, 0x01, 0xFF, 0x40, 0xAF, 0xB0, 0x00, 0x00, 0x01, 0xFF,
    0x40, 0xAF, 0xB0, 0x00, 0x00, 0x01, 0xFF, 0x40, 0xAF, 0xB0, 0x00, 0x00, 0x01, 0xFF, 0x40, 0xAF,
    0xB0, 0x00, 0x00, 0x01, 0xFF, 0x40, 0x00, 0x00, 0x00, 0x00, 0x01, 0xFF, 0x40, 0x00, 0x00, 0x00,
    0x00, 0x01, 0xFF, 0x30, 0x00, 0x00, 0x00, 0x00, 0x03, 0xFF, 0x20, 0x00, 0x00, 0x00, 0x00, 0x2B,
    0xFD, 0x00, 0x00, 0x00, 0x5F, 0xFF, 0xFF, 0xF6, 0x00, 0x00, 0x00, 0x5F, 0xFF, 0xEC, 0x50, 0x00,
    0x00, 0x00, 0x08, 0xFF, 0xFF, 0xFF, 0xF1, 0x00, 0x00, 0x00, 0x00, 0x08, 0xFF, 0xFF, 0xFF, 0xF1,
    0x00, 0x00, 0x00, 0x00, 0x00, 0x00, 0x00, 0x00, 0x00, 0x00, 0x00, 0x00, 0x00, 0x00, 0x00, 0x00,
    0x00, 0x00, 0x00, 0x00, 0x00, 0x00, 0x04, 0x9D, 0xEF, 0xDB, 0x71, 0x00, 0x00, 0x00, 0x02, 0xBF,
    0xFF, 0xFF, 0xFF, 0xFE, 0x60, 0x00, 0x00, 0x2D, 0xFF, 0xA4, 0x10, 0x27, 0xEF, 0xF7, 0x00, 0x00,
    0xCF, 0xF5, 0x00, 0x00, 0x00, 0x1C, 0xFF, 0x40, 0x07, 0xFF, 0x70, 0x00, 0x00, 0x00, 0x01, 0xEF,
    0xD0, 0x0D, 0xFE, 0x00, 0x00, 0x00, 0x00, 0x00, 0x7F, 0xF5, 0x3F, 0xF9, 0x00, 0x00, 0x00, 0x00,
    0x00, 0x2F, 0xF9, 0x6F, 0xF5, 0x00, 0x00, 0x00, 0x00, 0x00, 0x0D, 0xFD, 0x7F, 0xF3, 0x00, 0x00,
    0x00, 0x00, 0x00, 0x0C, 0xFE, 0x8F, 0xF3, 0x00, 0x00, 0x00, 0x00, 0x00, 0x0B, 0xFF, 0x7F, 0xF3,
    0x00, 0x00, 0x00, 0x00, 0x00, 0x0C, 0xFE, 0x6F, 0xF5, 0x00, 0x00, 0x00, 0x00, 0x00, 0x0D, 0xFD,
    0x3F, 0xF9, 0x00, 0x00, 0x00, 0x00, 0x00, 0x2F, 0xF9, 0x0D, 0xFE, 0x00, 0x00, 0x00, 0x00, 0x00,
    0x7F, 0xF5, 0x07, 0xFF, 0x70, 0x00, 0x00, 0x00, 0x01, 0xEF, 0xD0, 0x00, 0xCF, 0xF5, 0x00, 0x00,
    0x00, 0x1C, 0xFF, 0x50, 0x00, 0x2D, 0xFF, 0xA4, 0x10, 0x27, 0xEF, 0xF7, 0x00, 0x00, 0x02, 0xBF,
    0xFF, 0xFF, 0xFF, 0xFE, 0x60, 0x00, 0x00, 0x00, 0x04, 0x9D, 0xEF, 0xDB, 0x71, 0x00, 0x00, 0x00,
    0x0D, 0xFF, 0xFF, 0xFF, 0xB0, 0x00, 0x00, 0x0D, 0xFF, 0xFF, 0xFF, 0xB0, 0x00, 0x00, 0x00, 0x00,
    0x00, 0x00, 0x00, 0x00, 0x00, 0x00, 0x00, 0x00, 0x00, 0x00, 0x00, 0x00, 0x00, 0x00, 0x00, 0x00,
    0x00, 0x00, 0x00, 0x02, 0x9D, 0xEE, 0xD9, 0x20, 0x00, 0x00, 0x6F, 0xFF, 0xFF, 0xFF, 0xF5, 0x00,
    0x05, 0xFF, 0xC4, 0x11, 0x5D, 0xFF, 0x30, 0x0D, 0xFD, 0x10, 0x00, 0x01, 0xEF, 0xC0, 0x3F, 0xF5,
    0x00, 0x00, 0x00, 0x7F, 0xF2, 0x7F, 0xF1, 0x00, 0x00, 0x00, 0x2F, 0xF5, 0x8F, 0xE0, 0x00, 0x00,
    0x00, 0x0F, 0xF7, 0x8F, 0xE0, 0x00, 0x00, 0x00, 0x0F, 0xF7, 0x7F, 0xF1, 0x00, 0x00, 0x00, 0x2F,
    0xF5, 0x3F, 0xF5, 0x00, 0x00, 0x00, 0x6F, 0xF2, 0x0D, 0xFC, 0x10, 0x00, 0x01, 0xEF, 0xC0, 0x05,
    0xFF, 0xC4, 0x11, 0x5D, 0xFF, 0x30, 0x00, 0x6F, 0xFF, 0xFF, 0xFF, 0xF5, 0x00, 0x00, 0x02, 0x9D,
    0xEE, 0xD9, 0x20, 0x00, 0x00, 0x00, 0x09, 0xE5, 0x10, 0x2B, 0xF1, 0x00, 0x00, 0x00, 0x00, 0x03,
    0xFF, 0xFF, 0xFF, 0xA0, 0x00, 0x00, 0x00, 0x00, 0x00, 0x4B, 0xEE, 0xD8, 0x10, 0x00, 0x00, 0x00,
    0x00, 0x00, 0x00, 0x00, 0x00, 0x00, 0x00, 0x00, 0x00, 0x00, 0x00, 0x00, 0x00, 0x00, 0x00, 0x00,
    0x00, 0x00, 0x00, 0x04, 0x9D, 0xEF, 0xDB, 0x71, 0x00, 0x00, 0x00, 0x02, 0xBF, 0xFF, 0xFF, 0xFF,
    0xFE, 0x60, 0x00, 0x00, 0x2D, 0xFF, 0xA4, 0x10, 0x27, 0xEF, 0xF7, 0x00, 0x00, 0xCF, 0xF5, 0x00,
    0x00, 0x00, 0x1C, 0xFF, 0x40, 0x07, 0xFF, 0x70, 0x00, 0x00, 0x00, 0x01, 0xEF, 0xD0, 0x0D, 0xFE,
    0x00, 0x00, 0x00, 0x00, 0x00, 0x7F, 0xF5, 0x3F, 0xF9, 0x00, 0x00, 0x00, 0x00, 0x00, 0x2F, 0xF9,
    0x6F, 0xF5, 0x00, 0x00, 0x00, 0x00, 0x00, 0x0D, 0xFD, 0x7F, 0xF3, 0x00, 0x00, 0x00, 0x00, 0x00,
    0x0C, 0xFE, 0x8F, 0xF3, 0x00, 0x00, 0x00, 0x00, 0x00, 0x0B, 0xFF, 0x7F, 0xF3, 0x00, 0x00, 0x00,
    0x00, 0x00, 0x0C, 0xFE, 0x6F, 0xF5, 0x00, 0x00, 0x00, 0x00, 0x00, 0x0D, 0xFD, 0x3F, 0xF9, 0x00,
    0x00, 0x00, 0x00, 0x00, 0x2F, 0xF9, 0x0D, 0xFE, 0x00, 0x00, 0x00, 0x00, 0x00, 0x7F, 0xF5, 0x07,
    0xFF, 0x70, 0x00, 0x00, 0x00, 0x01, 0xEF, 0xD0, 0x00, 0xCF, 0xF5, 0x00, 0x00, 0x00, 0x1C, 0xFF,
    0x50, 0x00, 0x2D, 0xFF, 0xA4, 0x10, 0x27, 0xEF, 0xF7, 0x00, 0x00, 0x02, 0xBF, 0xFF, 0xFF, 0xFF,
    0xFE, 0x60, 0x00, 0x00, 0x00, 0x04, 0x9D, 0xEF, 0xDB, 0x71, 0x00, 0x00, 0x00, 0x0E, 0xA0, 0x00,
    0x0B, 0xC0, 0x00, 0x00, 0x0B, 0xF6, 0x11, 0x7F, 0x90, 0x00, 0x00, 0x03, 0xFF, 0xFF, 0xFF, 0x20,
    0x00, 0x00, 0x00, 0x4B, 0xEE, 0xB3, 0x00, 0x00, 0x00, 0x00, 0x00, 0x00, 0x00, 0x00, 0x00, 0x00,
    0x00, 0x00, 0x00, 0x00, 0x00, 0x00, 0x00, 0x00, 0x00, 0x00, 0x00, 0x00, 0x00, 0x00, 0x02, 0x9D,
    0xEE, 0xD9, 0x20, 0x00, 0x00, 0x6F, 0xFF, 0xFF, 0xFF, 0xF5, 0x00, 0x05, 0xFF, 0xC4, 0x11, 0x5D,
    0xFF, 0x30, 0x0D, 0xFD, 0x10, 0x00, 0x01, 0xEF, 0xC0, 0x3F, 0xF5, 0x00, 0x00, 0x00, 0x7F, 0xF2,
    0x7F, 0xF1, 0x00, 0x00, 0x00, 0x2F, 0xF5, 0x8F, 0xE0, 0x00, 0x00, 0x00, 0x0F, 0xF7, 0x8F, 0xE0,
    0x00, 0x00, 0x00, 0x0F, 0xF7, 0x7F, 0xF1, 0x00, 0x00, 0x00, 0x2F, 0xF5, 0x3F, 0xF5, 0x00, 0x00,
    0x00, 0x6F, 0xF2, 0x0D, 0xFC, 0x10, 0x00, 0x01, 0xEF, 0xC0, 0x05, 0xFF, 0xC4, 0x11, 0x5D, 0xFF,
    0x30, 0x00, 0x6F, 0xFF, 0xFF, 0xFF, 0xF5, 0x00, 0x00, 0x02, 0x9D, 0xEE, 0xD9, 0x20, 0x00, 0x00,
    0x00, 0x00, 0x04, 0xFD, 0x22, 0xEF, 0x50, 0x00, 0x00, 0x00, 0x00, 0x2E, 0xE2, 0x1C, 0xF5, 0x00,
    0x00, 0x00, 0x00, 0x01, 0xDE, 0x30, 0xAF, 0x50, 0x00, 0x00, 0x00, 0x00, 0x00, 0x00, 0x00, 0x00,
    0x00, 0x00, 0x00, 0x00, 0x00, 0x00, 0x00, 0x00, 0x00, 0x00, 0x00, 0x00, 0x00, 0x00, 0x04, 0x9D,
    0xEF, 0xDB, 0x71, 0x00, 0x00, 0x00, 0x02, 0xBF, 0xFF, 0xFF, 0xFF, 0xFE, 0x60, 0x00, 0x00, 0x2D,
    0xFF, 0xA4, 0x10, 0x27, 0xEF, 0xF7, 0x00, 0x00, 0xCF, 0xF5, 0x00, 0x00, 0x00, 0x1C, 0xFF, 0x40,
    0x07, 0xFF, 0x70, 0x00, 0x00, 0x00, 0x01, 0xEF, 0xD0, 0x0D, 0xFE, 0x00, 0x00, 0x00, 0x00, 0x00,
    0x7F, 0xF5, 0x3F, 0xF9, 0x00, 0x00, 0x00, 0x00, 0x00, 0x2F, 0xF9, 0x6F, 0xF5, 0x00, 0x00, 0x00,
    0x00, 0x00, 0x0D, 0xFD, 0x7F, 0xF3, 0x00, 0x00, 0x00, 0x00, 0x00, 0x0C, 0xFE, 0x8F, 0xF3, 0x00,
    0x00, 0x00, 0x00, 0x00, 0x0B, 0xFF, 0x7F, 0xF3, 0x00, 0x00, 0x00, 0x00, 0x00, 0x0C, 0xFE, 0x6F,
    0xF5, 0x00, 0x00, 0x00, 0x00, 0x00, 0x0D, 0xFD, 0x3F, 0xF9, 0x00, 0x00, 0x00, 0x00, 0x00, 0x2F,
    0xF9, 0x0D, 0xFE, 0x00, 0x00, 0x00, 0x00, 0x00, 0x7F, 0xF5, 0x07, 0xFF, 0x70, 0x00, 0x00, 0x00,
    0x01, 0xEF, 0xD0, 0x00, 0xCF, 0xF5, 0x00, 0x00, 0x00, 0x1C, 0xFF, 0x50, 0x00, 0x2D, 0xFF, 0xA4,
    0x10, 0x27, 0xEF, 0xF7, 0x00, 0x00, 0x02, 0xBF, 0xFF, 0xFF, 0xFF, 0xFE, 0x60, 0x00, 0x00, 0x00,
    0x04, 0x9D, 0xEF, 0xDB, 0x71, 0x00, 0x00, 0x00, 0x00, 0x00, 0xBF, 0x60, 0x8F, 0xA0, 0x00, 0x00,
    0x04, 0xFC, 0x01, 0xEE, 0x10, 0x00, 0x00, 0x0B, 0xF4, 0x09, 0xF6, 0x00, 0x00, 0x00, 0x3F, 0xA0,
    0x2F, 0xC0, 0x00, 0x00, 0x00, 0xAF, 0x20, 0x9F, 0x30, 0x00, 0x00, 0x00, 0x00, 0x00, 0x00, 0x00,
    0x00, 0x00, 0x00, 0x00, 0x00, 0x00, 0x00, 0x00, 0x00, 0x02, 0x9D, 0xEE, 0xD9, 0x20, 0x00, 0x00,
    0x6F, 0xFF, 0xFF, 0xFF, 0xF5, 0x00, 0x05, 0xFF, 0xC4, 0x11, 0x5D, 0xFF, 0x30, 0x0D, 0xFD, 0x10,
    0x00, 0x01, 0xEF, 0xC0, 0x3F, 0xF5, 0x00, 0x00, 0x00, 0x7F, 0xF2, 0x7F, 0xF1, 0x00, 0x00, 0x00,
    0x2F, 0xF5, 0x8F, 0xE0, 0x00, 0x00, 0x00, 0x0F, 0xF7, 0x8F, 0xE0, 0x00, 0x00, 0x00, 0x0F, 0xF7,
    0x7F, 0xF1, 0x00, 0x00, 0x00, 0x2F, 0xF5, 0x3F, 0xF5, 0x00, 0x00, 0x00, 0x6F, 0xF2, 0x0D, 0xFC,
    0x10, 0x00, 0x01, 0xEF, 0xC0, 0x05, 0xFF, 0xC4, 0x11, 0x5D, 0xFF, 0x30, 0x00, 0x6F, 0xFF, 0xFF,
    0xFF, 0xF5, 0x00, 0x00, 0x02, 0x9D, 0xEE, 0xD9, 0x20, 0x00, 0x00, 0x00, 0x00, 0x48, 0xBD, 0xEF,
    0xFF, 0xFF, 0xFF, 0xFF, 0xFF, 0xFF, 0xE0, 0x00, 0x00, 0x6D, 0xFF, 0xFF, 0xFF, 0xFF, 0xFF, 0xFF,
    0xFF, 0xFF, 0xFF, 0xE0, 0x00, 0x0B, 0xFF, 0xE9, 0x52, 0x10, 0x1F, 0xF8, 0x00, 0x00, 0x00, 0x00,
    0x00, 0x00, 0xAF, 0xFA, 0x10, 0x00, 0x00, 0x1F, 0xF8, 0x00, 0x00, 0x00, 0x00, 0x00, 0x05, 0xFF,
    0xA0, 0x00, 0x00, 0x00, 0x1F, 0xF8, 0x00, 0x00, 0x00, 0x00, 0x00, 0x0D, 0xFE, 0x10, 0x00, 0x00,
    0x00, 0x1F, 0xF8, 0x00, 0x00, 0x00, 0x00, 0x00, 0x2F, 0xF9, 0x00, 0x00, 0x00, 0x00, 0x1F, 0xF8,
    0x00, 0x00, 0x00, 0x00, 0x00, 0x6F, 0xF5, 0x00, 0x00, 0x00, 0x00, 0x1F, 0xF8, 0x00, 0x00, 0x00,
    0x00, 0x00, 0x7F, 0xF4, 0x00, 0x00, 0x00, 0x00, 0x1F, 0xFF, 0xFF, 0xFF, 0xFF, 0xFF, 0x80, 0x8F,
    0xF3, 0x00, 0x00, 0x00, 0x00, 0x1F, 0xFF, 0xFF, 0xFF, 0xFF, 0xFF, 0x80, 0x7F, 0xF4, 0x00, 0x00,
    0x00, 0x00, 0x1F, 0xF8, 0x00, 0x00, 0x00, 0x00, 0x00, 0x6F, 0xF5, 0x00, 0x00, 0x00, 0x00, 0x1F,
    0xF8, 0x00, 0x00, 0x00, 0x00, 0x00, 0x2F, 0xF9, 0x00, 0x00, 0x00, 0x00, 0x1F, 0xF8, 0x00, 0x00,
    0x00, 0x00, 0x00, 0x0D, 0xFE, 0x10, 0x00, 0x00, 0x00, 0x1F, 0xF8, 0x00, 0x00, 0x00, 0x00, 0x00,
    0x05, 0xFF, 0xA0, 0x00, 0x00, 0x00, 0x1F, 0xF8, 0x00, 0x00, 0x00, 0x00, 0x00, 0x00, 0xBF, 0xFA,
    0x10, 0x00, 0x00, 0x1F, 0xF8, 0x00, 0x00, 0x00, 0x00, 0x00, 0x00, 0x1B, 0xFF, 0xE9, 0x52, 0x10,
    0x1F, 0xF8, 0x00, 0x00, 0x00, 0x00, 0x00, 0x00, 0x00, 0x6D, 0xFF, 0xFF, 0xFF, 0xFF, 0xFF, 0xFF,
    0xFF, 0xFF, 0xFF, 0xF2, 0x00, 0x00, 0x00, 0x48, 0xBD, 0xEF, 0xFF, 0xFF, 0xFF, 0xFF, 0xFF, 0xFF,
    0xF2, 0x00, 0x02, 0x9D, 0xEE, 0xC7, 0x10, 0x00, 0x28, 0xCE, 0xED, 0x81, 0x00, 0x00, 0x00, 0x6F,
    0xFF, 0xFF, 0xFF, 0xD2, 0x06, 0xEF, 0xFF, 0xFF, 0xFE, 0x40, 0x00, 0x05, 0xFF, 0xC4, 0x11, 0x5D,
    0xFD, 0x6F, 0xFA, 0x31, 0x14, 0xCF, 0xE2, 0x00, 0x0D, 0xFD, 0x10, 0x00, 0x01, 0xEF, 0xFF, 0x90,
    0x00, 0x00, 0x1D, 0xF9, 0x00, 0x3F, 0xF5, 0x00, 0x00, 0x00, 0x7F, 0xFE, 0x00, 0x00, 0x00, 0x06,
    0xFE, 0x00, 0x7F, 0xF1, 0x00, 0x00, 0x00, 0x2F, 0xFA, 0x00, 0x00, 0x00, 0x03, 0xFF, 0x20, 0x8F,
    0xE0, 0x00, 0x00, 0x00, 0x0F, 0xFF, 0xFF, 0xFF, 0xFF, 0xFF, 0xFF, 0x30, 0x8F, 0xE0, 0x00, 0x00,
    0x00, 0x0F, 0xFF, 0xFF, 0xFF, 0xFF, 0xFF, 0xFF, 0x30, 0x7F, 0xF1, 0x00, 0x00, 0x00, 0x2F, 0xF8,
    0x00, 0x00, 0x00, 0x00, 0x00, 0x00, 0x3F, 0xF5, 0x00, 0x00, 0x00, 0x6F, 0xFD, 0x00, 0x00, 0x00,
    0x00, 0x00, 0x00, 0x0D, 0xFC, 0x10, 0x00, 0x01, 0xEF, 0xFF, 0x70, 0x00, 0x00, 0x00, 0x00, 0x00,
    0x05, 0xFF, 0xC4, 0x11, 0x5D, 0xFD, 0x5F, 0xFA, 0x41, 0x01, 0x35, 0xA9, 0x00, 0x00, 0x6F, 0xFF,
    0xFF, 0xFF, 0xD2, 0x05, 0xEF, 0xFF, 0xFF, 0xFF, 0xFA, 0x00, 0x00, 0x02, 0x9D, 0xEE, 0xC7, 0x10,
    0x00, 0x17, 0xCE, 0xFE, 0xC9, 0x51, 0x00, 0x00, 0x00, 0x00, 0x5F, 0xD1, 0x00, 0x00, 0x00, 0x00,
    0x00, 0x03, 0xED, 0x20, 0x00, 0x00, 0x00, 0x00, 0x00, 0x1D, 0xD2, 0x00, 0x00, 0x00, 0x00, 0x00,
    0x00, 0x00, 0x00, 0x00, 0x00, 0x00, 0x00, 0x00, 0x00, 0x00, 0x00, 0x00, 0x00, 0x00, 0x00, 0x7F,
    0xFF, 0xFF, 0xFE, 0xC8, 0x20, 0x00, 0x00, 0x7F, 0xFF, 0xFF, 0xFF, 0xFF, 0xE5, 0x00, 0x00, 0x7F,
    0xF2, 0x00, 0x02, 0x8F, 0xFE, 0x20, 0x00, 0x7F, 0xF2, 0x00, 0x00, 0x07, 0xFF, 0x70, 0x00, 0x7F,
    0xF2, 0x00, 0x00, 0x01, 0xFF, 0xB0, 0x00, 0x7F, 0xF2, 0x00, 0x00, 0x00, 0xEF, 0xC0, 0x00, 0x7F,
    0xF2, 0x00, 0x00, 0x01, 0xFF, 0xA0, 0x00, 0x7F, 0xF2, 0x00, 0x00, 0x07, 0xFF, 0x60, 0x00, 0x7F,
    0xF2, 0x00, 0x02, 0x8F, 0xFD, 0x10, 0x00, 0x7F, 0xFF, 0xFF, 0xFF, 0xFF, 0xB2, 0x00, 0x00, 0x7F,
    0xFF, 0xFF, 0xFF, 0xFD, 0x40, 0x00, 0x00, 0x7F, 0xF2, 0x00, 0x14, 0xCF, 0xF4, 0x00, 0x00, 0x7F,
    0xF2, 0x00, 0x00, 0x1C, 0xFE, 0x10, 0x00, 0x7F, 0xF2, 0x00, 0x00, 0x03, 0xFF, 0x80, 0x00, 0x7F,
    0xF2, 0x00, 0x00, 0x00, 0xAF, 0xE1, 0x00, 0x7F, 0xF2, 0x00, 0x00, 0x00, 0x3F, 0xF8, 0x00, 0x7F,
    0xF2, 0x00, 0x00, 0x00, 0x0A, 0xFE, 0x10, 0x7F, 0xF2, 0x00, 0x00, 0x00, 0x03, 0xFF, 0x80, 0x7F,
    0xF2, 0x00, 0x00, 0x00, 0x00, 0xAF, 0xE1, 0x00, 0x00, 0x00, 0x4F, 0xF4, 0x00, 0x00, 0x01, 0xDF,
    0x60, 0x00, 0x00, 0x0A, 0xF9, 0x00, 0x00, 0x00, 0x6F, 0xB0, 0x00, 0x00, 0x02, 0xED, 0x10, 0x00,
    0x00, 0x00, 0x00, 0x00, 0x00, 0x00, 0x00, 0x00, 0x00, 0x00, 0xAF, 0xB0, 0x29, 0xDF, 0xA0, 0xAF,
    0xB4, 0xEF, 0xFF, 0xA0, 0xAF, 0xCE, 0xA3, 0x00, 0x00, 0xAF, 0xFA, 0x00, 0x00, 0x00, 0xAF, 0xF2,
    0x00, 0x00, 0x00, 0xAF, 0xD0, 0x00, 0x00, 0x00, 0xAF, 0xB0, 0x00, 0x00, 0x00, 0xAF, 0xB0, 0x00,
    0x00, 0x00, 0xAF, 0xB0, 0x00, 0x00, 0x00, 0xAF, 0xB0, 0x00, 0x00, 0x00, 0xAF, 0xB0, 0x00, 0x00,
    0x00, 0xAF, 0xB0, 0x00, 0x00, 0x00, 0xAF, 0xB0, 0x00, 0x00, 0x00, 0xAF, 0xB0, 0x00, 0x00, 0x00,
    0x7F, 0xFF, 0xFF, 0xFE, 0xC8, 0x20, 0x00, 0x00, 0x7F, 0xFF, 0xFF, 0xFF, 0xFF, 0xE5, 0x00, 0x00,
    0x7F, 0xF2, 0x00, 0x02, 0x8F, 0xFE, 0x20, 0x00, 0x7F, 0xF2, 0x00, 0x00, 0x07, 0xFF, 0x70, 0x00,
    0x7F, 0xF2, 0x00, 0x00, 0x01, 0xFF, 0xB0, 0x00, 0x7F, 0xF2, 0x00, 0x00, 0x00, 0xEF, 0xC0, 0x00,
    0x7F, 0xF2, 0x00, 0x00, 0x01, 0xFF, 0xA0, 0x00, 0x7F, 0xF2, 0x00, 0x00, 0x07, 0xFF, 0x60, 0x00,
    0x7F, 0xF2, 0x00, 0x02, 0x8F, 0xFD, 0x10, 0x00, 0x7F, 0xFF, 0xFF, 0xFF, 0xFF, 0xB2, 0x00, 0x00,
    0x7F, 0xFF, 0xFF, 0xFF, 0xFD, 0x40, 0x00, 0x00, 0x7F, 0xF2, 0x00, 0x14, 0xCF, 0xF4, 0x00, 0x00,
    0x7F, 0xF2, 0x00, 0x00, 0x1C, 0xFE, 0x10, 0x00, 0x7F, 0xF2, 0x00, 0x00, 0x03, 0xFF, 0x80, 0x00,
    0x7F, 0xF2, 0x00, 0x00, 0x00, 0xAF, 0xE1, 0x00, 0x7F, 0xF2, 0x00, 0x00, 0x00, 0x3F, 0xF8, 0x00,
    0x7F, 0xF2, 0x00, 0x00, 0x00, 0x0A, 0xFE, 0x10, 0x7F, 0xF2, 0x00, 0x00, 0x00, 0x03, 0xFF, 0x80,
    0x7F, 0xF2, 0x00, 0x00, 0x00, 0x00, 0xAF, 0xE1, 0x00, 0x00, 0x00, 0x00, 0x00, 0x00, 0x00, 0x00,
    0x00, 0x00, 0x00, 0x00, 0x00, 0x00, 0x00, 0x00, 0x00, 0x00, 0x00, 0x1F, 0xF8, 0x00, 0x00, 0x00,
    0x00, 0x00, 0x00, 0x5F, 0xE1, 0x00, 0x00, 0x00, 0x00, 0x00, 0x00, 0x8F, 0x70, 0x00, 0x00, 0x00,
    0x00, 0x00, 0x00, 0xCE, 0x10, 0x00, 0x00, 0x00, 0x0A, 0xFB, 0x02, 0x9D, 0xFA, 0x0A, 0xFB, 0x4E,
    0xFF, 0xFA, 0x0A, 0xFC, 0xEA, 0x30, 0x00, 0x0A, 0xFF, 0xA0, 0x00, 0x00, 0x0A, 0xFF, 0x20, 0x00,
    0x00, 0x0A, 0xFD, 0x00, 0x00, 0x00, 0x0A, 0xFB, 0x00, 0x00, 0x00, 0x0A, 0xFB, 0x00, 0x00, 0x00,
    0x0A, 0xFB, 0x00, 0x00, 0x00, 0x0A, 0xFB, 0x00, 0x00, 0x00, 0x0A, 0xFB, 0x00, 0x00, 0x00, 0x0A,
    0xFB, 0x00, 0x00, 0x00, 0x0A, 0xFB, 0x00, 0x00, 0x00, 0x0A, 0xFB, 0x00, 0x00, 0x00, 0x00, 0x00,
    0x00, 0x00, 0x00, 0x00, 0x00, 0x00, 0x00, 0x00, 0x06, 0xFF, 0x20, 0x00, 0x00, 0x0A, 0xF9, 0x00,
    0x00, 0x00, 0x0E, 0xF2, 0x00, 0x00, 0x00, 0x3F, 0x80, 0x00, 0x00, 0x00, 0x00, 0x5F, 0x80, 0x05,
    0xF8, 0x00, 0x00, 0x00, 0x00, 0x07, 0xF8, 0x6F, 0x90, 0x00, 0x00, 0x00, 0x00, 0x00, 0x8F, 0xFB,
    0x00, 0x00, 0x00, 0x00, 0x00, 0x00, 0x00, 0x00, 0x00, 0x00, 0x00, 0x00, 0x00, 0x00, 0x00, 0x00,
    0x00, 0x00, 0x00, 0x00, 0x7F, 0xFF, 0xFF, 0xFE, 0xC8, 0x20, 0x00, 0x00, 0x7F, 0xFF, 0xFF, 0xFF,
    0xFF, 0xE5, 0x00, 0x00, 0x7F, 0xF2, 0x00, 0x02, 0x8F, 0xFE, 0x20, 0x00, 0x7F, 0xF2, 0x00, 0x00,
    0x07, 0xFF, 0x70, 0x00, 0x7F, 0xF2, 0x00, 0x00, 0x01, 0xFF, 0xB0, 0x00, 0x7F, 0xF2, 0x00, 0x00,
    0x00, 0xEF, 0xC0, 0x00, 0x7F, 0xF2, 0x00, 0x00, 0x01, 0xFF, 0xA0, 0x00, 0x7F, 0xF2, 0x00, 0x00,
    0x07, 0xFF, 0x60, 0x00, 0x7F, 0xF2, 0x00, 0x02, 0x8F, 0xFD, 0x10, 0x00, 0x7F, 0xFF, 0xFF, 0xFF,
    0xFF, 0xB2, 0x00, 0x00, 0x7F, 0xFF, 0xFF, 0xFF, 0xFD, 0x40, 0x00, 0x00, 0x7F, 0xF2, 0x00, 0x14,
    0xCF, 0xF4, 0x00, 0x00, 0x7F, 0xF2, 0x00, 0x00, 0x1C, 0xFE, 0x10, 0x00, 0x7F, 0xF2, 0x00, 0x00,
    0x03, 0xFF, 0x80, 0x00, 0x7F, 0xF2, 0x00, 0x00, 0x00, 0xAF, 0xE1, 0x00, 0x7F, 0xF2, 0x00, 0x00,
    0x00, 0x3F, 0xF8, 0x00, 0x7F, 0xF2, 0x00, 0x00, 0x00, 0x0A, 0xFE, 0x10, 0x7F, 0xF2, 0x00, 0x00,
    0x00, 0x03, 0xFF, 0x80, 0x7F, 0xF2, 0x00, 0x00, 0x00, 0x00, 0xAF, 0xE1, 0x0D, 0xD1, 0x00, 0x4F,
    0x90, 0x04, 0xF9, 0x01, 0xDE, 0x10, 0x00, 0xAF, 0x59, 0xF5, 0x00, 0x00, 0x1E, 0xEF, 0xB0, 0x00,
    0x00, 0x06, 0xFE, 0x20, 0x00, 0x00, 0x00, 0x00, 0x00, 0x00, 0x00, 0x00, 0x00, 0x00, 0x00, 0xAF,
    0xB0, 0x29, 0xDF, 0xA0, 0xAF, 0xB4, 0xEF, 0xFF, 0xA0, 0xAF, 0xCE, 0xA3, 0x00, 0x00, 0xAF, 0xFA,
    0x00, 0x00, 0x00, 0xAF, 0xF2, 0x00, 0x00, 0x00, 0xAF, 0xD0, 0x00, 0x00, 0x00, 0xAF, 0xB0, 0x00,
    0x00, 0x00, 0xAF, 0xB0, 0x00, 0x00, 0x00, 0xAF, 0xB0, 0x00, 0x00, 0x00, 0xAF, 0xB0, 0x00, 0x00,
    0x00, 0xAF, 0xB0, 0x00, 0x00, 0x00, 0xAF, 0xB0, 0x00, 0x00, 0x00, 0xAF, 0xB0, 0x00, 0x00, 0x00,
    0xAF, 0xB0, 0x00, 0x00, 0x00, 0x00, 0x00, 0x00, 0x05, 0xFD, 0x10, 0x00, 0x00, 0x00, 0x00, 0x00,
    0x3E, 0xD2, 0x00, 0x00, 0x00, 0x00, 0x00, 0x01, 0xDD, 0x20, 0x00, 0x00, 0x00, 0x00, 0x00, 0x00,
    0x00, 0x00, 0x00, 0x00, 0x00, 0x00, 0x00, 0x00, 0x00, 0x00, 0x00, 0x00, 0x00, 0x00, 0x03, 0x9C,
    0xEF, 0xDC, 0xA6, 0x20, 0x00, 0x00, 0x8F, 0xFF, 0xFF, 0xFF, 0xFF, 0xE0, 0x00, 0x07, 0xFF, 0xC5,
    0x20, 0x15, 0xAF, 0xE0, 0x00, 0x0E, 0xFC, 0x00, 0x00, 0x00, 0x02, 0xA0, 0x00, 0x3F, 0xF6, 0x00,
    0x00, 0x00, 0x00, 0x00, 0x00, 0x4F, 0xF5, 0x00, 0x00, 0x00, 0x00, 0x00, 0x00, 0x2F, 0xFA, 0x00,
    0x00, 0x00, 0x00, 0x00, 0x00, 0x0C, 0xFF, 0x93, 0x00, 0x00, 0x00, 0x00, 0x00, 0x02, 0xDF, 0xFF,
    0xEB, 0x85, 0x10, 0x00, 0x00, 0x00, 0x18, 0xEF, 0xFF, 0xFF, 0xE8, 0x10, 0x00, 0x00, 0x00, 0x03,
    0x69, 0xCF, 0xFF, 0xC1, 0x00, 0x00, 0x00, 0x00, 0x00, 0x02, 0xBF, 0xF9, 0x00, 0x00, 0x00, 0x00,
    0x00, 0x00, 0x1E, 0xFE, 0x00, 0x00, 0x00, 0x00, 0x00, 0x00, 0x0A, 0xFF, 0x10, 0x00, 0x00, 0x00,
    0x00, 0x00, 0x0B, 0xFF, 0x00, 0x39, 0x10, 0x00, 0x00, 0x00, 0x3F, 0xFB, 0x00, 0x3F, 0xFA, 0x52,
    0x01, 0x38, 0xEF, 0xF4, 0x00, 0x3F, 0xFF, 0xFF, 0xFF, 0xFF, 0xFE, 0x60, 0x00, 0x03, 0x6A, 0xCD,
    0xFF, 0xEB, 0x72, 0x00, 0x00, 0x00, 0x00, 0x00, 0x04, 0xFF, 0x40, 0x00, 0x00, 0x00, 0x1D, 0xF6,
    0x00, 0x00, 0x00, 0x00, 0xAF, 0x90, 0x00, 0x00, 0x00, 0x06, 0xFB, 0x00, 0x00, 0x00, 0x00, 0x2E,
    0xD1, 0x00, 0x00, 0x00, 0x00, 0x00, 0x00, 0x00, 0x00, 0x00, 0x00, 0x00, 0x00, 0x00, 0x00, 0x00,
    0x4A, 0xDF, 0xED, 0xA5, 0x10, 0x08, 0xFF, 0xFF, 0xFF, 0xFF, 0x80, 0x3F, 0xFA, 0x31, 0x12, 0x4A,
    0x70, 0x7F, 0xD0, 0x00, 0x00, 0x00, 0x00, 0x6F, 0xD0, 0x00, 0x00, 0x00, 0x00, 0x2F, 0xFB, 0x51,
    0x00, 0x00, 0x00, 0x07, 0xFF, 0xFF, 0xD9, 0x50, 0x00, 0x00, 0x28, 0xCF, 0xFF, 0xFD, 0x30, 0x00,
    0x00, 0x01, 0x48, 0xEF, 0xD0, 0x00, 0x00, 0x00, 0x00, 0x5F, 0xF3, 0x00, 0x00, 0x00, 0x00, 0x4F,
    0xF3, 0x8A, 0x63, 0x10, 0x15, 0xDF, 0xE0, 0x9F, 0xFF, 0xFF, 0xFF, 0xFE, 0x40, 0x15, 0x9C, 0xEF,
    0xEC, 0x81, 0x00, 0x00, 0x00, 0x04, 0xFF, 0xD2, 0x00, 0x00, 0x00, 0x00, 0x00, 0x3E, 0xC4, 0xEC,
    0x10, 0x00, 0x00, 0x00, 0x02, 0xEB, 0x10, 0x2D, 0xB0, 0x00, 0x00, 0x00, 0x00, 0x00, 0x00, 0x00,
    0x00, 0x00, 0x00, 0x00, 0x00, 0x00, 0x00, 0x00, 0x00, 0x00, 0x00, 0x00, 0x03, 0x9C, 0xEF, 0xDC,
    0xA6, 0x20, 0x00, 0x00, 0x8F, 0xFF, 0xFF, 0xFF, 0xFF, 0xE0, 0x00, 0x07, 0xFF, 0xC5, 0x20, 0x15,
    0xAF, 0xE0, 0x00, 0x0E, 0xFC, 0x00, 0x00, 0x00, 0x02, 0xA0, 0x00, 0x3F, 0xF6, 0x00, 0x00, 0x00,
    0x00, 0x00, 0x00, 0x4F, 0xF5, 0x00, 0x00, 0x00, 0x00, 0x00, 0x00, 0x2F, 0xFA, 0x00, 0x00, 0x00,
    0x00, 0x00, 0x00, 0x0C, 0xFF, 0x93, 0x00, 0x00, 0x00, 0x00, 0x00, 0x02, 0xDF, 0xFF, 0xEB, 0x85,
    0x10, 0x00, 0x00, 0x00, 0x18, 0xEF, 0xFF, 0xFF, 0xE8, 0x10, 0x00, 0x00, 0x00, 0x03, 0x69, 0xCF,
    0xFF, 0xC1, 0x00, 0x00, 0x00, 0x00, 0x00, 0x02, 0xBF, 0xF9, 0x00, 0x00, 0x00, 0x00, 0x00, 0x00,
    0x1E, 0xFE, 0x00, 0x00, 0x00, 0x00, 0x00, 0x00, 0x0A, 0xFF, 0x10, 0x00, 0x00, 0x00, 0x00, 0x00,
    0x0B, 0xFF, 0x00, 0x39, 0x10, 0x00, 0x00, 0x00, 0x3F, 0xFB, 0x00, 0x3F, 0xFA, 0x52, 0x01, 0x38,
    0xEF, 0xF4, 0x00, 0x3F, 0xFF, 0xFF, 0xFF, 0xFF, 0xFE, 0x60, 0x00, 0x03, 0x6A, 0xCD, 0xFF, 0xEB,
    0x72, 0x00, 0x00, 0x00, 0x00, 0x4F, 0xF3, 0x00, 0x00, 0x00, 0x01, 0xDF, 0xFC, 0x00, 0x00, 0x00,
    0x08, 0xF6, 0x7F, 0x70, 0x00, 0x00, 0x2F, 0xB0, 0x0C, 0xE2, 0x00, 0x00, 0xBE, 0x20, 0x02, 0xEB,
    0x00, 0x00, 0x00, 0x00, 0x00, 0x00, 0x00, 0x00, 0x00, 0x00, 0x00, 0x00, 0x00, 0x00, 0x4A, 0xDF,
    0xED, 0xA5, 0x10, 0x08, 0xFF, 0xFF, 0xFF, 0xFF, 0x80, 0x3F, 0xFA, 0x31, 0x12, 0x4A, 0x70, 0x7F,
    0xD0, 0x00, 0x00, 0x00, 0x00, 0x6F, 0xD0, 0x00, 0x00, 0x00, 0x00, 0x2F, 0xFB, 0x51, 0x00, 0x00,
    0x00, 0x07, 0xFF, 0xFF, 0xD9, 0x50, 0x00, 0x00, 0x28, 0xCF, 0xFF, 0xFD, 0x30, 0x00, 0x00, 0x01,
    0x48, 0xEF, 0xD0, 0x00, 0x00, 0x00, 0x00, 0x5F, 0xF3, 0x00, 0x00, 0x00, 0x00, 0x4F, 0xF3, 0x8A,
    0x63, 0x10, 0x15, 0xDF, 0xE0, 0x9F, 0xFF, 0xFF, 0xFF, 0xFE, 0x40, 0x15, 0x9C, 0xEF, 0xEC, 0x81,
    0x00, 0x00, 0x03, 0x9C, 0xEF, 0xDC, 0xA6, 0x20, 0x00, 0x00, 0x8F, 0xFF, 0xFF, 0xFF, 0xFF, 0xE0,
    0x00, 0x07, 0xFF, 0xC5, 0x20, 0x15, 0xAF, 0xE0, 0x00, 0x0E, 0xFC, 0x00, 0x00, 0x00, 0x02, 0xA0,
    0x00, 0x3F, 0xF6, 0x00, 0x00, 0x00, 0x00, 0x00, 0x00, 0x4F, 0xF5, 0x00, 0x00, 0x00, 0x00, 0x00,
    0x00, 0x2F, 0xFA, 0x00, 0x00, 0x00, 0x00, 0x00, 0x00, 0x0C, 0xFF, 0x93, 0x00, 0x00, 0x00, 0x00,
    0x00, 0x02, 0xDF, 0xFF, 0xEB, 0x85, 0x10, 0x00, 0x00, 0x00, 0x18, 0xEF, 0xFF, 0xFF, 0xE8, 0x10,
    0x00, 0x00, 0x00, 0x03, 0x69, 0xCF, 0xFF, 0xC1, 0x00, 0x00, 0x00, 0x00, 0x00, 0x02, 0xBF, 0xF9,
    0x00, 0x00, 0x00, 0x00, 0x00, 0x00, 0x1E, 0xFE, 0x00, 0x00, 0x00, 0x00, 0x00, 0x00, 0x0A, 0xFF,
    0x10, 0x00, 0x00, 0x00, 0x00, 0x00, 0x0B, 0xFF, 0x00, 0x39, 0x10, 0x00, 0x00, 0x00, 0x3F, 0xFB,
    0x00, 0x3F, 0xFA, 0x52, 0x01, 0x38, 0xEF, 0xF4, 0x00, 0x3F, 0xFF, 0xFF, 0xFF, 0xFF, 0xFE, 0x60,
    0x00, 0x03, 0x6A, 0xCD, 0xFF, 0xEB, 0x72, 0x00, 0x00, 0x00, 0x00, 0x00, 0x0C, 0xB0, 0x00, 0x00,
    0x00, 0x00, 0x00, 0x00, 0x03, 0xF6, 0x00, 0x00, 0x00, 0x00, 0x00, 0x00, 0x05, 0xFA, 0x00, 0x00,
    0x00, 0x00, 0x00, 0x8F, 0xFF, 0xF8, 0x00, 0x00, 0x00, 0x00, 0x00, 0x6D, 0xFE, 0x91, 0x00, 0x00,
    0x00, 0x00, 0x4A, 0xDF, 0xED, 0xA5, 0x10, 0x08, 0xFF, 0xFF, 0xFF, 0xFF, 0x80, 0x3F, 0xFA, 0x31,
    0x12, 0x4A, 0x70, 0x7F, 0xD0, 0x00, 0x00, 0x00, 0x00, 0x6F, 0xD0, 0x00, 0x00, 0x00, 0x00, 0x2F,
    0xFB, 0x51, 0x00, 0x00, 0x00, 0x07, 0xFF, 0xFF, 0xD9, 0x50, 0x00, 0x00, 0x28, 0xCF, 0xFF, 0xFD,
    0x30, 0x00, 0x00, 0x01, 0x48, 0xEF, 0xD0, 0x00, 0x00, 0x00, 0x00, 0x5F, 0xF3, 0x00, 0x00, 0x00,
    0x00, 0x4F, 0xF3, 0x8A, 0x63, 0x10, 0x15, 0xDF, 0xE0, 0x9F, 0xFF, 0xFF, 0xFF, 0xFE, 0x40, 0x15,
    0x9C, 0xEF, 0xEC, 0x81, 0x00, 0x00, 0x00, 0x04, 0xF4, 0x00, 0x00, 0x00, 0x00, 0x00, 0xAD, 0x00,
    0x00, 0x00, 0x00, 0x01, 0xBF, 0x30, 0x00, 0x00, 0x0F, 0xFF, 0xFF, 0x10, 0x00, 0x00, 0x0B, 0xEF,
    0xC5, 0x00, 0x00, 0x00, 0x03, 0xEA, 0x00, 0x3E, 0xA0, 0x00, 0x00, 0x00, 0x00, 0x4F, 0xB4, 0xEB,
    0x00, 0x00, 0x00, 0x00, 0x00, 0x06, 0xFF, 0xD1, 0x00, 0x00, 0x00, 0x00, 0x00, 0x00, 0x00, 0x00,
    0x00, 0x00, 0x00, 0x00, 0x00, 0x00, 0x00, 0x00, 0x00, 0x00, 0x00, 0x00, 0x03, 0x9C, 0xEF, 0xDC,
    0xA6, 0x20, 0x00, 0x00, 0x8F, 0xFF, 0xFF, 0xFF, 0xFF, 0xE0, 0x00, 0x07, 0xFF, 0xC5, 0x20, 0x15,
    0xAF, 0xE0, 0x00, 0x0E, 0xFC, 0x00, 0x00, 0x00, 0x02, 0xA0, 0x00, 0x3F, 0xF6, 0x00, 0x00, 0x00,
    0x00, 0x00, 0x00, 0x4F, 0xF5, 0x00, 0x00, 0x00, 0x00, 0x00, 0x00, 0x2F, 0xFA, 0x00, 0x00, 0x00,
    0x00, 0x00, 0x00, 0x0C, 0xFF, 0x93, 0x00, 0x00, 0x00, 0x00, 0x00, 0x02, 0xDF, 0xFF, 0xEB, 0x85,
    0x10, 0x00, 0x00, 0x00, 0x18, 0xEF, 0xFF, 0xFF, 0xE8, 0x10, 0x00, 0x00, 0x00, 0x03, 0x69, 0xCF,
    0xFF, 0xC1, 0x00, 0x00, 0x00, 0x00, 0x00, 0x02, 0xBF, 0xF9, 0x00, 0x00, 0x00, 0x00, 0x00, 0x00,
    0x1E, 0xFE, 0x00, 0x00, 0x00, 0x00, 0x00, 0x00, 0x0A, 0xFF, 0x10, 0x00, 0x00, 0x00, 0x00, 0x00,
    0x0B, 0xFF, 0x00, 0x39, 0x10, 0x00, 0x00, 0x00, 0x3F, 0xFB, 0x00, 0x3F, 0xFA, 0x52, 0x01, 0x38,
    0xEF, 0xF4, 0x00, 0x3F, 0xFF, 0xFF, 0xFF, 0xFF, 0xFE, 0x60, 0x00, 0x03, 0x6A, 0xCD, 0xFF, 0xEB,
    0x72, 0x00, 0x00, 0x00, 0xAE, 0x20, 0x01, 0xEC, 0x00, 0x00, 0x2E, 0xC0, 0x0B, 0xF3, 0x00, 0x00,
    0x07, 0xF8, 0x6F, 0x80, 0x00, 0x00, 0x00, 0xCF, 0xED, 0x10, 0x00, 0x00, 0x00, 0x3F, 0xF4, 0x00,
    0x00, 0x00, 0x00, 0x00, 0x00, 0x00, 0x00, 0x00, 0x00, 0x00, 0x00, 0x00, 0x00, 0x00, 0x4A, 0xDF,
    0xED, 0xA5, 0x10, 0x08, 0xFF, 0xFF, 0xFF, 0xFF, 0x80, 0x3F, 0xFA, 0x31, 0x12, 0x4A, 0x70, 0x7F,
    0xD0, 0x00, 0x00, 0x00, 0x00, 0x6F, 0xD0, 0x00, 0x00, 0x00, 0x00, 0x2F, 0xFB, 0x51, 0x00, 0x00,
    0x00, 0x07, 0xFF, 0xFF, 0xD9, 0x50, 0x00, 0x00, 0x28, 0xCF, 0xFF, 0xFD, 0x30, 0x00, 0x00, 0x01,
    0x48, 0xEF, 0xD0, 0x00, 0x00, 0x00, 0x00, 0x5F, 0xF3, 0x00, 0x00, 0x00, 0x00, 0x4F, 0xF3, 0x8A,
    0x63, 0x10, 0x15, 0xDF, 0xE0, 0x9F, 0xFF, 0xFF, 0xFF, 0xFE, 0x40, 0x15, 0x9C, 0xEF, 0xEC, 0x81,
    0x00, 0x1F, 0xFF, 0xFF, 0xFF, 0xFF, 0xFF, 0xFF, 0xFF, 0xE0, 0x1F, 0xFF, 0xFF, 0xFF, 0xFF, 0xFF,
    0xFF, 0xFF, 0xE0, 0x00, 0x00, 0x00, 0x05, 0xFF, 0x40, 0x00, 0x00, 0x00, 0x00, 0x00, 0x00, 0x05,
    0xFF, 0x40, 0x00, 0x00, 0x00, 0x00, 0x00, 0x00, 0x05, 0xFF, 0x40, 0x00, 0x00, 0x00, 0x00, 0x00,
    0x00, 0x05, 0xFF, 0x40, 0x00, 0x00, 0x00, 0x00, 0x00, 0x00, 0x05, 0xFF, 0x40, 0x00, 0x00, 0x00,
    0x00, 0x00, 0x00, 0x05, 0xFF, 0x40, 0x00, 0x00, 0x00, 0x00, 0x00, 0x00, 0x05, 0xFF, 0x40, 0x00,
    0x00, 0x00, 0x00, 0x00, 0x00, 0x05, 0xFF, 0x40, 0x00, 0x00, 0x00, 0x00, 0x00, 0x00, 0x05, 0xFF,
    0x40, 0x00, 0x00, 0x00, 0x00, 0x00, 0x00, 0x05, 0xFF, 0x40, 0x00, 0x00, 0x00, 0x00, 0x00, 0x00,
    0x05, 0xFF, 0x40, 0x00, 0x00, 0x00, 0x00, 0x00, 0x00, 0x05, 0xFF, 0x40, 0x00, 0x00, 0x00, 0x00,
    0x00, 0x00, 0x05, 0xFF, 0x40, 0x00, 0x00, 0x00, 0x00, 0x00, 0x00, 0x05, 0xFF, 0x40, 0x00, 0x00,
    0x00, 0x00, 0x00, 0x00, 0x05, 0xFF, 0x40, 0x00, 0x00, 0x00, 0x00, 0x00, 0x00, 0x05, 0xFF, 0x40,
    0x00, 0x00, 0x00, 0x00, 0x00, 0x00, 0x05, 0xFF, 0x40, 0x00, 0x00, 0x00, 0x00, 0x00, 0x00, 0x00,
    0x8D, 0x10, 0x00, 0x00, 0x00, 0x00, 0x00, 0x00, 0x00, 0x0E, 0x90, 0x00, 0x00, 0x00, 0x00, 0x00,
    0x00, 0x00, 0x3E, 0xE0, 0x00, 0x00, 0x00, 0x00, 0x00, 0x04, 0xFF, 0xFF, 0xC0, 0x00, 0x00, 0x00,
    0x00, 0x00, 0x03, 0xCF, 0xEB, 0x20, 0x00, 0x00, 0x00, 0x00, 0x9F, 0xC0, 0x00, 0x00, 0x00, 0x9F,
    0xC0, 0x00, 0x00, 0x00, 0x9F, 0xC0, 0x00, 0x00, 0x00, 0x9F, 0xC0, 0x00, 0x00, 0x4F, 0xFF, 0xFF,
    0xFF, 0xF9, 0x4F, 0xFF, 0xFF, 0xFF, 0xF9, 0x00, 0x9F, 0xC0, 0x00, 0x00, 0x00, 0x9F, 0xC0, 0x00,
    0x00, 0x00, 0x9F, 0xC0, 0x00, 0x00, 0x00, 0x9F, 0xC0, 0x00, 0x00, 0x00, 0x9F, 0xC0, 0x00, 0x00,
    0x00, 0x9F, 0xC0, 0x00, 0x00, 0x00, 0x9F, 0xC0, 0x00, 0x00, 0x00, 0x9F, 0xC0, 0x00, 0x00, 0x00,
    0x8F, 0xD0, 0x00, 0x00, 0x00, 0x5F, 0xF6, 0x10, 0x00, 0x00, 0x1D, 0xFF, 0xFF, 0xF9, 0x00, 0x02,
    0x9D, 0xFF, 0xF9, 0x00, 0x00, 0x01, 0xD9, 0x00, 0x00, 0x00, 0x00, 0x5F, 0x30, 0x00, 0x00, 0x00,
    0x7F, 0x80, 0x00, 0x0B, 0xFF, 0xFF, 0x60, 0x00, 0x07, 0xEF, 0xD8, 0x00, 0x00, 0x00, 0x07, 0xF6,
    0x00, 0x7F, 0x60, 0x00, 0x00, 0x00, 0x00, 0x00, 0x9F, 0x68, 0xF7, 0x00, 0x00, 0x00, 0x00, 0x00,
    0x00, 0x0A, 0xFF, 0x90, 0x00, 0x00, 0x00, 0x00, 0x00, 0x00, 0x00, 0x00, 0x00, 0x00, 0x00, 0x00,
    0x00, 0x00, 0x00, 0x00, 0x00, 0x00, 0x00, 0x00, 0x00, 0x1F, 0xFF, 0xFF, 0xFF, 0xFF, 0xFF, 0xFF,
    0xFF, 0xE0, 0x1F, 0xFF, 0xFF, 0xFF, 0xFF, 0xFF, 0xFF, 0xFF, 0xE0, 0x00, 0x00, 0x00, 0x05, 0xFF,
    0x40, 0x00, 0x00, 0x00, 0x00, 0x00, 0x00, 0x05, 0xFF, 0x40, 0x00, 0x00, 0x00, 0x00, 0x00, 0x00,
    0x05, 0xFF, 0x40, 0x00, 0x00, 0x00, 0x00, 0x00, 0x00, 0x05, 0xFF, 0x40, 0x00, 0x00, 0x00, 0x00,
    0x00, 0x00, 0x05, 0xFF, 0x40, 0x00, 0x00, 0x00, 0x00, 0x00, 0x00, 0x05, 0xFF, 0x40, 0x00, 0x00,
    0x00, 0x00, 0x00, 0x00, 0x05, 0xFF, 0x40, 0x00, 0x00, 0x00, 0x00, 0x00, 0x00, 0x05, 0xFF, 0x40,
    0x00, 0x00, 0x00, 0x00, 0x00, 0x00, 0x05, 0xFF, 0x40, 0x00, 0x00, 0x00, 0x00, 0x00, 0x00, 0x05,
    0xFF, 0x40, 0x00, 0x00, 0x00, 0x00, 0x00, 0x00, 0x05, 0xFF, 0x40, 0x00, 0x00, 0x00, 0x00, 0x00,
    0x00, 0x05, 0xFF, 0x40, 0x00, 0x00, 0x00, 0x00, 0x00, 0x00, 0x05, 0xFF, 0x40, 0x00, 0x00, 0x00,
    0x00, 0x00, 0x00, 0x05, 0xFF, 0x40, 0x00, 0x00, 0x00, 0x00, 0x00, 0x00, 0x05, 0xFF, 0x40, 0x00,
    0x00, 0x00, 0x00, 0x00, 0x00, 0x05, 0xFF, 0x40, 0x00, 0x00, 0x00, 0x00, 0x00, 0x00, 0x05, 0xFF,
    0x40, 0x00, 0x00, 0x00, 0x00, 0x00, 0x00, 0x0D, 0xF9, 0x00, 0x00, 0x00, 0x1F, 0xF4, 0x00, 0x00,
    0x00, 0x4F, 0xE0, 0x00, 0x9F, 0xC0, 0x7F, 0xA0, 0x00, 0x9F, 0xC0, 0x9F, 0x60, 0x00, 0x9F, 0xC0,
    0x00, 0x00, 0x00, 0x9F, 0xC0, 0x00, 0x00, 0x4F, 0xFF, 0xFF, 0xFF, 0xF9, 0x4F, 0xFF, 0xFF, 0xFF,
    0xF9, 0x00, 0x9F, 0xC0, 0x00, 0x00, 0x00, 0x9F, 0xC0, 0x00, 0x00, 0x00, 0x9F, 0xC0, 0x00, 0x00,
    0x00, 0x9F, 0xC0, 0x00, 0x00, 0x00, 0x9F, 0xC0, 0x00, 0x00, 0x00, 0x9F, 0xC0, 0x00, 0x00, 0x00,
    0x9F, 0xC0, 0x00, 0x00, 0x00, 0x9F, 0xC0, 0x00, 0x00, 0x00, 0x8F, 0xD0, 0x00, 0x00, 0x00, 0x5F,
    0xF6, 0x10, 0x00, 0x00, 0x1D, 0xFF, 0xFF, 0xF9, 0x00, 0x02, 0x9D, 0xFF, 0xF9, 0x1F, 0xFF, 0xFF,
    0xFF, 0xFF, 0xFF, 0xFF, 0xFF, 0xE0, 0x1F, 0xFF, 0xFF, 0xFF, 0xFF, 0xFF, 0xFF, 0xFF, 0xE0, 0x00,
    0x00, 0x00, 0x05, 0xFF, 0x40, 0x00, 0x00, 0x00, 0x00, 0x00, 0x00, 0x05, 0xFF, 0x40, 0x00, 0x00,
    0x00, 0x00, 0x00, 0x00, 0x05, 0xFF, 0x40, 0x00, 0x00, 0x00, 0x00, 0x00, 0x00, 0x05, 0xFF, 0x40,
    0x00, 0x00, 0x00, 0x00, 0x00, 0x00, 0x05, 0xFF, 0x40, 0x00, 0x00, 0x00, 0x00, 0x00, 0x00, 0x05,
    0xFF, 0x40, 0x00, 0x00, 0x00, 0x00, 0x00, 0x00, 0x05, 0xFF, 0x40, 0x00, 0x00, 0x00, 0x00, 0x00,
    0x00, 0x05, 0xFF, 0x40, 0x00, 0x00, 0x00, 0x00, 0x00, 0xBF, 0xFF, 0xFF, 0xFF, 0xF9, 0x00, 0x00,
    0x00, 0x00, 0xBF, 0xFF, 0xFF, 0xFF, 0xF9, 0x00, 0x00, 0x00, 0x00, 0x00, 0x05, 0xFF, 0x40, 0x00,
    0x00, 0x00, 0x00, 0x00, 0x00, 0x05, 0xFF, 0x40, 0x00, 0x00, 0x00, 0x00, 0x00, 0x00, 0x05, 0xFF,
    0x40, 0x00, 0x00, 0x00, 0x00, 0x00, 0x00, 0x05, 0xFF, 0x40, 0x00, 0x00, 0x00, 0x00, 0x00, 0x00,
    0x05, 0xFF, 0x40, 0x00, 0x00, 0x00, 0x00, 0x00, 0x00, 0x05, 0xFF, 0x40, 0x00, 0x00, 0x00, 0x00,
    0x00, 0x00, 0x05, 0xFF, 0x40, 0x00, 0x00, 0x00, 0x00, 0x9F, 0xC0, 0x00, 0x00, 0x00, 0x9F, 0xC0,
    0x00, 0x00, 0x00, 0x9F, 0xC0, 0x00, 0x00, 0x00, 0x9F, 0xC0, 0x00, 0x00, 0x4F, 0xFF, 0xFF, 0xFF,
    0xF9, 0x4F, 0xFF, 0xFF, 0xFF, 0xF9, 0x00, 0x9F, 0xC0, 0x00, 0x00, 0x00, 0x9F, 0xC0, 0x00, 0x00,
    0x00, 0x9F, 0xC0, 0x00, 0x00, 0x4F, 0xFF, 0xFF, 0xFF, 0xF9, 0x4F, 0xFF, 0xFF, 0xFF, 0xF9, 0x00,
    0x9F, 0xC0, 0x00, 0x00, 0x00, 0x9F, 0xC0, 0x00, 0x00, 0x00, 0x9F, 0xC0, 0x00, 0x00, 0x00, 0x8F,
    0xD0, 0x00, 0x00, 0x00, 0x6F, 0xF5, 0x10, 0x00, 0x00, 0x1E, 0xFF, 0xFF, 0xF9, 0x00, 0x02, 0x9D,
    0xFF, 0xF9, 0x00, 0x00, 0x9E, 0xE9, 0x32, 0xF9, 0x00, 0x00, 0x00, 0x05, 0xFF, 0xFF, 0xFF, 0xF5,
    0x00, 0x00, 0x00, 0x09, 0xF2, 0x39, 0xEE, 0x90, 0x00, 0x00, 0x00, 0x00, 0x00, 0x00, 0x00, 0x00,
    0x00, 0x00, 0x00, 0x00, 0x00, 0x00, 0x00, 0x00, 0x00, 0x00, 0xBF, 0xD0, 0x00, 0x00, 0x00, 0x00,
    0xCF, 0xC0, 0xBF, 0xD0, 0x00, 0x00, 0x00, 0x00, 0xCF, 0xC0, 0xBF, 0xD0, 0x00, 0x00, 0x00, 0x00,
    0xCF, 0xC0, 0xBF, 0xD0, 0x00, 0x00, 0x00, 0x00, 0xCF, 0xC0, 0xBF, 0xD0, 0x00, 0x00, 0x00, 0x00,
    0xCF, 0xC0, 0xBF, 0xD0, 0x00, 0x00, 0x00, 0x00, 0xCF, 0xC0, 0xBF, 0xD0, 0x00, 0x00, 0x00, 0x00,
    0xCF, 0xC0, 0xBF, 0xD0, 0x00, 0x00, 0x00, 0x00, 0xCF, 0xC0, 0xBF, 0xD0, 0x00, 0x00, 0x00, 0x00,
    0xCF, 0xC0, 0xBF, 0xD0, 0x00, 0x00, 0x00, 0x00, 0xCF, 0xC0, 0xBF, 0xD0, 0x00, 0x00, 0x00, 0x00,
    0xCF, 0xC0, 0xBF, 0xD0, 0x00, 0x00, 0x00, 0x00, 0xCF, 0xB0, 0xAF, 0xE0, 0x00, 0x00, 0x00, 0x00,
    0xDF, 0xB0, 0x9F, 0xF1, 0x00, 0x00, 0x00, 0x00, 0xFF, 0x90, 0x5F, 0xF5, 0x00, 0x00, 0x00, 0x04,
    0xFF, 0x60, 0x1E, 0xFC, 0x10, 0x00, 0x00, 0x0C, 0xFE, 0x10, 0x06, 0xFF, 0xC5, 0x10, 0x15, 0xCF,
    0xF6, 0x00, 0x00, 0x7F, 0xFF, 0xFF, 0xFF, 0xFF, 0x70, 0x00, 0x00, 0x02, 0x8C, 0xEF, 0xEC, 0x82,
    0x00, 0x00, 0x00, 0x1B, 0xE9, 0x00, 0x4F, 0x40, 0x00, 0x00, 0x8F, 0xFF, 0xA1, 0x8F, 0x30, 0x00,
    0x00, 0xDC, 0x16, 0xFF, 0xFD, 0x00, 0x00, 0x00, 0xF9, 0x00, 0x6E, 0xD4, 0x00, 0x00, 0x00, 0x00,
    0x00, 0x00, 0x00, 0x00, 0x00, 0x00, 0x00, 0x00, 0x00, 0x00, 0x00, 0x00, 0xCF, 0x80, 0x00, 0x00,
    0x03, 0xFF, 0x20, 0xCF, 0x80, 0x00, 0x00, 0x03, 0xFF, 0x20, 0xCF, 0x80, 0x00, 0x00, 0x03, 0xFF,
    0x20, 0xCF, 0x80, 0x00, 0x00, 0x03, 0xFF, 0x20, 0xCF, 0x80, 0x00, 0x00, 0x03, 0xFF, 0x20, 0xCF,
    0x80, 0x00, 0x00, 0x03, 0xFF, 0x20, 0xCF, 0x80, 0x00, 0x00, 0x03, 0xFF, 0x20, 0xCF, 0x80, 0x00,
    0x00, 0x03, 0xFF, 0x20, 0xBF, 0x90, 0x00, 0x00, 0x05, 0xFF, 0x20, 0xAF, 0xB0, 0x00, 0x00, 0x09,
    0xFF, 0x20, 0x7F, 0xF2, 0x00, 0x00, 0x3F, 0xFF, 0x20, 0x2F, 0xFC, 0x30, 0x16, 0xEA, 0xFF, 0x20,
    0x06, 0xFF, 0xFF, 0xFF, 0xA3, 0xFF, 0x20, 0x00, 0x4B, 0xEE, 0xC6, 0x03, 0xFF, 0x20, 0x00, 0x04,
    0xFF, 0xFF, 0xFF, 0xF5, 0x00, 0x00, 0x00, 0x04, 0xFF, 0xFF, 0xFF, 0xF5, 0x00, 0x00, 0x00, 0x00,
    0x00, 0x00, 0x00, 0x00, 0x00, 0x00, 0x00, 0x00, 0x00, 0x00, 0x00, 0x00, 0x00, 0x00, 0xBF, 0xD0,
    0x00, 0x00, 0x00, 0x00, 0xCF, 0xC0, 0xBF, 0xD0, 0x00, 0x00, 0x00, 0x00, 0xCF, 0xC0, 0xBF, 0xD0,
    0x00, 0x00, 0x00, 0x00, 0xCF, 0xC0, 0xBF, 0xD0, 0x00, 0x00, 0x00, 0x00, 0xCF, 0xC0, 0xBF, 0xD0,
    0x00, 0x00, 0x00, 0x00, 0xCF, 0xC0, 0xBF, 0xD0, 0x00, 0x00, 0x00, 0x00, 0xCF, 0xC0, 0xBF, 0xD0,
    0x00, 0x00, 0x00, 0x00, 0xCF, 0xC0, 0xBF, 0xD0, 0x00, 0x00, 0x00, 0x00, 0xCF, 0xC0, 0xBF, 0xD0,
    0x00, 0x00, 0x00, 0x00, 0xCF, 0xC0, 0xBF, 0xD0, 0x00, 0x00, 0x00, 0x00, 0xCF, 0xC0, 0xBF, 0xD0,
    0x00, 0x00, 0x00, 0x00, 0xCF, 0xC0, 0xBF, 0xD0, 0x00, 0x00, 0x00, 0x00, 0xCF, 0xB0, 0xAF, 0xE0,
    0x00, 0x00, 0x00, 0x00, 0xDF, 0xB0, 0x9F, 0xF1, 0x00, 0x00, 0x00, 0x00, 0xFF, 0x90, 0x5F, 0xF5,
    0x00, 0x00, 0x00, 0x04, 0xFF, 0x60, 0x1E, 0xFC, 0x10, 0x00, 0x00, 0x0C, 0xFE, 0x10, 0x06, 0xFF,
    0xC5, 0x10, 0x15, 0xCF, 0xF6, 0x00, 0x00, 0x7F, 0xFF, 0xFF, 0xFF, 0xFF, 0x70, 0x00, 0x00, 0x02,
    0x8C, 0xEF, 0xEC, 0x82, 0x00, 0x00, 0x00, 0xAF, 0xFF, 0xFF, 0xFE, 0x00, 0x00, 0x00, 0xAF, 0xFF,
    0xFF, 0xFE, 0x00, 0x00, 0x00, 0x00, 0x00, 0x00, 0x00, 0x00, 0x00, 0x00, 0x00, 0x00, 0x00, 0x00,
    0x00, 0x00, 0x00, 0x00, 0x00, 0x00, 0x00, 0x00, 0x00, 0xCF, 0x80, 0x00, 0x00, 0x03, 0xFF, 0x20,
    0xCF, 0x80, 0x00, 0x00, 0x03, 0xFF, 0x20, 0xCF, 0x80, 0x00, 0x00, 0x03, 0xFF, 0x20, 0xCF, 0x80,
    0x00, 0x00, 0x03, 0xFF, 0x20, 0xCF, 0x80, 0x00, 0x00, 0x03, 0xFF, 0x20, 0xCF, 0x80, 0x00, 0x00,
    0x03, 0xFF, 0x20, 0xCF, 0x80, 0x00, 0x00, 0x03, 0xFF, 0x20, 0xCF, 0x80, 0x00, 0x00, 0x03, 0xFF,
    0x20, 0xBF, 0x90, 0x00, 0x00, 0x05, 0xFF, 0x20, 0xAF, 0xB0, 0x00, 0x00, 0x09, 0xFF, 0x20, 0x7F,
    0xF2, 0x00, 0x00, 0x3F, 0xFF, 0x20, 0x2F, 0xFC, 0x30, 0x16, 0xEA, 0xFF, 0x20, 0x06, 0xFF, 0xFF,
    0xFF, 0xA3, 0xFF, 0x20, 0x00, 0x4B, 0xEE, 0xC6, 0x03, 0xFF, 0x20, 0x00, 0x05, 0xF8, 0x10, 0x18,
    0xF5, 0x00, 0x00, 0x00, 0x01, 0xDF, 0xFF, 0xFF, 0xD1, 0x00, 0x00, 0x00, 0x00, 0x29, 0xDF, 0xD9,
    0x20, 0x00, 0x00, 0x00, 0x00, 0x00, 0x00, 0x00, 0x00, 0x00, 0x00, 0x00, 0x00, 0x00, 0x00, 0x00,
    0x00, 0x00, 0x00, 0xBF, 0xD0, 0x00, 0x00, 0x00, 0x00, 0xCF, 0xC0, 0xBF, 0xD0, 0x00, 0x00, 0x00,
    0x00, 0xCF, 0xC0, 0xBF, 0xD0, 0x00, 0x00, 0x00, 0x00, 0xCF, 0xC0, 0xBF, 0xD0, 0x00, 0x00, 0x00,
    0x00, 0xCF, 0xC0, 0xBF, 0xD0, 0x00, 0x00, 0x00, 0x00, 0xCF, 0xC0, 0xBF, 0xD0, 0x00, 0x00, 0x00,
    0x00, 0xCF, 0xC0, 0xBF, 0xD0, 0x00, 0x00, 0x00, 0x00, 0xCF, 0xC0, 0xBF, 0xD0, 0x00, 0x00, 0x00,
    0x00, 0xCF, 0xC0, 0xBF, 0xD0, 0x00, 0x00, 0x00, 0x00, 0xCF, 0xC0, 0xBF, 0xD0, 0x00, 0x00, 0x00,
    0x00, 0xCF, 0xC0, 0xBF, 0xD0, 0x00, 0x00, 0x00, 0x00, 0xCF, 0xC0, 0xBF, 0xD0, 0x00, 0x00, 0x00,
    0x00, 0xCF, 0xB0, 0xAF, 0xE0, 0x00, 0x00, 0x00, 0x00, 0xDF, 0xB0, 0x9F, 0xF1, 0x00, 0x00, 0x00,
    0x00, 0xFF, 0x90, 0x5F, 0xF5, 0x00, 0x00, 0x00, 0x04, 0xFF, 0x60, 0x1E, 0xFC, 0x10, 0x00, 0x00,
    0x0C, 0xFE, 0x10, 0x06, 0xFF, 0xC5, 0x10, 0x15, 0xCF, 0xF6, 0x00, 0x00, 0x7F, 0xFF, 0xFF, 0xFF,
    0xFF, 0x70, 0x00, 0x00, 0x02, 0x8C, 0xEF, 0xEC, 0x82, 0x00, 0x00, 0x00, 0xBD, 0x00, 0x00, 0x8F,
    0x10, 0x00, 0x00, 0x8F, 0x81, 0x15, 0xEC, 0x00, 0x00, 0x00, 0x1E, 0xFF, 0xFF, 0xF5, 0x00, 0x00,
    0x00, 0x02, 0xAE, 0xEC, 0x50, 0x00, 0x00, 0x00, 0x00, 0x00, 0x00, 0x00, 0x00, 0x00, 0x00, 0x00,
    0x00, 0x00, 0x00, 0x00, 0x00, 0x00, 0x00, 0x00, 0x00, 0x00, 0x00, 0x00, 0xCF, 0x80, 0x00, 0x00,
    0x03, 0xFF, 0x20, 0xCF, 0x80, 0x00, 0x00, 0x03, 0xFF, 0x20, 0xCF, 0x80, 0x00, 0x00, 0x03, 0xFF,
    0x20, 0xCF, 0x80, 0x00, 0x00, 0x03, 0xFF, 0x20, 0xCF, 0x80, 0x00, 0x00, 0x03, 0xFF, 0x20, 0xCF,
    0x80, 0x00, 0x00, 0x03, 0xFF, 0x20, 0xCF, 0x80, 0x00, 0x00, 0x03, 0xFF, 0x20, 0xCF, 0x80, 0x00,
    0x00, 0x03, 0xFF, 0x20, 0xBF, 0x90, 0x00, 0x00, 0x05, 0xFF, 0x20, 0xAF, 0xB0, 0x00, 0x00, 0x09,
    0xFF, 0x20, 0x7F, 0xF2, 0x00, 0x00, 0x3F, 0xFF, 0x20, 0x2F, 0xFC, 0x30, 0x16, 0xEA, 0xFF, 0x20,
    0x06, 0xFF, 0xFF, 0xFF, 0xA3, 0xFF, 0x20, 0x00, 0x4B, 0xEE, 0xC6, 0x03, 0xFF, 0x20, 0x00, 0x00,
    0x05, 0xCF, 0xD6, 0x00, 0x00, 0x00, 0x00, 0x00, 0x4F, 0xFF, 0xFF, 0x60, 0x00, 0x00, 0x00, 0x00,
    0xBE, 0x41, 0x3E, 0xD0, 0x00, 0x00, 0x00, 0x00, 0xDA, 0x00, 0x09, 0xF0, 0x00, 0x00, 0x00, 0x00,
    0xBE, 0x40, 0x3E, 0xD0, 0x00, 0x00, 0xBF, 0xD0, 0x4F, 0xFF, 0xFF, 0x60, 0xCF, 0xC0, 0xBF, 0xD0,
    0x05, 0xCF, 0xD6, 0x00, 0xCF, 0xC0, 0xBF, 0xD0, 0x00, 0x00, 0x00, 0x00, 0xCF, 0xC0, 0xBF, 0xD0,
    0x00, 0x00, 0x00, 0x00, 0xCF, 0xC0, 0xBF, 0xD0, 0x00, 0x00, 0x00, 0x00, 0xCF, 0xC0, 0xBF, 0xD0,
    0x00, 0x00, 0x00, 0x00, 0xCF, 0xC0, 0xBF, 0xD0, 0x00, 0x00, 0x00, 0x00, 0xCF, 0xC0, 0xBF, 0xD0,
    0x00, 0x00, 0x00, 0x00, 0xCF, 0xC0, 0xBF, 0xD0, 0x00, 0x00, 0x00, 0x00, 0xCF, 0xC0, 0xBF, 0xD0,
    0x00, 0x00, 0x00, 0x00, 0xCF, 0xC0, 0xBF, 0xD0, 0x00, 0x00, 0x00, 0x00, 0xCF, 0xC0, 0xBF, 0xD0,
    0x00, 0x00, 0x00, 0x00, 0xCF, 0xB0, 0xAF, 0xE0, 0x00, 0x00, 0x00, 0x00, 0xDF, 0xB0, 0x9F, 0xF1,
    0x00, 0x00, 0x00, 0x00, 0xFF, 0x90, 0x5F, 0xF5, 0x00, 0x00, 0x00, 0x04, 0xFF, 0x60, 0x1E, 0xFC,
    0x10, 0x00, 0x00, 0x0C, 0xFE, 0x10, 0x06, 0xFF, 0xC5, 0x10, 0x15, 0xCF, 0xF6, 0x00, 0x00, 0x7F,
    0xFF, 0xFF, 0xFF, 0xFF, 0x70, 0x00, 0x00, 0x02, 0x8C, 0xEF, 0xEC, 0x82, 0x00, 0x00, 0x00, 0x01,
    0x9E, 0xEA, 0x20, 0x00, 0x00, 0x00, 0x0B, 0xFF, 0xFF, 0xD1, 0x00, 0x00, 0x00, 0x3F, 0xA2, 0x18,
    0xF6, 0x00, 0x00, 0x00, 0x5F, 0x30, 0x01, 0xF8, 0x00, 0x00, 0x00, 0x3F, 0xA1, 0x18, 0xF6, 0x00,
    0x00, 0x00, 0x0B, 0xFF, 0xFF, 0xD1, 0x00, 0x00, 0x00, 0x01, 0x9E, 0xEA, 0x20, 0x00, 0x00, 0x00,
    0x00, 0x00, 0x00, 0x00, 0x00, 0x00, 0xCF, 0x80, 0x00, 0x00, 0x03, 0xFF, 0x20, 0xCF, 0x80, 0x00,
    0x00, 0x03, 0xFF, 0x20, 0xCF, 0x80, 0x00, 0x00, 0x03, 0xFF, 0x20, 0xCF, 0x80, 0x00, 0x00, 0x03,
    0xFF, 0x20, 0xCF, 0x80, 0x00, 0x00, 0x03, 0xFF, 0x20, 0xCF, 0x80, 0x00, 0x00, 0x03, 0xFF, 0x20,
    0xCF, 0x80, 0x00, 0x00, 0x03, 0xFF, 0x20, 0xCF, 0x80, 0x00, 0x00, 0x03, 0xFF, 0x20, 0xBF, 0x90,
    0x00, 0x00, 0x05, 0xFF, 0x20, 0xAF, 0xB0, 0x00, 0x00, 0x09, 0xFF, 0x20, 0x7F, 0xF2, 0x00, 0x00,
    0x3F, 0xFF, 0x20, 0x2F, 0xFC, 0x30, 0x16, 0xEA, 0xFF, 0x20, 0x06, 0xFF, 0xFF, 0xFF, 0xA3, 0xFF,
    0x20, 0x00, 0x4B, 0xEE, 0xC6, 0x03, 0xFF, 0x20, 0x00, 0x00, 0x01, 0xDF, 0x50, 0xBF, 0x80, 0x00,
    0x00, 0x00, 0x0C, 0xF5, 0x09, 0xF9, 0x00, 0x00, 0x00, 0x00, 0xAF, 0x50, 0x6F, 0x90, 0x00, 0x00,
    0x00, 0x00, 0x00, 0x00, 0x00, 0x00, 0x00, 0x00, 0x00, 0x00, 0x00, 0x00, 0x00, 0x00, 0x00, 0x00,
    0xBF, 0xD0, 0x00, 0x00, 0x00, 0x00, 0xCF, 0xC0, 0xBF, 0xD0, 0x00, 0x00, 0x00, 0x00, 0xCF, 0xC0,
    0xBF, 0xD0, 0x00, 0x00, 0x00, 0x00, 0xCF, 0xC0, 0xBF, 0xD0, 0x00, 0x00, 0x00, 0x00, 0xCF, 0xC0,
    0xBF, 0xD0, 0x00, 0x00, 0x00, 0x00, 0xCF, 0xC0, 0xBF, 0xD0, 0x00, 0x00, 0x00, 0x00, 0xCF, 0xC0,
    0xBF, 0xD0, 0x00, 0x00, 0x00, 0x00, 0xCF, 0xC0, 0xBF, 0xD0, 0x00, 0x00, 0x00, 0x00, 0xCF, 0xC0,
    0xBF, 0xD0, 0x00, 0x00, 0x00, 0x00, 0xCF, 0xC0, 0xBF, 0xD0, 0x00, 0x00, 0x00, 0x00, 0xCF, 0xC0,
    0xBF, 0xD0, 0x00, 0x00, 0x00, 0x00, 0xCF, 0xC0, 0xBF, 0xD0, 0x00, 0x00, 0x00, 0x00, 0xCF, 0xB0,
    0xAF, 0xE0, 0x00, 0x00, 0x00, 0x00, 0xDF, 0xB0, 0x9F, 0xF1, 0x00, 0x00, 0x00, 0x00, 0xFF, 0x90,
    0x5F, 0xF5, 0x00, 0x00, 0x00, 0x04, 0xFF, 0x60, 0x1E, 0xFC, 0x10, 0x00, 0x00, 0x0C, 0xFE, 0x10,
    0x06, 0xFF, 0xC5, 0x10, 0x15, 0xCF, 0xF6, 0x00, 0x00, 0x7F, 0xFF, 0xFF, 0xFF, 0xFF, 0x70, 0x00,
    0x00, 0x02, 0x8C, 0xEF, 0xEC, 0x82, 0x00, 0x00, 0x00, 0x00, 0x08, 0xF9, 0x05, 0xFD, 0x00, 0x00,
    0x00, 0x1E, 0xE1, 0x0D, 0xF4, 0x00, 0x00, 0x00, 0x8F, 0x70, 0x6F, 0x90, 0x00, 0x00, 0x01, 0xED,
    0x00, 0xDE, 0x10, 0x00, 0x00, 0x07, 0xF5, 0x06, 0xF5, 0x00, 0x00, 0x00, 0x00, 0x00, 0x00, 0x00,
    0x00, 0x00, 0x00, 0x00, 0x00, 0x00, 0x00, 0x00, 0x00, 0xCF, 0x80, 0x00, 0x00, 0x03, 0xFF, 0x20,
    0xCF, 0x80, 0x00, 0x00, 0x03, 0xFF, 0x20, 0xCF, 0x80, 0x00, 0x00, 0x03, 0xFF, 0x20, 0xCF, 0x80,
    0x00, 0x00, 0x03, 0xFF, 0x20, 0xCF, 0x80, 0x00, 0x00, 0x03, 0xFF, 0x20, 0xCF, 0x80, 0x00, 0x00,
    0x03, 0xFF, 0x20, 0xCF, 0x80, 0x00, 0x00, 0x03, 0xFF, 0x20, 0xCF, 0x80, 0x00, 0x00, 0x03, 0xFF,
    0x20, 0xBF, 0x90, 0x00, 0x00, 0x05, 0xFF, 0x20, 0xAF, 0xB0, 0x00, 0x00, 0x09, 0xFF, 0x20, 0x7F,
    0xF2, 0x00, 0x00, 0x3F, 0xFF, 0x20, 0x2F, 0xFC, 0x30, 0x16, 0xEA, 0xFF, 0x20, 0x06, 0xFF, 0xFF,
    0xFF, 0xA3, 0xFF, 0x20, 0x00, 0x4B, 0xEE, 0xC6, 0x03, 0xFF, 0x20, 0xBF, 0xD0, 0x00, 0x00, 0x00,
    0x00, 0xCF, 0xC0, 0xBF, 0xD0, 0x00, 0x00, 0x00, 0x00, 0xCF, 0xC0, 0xBF, 0xD0, 0x00, 0x00, 0x00,
    0x00, 0xCF, 0xC0, 0xBF, 0xD0, 0x00, 0x00, 0x00, 0x00, 0xCF, 0xC0, 0xBF, 0xD0, 0x00, 0x00, 0x00,
    0x00, 0xCF, 0xC0, 0xBF, 0xD0, 0x00, 0x00, 0x00, 0x00, 0xCF, 0xC0, 0xBF, 0xD0, 0x00, 0x00, 0x00,
    0x00, 0xCF, 0xC0, 0xBF, 0xD0, 0x00, 0x00, 0x00, 0x00, 0xCF, 0xC0, 0xBF, 0xD0, 0x00, 0x00, 0x00,
    0x00, 0xCF, 0xC0, 0xBF, 0xD0, 0x00, 0x00, 0x00, 0x00, 0xCF, 0xC0, 0xBF, 0xD0, 0x00, 0x00, 0x00,
    0x00, 0xCF, 0xC0, 0xBF, 0xD0, 0x00, 0x00, 0x00, 0x00, 0xCF, 0xB0, 0xAF, 0xE0, 0x00, 0x00, 0x00,
    0x00, 0xDF, 0xB0, 0x9F, 0xF1, 0x00, 0x00, 0x00, 0x00, 0xFF, 0x90, 0x5F, 0xF5, 0x00, 0x00, 0x00,
    0x04, 0xFF, 0x60, 0x1E, 0xFC, 0x10, 0x00, 0x00, 0x0C, 0xFE, 0x10, 0x06, 0xFF, 0xC5, 0x10, 0x15,
    0xCF, 0xF6, 0x00, 0x00, 0x7F, 0xFF, 0xFF, 0xFF, 0xFF, 0x70, 0x00, 0x00, 0x02, 0x8C, 0xEF, 0xEC,
    0x82, 0x00, 0x00, 0x00, 0x00, 0x00, 0xAD, 0x10, 0x00, 0x00, 0x00, 0x00, 0x00, 0x04, 0xF4, 0x00,
    0x00, 0x00, 0x00, 0x00, 0x00, 0x09, 0xF6, 0x00, 0x00, 0x00, 0x00, 0x00, 0x00, 0x07, 0xFF, 0xFF,
    0x20, 0x00, 0x00, 0x00, 0x00, 0x01, 0x9E, 0xFD, 0x10, 0x00, 0x00, 0xCF, 0x80, 0x00, 0x00, 0x03,
    0xFF, 0x20, 0xCF, 0x80, 0x00, 0x00, 0x03, 0xFF, 0x20, 0xCF, 0x80, 0x00, 0x00, 0x03, 0xFF, 0x20,
    0xCF, 0x80, 0x00, 0x00, 0x03, 0xFF, 0x20, 0xCF, 0x80, 0x00, 0x00, 0x03, 0xFF, 0x20, 0xCF, 0x80,
    0x00, 0x00, 0x03, 0xFF, 0x20, 0xCF, 0x80, 0x00, 0x00, 0x03, 0xFF, 0x20, 0xCF, 0x80, 0x00, 0x00,
    0x03, 0xFF, 0x20, 0xBF, 0x90, 0x00, 0x00, 0x05, 0xFF, 0x20, 0xAF, 0xB0, 0x00, 0x00, 0x09, 0xFF,
    0x20, 0x7F, 0xF2, 0x00, 0x00, 0x3F, 0xFF, 0x20, 0x2F, 0xFC, 0x30, 0x16, 0xEA, 0xFF, 0x20, 0x06,
    0xFF, 0xFF, 0xFF, 0xA3, 0xFF, 0x20, 0x00, 0x4B, 0xEE, 0xC6, 0x03, 0xFF, 0x20, 0x00, 0x00, 0x00,
    0x00, 0x00, 0xCB, 0x00, 0x00, 0x00, 0x00, 0x00, 0x07, 0xF2, 0x00, 0x00, 0x00, 0x00, 0x00, 0x0B,
    0xF4, 0x00, 0x00, 0x00, 0x00, 0x00, 0x09, 0xFF, 0xFE, 0x00, 0x00, 0x00, 0x00, 0x02, 0xAE, 0xFB,
    0x00, 0x00, 0x00, 0x00, 0x00, 0x0B, 0xFF, 0x70, 0x00, 0x00, 0x00, 0x00, 0x00, 0x00, 0x00, 0x00,
    0x00, 0x00, 0xAF, 0x59, 0xF6, 0x00, 0x00, 0x00, 0x00, 0x00, 0x00, 0x00, 0x00, 0x00, 0x09, 0xF5,
    0x00, 0x8F, 0x40, 0x00, 0x00, 0x00, 0x00, 0x00, 0x00, 0x00, 0x00, 0x00, 0x00, 0x00, 0x00, 0x00,
    0x00, 0x00, 0x00, 0x00, 0x00, 0x00, 0x00, 0x00, 0x00, 0x00, 0x00, 0x00, 0x00, 0x00, 0x00, 0x00,
    0x00, 0x1F, 0xF9, 0x00, 0x00, 0x00, 0x0B, 0xFF, 0x60, 0x00, 0x00, 0x00, 0xDF, 0xB0, 0x0C, 0xFC,
    0x00, 0x00, 0x00, 0x0E, 0xFF, 0xA0, 0x00, 0x00, 0x02, 0xFF, 0x70, 0x08, 0xFF, 0x10, 0x00, 0x00,
    0x3F, 0xEF, 0xE0, 0x00, 0x00, 0x06, 0xFF, 0x30, 0x04, 0xFF, 0x50, 0x00, 0x00, 0x7F, 0x9D, 0xF2,
    0x00, 0x00, 0x09, 0xFE, 0x00, 0x01, 0xFF, 0x90, 0x00, 0x00, 0xBF, 0x6A, 0xF6, 0x00, 0x00, 0x0D,
    0xFB, 0x00, 0x00, 0xCF, 0xC0, 0x00, 0x00, 0xEF, 0x26, 0xFA, 0x00, 0x00, 0x2F, 0xF7, 0x00, 0x00,
    0x8F, 0xF1, 0x00, 0x03, 0xFD, 0x02, 0xFE, 0x00, 0x00, 0x5F, 0xF3, 0x00, 0x00, 0x4F, 0xF5, 0x00,
    0x07, 0xFA, 0x00, 0xEF, 0x20, 0x00, 0x9F, 0xE0, 0x00, 0x00, 0x1F, 0xF8, 0x00, 0x0A, 0xF6, 0x00,
    0xAF, 0x60, 0x00, 0xDF, 0xB0, 0x00, 0x00, 0x0C, 0xFC, 0x00, 0x0E, 0xF2, 0x00, 0x6F, 0xA0, 0x01,
    0xFF, 0x70, 0x00, 0x00, 0x08, 0xFF, 0x10, 0x3F, 0xE0, 0x00, 0x3F, 0xE0, 0x05, 0xFF, 0x30, 0x00,
    0x00, 0x04, 0xFF, 0x50, 0x7F, 0xA0, 0x00, 0x0E, 0xF2, 0x09, 0xFE, 0x00, 0x00, 0x00, 0x01, 0xFF,
    0x80, 0xAF, 0x60, 0x00, 0x0B, 0xF6, 0x0D, 0xFB, 0x00, 0x00, 0x00, 0x00, 0xCF, 0xC0, 0xEF, 0x30,
    0x00, 0x07, 0xFA, 0x1F, 0xF7, 0x00, 0x00, 0x00, 0x00, 0x8F, 0xF4, 0xFE, 0x00, 0x00, 0x03, 0xFD,
    0x5F, 0xF3, 0x00, 0x00, 0x00, 0x00, 0x4F, 0xFB, 0xFA, 0x00, 0x00, 0x00, 0xEF, 0xBF, 0xE0, 0x00,
    0x00, 0x00, 0x00, 0x1F, 0xFF, 0xF7, 0x00, 0x00, 0x00, 0xBF, 0xFF, 0xB0, 0x00, 0x00, 0x00, 0x00,
    0x0C, 0xFF, 0xF3, 0x00, 0x00, 0x00, 0x7F, 0xFF, 0x70, 0x00, 0x00, 0x00, 0x00, 0x08, 0xFF, 0xE0,
    0x00, 0x00, 0x00, 0x4F, 0xFF, 0x30, 0x00, 0x00, 0x00, 0x00, 0x00, 0x00, 0x9F, 0xD0, 0x00, 0x00,
    0x00, 0x00, 0x00, 0x00, 0x00, 0x04, 0xFE, 0xF7, 0x00, 0x00, 0x00, 0x00, 0x00, 0x00, 0x00, 0x0D,
    0xE2, 0xCF, 0x20, 0x00, 0x00, 0x00, 0x00, 0x00, 0x00, 0x7F, 0x60, 0x3F, 0xB0, 0x00, 0x00, 0x00,
    0x00, 0x00, 0x02, 0xFA, 0x00, 0x07, 0xF5, 0x00, 0x00, 0x00, 0x00, 0x00, 0x00, 0x00, 0x00, 0x00,
    0x00, 0x00, 0x00, 0x00, 0x00, 0x00, 0x00, 0x00, 0x00, 0x00, 0x00, 0x00, 0x00, 0x00, 0xCF, 0x80,
    0x00, 0x00, 0xDF, 0xF2, 0x00, 0x00, 0x4F, 0xF1, 0x8F, 0xC0, 0x00, 0x02, 0xFF, 0xF6, 0x00, 0x00,
    0x8F, 0xC0, 0x4F, 0xF1, 0x00, 0x06, 0xFE, 0xFA, 0x00, 0x00, 0xCF, 0x80, 0x0E, 0xF5, 0x00, 0x0A,
    0xF7, 0xFE, 0x00, 0x01, 0xFF, 0x40, 0x0B, 0xF9, 0x00, 0x0E, 0xF2, 0xDF, 0x30, 0x05, 0xFE, 0x00,
    0x07, 0xFD, 0x00, 0x3F, 0xD0, 0x9F, 0x70, 0x09, 0xFB, 0x00, 0x03, 0xFF, 0x20, 0x7F, 0x90, 0x5F,
    0xB0, 0x0D, 0xF7, 0x00, 0x00, 0xEF, 0x60, 0xBF, 0x50, 0x1F, 0xF1, 0x2F, 0xF3, 0x00, 0x00, 0xAF,
    0xA1, 0xFF, 0x10, 0x0C, 0xF4, 0x6F, 0xE0, 0x00, 0x00, 0x6F, 0xE4, 0xFC, 0x00, 0x08, 0xF8, 0xAF,
    0xA0, 0x00, 0x00, 0x2F, 0xFC, 0xF8, 0x00, 0x04, 0xFD, 0xEF, 0x60, 0x00, 0x00, 0x0D, 0xFF, 0xF3,
    0x00, 0x00, 0xEF, 0xFF, 0x20, 0x00, 0x00, 0x09, 0xFF, 0xE0, 0x00, 0x00, 0xBF, 0xFD, 0x00, 0x00,
    0x00, 0x05, 0xFF, 0xA0, 0x00, 0x00, 0x6F, 0xF9, 0x00, 0x00, 0x00, 0x00, 0x00, 0xAF, 0xF9, 0x00,
    0x00, 0x00, 0x00, 0x00, 0x09, 0xF6, 0x8F, 0x70, 0x00, 0x00, 0x00, 0x00, 0x7F, 0x60, 0x07, 0xF6,
    0x00, 0x00, 0x00, 0x00, 0x00, 0x00, 0x00, 0x00, 0x00, 0x00, 0x00, 0x00, 0x00, 0x00, 0x00, 0x00,
    0x00, 0x00, 0xBF, 0xE2, 0x00, 0x00, 0x00, 0x00, 0x3F, 0xF9, 0x2E, 0xFB, 0x00, 0x00, 0x00, 0x00,
    0xCF, 0xD1, 0x05, 0xFF, 0x60, 0x00, 0x00, 0x08, 0xFF, 0x40, 0x00, 0xAF, 0xE2, 0x00, 0x00, 0x3F,
    0xF9, 0x00, 0x00, 0x1E, 0xFB, 0x00, 0x00, 0xCF, 0xD1, 0x00, 0x00, 0x05, 0xFF, 0x60, 0x08, 0xFF,
    0x40, 0x00, 0x00, 0x00, 0xAF, 0xE2, 0x3F, 0xF8, 0x00, 0x00, 0x00, 0x00, 0x1E, 0xFB, 0xCF, 0xD1,
    0x00, 0x00, 0x00, 0x00, 0x05, 0xFF, 0xFF, 0x30, 0x00, 0x00, 0x00, 0x00, 0x00, 0xAF, 0xF8, 0x00,
    0x00, 0x00, 0x00, 0x00, 0x00, 0x5F, 0xF4, 0x00, 0x00, 0x00, 0x00, 0x00, 0x00, 0x5F, 0xF4, 0x00,
    0x00, 0x00, 0x00, 0x00, 0x00, 0x5F, 0xF4, 0x00, 0x00, 0x00, 0x00, 0x00, 0x00, 0x5F, 0xF4, 0x00,
    0x00, 0x00, 0x00, 0x00, 0x00, 0x5F, 0xF4, 0x00, 0x00, 0x00, 0x00, 0x00, 0x00, 0x5F, 0xF4, 0x00,
    0x00, 0x00, 0x00, 0x00, 0x00, 0x5F, 0xF4, 0x00, 0x00, 0x00, 0x00, 0x00, 0x00, 0x5F, 0xF4, 0x00,
    0x00, 0x00, 0x00, 0x00, 0x00, 0x5F, 0xF4, 0x00, 0x00, 0x00, 0x00, 0x00, 0x00, 0x8F, 0xD1, 0x00,
    0x00, 0x00, 0x00, 0x00, 0x03, 0xFE, 0xF8, 0x00, 0x00, 0x00, 0x00, 0x00, 0x0C, 0xF3, 0xCF, 0x30,
    0x00, 0x00, 0x00, 0x00, 0x6F, 0x70, 0x2E, 0xC0, 0x00, 0x00, 0x00, 0x02, 0xEB, 0x00, 0x06, 0xF6,
    0x00, 0x00, 0x00, 0x00, 0x00, 0x00, 0x00, 0x00, 0x00, 0x00, 0x00, 0x00, 0x00, 0x00, 0x00, 0x00,
    0x00, 0x00, 0x1E, 0xF7, 0x00, 0x00, 0x00, 0x01, 0xFF, 0x60, 0x09, 0xFD, 0x00, 0x00, 0x00, 0x07,
    0xFE, 0x10, 0x03, 0xFF, 0x40, 0x00, 0x00, 0x0D, 0xF8, 0x00, 0x00, 0xBF, 0xA0, 0x00, 0x00, 0x4F,
    0xF2, 0x00, 0x00, 0x5F, 0xF1, 0x00, 0x00, 0xAF, 0xB0, 0x00, 0x00, 0x0D, 0xF7, 0x00, 0x02, 0xFF,
    0x50, 0x00, 0x00, 0x07, 0xFD, 0x00, 0x08, 0xFD, 0x00, 0x00, 0x00, 0x01, 0xFF, 0x40, 0x0D, 0xF7,
    0x00, 0x00, 0x00, 0x00, 0xAF, 0xA0, 0x5F, 0xF1, 0x00, 0x00, 0x00, 0x00, 0x3F, 0xF2, 0xBF, 0xA0,
    0x00, 0x00, 0x00, 0x00, 0x0C, 0xFA, 0xFF, 0x30, 0x00, 0x00, 0x00, 0x00, 0x06, 0xFF, 0xFC, 0x00,
    0x00, 0x00, 0x00, 0x00, 0x01, 0xEF, 0xF6, 0x00, 0x00, 0x00, 0x00, 0x00, 0x00, 0x9F, 0xE1, 0x00,
    0x00, 0x00, 0x00, 0x00, 0x00, 0xCF, 0x80, 0x00, 0x00, 0x00, 0x00, 0x00, 0x04, 0xFF, 0x20, 0x00,
    0x00, 0x00, 0x00, 0x00, 0x3D, 0xFA, 0x00, 0x00, 0x00, 0x00, 0x00, 0xEF, 0xFF, 0xE2, 0x00, 0x00,
    0x00, 0x00, 0x00, 0xEF, 0xEB, 0x30, 0x00, 0x00, 0x00, 0x00, 0x00, 0x00, 0xCF, 0xC0, 0x0D, 0xFB,
    0x00, 0x00, 0x00, 0x00, 0xCF, 0xC0, 0x0D, 0xFB, 0x00, 0x00, 0x00, 0x00, 0xCF, 0xC0, 0x0D, 0xFB,
    0x00, 0x00, 0x00, 0x00, 0x00, 0x00, 0x00, 0x00, 0x00, 0x00, 0x00, 0x00, 0x00, 0x00, 0x00, 0x00,
    0x00, 0x00, 0xBF, 0xE2, 0x00, 0x00, 0x00, 0x00, 0x3F, 0xF9, 0x2E, 0xFB, 0x00, 0x00, 0x00, 0x00,
    0xCF, 0xD1, 0x05, 0xFF, 0x60, 0x00, 0x00, 0x08, 0xFF, 0x40, 0x00, 0xAF, 0xE2, 0x00, 0x00, 0x3F,
    0xF9, 0x00, 0x00, 0x1E, 0xFB, 0x00, 0x00, 0xCF, 0xD1, 0x00, 0x00, 0x05, 0xFF, 0x60, 0x08, 0xFF,
    0x40, 0x00, 0x00, 0x00, 0xAF, 0xE2, 0x3F, 0xF8, 0x00, 0x00, 0x00, 0x00, 0x1E, 0xFB, 0xCF, 0xD1,
    0x00, 0x00, 0x00, 0x00, 0x05, 0xFF, 0xFF, 0x30, 0x00, 0x00, 0x00, 0x00, 0x00, 0xAF, 0xF8, 0x00,
    0x00, 0x00, 0x00, 0x00, 0x00, 0x5F, 0xF4, 0x00, 0x00, 0x00, 0x00, 0x00, 0x00, 0x5F, 0xF4, 0x00,
    0x00, 0x00, 0x00, 0x00, 0x00, 0x5F, 0xF4, 0x00, 0x00, 0x00, 0x00, 0x00, 0x00, 0x5F, 0xF4, 0x00,
    0x00, 0x00, 0x00, 0x00, 0x00, 0x5F, 0xF4, 0x00, 0x00, 0x00, 0x00, 0x00, 0x00, 0x5F, 0xF4, 0x00,
    0x00, 0x00, 0x00, 0x00, 0x00, 0x5F, 0xF4, 0x00, 0x00, 0x00, 0x00, 0x00, 0x00, 0x5F, 0xF4, 0x00,
    0x00, 0x00, 0x00, 0x00, 0x00, 0x5F, 0xF4, 0x00, 0x00, 0x00, 0x00, 0x00, 0x00, 0x05, 0xFD, 0x10,
    0x00, 0x00, 0x00, 0x00, 0x00, 0x3E, 0xD2, 0x00, 0x00, 0x00, 0x00, 0x00, 0x01, 0xDD, 0x20, 0x00,
    0x00, 0x00, 0x00, 0x00, 0x00, 0x00, 0x00, 0x00, 0x00, 0x00, 0x00, 0x00, 0x00, 0x00, 0x00, 0x00,
    0x00, 0x00, 0x8F, 0xFF, 0xFF, 0xFF, 0xFF, 0xFF, 0xFF, 0xF5, 0x8F, 0xFF, 0xFF, 0xFF, 0xFF, 0xFF,
    0xFF, 0xF5, 0x00, 0x00, 0x00, 0x00, 0x00, 0x04, 0xFF, 0xD1, 0x00, 0x00, 0x00, 0x00, 0x00, 0x2E,
    0xFE, 0x30, 0x00, 0x00, 0x00, 0x00, 0x01, 0xCF, 0xF5, 0x00, 0x00, 0x00, 0x00, 0x00, 0x0A, 0xFF,
    0x80, 0x00, 0x00, 0x00, 0x00, 0x00, 0x7F, 0xFB, 0x00, 0x00, 0x00, 0x00, 0x00, 0x04, 0xFF, 0xD1,
    0x00, 0x00, 0x00, 0x00, 0x00, 0x2E, 0xFE, 0x30, 0x00, 0x00, 0x00, 0x00, 0x00, 0xCF, 0xF5, 0x00,
    0x00, 0x00, 0x00, 0x00, 0x09, 0xFF, 0x80, 0x00, 0x00, 0x00, 0x00, 0x00, 0x6F, 0xFB, 0x00, 0x00,
    0x00, 0x00, 0x00, 0x04, 0xFF, 0xD1, 0x00, 0x00, 0x00, 0x00, 0x00, 0x2E, 0xFF, 0x30, 0x00, 0x00,
    0x00, 0x00, 0x00, 0xCF, 0xF6, 0x00, 0x00, 0x00, 0x00, 0x00, 0x09, 0xFF, 0x90, 0x00, 0x00, 0x00,
    0x00, 0x00, 0x6F, 0xFB, 0x00, 0x00, 0x00, 0x00, 0x00, 0x00, 0xCF, 0xFF, 0xFF, 0xFF, 0xFF, 0xFF,
    0xFF, 0xFA, 0xCF, 0xFF, 0xFF, 0xFF, 0xFF, 0xFF, 0xFF, 0xFA, 0x00, 0x00, 0x00, 0x04, 0xFF, 0x40,
    0x00, 0x00, 0x00, 0x1D, 0xF6, 0x00, 0x00, 0x00, 0x00, 0xAF, 0x90, 0x00, 0x00, 0x00, 0x06, 0xFB,
    0x00, 0x00, 0x00, 0x00, 0x2E, 0xD1, 0x00, 0x00, 0x00, 0x00, 0x00, 0x00, 0x00, 0x00, 0x00, 0x00,
    0x00, 0x00, 0x00, 0x00, 0x8F, 0xFF, 0xFF, 0xFF, 0xFF, 0xF8, 0x8F, 0xFF, 0xFF, 0xFF, 0xFF, 0xF8,
    0x00, 0x00, 0x00, 0x00, 0x8F, 0xE3, 0x00, 0x00, 0x00, 0x06, 0xFF, 0x40, 0x00, 0x00, 0x00, 0x5F,
    0xF6, 0x00, 0x00, 0x00, 0x03, 0xEF, 0x80, 0x00, 0x00, 0x00, 0x2E, 0xF9, 0x00, 0x00, 0x00, 0x01,
    0xDF, 0xB0, 0x00, 0x00, 0x00, 0x1C, 0xFC, 0x10, 0x00, 0x00, 0x00, 0xBF, 0xD1, 0x00, 0x00, 0x00,
    0x09, 0xFE, 0x20, 0x00, 0x00, 0x00, 0x8F, 0xF3, 0x00, 0x00, 0x00, 0x00, 0xDF, 0xFF, 0xFF, 0xFF,
    0xFF, 0xF8, 0xDF, 0xFF, 0xFF, 0xFF, 0xFF, 0xF8, 0x00, 0x00, 0x00, 0x6F, 0xF3, 0x00, 0x00, 0x00,
    0x00, 0x00, 0x00, 0x6F, 0xF3, 0x00, 0x00, 0x00, 0x00, 0x00, 0x00, 0x6F, 0xF3, 0x00, 0x00, 0x00,
    0x00, 0x00, 0x00, 0x00, 0x00, 0x00, 0x00, 0x00, 0x00, 0x00, 0x00, 0x00, 0x00, 0x00, 0x00, 0x00,
    0x8F, 0xFF, 0xFF, 0xFF, 0xFF, 0xFF, 0xFF, 0xF5, 0x8F, 0xFF, 0xFF, 0xFF, 0xFF, 0xFF, 0xFF, 0xF5,
    0x00, 0x00, 0x00, 0x00, 0x00, 0x04, 0xFF, 0xD1, 0x00, 0x00, 0x00, 0x00, 0x00, 0x2E, 0xFE, 0x30,
    0x00, 0x00, 0x00, 0x00, 0x01, 0xCF, 0xF5, 0x00, 0x00, 0x00, 0x00, 0x00, 0x0A, 0xFF, 0x80, 0x00,
    0x00, 0x00, 0x00, 0x00, 0x7F, 0xFB, 0x00, 0x00, 0x00, 0x00, 0x00, 0x04, 0xFF, 0xD1, 0x00, 0x00,
    0x00, 0x00, 0x00, 0x2E, 0xFE, 0x30, 0x00, 0x00, 0x00, 0x00, 0x00, 0xCF, 0xF5, 0x00, 0x00, 0x00,
    0x00, 0x00, 0x09, 0xFF, 0x80, 0x00, 0x00, 0x00, 0x00, 0x00, 0x6F, 0xFB, 0x00, 0x00, 0x00, 0x00,
    0x00, 0x04, 0xFF, 0xD1, 0x00, 0x00, 0x00, 0x00, 0x00, 0x2E, 0xFF, 0x30, 0x00, 0x00, 0x00, 0x00,
    0x00, 0xCF, 0xF6, 0x00, 0x00, 0x00, 0x00, 0x00, 0x09, 0xFF, 0x90, 0x00, 0x00, 0x00, 0x00, 0x00,
    0x6F, 0xFB, 0x00, 0x00, 0x00, 0x00, 0x00, 0x00, 0xCF, 0xFF, 0xFF, 0xFF, 0xFF, 0xFF, 0xFF, 0xFA,
    0xCF, 0xFF, 0xFF, 0xFF, 0xFF, 0xFF, 0xFF, 0xFA, 0x00, 0x00, 0x6F, 0xE0, 0x00, 0x00, 0x00, 0x00,
    0x6F, 0xE0, 0x00, 0x00, 0x00, 0x00, 0x6F, 0xE0, 0x00, 0x00, 0x00, 0x00, 0x00, 0x00, 0x00, 0x00,
    0x00, 0x00, 0x00, 0x00, 0x00, 0x00, 0x00, 0x00, 0x00, 0x00, 0x00, 0x00, 0x8F, 0xFF, 0xFF, 0xFF,
    0xFF, 0xF8, 0x8F, 0xFF, 0xFF, 0xFF, 0xFF, 0xF8, 0x00, 0x00, 0x00, 0x00, 0x8F, 0xE3, 0x00, 0x00,
    0x00, 0x06, 0xFF, 0x40, 0x00, 0x00, 0x00, 0x5F, 0xF6, 0x00, 0x00, 0x00, 0x03, 0xEF, 0x80, 0x00,
    0x00, 0x00, 0x2E, 0xF9, 0x00, 0x00, 0x00, 0x01, 0xDF, 0xB0, 0x00, 0x00, 0x00, 0x1C, 0xFC, 0x10,
    0x00, 0x00, 0x00, 0xBF, 0xD1, 0x00, 0x00, 0x00, 0x09, 0xFE, 0x20, 0x00, 0x00, 0x00, 0x8F, 0xF3,
    0x00, 0x00, 0x00, 0x00, 0xDF, 0xFF, 0xFF, 0xFF, 0xFF, 0xF8, 0xDF, 0xFF, 0xFF, 0xFF, 0xFF, 0xF8,
    0x00, 0x00, 0x8F, 0x50, 0x08, 0xF5, 0x00, 0x00, 0x00, 0x00, 0x09, 0xF6, 0x8F, 0x70, 0x00, 0x00,
    0x00, 0x00, 0x00, 0xBF, 0xF8, 0x00, 0x00, 0x00, 0x00, 0x00, 0x00, 0x00, 0x00, 0x00, 0x00, 0x00,
    0x00, 0x00, 0x00, 0x00, 0x00, 0x00, 0x00, 0x00, 0x8F, 0xFF, 0xFF, 0xFF, 0xFF, 0xFF, 0xFF, 0xF5,
    0x8F, 0xFF, 0xFF, 0xFF, 0xFF, 0xFF, 0xFF, 0xF5, 0x00, 0x00, 0x00, 0x00, 0x00, 0x04, 0xFF, 0xD1,
    0x00, 0x00, 0x00, 0x00, 0x00, 0x2E, 0xFE, 0x30, 0x00, 0x00, 0x00, 0x00, 0x01, 0xCF, 0xF5, 0x00,
    0x00, 0x00, 0x00, 0x00, 0x0A, 0xFF, 0x80, 0x00, 0x00, 0x00, 0x00, 0x00, 0x7F, 0xFB, 0x00, 0x00,
    0x00, 0x00, 0x00, 0x04, 0xFF, 0xD1, 0x00, 0x00, 0x00, 0x00, 0x00, 0x2E, 0xFE, 0x30, 0x00, 0x00,
    0x00, 0x00, 0x00, 0xCF, 0xF5, 0x00, 0x00, 0x00, 0x00, 0x00, 0x09, 0xFF, 0x80, 0x00, 0x00, 0x00,
    0x00, 0x00, 0x6F, 0xFB, 0x00, 0x00, 0x00, 0x00, 0x00, 0x04, 0xFF, 0xD1, 0x00, 0x00, 0x00, 0x00,
    0x00, 0x2E, 0xFF, 0x30, 0x00, 0x00, 0x00, 0x00, 0x00, 0xCF, 0xF6, 0x00, 0x00, 0x00, 0x00, 0x00,
    0x09, 0xFF, 0x90, 0x00, 0x00, 0x00, 0x00, 0x00, 0x6F, 0xFB, 0x00, 0x00, 0x00, 0x00, 0x00, 0x00,
    0xCF, 0xFF, 0xFF, 0xFF, 0xFF, 0xFF, 0xFF, 0xFA, 0xCF, 0xFF, 0xFF, 0xFF, 0xFF, 0xFF, 0xFF, 0xFA,
    0x00, 0xDD, 0x10, 0x04, 0xF9, 0x00, 0x00, 0x4F, 0x90, 0x1D, 0xE1, 0x00, 0x00, 0x0A, 0xF5, 0x9F,
    0x50, 0x00, 0x00, 0x01, 0xEE, 0xFB, 0x00, 0x00, 0x00, 0x00, 0x6F, 0xE2, 0x00, 0x00, 0x00, 0x00,
    0x00, 0x00, 0x00, 0x00, 0x00, 0x00, 0x00, 0x00, 0x00, 0x00, 0x8F, 0xFF, 0xFF, 0xFF, 0xFF, 0xF8,
    0x8F, 0xFF, 0xFF, 0xFF, 0xFF, 0xF8, 0x00, 0x00, 0x00, 0x00, 0x8F, 0xE3, 0x00, 0x00, 0x00, 0x06,
    0xFF, 0x40, 0x00, 0x00, 0x00, 0x5F, 0xF6, 0x00, 0x00, 0x00, 0x03, 0xEF, 0x80, 0x00, 0x00, 0x00,
    0x2E, 0xF9, 0x00, 0x00, 0x00, 0x01, 0xDF, 0xB0, 0x00, 0x00, 0x00, 0x1C, 0xFC, 0x10, 0x00, 0x00,
    0x00, 0xBF, 0xD1, 0x00, 0x00, 0x00, 0x09, 0xFE, 0x20, 0x00, 0x00, 0x00, 0x8F, 0xF3, 0x00, 0x00,
    0x00, 0x00, 0xDF, 0xFF, 0xFF, 0xFF, 0xFF, 0xF8, 0xDF, 0xFF, 0xFF, 0xFF, 0xFF, 0xF8, 0x00, 0x00,
    0x4B, 0xEF, 0xFA, 0x00, 0x04, 0xFF, 0xFF, 0xFA, 0x00, 0x0C, 0xFB, 0x20, 0x00, 0x00, 0x1F, 0xF4,
    0x00, 0x00, 0x00, 0x2F, 0xF3, 0x00, 0x00, 0x00, 0x3F, 0xF3, 0x00, 0x00, 0x6F, 0xFF, 0xF3, 0x00,
    0x00, 0x6F, 0xFF, 0xF3, 0x00, 0x00, 0x00, 0x3F, 0xF3, 0x00, 0x00, 0x00, 0x3F, 0xF3, 0x00, 0x00,
    0x00, 0x3F, 0xF3, 0x00, 0x00, 0x00, 0x3F, 0xF3, 0x00, 0x00, 0x00, 0x3F, 0xF3, 0x00, 0x00, 0x00,
    0x3F, 0xF3, 0x00, 0x00, 0x00, 0x3F, 0xF3, 0x00, 0x00, 0x00, 0x3F, 0xF3, 0x00, 0x00, 0x00, 0x3F,
    0xF3, 0x00, 0x00, 0x00, 0x3F, 0xF3, 0x00, 0x00, 0x00, 0x3F, 0xF3, 0x00, 0x00, 0x00, 0x3F, 0xF3,
    0x00, 0x00, 0xBF, 0xFF, 0xFF, 0xFF, 0xFF, 0xB0, 0xBF, 0xFF, 0xFF, 0xFF, 0xFF, 0xB0, 0xBF, 0xFF,
    0xFF, 0xFF, 0xFF, 0xFF, 0xFF, 0xFF, 0xFF, 0xFF, 0xFF, 0xFB, 0xBF, 0xFF, 0xFF, 0xFF, 0xFF, 0xFF,
    0xFF, 0xFF, 0xFF, 0xFF, 0xFF, 0xFB, 0xFF, 0xB0, 0x00, 0x00, 0x5F, 0xF5, 0x00, 0x00, 0x0B, 0xFF,
    0xFF, 0xB0, 0x00, 0x00, 0x5F, 0xF5, 0x00, 0x00, 0x0B, 0xFF, 0xFF, 0xB0, 0x00, 0x00, 0x5F, 0xF5,
    0x00, 0x00, 0x0B, 0xFF, 0x00, 0x00, 0x00, 0x39, 0xDE, 0xEC, 0x71, 0x00, 0x00, 0x00, 0x1A, 0xFF,
    0xFF, 0xFF, 0xFE, 0x40, 0x00, 0x00, 0xBF, 0xFA, 0x41, 0x13, 0xAF, 0xC0, 0x00, 0x06, 0xFF, 0x80,
    0x00, 0x00, 0x07, 0xC0, 0x00, 0x0D, 0xFC, 0x00, 0x00, 0x00, 0x00, 0x60, 0x00, 0x3F, 0xF6, 0x00,
    0x00, 0x00, 0x00, 0x00, 0x7F, 0xFF, 0xFF, 0xFF, 0xFF, 0xFF, 0x60, 0x00, 0xCF, 0xFF, 0xFF, 0xFF,
    0xFF, 0xFF, 0x10, 0x00, 0x00, 0x8F, 0xF0, 0x00, 0x00, 0x00, 0x00, 0x00, 0x00, 0x8F, 0xF0, 0x00,
    0x00, 0x00, 0x00, 0x00, 0x00, 0x8F, 0xF0, 0x00, 0x00, 0x00, 0x00, 0x00, 0x7F, 0xFF, 0xFF, 0xFF,
    0xFF, 0x80, 0x00, 0x00, 0xCF, 0xFF, 0xFF, 0xFF, 0xFF, 0x30, 0x00, 0x00, 0x00, 0x3F, 0xF6, 0x00,
    0x00, 0x00, 0x00, 0x00, 0x00, 0x0D, 0xFC, 0x00, 0x00, 0x00, 0x00, 0x60, 0x00, 0x07, 0xFF, 0x80,
    0x00, 0x00, 0x07, 0xC0, 0x00, 0x00, 0xBF, 0xFA, 0x41, 0x13, 0xAF, 0xC0, 0x00, 0x00, 0x1A, 0xFF,
    0xFF, 0xFF, 0xFE, 0x40, 0x00, 0x00, 0x00, 0x49, 0xDE, 0xEC, 0x71, 0x00, 0x00, 0x00, 0x5B, 0x10,
    0x00, 0x00, 0x00, 0x00, 0x00, 0x00, 0x00, 0x06, 0xFF, 0x70, 0x00, 0x00, 0x00, 0x00, 0x00, 0x00,
    0x00, 0x8F, 0xF8, 0x00, 0x00, 0x00, 0x00, 0x00, 0x00, 0x00, 0x09, 0xFF, 0x60, 0x00, 0x00, 0x00,
    0x00, 0x00, 0x00, 0x00, 0x9F, 0xFF, 0xFF, 0xFF, 0xFF, 0xFF, 0xFF, 0xFF, 0xFF, 0xF4, 0x9F, 0xFF,
    0xFF, 0xFF, 0xFF, 0xFF, 0xFF, 0xFF, 0xFF, 0xF4, 0x0A, 0xFF, 0x60, 0x00, 0x00, 0x00, 0x00, 0x00,
    0x00, 0x00, 0x00, 0x8F, 0xF8, 0x00, 0x00, 0x00, 0x00, 0x00, 0x00, 0x00, 0x00, 0x06, 0xFF, 0x70,
    0x00, 0x00, 0x00, 0x00, 0x00, 0x00, 0x00, 0x00, 0x5B, 0x10, 0x00, 0x00, 0x00, 0x00, 0x00, 0x00,
    0x00, 0x00, 0x3E, 0xD2, 0x00, 0x00, 0x00, 0x03, 0xEF, 0xFD, 0x20, 0x00, 0x00, 0x3E, 0xFF, 0xFF,
    0xD1, 0x00, 0x03, 0xEF, 0xEF, 0xFE, 0xFD, 0x10, 0x4E, 0xFC, 0x4F, 0xF3, 0xEF, 0xD1, 0x4E, 0xC1,
    0x3F, 0xF0, 0x3E, 0xD1, 0x03, 0x10, 0x3F, 0xF0, 0x03, 0x10, 0x00, 0x00, 0x3F, 0xF0, 0x00, 0x00,
    0x00, 0x00, 0x3F, 0xF0, 0x00, 0x00, 0x00, 0x00, 0x3F, 0xF0, 0x00, 0x00, 0x00, 0x00, 0x3F, 0xF0,
    0x00, 0x00, 0x00, 0x00, 0x3F, 0xF0, 0x00, 0x00, 0x00, 0x00, 0x3F, 0xF0, 0x00, 0x00, 0x00, 0x00,
    0x3F, 0xF0, 0x00, 0x00, 0x00, 0x00, 0x3F, 0xF0, 0x00, 0x00, 0x00, 0x00, 0x3F, 0xF0, 0x00, 0x00,
    0x00, 0x00, 0x3F, 0xF0, 0x00, 0x00, 0x00, 0x00, 0x3F, 0xF0, 0x00, 0x00, 0x00, 0x00, 0x3F, 0xF0,
    0x00, 0x00, 0x00, 0x00, 0x00, 0x00, 0x00, 0x00, 0x02, 0xC3, 0x00, 0x00, 0x00, 0x00, 0x00, 0x00,
    0x00, 0x00, 0x0A, 0xFE, 0x40, 0x00, 0x00, 0x00, 0x00, 0x00, 0x00, 0x00, 0x01, 0xAF, 0xF5, 0x00,
    0x00, 0x00, 0x00, 0x00, 0x00, 0x00, 0x00, 0x09, 0xFF, 0x70, 0x8F, 0xFF, 0xFF, 0xFF, 0xFF, 0xFF,
    0xFF, 0xFF, 0xFF, 0xF6, 0x8F, 0xFF, 0xFF, 0xFF, 0xFF, 0xFF, 0xFF, 0xFF, 0xFF, 0xF6, 0x00, 0x00,
    0x00, 0x00, 0x00, 0x00, 0x00, 0x09, 0xFF, 0x70, 0x00, 0x00, 0x00, 0x00, 0x00, 0x00, 0x00, 0xAF,
    0xF5, 0x00, 0x00, 0x00, 0x00, 0x00, 0x00, 0x00, 0x0A, 0xFE, 0x40, 0x00, 0x00, 0x00, 0x00, 0x00,
    0x00, 0x00, 0x02, 0xC3, 0x00, 0x00, 0x00, 0x00, 0x3F, 0xF0, 0x00, 0x00, 0x00, 0x00, 0x3F, 0xF0,
    0x00, 0x00, 0x00, 0x00, 0x3F, 0xF0, 0x00, 0x00, 0x00, 0x00, 0x3F, 0xF0, 0x00, 0x00, 0x00, 0x00,
    0x3F, 0xF0, 0x00, 0x00, 0x00, 0x00, 0x3F, 0xF0, 0x00, 0x00, 0x00, 0x00, 0x3F, 0xF0, 0x00, 0x00,
    0x00, 0x00, 0x3F, 0xF0, 0x00, 0x00, 0x00, 0x00, 0x3F, 0xF0, 0x00, 0x00, 0x00, 0x00, 0x3F, 0xF0,
    0x00, 0x00, 0x00, 0x00, 0x3F, 0xF0, 0x00, 0x00, 0x00, 0x00, 0x3F, 0xF0, 0x00, 0x00, 0x03, 0x10,
    0x3F, 0xF0, 0x03, 0x10, 0x3E, 0xC1, 0x3F, 0xF0, 0x3E, 0xD1, 0x4E, 0xFC, 0x4F, 0xF3, 0xEF, 0xD1,
    0x04, 0xEF, 0xEF, 0xFE, 0xFD, 0x10, 0x00, 0x3E, 0xFF, 0xFF, 0xD2, 0x00, 0x00, 0x03, 0xEF, 0xFD,
    0x20, 0x00, 0x00, 0x00, 0x3E, 0xD2, 0x00, 0x00,
};

static const gfx_glyph_t s_glyphs[] = {
    { 0x0020, 0, 0, 0, 0, 0, 8 },
    { 0x0021, 0, 4, 19, 3, -19, 10 },
    { 0x0022, 38, 8, 7, 2, -19, 12 },
    { 0x0023, 66, 18, 18, 2, -18, 22 },
    { 0x0024, 228, 13, 24, 2, -20, 17 },
    { 0x0025, 396, 23, 19, 1, -19, 25 },
    { 0x0026, 624, 19, 19, 1, -19, 20 },
    { 0x0027, 814, 3, 7, 2, -19, 7 },
    { 0x0028, 828, 6, 23, 2, -20, 10 },
    { 0x0029, 897, 6, 23, 2, -20, 10 },
    { 0x002A, 966, 13, 12, 0, -19, 13 },
    { 0x002B, 1050, 17, 16, 2, -16, 22 },
    { 0x002C, 1194, 4, 6, 2, -3, 8 },
    { 0x002D, 1206, 8, 2, 1, -8, 9 },
    { 0x002E, 1214, 4, 3, 2, -3, 8 },
    { 0x002F, 1220, 9, 21, 0, -19, 9 },
    { 0x0030, 1325, 14, 19, 1, -19, 17 },
    { 0x0031, 1458, 13, 19, 2, -19, 17 },
    { 0x0032, 1591, 13, 19, 1, -19, 17 },
    { 0x0033, 1724, 13, 19, 2, -19, 17 },
    { 0x0034, 1857, 15, 19, 1, -19, 17 },
    { 0x0035, 2009, 13, 19, 2, -19, 17 },
    { 0x0036, 2142, 14, 19, 1, -19, 17 },
    { 0x0037, 2275, 13, 19, 2, -19, 17 },
    { 0x0038, 2408, 14, 19, 1, -19, 17 },
    { 0x0039, 2541, 14, 19, 1, -19, 17 },
    { 0x003A, 2674, 3, 13, 3, -13, 9 },
    { 0x003B, 2700, 4, 16, 2, -13, 9 },
    { 0x003C, 2732, 17, 14, 2, -15, 22 },
    { 0x003D, 2858, 17, 7, 2, -12, 22 },
    { 0x003E, 2921, 17, 14, 2, -15, 22 },
    { 0x003F, 3047, 11, 19, 1, -19, 14 },
    { 0x0040, 3161, 24, 23, 1, -18, 26 },
    { 0x0041, 3437, 18, 19, 0, -19, 18 },
    { 0x0042, 3608, 14, 19, 2, -19, 18 },
    { 0x0043, 3741, 16, 19, 1, -19, 18 },
    { 0x0044, 3893, 17, 19, 2, -19, 20 },
    { 0x0045, 4064, 13, 19, 2, -19, 16 },
    { 0x0046, 4197, 12, 19, 2, -19, 15 },
    { 0x0047, 4311, 17, 19, 1, -19, 20 },
    { 0x0048, 4482, 15, 19, 2, -19, 20 },
    { 0x0049, 4634, 4, 19, 2, -19, 8 },
    { 0x004A, 4672, 8, 24, -2, -19, 8 },
    { 0x004B, 4768, 16, 19, 2, -19, 17 },
    { 0x004C, 4920, 13, 19, 2, -19, 14 },
    { 0x004D, 5053, 18, 19, 2, -19, 22 },
    { 0x004E, 5224, 15, 19, 2, -19, 19 },
    { 0x004F, 5376, 18, 19, 1, -19, 20 },
    { 0x0050, 5547, 13, 19, 2, -19, 16 },
    { 0x0051, 5680, 18, 22, 1, -19, 20 },
    { 0x0052, 5878, 16, 19, 2, -19, 18 },
    { 0x0053, 6030, 15, 19, 1, -19, 17 },
    { 0x0054, 6182, 17, 19, -1, -19, 16 },
    { 0x0055, 6353, 15, 19, 2, -19, 19 },
    { 0x0056, 6505, 18, 19, 0, -19, 18 },
    { 0x0057, 6676, 25, 19, 0, -19, 26 },
    { 0x0058, 6923, 16, 19, 1, -19, 18 },
    { 0x0059, 7075, 16, 19, 0, -19, 16 },
    { 0x005A, 7227, 16, 19, 1, -19, 18 },
    { 0x005B, 7379, 6, 23, 2, -20, 10 },
    { 0x005C, 7448, 9, 21, 0, -19, 9 },
    { 0x005D, 7553, 6, 23, 2, -20, 10 },
    { 0x005E, 7622, 16, 7, 3, -19, 22 },
    { 0x005F, 7678, 15, 2, -1, 4, 13 },
    { 0x0060, 7694, 7, 5, 2, -21, 13 },
    { 0x0061, 7714, 13, 14, 1, -14, 16 },
    { 0x0062, 7812, 14, 20, 2, -20, 17 },
    { 0x0063, 7952, 12, 14, 1, -14, 14 },
    { 0x0064, 8036, 14, 20, 1, -20, 17 },
    { 0x0065, 8176, 14, 14, 1, -14, 16 },
    { 0x0066, 8274, 10, 20, 0, -20, 9 },
    { 0x0067, 8374, 14, 19, 1, -14, 17 },
    { 0x0068, 8507, 13, 20, 2, -20, 16 },
    { 0x0069, 8647, 3, 20, 2, -20, 7 },
    { 0x006A, 8687, 6, 25, -1, -20, 7 },
    { 0x006B, 8762, 13, 20, 2, -20, 15 },
    { 0x006C, 8902, 3, 20, 2, -20, 7 },
    { 0x006D, 8942, 22, 14, 2, -14, 25 },
    { 0x006E, 9096, 13, 14, 2, -14, 16 },
    { 0x006F, 9194, 14, 14, 1, -14, 16 },
    { 0x0070, 9292, 14, 19, 2, -14, 17 },
    { 0x0071, 9425, 14, 19, 1, -14, 17 },
    { 0x0072, 9558, 9, 14, 2, -14, 11 },
    { 0x0073, 9628, 12, 14, 1, -14, 14 },
    { 0x0074, 9712, 10, 18, 0, -18, 10 },
    { 0x0075, 9802, 13, 14, 2, -14, 16 },
    { 0x0076, 9900, 15, 14, 0, -14, 15 },
    { 0x0077, 10012, 20, 14, 1, -14, 21 },
    { 0x0078, 10152, 15, 14, 0, -14, 15 },
    { 0x0079, 10264, 15, 19, 0, -14, 15 },
    { 0x007A, 10416, 12, 14, 1, -14, 14 },
    { 0x007B, 10500, 11, 24, 3, -20, 17 },
    { 0x007C, 10644, 3, 26, 3, -20, 9 },
    { 0x007D, 10696, 11, 24, 3, -20, 17 },
    { 0x007E, 10840, 17, 5, 2, -11, 22 },
    { 0x00A0, 10885, 0, 0, 0, 0, 8 },
    { 0x00A1, 10885, 4, 19, 3, -14, 10 },
    { 0x00A2, 10923, 12, 22, 2, -18, 17 },
    { 0x00A3, 11055, 14, 19, 1, -19, 17 },
    { 0x00A4, 11188, 15, 15, 1, -16, 17 },
    { 0x00A5, 11308, 15, 19, 1, -19, 17 },
    { 0x00A6, 11460, 3, 23, 3, -19, 9 },
    { 0x00A7, 11506, 11, 21, 1, -19, 13 },
    { 0x00A8, 11632, 9, 3, 2, -20, 13 },
    { 0x00A9, 11647, 20, 19, 3, -19, 26 },
    { 0x00AA, 11837, 10, 12, 1, -19, 12 },
    { 0x00AB, 11897, 12, 12, 2, -13, 16 },
    { 0x00AC, 11969, 17, 7, 2, -11, 22 },
    { 0x00AD, 12032, 8, 2, 1, -8, 9 },
    { 0x00AE, 12040, 20, 19, 3, -19, 26 },
    { 0x00AF, 12230, 9, 2, 2, -19, 13 },
    { 0x00B0, 12240, 9, 8, 2, -19, 13 },
    { 0x00B1, 12280, 17, 16, 2, -16, 22 },
    { 0x00B2, 12424, 8, 11, 1, -19, 10 },
    { 0x00B3, 12468, 9, 11, 1, -19, 10 },
    { 0x00B4, 12523, 7, 5, 4, -21, 13 },
    { 0x00B5, 12543, 14, 19, 2, -14, 17 },
    { 0x00B6, 12676, 12, 22, 2, -19, 17 },
    { 0x00B7, 12808, 4, 3, 2, -11, 8 },
    { 0x00B8, 12814, 6, 5, 3, 0, 13 },
    { 0x00B9, 12829, 8, 11, 1, -19, 10 },
    { 0x00BA, 12873, 10, 12, 1, -19, 12 },
    { 0x00BB, 12933, 12, 12, 2, -13, 16 },
    { 0x00BC, 13005, 24, 19, 1, -19, 25 },
    { 0x00BD, 13233, 23, 19, 1, -19, 25 },
    { 0x00BE, 13461, 24, 19, 1, -19, 25 },
    { 0x00BF, 13689, 11, 19, 1, -14, 14 },
    { 0x00C0, 13803, 18, 24, 0, -24, 18 },
    { 0x00C1, 14019, 18, 24, 0, -24, 18 },
    { 0x00C2, 14235, 18, 24, 0, -24, 18 },
    { 0x00C3, 14451, 18, 24, 0, -24, 18 },
    { 0x00C4, 14667, 18, 24, 0, -24, 18 },
    { 0x00C5, 14883, 18, 24, 0, -24, 18 },
    { 0x00C6, 15099, 24, 19, 0, -19, 25 },
    { 0x00C7, 15327, 16, 24, 1, -19, 18 },
    { 0x00C8, 15519, 13, 24, 2, -24, 16 },
    { 0x00C9, 15687, 13, 24, 2, -24, 16 },
    { 0x00CA, 15855, 13, 24, 2, -24, 16 },
    { 0x00CB, 16023, 13, 24, 2, -24, 16 },
    { 0x00CC, 16191, 5, 24, 1, -24, 8 },
    { 0x00CD, 16263, 5, 24, 2, -24, 8 },
    { 0x00CE, 16335, 8, 24, 0, -24, 8 },
    { 0x00CF, 16431, 8, 24, 0, -24, 8 },
    { 0x00D0, 16527, 19, 19, 0, -19, 20 },
    { 0x00D1, 16717, 15, 24, 2, -24, 19 },
    { 0x00D2, 16909, 18, 24, 1, -24, 20 },
    { 0x00D3, 17125, 18, 24, 1, -24, 20 },
    { 0x00D4, 17341, 18, 24, 1, -24, 20 },
    { 0x00D5, 17557, 18, 24, 1, -24, 20 },
    { 0x00D6, 17773, 18, 24, 1, -24, 20 },
    { 0x00D7, 17989, 16, 15, 3, -16, 22 },
    { 0x00D8, 18109, 18, 21, 1, -20, 20 },
    { 0x00D9, 18298, 15, 24, 2, -24, 19 },
    { 0x00DA, 18490, 15, 24, 2, -24, 19 },
    { 0x00DB, 18682, 15, 24, 2, -24, 19 },
    { 0x00DC, 18874, 15, 24, 2, -24, 19 },
    { 0x00DD, 19066, 16, 24, 0, -24, 16 },
    { 0x00DE, 19258, 13, 19, 2, -19, 16 },
    { 0x00DF, 19391, 14, 20, 2, -20, 16 },
    { 0x00E0, 19531, 13, 21, 1, -21, 16 },
    { 0x00E1, 19678, 13, 21, 1, -21, 16 },
    { 0x00E2, 19825, 13, 21, 1, -21, 16 },
    { 0x00E3, 19972, 13, 20, 1, -20, 16 },
    { 0x00E4, 20112, 13, 20, 1, -20, 16 },
    { 0x00E5, 20252, 13, 23, 1, -23, 16 },
    { 0x00E6, 20413, 24, 14, 1, -14, 26 },
    { 0x00E7, 20581, 12, 19, 1, -14, 14 },
    { 0x00E8, 20695, 14, 21, 1, -21, 16 },
    { 0x00E9, 20842, 14, 21, 1, -21, 16 },
    { 0x00EA, 20989, 14, 21, 1, -21, 16 },
    { 0x00EB, 21136, 14, 20, 1, -20, 16 },
    { 0x00EC, 21276, 7, 21, -1, -21, 7 },
    { 0x00ED, 21360, 6, 21, 2, -21, 7 },
    { 0x00EE, 21423, 9, 21, -1, -21, 7 },
    { 0x00EF, 21528, 9, 20, -1, -20, 7 },
    { 0x00F0, 21628, 14, 20, 1, -20, 16 },
    { 0x00F1, 21768, 13, 20, 2, -20, 16 },
    { 0x00F2, 21908, 14, 21, 1, -21, 16 },
    { 0x00F3, 22055, 14, 21, 1, -21, 16 },
    { 0x00F4, 22202, 14, 21, 1, -21, 16 },
    { 0x00F5, 22349, 14, 20, 1, -20, 16 },
    { 0x00F6, 22489, 14, 20, 1, -20, 16 },
    { 0x00F7, 22629, 17, 12, 2, -14, 22 },
    { 0x00F8, 22737, 14, 16, 1, -15, 16 },
    { 0x00F9, 22849, 13, 21, 2, -21, 16 },
    { 0x00FA, 22996, 13, 21, 2, -21, 16 },
    { 0x00FB, 23143, 13, 21, 2, -21, 16 },
    { 0x00FC, 23290, 13, 20, 2, -20, 16 },
    { 0x00FD, 23430, 15, 26, 0, -21, 15 },
    { 0x00FE, 23638, 14, 25, 2, -20, 17 },
    { 0x00FF, 23813, 15, 25, 0, -20, 15 },
    { 0x0100, 24013, 18, 23, 0, -23, 18 },
    { 0x0101, 24220, 13, 19, 1, -19, 16 },
    { 0x0102, 24353, 18, 25, 0, -25, 18 },
    { 0x0103, 24578, 13, 20, 1, -20, 16 },
    { 0x0104, 24718, 19, 24, 0, -19, 18 },
    { 0x0105, 24958, 14, 19, 1, -14, 16 },
    { 0x0106, 25091, 16, 24, 1, -24, 18 },
    { 0x0107, 25283, 12, 21, 1, -21, 14 },
    { 0x0108, 25409, 16, 24, 1, -24, 18 },
    { 0x0109, 25601, 12, 21, 1, -21, 14 },
    { 0x010A, 25727, 16, 24, 1, -24, 18 },
    { 0x010B, 25919, 12, 20, 1, -20, 14 },
    { 0x010C, 26039, 16, 24, 1, -24, 18 },
    { 0x010D, 26231, 12, 21, 1, -21, 14 },
    { 0x010E, 26357, 17, 24, 2, -24, 20 },
    { 0x010F, 26573, 18, 20, 1, -20, 17 },
    { 0x0110, 26753, 19, 19, 0, -19, 20 },
    { 0x0111, 26943, 16, 20, 1, -20, 17 },
    { 0x0112, 27103, 13, 23, 2, -23, 16 },
    { 0x0113, 27264, 14, 19, 1, -19, 16 },
    { 0x0114, 27397, 13, 24, 2, -24, 16 },
    { 0x0115, 27565, 14, 21, 1, -21, 16 },
    { 0x0116, 27712, 13, 24, 2, -24, 16 },
    { 0x0117, 27880, 14, 20, 1, -20, 16 },
    { 0x0118, 28020, 13, 24, 2, -19, 16 },
    { 0x0119, 28188, 14, 19, 1, -14, 16 },
    { 0x011A, 28321, 13, 24, 2, -24, 16 },
    { 0x011B, 28489, 14, 21, 1, -21, 16 },
    { 0x011C, 28636, 17, 24, 1, -24, 20 },
    { 0x011D, 28852, 14, 26, 1, -21, 17 },
    { 0x011E, 29034, 17, 24, 1, -24, 20 },
    { 0x011F, 29250, 14, 26, 1, -21, 17 },
    { 0x0120, 29432, 17, 24, 1, -24, 20 },
    { 0x0121, 29648, 14, 25, 1, -20, 17 },
    { 0x0122, 29823, 17, 25, 1, -19, 20 },
    { 0x0123, 30048, 14, 25, 1, -20, 17 },
    { 0x0124, 30223, 15, 24, 2, -24, 20 },
    { 0x0125, 30415, 16, 24, -1, -24, 16 },
    { 0x0126, 30607, 20, 19, 2, -19, 24 },
    { 0x0127, 30797, 14, 20, 1, -20, 18 },
    { 0x0128, 30937, 9, 24, -1, -24, 8 },
    { 0x0129, 31057, 9, 20, -1, -20, 7 },
    { 0x012A, 31157, 8, 23, 0, -23, 8 },
    { 0x012B, 31249, 9, 19, -1, -19, 7 },
    { 0x012C, 31344, 9, 24, -1, -24, 8 },
    { 0x012D, 31464, 9, 21, -1, -21, 7 },
    { 0x012E, 31569, 5, 24, 2, -19, 8 },
    { 0x012F, 31641, 6, 25, 1, -20, 7 },
    { 0x0130, 31716, 4, 24, 2, -24, 8 },
    { 0x0131, 31764, 3, 14, 2, -14, 7 },
    { 0x0132, 31792, 11, 24, 2, -19, 15 },
    { 0x0133, 31936, 10, 25, 2, -20, 14 },
    { 0x0134, 32061, 10, 29, -2, -24, 8 },
    { 0x0135, 32206, 9, 26, -1, -21, 7 },
    { 0x0136, 32336, 16, 25, 2, -19, 17 },
    { 0x0137, 32536, 13, 26, 2, -20, 15 },
    { 0x0138, 32718, 13, 14, 2, -14, 15 },
    { 0x0139, 32816, 13, 24, 2, -24, 14 },
    { 0x013A, 32984, 6, 24, 2, -24, 7 },
    { 0x013B, 33056, 13, 25, 2, -19, 14 },
    { 0x013C, 33231, 5, 26, 1, -20, 7 },
    { 0x013D, 33309, 13, 19, 2, -19, 14 },
    { 0x013E, 33442, 8, 20, 2, -20, 10 },
    { 0x013F, 33522, 13, 19, 2, -19, 14 },
    { 0x0140, 33655, 7, 20, 2, -20, 9 },
    { 0x0141, 33735, 15, 19, 0, -19, 15 },
    { 0x0142, 33887, 8, 20, 0, -20, 7 },
    { 0x0143, 33967, 15, 24, 2, -24, 19 },
    { 0x0144, 34159, 13, 21, 2, -21, 16 },
    { 0x0145, 34306, 15, 25, 2, -19, 19 },
    { 0x0146, 34506, 13, 20, 2, -14, 16 },
    { 0x0147, 34646, 15, 24, 2, -24, 19 },
    { 0x0148, 34838, 13, 21, 2, -21, 16 },
    { 0x0149, 34985, 17, 19, 2, -19, 21 },
    { 0x014A, 35156, 15, 24, 2, -19, 19 },
    { 0x014B, 35348, 13, 20, 2, -14, 16 },
    { 0x014C, 35488, 18, 23, 1, -23, 20 },
    { 0x014D, 35695, 14, 19, 1, -19, 16 },
    { 0x014E, 35828, 18, 24, 1, -24, 20 },
    { 0x014F, 36044, 14, 21, 1, -21, 16 },
    { 0x0150, 36191, 18, 24, 1, -24, 20 },
    { 0x0151, 36407, 14, 21, 1, -21, 16 },
    { 0x0152, 36554, 26, 19, 1, -19, 28 },
    { 0x0153, 36801, 25, 14, 1, -14, 27 },
    { 0x0154, 36983, 16, 24, 2, -24, 18 },
    { 0x0155, 37175, 10, 21, 2, -21, 11 },
    { 0x0156, 37280, 16, 25, 2, -19, 18 },
    { 0x0157, 37480, 10, 20, 1, -14, 11 },
    { 0x0158, 37580, 16, 24, 2, -24, 18 },
    { 0x0159, 37772, 9, 21, 2, -21, 11 },
    { 0x015A, 37877, 15, 24, 1, -24, 17 },
    { 0x015B, 38069, 12, 21, 1, -21, 14 },
    { 0x015C, 38195, 15, 24, 1, -24, 17 },
    { 0x015D, 38387, 12, 21, 1, -21, 14 },
    { 0x015E, 38513, 15, 24, 1, -19, 17 },
    { 0x015F, 38705, 12, 19, 1, -14, 14 },
    { 0x0160, 38819, 15, 24, 1, -24, 17 },
    { 0x0161, 39011, 12, 21, 1, -21, 14 },
    { 0x0162, 39137, 17, 24, -1, -19, 16 },
    { 0x0163, 39353, 10, 23, 0, -18, 10 },
    { 0x0164, 39468, 17, 24, -1, -24, 16 },
    { 0x0165, 39684, 10, 21, 0, -21, 10 },
    { 0x0166, 39789, 17, 19, -1, -19, 16 },
    { 0x0167, 39960, 10, 18, 0, -18, 10 },
    { 0x0168, 40050, 15, 24, 2, -24, 19 },
    { 0x0169, 40242, 13, 20, 2, -20, 16 },
    { 0x016A, 40382, 15, 23, 2, -23, 19 },
    { 0x016B, 40566, 13, 19, 2, -19, 16 },
    { 0x016C, 40699, 15, 24, 2, -24, 19 },
    { 0x016D, 40891, 13, 21, 2, -21, 16 },
    { 0x016E, 41038, 15, 24, 2, -24, 19 },
    { 0x016F, 41230, 13, 22, 2, -22, 16 },
    { 0x0170, 41384, 15, 24, 2, -24, 19 },
    { 0x0171, 41576, 13, 21, 2, -21, 16 },
    { 0x0172, 41723, 15, 24, 2, -19, 19 },
    { 0x0173, 41915, 14, 19, 2, -14, 16 },
    { 0x0174, 42048, 25, 24, 0, -24, 26 },
    { 0x0175, 42360, 20, 21, 1, -21, 21 },
    { 0x0176, 42570, 16, 24, 0, -24, 16 },
    { 0x0177, 42762, 15, 26, 0, -21, 15 },
    { 0x0178, 42970, 16, 24, 0, -24, 16 },
    { 0x0179, 43162, 16, 24, 1, -24, 18 },
    { 0x017A, 43354, 12, 21, 1, -21, 14 },
    { 0x017B, 43480, 16, 24, 1, -24, 18 },
    { 0x017C, 43672, 12, 20, 1, -20, 14 },
    { 0x017D, 43792, 16, 24, 1, -24, 18 },
    { 0x017E, 43984, 12, 21, 1, -21, 14 },
    { 0x017F, 44110, 10, 20, 0, -20, 9 },
    { 0x2013, 44210, 11, 2, 1, -8, 13 },
    { 0x2014, 44222, 24, 2, 1, -8, 26 },
    { 0x2026, 44246, 20, 3, 3, -3, 26 },
    { 0x20AC, 44276, 15, 19, 0, -19, 17 },
    { 0x2190, 44428, 20, 10, 1, -13, 22 },
    { 0x2191, 44528, 12, 19, 5, -19, 22 },
    { 0x2192, 44642, 20, 10, 1, -13, 22 },
    { 0x2193, 44742, 12, 19, 5, -19, 22 },
};

const gfx_font_t gfx_font_t5_sans_26 = { s_bitmap, s_glyphs, 327, 25, 32, 4 };
